{"credit":"Made with Blockbench","textures":{"2":"ebwizardry:custom/texturedasteaxess","3":"ebwizardry:custom/raddadste","4":"ebwizardry:custom/fire_0","5":"ebwizardry:custom/flaming_axe","particle":"ebwizardry:custom/texturedasteaxess"},"elements":[{"from":[8,-4,7],"to":[9,-1.5,8],"rotation":{"angle":0,"axis":"y","origin":[8.5,-2.75,7.5]},"faces":{"north":{"uv":[0,0,16,16],"texture":"#3"},"east":{"uv":[0,0,16,16],"texture":"#3"},"south":{"uv":[0,0,16,16],"texture":"#3"},"west":{"uv":[0,0,16,16],"texture":"#3"},"up":{"uv":[0,0,16,16],"texture":"#3"},"down":{"uv":[0,0,16,16],"texture":"#3"}}},{"from":[8,3,7],"to":[9,11.5,8],"rotation":{"angle":0,"axis":"y","origin":[8.5,7.25,7.5]},"faces":{"north":{"uv":[0,0,16,16],"texture":"#3"},"east":{"uv":[0,0,16,16],"texture":"#3"},"south":{"uv":[0,0,16,16],"texture":"#3"},"west":{"uv":[0,0,16,16],"texture":"#3"},"up":{"uv":[0,0,16,16],"texture":"#3"},"down":{"uv":[0,0,16,16],"texture":"#3"}}},{"from":[7.8,9.95,7.2],"to":[9.2,10.55,7.8],"rotation":{"angle":45,"axis":"x","origin":[8.5,10.25,7.5]},"faces":{"north":{"uv":[0,0,16,16],"texture":"#3"},"east":{"uv":[0,0,16,16],"texture":"#3"},"south":{"uv":[0,0,16,16],"texture":"#3"},"west":{"uv":[0,0,16,16],"texture":"#3"},"up":{"uv":[0,0,16,16],"texture":"#3"},"down":{"uv":[0,0,16,16],"texture":"#3"}}},{"from":[7.8,8.95,7.2],"to":[9.2,9.55,7.8],"rotation":{"angle":45,"axis":"x","origin":[8.5,9.25,7.5]},"faces":{"north":{"uv":[0,0,16,16],"texture":"#3"},"east":{"uv":[0,0,16,16],"texture":"#3"},"south":{"uv":[0,0,16,16],"texture":"#3"},"west":{"uv":[0,0,16,16],"texture":"#3"},"up":{"uv":[0,0,16,16],"texture":"#3"},"down":{"uv":[0,0,16,16],"texture":"#3"}}},{"from":[7.8,7.95,7.2],"to":[9.2,8.55,7.8],"rotation":{"angle":45,"axis":"x","origin":[8.5,8.25,7.5]},"faces":{"north":{"uv":[0,0,16,16],"texture":"#3"},"east":{"uv":[0,0,16,16],"texture":"#3"},"south":{"uv":[0,0,16,16],"texture":"#3"},"west":{"uv":[0,0,16,16],"texture":"#3"},"up":{"uv":[0,0,16,16],"texture":"#3"},"down":{"uv":[0,0,16,16],"texture":"#3"}}},{"from":[7.75,10,7.25],"to":[9.25,10.5,7.75],"rotation":{"angle":45,"axis":"x","origin":[8.5,10.25,7.5]},"faces":{"north":{"uv":[10,5,11.998,6.998],"rotation":90,"texture":"#5"},"east":{"uv":[10,5,11.998,6.998],"rotation":90,"texture":"#5"},"south":{"uv":[10,5,11.998,6.998],"rotation":90,"texture":"#5"},"west":{"uv":[10,5,11.998,6.998],"rotation":90,"texture":"#5"},"up":{"uv":[10,5,11.998,6.998],"rotation":90,"texture":"#5"},"down":{"uv":[10,5,11.998,6.998],"rotation":90,"texture":"#5"}}},{"from":[7.75,9,7.25],"to":[9.25,9.5,7.75],"rotation":{"angle":45,"axis":"x","origin":[8.5,9.25,7.5]},"faces":{"north":{"uv":[10,5,11.998,6.998],"rotation":180,"texture":"#5"},"east":{"uv":[10,5,11.998,6.998],"rotation":180,"texture":"#5"},"south":{"uv":[10,5,11.998,6.998],"rotation":180,"texture":"#5"},"west":{"uv":[10,5,11.998,6.998],"rotation":180,"texture":"#5"},"up":{"uv":[10,5,11.998,6.998],"rotation":180,"texture":"#5"},"down":{"uv":[10,5,11.998,6.998],"rotation":180,"texture":"#5"}}},{"from":[7.75,8,7.25],"to":[9.25,8.5,7.75],"rotation":{"angle":45,"axis":"x","origin":[8.5,8.25,7.5]},"faces":{"north":{"uv":[10,5,11.996,6.998],"rotation":180,"texture":"#5"},"east":{"uv":[10,5,11.996,6.998],"rotation":180,"texture":"#5"},"south":{"uv":[10,5,11.996,6.998],"rotation":180,"texture":"#5"},"west":{"uv":[10,5,11.996,6.998],"rotation":180,"texture":"#5"},"up":{"uv":[10,5,11.996,6.998],"rotation":180,"texture":"#5"},"down":{"uv":[10,5,11.996,6.998],"rotation":180,"texture":"#5"}}},{"from":[7.9,6,7.25],"to":[9.1,6.5,7.75],"rotation":{"angle":45,"axis":"x","origin":[8.5,6.25,7.5]},"faces":{"north":{"uv":[2,1,3.999,3],"texture":"#5"},"east":{"uv":[2,1,3.999,3],"texture":"#5"},"south":{"uv":[2,1,3.999,3],"texture":"#5"},"west":{"uv":[2,1,3.999,3],"texture":"#5"},"up":{"uv":[2,1,3.999,3],"texture":"#5"},"down":{"uv":[2,1,3.999,3],"texture":"#5"}}},{"from":[7.9,5,7.25],"to":[9.1,5.5,7.75],"rotation":{"angle":45,"axis":"x","origin":[8.5,5.25,7.5]},"faces":{"north":{"uv":[10,5,11.997,6.998],"texture":"#5"},"east":{"uv":[10,5,11.997,6.998],"texture":"#5"},"south":{"uv":[10,5,11.997,6.998],"texture":"#5"},"west":{"uv":[10,5,11.997,6.998],"texture":"#5"},"up":{"uv":[10,5,11.997,6.998],"texture":"#5"},"down":{"uv":[10,5,11.997,6.998],"texture":"#5"}}},{"from":[7.9,6,7.25],"to":[9.1,6.5,7.75],"rotation":{"angle":45,"axis":"x","origin":[8.5,6.25,7.5]},"faces":{"north":{"uv":[10,5,11.997,6.998],"texture":"#5"},"east":{"uv":[10,5,11.997,6.998],"texture":"#5"},"south":{"uv":[10,5,11.997,6.998],"texture":"#5"},"west":{"uv":[10,5,11.997,6.998],"texture":"#5"},"up":{"uv":[10,5,11.997,6.998],"texture":"#5"},"down":{"uv":[10,5,11.997,6.998],"texture":"#5"}}},{"from":[7.9,-3,7.25],"to":[9.1,-2.5,7.75],"rotation":{"angle":45,"axis":"x","origin":[8.5,-2.75,7.5]},"faces":{"north":{"uv":[10,5,11.997,6.998],"rotation":270,"texture":"#5"},"east":{"uv":[10,5,11.997,6.998],"texture":"#5"},"south":{"uv":[10,5,11.997,6.998],"rotation":90,"texture":"#5"},"west":{"uv":[10,5,11.997,6.998],"rotation":180,"texture":"#5"},"up":{"uv":[10,5,11.997,6.998],"rotation":270,"texture":"#5"},"down":{"uv":[10,5,11.997,6.998],"rotation":90,"texture":"#5"}}},{"from":[8.25,7.25,8.5],"to":[8.75,10.25,9],"rotation":{"angle":0,"axis":"y","origin":[8.5,8.75,8.75]},"faces":{"north":{"uv":[11,6,11.995,6.996],"texture":"#5"},"east":{"uv":[11,6,11.995,6.996],"texture":"#5"},"south":{"uv":[11,6,11.995,6.996],"texture":"#5"},"west":{"uv":[11,6,11.995,6.996],"texture":"#5"},"up":{"uv":[11,6,11.995,6.996],"texture":"#5"},"down":{"uv":[11,6,11.995,6.996],"texture":"#5"}}},{"from":[8.25,8,8],"to":[8.75,10.5,8.5],"rotation":{"angle":0,"axis":"y","origin":[8.5,9.25,8.25]},"faces":{"north":{"uv":[10.999,5.997,11.998,6.996],"texture":"#5"},"east":{"uv":[10.999,5.997,11.998,6.996],"texture":"#5"},"south":{"uv":[10.999,5.997,11.998,6.996],"texture":"#5"},"west":{"uv":[10.999,5.997,11.998,6.996],"texture":"#5"},"up":{"uv":[10.999,5.997,11.998,6.996],"texture":"#5"},"down":{"uv":[10.999,5.997,11.998,6.996],"texture":"#5"}}},{"from":[8.25,7.75,6],"to":[8.75,10.75,7],"rotation":{"angle":0,"axis":"y","origin":[8.5,9.25,6.5]},"faces":{"north":{"uv":[9.997,4.997,10.996,5.996],"texture":"#5"},"east":{"uv":[9.997,4.997,10.996,5.996],"texture":"#5"},"south":{"uv":[9.997,4.997,10.996,5.996],"texture":"#5"},"west":{"uv":[9.997,4.997,10.996,5.996],"texture":"#5"},"up":{"uv":[9.997,4.997,10.996,5.996],"texture":"#5"},"down":{"uv":[9.997,4.997,10.996,5.996],"texture":"#5"}}},{"from":[8.25,7.25,5],"to":[8.75,11.25,6],"rotation":{"angle":0,"axis":"y","origin":[8.5,9.75,5.5]},"faces":{"north":{"uv":[8,4,9.996,5.996],"texture":"#5"},"east":{"uv":[8,4,9.996,5.996],"texture":"#5"},"south":{"uv":[8,4,9.996,5.996],"texture":"#5"},"west":{"uv":[8,4,9.996,5.996],"texture":"#5"},"up":{"uv":[8,4,9.996,5.996],"texture":"#5"},"down":{"uv":[8,4,9.996,5.996],"texture":"#5"}}},{"from":[8.35,5.75,4.5],"to":[8.6,11.75,5],"rotation":{"angle":0,"axis":"y","origin":[8.475,9.75,4.75]},"faces":{"north":{"uv":[8,5,8.998,5.998],"texture":"#5"},"east":{"uv":[8,5,8.998,5.998],"texture":"#5"},"south":{"uv":[8,5,8.998,5.998],"texture":"#5"},"west":{"uv":[8,5,8.998,5.998],"texture":"#5"},"up":{"uv":[8,5,8.998,5.998],"texture":"#5"},"down":{"uv":[8,5,8.998,5.998],"texture":"#5"}}},{"from":[8.35,8.25,9],"to":[8.6,10.25,9.5],"rotation":{"angle":0,"axis":"y","origin":[8.475,9.25,9.25]},"faces":{"north":{"uv":[12,7,12.999,7.999],"texture":"#5"},"east":{"uv":[12,7,12.999,7.999],"texture":"#5"},"south":{"uv":[12,7,12.999,7.999],"texture":"#5"},"west":{"uv":[12,7,12.999,7.999],"texture":"#5"},"up":{"uv":[12,7,12.999,7.999],"texture":"#5"},"down":{"uv":[12,7,12.999,7.999],"texture":"#5"}}},{"from":[8.35,11.75,4.75],"to":[8.6,12,5],"rotation":{"angle":0,"axis":"y","origin":[8.475,11.875,4.875]},"faces":{"north":{"uv":[10,6,10.995,6.996],"texture":"#5"},"east":{"uv":[10,6,10.995,6.996],"texture":"#5"},"south":{"uv":[10,6,10.995,6.996],"texture":"#5"},"west":{"uv":[10,6,10.995,6.996],"texture":"#5"},"up":{"uv":[10,6,10.995,6.996],"texture":"#5"},"down":{"uv":[10,6,10.995,6.996],"texture":"#5"}}},{"from":[8.35,11.25,4.25],"to":[8.6,11.5,4.5],"rotation":{"angle":0,"axis":"y","origin":[8.475,11.375,4.375]},"faces":{"north":{"uv":[10,3,10.994,3.996],"texture":"#5"},"east":{"uv":[10,3,10.994,3.996],"texture":"#5"},"south":{"uv":[10,3,10.994,3.996],"texture":"#5"},"west":{"uv":[10,3,10.994,3.996],"texture":"#5"},"up":{"uv":[10,3,10.994,3.996],"texture":"#5"},"down":{"uv":[10,3,10.994,3.996],"texture":"#5"}}},{"from":[8.35,12.25,5.25],"to":[8.6,12.5,5.5],"rotation":{"angle":0,"axis":"y","origin":[8.475,12.375,5.375]},"faces":{"north":{"uv":[9,3,9.994,3.996],"texture":"#5"},"east":{"uv":[9,3,9.994,3.996],"texture":"#5"},"south":{"uv":[9,3,9.994,3.996],"texture":"#5"},"west":{"uv":[9,3,9.994,3.996],"texture":"#5"},"up":{"uv":[9,3,9.994,3.996],"texture":"#5"},"down":{"uv":[9,3,9.994,3.996],"texture":"#5"}}},{"from":[8.35,11.25,5.5],"to":[8.6,11.5,5.75],"rotation":{"angle":0,"axis":"y","origin":[8.475,11.375,5.625]},"faces":{"north":{"uv":[10,3,10.994,3.996],"texture":"#5"},"east":{"uv":[10,3,10.994,3.996],"texture":"#5"},"south":{"uv":[10,3,10.994,3.996],"texture":"#5"},"west":{"uv":[10,3,10.994,3.996],"texture":"#5"},"up":{"uv":[10,3,10.994,3.996],"texture":"#5"},"down":{"uv":[10,3,10.994,3.996],"texture":"#5"}}},{"from":[8.35,6.75,5.5],"to":[8.6,7.25,5.75],"rotation":{"angle":0,"axis":"y","origin":[8.475,7,5.625]},"faces":{"north":{"uv":[12,7,12.994,7.996],"texture":"#5"},"east":{"uv":[12,7,12.994,7.996],"texture":"#5"},"south":{"uv":[12,7,12.994,7.996],"texture":"#5"},"west":{"uv":[12,7,12.994,7.996],"texture":"#5"},"up":{"uv":[12,7,12.994,7.996],"texture":"#5"},"down":{"uv":[12,7,12.994,7.996],"texture":"#5"}}},{"from":[8.35,7.5,6],"to":[8.6,7.75,6.5],"rotation":{"angle":0,"axis":"y","origin":[8.475,7.625,6.25]},"faces":{"north":{"uv":[11,5,11.994,5.996],"texture":"#5"},"east":{"uv":[11,5,11.994,5.996],"texture":"#5"},"south":{"uv":[11,5,11.994,5.996],"texture":"#5"},"west":{"uv":[11,5,11.994,5.996],"texture":"#5"},"up":{"uv":[11,5,11.994,5.996],"texture":"#5"},"down":{"uv":[11,5,11.994,5.996],"texture":"#5"}}},{"from":[8.35,10.75,6],"to":[8.6,11,6.5],"rotation":{"angle":0,"axis":"y","origin":[8.475,10.875,6.25]},"faces":{"north":{"uv":[11,6,11.993,6.995],"texture":"#5"},"east":{"uv":[11,6,11.993,6.995],"texture":"#5"},"south":{"uv":[11,6,11.993,6.995],"texture":"#5"},"west":{"uv":[11,6,11.993,6.995],"texture":"#5"},"up":{"uv":[11,6,11.993,6.995],"texture":"#5"},"down":{"uv":[11,6,11.993,6.995],"texture":"#5"}}},{"from":[8.35,10.25,9],"to":[8.6,10.5,9.25],"rotation":{"angle":0,"axis":"y","origin":[8.475,10.375,9.125]},"faces":{"north":{"uv":[3,8,3.994,8.997],"texture":"#5"},"east":{"uv":[3,8,3.994,8.997],"texture":"#5"},"south":{"uv":[3,8,3.994,8.997],"texture":"#5"},"west":{"uv":[3,8,3.994,8.997],"texture":"#5"},"up":{"uv":[3,8,3.994,8.997],"texture":"#5"},"down":{"uv":[3,8,3.994,8.997],"texture":"#5"}}},{"from":[8.35,10.75,8.6],"to":[8.6,11,8.85],"rotation":{"angle":0,"axis":"y","origin":[8.475,10.875,8.725]},"faces":{"north":{"uv":[3,8,3.994,8.997],"texture":"#5"},"east":{"uv":[3,8,3.994,8.997],"texture":"#5"},"south":{"uv":[3,8,3.994,8.997],"texture":"#5"},"west":{"uv":[3,8,3.994,8.997],"texture":"#5"},"up":{"uv":[3,8,3.994,8.997],"texture":"#5"},"down":{"uv":[3,8,3.994,8.997],"texture":"#5"}}},{"from":[8.35,7,8.6],"to":[8.6,7.25,8.85],"rotation":{"angle":0,"axis":"y","origin":[8.475,7.125,8.725]},"faces":{"north":{"uv":[11,5,11.992,5.995],"texture":"#5"},"east":{"uv":[11,5,11.992,5.995],"texture":"#5"},"south":{"uv":[11,5,11.992,5.995],"texture":"#5"},"west":{"uv":[11,5,11.992,5.995],"texture":"#5"},"up":{"uv":[11,5,11.992,5.995],"texture":"#5"},"down":{"uv":[11,5,11.992,5.995],"texture":"#5"}}},{"from":[8.35,7.75,9],"to":[8.6,8.5,9.25],"rotation":{"angle":0,"axis":"y","origin":[8.475,8,9.125]},"faces":{"north":{"uv":[3,8,3.994,8.997],"texture":"#5"},"east":{"uv":[3,8,3.994,8.997],"texture":"#5"},"south":{"uv":[3,8,3.994,8.997],"texture":"#5"},"west":{"uv":[3,8,3.994,8.997],"texture":"#5"},"up":{"uv":[3,8,3.994,8.997],"texture":"#5"},"down":{"uv":[3,8,3.994,8.997],"texture":"#5"}}},{"from":[8.35,6,4.25],"to":[8.6,6.25,4.5],"rotation":{"angle":0,"axis":"y","origin":[8.475,6.125,4.375]},"faces":{"north":{"uv":[8,5,8.992,5.995],"texture":"#5"},"east":{"uv":[8,5,8.992,5.995],"texture":"#5"},"south":{"uv":[8,5,8.992,5.995],"texture":"#5"},"west":{"uv":[8,5,8.992,5.995],"texture":"#5"},"up":{"uv":[8,5,8.992,5.995],"texture":"#5"},"down":{"uv":[8,5,8.992,5.995],"texture":"#5"}}},{"from":[8.35,5,5.25],"to":[8.6,5.25,5.5],"rotation":{"angle":0,"axis":"y","origin":[8.475,5.125,5.375]},"faces":{"north":{"uv":[8,5,8.993,5.996],"texture":"#5"},"east":{"uv":[8,5,8.993,5.996],"texture":"#5"},"south":{"uv":[8,5,8.993,5.996],"texture":"#5"},"west":{"uv":[8,5,8.993,5.996],"texture":"#5"},"up":{"uv":[8,5,8.993,5.996],"texture":"#5"},"down":{"uv":[8,5,8.993,5.996],"texture":"#5"}}},{"from":[8.35,5.5,4.75],"to":[8.6,5.75,5],"rotation":{"angle":0,"axis":"y","origin":[8.475,5.625,4.875]},"faces":{"north":{"uv":[7,6,7.993,6.996],"texture":"#5"},"east":{"uv":[7,6,7.993,6.996],"texture":"#5"},"south":{"uv":[7,6,7.993,6.996],"texture":"#5"},"west":{"uv":[7,6,7.993,6.996],"texture":"#5"},"up":{"uv":[7,6,7.993,6.996],"texture":"#5"},"down":{"uv":[7,6,7.993,6.996],"texture":"#5"}}},{"from":[8.35,6.25,4],"to":[8.6,11.25,4.5],"rotation":{"angle":0,"axis":"y","origin":[8.475,9.25,4.25]},"faces":{"north":{"uv":[7,6,7.999,6.995],"texture":"#5"},"east":{"uv":[7,6,7.999,6.995],"texture":"#5"},"south":{"uv":[7,6,7.999,6.995],"texture":"#5"},"west":{"uv":[7,6,7.999,6.995],"texture":"#5"},"up":{"uv":[7,6,7.999,6.995],"texture":"#5"},"down":{"uv":[7,6,7.999,6.995],"texture":"#5"}}},{"from":[8.35,6.75,3.75],"to":[8.6,10.75,4],"rotation":{"angle":0,"axis":"y","origin":[8.475,9.25,3.875]},"faces":{"north":{"uv":[9.01,3.01,10.009,6.004],"texture":"#5"},"east":{"uv":[9.01,3.01,10.009,6.004],"texture":"#5"},"south":{"uv":[9.01,3.01,10.009,6.004],"texture":"#5"},"west":{"uv":[9.01,3.01,10.009,6.004],"texture":"#5"},"up":{"uv":[9.01,3.01,10.009,6.004],"texture":"#5"},"down":{"uv":[9.01,3.01,10.009,6.004],"texture":"#5"}}},{"from":[8.35,7.125,3.5],"to":[8.6,10.375,3.75],"rotation":{"angle":0,"axis":"y","origin":[8.475,9.25,3.625]},"faces":{"north":{"uv":[10.01,3.01,11.008,4.003],"texture":"#5"},"east":{"uv":[10.01,3.01,11.008,4.003],"texture":"#5"},"south":{"uv":[10.01,3.01,11.008,4.003],"texture":"#5"},"west":{"uv":[10.01,3.01,11.008,4.003],"texture":"#5"},"up":{"uv":[10.01,3.01,11.008,4.003],"texture":"#5"},"down":{"uv":[10.01,3.01,11.008,4.003],"texture":"#5"}}},{"from":[8.35,5.25,5],"to":[8.6,7.25,5.5],"rotation":{"angle":0,"axis":"y","origin":[8.475,6.75,5.25]},"faces":{"north":{"uv":[8,5,8.996,5.995],"texture":"#5"},"east":{"uv":[8,5,8.996,5.995],"texture":"#5"},"south":{"uv":[8,5,8.996,5.995],"texture":"#5"},"west":{"uv":[8,5,8.996,5.995],"texture":"#5"},"up":{"uv":[8,5,8.996,5.995],"texture":"#5"},"down":{"uv":[8,5,8.996,5.995],"texture":"#5"}}},{"from":[8.35,11.25,5],"to":[8.6,12.25,5.5],"rotation":{"angle":0,"axis":"y","origin":[8.475,9.75,4.75]},"faces":{"north":{"uv":[9,3,9.999,3.999],"texture":"#5"},"east":{"uv":[9,3,9.999,3.999],"texture":"#5"},"south":{"uv":[9,3,9.999,3.999],"texture":"#5"},"west":{"uv":[9,3,9.999,3.999],"texture":"#5"},"up":{"uv":[9,3,9.999,3.999],"texture":"#5"},"down":{"uv":[9,3,9.999,3.999],"texture":"#5"}}},{"from":[7.9,7.4,6.9],"to":[9.1,11.1,8.1],"rotation":{"angle":0,"axis":"y","origin":[8.5,9.75,7.5]},"faces":{"north":{"uv":[10,5,10.996,5.996],"texture":"#5"},"east":{"uv":[10,5,10.996,5.996],"texture":"#5"},"south":{"uv":[10,5,10.996,5.996],"texture":"#5"},"west":{"uv":[10,5,10.996,5.996],"texture":"#5"},"up":{"uv":[10,5,10.996,5.996],"texture":"#5"},"down":{"uv":[10,5,10.996,5.996],"texture":"#5"}}},{"from":[7.9,-4.6,6.9],"to":[9.1,-3.9,8.1],"rotation":{"angle":0,"axis":"y","origin":[8.5,-4.25,7.5]},"faces":{"north":{"uv":[2.999,12.997,3.998,13.996],"texture":"#5"},"east":{"uv":[2.999,12.997,3.998,13.996],"texture":"#5"},"south":{"uv":[2.999,12.997,3.998,13.996],"texture":"#5"},"west":{"uv":[2.999,12.997,3.998,13.996],"texture":"#5"},"up":{"uv":[2.999,12.997,3.998,13.996],"texture":"#5"},"down":{"uv":[2.999,12.997,3.998,13.996],"texture":"#5"}}},{"from":[7.9,-4.6,6.9],"to":[9.1,-3.9,8.1],"rotation":{"angle":45,"axis":"y","origin":[8.5,-4.25,7.5]},"faces":{"north":{"uv":[2.999,12.997,3.998,13.996],"texture":"#5"},"east":{"uv":[2.999,12.997,3.998,13.996],"texture":"#5"},"south":{"uv":[2.999,12.997,3.998,13.996],"texture":"#5"},"west":{"uv":[2.999,12.997,3.998,13.996],"texture":"#5"},"up":{"uv":[2.999,12.997,3.998,13.996],"texture":"#5"},"down":{"uv":[2.999,12.997,3.998,13.996],"texture":"#5"}}},{"from":[7.9,-4.6,6.9],"to":[9.1,-3.9,8.1],"rotation":{"angle":-22.5,"axis":"y","origin":[8.5,-4.25,7.5]},"faces":{"north":{"uv":[2.999,12.997,3.998,13.996],"texture":"#5"},"east":{"uv":[2.999,12.997,3.998,13.996],"texture":"#5"},"south":{"uv":[2.999,12.997,3.998,13.996],"texture":"#5"},"west":{"uv":[2.999,12.997,3.998,13.996],"texture":"#5"},"up":{"uv":[2.999,12.997,3.998,13.996],"rotation":270,"texture":"#5"},"down":{"uv":[2.999,12.997,3.998,13.996],"rotation":90,"texture":"#5"}}},{"from":[7.9,-4.6,6.9],"to":[9.1,-3.9,8.1],"rotation":{"angle":22.5,"axis":"y","origin":[8.5,-4.25,7.5]},"faces":{"north":{"uv":[2.999,12.997,3.998,13.996],"texture":"#5"},"east":{"uv":[2.999,12.997,3.998,13.996],"texture":"#5"},"south":{"uv":[2.999,12.997,3.998,13.996],"texture":"#5"},"west":{"uv":[2.999,12.997,3.998,13.996],"texture":"#5"},"up":{"uv":[2.999,12.997,3.998,13.996],"texture":"#5"},"down":{"uv":[2.999,12.997,3.998,13.996],"texture":"#5"}}},{"from":[8.075,-1.925,7.075],"to":[8.925,3.925,7.925],"rotation":{"angle":0,"axis":"y","origin":[8.5,1,7.5]},"faces":{"north":{"uv":[0,0,16,16],"texture":"#2"},"east":{"uv":[0,0,16,16],"texture":"#2"},"south":{"uv":[0,0,16,16],"texture":"#2"},"west":{"uv":[0,0,16,16],"texture":"#2"},"up":{"uv":[0,0,16,16],"texture":"#2"},"down":{"uv":[0,0,16,16],"texture":"#2"}}},{"from":[7.96,11.5,6.96],"to":[9.04,12.08,8.04],"rotation":{"angle":0,"axis":"x","origin":[8.5,11.79,7.5]},"faces":{"north":{"uv":[0,0,16,16],"texture":"#3"},"east":{"uv":[0,0,16,16],"texture":"#3"},"south":{"uv":[0,0,16,16],"texture":"#3"},"west":{"uv":[0,0,16,16],"texture":"#3"},"up":{"uv":[0,0,16,16],"texture":"#3"},"down":{"uv":[0,0,16,16],"texture":"#3"}}},{"from":[8.52,8.27,3.52],"to":[8.49,16.23,9.38],"rotation":{"angle":0,"axis":"x","origin":[8.505,12.25,6.45]},"faces":{"north":{"uv":[1,1,1.995,1.996],"texture":"#4"},"east":{"uv":[1,1,15.996,15.996],"texture":"#4"},"south":{"uv":[3,1,3.994,1.996],"texture":"#4"},"west":{"uv":[0,1,14.999,15.997],"texture":"#4"},"up":{"uv":[1,1,1.998,1.998],"texture":"#4"},"down":{"uv":[1,1,1.998,1.998],"texture":"#4"}}}],"display":{"thirdperson_righthand":{"translation":[-1,6.5,1.5],"scale":[1.2,1.2,1.2]},"thirdperson_lefthand":{"translation":[0.25,6.5,1.5],"scale":[1.2,1.2,1.2]},"firstperson_righthand":{"rotation":[-5,0,0],"translation":[3.5,5.5,-0.75],"scale":[1.2,1.2,1.2]},"firstperson_lefthand":{"rotation":[-5,0,0],"translation":[3.5,5.5,-0.75],"scale":[1.2,1.2,1.2]},"ground":{"translation":[0,11,0],"scale":[1.2,1.2,1.2]},"gui":{"rotation":[-45,-41,-62],"translation":[1.25,3,0]},"head":{"rotation":[-80,0,0],"translation":[-0.25,9.75,0],"scale":[1.2,-1.2,1.2]},"fixed":{"rotation":[0,90,0],"translation":[1,5.25,-0.5],"scale":[1.2,1.2,1.2]}}}