{"credit":"Made with Blockbench","textures":{"2":"ebwizardry:custom/texturedasteaxess","3":"ebwizardry:custom/raddadste","5":"ebwizardry:custom/flaming_axe","particle":"ebwizardry:custom/texturedasteaxess"},"elements":[{"from":[8,-4,7],"to":[9,-1.5,8],"rotation":{"angle":0,"axis":"y","origin":[8.5,-2.75,7.5]},"faces":{"north":{"uv":[0,0,16,16],"texture":"#3"},"east":{"uv":[0,0,16,16],"texture":"#3"},"south":{"uv":[0,0,16,16],"texture":"#3"},"west":{"uv":[0,0,16,16],"texture":"#3"},"up":{"uv":[0,0,16,16],"texture":"#3"},"down":{"uv":[0,0,16,16],"texture":"#3"}}},{"from":[8,3,7],"to":[9,6.5,8],"rotation":{"angle":0,"axis":"y","origin":[8.5,4.75,7.5]},"faces":{"north":{"uv":[0,0,16,16],"texture":"#3"},"east":{"uv":[0,0,16,16],"texture":"#3"},"south":{"uv":[0,0,16,16],"texture":"#3"},"west":{"uv":[0,0,16,16],"texture":"#3"},"up":{"uv":[0,0,16,16],"texture":"#3"},"down":{"uv":[0,0,16,16],"texture":"#3"}}},{"from":[7.9,6,7.25],"to":[9.1,6.5,7.75],"rotation":{"angle":45,"axis":"x","origin":[8.5,6.25,7.5]},"faces":{"north":{"uv":[2,1,3.999,3],"texture":"#5"},"east":{"uv":[2,1,3.999,3],"texture":"#5"},"south":{"uv":[2,1,3.999,3],"texture":"#5"},"west":{"uv":[2,1,3.999,3],"texture":"#5"},"up":{"uv":[2,1,3.999,3],"texture":"#5"},"down":{"uv":[2,1,3.999,3],"texture":"#5"}}},{"from":[7.9,5,7.25],"to":[9.1,5.5,7.75],"rotation":{"angle":45,"axis":"x","origin":[8.5,5.25,7.5]},"faces":{"north":{"uv":[10,5,11.997,6.998],"texture":"#5"},"east":{"uv":[10,5,11.997,6.998],"texture":"#5"},"south":{"uv":[10,5,11.997,6.998],"texture":"#5"},"west":{"uv":[10,5,11.997,6.998],"texture":"#5"},"up":{"uv":[10,5,11.997,6.998],"texture":"#5"},"down":{"uv":[10,5,11.997,6.998],"texture":"#5"}}},{"from":[7.9,6,7.25],"to":[9.1,6.5,7.75],"rotation":{"angle":45,"axis":"x","origin":[8.5,6.25,7.5]},"faces":{"north":{"uv":[10,5,11.997,6.998],"texture":"#5"},"east":{"uv":[10,5,11.997,6.998],"texture":"#5"},"south":{"uv":[10,5,11.997,6.998],"texture":"#5"},"west":{"uv":[10,5,11.997,6.998],"texture":"#5"},"up":{"uv":[10,5,11.997,6.998],"texture":"#5"},"down":{"uv":[10,5,11.997,6.998],"texture":"#5"}}},{"from":[7.9,-3,7.25],"to":[9.1,-2.5,7.75],"rotation":{"angle":45,"axis":"x","origin":[8.5,-2.75,7.5]},"faces":{"north":{"uv":[10,5,11.997,6.998],"rotation":270,"texture":"#5"},"east":{"uv":[10,5,11.997,6.998],"texture":"#5"},"south":{"uv":[10,5,11.997,6.998],"rotation":90,"texture":"#5"},"west":{"uv":[10,5,11.997,6.998],"rotation":180,"texture":"#5"},"up":{"uv":[10,5,11.997,6.998],"rotation":270,"texture":"#5"},"down":{"uv":[10,5,11.997,6.998],"rotation":90,"texture":"#5"}}},{"from":[7.9,-4.6,6.9],"to":[9.1,-3.9,8.1],"rotation":{"angle":0,"axis":"y","origin":[8.5,-4.25,7.5]},"faces":{"north":{"uv":[2.999,12.997,3.998,13.996],"texture":"#5"},"east":{"uv":[2.999,12.997,3.998,13.996],"texture":"#5"},"south":{"uv":[2.999,12.997,3.998,13.996],"texture":"#5"},"west":{"uv":[2.999,12.997,3.998,13.996],"texture":"#5"},"up":{"uv":[2.999,12.997,3.998,13.996],"texture":"#5"},"down":{"uv":[2.999,12.997,3.998,13.996],"texture":"#5"}}},{"from":[7.9,-4.6,6.9],"to":[9.1,-3.9,8.1],"rotation":{"angle":45,"axis":"y","origin":[8.5,-4.25,7.5]},"faces":{"north":{"uv":[2.999,12.997,3.998,13.996],"texture":"#5"},"east":{"uv":[2.999,12.997,3.998,13.996],"texture":"#5"},"south":{"uv":[2.999,12.997,3.998,13.996],"texture":"#5"},"west":{"uv":[2.999,12.997,3.998,13.996],"texture":"#5"},"up":{"uv":[2.999,12.997,3.998,13.996],"texture":"#5"},"down":{"uv":[2.999,12.997,3.998,13.996],"texture":"#5"}}},{"from":[7.9,-4.6,6.9],"to":[9.1,-3.9,8.1],"rotation":{"angle":-22.5,"axis":"y","origin":[8.5,-4.25,7.5]},"faces":{"north":{"uv":[2.999,12.997,3.998,13.996],"texture":"#5"},"east":{"uv":[2.999,12.997,3.998,13.996],"texture":"#5"},"south":{"uv":[2.999,12.997,3.998,13.996],"texture":"#5"},"west":{"uv":[2.999,12.997,3.998,13.996],"texture":"#5"},"up":{"uv":[2.999,12.997,3.998,13.996],"rotation":270,"texture":"#5"},"down":{"uv":[2.999,12.997,3.998,13.996],"rotation":90,"texture":"#5"}}},{"from":[7.9,-4.6,6.9],"to":[9.1,-3.9,8.1],"rotation":{"angle":22.5,"axis":"y","origin":[8.5,-4.25,7.5]},"faces":{"north":{"uv":[2.999,12.997,3.998,13.996],"texture":"#5"},"east":{"uv":[2.999,12.997,3.998,13.996],"texture":"#5"},"south":{"uv":[2.999,12.997,3.998,13.996],"texture":"#5"},"west":{"uv":[2.999,12.997,3.998,13.996],"texture":"#5"},"up":{"uv":[2.999,12.997,3.998,13.996],"texture":"#5"},"down":{"uv":[2.999,12.997,3.998,13.996],"texture":"#5"}}},{"from":[8.075,-1.925,7.075],"to":[8.925,3.925,7.925],"rotation":{"angle":0,"axis":"y","origin":[8.5,1,7.5]},"faces":{"north":{"uv":[0,0,16,16],"texture":"#2"},"east":{"uv":[0,0,16,16],"texture":"#2"},"south":{"uv":[0,0,16,16],"texture":"#2"},"west":{"uv":[0,0,16,16],"texture":"#2"},"up":{"uv":[0,0,16,16],"texture":"#2"},"down":{"uv":[0,0,16,16],"texture":"#2"}}}],"display":{"thirdperson_righthand":{"translation":[-1,6.5,1.5],"scale":[1.2,1.2,1.2]},"thirdperson_lefthand":{"translation":[0.25,6.5,1.5],"scale":[1.2,1.2,1.2]},"firstperson_righthand":{"rotation":[-5,0,0],"translation":[3.5,5.5,-0.75],"scale":[1.2,1.2,1.2]},"firstperson_lefthand":{"rotation":[-5,0,0],"translation":[3.5,5.5,-0.75],"scale":[1.2,1.2,1.2]},"ground":{"translation":[0,11,0],"scale":[1.2,1.2,1.2]},"gui":{"rotation":[-45,-41,-62],"translation":[1.25,3,0]},"head":{"rotation":[-80,0,0],"translation":[-0.25,9.75,0],"scale":[1.2,-1.2,1.2]},"fixed":{"rotation":[0,90,0],"translation":[1,5.25,-0.5],"scale":[1.2,1.2,1.2]}}}