{"credit":"Made with Blockbench","textures":{"2":"ebwizardry:custom/texturedasteaxess","3":"ebwizardry:custom/raddadste","4":"ebwizardry:custom/ice","particle":"ebwizardry:custom/texturedasteaxess"},"elements":[{"from":[8,-4,7],"to":[9,-1.5,8],"rotation":{"angle":0,"axis":"y","origin":[8.5,-2.75,7.5]},"faces":{"north":{"uv":[0,0,16,16],"texture":"#3"},"east":{"uv":[0,0,16,16],"texture":"#3"},"south":{"uv":[0,0,16,16],"texture":"#3"},"west":{"uv":[0,0,16,16],"texture":"#3"},"up":{"uv":[0,0,16,16],"texture":"#3"},"down":{"uv":[0,0,16,16],"texture":"#3"}}},{"from":[7.9,-3,7.25],"to":[9.1,-2.5,7.75],"rotation":{"angle":45,"axis":"x","origin":[8.5,-2.75,7.5]},"faces":{"north":{"uv":[0,0,16,16],"texture":"#4"},"east":{"uv":[0,0,16,16],"texture":"#4"},"south":{"uv":[0,0,16,16],"texture":"#4"},"west":{"uv":[0,0,16,16],"texture":"#4"},"up":{"uv":[0,0,16,16],"texture":"#4"},"down":{"uv":[0,0,16,16],"texture":"#4"}}},{"from":[7.9,-4.6,6.9],"to":[9.1,-3.9,8.1],"rotation":{"angle":45,"axis":"y","origin":[8.5,-4.25,7.5]},"faces":{"north":{"uv":[0,0,0.998,0.998],"texture":"#4"},"east":{"uv":[0,0,0.998,0.998],"texture":"#4"},"south":{"uv":[0,0,0.998,0.998],"texture":"#4"},"west":{"uv":[0,0,0.998,0.998],"texture":"#4"},"up":{"uv":[0,0,0.998,0.998],"texture":"#4"},"down":{"uv":[0,0,0.998,0.998],"texture":"#4"}}},{"from":[7.9,-4.6,6.9],"to":[9.1,-3.9,8.1],"rotation":{"angle":-22.5,"axis":"y","origin":[8.5,-4.25,7.5]},"faces":{"north":{"uv":[0,0,0.998,0.998],"texture":"#4"},"east":{"uv":[0,0,0.998,0.998],"texture":"#4"},"south":{"uv":[0,0,0.998,0.998],"texture":"#4"},"west":{"uv":[0,0,0.998,0.998],"texture":"#4"},"up":{"uv":[0,0,0.998,0.998],"rotation":270,"texture":"#4"},"down":{"uv":[0,0,0.998,0.998],"rotation":90,"texture":"#4"}}},{"from":[7.9,-4.6,6.9],"to":[9.1,-3.9,8.1],"rotation":{"angle":22.5,"axis":"y","origin":[8.5,-4.25,7.5]},"faces":{"north":{"uv":[0,0,0.998,0.998],"texture":"#4"},"east":{"uv":[0,0,0.998,0.998],"texture":"#4"},"south":{"uv":[0,0,0.998,0.998],"texture":"#4"},"west":{"uv":[0,0,0.998,0.998],"texture":"#4"},"up":{"uv":[0,0,0.998,0.998],"texture":"#4"},"down":{"uv":[0,0,0.998,0.998],"texture":"#4"}}},{"from":[7.9,-4.6,6.9],"to":[9.1,-3.9,8.1],"rotation":{"angle":0,"axis":"y","origin":[8.5,-4.25,7.5]},"faces":{"north":{"uv":[0,0,0.998,0.998],"texture":"#4"},"east":{"uv":[0,0,0.998,0.998],"texture":"#4"},"south":{"uv":[0,0,0.998,0.998],"texture":"#4"},"west":{"uv":[0,0,0.998,0.998],"texture":"#4"},"up":{"uv":[0,0,0.998,0.998],"texture":"#4"},"down":{"uv":[0,0,0.998,0.998],"texture":"#4"}}},{"from":[8.075,-1.925,7.075],"to":[8.925,0.925,7.925],"rotation":{"angle":0,"axis":"y","origin":[8.5,1,7.5]},"faces":{"north":{"uv":[0,0,16,16],"texture":"#2"},"east":{"uv":[0,0,16,16],"texture":"#2"},"south":{"uv":[0,0,16,16],"texture":"#2"},"west":{"uv":[0,0,16,16],"texture":"#2"},"up":{"uv":[0,0,16,16],"texture":"#2"},"down":{"uv":[0,0,16,16],"texture":"#2"}}}],"display":{"thirdperson_righthand":{"translation":[-1,6.5,1.5],"scale":[1.2,1.2,1.2]},"thirdperson_lefthand":{"translation":[0.25,6.5,1.5],"scale":[1.2,1.2,1.2]},"firstperson_righthand":{"rotation":[-5,0,0],"translation":[3.5,5.5,-0.75],"scale":[1.2,1.2,1.2]},"firstperson_lefthand":{"rotation":[-5,0,0],"translation":[3.5,5.5,-0.75],"scale":[1.2,1.2,1.2]},"ground":{"translation":[0,11,0],"scale":[1.2,1.2,1.2]},"gui":{"rotation":[-45,-41,-62],"translation":[1.25,3,0]},"head":{"rotation":[-80,0,0],"translation":[-0.25,9.75,0],"scale":[1.2,-1.2,1.2]},"fixed":{"rotation":[0,90,0],"translation":[1,5.25,-0.5],"scale":[1.2,1.2,1.2]}}}