{"credit":"Made with Blockbench","textures":{"4":"ebwizardry:custom/gold_block14","5":"ebwizardry:custom/log_oak","6":"ebwizardry:custom/log_oak_top","7":"ebwizardry:custom/crystal_magic","particle":"ebwizardry:custom/texturedasteaxess"},"elements":[{"from":[8,-4,7],"to":[9,-1.5,8],"rotation":{"angle":0,"axis":"y","origin":[8.5,-2.75,7.5]},"faces":{"north":{"uv":[1,9,3,15.998],"texture":"#5"},"east":{"uv":[8,9,9.999,15.998],"texture":"#5"},"south":{"uv":[7,9,9,15.998],"texture":"#5"},"west":{"uv":[4,9,6,15.999],"texture":"#5"},"up":{"uv":[4,9,6,15.999],"texture":"#5"},"down":{"uv":[4,9,6,15.999],"texture":"#5"}}},{"from":[8,3,7.25],"to":[9,10.6,7.75],"rotation":{"angle":0,"axis":"y","origin":[8.5,6.8,7.5]},"faces":{"north":{"uv":[0,0,0.999,16],"texture":"#5"},"east":{"uv":[0,0,0.999,16],"texture":"#5"},"south":{"uv":[0,0,0.999,16],"texture":"#5"},"west":{"uv":[0,0,0.999,16],"texture":"#5"},"up":{"uv":[0,0,0.999,16],"texture":"#5"},"down":{"uv":[0,0,0.999,16],"texture":"#5"}}},{"from":[8.24,2.99,6.99],"to":[8.76,10.61,8.01],"rotation":{"angle":0,"axis":"y","origin":[8.5,6.8,7.5]},"faces":{"north":{"uv":[3,0,3.998,16],"texture":"#5"},"east":{"uv":[3,0,3.998,16],"texture":"#5"},"south":{"uv":[3,0,3.998,16],"texture":"#5"},"west":{"uv":[3,0,3.998,16],"texture":"#5"},"up":{"uv":[3,0,3.998,16],"texture":"#5"},"down":{"uv":[3,0,3.998,16],"texture":"#5"}}},{"from":[7.5,11,6.5],"to":[9.5,14,8.5],"rotation":{"angle":0,"axis":"y","origin":[8.5,12.5,7.5]},"faces":{"north":{"uv":[5,4,9.994,12.997],"texture":"#7"},"east":{"uv":[5,4,9.994,12.997],"texture":"#7"},"south":{"uv":[5,4,9.994,12.997],"texture":"#7"},"west":{"uv":[5,4,9.994,12.997],"texture":"#7"},"up":{"uv":[6,4,8.992,6.999],"texture":"#7"},"down":{"uv":[5,4,9.994,12.997],"texture":"#7"}}},{"from":[8,10.6,7],"to":[9,11.6,8],"rotation":{"angle":0,"axis":"y","origin":[8.5,11.1,7.5]},"faces":{"north":{"uv":[6,5,8.992,7.996],"texture":"#7"},"east":{"uv":[6,5,8.992,7.996],"texture":"#7"},"south":{"uv":[6,5,8.992,7.996],"texture":"#7"},"west":{"uv":[6,5,8.992,7.996],"texture":"#7"},"up":{"uv":[6,5,8.992,7.996],"texture":"#7"},"down":{"uv":[6,5,8.992,7.996],"texture":"#7"}}},{"from":[8,11.45,6.25],"to":[9,13.55,8.75],"rotation":{"angle":0,"axis":"y","origin":[8.5,13,7.5]},"faces":{"north":{"uv":[3,7,5.992,10.996],"texture":"#7"},"east":{"uv":[3,7,5.992,10.996],"texture":"#7"},"south":{"uv":[3,7,5.992,10.996],"texture":"#7"},"west":{"uv":[3,7,5.992,10.996],"texture":"#7"},"up":{"uv":[3,7,5.992,10.996],"texture":"#7"},"down":{"uv":[3,7,5.992,10.996],"texture":"#7"}}},{"from":[7.25,11.45,7],"to":[9.75,13.55,8],"rotation":{"angle":0,"axis":"y","origin":[8.5,13,7.5]},"faces":{"north":{"uv":[6,6,8.992,9.995],"texture":"#7"},"east":{"uv":[6,6,8.992,9.995],"texture":"#7"},"south":{"uv":[6,6,8.992,9.995],"texture":"#7"},"west":{"uv":[6,6,8.992,9.995],"texture":"#7"},"up":{"uv":[6,6,8.992,9.995],"texture":"#7"},"down":{"uv":[6,6,8.992,9.995],"texture":"#7"}}},{"from":[7.5,13.98,6.5],"to":[9.5,14.98,8.5],"rotation":{"angle":0,"axis":"y","origin":[8.5,14.48,7.5]},"faces":{"north":{"uv":[5,2,9.994,3.996],"texture":"#7"},"east":{"uv":[5,2,9.994,3.996],"texture":"#7"},"south":{"uv":[5,2,9.994,3.996],"texture":"#7"},"west":{"uv":[5,2,9.994,3.996],"texture":"#7"},"up":{"uv":[11,1,15.994,2.996],"texture":"#7"},"down":{"uv":[5,2,9.994,3.996],"texture":"#7"}}},{"from":[7.5,9.98,6.5],"to":[9.5,10.98,8.5],"rotation":{"angle":0,"axis":"x","origin":[8.5,10.48,7.5]},"faces":{"north":{"uv":[5,2,9.994,3.996],"rotation":180,"texture":"#7"},"east":{"uv":[5,2,9.994,3.996],"rotation":180,"texture":"#7"},"south":{"uv":[5,2,9.994,3.996],"rotation":180,"texture":"#7"},"west":{"uv":[5,2,9.994,3.996],"rotation":180,"texture":"#7"},"up":{"uv":[5,2,9.994,3.996],"texture":"#7"},"down":{"uv":[11,1,15.994,2.996],"texture":"#7"}}},{"from":[8.25,8,5.9],"to":[8.75,12.5,6.4],"rotation":{"angle":-22.5,"axis":"x","origin":[8.5,11.25,6.15]},"faces":{"north":{"uv":[2,12,2.998,16],"texture":"#5"},"east":{"uv":[2,12,2.998,16],"texture":"#5"},"south":{"uv":[2,12,2.998,16],"texture":"#5"},"west":{"uv":[2,12,2.998,16],"texture":"#5"},"up":{"uv":[6,6,9.997,9.999],"texture":"#6"},"down":{"uv":[2,12,2.998,16],"texture":"#5"}}},{"from":[8.25,8,8.7],"to":[8.75,12.5,9.2],"rotation":{"angle":22.5,"axis":"x","origin":[8.5,11.25,8.95]},"faces":{"north":{"uv":[2,11,2.997,14.998],"texture":"#5"},"east":{"uv":[2,11,2.997,14.998],"texture":"#5"},"south":{"uv":[2,11,2.997,14.998],"texture":"#5"},"west":{"uv":[2,11,2.997,14.998],"texture":"#5"},"up":{"uv":[6,6,9.996,9.997],"texture":"#6"},"down":{"uv":[2,11,2.997,14.998],"texture":"#5"}}},{"from":[8.075,-1.5,7.075],"to":[8.925,3,7.925],"rotation":{"angle":0,"axis":"y","origin":[8.5,0.75,7.5]},"faces":{"north":{"uv":[0,8,2,16],"texture":"#5"},"east":{"uv":[0,8,2,16],"texture":"#5"},"south":{"uv":[0,8,2,16],"texture":"#5"},"west":{"uv":[0,8,2,16],"texture":"#5"},"up":{"uv":[0,8,2,16],"texture":"#5"},"down":{"uv":[0,8,2,16],"texture":"#5"}}},{"from":[7.95,-4.55,6.95],"to":[9.05,-3.45,8.05],"rotation":{"angle":45,"axis":"x","origin":[8.5,-4,7.5]},"faces":{"north":{"uv":[3,2,5.999,4.999],"texture":"#4"},"east":{"uv":[3,2,5.999,4.999],"texture":"#4"},"south":{"uv":[3,2,5.999,4.999],"texture":"#4"},"west":{"uv":[3,2,5.999,4.999],"texture":"#4"},"up":{"uv":[3,2,5.999,4.999],"texture":"#4"},"down":{"uv":[3,2,5.999,4.999],"texture":"#4"}}}],"display":{"thirdperson_righthand":{"translation":[-0.75,6.5,1.5],"scale":[1.2,1.2,1.2]},"thirdperson_lefthand":{"translation":[0.25,6.5,1.5],"scale":[1.2,1.2,1.2]},"firstperson_righthand":{"rotation":[-5,0,0],"translation":[3.5,5.5,-0.75],"scale":[1.2,1.2,1.2]},"firstperson_lefthand":{"rotation":[-5,0,0],"translation":[3.5,5.5,-0.75],"scale":[1.2,1.2,1.2]},"ground":{"translation":[0,11,0],"scale":[1.2,1.2,1.2]},"gui":{"rotation":[-45,-41,-62],"translation":[1.25,3,0]},"head":{"rotation":[0,0,-44],"translation":[4,-9.75,4.5],"scale":[1.2,1.2,1.2]},"fixed":{"rotation":[0,90,0],"translation":[1,4.5,-0.5],"scale":[1.2,1.2,1.2]}}}