{"credit":"Made with Blockbench","textures":{"2":"ebwizardry:custom/texturedasteaxess","5":"ebwizardry:custom/wand_master_fire","7":"ebwizardry:custom/crystal_fire","8":"ebwizardry:custom/nether_bricks","9":"ebwizardry:custom/fire_0","particle":"ebwizardry:custom/texturedasteaxess"},"elements":[{"from":[8,-4,7],"to":[9,-1.5,8],"rotation":{"angle":0,"axis":"y","origin":[8.5,-2.75,7.5]},"faces":{"north":{"uv":[10,4,16,13.998],"texture":"#8"},"east":{"uv":[10,4,16,13.998],"texture":"#8"},"south":{"uv":[10,4,16,13.998],"texture":"#8"},"west":{"uv":[10,4,16,13.998],"texture":"#8"},"up":{"uv":[10,4,16,13.998],"texture":"#8"},"down":{"uv":[10,4,16,13.998],"texture":"#8"}}},{"from":[7.98,7.98,6.98],"to":[9.02,10.52,8.02],"rotation":{"angle":0,"axis":"y","origin":[8.5,9.25,7.5]},"faces":{"north":{"uv":[0,0,8.999,8.997],"texture":"#8"},"east":{"uv":[0,0,8.999,8.997],"texture":"#8"},"south":{"uv":[0,0,8.999,8.997],"texture":"#8"},"west":{"uv":[0,0,8.999,8.997],"texture":"#8"},"up":{"uv":[0,0,8.999,8.997],"texture":"#8"},"down":{"uv":[0,0,8.999,8.997],"texture":"#8"}}},{"from":[8.24,2.99,6.99],"to":[8.76,10.61,8.01],"rotation":{"angle":0,"axis":"y","origin":[8.5,6.8,7.5]},"faces":{"north":{"uv":[2.999,0,3.999,16],"texture":"#8"},"east":{"uv":[2.999,0,3.999,16],"texture":"#8"},"south":{"uv":[2.999,0,3.999,16],"texture":"#8"},"west":{"uv":[2.999,0,3.999,16],"texture":"#8"},"up":{"uv":[2.999,0,3.999,16],"texture":"#8"},"down":{"uv":[2.999,0,3.999,16],"texture":"#8"}}},{"from":[8,3,7.25],"to":[9,10.6,7.75],"rotation":{"angle":0,"axis":"y","origin":[8.5,6.8,7.5]},"faces":{"north":{"uv":[7,0,7.998,16],"texture":"#8"},"east":{"uv":[7,0,7.998,16],"texture":"#8"},"south":{"uv":[7,0,7.998,16],"texture":"#8"},"west":{"uv":[7,0,7.998,16],"texture":"#8"},"up":{"uv":[7,0,7.998,16],"texture":"#8"},"down":{"uv":[7,0,7.998,16],"texture":"#8"}}},{"from":[7.5,11,6.5],"to":[9.5,14,8.5],"rotation":{"angle":0,"axis":"y","origin":[8.5,12.5,7.5]},"faces":{"north":{"uv":[5,5,9.994,12.995],"texture":"#7"},"east":{"uv":[5,5,9.994,12.995],"texture":"#7"},"south":{"uv":[5,5,9.994,12.995],"texture":"#7"},"west":{"uv":[5,5,9.994,12.995],"texture":"#7"},"up":{"uv":[5,5,9.994,8.994],"texture":"#7"},"down":{"uv":[5,9,9.994,12.994],"texture":"#7"}}},{"from":[7.28,11.39,6.28],"to":[9.72,14.83,8.72],"rotation":{"angle":0,"axis":"y","origin":[8.5,13.11,7.5]},"faces":{"north":{"uv":[1,1,14.992,15.993],"texture":"#9"},"east":{"uv":[1,1,14.992,15.993],"texture":"#9"},"south":{"uv":[1,1,14.992,15.993],"texture":"#9"},"west":{"uv":[1,1,14.992,15.993],"texture":"#9"},"up":{"uv":[1,1,2.991,1.991],"texture":"#9"},"down":{"uv":[1,1,2.991,1.991],"texture":"#9"}}},{"from":[8,10.6,7],"to":[9,11.6,8],"rotation":{"angle":0,"axis":"y","origin":[8.5,11.1,7.5]},"faces":{"north":{"uv":[6,5,8.992,7.996],"texture":"#7"},"east":{"uv":[6,5,8.992,7.996],"texture":"#7"},"south":{"uv":[6,5,8.992,7.996],"texture":"#7"},"west":{"uv":[6,5,8.992,7.996],"texture":"#7"},"up":{"uv":[6,5,8.992,7.996],"texture":"#7"},"down":{"uv":[6,5,8.992,7.996],"texture":"#7"}}},{"from":[8,11.45,6.25],"to":[9,13.55,8.75],"rotation":{"angle":0,"axis":"y","origin":[8.5,13,7.5]},"faces":{"north":{"uv":[7,4,11.992,8.995],"texture":"#7"},"east":{"uv":[7,4,11.992,8.995],"texture":"#7"},"south":{"uv":[7,4,11.992,8.995],"texture":"#7"},"west":{"uv":[7,4,11.992,8.995],"texture":"#7"},"up":{"uv":[7,4,11.992,8.995],"texture":"#7"},"down":{"uv":[7,4,11.992,8.995],"texture":"#7"}}},{"from":[7.25,11.45,7],"to":[9.75,13.55,8],"rotation":{"angle":0,"axis":"y","origin":[8.5,12.5,7.5]},"faces":{"north":{"uv":[3,5,7.989,8.993],"texture":"#7"},"east":{"uv":[3,5,7.989,8.993],"texture":"#7"},"south":{"uv":[3,5,7.989,8.993],"texture":"#7"},"west":{"uv":[3,5,7.989,8.993],"texture":"#7"},"up":{"uv":[3,5,7.989,8.993],"texture":"#7"},"down":{"uv":[3,5,7.989,8.993],"texture":"#7"}}},{"from":[7.5,13.98,6.5],"to":[9.5,14.98,8.5],"rotation":{"angle":0,"axis":"y","origin":[8.5,14.48,7.5]},"faces":{"north":{"uv":[7,2,11.994,3.996],"texture":"#7"},"east":{"uv":[7,2,11.994,3.996],"texture":"#7"},"south":{"uv":[7,2,11.994,3.996],"texture":"#7"},"west":{"uv":[7,2,11.994,3.996],"texture":"#7"},"up":{"uv":[0,0,4.994,1.996],"texture":"#7"},"down":{"uv":[0,0,4.994,1.996],"texture":"#7"}}},{"from":[7.5,9.98,6.5],"to":[9.5,10.98,8.5],"rotation":{"angle":0,"axis":"x","origin":[8.5,10.48,7.5]},"faces":{"north":{"uv":[7,2,11.994,3.996],"rotation":180,"texture":"#7"},"east":{"uv":[7,2,11.994,3.996],"rotation":180,"texture":"#7"},"south":{"uv":[7,2,11.994,3.996],"rotation":180,"texture":"#7"},"west":{"uv":[7,2,11.994,3.996],"rotation":180,"texture":"#7"},"up":{"uv":[0,0,4.994,1.996],"texture":"#7"},"down":{"uv":[0,0,4.994,1.996],"texture":"#7"}}},{"from":[8.25,8,5.775],"to":[8.75,12.5,6.525],"rotation":{"angle":-22.5,"axis":"x","origin":[8.5,11.25,6.15]},"faces":{"north":{"uv":[12,0,14.997,16],"texture":"#8"},"east":{"uv":[12,0,14.997,16],"texture":"#8"},"south":{"uv":[12,0,14.997,16],"texture":"#8"},"west":{"uv":[12,0,14.997,16],"texture":"#8"},"up":{"uv":[12,0,14.997,16],"texture":"#8"},"down":{"uv":[12,0,14.997,16],"texture":"#8"}}},{"from":[8.25,5,5.775],"to":[8.75,6.5,6.525],"rotation":{"angle":-22.5,"axis":"x","origin":[8.5,8.25,6.15]},"faces":{"north":{"uv":[12,10,14.996,15.998],"texture":"#8"},"east":{"uv":[12,10,14.996,15.998],"texture":"#8"},"south":{"uv":[12,10,14.996,15.998],"texture":"#8"},"west":{"uv":[12,10,14.996,15.998],"texture":"#8"},"up":{"uv":[12,10,14.996,15.998],"texture":"#8"},"down":{"uv":[12,10,14.996,15.998],"texture":"#8"}}},{"from":[9.75,8,7.25],"to":[10.5,12.5,7.75],"rotation":{"angle":-22.5,"axis":"z","origin":[10.125,11.25,7.5]},"faces":{"north":{"uv":[12,0,14.997,16],"texture":"#8"},"east":{"uv":[12,0,14.997,16],"texture":"#8"},"south":{"uv":[12,0,14.997,16],"texture":"#8"},"west":{"uv":[12,0,14.997,16],"texture":"#8"},"up":{"uv":[12,0,14.997,16],"rotation":270,"texture":"#8"},"down":{"uv":[12,0,14.997,16],"rotation":90,"texture":"#8"}}},{"from":[6.75,8,7.25],"to":[7.5,12.5,7.75],"rotation":{"angle":22.5,"axis":"z","origin":[7.125,11.25,7.5]},"faces":{"north":{"uv":[12,0,14.997,16],"texture":"#8"},"east":{"uv":[12,0,14.997,16],"texture":"#8"},"south":{"uv":[12,0,14.997,16],"texture":"#8"},"west":{"uv":[12,0,14.997,16],"texture":"#8"},"up":{"uv":[12,0,14.997,16],"rotation":270,"texture":"#8"},"down":{"uv":[12,0,14.997,16],"rotation":90,"texture":"#8"}}},{"from":[8.25,8,8.525],"to":[8.75,12.5,9.275],"rotation":{"angle":22.5,"axis":"x","origin":[8.5,11.25,8.9]},"faces":{"north":{"uv":[0,0,2.997,15.997],"texture":"#8"},"east":{"uv":[0,0,2.997,15.997],"texture":"#8"},"south":{"uv":[0,0,2.997,15.997],"texture":"#8"},"west":{"uv":[0,0,2.997,15.997],"texture":"#8"},"up":{"uv":[0,0,2.997,15.997],"texture":"#8"},"down":{"uv":[0,0,2.997,15.997],"texture":"#8"}}},{"from":[8.25,5,8.525],"to":[8.75,6.5,9.275],"rotation":{"angle":22.5,"axis":"x","origin":[8.5,8.25,8.9]},"faces":{"north":{"uv":[0,11,2.997,15.996],"texture":"#8"},"east":{"uv":[0,11,2.997,15.996],"texture":"#8"},"south":{"uv":[0,11,2.997,15.996],"texture":"#8"},"west":{"uv":[0,11,2.997,15.996],"texture":"#8"},"up":{"uv":[0,11,2.997,15.996],"texture":"#8"},"down":{"uv":[0,11,2.997,15.996],"texture":"#8"}}},{"from":[8.24,8.99,7.49],"to":[8.76,9.51,9.01],"rotation":{"angle":22.5,"axis":"x","origin":[8.5,9.25,8.25]},"faces":{"north":{"uv":[4,2,5.996,4.995],"rotation":90,"texture":"#8"},"east":{"uv":[4,2,5.996,4.995],"rotation":90,"texture":"#8"},"south":{"uv":[4,2,5.996,4.995],"rotation":90,"texture":"#8"},"west":{"uv":[4,2,5.996,4.995],"rotation":90,"texture":"#8"},"up":{"uv":[4,2,5.996,4.995],"rotation":90,"texture":"#8"},"down":{"uv":[4,2,5.996,4.995],"rotation":90,"texture":"#8"}}},{"from":[8.25,-3.5,6.5],"to":[8.75,-3,7.5],"rotation":{"angle":-45,"axis":"x","origin":[8.5,-3.25,7]},"faces":{"north":{"uv":[4,2,5.996,4.995],"rotation":90,"texture":"#8"},"east":{"uv":[4,2,5.996,4.995],"rotation":90,"texture":"#8"},"south":{"uv":[4,2,5.996,4.995],"rotation":90,"texture":"#8"},"west":{"uv":[4,2,5.996,4.995],"rotation":90,"texture":"#8"},"up":{"uv":[4,2,5.996,4.995],"rotation":90,"texture":"#8"},"down":{"uv":[4,2,5.996,4.995],"rotation":90,"texture":"#8"}}},{"from":[8.25,-3.5,7.5],"to":[8.75,-3,8.5],"rotation":{"angle":45,"axis":"x","origin":[8.5,-3.25,8]},"faces":{"north":{"uv":[4,2,5.996,4.995],"rotation":90,"texture":"#8"},"east":{"uv":[4,2,5.996,4.995],"rotation":90,"texture":"#8"},"south":{"uv":[4,2,5.996,4.995],"rotation":90,"texture":"#8"},"west":{"uv":[4,2,5.996,4.995],"rotation":90,"texture":"#8"},"up":{"uv":[4,2,5.996,4.995],"rotation":90,"texture":"#8"},"down":{"uv":[4,2,5.996,4.995],"rotation":90,"texture":"#8"}}},{"from":[8.24,8.99,5.99],"to":[8.76,9.51,7.51],"rotation":{"angle":-22.5,"axis":"x","origin":[8.5,9.25,6.75]},"faces":{"north":{"uv":[4,2,5.996,4.995],"rotation":90,"texture":"#8"},"east":{"uv":[4,2,5.996,4.995],"rotation":90,"texture":"#8"},"south":{"uv":[4,2,5.996,4.995],"rotation":90,"texture":"#8"},"west":{"uv":[4,2,5.996,4.995],"rotation":90,"texture":"#8"},"up":{"uv":[4,2,5.996,4.995],"rotation":90,"texture":"#8"},"down":{"uv":[4,2,5.996,4.995],"rotation":90,"texture":"#8"}}},{"from":[8.075,-1.5,7.075],"to":[8.925,3,7.925],"rotation":{"angle":0,"axis":"y","origin":[8.5,0.75,7.5]},"faces":{"north":{"uv":[0,0,16,16],"texture":"#2"},"east":{"uv":[0,0,16,16],"texture":"#2"},"south":{"uv":[0,0,16,16],"texture":"#2"},"west":{"uv":[0,0,16,16],"texture":"#2"},"up":{"uv":[0,0,16,16],"texture":"#2"},"down":{"uv":[0,0,16,16],"texture":"#2"}}},{"from":[7.95,-4.55,6.95],"to":[9.05,-3.45,8.05],"rotation":{"angle":45,"axis":"x","origin":[8.5,-4,7.5]},"faces":{"north":{"uv":[1,12,1.998,12.997],"texture":"#5"},"east":{"uv":[1,12,4.998,15.998],"texture":"#5"},"south":{"uv":[3.997,14.998,4.997,15.997],"texture":"#5"},"west":{"uv":[1,12,4.998,15.998],"texture":"#5"},"up":{"uv":[1,12,2,12.997],"texture":"#5"},"down":{"uv":[3.997,14.998,4.997,15.997],"texture":"#5"}}},{"from":[7.9,-4.375,7.125],"to":[9.1,-3.625,7.875],"rotation":{"angle":45,"axis":"x","origin":[8.5,-4,7.5]},"faces":{"north":{"uv":[5,6,8.997,9.997],"texture":"#7"},"east":{"uv":[5,6,8.997,9.997],"texture":"#7"},"south":{"uv":[5,6,8.997,9.997],"texture":"#7"},"west":{"uv":[5,6,8.997,9.997],"texture":"#7"},"up":{"uv":[5,6,8.997,9.997],"texture":"#7"},"down":{"uv":[5,6,8.997,9.997],"texture":"#7"}}}],"display":{"thirdperson_righthand":{"translation":[-0.75,6.5,1.5],"scale":[1.2,1.2,1.2]},"thirdperson_lefthand":{"translation":[0.25,6.5,1.5],"scale":[1.2,1.2,1.2]},"firstperson_righthand":{"rotation":[-5,0,0],"translation":[3.5,5.5,-0.75],"scale":[1.2,1.2,1.2]},"firstperson_lefthand":{"rotation":[-5,0,0],"translation":[3.5,5.5,-0.75],"scale":[1.2,1.2,1.2]},"ground":{"translation":[0,11,0],"scale":[1.2,1.2,1.2]},"gui":{"rotation":[-45,-41,-62],"translation":[1.25,3,0]},"head":{"rotation":[0,0,-44],"translation":[4,-9.75,4.5],"scale":[1.2,1.2,1.2]},"fixed":{"rotation":[0,90,0],"translation":[1,4.5,-0.5],"scale":[1.2,1.2,1.2]}}}