{"credit":"Made with Blockbench","textures":{"2":"ebwizardry:custom/texturedasteaxess","5":"ebwizardry:custom/wand_master_ice","7":"ebwizardry:custom/crystal_ice","8":"ebwizardry:custom/ice","particle":"ebwizardry:custom/texturedasteaxess"},"elements":[{"from":[7.97,-4.03,6.97],"to":[9.03,-1.47,8.03],"rotation":{"angle":0,"axis":"y","origin":[8.5,-2.75,7.5]},"faces":{"north":{"uv":[0,0,4.999,10.997],"texture":"#8"},"east":{"uv":[0,0,4.999,10.997],"texture":"#8"},"south":{"uv":[0,0,4.999,10.997],"texture":"#8"},"west":{"uv":[0,0,4.999,10.997],"texture":"#8"},"up":{"uv":[0,0,4.999,10.997],"texture":"#8"},"down":{"uv":[0,0,4.999,10.997],"texture":"#8"}}},{"from":[7.97,7.97,6.97],"to":[9.03,10.53,8.03],"rotation":{"angle":0,"axis":"y","origin":[8.5,9.25,7.5]},"faces":{"north":{"uv":[0,0,4.999,10.997],"texture":"#8"},"east":{"uv":[0,0,4.999,10.997],"texture":"#8"},"south":{"uv":[0,0,4.999,10.997],"texture":"#8"},"west":{"uv":[0,0,4.999,10.997],"texture":"#8"},"up":{"uv":[0,0,4.999,10.997],"texture":"#8"},"down":{"uv":[0,0,4.999,10.997],"texture":"#8"}}},{"from":[8,3,7.25],"to":[9,10.6,7.75],"rotation":{"angle":0,"axis":"y","origin":[8.5,6.8,7.5]},"faces":{"north":{"uv":[7.997,0,9.996,15.998],"texture":"#8"},"east":{"uv":[7.997,0,9.996,15.998],"texture":"#8"},"south":{"uv":[7.997,0,9.996,15.998],"texture":"#8"},"west":{"uv":[7.997,0,9.996,15.998],"texture":"#8"},"up":{"uv":[7.997,0,9.996,15.998],"texture":"#8"},"down":{"uv":[7.997,0,9.996,15.998],"texture":"#8"}}},{"from":[8,2.5,7.25],"to":[9,3,7.75],"rotation":{"angle":0,"axis":"y","origin":[8.5,2.75,7.5]},"faces":{"north":{"uv":[7.997,0,9.996,15.998],"texture":"#8"},"east":{"uv":[7.997,0,9.996,15.998],"texture":"#8"},"south":{"uv":[7.997,0,9.996,15.998],"texture":"#8"},"west":{"uv":[7.997,0,9.996,15.998],"texture":"#8"},"up":{"uv":[7.997,0,9.996,15.998],"texture":"#8"},"down":{"uv":[7.997,0,9.996,15.998],"texture":"#8"}}},{"from":[8,-1.5,7.25],"to":[9,-1,7.75],"rotation":{"angle":0,"axis":"y","origin":[8.5,-1.25,7.5]},"faces":{"north":{"uv":[7.997,0,9.996,15.998],"texture":"#8"},"east":{"uv":[7.997,0,9.996,15.998],"texture":"#8"},"south":{"uv":[7.997,0,9.996,15.998],"texture":"#8"},"west":{"uv":[7.997,0,9.996,15.998],"texture":"#8"},"up":{"uv":[7.997,0,9.996,15.998],"texture":"#8"},"down":{"uv":[7.997,0,9.996,15.998],"texture":"#8"}}},{"from":[8.25,-1.5,7],"to":[8.75,-1,8],"rotation":{"angle":0,"axis":"y","origin":[8.5,-1.25,7.5]},"faces":{"north":{"uv":[7.997,0,9.996,15.998],"texture":"#8"},"east":{"uv":[7.997,0,9.996,15.998],"texture":"#8"},"south":{"uv":[7.997,0,9.996,15.998],"texture":"#8"},"west":{"uv":[7.997,0,9.996,15.998],"texture":"#8"},"up":{"uv":[7.997,0,9.996,15.998],"rotation":270,"texture":"#8"},"down":{"uv":[7.997,0,9.996,15.998],"rotation":90,"texture":"#8"}}},{"from":[8.25,2.5,7],"to":[8.75,3,8],"rotation":{"angle":0,"axis":"y","origin":[8.5,2.75,7.5]},"faces":{"north":{"uv":[7.997,0,9.996,15.998],"texture":"#8"},"east":{"uv":[7.997,0,9.996,15.998],"texture":"#8"},"south":{"uv":[7.997,0,9.996,15.998],"texture":"#8"},"west":{"uv":[7.997,0,9.996,15.998],"texture":"#8"},"up":{"uv":[7.997,0,9.996,15.998],"rotation":270,"texture":"#8"},"down":{"uv":[7.997,0,9.996,15.998],"rotation":90,"texture":"#8"}}},{"from":[8.24,2.99,6.99],"to":[8.76,10.61,8.01],"rotation":{"angle":0,"axis":"y","origin":[8.5,6.8,7.5]},"faces":{"north":{"uv":[0,0,1.999,15.998],"texture":"#8"},"east":{"uv":[0,0,1.999,15.998],"texture":"#8"},"south":{"uv":[0,0,1.999,15.998],"texture":"#8"},"west":{"uv":[0,0,1.999,15.998],"texture":"#8"},"up":{"uv":[0,0,1.999,15.998],"texture":"#8"},"down":{"uv":[0,0,1.999,15.998],"texture":"#8"}}},{"from":[7.5,11,6.5],"to":[9.5,14,8.5],"rotation":{"angle":0,"axis":"y","origin":[8.5,12.5,7.5]},"faces":{"north":{"uv":[5,5,11.992,11.995],"texture":"#7"},"east":{"uv":[5,5,11.992,11.995],"texture":"#7"},"south":{"uv":[5,5,11.992,11.995],"texture":"#7"},"west":{"uv":[5,5,11.992,11.995],"texture":"#7"},"up":{"uv":[5,5,11.992,11.995],"texture":"#7"},"down":{"uv":[5,5,11.992,11.995],"texture":"#7"}}},{"from":[8,10.6,7],"to":[9,11.6,8],"rotation":{"angle":0,"axis":"y","origin":[8.5,11.1,7.5]},"faces":{"north":{"uv":[6,5,8.992,7.996],"texture":"#7"},"east":{"uv":[6,5,8.992,7.996],"texture":"#7"},"south":{"uv":[6,5,8.992,7.996],"texture":"#7"},"west":{"uv":[6,5,8.992,7.996],"texture":"#7"},"up":{"uv":[6,5,8.992,7.996],"texture":"#7"},"down":{"uv":[6,5,8.992,7.996],"texture":"#7"}}},{"from":[8,11.45,6.25],"to":[9,13.55,8.75],"rotation":{"angle":0,"axis":"y","origin":[8.5,13,7.5]},"faces":{"north":{"uv":[6,6,9.986,10.993],"texture":"#7"},"east":{"uv":[6,6,9.986,10.993],"texture":"#7"},"south":{"uv":[6,6,9.986,10.993],"texture":"#7"},"west":{"uv":[6,6,9.986,10.993],"texture":"#7"},"up":{"uv":[6,6,9.986,10.993],"texture":"#7"},"down":{"uv":[6,6,9.986,10.993],"texture":"#7"}}},{"from":[7.25,11.45,7],"to":[9.75,13.55,8],"rotation":{"angle":0,"axis":"y","origin":[8.5,13,7.5]},"faces":{"north":{"uv":[6,6,9.988,10.992],"texture":"#7"},"east":{"uv":[6,6,9.988,10.992],"texture":"#7"},"south":{"uv":[6,6,9.988,10.992],"texture":"#7"},"west":{"uv":[6,6,9.988,10.992],"texture":"#7"},"up":{"uv":[6,6,9.988,10.992],"texture":"#7"},"down":{"uv":[6,6,9.988,10.992],"texture":"#7"}}},{"from":[7.5,13.98,6.5],"to":[9.5,14.98,8.5],"rotation":{"angle":0,"axis":"y","origin":[8.5,14.48,7.5]},"faces":{"north":{"uv":[7,2,11.993,4.995],"texture":"#7"},"east":{"uv":[7,2,11.993,4.995],"texture":"#7"},"south":{"uv":[7,2,11.993,4.995],"texture":"#7"},"west":{"uv":[7,2,11.993,4.995],"texture":"#7"},"up":{"uv":[0,0,4.993,2.995],"texture":"#7"},"down":{"uv":[0,0,4.993,2.995],"texture":"#7"}}},{"from":[7.5,9.98,6.5],"to":[9.5,10.98,8.5],"rotation":{"angle":0,"axis":"x","origin":[8.5,10.48,7.5]},"faces":{"north":{"uv":[3,11,12.992,13.996],"texture":"#7"},"east":{"uv":[3,11,12.992,13.996],"texture":"#7"},"south":{"uv":[3,11,12.992,13.996],"texture":"#7"},"west":{"uv":[3,11,12.992,13.996],"texture":"#7"},"up":{"uv":[0,1,2.992,3],"texture":"#7"},"down":{"uv":[0,0,4.992,2.996],"texture":"#7"}}},{"from":[8.25,8,5.9],"to":[8.75,12.5,6.4],"rotation":{"angle":-22.5,"axis":"x","origin":[8.5,11.25,6.15]},"faces":{"north":{"uv":[9,0,10.995,15.999],"texture":"#8"},"east":{"uv":[9,0,10.995,15.999],"texture":"#8"},"south":{"uv":[9,0,10.995,15.999],"texture":"#8"},"west":{"uv":[9,0,10.995,15.999],"texture":"#8"},"up":{"uv":[9,0,10.995,15.999],"texture":"#8"},"down":{"uv":[9,0,10.995,15.999],"texture":"#8"}}},{"from":[8.29,7.04,5.94],"to":[8.71,9.46,6.36],"rotation":{"angle":-22.5,"axis":"x","origin":[8.5,10.25,6.15]},"faces":{"north":{"uv":[9,0,10.995,15.999],"texture":"#8"},"east":{"uv":[9,0,10.995,15.999],"texture":"#8"},"south":{"uv":[9,0,10.995,15.999],"texture":"#8"},"west":{"uv":[9,0,10.995,15.999],"texture":"#8"},"up":{"uv":[9,0,10.995,15.999],"texture":"#8"},"down":{"uv":[9,0,10.995,15.999],"texture":"#8"}}},{"from":[8.23,3.98,5.88],"to":[8.77,5.52,6.42],"rotation":{"angle":-22.5,"axis":"x","origin":[8.5,7.25,6.15]},"faces":{"north":{"uv":[9,0,10.995,15.999],"texture":"#8"},"east":{"uv":[9,0,10.995,15.999],"texture":"#8"},"south":{"uv":[9,0,10.995,15.999],"texture":"#8"},"west":{"uv":[9,0,10.995,15.999],"texture":"#8"},"up":{"uv":[9,0,10.995,15.999],"texture":"#8"},"down":{"uv":[9,0,10.995,15.999],"texture":"#8"}}},{"from":[8.25,-4,6.6],"to":[8.75,-3,7.1],"rotation":{"angle":45,"axis":"x","origin":[8.5,-3.5,6.85]},"faces":{"north":{"uv":[9,14,10.994,15.997],"texture":"#8"},"east":{"uv":[9,14,10.994,15.997],"texture":"#8"},"south":{"uv":[9,14,10.994,15.997],"texture":"#8"},"west":{"uv":[9,14,10.994,15.997],"texture":"#8"},"up":{"uv":[9,14,10.994,15.997],"texture":"#8"},"down":{"uv":[9,14,10.994,15.997],"texture":"#8"}}},{"from":[8.25,-4,7.9],"to":[8.75,-3,8.4],"rotation":{"angle":-45,"axis":"x","origin":[8.5,-3.5,8.15]},"faces":{"north":{"uv":[9,14,10.994,15.997],"texture":"#8"},"east":{"uv":[9,14,10.994,15.997],"texture":"#8"},"south":{"uv":[9,14,10.994,15.997],"texture":"#8"},"west":{"uv":[9,14,10.994,15.997],"texture":"#8"},"up":{"uv":[9,14,10.994,15.997],"texture":"#8"},"down":{"uv":[9,14,10.994,15.997],"texture":"#8"}}},{"from":[9.5,8,7.25],"to":[10,12.5,7.75],"rotation":{"angle":-22.5,"axis":"z","origin":[9.75,11.25,7.5]},"faces":{"north":{"uv":[9,0,10.995,15.999],"texture":"#8"},"east":{"uv":[9,0,10.995,15.999],"texture":"#8"},"south":{"uv":[9,0,10.995,15.999],"texture":"#8"},"west":{"uv":[9,0,10.995,15.999],"texture":"#8"},"up":{"uv":[9,0,10.995,15.999],"texture":"#8"},"down":{"uv":[9,0,10.995,15.999],"texture":"#8"}}},{"from":[9.5,7,7.25],"to":[10,9.5,7.75],"rotation":{"angle":-22.5,"axis":"z","origin":[9.75,10.25,7.5]},"faces":{"north":{"uv":[9,0,10.995,15.999],"texture":"#8"},"east":{"uv":[9,0,10.995,15.999],"texture":"#8"},"south":{"uv":[9,0,10.995,15.999],"texture":"#8"},"west":{"uv":[9,0,10.995,15.999],"texture":"#8"},"up":{"uv":[9,0,10.995,15.999],"texture":"#8"},"down":{"uv":[9,0,10.995,15.999],"texture":"#8"}}},{"from":[9.48,4.98,7.23],"to":[10.02,6.52,7.77],"rotation":{"angle":-22.5,"axis":"z","origin":[9.75,8.25,7.5]},"faces":{"north":{"uv":[9,0,10.995,15.999],"texture":"#8"},"east":{"uv":[9,0,10.995,15.999],"texture":"#8"},"south":{"uv":[9,0,10.995,15.999],"texture":"#8"},"west":{"uv":[9,0,10.995,15.999],"texture":"#8"},"up":{"uv":[9,0,10.995,15.999],"texture":"#8"},"down":{"uv":[9,0,10.995,15.999],"texture":"#8"}}},{"from":[8.5,-3,7.25],"to":[9,-2,7.75],"rotation":{"angle":45,"axis":"z","origin":[8.75,-2.5,7.5]},"faces":{"north":{"uv":[9,0,10.995,15.999],"texture":"#8"},"east":{"uv":[9,0,10.995,15.999],"texture":"#8"},"south":{"uv":[9,0,10.995,15.999],"texture":"#8"},"west":{"uv":[9,0,10.995,15.999],"texture":"#8"},"up":{"uv":[9,0,10.995,15.999],"texture":"#8"},"down":{"uv":[9,0,10.995,15.999],"texture":"#8"}}},{"from":[7,8,7.25],"to":[7.5,12.5,7.75],"rotation":{"angle":22.5,"axis":"z","origin":[7.25,11.25,7.5]},"faces":{"north":{"uv":[9,0,10.995,15.999],"texture":"#8"},"east":{"uv":[9,0,10.995,15.999],"texture":"#8"},"south":{"uv":[9,0,10.995,15.999],"texture":"#8"},"west":{"uv":[9,0,10.995,15.999],"texture":"#8"},"up":{"uv":[9,0,10.995,15.999],"texture":"#8"},"down":{"uv":[9,0,10.995,15.999],"texture":"#8"}}},{"from":[6.98,6.98,7.23],"to":[7.52,9.52,7.77],"rotation":{"angle":22.5,"axis":"z","origin":[7.25,10.25,7.5]},"faces":{"north":{"uv":[9,0,10.995,15.999],"texture":"#8"},"east":{"uv":[9,0,10.995,15.999],"texture":"#8"},"south":{"uv":[9,0,10.995,15.999],"texture":"#8"},"west":{"uv":[9,0,10.995,15.999],"texture":"#8"},"up":{"uv":[9,0,10.995,15.999],"texture":"#8"},"down":{"uv":[9,0,10.995,15.999],"texture":"#8"}}},{"from":[8,-3,7.25],"to":[8.5,-2,7.75],"rotation":{"angle":-45,"axis":"z","origin":[8.25,-2.5,7.5]},"faces":{"north":{"uv":[9,0,10.995,15.999],"texture":"#8"},"east":{"uv":[9,0,10.995,15.999],"texture":"#8"},"south":{"uv":[9,0,10.995,15.999],"texture":"#8"},"west":{"uv":[9,0,10.995,15.999],"texture":"#8"},"up":{"uv":[9,0,10.995,15.999],"texture":"#8"},"down":{"uv":[9,0,10.995,15.999],"texture":"#8"}}},{"from":[6.98,2.98,7.23],"to":[7.52,4.52,7.77],"rotation":{"angle":22.5,"axis":"z","origin":[7.25,6.25,7.5]},"faces":{"north":{"uv":[9,0,10.995,15.999],"texture":"#8"},"east":{"uv":[9,0,10.995,15.999],"texture":"#8"},"south":{"uv":[9,0,10.995,15.999],"texture":"#8"},"west":{"uv":[9,0,10.995,15.999],"texture":"#8"},"up":{"uv":[9,0,10.995,15.999],"texture":"#8"},"down":{"uv":[9,0,10.995,15.999],"texture":"#8"}}},{"from":[8.25,8,8.7],"to":[8.75,12.5,9.2],"rotation":{"angle":22.5,"axis":"x","origin":[8.5,11.25,8.95]},"faces":{"north":{"uv":[0,0,1.997,15.997],"texture":"#8"},"east":{"uv":[0,0,1.997,15.997],"texture":"#8"},"south":{"uv":[0,0,1.997,15.997],"texture":"#8"},"west":{"uv":[0,0,1.997,15.997],"texture":"#8"},"up":{"uv":[0,0,1.997,15.997],"texture":"#8"},"down":{"uv":[0,0,1.997,15.997],"texture":"#8"}}},{"from":[8.22,6.97,8.67],"to":[8.78,9.53,9.23],"rotation":{"angle":22.5,"axis":"x","origin":[8.5,10.25,8.95]},"faces":{"north":{"uv":[0,0,1.997,15.997],"texture":"#8"},"east":{"uv":[0,0,1.997,15.997],"texture":"#8"},"south":{"uv":[0,0,1.997,15.997],"texture":"#8"},"west":{"uv":[0,0,1.997,15.997],"texture":"#8"},"up":{"uv":[0,0,1.997,15.997],"texture":"#8"},"down":{"uv":[0,0,1.997,15.997],"texture":"#8"}}},{"from":[8.23,5.98,8.68],"to":[8.77,7.52,9.22],"rotation":{"angle":22.5,"axis":"x","origin":[8.5,9.25,8.95]},"faces":{"north":{"uv":[0,0,1.997,15.997],"texture":"#8"},"east":{"uv":[0,0,1.997,15.997],"texture":"#8"},"south":{"uv":[0,0,1.997,15.997],"texture":"#8"},"west":{"uv":[0,0,1.997,15.997],"texture":"#8"},"up":{"uv":[0,0,1.997,15.997],"texture":"#8"},"down":{"uv":[0,0,1.997,15.997],"texture":"#8"}}},{"from":[8.085,-1.49,7.085],"to":[8.915,2.99,7.915],"rotation":{"angle":0,"axis":"y","origin":[8.5,0.75,7.5]},"faces":{"north":{"uv":[6,10,6.994,10.994],"texture":"#2"},"east":{"uv":[6,10,6.994,10.994],"texture":"#2"},"south":{"uv":[6,10,6.994,10.994],"texture":"#2"},"west":{"uv":[6,10,6.994,10.994],"texture":"#2"},"up":{"uv":[6,10,6.994,10.994],"texture":"#2"},"down":{"uv":[6,10,6.994,10.994],"texture":"#2"}}},{"from":[7.95,-4.55,6.95],"to":[9.05,-3.45,8.05],"rotation":{"angle":45,"axis":"x","origin":[8.5,-4,7.5]},"faces":{"north":{"uv":[3.997,12,4.997,15.997],"texture":"#5"},"east":{"uv":[1,12,4.998,15.998],"texture":"#5"},"south":{"uv":[3.997,12,4.997,15.997],"rotation":180,"texture":"#5"},"west":{"uv":[1,12,4.998,15.998],"rotation":270,"texture":"#5"},"up":{"uv":[3.997,12,4.997,15.997],"texture":"#5"},"down":{"uv":[3.997,12,4.997,15.997],"texture":"#5"}}},{"from":[7.9,-4.375,7.125],"to":[9.1,-3.625,7.875],"rotation":{"angle":45,"axis":"x","origin":[8.5,-4,7.5]},"faces":{"north":{"uv":[4,5,11.998,11.998],"texture":"#7"},"east":{"uv":[4,5,11.998,11.998],"texture":"#7"},"south":{"uv":[4,5,11.998,11.998],"texture":"#7"},"west":{"uv":[4,5,11.998,11.998],"texture":"#7"},"up":{"uv":[4,5,11.998,11.998],"texture":"#7"},"down":{"uv":[4,5,11.998,11.998],"texture":"#7"}}}],"display":{"thirdperson_righthand":{"translation":[-0.75,6.5,1.5],"scale":[1.2,1.2,1.2]},"thirdperson_lefthand":{"translation":[0.25,6.5,1.5],"scale":[1.2,1.2,1.2]},"firstperson_righthand":{"rotation":[-5,0,0],"translation":[3.5,5.5,-0.75],"scale":[1.2,1.2,1.2]},"firstperson_lefthand":{"rotation":[-5,0,0],"translation":[3.5,5.5,-0.75],"scale":[1.2,1.2,1.2]},"ground":{"translation":[0,11,0],"scale":[1.2,1.2,1.2]},"gui":{"rotation":[-45,-41,-62],"translation":[1.25,3,0]},"head":{"rotation":[0,0,-44],"translation":[4,-9.75,4.5],"scale":[1.2,1.2,1.2]},"fixed":{"rotation":[0,90,0],"translation":[1,4.5,-0.5],"scale":[1.2,1.2,1.2]}}}