{"credit":"Made with Blockbench","textures":{"2":"ebwizardry:custom/texturedasteaxess","7":"ebwizardry:custom/crystal_lightning","8":"ebwizardry:custom/lightning_herosword","9":"ebwizardry:custom/lightning_herosword__2","10":"ebwizardry:custom/lightning_herosword__3","11":"ebwizardry:custom/wand_master_lightning","particle":"ebwizardry:custom/texturedasteaxess"},"elements":[{"from":[8,-4,7],"to":[9,-1.5,8],"rotation":{"angle":0,"axis":"y","origin":[8.5,-2.75,7.5]},"faces":{"north":{"uv":[5,12,5.999,13.996],"texture":"#11"},"east":{"uv":[5,12,5.999,13.996],"texture":"#11"},"south":{"uv":[5,12,5.999,13.996],"texture":"#11"},"west":{"uv":[5,12,5.999,13.996],"texture":"#11"},"up":{"uv":[5,12,5.999,13.996],"texture":"#11"},"down":{"uv":[5,12,5.999,13.996],"texture":"#11"}}},{"from":[7.97,7.47,6.97],"to":[9.03,10.53,8.03],"rotation":{"angle":0,"axis":"y","origin":[8.5,9,7.5]},"faces":{"north":{"uv":[11,5,11.998,5.995],"texture":"#11"},"east":{"uv":[11,5,11.998,5.995],"texture":"#11"},"south":{"uv":[11,5,11.998,5.995],"texture":"#11"},"west":{"uv":[11,5,11.998,5.995],"texture":"#11"},"up":{"uv":[11,5,11.998,5.995],"texture":"#11"},"down":{"uv":[11,5,11.998,5.995],"texture":"#11"}}},{"from":[7.99,2.99,7.24],"to":[9.01,7.61,7.76],"rotation":{"angle":0,"axis":"y","origin":[8.5,6.8,7.5]},"faces":{"north":{"uv":[7,8,7.997,10.996],"rotation":180,"texture":"#11"},"east":{"uv":[7,8,7.997,10.996],"rotation":180,"texture":"#11"},"south":{"uv":[7,8,7.997,10.996],"rotation":180,"texture":"#11"},"west":{"uv":[7,8,7.997,10.996],"rotation":180,"texture":"#11"},"up":{"uv":[7,8,7.997,10.996],"rotation":180,"texture":"#11"},"down":{"uv":[7,8,7.997,10.996],"rotation":180,"texture":"#11"}}},{"from":[8.24,2.99,6.99],"to":[8.76,7.61,8.01],"rotation":{"angle":0,"axis":"y","origin":[8.5,6.8,7.5]},"faces":{"north":{"uv":[8,7,8.996,9.996],"rotation":180,"texture":"#11"},"east":{"uv":[8,7,8.996,9.996],"rotation":180,"texture":"#11"},"south":{"uv":[8,7,8.996,9.996],"rotation":180,"texture":"#11"},"west":{"uv":[8,7,8.996,9.996],"rotation":180,"texture":"#11"},"up":{"uv":[8,7,8.996,9.996],"rotation":180,"texture":"#11"},"down":{"uv":[8,7,8.996,9.996],"rotation":180,"texture":"#11"}}},{"from":[7.5,11,6.5],"to":[9.5,14,8.5],"rotation":{"angle":0,"axis":"y","origin":[8.5,12.5,7.5]},"faces":{"north":{"uv":[5,4,11.992,13.994],"texture":"#7"},"east":{"uv":[5,4,11.992,13.994],"texture":"#7"},"south":{"uv":[5,4,11.992,13.994],"texture":"#7"},"west":{"uv":[5,4,11.992,13.994],"texture":"#7"},"up":{"uv":[6,4,10.99,6.993],"texture":"#7"},"down":{"uv":[5,12,11.992,13.993],"texture":"#7"}}},{"from":[8,10.6,7],"to":[9,11.6,8],"rotation":{"angle":0,"axis":"y","origin":[8.5,11.1,7.5]},"faces":{"north":{"uv":[6,5,8.992,7.996],"texture":"#7"},"east":{"uv":[6,5,8.992,7.996],"texture":"#7"},"south":{"uv":[6,5,8.992,7.996],"texture":"#7"},"west":{"uv":[6,5,8.992,7.996],"texture":"#7"},"up":{"uv":[6,5,8.992,7.996],"texture":"#7"},"down":{"uv":[6,5,8.992,7.996],"texture":"#7"}}},{"from":[8,11.45,6.25],"to":[9,13.55,8.75],"rotation":{"angle":0,"axis":"y","origin":[8.5,13,7.5]},"faces":{"north":{"uv":[3,7,6.989,10.993],"texture":"#7"},"east":{"uv":[3,7,6.989,10.993],"texture":"#7"},"south":{"uv":[3,7,6.989,10.993],"texture":"#7"},"west":{"uv":[3,7,6.989,10.993],"texture":"#7"},"up":{"uv":[3,7,6.989,10.993],"texture":"#7"},"down":{"uv":[3,7,6.989,10.993],"texture":"#7"}}},{"from":[7.25,11.45,7],"to":[9.75,13.55,8],"rotation":{"angle":0,"axis":"y","origin":[8.5,13,7.5]},"faces":{"north":{"uv":[7,7,9.99,11.993],"texture":"#7"},"east":{"uv":[7,7,9.99,11.993],"texture":"#7"},"south":{"uv":[7,7,9.99,11.993],"texture":"#7"},"west":{"uv":[7,7,9.99,11.993],"texture":"#7"},"up":{"uv":[7,7,9.99,11.993],"texture":"#7"},"down":{"uv":[7,7,9.99,11.993],"texture":"#7"}}},{"from":[7.5,13.98,6.5],"to":[9.5,14.98,8.5],"rotation":{"angle":0,"axis":"y","origin":[8.5,14.48,7.5]},"faces":{"north":{"uv":[5,1,11.992,3.995],"texture":"#7"},"east":{"uv":[5,1,11.992,3.995],"texture":"#7"},"south":{"uv":[5,1,11.992,3.995],"texture":"#7"},"west":{"uv":[5,1,11.992,3.995],"texture":"#7"},"up":{"uv":[1,1,4.992,2.994],"texture":"#7"},"down":{"uv":[1,1,3.991,3.995],"texture":"#7"}}},{"from":[7.5,10.25,6.5],"to":[9.5,11,8.5],"rotation":{"angle":0,"axis":"x","origin":[8.5,10.625,7.5]},"faces":{"north":{"uv":[3,12,13.988,13.995],"texture":"#7"},"east":{"uv":[3,12,13.988,13.995],"texture":"#7"},"south":{"uv":[3,12,13.988,13.995],"texture":"#7"},"west":{"uv":[3,12,13.988,13.995],"texture":"#7"},"up":{"uv":[3,14,13.988,15.994],"texture":"#7"},"down":{"uv":[2,14,12.988,15.994],"texture":"#7"}}},{"from":[8.25,8,5.9],"to":[8.75,12.5,6.4],"rotation":{"angle":-22.5,"axis":"x","origin":[8.5,11.25,6.15]},"faces":{"north":{"uv":[10,2,10.995,4.995],"texture":"#11"},"east":{"uv":[10,2,10.995,4.995],"texture":"#11"},"south":{"uv":[10,2,10.995,4.995],"texture":"#11"},"west":{"uv":[10,2,10.995,4.995],"texture":"#11"},"up":{"uv":[10,2,10.995,4.995],"texture":"#11"},"down":{"uv":[10,2,10.995,4.995],"texture":"#11"}}},{"from":[8.25,7,5.9],"to":[8.75,8.5,6.4],"rotation":{"angle":-22.5,"axis":"x","origin":[8.5,10.25,6.15]},"faces":{"north":{"uv":[10,2,10.995,4.995],"texture":"#11"},"east":{"uv":[10,2,10.995,4.995],"texture":"#11"},"south":{"uv":[10,2,10.995,4.995],"texture":"#11"},"west":{"uv":[10,2,10.995,4.995],"texture":"#11"},"up":{"uv":[10,2,10.995,4.995],"texture":"#11"},"down":{"uv":[10,2,10.995,4.995],"texture":"#11"}}},{"from":[9.5,8,7.25],"to":[10,12.5,7.75],"rotation":{"angle":-22.5,"axis":"z","origin":[9.75,11.25,7.5]},"faces":{"north":{"uv":[9.997,2,10.996,4.998],"texture":"#11"},"east":{"uv":[9.997,2,10.996,4.998],"texture":"#11"},"south":{"uv":[9.997,2,10.996,4.998],"texture":"#11"},"west":{"uv":[9.997,2,10.996,4.998],"texture":"#11"},"up":{"uv":[9.997,2,10.996,4.998],"texture":"#11"},"down":{"uv":[9.997,2,10.996,4.998],"texture":"#11"}}},{"from":[9.5,7,7.25],"to":[10,8.5,7.75],"rotation":{"angle":-22.5,"axis":"z","origin":[9.75,10.25,7.5]},"faces":{"north":{"uv":[9.997,2,10.996,4.998],"texture":"#11"},"east":{"uv":[9.997,2,10.996,4.998],"texture":"#11"},"south":{"uv":[9.997,2,10.996,4.998],"texture":"#11"},"west":{"uv":[9.997,2,10.996,4.998],"texture":"#11"},"up":{"uv":[9.997,2,10.996,4.998],"texture":"#11"},"down":{"uv":[9.997,2,10.996,4.998],"texture":"#11"}}},{"from":[7,8,7.25],"to":[7.5,12.5,7.75],"rotation":{"angle":22.5,"axis":"z","origin":[7.25,11.25,7.5]},"faces":{"north":{"uv":[9.996,2,10.995,4.996],"texture":"#11"},"east":{"uv":[9.996,2,10.995,4.996],"texture":"#11"},"south":{"uv":[9.996,2,10.995,4.996],"texture":"#11"},"west":{"uv":[9.996,2,10.995,4.996],"texture":"#11"},"up":{"uv":[9.996,2,10.995,4.996],"texture":"#11"},"down":{"uv":[9.996,2,10.995,4.996],"texture":"#11"}}},{"from":[7,7,7.25],"to":[7.5,8.5,7.75],"rotation":{"angle":22.5,"axis":"z","origin":[7.25,10.25,7.5]},"faces":{"north":{"uv":[9.996,2,10.995,4.996],"texture":"#11"},"east":{"uv":[9.996,2,10.995,4.996],"texture":"#11"},"south":{"uv":[9.996,2,10.995,4.996],"texture":"#11"},"west":{"uv":[9.996,2,10.995,4.996],"texture":"#11"},"up":{"uv":[9.996,2,10.995,4.996],"texture":"#11"},"down":{"uv":[9.996,2,10.995,4.996],"texture":"#11"}}},{"from":[8.25,8,8.7],"to":[8.75,12.5,9.2],"rotation":{"angle":22.5,"axis":"x","origin":[8.5,11.25,8.95]},"faces":{"north":{"uv":[9.996,2,10.995,4.996],"texture":"#11"},"east":{"uv":[9.996,2,10.995,4.996],"texture":"#11"},"south":{"uv":[9.996,2,10.995,4.996],"texture":"#11"},"west":{"uv":[9.996,2,10.995,4.996],"texture":"#11"},"up":{"uv":[9.996,2,10.995,4.996],"texture":"#11"},"down":{"uv":[9.996,2,10.995,4.996],"texture":"#11"}}},{"from":[8.25,7,8.7],"to":[8.75,8.5,9.2],"rotation":{"angle":22.5,"axis":"x","origin":[8.5,10.25,8.95]},"faces":{"north":{"uv":[9.996,2,10.995,4.996],"texture":"#11"},"east":{"uv":[9.996,2,10.995,4.996],"texture":"#11"},"south":{"uv":[9.996,2,10.995,4.996],"texture":"#11"},"west":{"uv":[9.996,2,10.995,4.996],"texture":"#11"},"up":{"uv":[9.996,2,10.995,4.996],"texture":"#11"},"down":{"uv":[9.996,2,10.995,4.996],"texture":"#11"}}},{"from":[8.25,-3.75,7.5],"to":[8.75,-3.25,8.5],"rotation":{"angle":45,"axis":"x","origin":[8.5,-3.5,8]},"faces":{"north":{"uv":[5,13,5.998,15.995],"rotation":180,"texture":"#11"},"east":{"uv":[5,13,5.998,15.995],"rotation":90,"texture":"#11"},"south":{"uv":[5,13,5.998,15.995],"texture":"#11"},"west":{"uv":[5,13,5.998,15.995],"rotation":270,"texture":"#11"},"up":{"uv":[5,13,5.998,15.995],"texture":"#11"},"down":{"uv":[5,13,5.998,15.995],"rotation":180,"texture":"#11"}}},{"from":[8.25,-3.75,6.45],"to":[8.75,-3.25,7.45],"rotation":{"angle":-45,"axis":"x","origin":[8.5,-3.5,6.95]},"faces":{"north":{"uv":[5,13,5.998,15.995],"rotation":180,"texture":"#11"},"east":{"uv":[5,13,5.998,15.995],"rotation":270,"texture":"#11"},"south":{"uv":[5,13,5.998,15.995],"texture":"#11"},"west":{"uv":[5,13,5.998,15.995],"rotation":90,"texture":"#11"},"up":{"uv":[5,13,5.998,15.995],"rotation":180,"texture":"#11"},"down":{"uv":[5,13,5.998,15.995],"texture":"#11"}}},{"from":[8.075,-1.5,7.075],"to":[8.925,3,7.925],"rotation":{"angle":0,"axis":"y","origin":[8.5,0.75,7.5]},"faces":{"north":{"uv":[0,0,16,16],"texture":"#2"},"east":{"uv":[0,0,16,16],"texture":"#2"},"south":{"uv":[0,0,16,16],"texture":"#2"},"west":{"uv":[0,0,16,16],"texture":"#2"},"up":{"uv":[0,0,16,16],"texture":"#2"},"down":{"uv":[0,0,16,16],"texture":"#2"}}},{"from":[7.95,-4.55,6.95],"to":[9.05,-3.45,8.05],"rotation":{"angle":45,"axis":"x","origin":[8.5,-4,7.5]},"faces":{"north":{"uv":[4,13,4.998,13.998],"texture":"#11"},"east":{"uv":[1,12,4.997,15.997],"texture":"#11"},"south":{"uv":[4,13,4.998,13.998],"texture":"#11"},"west":{"uv":[1,12,4.996,15.996],"rotation":270,"texture":"#11"},"up":{"uv":[4,13,4.998,13.998],"texture":"#11"},"down":{"uv":[4,13,4.998,13.998],"texture":"#11"}}},{"from":[7.9,-4.375,7.125],"to":[9.1,-3.625,7.875],"rotation":{"angle":45,"axis":"x","origin":[8.5,-4,7.5]},"faces":{"north":{"uv":[6,4,9.996,7.998],"texture":"#7"},"east":{"uv":[6,4,9.996,7.998],"texture":"#7"},"south":{"uv":[6,4,9.996,7.998],"texture":"#7"},"west":{"uv":[6,4,9.996,7.998],"texture":"#7"},"up":{"uv":[6,4,9.996,7.998],"texture":"#7"},"down":{"uv":[6,4,9.996,7.998],"texture":"#7"}}},{"from":[7.2,10.7,6.2],"to":[9.8,14.3,8.8],"rotation":{"angle":0,"axis":"y","origin":[8.5,12.5,7.5]},"faces":{"north":{"uv":[0,0,15.999,15.999],"texture":"#10"},"east":{"uv":[0,0,15.999,15.999],"texture":"#8"},"south":{"uv":[0,0,15.999,15.999],"texture":"#9"},"west":{"uv":[0,0,15.999,15.999],"texture":"#8"},"up":{"uv":[0,0,15.999,15.999],"texture":"#10"},"down":{"uv":[0,0,15.999,15.999],"texture":"#10"}}},{"from":[7.9,-4.6,6.9],"to":[9.1,-3.4,8.1],"rotation":{"angle":45,"axis":"x","origin":[8.5,-4,7.5]},"faces":{"north":{"uv":[0,0,15.999,15.999],"texture":"#9"},"east":{"uv":[0,0,15.999,15.999],"texture":"#9"},"south":{"uv":[0,0,15.999,15.999],"texture":"#10"},"west":{"uv":[0,0,15.999,15.999],"texture":"#8"},"up":{"uv":[0,0,15.999,15.999],"rotation":270,"texture":"#8"},"down":{"uv":[0,0,15.999,15.999],"rotation":90,"texture":"#8"}}}],"display":{"thirdperson_righthand":{"translation":[-0.75,6.5,1.5],"scale":[1.2,1.2,1.2]},"thirdperson_lefthand":{"translation":[0.25,6.5,1.5],"scale":[1.2,1.2,1.2]},"firstperson_righthand":{"rotation":[-5,0,0],"translation":[3.5,5.5,-0.75],"scale":[1.2,1.2,1.2]},"firstperson_lefthand":{"rotation":[-5,0,0],"translation":[3.5,5.5,-0.75],"scale":[1.2,1.2,1.2]},"ground":{"translation":[0,11,0],"scale":[1.2,1.2,1.2]},"gui":{"rotation":[-45,-41,-62],"translation":[1.25,3,0]},"head":{"rotation":[0,0,-44],"translation":[4,-9.75,4.5],"scale":[1.2,1.2,1.2]},"fixed":{"rotation":[0,90,0],"translation":[1,4.5,-0.5],"scale":[1.2,1.2,1.2]}}}