{"credit":"Made with Blockbench","textures":{"2":"ebwizardry:custom/texturedasteaxess","4":"ebwizardry:custom/gold_block14","5":"ebwizardry:custom/log_oak","7":"ebwizardry:custom/crystal_healing","8":"ebwizardry:custom/wand_master_healing","particle":"ebwizardry:custom/texturedasteaxess"},"elements":[{"from":[8,-4,7],"to":[9,-1.5,8],"rotation":{"angle":0,"axis":"y","origin":[8.5,-2.75,7.5]},"faces":{"north":{"uv":[1,9,3,15.998],"texture":"#5"},"east":{"uv":[8,9,9.999,15.998],"texture":"#5"},"south":{"uv":[7,9,9,15.998],"texture":"#5"},"west":{"uv":[4,9,6,15.999],"texture":"#5"},"up":{"uv":[4,9,6,15.999],"texture":"#5"},"down":{"uv":[4,9,6,15.999],"texture":"#5"}}},{"from":[7.99,-4.01,6.99],"to":[9.01,-1.49,8.01],"rotation":{"angle":0,"axis":"y","origin":[8.5,-2.75,7.5]},"faces":{"north":{"uv":[4,10,4.998,10.999],"texture":"#8"},"east":{"uv":[4,10,4.998,10.999],"texture":"#8"},"south":{"uv":[4,10,4.998,10.999],"texture":"#8"},"west":{"uv":[4,10,4.998,10.999],"texture":"#8"},"up":{"uv":[4,10,4.998,10.999],"texture":"#8"},"down":{"uv":[4,10,4.998,10.999],"texture":"#8"}}},{"from":[8.05,-3.45,7.05],"to":[8.95,-1.55,7.95],"rotation":{"angle":45,"axis":"y","origin":[8.5,-2.5,7.5]},"faces":{"north":{"uv":[4,12,4.997,12.998],"texture":"#8"},"east":{"uv":[4,12,4.997,12.998],"texture":"#8"},"south":{"uv":[4,12,4.997,12.998],"texture":"#8"},"west":{"uv":[4,12,4.997,12.998],"texture":"#8"},"up":{"uv":[4,12,4.997,12.998],"texture":"#8"},"down":{"uv":[4,12,4.997,12.998],"texture":"#8"}}},{"from":[7.98,6.98,6.98],"to":[9.02,10.52,8.02],"rotation":{"angle":0,"axis":"y","origin":[8.5,9.25,7.5]},"faces":{"north":{"uv":[10,5,10.995,5.995],"texture":"#8"},"east":{"uv":[10,5,10.995,5.995],"texture":"#8"},"south":{"uv":[10,5,10.995,5.995],"texture":"#8"},"west":{"uv":[10,5,10.995,5.995],"texture":"#8"},"up":{"uv":[10,5,10.995,5.995],"texture":"#8"},"down":{"uv":[10,5,10.995,5.995],"texture":"#8"}}},{"from":[8,3,7.25],"to":[9,10.6,7.75],"rotation":{"angle":0,"axis":"y","origin":[8.5,6.8,7.5]},"faces":{"north":{"uv":[4,0,4.999,16],"texture":"#4"},"east":{"uv":[4,0,4.999,16],"texture":"#4"},"south":{"uv":[4,0,4.999,16],"texture":"#4"},"west":{"uv":[4,0,4.999,16],"texture":"#4"},"up":{"uv":[4,0,4.999,16],"texture":"#4"},"down":{"uv":[4,0,4.999,16],"texture":"#4"}}},{"from":[8.24,2.99,6.99],"to":[8.76,10.61,8.01],"rotation":{"angle":0,"axis":"y","origin":[8.5,6.8,7.5]},"faces":{"north":{"uv":[8,0,9,16],"texture":"#4"},"east":{"uv":[8,0,9,16],"texture":"#4"},"south":{"uv":[8,0,9,16],"texture":"#4"},"west":{"uv":[8,0,9,16],"texture":"#4"},"up":{"uv":[8,0,9,16],"texture":"#4"},"down":{"uv":[8,0,9,16],"texture":"#4"}}},{"from":[7.5,11,6.5],"to":[9.5,14,8.5],"rotation":{"angle":0,"axis":"y","origin":[8.5,12.5,7.5]},"faces":{"north":{"uv":[5,4,11.993,10.995],"texture":"#7"},"east":{"uv":[5,4,11.993,10.995],"texture":"#7"},"south":{"uv":[5,4,11.993,10.995],"texture":"#7"},"west":{"uv":[5,4,11.993,10.995],"texture":"#7"},"up":{"uv":[6,4,10.992,10.995],"texture":"#7"},"down":{"uv":[6,4,10.991,10.995],"texture":"#7"}}},{"from":[8,10.6,7],"to":[9,11.6,8],"rotation":{"angle":0,"axis":"y","origin":[8.5,11.1,7.5]},"faces":{"north":{"uv":[6,5,8.992,7.996],"texture":"#7"},"east":{"uv":[6,5,8.992,7.996],"texture":"#7"},"south":{"uv":[6,5,8.992,7.996],"texture":"#7"},"west":{"uv":[6,5,8.992,7.996],"texture":"#7"},"up":{"uv":[6,5,8.992,7.996],"texture":"#7"},"down":{"uv":[6,5,8.992,7.996],"texture":"#7"}}},{"from":[8,11.45,6.25],"to":[9,13.55,8.75],"rotation":{"angle":0,"axis":"y","origin":[8.5,13,7.5]},"faces":{"north":{"uv":[12,4,12.991,10.994],"texture":"#7"},"east":{"uv":[12,4,12.991,10.994],"texture":"#7"},"south":{"uv":[12,4,12.991,10.994],"texture":"#7"},"west":{"uv":[12,4,12.991,10.994],"texture":"#7"},"up":{"uv":[12,4,12.991,10.994],"texture":"#7"},"down":{"uv":[12,4,12.991,10.994],"texture":"#7"}}},{"from":[7.25,11.45,7],"to":[9.75,13.55,8],"rotation":{"angle":0,"axis":"y","origin":[8.5,13,7.5]},"faces":{"north":{"uv":[3,5,4.991,9.995],"texture":"#7"},"east":{"uv":[3,5,4.991,9.995],"texture":"#7"},"south":{"uv":[3,5,4.991,9.995],"texture":"#7"},"west":{"uv":[3,5,4.991,9.995],"texture":"#7"},"up":{"uv":[3,5,4.991,9.995],"texture":"#7"},"down":{"uv":[3,5,4.991,9.995],"texture":"#7"}}},{"from":[7.5,13.98,6.5],"to":[9.5,14.98,8.5],"rotation":{"angle":0,"axis":"y","origin":[8.5,14.48,7.5]},"faces":{"north":{"uv":[6,1,10.993,3.996],"texture":"#7"},"east":{"uv":[6,1,10.993,3.996],"texture":"#7"},"south":{"uv":[6,1,10.993,3.996],"texture":"#7"},"west":{"uv":[6,1,10.993,3.996],"texture":"#7"},"up":{"uv":[0,13,4.993,15.996],"texture":"#7"},"down":{"uv":[0,13,4.993,15.996],"texture":"#7"}}},{"from":[7.5,9.98,6.5],"to":[9.5,10.98,8.5],"rotation":{"angle":0,"axis":"x","origin":[8.5,10.48,7.5]},"faces":{"north":{"uv":[6,1,10.993,3.996],"rotation":180,"texture":"#7"},"east":{"uv":[6,1,10.993,3.996],"rotation":180,"texture":"#7"},"south":{"uv":[6,1,10.993,3.996],"rotation":180,"texture":"#7"},"west":{"uv":[6,1,10.993,3.996],"rotation":180,"texture":"#7"},"up":{"uv":[0,13,4.993,15.996],"texture":"#7"},"down":{"uv":[0,13,4.993,15.996],"texture":"#7"}}},{"from":[8.25,8,5.9],"to":[8.75,12.5,6.4],"rotation":{"angle":-22.5,"axis":"x","origin":[8.5,11.25,6.15]},"faces":{"north":{"uv":[10,3,10.999,5.995],"texture":"#8"},"east":{"uv":[10,3,10.999,5.995],"texture":"#8"},"south":{"uv":[10,3,10.999,5.995],"texture":"#8"},"west":{"uv":[10,3,10.999,5.995],"texture":"#8"},"up":{"uv":[10,3,10.998,3.994],"texture":"#8"},"down":{"uv":[10,3,10.999,5.995],"texture":"#8"}}},{"from":[8.23,6.98,5.88],"to":[8.77,9.52,6.42],"rotation":{"angle":-22.5,"axis":"x","origin":[8.5,10.25,6.15]},"faces":{"north":{"uv":[10,3,10.999,5.995],"texture":"#8"},"east":{"uv":[10,3,10.999,5.995],"texture":"#8"},"south":{"uv":[10,3,10.999,5.995],"texture":"#8"},"west":{"uv":[10,3,10.999,5.995],"texture":"#8"},"up":{"uv":[10,3,10.998,3.994],"texture":"#8"},"down":{"uv":[10,3,10.999,5.995],"texture":"#8"}}},{"from":[8.25,-3,6.75],"to":[8.75,-1.5,7.25],"rotation":{"angle":22.5,"axis":"x","origin":[8.5,-2.25,7]},"faces":{"north":{"uv":[10,3,10.999,5.995],"texture":"#8"},"east":{"uv":[10,3,10.999,5.995],"texture":"#8"},"south":{"uv":[10,3,10.999,5.995],"texture":"#8"},"west":{"uv":[10,3,10.999,5.995],"texture":"#8"},"up":{"uv":[10,3,10.998,3.994],"texture":"#8"},"down":{"uv":[10,3,10.999,5.995],"texture":"#8"}}},{"from":[8.25,-4,6.75],"to":[8.75,-2.5,7.25],"rotation":{"angle":22.5,"axis":"x","origin":[8.5,-3.25,7]},"faces":{"north":{"uv":[10,3,10.999,5.995],"texture":"#8"},"east":{"uv":[10,3,10.999,5.995],"texture":"#8"},"south":{"uv":[10,3,10.999,5.995],"texture":"#8"},"west":{"uv":[10,3,10.999,5.995],"texture":"#8"},"up":{"uv":[10,3,10.998,3.994],"texture":"#8"},"down":{"uv":[10,3,10.999,5.995],"texture":"#8"}}},{"from":[8.24,11.99,5.44],"to":[8.76,13.51,5.96],"rotation":{"angle":0,"axis":"x","origin":[8.5,12.75,5.7]},"faces":{"north":{"uv":[9,2,9.997,2.993],"texture":"#8"},"east":{"uv":[9,2,9.997,2.993],"texture":"#8"},"south":{"uv":[9,2,9.997,2.993],"texture":"#8"},"west":{"uv":[9,2,9.997,2.993],"texture":"#8"},"up":{"uv":[9,2,9.997,2.993],"texture":"#8"},"down":{"uv":[9,2,9.997,2.993],"texture":"#8"}}},{"from":[8.24,11.99,9.14],"to":[8.76,13.51,9.66],"rotation":{"angle":0,"axis":"x","origin":[8.5,12.75,9.4]},"faces":{"north":{"uv":[9,1,9.998,3.994],"texture":"#8"},"east":{"uv":[9,1,9.998,3.994],"texture":"#8"},"south":{"uv":[9,1,9.998,3.994],"texture":"#8"},"west":{"uv":[9,1,9.998,3.994],"texture":"#8"},"up":{"uv":[9,1,9.998,3.994],"texture":"#8"},"down":{"uv":[9,1,9.998,3.994],"texture":"#8"}}},{"from":[9.5,8,7.25],"to":[10,12.5,7.75],"rotation":{"angle":-22.5,"axis":"z","origin":[9.75,11.25,7.5]},"faces":{"north":{"uv":[10,3,10.999,5.995],"texture":"#8"},"east":{"uv":[10,3,10.999,5.995],"texture":"#8"},"south":{"uv":[10,3,10.999,5.995],"texture":"#8"},"west":{"uv":[10,3,10.999,5.995],"texture":"#8"},"up":{"uv":[10,3,10.998,3.994],"texture":"#8"},"down":{"uv":[10,3,10.999,5.995],"texture":"#8"}}},{"from":[9.47,6.97,7.22],"to":[10.03,9.53,7.78],"rotation":{"angle":-22.5,"axis":"z","origin":[9.75,10.25,7.5]},"faces":{"north":{"uv":[10,3,10.999,5.995],"texture":"#8"},"east":{"uv":[10,3,10.999,5.995],"texture":"#8"},"south":{"uv":[10,3,10.999,5.995],"texture":"#8"},"west":{"uv":[10,3,10.999,5.995],"texture":"#8"},"up":{"uv":[10,3,10.998,3.994],"texture":"#8"},"down":{"uv":[10,3,10.999,5.995],"texture":"#8"}}},{"from":[9.99,11.99,7.24],"to":[10.51,13.51,7.76],"rotation":{"angle":0,"axis":"x","origin":[10.25,12.75,7.5]},"faces":{"north":{"uv":[9,2,9.998,4.994],"texture":"#8"},"east":{"uv":[9,2,9.998,4.994],"texture":"#8"},"south":{"uv":[9,2,9.998,4.994],"texture":"#8"},"west":{"uv":[9,2,9.998,4.994],"texture":"#8"},"up":{"uv":[9,2,9.998,4.994],"texture":"#8"},"down":{"uv":[9,2,9.998,4.994],"texture":"#8"}}},{"from":[6.49,11.99,7.24],"to":[7.01,13.51,7.76],"rotation":{"angle":0,"axis":"z","origin":[6.75,12.75,7.5]},"faces":{"north":{"uv":[9,2,9.998,4.994],"texture":"#8"},"east":{"uv":[9,2,9.998,4.994],"texture":"#8"},"south":{"uv":[9,2,9.998,4.994],"texture":"#8"},"west":{"uv":[9,2,9.998,4.994],"texture":"#8"},"up":{"uv":[9,2,9.998,4.994],"texture":"#8"},"down":{"uv":[9,2,9.998,4.994],"texture":"#8"}}},{"from":[7,8,7.25],"to":[7.5,12.5,7.75],"rotation":{"angle":22.5,"axis":"z","origin":[7.25,11.25,7.5]},"faces":{"north":{"uv":[10,3,10.999,5.995],"texture":"#8"},"east":{"uv":[10,3,10.999,5.995],"texture":"#8"},"south":{"uv":[10,3,10.999,5.995],"texture":"#8"},"west":{"uv":[10,3,10.999,5.995],"texture":"#8"},"up":{"uv":[10,3,10.998,3.994],"texture":"#8"},"down":{"uv":[10,3,10.999,5.995],"texture":"#8"}}},{"from":[6.98,6.98,7.23],"to":[7.52,9.52,7.77],"rotation":{"angle":22.5,"axis":"z","origin":[7.25,10.25,7.5]},"faces":{"north":{"uv":[10,3,10.999,5.995],"texture":"#8"},"east":{"uv":[10,3,10.999,5.995],"texture":"#8"},"south":{"uv":[10,3,10.999,5.995],"texture":"#8"},"west":{"uv":[10,3,10.999,5.995],"texture":"#8"},"up":{"uv":[10,3,10.998,3.994],"texture":"#8"},"down":{"uv":[10,3,10.999,5.995],"texture":"#8"}}},{"from":[8.25,8,8.7],"to":[8.75,12.5,9.2],"rotation":{"angle":22.5,"axis":"x","origin":[8.5,11.25,8.95]},"faces":{"north":{"uv":[9.996,3,10.996,5.995],"texture":"#8"},"east":{"uv":[9.996,3,10.996,5.995],"texture":"#8"},"south":{"uv":[9.996,3,10.996,5.995],"texture":"#8"},"west":{"uv":[9.996,3,10.996,5.995],"texture":"#8"},"up":{"uv":[9.996,3,10.995,3.994],"texture":"#8"},"down":{"uv":[9.996,3,10.996,5.995],"texture":"#8"}}},{"from":[8.23,6.98,8.68],"to":[8.77,9.52,9.22],"rotation":{"angle":22.5,"axis":"x","origin":[8.5,10.25,8.95]},"faces":{"north":{"uv":[9.996,3,10.996,5.995],"texture":"#8"},"east":{"uv":[9.996,3,10.996,5.995],"texture":"#8"},"south":{"uv":[9.996,3,10.996,5.995],"texture":"#8"},"west":{"uv":[9.996,3,10.996,5.995],"texture":"#8"},"up":{"uv":[9.996,3,10.995,3.994],"texture":"#8"},"down":{"uv":[9.996,3,10.996,5.995],"texture":"#8"}}},{"from":[8.25,-3,7.75],"to":[8.75,-1.5,8.25],"rotation":{"angle":-22.5,"axis":"x","origin":[8.5,-2.25,8]},"faces":{"north":{"uv":[9.996,3,10.996,5.995],"texture":"#8"},"east":{"uv":[9.996,3,10.996,5.995],"texture":"#8"},"south":{"uv":[9.996,3,10.996,5.995],"texture":"#8"},"west":{"uv":[9.996,3,10.996,5.995],"texture":"#8"},"up":{"uv":[9.996,3,10.995,3.994],"texture":"#8"},"down":{"uv":[9.996,3,10.996,5.995],"texture":"#8"}}},{"from":[8.25,-4,7.75],"to":[8.75,-2.5,8.25],"rotation":{"angle":-22.5,"axis":"x","origin":[8.5,-3.25,8]},"faces":{"north":{"uv":[9.996,3,10.996,5.995],"texture":"#8"},"east":{"uv":[9.996,3,10.996,5.995],"texture":"#8"},"south":{"uv":[9.996,3,10.996,5.995],"texture":"#8"},"west":{"uv":[9.996,3,10.996,5.995],"texture":"#8"},"up":{"uv":[9.996,3,10.995,3.994],"texture":"#8"},"down":{"uv":[9.996,3,10.996,5.995],"texture":"#8"}}},{"from":[8.075,-1.5,7.075],"to":[8.925,3,7.925],"rotation":{"angle":0,"axis":"y","origin":[8.5,0.75,7.5]},"faces":{"north":{"uv":[0,0,16,16],"texture":"#2"},"east":{"uv":[0,0,16,16],"texture":"#2"},"south":{"uv":[0,0,16,16],"texture":"#2"},"west":{"uv":[0,0,16,16],"texture":"#2"},"up":{"uv":[0,0,16,16],"texture":"#2"},"down":{"uv":[0,0,16,16],"texture":"#2"}}},{"from":[7.95,-4.55,6.95],"to":[9.05,-3.45,8.05],"rotation":{"angle":45,"axis":"x","origin":[8.5,-4,7.5]},"faces":{"north":{"uv":[3,2,5.999,4.999],"texture":"#4"},"east":{"uv":[3,2,5.999,4.999],"texture":"#4"},"south":{"uv":[3,2,5.999,4.999],"texture":"#4"},"west":{"uv":[3,2,5.999,4.999],"texture":"#4"},"up":{"uv":[3,2,5.999,4.999],"texture":"#4"},"down":{"uv":[3,2,5.999,4.999],"texture":"#4"}}},{"from":[7.9,-4.375,7.125],"to":[9.1,-3.625,7.875],"rotation":{"angle":45,"axis":"x","origin":[8.5,-4,7.5]},"faces":{"north":{"uv":[6,5,10.998,9.998],"texture":"#7"},"east":{"uv":[6,5,10.998,9.998],"texture":"#7"},"south":{"uv":[6,5,10.998,9.998],"texture":"#7"},"west":{"uv":[6,5,10.998,9.998],"texture":"#7"},"up":{"uv":[6,5,10.998,9.998],"texture":"#7"},"down":{"uv":[6,5,10.998,9.998],"texture":"#7"}}}],"display":{"thirdperson_righthand":{"translation":[-0.75,6.5,1.5],"scale":[1.2,1.2,1.2]},"thirdperson_lefthand":{"translation":[0.25,6.5,1.5],"scale":[1.2,1.2,1.2]},"firstperson_righthand":{"rotation":[-5,0,0],"translation":[3.5,5.5,-0.75],"scale":[1.2,1.2,1.2]},"firstperson_lefthand":{"rotation":[-5,0,0],"translation":[3.5,5.5,-0.75],"scale":[1.2,1.2,1.2]},"ground":{"translation":[0,11,0],"scale":[1.2,1.2,1.2]},"gui":{"rotation":[-45,-41,-62],"translation":[1.25,3,0]},"head":{"rotation":[0,0,-44],"translation":[4,-9.75,4.5],"scale":[1.2,1.2,1.2]},"fixed":{"rotation":[0,90,0],"translation":[1,4.5,-0.5],"scale":[1.2,1.2,1.2]}}}