{"credit":"Made with Blockbench","textures":{"7":"ebwizardry:custom/crystal_necromancy","8":"ebwizardry:custom/wand_master_necromancy","particle":"ebwizardry:custom/texturedasteaxess"},"elements":[{"from":[8,-4,7],"to":[9,-1.5,8],"rotation":{"angle":0,"axis":"y","origin":[8.5,-2.75,7.5]},"faces":{"north":{"uv":[5,12,5.998,12.998],"texture":"#8"},"east":{"uv":[5,12,5.998,12.998],"texture":"#8"},"south":{"uv":[5,12,5.998,12.998],"texture":"#8"},"west":{"uv":[5,12,5.998,12.998],"texture":"#8"},"up":{"uv":[5,12,5.998,12.998],"texture":"#8"},"down":{"uv":[5,12,5.998,12.998],"texture":"#8"}}},{"from":[7.97,6.47,6.97],"to":[9.03,10.53,8.03],"rotation":{"angle":0,"axis":"y","origin":[8.5,9,7.5]},"faces":{"north":{"uv":[11,5,11.997,5.997],"texture":"#8"},"east":{"uv":[11,5,11.997,5.997],"texture":"#8"},"south":{"uv":[11,5,11.997,5.997],"texture":"#8"},"west":{"uv":[11,5,11.997,5.997],"texture":"#8"},"up":{"uv":[11,5,11.997,5.997],"texture":"#8"},"down":{"uv":[11,5,11.997,5.997],"texture":"#8"}}},{"from":[8,3,7.25],"to":[9,6.6,7.75],"rotation":{"angle":0,"axis":"y","origin":[8.5,6.8,7.5]},"faces":{"north":{"uv":[7,8,7.997,10.996],"rotation":180,"texture":"#8"},"east":{"uv":[7,8,7.997,10.996],"rotation":180,"texture":"#8"},"south":{"uv":[7,8,7.997,10.996],"rotation":180,"texture":"#8"},"west":{"uv":[7,8,7.997,10.996],"rotation":180,"texture":"#8"},"up":{"uv":[7,8,7.997,10.996],"rotation":180,"texture":"#8"},"down":{"uv":[7,8,7.997,10.996],"rotation":180,"texture":"#8"}}},{"from":[8.24,2.99,6.99],"to":[8.76,6.61,8.01],"rotation":{"angle":0,"axis":"y","origin":[8.5,6.8,7.5]},"faces":{"north":{"uv":[7,8,7.999,10.996],"rotation":180,"texture":"#8"},"east":{"uv":[7,8,7.999,10.996],"rotation":180,"texture":"#8"},"south":{"uv":[7,8,7.999,10.996],"rotation":180,"texture":"#8"},"west":{"uv":[7,8,7.999,10.996],"rotation":180,"texture":"#8"},"up":{"uv":[7,8,7.999,10.996],"rotation":180,"texture":"#8"},"down":{"uv":[7,8,7.999,10.996],"rotation":180,"texture":"#8"}}},{"from":[7.5,11,6.5],"to":[9.5,14,8.5],"rotation":{"angle":0,"axis":"y","origin":[8.5,12.5,7.5]},"faces":{"north":{"uv":[5,4,11.992,12.992],"texture":"#7"},"east":{"uv":[5,4,11.992,12.992],"texture":"#7"},"south":{"uv":[5,4,11.992,12.992],"texture":"#7"},"west":{"uv":[5,4,11.992,12.992],"texture":"#7"},"up":{"uv":[5,5,10.99,8.99],"texture":"#7"},"down":{"uv":[5,11,11.992,12.991],"texture":"#7"}}},{"from":[8,10.6,7],"to":[9,11.6,8],"rotation":{"angle":0,"axis":"y","origin":[8.5,11.1,7.5]},"faces":{"north":{"uv":[6,5,8.992,7.996],"texture":"#7"},"east":{"uv":[6,5,8.992,7.996],"texture":"#7"},"south":{"uv":[6,5,8.992,7.996],"texture":"#7"},"west":{"uv":[6,5,8.992,7.996],"texture":"#7"},"up":{"uv":[6,5,8.992,7.996],"texture":"#7"},"down":{"uv":[6,5,8.992,7.996],"texture":"#7"}}},{"from":[8,11.45,6.25],"to":[9,13.55,8.75],"rotation":{"angle":0,"axis":"y","origin":[8.5,13,7.5]},"faces":{"north":{"uv":[4,10,7.989,12.992],"texture":"#7"},"east":{"uv":[4,10,7.989,12.992],"texture":"#7"},"south":{"uv":[4,10,7.989,12.992],"texture":"#7"},"west":{"uv":[4,10,7.989,12.992],"texture":"#7"},"up":{"uv":[4,10,7.989,12.992],"texture":"#7"},"down":{"uv":[4,10,7.989,12.992],"texture":"#7"}}},{"from":[7.25,11.45,7],"to":[9.75,13.55,8],"rotation":{"angle":0,"axis":"y","origin":[8.5,13,7.5]},"faces":{"north":{"uv":[7,7,9.99,11.993],"texture":"#7"},"east":{"uv":[7,7,9.99,11.993],"texture":"#7"},"south":{"uv":[7,7,9.99,11.993],"texture":"#7"},"west":{"uv":[7,7,9.99,11.993],"texture":"#7"},"up":{"uv":[7,7,9.99,11.993],"texture":"#7"},"down":{"uv":[7,7,9.99,11.993],"texture":"#7"}}},{"from":[7.5,13.98,6.5],"to":[9.5,14.98,8.5],"rotation":{"angle":0,"axis":"y","origin":[8.5,14.48,7.5]},"faces":{"north":{"uv":[5,1,11.989,3.995],"texture":"#7"},"east":{"uv":[5,1,11.989,3.995],"texture":"#7"},"south":{"uv":[5,1,11.989,3.995],"texture":"#7"},"west":{"uv":[5,1,11.989,3.995],"texture":"#7"},"up":{"uv":[1,0,2.989,0.995],"texture":"#7"},"down":{"uv":[2,0,2.989,0.995],"texture":"#7"}}},{"from":[7.5,10.25,6.5],"to":[9.5,11,8.5],"rotation":{"angle":0,"axis":"x","origin":[8.5,10.625,7.5]},"faces":{"north":{"uv":[3,13,11.984,14.995],"texture":"#7"},"east":{"uv":[3,13,11.984,14.995],"texture":"#7"},"south":{"uv":[3,13,11.984,14.995],"texture":"#7"},"west":{"uv":[3,13,11.984,14.995],"texture":"#7"},"up":{"uv":[0,0,8.984,0.994],"texture":"#7"},"down":{"uv":[0,0,6.984,1.995],"texture":"#7"}}},{"from":[8.25,8,5.9],"to":[8.75,12.5,6.4],"rotation":{"angle":-22.5,"axis":"x","origin":[8.5,11.25,6.15]},"faces":{"north":{"uv":[10,3,10.997,7.998],"texture":"#8"},"east":{"uv":[10,3,10.997,7.998],"texture":"#8"},"south":{"uv":[10,3,10.997,7.998],"texture":"#8"},"west":{"uv":[10,3,10.997,7.998],"texture":"#8"},"up":{"uv":[10,3,10.996,3.996],"texture":"#8"},"down":{"uv":[10,3,10.997,7.998],"texture":"#8"}}},{"from":[8.23,6.98,5.88],"to":[8.77,13.02,6.42],"rotation":{"angle":-22.5,"axis":"x","origin":[8.5,10.25,6.15]},"faces":{"north":{"uv":[9.997,6.997,10.996,7.996],"texture":"#8"},"east":{"uv":[9.997,6.997,10.996,7.996],"texture":"#8"},"south":{"uv":[9.997,6.997,10.996,7.996],"texture":"#8"},"west":{"uv":[9.997,6.997,10.996,7.996],"texture":"#8"},"up":{"uv":[9.997,6.997,10.996,7.996],"texture":"#8"},"down":{"uv":[9.997,6.997,10.996,7.996],"texture":"#8"}}},{"from":[8.23,12.48,4.88],"to":[8.77,13.52,5.42],"rotation":{"angle":45,"axis":"x","origin":[8.5,12.5,5.15]},"faces":{"north":{"uv":[9.997,6.997,10.996,7.996],"texture":"#8"},"east":{"uv":[9.997,6.997,10.996,7.996],"texture":"#8"},"south":{"uv":[9.997,6.997,10.996,7.996],"texture":"#8"},"west":{"uv":[9.997,6.997,10.996,7.996],"texture":"#8"},"up":{"uv":[9.997,6.997,10.996,7.996],"texture":"#8"},"down":{"uv":[9.997,6.997,10.996,7.996],"texture":"#8"}}},{"from":[8.25,8,8.7],"to":[8.75,12.5,9.2],"rotation":{"angle":22.5,"axis":"x","origin":[8.5,11.25,8.95]},"faces":{"north":{"uv":[10,3,10.995,7.996],"texture":"#8"},"east":{"uv":[10,3,10.995,7.996],"texture":"#8"},"south":{"uv":[10,3,10.995,7.996],"texture":"#8"},"west":{"uv":[10,3,10.995,7.996],"texture":"#8"},"up":{"uv":[10,3,10.994,3.995],"texture":"#8"},"down":{"uv":[10,3,10.995,7.996],"texture":"#8"}}},{"from":[8.23,6.98,8.68],"to":[8.77,13.02,9.22],"rotation":{"angle":22.5,"axis":"x","origin":[8.5,10.25,8.95]},"faces":{"north":{"uv":[9.994,6.996,10.993,7.995],"texture":"#8"},"east":{"uv":[9.994,6.996,10.993,7.995],"texture":"#8"},"south":{"uv":[9.994,6.996,10.993,7.995],"texture":"#8"},"west":{"uv":[9.994,6.996,10.993,7.995],"texture":"#8"},"up":{"uv":[9.994,6.996,10.993,7.995],"texture":"#8"},"down":{"uv":[9.994,6.996,10.993,7.995],"texture":"#8"}}},{"from":[8.23,12.48,9.68],"to":[8.77,13.52,10.22],"rotation":{"angle":-45,"axis":"x","origin":[8.5,12.5,9.95]},"faces":{"north":{"uv":[9.994,6.996,10.993,7.995],"texture":"#8"},"east":{"uv":[9.994,6.996,10.993,7.995],"texture":"#8"},"south":{"uv":[9.994,6.996,10.993,7.995],"texture":"#8"},"west":{"uv":[9.994,6.996,10.993,7.995],"texture":"#8"},"up":{"uv":[9.994,6.996,10.993,7.995],"texture":"#8"},"down":{"uv":[9.994,6.996,10.993,7.995],"texture":"#8"}}},{"from":[8.23,-4.02,7.73],"to":[8.77,-2.98,8.27],"rotation":{"angle":-45,"axis":"x","origin":[8.5,-3.5,8]},"faces":{"north":{"uv":[9.994,6.996,10.993,7.995],"texture":"#8"},"east":{"uv":[9.994,6.996,10.993,7.995],"texture":"#8"},"south":{"uv":[9.994,6.996,10.993,7.995],"texture":"#8"},"west":{"uv":[9.994,6.996,10.993,7.995],"texture":"#8"},"up":{"uv":[9.994,6.996,10.993,7.995],"texture":"#8"},"down":{"uv":[9.994,6.996,10.993,7.995],"texture":"#8"}}},{"from":[8.23,-4.02,7.73],"to":[8.77,-2.98,8.27],"rotation":{"angle":45,"axis":"x","origin":[8.5,-3.5,8]},"faces":{"north":{"uv":[9.994,6.996,10.993,7.995],"texture":"#8"},"east":{"uv":[9.994,6.996,10.993,7.995],"texture":"#8"},"south":{"uv":[9.994,6.996,10.993,7.995],"texture":"#8"},"west":{"uv":[9.994,6.996,10.993,7.995],"texture":"#8"},"up":{"uv":[9.994,6.996,10.993,7.995],"texture":"#8"},"down":{"uv":[9.994,6.996,10.993,7.995],"texture":"#8"}}},{"from":[8.23,-4.02,6.73],"to":[8.77,-2.98,7.27],"rotation":{"angle":45,"axis":"x","origin":[8.5,-3.5,7]},"faces":{"north":{"uv":[9.994,6.996,10.993,7.995],"texture":"#8"},"east":{"uv":[9.994,6.996,10.993,7.995],"texture":"#8"},"south":{"uv":[9.994,6.996,10.993,7.995],"texture":"#8"},"west":{"uv":[9.994,6.996,10.993,7.995],"texture":"#8"},"up":{"uv":[9.994,6.996,10.993,7.995],"texture":"#8"},"down":{"uv":[9.994,6.996,10.993,7.995],"texture":"#8"}}},{"from":[8.23,-3.77,6.48],"to":[8.77,-3.23,7.52],"rotation":{"angle":45,"axis":"x","origin":[8.5,-3.5,7]},"faces":{"north":{"uv":[9.994,6.996,10.993,7.995],"rotation":180,"texture":"#8"},"east":{"uv":[9.994,6.996,10.993,7.995],"rotation":270,"texture":"#8"},"south":{"uv":[9.994,6.996,10.993,7.995],"texture":"#8"},"west":{"uv":[9.994,6.996,10.993,7.995],"rotation":90,"texture":"#8"},"up":{"uv":[9.994,6.996,10.993,7.995],"rotation":180,"texture":"#8"},"down":{"uv":[9.994,6.996,10.993,7.995],"texture":"#8"}}},{"from":[9.5,8,7.25],"to":[10,12.5,7.75],"rotation":{"angle":-22.5,"axis":"z","origin":[9.75,11.25,7.5]},"faces":{"north":{"uv":[10,3,10.995,7.996],"texture":"#8"},"east":{"uv":[10,3,10.995,7.996],"texture":"#8"},"south":{"uv":[10,3,10.995,7.996],"texture":"#8"},"west":{"uv":[10,3,10.995,7.996],"texture":"#8"},"up":{"uv":[10,3,10.994,3.995],"texture":"#8"},"down":{"uv":[10,3,10.995,7.996],"texture":"#8"}}},{"from":[9.48,6.98,7.23],"to":[10.02,13.02,7.77],"rotation":{"angle":-22.5,"axis":"z","origin":[9.75,10.25,7.5]},"faces":{"north":{"uv":[9.993,6.996,10.993,7.995],"texture":"#8"},"east":{"uv":[9.993,6.996,10.993,7.995],"texture":"#8"},"south":{"uv":[9.993,6.996,10.993,7.995],"texture":"#8"},"west":{"uv":[9.993,6.996,10.993,7.995],"texture":"#8"},"up":{"uv":[9.993,6.996,10.993,7.995],"texture":"#8"},"down":{"uv":[9.993,6.996,10.993,7.995],"texture":"#8"}}},{"from":[10.5,12.5,7.25],"to":[11,13.5,7.75],"rotation":{"angle":45,"axis":"z","origin":[10.75,12.5,7.5]},"faces":{"north":{"uv":[9.993,6.996,10.993,7.995],"texture":"#8"},"east":{"uv":[9.993,6.996,10.993,7.995],"texture":"#8"},"south":{"uv":[9.993,6.996,10.993,7.995],"texture":"#8"},"west":{"uv":[9.993,6.996,10.993,7.995],"texture":"#8"},"up":{"uv":[9.993,6.996,10.993,7.995],"texture":"#8"},"down":{"uv":[9.993,6.996,10.993,7.995],"texture":"#8"}}},{"from":[7,8,7.25],"to":[7.5,12.5,7.75],"rotation":{"angle":22.5,"axis":"z","origin":[7.25,11.25,7.5]},"faces":{"north":{"uv":[10,3,10.995,7.996],"texture":"#8"},"east":{"uv":[10,3,10.995,7.996],"texture":"#8"},"south":{"uv":[10,3,10.995,7.996],"texture":"#8"},"west":{"uv":[10,3,10.995,7.996],"texture":"#8"},"up":{"uv":[10,3,10.994,3.995],"texture":"#8"},"down":{"uv":[10,3,10.995,7.996],"texture":"#8"}}},{"from":[6.98,6.98,7.23],"to":[7.52,13.02,7.77],"rotation":{"angle":22.5,"axis":"z","origin":[7.25,10.25,7.5]},"faces":{"north":{"uv":[9.993,6.996,10.993,7.995],"texture":"#8"},"east":{"uv":[9.993,6.996,10.993,7.995],"texture":"#8"},"south":{"uv":[9.993,6.996,10.993,7.995],"texture":"#8"},"west":{"uv":[9.993,6.996,10.993,7.995],"texture":"#8"},"up":{"uv":[9.993,6.996,10.993,7.995],"texture":"#8"},"down":{"uv":[9.993,6.996,10.993,7.995],"texture":"#8"}}},{"from":[6,12.5,7.25],"to":[6.5,13.5,7.75],"rotation":{"angle":-45,"axis":"z","origin":[6.25,12.5,7.5]},"faces":{"north":{"uv":[9.993,6.996,10.993,7.995],"texture":"#8"},"east":{"uv":[9.993,6.996,10.993,7.995],"texture":"#8"},"south":{"uv":[9.993,6.996,10.993,7.995],"texture":"#8"},"west":{"uv":[9.993,6.996,10.993,7.995],"texture":"#8"},"up":{"uv":[9.993,6.996,10.993,7.995],"texture":"#8"},"down":{"uv":[9.993,6.996,10.993,7.995],"texture":"#8"}}},{"from":[8.075,-1.5,7.075],"to":[8.925,3,7.925],"rotation":{"angle":0,"axis":"y","origin":[8.5,0.75,7.5]},"faces":{"north":{"uv":[9,5,9.995,5.995],"texture":"#8"},"east":{"uv":[9,5,9.995,5.995],"texture":"#8"},"south":{"uv":[9,5,9.995,5.995],"texture":"#8"},"west":{"uv":[9,5,9.995,5.995],"texture":"#8"},"up":{"uv":[9,5,9.995,5.995],"texture":"#8"},"down":{"uv":[9,5,9.995,5.995],"texture":"#8"}}},{"from":[7.95,-4.55,6.95],"to":[9.05,-3.45,8.05],"rotation":{"angle":45,"axis":"x","origin":[8.5,-4,7.5]},"faces":{"north":{"uv":[1,12,4.996,15.996],"texture":"#8"},"east":{"uv":[1,12,4.996,15.996],"texture":"#8"},"south":{"uv":[3.996,12,4.995,15.995],"rotation":180,"texture":"#8"},"west":{"uv":[1,12,4.996,15.996],"texture":"#8"},"up":{"uv":[1,12,4.996,15.996],"texture":"#8"},"down":{"uv":[3.996,12,4.995,15.995],"texture":"#8"}}},{"from":[7.9,-4.375,7.125],"to":[9.1,-3.625,7.875],"rotation":{"angle":45,"axis":"x","origin":[8.5,-4,7.5]},"faces":{"north":{"uv":[5,5,11.998,11.998],"texture":"#7"},"east":{"uv":[5,5,11.998,11.998],"texture":"#7"},"south":{"uv":[5,5,11.998,11.998],"texture":"#7"},"west":{"uv":[5,5,11.998,11.998],"texture":"#7"},"up":{"uv":[5,5,11.998,11.998],"texture":"#7"},"down":{"uv":[5,5,11.998,11.998],"texture":"#7"}}}],"display":{"thirdperson_righthand":{"translation":[-0.75,6.5,1.5],"scale":[1.2,1.2,1.2]},"thirdperson_lefthand":{"translation":[0.25,6.5,1.5],"scale":[1.2,1.2,1.2]},"firstperson_righthand":{"rotation":[-5,0,0],"translation":[3.5,5.5,-0.75],"scale":[1.2,1.2,1.2]},"firstperson_lefthand":{"rotation":[-5,0,0],"translation":[3.5,5.5,-0.75],"scale":[1.2,1.2,1.2]},"ground":{"translation":[0,11,0],"scale":[1.2,1.2,1.2]},"gui":{"rotation":[-45,-41,-62],"translation":[1.25,3,0]},"head":{"rotation":[0,0,-44],"translation":[4,-9.75,4.5],"scale":[1.2,1.2,1.2]},"fixed":{"rotation":[0,90,0],"translation":[1,4.5,-0.5],"scale":[1.2,1.2,1.2]}}}