{"credit":"Made with Blockbench","textures":{"4":"ebwizardry:custom/spectral_sword","particle":"ebwizardry:custom/spectral_sword_conjuring_6"},"elements":[{"from":[8.075,-1.925,7],"to":[8.925,3.025,7.2],"rotation":{"angle":0,"axis":"y","origin":[8.5,0.55,7.1]},"faces":{"north":{"uv":[3,11,3.998,11.998],"texture":"#4"},"east":{"uv":[3,11,3.998,11.998],"texture":"#4"},"south":{"uv":[3,11,3.998,11.998],"texture":"#4"},"west":{"uv":[3,11,3.998,11.998],"texture":"#4"},"up":{"uv":[3,11,3.998,11.998],"texture":"#4"},"down":{"uv":[3,11,3.998,11.998],"texture":"#4"}}},{"from":[8.075,-1.925,7.8],"to":[8.925,3.025,8],"rotation":{"angle":0,"axis":"y","origin":[8.5,0.55,7.9]},"faces":{"north":{"uv":[3,11,3.998,11.998],"texture":"#4"},"east":{"uv":[3,11,3.998,11.998],"texture":"#4"},"south":{"uv":[3,11,3.998,11.998],"texture":"#4"},"west":{"uv":[3,11,3.998,11.998],"texture":"#4"},"up":{"uv":[3,11,3.998,11.998],"texture":"#4"},"down":{"uv":[3,11,3.998,11.998],"texture":"#4"}}},{"from":[8.075,-1.925,7.2],"to":[8.925,3.025,7.8],"rotation":{"angle":0,"axis":"y","origin":[8.5,0.55,7.5]},"faces":{"north":{"uv":[3,12,3.997,12.997],"texture":"#4"},"east":{"uv":[3,12,3.997,12.997],"texture":"#4"},"south":{"uv":[3,12,3.997,12.997],"texture":"#4"},"west":{"uv":[3,12,3.997,12.997],"texture":"#4"},"up":{"uv":[3,12,3.997,12.997],"texture":"#4"},"down":{"uv":[3,12,3.997,12.997],"texture":"#4"}}},{"from":[8,3,5.5],"to":[9,4,9.5],"rotation":{"angle":0,"axis":"y","origin":[8.5,3.5,7.5]},"faces":{"north":{"uv":[5.1,9.1,5.9,9.9],"texture":"#4"},"east":{"uv":[5.1,9.1,5.9,9.9],"texture":"#4"},"south":{"uv":[5.1,9.1,5.9,9.9],"texture":"#4"},"west":{"uv":[5.1,9.1,5.9,9.9],"texture":"#4"},"up":{"uv":[5.1,9.1,5.9,9.9],"texture":"#4"},"down":{"uv":[5.1,9.1,5.9,9.9],"texture":"#4"}}},{"from":[7.96,-2.5,6.96],"to":[9.04,-1.5,8.04],"rotation":{"angle":45,"axis":"x","origin":[8.5,-2,7.5]},"faces":{"north":{"uv":[0,15,0.999,15.999],"texture":"#4"},"east":{"uv":[0,15,0.999,15.999],"texture":"#4"},"south":{"uv":[0,15,0.999,15.999],"texture":"#4"},"west":{"uv":[0,15,0.999,15.999],"texture":"#4"},"up":{"uv":[0,15,0.999,15.999],"texture":"#4"},"down":{"uv":[0,15,0.999,15.999],"texture":"#4"}}},{"from":[8.375,4,7.25],"to":[8.625,14,7.75],"rotation":{"angle":0,"axis":"y","origin":[8.5,9,7.5]},"faces":{"north":{"uv":[9,6,9.999,6.999],"texture":"#4"},"east":{"uv":[9,6,9.999,6.999],"texture":"#4"},"south":{"uv":[9,6,9.999,6.999],"texture":"#4"},"west":{"uv":[9,6,9.999,6.999],"texture":"#4"},"up":{"uv":[9,6,9.999,6.999],"texture":"#4"},"down":{"uv":[9,6,9.999,6.999],"texture":"#4"}}},{"from":[8.375,4,6.25],"to":[8.625,14,6.5],"rotation":{"angle":0,"axis":"y","origin":[8.5,9,6.375]},"faces":{"north":{"uv":[8,5.2,8.998,5.9],"texture":"#4"},"east":{"uv":[8,5.2,8.998,5.9],"texture":"#4"},"south":{"uv":[8,5.2,8.998,5.9],"texture":"#4"},"west":{"uv":[8,5.2,8.998,5.9],"texture":"#4"},"up":{"uv":[8,5.2,8.998,5.9],"texture":"#4"},"down":{"uv":[8,5.2,8.998,5.9],"texture":"#4"}}},{"from":[8.375,4,8.5],"to":[8.625,14,8.75],"rotation":{"angle":0,"axis":"y","origin":[8.5,9,8.625]},"faces":{"north":{"uv":[7.1,6,7.8,6.998],"texture":"#4"},"east":{"uv":[7.1,6,7.8,6.998],"texture":"#4"},"south":{"uv":[7.1,6,7.8,6.998],"texture":"#4"},"west":{"uv":[7.1,6,7.8,6.998],"texture":"#4"},"up":{"uv":[7.1,6,7.8,6.998],"texture":"#4"},"down":{"uv":[7.1,6,7.8,6.998],"texture":"#4"}}},{"from":[8.375,14,7.25],"to":[8.625,24,7.75],"rotation":{"angle":0,"axis":"y","origin":[8.48778,17.50173,7.51049]},"faces":{"north":{"uv":[13.1,2.1,13.9,2.9],"texture":"#4"},"east":{"uv":[13.1,2.1,13.9,2.9],"texture":"#4"},"south":{"uv":[13.1,2.1,13.9,2.9],"texture":"#4"},"west":{"uv":[13.1,2.1,13.9,2.9],"texture":"#4"},"up":{"uv":[13.1,2.1,13.9,2.9],"texture":"#4"},"down":{"uv":[13.1,2.1,13.9,2.9],"texture":"#4"}}},{"from":[8.375,14,6.25],"to":[8.625,25,6.5],"rotation":{"angle":0,"axis":"y","origin":[8.5,22,6.125]},"faces":{"north":{"uv":[12,1,12.999,1.999],"texture":"#4"},"east":{"uv":[12,1,12.999,1.999],"texture":"#4"},"south":{"uv":[12,1,12.999,1.999],"texture":"#4"},"west":{"uv":[12,1,12.999,1.999],"texture":"#4"},"up":{"uv":[12,1,12.999,1.999],"texture":"#4"},"down":{"uv":[12,1,12.999,1.999],"texture":"#4"}}},{"from":[8.375,14,8.5],"to":[8.625,25,8.75],"rotation":{"angle":0,"axis":"y","origin":[8.5,20.5,8.625]},"faces":{"north":{"uv":[14,3,14.998,3.997],"texture":"#4"},"east":{"uv":[14,3,14.998,3.997],"texture":"#4"},"south":{"uv":[14,3,14.998,3.997],"texture":"#4"},"west":{"uv":[14,3,14.998,3.997],"texture":"#4"},"up":{"uv":[14,3,14.998,3.997],"texture":"#4"},"down":{"uv":[14,3,14.998,3.997],"texture":"#4"}}},{"from":[8.375,4,8.75],"to":[8.625,24.5,8.95],"rotation":{"angle":0,"axis":"y","origin":[8.5,15.25,8.85]},"faces":{"north":{"uv":[9.1,4.1,9.9,4.9],"texture":"#4"},"east":{"uv":[9.1,4.1,9.9,4.9],"texture":"#4"},"south":{"uv":[9.1,4.1,9.9,4.9],"texture":"#4"},"west":{"uv":[9.1,4.1,9.9,4.9],"texture":"#4"},"up":{"uv":[9.1,4.1,9.9,4.9],"texture":"#4"},"down":{"uv":[9.1,4.1,9.9,4.9],"texture":"#4"}}},{"from":[8.375,4,6.05],"to":[8.625,24.5,6.25],"rotation":{"angle":0,"axis":"y","origin":[8.5,20.5,6.15]},"faces":{"north":{"uv":[9.999,7,10.998,7.999],"texture":"#4"},"east":{"uv":[9.999,7,10.998,7.999],"texture":"#4"},"south":{"uv":[9.999,7,10.998,7.999],"texture":"#4"},"west":{"uv":[9.999,7,10.998,7.999],"texture":"#4"},"up":{"uv":[9.999,7,10.998,7.999],"texture":"#4"},"down":{"uv":[9.999,7,10.998,7.999],"texture":"#4"}}},{"from":[8.375,27,7.25],"to":[8.625,27.25,7.75],"rotation":{"angle":0,"axis":"y","origin":[8.46924,28.12669,7.52907]},"faces":{"north":{"uv":[13,2,13.997,2.998],"texture":"#4"},"east":{"uv":[13,2,13.997,2.998],"texture":"#4"},"south":{"uv":[13,2,13.997,2.998],"texture":"#4"},"west":{"uv":[13,2,13.997,2.998],"texture":"#4"},"up":{"uv":[13,2,13.997,2.998],"texture":"#4"},"down":{"uv":[13,2,13.997,2.998],"texture":"#4"}}},{"from":[8.25,27,6.75],"to":[8.75,27.375,7.25],"rotation":{"angle":0,"axis":"y","origin":[8.5,27.1875,7]},"faces":{"north":{"uv":[14.1,1.1,14.9,1.9],"texture":"#4"},"east":{"uv":[14.1,1.1,14.9,1.9],"texture":"#4"},"south":{"uv":[14.1,1.1,14.9,1.9],"texture":"#4"},"west":{"uv":[14.1,1.1,14.9,1.9],"texture":"#4"},"up":{"uv":[14.1,1.1,14.9,1.9],"texture":"#4"},"down":{"uv":[14.1,1.1,14.9,1.9],"texture":"#4"}}},{"from":[8.375,27.375,7],"to":[8.625,27.75,7.25],"rotation":{"angle":0,"axis":"y","origin":[8.5,27.5625,7.125]},"faces":{"north":{"uv":[13,2,13.999,2.999],"texture":"#4"},"east":{"uv":[13,2,13.999,2.999],"texture":"#4"},"south":{"uv":[13,2,13.999,2.999],"texture":"#4"},"west":{"uv":[13,2,13.999,2.999],"texture":"#4"},"up":{"uv":[13,2,13.999,2.999],"texture":"#4"},"down":{"uv":[13,2,13.999,2.999],"texture":"#4"}}},{"from":[8.25,27,7.75],"to":[8.75,27.375,8.25],"rotation":{"angle":0,"axis":"y","origin":[8.5,27.1875,8]},"faces":{"north":{"uv":[14.1,1.1,14.9,1.9],"texture":"#4"},"east":{"uv":[14.1,1.1,14.9,1.9],"texture":"#4"},"south":{"uv":[14.1,1.1,14.9,1.9],"texture":"#4"},"west":{"uv":[14.1,1.1,14.9,1.9],"texture":"#4"},"up":{"uv":[14.1,1.1,14.9,1.9],"texture":"#4"},"down":{"uv":[14.1,1.1,14.9,1.9],"texture":"#4"}}},{"from":[8.375,27.375,7.75],"to":[8.625,27.75,8],"rotation":{"angle":0,"axis":"y","origin":[8.5,27.5625,7.875]},"faces":{"north":{"uv":[12.999,1.999,13.998,2.998],"texture":"#4"},"east":{"uv":[12.999,1.999,13.998,2.998],"texture":"#4"},"south":{"uv":[12.999,1.999,13.998,2.998],"texture":"#4"},"west":{"uv":[12.999,1.999,13.998,2.998],"texture":"#4"},"up":{"uv":[12.999,1.999,13.998,2.998],"texture":"#4"},"down":{"uv":[12.999,1.999,13.998,2.998],"texture":"#4"}}},{"from":[8.375,27.25,7.25],"to":[8.625,28.25,7.75],"rotation":{"angle":0,"axis":"y","origin":[8.5,27.75,7.5]},"faces":{"north":{"uv":[14,1,14.995,1.996],"texture":"#4"},"east":{"uv":[14,1,14.995,1.996],"texture":"#4"},"south":{"uv":[14,1,14.995,1.996],"texture":"#4"},"west":{"uv":[14.1,1.1,14.9,1.9],"texture":"#4"},"up":{"uv":[14,1,14.995,1.996],"texture":"#4"},"down":{"uv":[14,1,14.995,1.996],"texture":"#4"}}},{"from":[8.25,4,7.75],"to":[8.75,14,8.5],"rotation":{"angle":0,"axis":"y","origin":[8.5,14.5,8]},"faces":{"north":{"uv":[8,7,8.999,7.997],"texture":"#4"},"east":{"uv":[8,7,8.999,7.997],"texture":"#4"},"south":{"uv":[8,7,8.999,7.997],"texture":"#4"},"west":{"uv":[8,7,8.999,7.997],"texture":"#4"},"up":{"uv":[8,7,8.999,7.997],"texture":"#4"},"down":{"uv":[8,7,8.999,7.997],"texture":"#4"}}},{"from":[8.25,14,7.75],"to":[8.75,25,8.5],"rotation":{"angle":0,"axis":"y","origin":[8.5,22,8.125]},"faces":{"north":{"uv":[13,2,13.999,2.999],"texture":"#4"},"east":{"uv":[13.1,2.1,13.9,2.9],"texture":"#4"},"south":{"uv":[13,2,13.999,2.999],"texture":"#4"},"west":{"uv":[13,2,13.999,2.999],"texture":"#4"},"up":{"uv":[13,2,13.999,2.999],"texture":"#4"},"down":{"uv":[13,2,13.999,2.999],"texture":"#4"}}},{"from":[8.25,14,6.5],"to":[8.75,25,7.25],"rotation":{"angle":0,"axis":"y","origin":[8.5,22,6.875]},"faces":{"north":{"uv":[13.1,2.1,13.9,2.9],"texture":"#4"},"east":{"uv":[13.1,2.1,13.9,2.9],"texture":"#4"},"south":{"uv":[13.1,2.1,13.9,2.9],"texture":"#4"},"west":{"uv":[13.1,2.1,13.9,2.9],"texture":"#4"},"up":{"uv":[13.1,2.1,13.9,2.9],"texture":"#4"},"down":{"uv":[13.1,2.1,13.9,2.9],"texture":"#4"}}},{"from":[8.25,4,6.5],"to":[8.75,14,7.25],"rotation":{"angle":0,"axis":"y","origin":[8.5,9,6.875]},"faces":{"north":{"uv":[9,6,9.999,6.999],"texture":"#4"},"east":{"uv":[9,6,9.999,6.999],"texture":"#4"},"south":{"uv":[9,6,9.999,6.999],"texture":"#4"},"west":{"uv":[9,6,9.999,6.999],"texture":"#4"},"up":{"uv":[9,6,9.999,6.999],"texture":"#4"},"down":{"uv":[9,6,9.999,6.999],"texture":"#4"}}}],"display":{"thirdperson_righthand":{"translation":[-0.75,5.25,1.25]},"thirdperson_lefthand":{"translation":[0,5.25,1.5]},"firstperson_righthand":{"rotation":[-5,0,0],"translation":[0,3.25,-0.75],"scale":[0.8,0.8,0.8]},"firstperson_lefthand":{"rotation":[-5,0,0],"translation":[0,3.25,-0.75],"scale":[0.8,0.8,0.8]},"ground":{"translation":[0,6,0]},"gui":{"rotation":[-45,-41,-62],"translation":[-2.25,-1.75,0],"scale":[0.8,0.8,0.8]},"head":{"translation":[-0.75,6.5,0],"scale":[1,-1,1]},"fixed":{"rotation":[0,90,0],"translation":[1,-1.25,-0.5]}}}