{"credit":"Made with Blockbench","textures":{"4":"ebwizardry:custom/spectral_pickaxe","particle":"ebwizardry:custom/spectral_pickaxe"},"elements":[{"from":[7.92,-4.54,6.92],"to":[9.08,-3.88,8.08],"rotation":{"angle":0,"axis":"y","origin":[8.5,-4.21,7.5]},"faces":{"north":{"uv":[2.1,14.1,2.9,14.9],"texture":"#4"},"east":{"uv":[2.1,14.1,2.9,14.9],"texture":"#4"},"south":{"uv":[2.1,14.1,2.9,14.9],"texture":"#4"},"west":{"uv":[2.1,14.1,2.9,14.9],"texture":"#4"},"up":{"uv":[2.1,14.1,2.9,14.9],"texture":"#4"},"down":{"uv":[2.1,14.1,2.9,14.9],"texture":"#4"}}}],"display":{"thirdperson_righthand":{"translation":[-1,6.5,1.5],"scale":[1.2,1.2,1.2]},"thirdperson_lefthand":{"translation":[0.25,6.5,1.5],"scale":[1.2,1.2,1.2]},"firstperson_righthand":{"rotation":[-5,0,0],"translation":[3.5,5.5,-0.75],"scale":[1.2,1.2,1.2]},"firstperson_lefthand":{"rotation":[-5,0,0],"translation":[3.5,5.5,-0.75],"scale":[1.2,1.2,1.2]},"ground":{"translation":[0,11,0],"scale":[1.2,1.2,1.2]},"gui":{"rotation":[-45,-41,-62],"translation":[1.25,3,0]},"head":{"rotation":[-80,0,0],"translation":[-0.25,9.75,0],"scale":[1.2,-1.2,1.2]},"fixed":{"rotation":[0,90,0],"translation":[1,5.25,-0.5],"scale":[1.2,1.2,1.2]}}}