{"credit":"Made with Blockbench","textures":{"4":"ebwizardry:custom/spectral_pickaxe","particle":"ebwizardry:custom/spectral_pickaxe"},"elements":[{"from":[8,-4,7],"to":[9,-1.5,8],"rotation":{"angle":0,"axis":"y","origin":[8.5,-2.75,7.5]},"faces":{"north":{"uv":[4.1,13.1,4.899,13.899],"texture":"#4"},"east":{"uv":[4.1,13.1,4.899,13.899],"texture":"#4"},"south":{"uv":[4.1,13.1,4.899,13.899],"texture":"#4"},"west":{"uv":[4.1,13.1,4.899,13.899],"texture":"#4"},"up":{"uv":[4.1,13.1,4.899,13.899],"texture":"#4"},"down":{"uv":[4.1,13.1,4.899,13.899],"texture":"#4"}}},{"from":[7.9,7.4,6.9],"to":[9.1,9.1,8.1],"rotation":{"angle":0,"axis":"y","origin":[8.5,9.75,7.5]},"faces":{"north":{"uv":[13.1,3.1,13.899,3.899],"texture":"#4"},"east":{"uv":[13.1,3.1,13.899,3.899],"texture":"#4"},"south":{"uv":[13.1,3.1,13.899,3.899],"texture":"#4"},"west":{"uv":[13.1,3.1,13.899,3.899],"texture":"#4"},"up":{"uv":[13.1,3.1,13.899,3.899],"texture":"#4"},"down":{"uv":[13.1,3.1,13.899,3.899],"texture":"#4"}}},{"from":[7.9,8.8,11.1],"to":[9.1,9.8,12.1],"rotation":{"angle":0,"axis":"y","origin":[8.5,9.3,11.6]},"faces":{"north":{"uv":[12.1,8.1,12.9,8.9],"texture":"#4"},"east":{"uv":[12.1,8.1,12.9,8.9],"texture":"#4"},"south":{"uv":[12.1,8.1,12.9,8.9],"texture":"#4"},"west":{"uv":[12.1,8.1,12.9,8.9],"texture":"#4"},"up":{"uv":[12.1,8.1,12.9,8.9],"texture":"#4"},"down":{"uv":[12.1,8.1,12.9,8.9],"texture":"#4"}}},{"from":[7.94,8.34,11.54],"to":[9.06,9.26,12.46],"rotation":{"angle":0,"axis":"y","origin":[8.5,8.8,12]},"faces":{"north":{"uv":[14.1,8.1,14.9,8.9],"texture":"#4"},"east":{"uv":[14.1,8.1,14.9,8.9],"texture":"#4"},"south":{"uv":[14.1,8.1,14.9,8.9],"texture":"#4"},"west":{"uv":[14.1,8.1,14.9,8.9],"texture":"#4"},"up":{"uv":[14.1,8.1,14.9,8.9],"texture":"#4"},"down":{"uv":[14.1,8.1,14.9,8.9],"texture":"#4"}}},{"from":[8,7.9,12.1],"to":[9,8.7,12.9],"rotation":{"angle":0,"axis":"y","origin":[8.5,8.3,12.5]},"faces":{"north":{"uv":[14.1,10.1,14.9,10.9],"texture":"#4"},"east":{"uv":[14.1,10.1,14.9,10.9],"texture":"#4"},"south":{"uv":[14.1,10.1,14.9,10.9],"texture":"#4"},"west":{"uv":[14.1,10.1,14.9,10.9],"texture":"#4"},"up":{"uv":[14.1,10.1,14.9,10.9],"texture":"#4"},"down":{"uv":[14.1,10.1,14.9,10.9],"texture":"#4"}}},{"from":[8.1,7.75,12.7],"to":[8.9,8.35,13.3],"rotation":{"angle":0,"axis":"y","origin":[8.5,7.8,13]},"faces":{"north":{"uv":[13.1,11.1,13.9,11.9],"texture":"#4"},"east":{"uv":[13.1,11.1,13.9,11.9],"texture":"#4"},"south":{"uv":[13.1,11.1,13.9,11.9],"texture":"#4"},"west":{"uv":[13.1,11.1,13.9,11.9],"texture":"#4"},"up":{"uv":[13.1,11.1,13.9,11.9],"texture":"#4"},"down":{"uv":[13.1,11.1,13.9,11.9],"texture":"#4"}}},{"from":[8.075,-1.5,7.2],"to":[8.925,11.5,7.8],"rotation":{"angle":0,"axis":"y","origin":[8.5,5,7.5]},"faces":{"north":{"uv":[6.1,10.1,6.9,10.9],"texture":"#4"},"east":{"uv":[6.1,10.1,6.9,10.9],"texture":"#4"},"south":{"uv":[6.1,10.1,6.9,10.9],"texture":"#4"},"west":{"uv":[6.1,10.1,6.9,10.9],"texture":"#4"},"up":{"uv":[6.1,10.1,6.9,10.9],"texture":"#4"},"down":{"uv":[6.1,10.1,6.9,10.9],"texture":"#4"}}},{"from":[8.075,-1.5,7],"to":[8.925,3,7.2],"rotation":{"angle":0,"axis":"y","origin":[8.5,0.75,7.1]},"faces":{"north":{"uv":[6.1,11.1,6.899,11.899],"texture":"#4"},"east":{"uv":[6.1,11.1,6.899,11.899],"texture":"#4"},"south":{"uv":[6.1,11.1,6.899,11.899],"texture":"#4"},"west":{"uv":[6.1,11.1,6.899,11.899],"texture":"#4"},"up":{"uv":[6.1,11.1,6.899,11.899],"texture":"#4"},"down":{"uv":[6.1,11.1,6.899,11.899],"texture":"#4"}}},{"from":[8.075,3,7],"to":[8.925,9.5,7.2],"rotation":{"angle":0,"axis":"y","origin":[8.5,7.25,7.1]},"faces":{"north":{"uv":[9.1,8.1,9.898,8.898],"texture":"#4"},"east":{"uv":[9.1,8.1,9.898,8.898],"texture":"#4"},"south":{"uv":[9.1,8.1,9.898,8.898],"texture":"#4"},"west":{"uv":[9.1,8.1,9.898,8.898],"texture":"#4"},"up":{"uv":[9.1,8.1,9.898,8.898],"texture":"#4"},"down":{"uv":[9.1,8.1,9.898,8.898],"texture":"#4"}}},{"from":[8.075,-1.5,7.8],"to":[8.925,3,8],"rotation":{"angle":0,"axis":"y","origin":[8.5,0.75,7.1]},"faces":{"north":{"uv":[6.1,11.1,6.899,11.899],"texture":"#4"},"east":{"uv":[6.1,11.1,6.899,11.899],"texture":"#4"},"south":{"uv":[6.1,11.1,6.899,11.899],"texture":"#4"},"west":{"uv":[6.1,11.1,6.899,11.899],"texture":"#4"},"up":{"uv":[6.1,11.1,6.899,11.899],"texture":"#4"},"down":{"uv":[6.1,11.1,6.899,11.899],"texture":"#4"}}},{"from":[8.075,3,7.8],"to":[8.925,9.5,8],"rotation":{"angle":0,"axis":"y","origin":[8.5,7.25,7.9]},"faces":{"north":{"uv":[10.1,7.1,10.898,7.898],"texture":"#4"},"east":{"uv":[10.1,7.1,10.898,7.898],"texture":"#4"},"south":{"uv":[10.1,7.1,10.898,7.898],"texture":"#4"},"west":{"uv":[10.1,7.1,10.898,7.898],"texture":"#4"},"up":{"uv":[10.1,7.1,10.898,7.898],"texture":"#4"},"down":{"uv":[10.1,7.1,10.898,7.898],"texture":"#4"}}},{"from":[7.92,-4.54,6.92],"to":[9.08,-3.88,8.08],"rotation":{"angle":0,"axis":"y","origin":[8.5,-4.21,7.5]},"faces":{"north":{"uv":[2.1,14.1,2.9,14.9],"texture":"#4"},"east":{"uv":[2.1,14.1,2.9,14.9],"texture":"#4"},"south":{"uv":[2.1,14.1,2.9,14.9],"texture":"#4"},"west":{"uv":[2.1,14.1,2.9,14.9],"texture":"#4"},"up":{"uv":[2.1,14.1,2.9,14.9],"texture":"#4"},"down":{"uv":[2.1,14.1,2.9,14.9],"texture":"#4"}}}],"display":{"thirdperson_righthand":{"translation":[-1,6.5,1.5],"scale":[1.2,1.2,1.2]},"thirdperson_lefthand":{"translation":[0.25,6.5,1.5],"scale":[1.2,1.2,1.2]},"firstperson_righthand":{"rotation":[-5,0,0],"translation":[3.5,5.5,-0.75],"scale":[1.2,1.2,1.2]},"firstperson_lefthand":{"rotation":[-5,0,0],"translation":[3.5,5.5,-0.75],"scale":[1.2,1.2,1.2]},"ground":{"translation":[0,11,0],"scale":[1.2,1.2,1.2]},"gui":{"rotation":[-45,-41,-62],"translation":[1.25,3,0]},"head":{"rotation":[-80,0,0],"translation":[-0.25,9.75,0],"scale":[1.2,-1.2,1.2]},"fixed":{"rotation":[0,90,0],"translation":[1,5.25,-0.5],"scale":[1.2,1.2,1.2]}}}