{
	"__comment": "Designed by CreatorLabs with Cubik Studio - https://cubik.studio",
	"textures": {
		"0": "blocks/door_acacia_lower",
		"particle": "blocks/door_acacia_lower"
	},
	"elements": [ 	 
		{
			"from": [ -0.0009999999, -0.0009999999, -0.0009999999 ],
			"to": [ 3.005, 3.005, 16.031 ],
			"faces": {
				"down": { "uv": [ 0, 16, 16, 13 ], "texture": "#0", "cullface": "down", "rotation": 90 },
				"up": { "uv": [ 0, 16, 16, 13 ], "texture": "#0", "rotation": 270 },
				"north": { "uv": [ 16, 13, 13, 16 ], "texture": "#0", "cullface": "north" },
				"south": { "uv": [ 16, 13, 13, 16 ], "texture": "#0", "cullface": "south" },
				"west": { "uv": [ 16, 13, 0, 16 ], "texture": "#0", "cullface": "west" },
				"east": { "uv": [ 16, 13, 0, 16 ], "texture": "#0" }
			}
		},
		{
			"from": [ -0.0009999999, 3.005, 13.025 ],
			"to": [ 3.005, 11.021, 16.031 ],
			"faces": {
				"north": { "uv": [ 3, 1, 0, 9 ], "texture": "#0" },
				"south": { "uv": [ 16, 4, 13, 12 ], "texture": "#0", "cullface": "south" },
				"west": { "uv": [ 3, 1, 0, 9 ], "texture": "#0", "cullface": "west" },
				"east": { "uv": [ 16, 5, 13, 13 ], "texture": "#0" }
			}
		},
		{
			"from": [ -0.0009999999, 11.021, 13.025 ],
			"to": [ 3.005, 15.029, 16.031 ],
			"faces": {
				"north": { "uv": [ 3, 3, 0, 7 ], "texture": "#0" },
				"south": { "uv": [ 16, 2, 13, 6 ], "texture": "#0", "cullface": "south" },
				"west": { "uv": [ 3, 1, 0, 5 ], "texture": "#0", "cullface": "west" },
				"east": { "uv": [ 16, 1, 13, 5 ], "texture": "#0" }
			}
		},
		{
			"from": [ -0.0009999999, 15.029, -0.0009999999 ],
			"to": [ 3.005, 16.031, 8.014999 ],
			"faces": {
				"down": { "uv": [ 0, 16, 16, 13 ], "texture": "#0", "rotation": 90 },
				"north": { "uv": [ 16, 1, 13, 2 ], "texture": "#0", "cullface": "north" },
				"west": { "uv": [ 16, 0, 8, 1 ], "texture": "#0", "cullface": "west" },
				"east": { "uv": [ 12, 0, 4, 1 ], "texture": "#0" }
			}
		},
		{
			"from": [ -0.0009999999, 3.005, -0.0009999999 ],
			"to": [ 3.005, 11.021, 3.005 ],
			"faces": {
				"north": { "uv": [ 16, 5, 13, 13 ], "texture": "#0", "cullface": "north" },
				"south": { "uv": [ 16, 6, 13, 14 ], "texture": "#0" },
				"west": { "uv": [ 16, 5, 13, 13 ], "texture": "#0", "cullface": "west" },
				"east": { "uv": [ 3, 1, 0, 9 ], "texture": "#0" }
			}
		},
		{
			"from": [ -0.0009999999, 11.021, -0.0009999999 ],
			"to": [ 3.005, 15.029, 3.005 ],
			"faces": {
				"north": { "uv": [ 16, 1, 13, 5 ], "texture": "#0", "cullface": "north" },
				"south": { "uv": [ 16, 1, 13, 5 ], "texture": "#0" },
				"west": { "uv": [ 16, 1, 13, 5 ], "texture": "#0", "cullface": "west" },
				"east": { "uv": [ 3, 1, 0, 5 ], "texture": "#0" }
			}
		},
		{
			"from": [ -0.0009999999, 3.005, 5.009 ],
			"to": [ 3.005, 15.029, 7.013 ],
			"faces": {
				"north": { "uv": [ 16, 2, 13, 14 ], "texture": "#0" },
				"south": { "uv": [ 16, 1, 13, 13 ], "texture": "#0" },
				"west": { "uv": [ 11, 1, 9, 13 ], "texture": "#0", "cullface": "west" },
				"east": { "uv": [ 7, 1, 5, 13 ], "texture": "#0" }
			}
		},
		{
			"from": [ -0.0009999999, 3.005, 9.017 ],
			"to": [ 3.005, 15.029, 11.021 ],
			"faces": {
				"north": { "uv": [ 16, 1, 13, 13 ], "texture": "#0" },
				"south": { "uv": [ 16, 2, 13, 14 ], "texture": "#0" },
				"west": { "uv": [ 7, 1, 5, 13 ], "texture": "#0", "cullface": "west" },
				"east": { "uv": [ 11, 1, 9, 13 ], "texture": "#0" }
			}
		},
		{
			"from": [ -0.0009999999, 15.029, 8.014999 ],
			"to": [ 3.005, 16.031, 16.031 ],
			"faces": {
				"down": { "uv": [ 0, 16, 16, 13 ], "texture": "#0", "rotation": 90 },
				"south": { "uv": [ 16, 2, 13, 3 ], "texture": "#0", "cullface": "south" },
				"west": { "uv": [ 12, 0, 4, 1 ], "texture": "#0", "cullface": "west" },
				"east": { "uv": [ 14, 0, 6, 1 ], "texture": "#0" }
			}
		},
		{
			"from": [ -1.003, 15.029, 1.001 ],
			"to": [ -0.001000047, 16.031, 2.003 ],
			"faces": {
				"down": { "uv": [ 14, 1, 15, 0 ], "texture": "#0", "cullface": "west", "rotation": 90 },
				"up": { "uv": [ 14, 1, 15, 0 ], "texture": "#0", "cullface": "west", "rotation": 270 },
				"north": { "uv": [ 15, 0, 14, 1 ], "texture": "#0", "cullface": "west" },
				"south": { "uv": [ 15, 0, 14, 1 ], "texture": "#0", "cullface": "west" },
				"west": { "uv": [ 15, 0, 14, 1 ], "texture": "#0", "cullface": "west" }
			}
		},
		{
			"from": [ 3.005, 15.029, 1.001 ],
			"to": [ 4.007, 16.031, 2.003 ],
			"faces": {
				"down": { "uv": [ 14, 1, 15, 0 ], "texture": "#0", "rotation": 90 },
				"up": { "uv": [ 14, 1, 15, 0 ], "texture": "#0", "rotation": 270 },
				"north": { "uv": [ 15, 0, 14, 1 ], "texture": "#0" },
				"south": { "uv": [ 15, 0, 14, 1 ], "texture": "#0" },
				"east": { "uv": [ 15, 0, 14, 1 ], "texture": "#0" }
			}
		},
		{
			"from": [ 1.001, 4.007, 16.031 ],
			"to": [ 2.003, 6.011, 16.532 ],
			"faces": {
				"down": { "uv": [ 0, 12, 0.5, 11 ], "texture": "#0", "cullface": "south", "rotation": 90 },
				"up": { "uv": [ 0, 11, 0.5, 10 ], "texture": "#0", "cullface": "south", "rotation": 270 },
				"south": { "uv": [ 1, 10, 0, 12 ], "texture": "#0", "cullface": "south" },
				"west": { "uv": [ 0.5, 10, 0, 12 ], "texture": "#0", "cullface": "south" },
				"east": { "uv": [ 0.5, 10, 0, 12 ], "texture": "#0", "cullface": "south" }
			}
		},
		{
			"from": [ 1.001, 15.029, 16.031 ],
			"to": [ 2.003, 16.031, 16.532 ],
			"faces": {
				"down": { "uv": [ 0, 1, 1, 0 ], "texture": "#0", "cullface": "south", "rotation": 90 },
				"up": { "uv": [ 0, 1, 1, 0 ], "texture": "#0", "cullface": "south", "rotation": 270 },
				"south": { "uv": [ 1, 0, 0, 1 ], "texture": "#0", "cullface": "south" },
				"west": { "uv": [ 1, 0, 0, 1 ], "texture": "#0", "cullface": "south" },
				"east": { "uv": [ 1, 0, 0, 1 ], "texture": "#0", "cullface": "south" }
			}
		}
	]
}