{
	"credit": "Made with Blockbench, a free, modern block model editor by JannisX11",
	"textures": {
		"0": "3d_transportation/3d_rail_wood",
		"3": "3d_transportation/3d_rail_redstone_activated",
		"1_1": "3d_transportation/3d_rail_iron_light",
		"particle": "3d_transportation/3d_rail_iron_light",
		"1_2": "3d_transportation/3d_rail_iron_dark"
	},
	"elements": [
		{
			"name": "cube",
			"from": [1, 0, 1],
			"to": [15, 1, 3],
			"faces": {
				"north": {"uv": [1, 15, 15, 16], "texture": "#0"},
				"east": {"uv": [15, 16, 13, 15], "texture": "#0"},
				"south": {"uv": [1, 15, 15, 16], "texture": "#0"},
				"west": {"uv": [1, 15, 3, 16], "texture": "#0"},
				"up": {"uv": [1, 1, 15, 3], "texture": "#0"},
				"down": {
					"uv": [1, 13, 15, 15],
					"texture": "#0",
					"cullface": "down"
				}
			},
			"rotation": {
				"origin": [8, 8, 8],
				"axis": "x",
				"angle": 0
			},
			"type": "cube"
		},
		{
			"name": "cube",
			"from": [1, 0, 5],
			"to": [15, 1, 7],
			"faces": {
				"north": {"uv": [1, 15, 15, 16], "texture": "#0"},
				"east": {"uv": [11, 16, 9, 15], "texture": "#0"},
				"south": {"uv": [1, 15, 15, 16], "texture": "#0"},
				"west": {"uv": [5, 15, 7, 16], "texture": "#0"},
				"up": {"uv": [1, 5, 15, 7], "texture": "#0"},
				"down": {
					"uv": [1, 9, 15, 11],
					"texture": "#0",
					"cullface": "down"
				}
			},
			"rotation": {
				"origin": [8, 8, 8],
				"axis": "x",
				"angle": 0
			},
			"type": "cube"
		},
		{
			"name": "cube",
			"from": [1, 0, 9],
			"to": [15, 1, 11],
			"faces": {
				"north": {"uv": [1, 15, 15, 16], "texture": "#0"},
				"east": {"uv": [7, 16, 5, 15], "texture": "#0"},
				"south": {"uv": [1, 15, 15, 16], "texture": "#0"},
				"west": {"uv": [9, 15, 11, 16], "texture": "#0"},
				"up": {"uv": [1, 9, 15, 11], "texture": "#0"},
				"down": {
					"uv": [1, 5, 15, 7],
					"texture": "#0",
					"cullface": "down"
				}
			},
			"rotation": {
				"origin": [8, 8, 8],
				"axis": "x",
				"angle": 0
			},
			"type": "cube"
		},
		{
			"name": "cube",
			"from": [1, 0, 13],
			"to": [15, 1, 15],
			"faces": {
				"north": {"uv": [1, 15, 15, 16], "texture": "#0"},
				"east": {"uv": [3, 16, 1, 15], "texture": "#0"},
				"south": {"uv": [1, 15, 15, 16], "texture": "#0"},
				"west": {"uv": [13, 15, 15, 16], "texture": "#0"},
				"up": {"uv": [1, 13, 15, 15], "texture": "#0"},
				"down": {
					"uv": [1, 1, 15, 3],
					"texture": "#0",
					"cullface": "down"
				}
			},
			"rotation": {
				"origin": [8, 8, 8],
				"axis": "x",
				"angle": 0
			},
			"type": "cube"
		},
		{
			"name": "cube",
			"from": [4, 1, 1],
			"to": [6, 1.75, 3],
			"faces": {
				"north": {
					"uv": [10, 14.25, 12, 15],
					"texture": "#3"
				},
				"east": {
					"uv": [15, 15, 13, 14.25],
					"texture": "#3"
				},
				"south": {"uv": [4, 14.25, 6, 15], "texture": "#3"},
				"west": {"uv": [1, 14.25, 3, 15], "texture": "#3"},
				"up": {"uv": [4, 1, 6, 3], "texture": "#3"},
				"down": {"uv": [4, 13, 6, 15], "texture": "#3"}
			},
			"type": "cube"
		},
		{
			"name": "cube",
			"from": [10, 1, 1],
			"to": [12, 1.75, 3],
			"faces": {
				"north": {"uv": [4, 14.25, 6, 15], "texture": "#3"},
				"east": {
					"uv": [15, 15, 13, 14.25],
					"texture": "#3"
				},
				"south": {
					"uv": [10, 14.25, 12, 15],
					"texture": "#3"
				},
				"west": {"uv": [1, 14.25, 3, 15], "texture": "#3"},
				"up": {"uv": [10, 1, 12, 3], "texture": "#3"},
				"down": {"uv": [10, 13, 12, 15], "texture": "#3"}
			},
			"type": "cube"
		},
		{
			"name": "cube",
			"from": [10, 1, 5],
			"to": [12, 1.75, 7],
			"faces": {
				"north": {"uv": [4, 14.25, 6, 15], "texture": "#3"},
				"east": {"uv": [11, 15, 9, 14.25], "texture": "#3"},
				"south": {
					"uv": [10, 14.25, 12, 15],
					"texture": "#3"
				},
				"west": {"uv": [5, 14.25, 7, 15], "texture": "#3"},
				"up": {"uv": [10, 5, 12, 7], "texture": "#3"},
				"down": {"uv": [10, 9, 12, 11], "texture": "#3"}
			},
			"type": "cube"
		},
		{
			"name": "cube",
			"from": [4, 1, 5],
			"to": [6, 1.75, 7],
			"faces": {
				"north": {
					"uv": [10, 14.25, 12, 15],
					"texture": "#3"
				},
				"east": {"uv": [11, 15, 9, 14.25], "texture": "#3"},
				"south": {"uv": [4, 14.25, 6, 15], "texture": "#3"},
				"west": {"uv": [5, 14.25, 7, 15], "texture": "#3"},
				"up": {"uv": [4, 5, 6, 7], "texture": "#3"},
				"down": {"uv": [4, 9, 6, 11], "texture": "#3"}
			},
			"type": "cube"
		},
		{
			"name": "cube",
			"from": [4, 1, 9],
			"to": [6, 1.75, 11],
			"faces": {
				"north": {
					"uv": [10, 14.25, 12, 15],
					"texture": "#3"
				},
				"east": {"uv": [7, 15, 5, 14.25], "texture": "#3"},
				"south": {"uv": [4, 14.25, 6, 15], "texture": "#3"},
				"west": {"uv": [9, 14.25, 11, 15], "texture": "#3"},
				"up": {"uv": [4, 9, 6, 11], "texture": "#3"},
				"down": {"uv": [4, 5, 6, 7], "texture": "#3"}
			},
			"type": "cube"
		},
		{
			"name": "cube",
			"from": [10, 1, 9],
			"to": [12, 1.75, 11],
			"faces": {
				"north": {"uv": [4, 14.25, 6, 15], "texture": "#3"},
				"east": {"uv": [7, 15, 5, 14.25], "texture": "#3"},
				"south": {
					"uv": [10, 14.25, 12, 15],
					"texture": "#3"
				},
				"west": {"uv": [9, 14.25, 11, 15], "texture": "#3"},
				"up": {"uv": [10, 9, 12, 11], "texture": "#3"},
				"down": {"uv": [10, 5, 12, 7], "texture": "#3"}
			},
			"type": "cube"
		},
		{
			"name": "cube",
			"from": [10, 1, 13],
			"to": [12, 1.75, 15],
			"faces": {
				"north": {"uv": [4, 14.25, 6, 15], "texture": "#3"},
				"east": {"uv": [3, 15, 1, 14.25], "texture": "#3"},
				"south": {
					"uv": [10, 14.25, 12, 15],
					"texture": "#3"
				},
				"west": {
					"uv": [13, 14.25, 15, 15],
					"texture": "#3"
				},
				"up": {"uv": [10, 13, 12, 15], "texture": "#3"},
				"down": {"uv": [10, 1, 12, 3], "texture": "#3"}
			},
			"type": "cube"
		},
		{
			"name": "cube",
			"from": [4, 1, 13],
			"to": [6, 1.75, 15],
			"faces": {
				"north": {
					"uv": [10, 14.25, 12, 15],
					"texture": "#3"
				},
				"east": {"uv": [3, 15, 1, 14.25], "texture": "#3"},
				"south": {"uv": [4, 14.25, 6, 15], "texture": "#3"},
				"west": {
					"uv": [13, 14.25, 15, 15],
					"texture": "#3"
				},
				"up": {"uv": [4, 13, 6, 15], "texture": "#3"},
				"down": {"uv": [4, 1, 6, 3], "texture": "#3"}
			},
			"type": "cube"
		},
		{
			"name": "cube",
			"from": [7, 0.0010000000000000009, 1.5],
			"to": [9, 0.751, 14.5],
			"faces": {
				"north": {"uv": [7, 15.25, 9, 16], "texture": "#3"},
				"east": {
					"uv": [14.5, 16, 1.5, 15.25],
					"texture": "#3"
				},
				"south": {"uv": [7, 15.25, 9, 16], "texture": "#3"},
				"west": {
					"uv": [1.5, 15.25, 14.5, 16],
					"texture": "#3"
				},
				"up": {"uv": [7, 1.5, 9, 14.5], "texture": "#3"},
				"down": {
					"uv": [7, 1.5, 9, 14.5],
					"texture": "#3",
					"cullface": "down"
				}
			},
			"type": "cube"
		},
		{
			"name": "cube",
			"from": [13, 1, 0],
			"to": [13.999, 2, 16],
			"faces": {
				"north": {"uv": [2, 14, 3, 15], "texture": "#1_1"},
				"east": {"uv": [16, 15, 0, 14], "texture": "#1_1"},
				"south": {
					"uv": [13, 14, 14, 15],
					"texture": "#1_1"
				},
				"west": {"uv": [0, 14, 16, 15], "texture": "#1_1"},
				"up": {"uv": [13, 0, 14, 16], "texture": "#1_1"},
				"down": {"uv": [13, 0, 14, 16], "texture": "#1_1"}
			},
			"rotation": {
				"origin": [13.5, 8, 8],
				"axis": "x",
				"angle": 0
			},
			"type": "cube"
		},
		{
			"name": "cube",
			"from": [3, 1, 0],
			"to": [3.999, 1.5, 16],
			"faces": {
				"north": {
					"uv": [12, 14.5, 13, 15],
					"texture": "#1_2"
				},
				"east": {
					"uv": [16, 15, 0, 14.5],
					"texture": "#1_2"
				},
				"south": {
					"uv": [3, 14.5, 4, 15],
					"texture": "#1_2"
				},
				"west": {
					"uv": [0, 14.5, 16, 15],
					"texture": "#1_2"
				},
				"up": {"uv": [3, 0, 4, 16], "texture": "#1_2"},
				"down": {"uv": [3, 0, 4, 16], "texture": "#1_2"}
			},
			"rotation": {
				"origin": [3.5, 8, 8],
				"axis": "x",
				"angle": 0
			},
			"type": "cube"
		},
		{
			"name": "cube",
			"from": [12.001, 1, 0],
			"to": [13, 1.5, 16],
			"faces": {
				"north": {
					"uv": [3, 14.5, 4, 15],
					"texture": "#1_2"
				},
				"east": {
					"uv": [16, 15, 0, 14.5],
					"texture": "#1_2"
				},
				"south": {
					"uv": [12, 14.5, 13, 15],
					"texture": "#1_2"
				},
				"west": {
					"uv": [0, 14.5, 16, 15],
					"texture": "#1_2"
				},
				"up": {"uv": [12, 0, 13, 16], "texture": "#1_2"},
				"down": {"uv": [12, 0, 13, 16], "texture": "#1_2"}
			},
			"rotation": {
				"origin": [12.501, 8, 8],
				"axis": "x",
				"angle": 0
			},
			"type": "cube"
		},
		{
			"name": "cube",
			"from": [2.001, 1, 0],
			"to": [3, 2, 16],
			"faces": {
				"north": {
					"uv": [13, 14, 14, 15],
					"texture": "#1_1"
				},
				"east": {"uv": [16, 15, 0, 14], "texture": "#1_1"},
				"south": {"uv": [2, 14, 3, 15], "texture": "#1_1"},
				"west": {"uv": [0, 14, 16, 15], "texture": "#1_1"},
				"up": {"uv": [2, 0, 3, 16], "texture": "#1_1"},
				"down": {"uv": [2, 0, 3, 16], "texture": "#1_1"}
			},
			"rotation": {
				"origin": [2.501, 8, 8],
				"axis": "x",
				"angle": 0
			},
			"type": "cube"
		}
	],
	"groups": [
		0,
		1,
		2,
		3,
		4,
		5,
		6,
		7,
		8,
		9,
		10,
		11,
		12,
		{
			"name": "activator_rail_active_flat",
			"display": {"visibility": true, "autouv": true},
			"children": [13, 14, 15, 16]
		}
	]
}