{
	"credit": "Made with Blockbench, a free, modern block model editor by JannisX11",
	"ambientocclusion": false,
	"textures": {
		"0": "3d_misc/3d_coal",
		"particle": "3d_misc/3d_coal"
	},
	"elements": [
		{
			"name": "cube",
			"from": [6, 6, 6],
			"to": [10, 10, 10],
			"faces": {
				"north": {
					"uv": [
						6,
						5.768453788272183,
						10,
						9.768453788272183
					],
					"texture": "#0"
				},
				"east": {
					"uv": [
						10,
						9.768453788272183,
						6,
						5.768453788272183
					],
					"texture": "#0"
				},
				"south": {
					"uv": [
						6,
						5.768453788272183,
						10,
						9.768453788272183
					],
					"texture": "#0"
				},
				"west": {
					"uv": [
						6,
						5.768453788272183,
						10,
						9.768453788272183
					],
					"texture": "#0"
				},
				"up": {"uv": [6, 6, 10, 10], "texture": "#0"},
				"down": {"uv": [6, 6, 10, 10], "texture": "#0"}
			},
			"type": "cube"
		},
		{
			"name": "cube",
			"from": [6.5, 6.5, 5.5],
			"to": [9.5, 9.5, 6.5],
			"faces": {
				"north": {
					"uv": [
						6.5,
						6.268453788272183,
						9.5,
						9.268453788272183
					],
					"texture": "#0"
				},
				"east": {
					"uv": [
						10.5,
						9.268453788272183,
						9.5,
						6.268453788272183
					],
					"texture": "#0"
				},
				"south": {
					"uv": [
						6.5,
						6.268453788272183,
						9.5,
						9.268453788272183
					],
					"texture": "#0"
				},
				"west": {
					"uv": [
						5.5,
						6.268453788272183,
						6.5,
						9.268453788272183
					],
					"texture": "#0"
				},
				"up": {"uv": [6.5, 5.5, 9.5, 6.5], "texture": "#0"},
				"down": {
					"uv": [6.5, 9.5, 9.5, 10.5],
					"texture": "#0"
				}
			},
			"type": "cube"
		},
		{
			"name": "cube",
			"from": [6.5, 6.5, 9.5],
			"to": [9.5, 9.5, 10.5],
			"faces": {
				"north": {
					"uv": [
						6.5,
						6.268453788272183,
						9.5,
						9.268453788272183
					],
					"texture": "#0"
				},
				"east": {
					"uv": [
						6.5,
						9.268453788272183,
						5.5,
						6.268453788272183
					],
					"texture": "#0"
				},
				"south": {
					"uv": [
						6.5,
						6.268453788272183,
						9.5,
						9.268453788272183
					],
					"texture": "#0"
				},
				"west": {
					"uv": [
						9.5,
						6.268453788272183,
						10.5,
						9.268453788272183
					],
					"texture": "#0"
				},
				"up": {
					"uv": [6.5, 9.5, 9.5, 10.5],
					"texture": "#0"
				},
				"down": {
					"uv": [6.5, 5.5, 9.5, 6.5],
					"texture": "#0"
				}
			},
			"type": "cube"
		},
		{
			"name": "cube",
			"from": [5.5, 6.5, 6.5],
			"to": [6.5, 9.5, 9.5],
			"faces": {
				"north": {
					"uv": [
						9.5,
						6.268453788272183,
						10.5,
						9.268453788272183
					],
					"texture": "#0"
				},
				"east": {
					"uv": [
						9.5,
						9.268453788272183,
						6.5,
						6.268453788272183
					],
					"texture": "#0"
				},
				"south": {
					"uv": [
						5.5,
						6.268453788272183,
						6.5,
						9.268453788272183
					],
					"texture": "#0"
				},
				"west": {
					"uv": [
						6.5,
						6.268453788272183,
						9.5,
						9.268453788272183
					],
					"texture": "#0"
				},
				"up": {"uv": [5.5, 6.5, 6.5, 9.5], "texture": "#0"},
				"down": {
					"uv": [5.5, 6.5, 6.5, 9.5],
					"texture": "#0"
				}
			},
			"type": "cube"
		},
		{
			"name": "cube",
			"from": [9.5, 6.5, 6.5],
			"to": [10.5, 9.5, 9.5],
			"faces": {
				"north": {
					"uv": [
						5.5,
						6.268453788272183,
						6.5,
						9.268453788272183
					],
					"texture": "#0"
				},
				"east": {
					"uv": [
						9.5,
						9.268453788272183,
						6.5,
						6.268453788272183
					],
					"texture": "#0"
				},
				"south": {
					"uv": [
						9.5,
						6.268453788272183,
						10.5,
						9.268453788272183
					],
					"texture": "#0"
				},
				"west": {
					"uv": [
						6.5,
						6.268453788272183,
						9.5,
						9.268453788272183
					],
					"texture": "#0"
				},
				"up": {
					"uv": [9.5, 6.5, 10.5, 9.5],
					"texture": "#0"
				},
				"down": {
					"uv": [9.5, 6.5, 10.5, 9.5],
					"texture": "#0"
				}
			},
			"type": "cube"
		},
		{
			"name": "cube",
			"from": [6.5, 9.5, 6.5],
			"to": [9.5, 10.5, 9.5],
			"faces": {
				"north": {
					"uv": [
						6.5,
						5.268453788272183,
						9.5,
						6.268453788272183
					],
					"texture": "#0"
				},
				"east": {
					"uv": [
						9.5,
						6.268453788272183,
						6.5,
						5.268453788272183
					],
					"texture": "#0"
				},
				"south": {
					"uv": [
						6.5,
						5.268453788272183,
						9.5,
						6.268453788272183
					],
					"texture": "#0"
				},
				"west": {
					"uv": [
						6.5,
						5.268453788272183,
						9.5,
						6.268453788272183
					],
					"texture": "#0"
				},
				"up": {"uv": [6.5, 6.5, 9.5, 9.5], "texture": "#0"},
				"down": {
					"uv": [6.5, 6.5, 9.5, 9.5],
					"texture": "#0"
				}
			},
			"type": "cube"
		},
		{
			"name": "cube",
			"from": [6.5, 5.5, 6.5],
			"to": [9.5, 6.5, 9.5],
			"faces": {
				"north": {
					"uv": [
						6.5,
						9.268453788272183,
						9.5,
						10.268453788272183
					],
					"texture": "#0"
				},
				"east": {
					"uv": [
						9.5,
						10.268453788272183,
						6.5,
						9.268453788272183
					],
					"texture": "#0"
				},
				"south": {
					"uv": [
						6.5,
						9.268453788272183,
						9.5,
						10.268453788272183
					],
					"texture": "#0"
				},
				"west": {
					"uv": [
						6.5,
						9.268453788272183,
						9.5,
						10.268453788272183
					],
					"texture": "#0"
				},
				"up": {"uv": [6.5, 6.5, 9.5, 9.5], "texture": "#0"},
				"down": {
					"uv": [6.5, 6.5, 9.5, 9.5],
					"texture": "#0"
				}
			},
			"type": "cube"
		}
	],
	"display": {
		"thirdperson_righthand": {
			"scale": [0.9, 0.9, 0.9],
			"rotation": [45, 45, 0]
		},
		"thirdperson_lefthand": {
			"scale": [0.9, 0.9, 0.9],
			"rotation": [45, 45, 0],
			"translation": [0, 0, 0]
		},
		"ground": {
			"scale": [0.7, 0.7, 0.7],
			"translation": [0, 1.5, 0]
		},
		"gui": {"scale": [2, 2, 2], "rotation": [30, 45, 13]},
		"firstperson_righthand": {
			"scale": [1, 1, 1],
			"translation": [2.5, 1.5, 0],
			"rotation": [-13, 35, 0]
		},
		"firstperson_lefthand": {
			"scale": [1, 1, 1],
			"rotation": [-13, 35, 0],
			"translation": [3, 1.5, 0]
		},
		"fixed": {
			"scale": [2.05, 2.05, 2.05],
			"translation": [0, 0, 0]
		}
	}
}