{
	"__comment": "Designed by CreatorLabs with Cubik Studio - https://cubik.studio",
	"ambientocclusion": "true",
	"textures": {
		"particle": "3d_blocks/crop_green_lighter",
		"texture": "3d_blocks/crop_green_lighter"
	},
	"elements": [ 	 
		{
			"__comment": "addon",
			"from": [ 2, -1, 12 ],
			"to": [ 4, 0, 13 ],
			"faces": {
				"down": { "uv": [ 2, 3, 4, 4 ], "texture": "#texture" },
				"up": { "uv": [ 2, 12, 4, 13 ], "texture": "#texture" },
				"north": { "uv": [ 12, 0, 14, 1 ], "texture": "#texture" },
				"south": { "uv": [ 2, 0, 4, 1 ], "texture": "#texture" },
				"west": { "uv": [ 12, 0, 13, 1 ], "texture": "#texture" },
				"east": { "uv": [ 3, 0, 4, 1 ], "texture": "#texture" }
			}
		},
		{
			"__comment": "addon1",
			"from": [ 2, 0, 12 ],
			"to": [ 3, 1, 13 ],
			"faces": {
				"down": { "uv": [ 2, 3, 3, 4 ], "texture": "#texture" },
				"up": { "uv": [ 2, 12, 3, 13 ], "texture": "#texture" },
				"north": { "uv": [ 13, 15, 14, 16 ], "texture": "#texture" },
				"south": { "uv": [ 2, 15, 3, 16 ], "texture": "#texture" },
				"west": { "uv": [ 12, 15, 13, 16 ], "texture": "#texture" },
				"east": { "uv": [ 3, 15, 4, 16 ], "texture": "#texture" }
			}
		},
		{
			"__comment": "addon2",
			"from": [ 2.5, -1, 2 ],
			"to": [ 3.5, 0, 3 ],
			"faces": {
				"down": { "uv": [ 2.5, 13, 3.5, 14 ], "texture": "#texture" },
				"up": { "uv": [ 2.5, 2, 3.5, 3 ], "texture": "#texture" },
				"north": { "uv": [ 12.5, 0, 13.5, 1 ], "texture": "#texture" },
				"south": { "uv": [ 2.5, 0, 3.5, 1 ], "texture": "#texture" },
				"west": { "uv": [ 2, 0, 3, 1 ], "texture": "#texture" },
				"east": { "uv": [ 13, 0, 14, 1 ], "texture": "#texture" }
			}
		},
		{
			"__comment": "addon3",
			"from": [ 2.5, -1, 7 ],
			"to": [ 3.5, 2, 8 ],
			"faces": {
				"down": { "uv": [ 2.5, 8, 3.5, 9 ], "texture": "#texture" },
				"up": { "uv": [ 2.5, 7, 3.5, 8 ], "texture": "#texture" },
				"north": { "uv": [ 12.5, 14, 13.5, 16 ], "texture": "#texture" },
				"south": { "uv": [ 2.5, 14, 3.5, 16 ], "texture": "#texture" },
				"west": { "uv": [ 7, 14, 8, 16 ], "texture": "#texture" },
				"east": { "uv": [ 8, 14, 9, 16 ], "texture": "#texture" }
			}
		},
		{
			"__comment": "addon4",
			"from": [ 3, -1, 3 ],
			"to": [ 4, 1, 4 ],
			"faces": {
				"down": { "uv": [ 3, 12, 4, 13 ], "texture": "#texture" },
				"up": { "uv": [ 3, 3, 4, 4 ], "texture": "#texture" },
				"north": { "uv": [ 12, 15, 13, 16 ], "texture": "#texture" },
				"south": { "uv": [ 3, 15, 4, 16 ], "texture": "#texture" },
				"west": { "uv": [ 3, 15, 4, 16 ], "texture": "#texture" },
				"east": { "uv": [ 12, 15, 13, 16 ], "texture": "#texture" }
			}
		},
		{
			"__comment": "addon5",
			"from": [ 3, -1, 6 ],
			"to": [ 4, 0, 7 ],
			"faces": {
				"down": { "uv": [ 3, 9, 4, 10 ], "texture": "#texture" },
				"up": { "uv": [ 3, 6, 4, 7 ], "texture": "#texture" },
				"north": { "uv": [ 12, 0, 13, 1 ], "texture": "#texture" },
				"south": { "uv": [ 3, 0, 4, 1 ], "texture": "#texture" },
				"west": { "uv": [ 6, 0, 7, 1 ], "texture": "#texture" },
				"east": { "uv": [ 9, 0, 10, 1 ], "texture": "#texture" }
			}
		},
		{
			"__comment": "addon6",
			"from": [ 6, -1, 11.5 ],
			"to": [ 8, 0, 12 ],
			"faces": {
				"down": { "uv": [ 6, 4, 8, 4.5 ], "texture": "#texture" },
				"up": { "uv": [ 6, 11.5, 8, 12 ], "texture": "#texture" },
				"north": { "uv": [ 8, 0, 10, 1 ], "texture": "#texture" },
				"south": { "uv": [ 6, 0, 8, 1 ], "texture": "#texture" },
				"west": { "uv": [ 11.5, 0, 12, 1 ], "texture": "#texture" },
				"east": { "uv": [ 4, 0, 4.5, 1 ], "texture": "#texture" }
			}
		},
		{
			"__comment": "addon7",
			"from": [ 6, -1, 12 ],
			"to": [ 7, 0, 12.5 ],
			"faces": {
				"down": { "uv": [ 6, 3.5, 7, 4 ], "texture": "#texture" },
				"up": { "uv": [ 6, 12, 7, 12.5 ], "texture": "#texture" },
				"north": { "uv": [ 9, 0, 10, 1 ], "texture": "#texture" },
				"south": { "uv": [ 6, 0, 7, 1 ], "texture": "#texture" },
				"west": { "uv": [ 12, 0, 12.5, 1 ], "texture": "#texture" },
				"east": { "uv": [ 3.5, 0, 4, 1 ], "texture": "#texture" }
			}
		},
		{
			"__comment": "addon8",
			"from": [ 6.5, -1, 7 ],
			"to": [ 7.5, 1.5, 8 ],
			"faces": {
				"down": { "uv": [ 6.5, 8, 7.5, 9 ], "texture": "#texture" },
				"up": { "uv": [ 6.5, 7, 7.5, 8 ], "texture": "#texture" },
				"north": { "uv": [ 8.5, 14.5, 9.5, 16 ], "texture": "#texture" },
				"south": { "uv": [ 6.5, 14.5, 7.5, 16 ], "texture": "#texture" },
				"west": { "uv": [ 7, 14.5, 8, 16 ], "texture": "#texture" },
				"east": { "uv": [ 8, 14.5, 9, 16 ], "texture": "#texture" }
			}
		},
		{
			"__comment": "addon9",
			"from": [ 7, -1, 2.5 ],
			"to": [ 8, 0.5, 3.5 ],
			"faces": {
				"down": { "uv": [ 7, 12.5, 8, 13.5 ], "texture": "#texture" },
				"up": { "uv": [ 7, 2.5, 8, 3.5 ], "texture": "#texture" },
				"north": { "uv": [ 8, 15.5, 9, 16 ], "texture": "#texture" },
				"south": { "uv": [ 7, 15.5, 8, 16 ], "texture": "#texture" },
				"west": { "uv": [ 2.5, 15.5, 3.5, 16 ], "texture": "#texture" },
				"east": { "uv": [ 12.5, 15.5, 13.5, 16 ], "texture": "#texture" }
			}
		},
		{
			"__comment": "addon10",
			"from": [ 7, -1, 11 ],
			"to": [ 8, 1.5, 11.5 ],
			"faces": {
				"down": { "uv": [ 7, 4.5, 8, 5 ], "texture": "#texture" },
				"up": { "uv": [ 7, 11, 8, 11.5 ], "texture": "#texture" },
				"north": { "uv": [ 8, 14.5, 9, 16 ], "texture": "#texture" },
				"south": { "uv": [ 7, 14.5, 8, 16 ], "texture": "#texture" },
				"west": { "uv": [ 11, 14.5, 11.5, 16 ], "texture": "#texture" },
				"east": { "uv": [ 4.5, 14.5, 5, 16 ], "texture": "#texture" }
			}
		},
		{
			"__comment": "addon11",
			"from": [ 7, 0, 11.5 ],
			"to": [ 8, 1.5, 12 ],
			"faces": {
				"down": { "uv": [ 7, 4, 8, 4.5 ], "texture": "#texture" },
				"up": { "uv": [ 7, 11.5, 8, 12 ], "texture": "#texture" },
				"north": { "uv": [ 8, 14.5, 9, 16 ], "texture": "#texture" },
				"south": { "uv": [ 7, 14.5, 8, 16 ], "texture": "#texture" },
				"west": { "uv": [ 11.5, 14.5, 12, 16 ], "texture": "#texture" },
				"east": { "uv": [ 4, 14.5, 4.5, 16 ], "texture": "#texture" }
			}
		},
		{
			"__comment": "addon12",
			"from": [ 7.5, -1, 7.5 ],
			"to": [ 8.5, 0, 8.5 ],
			"faces": {
				"down": { "uv": [ 7.5, 7.5, 8.5, 8.5 ], "texture": "#texture" },
				"up": { "uv": [ 7.5, 7.5, 8.5, 8.5 ], "texture": "#texture" },
				"north": { "uv": [ 7.5, 0, 8.5, 1 ], "texture": "#texture" },
				"south": { "uv": [ 7.5, 0, 8.5, 1 ], "texture": "#texture" },
				"west": { "uv": [ 7.5, 0, 8.5, 1 ], "texture": "#texture" },
				"east": { "uv": [ 7.5, 0, 8.5, 1 ], "texture": "#texture" }
			}
		},
		{
			"__comment": "addon13",
			"from": [ 8, -1, 3 ],
			"to": [ 9, 2, 4 ],
			"faces": {
				"down": { "uv": [ 8, 12, 9, 13 ], "texture": "#texture" },
				"up": { "uv": [ 8, 3, 9, 4 ], "texture": "#texture" },
				"north": { "uv": [ 7, 14, 8, 16 ], "texture": "#texture" },
				"south": { "uv": [ 8, 14, 9, 16 ], "texture": "#texture" },
				"west": { "uv": [ 3, 14, 4, 16 ], "texture": "#texture" },
				"east": { "uv": [ 12, 14, 13, 16 ], "texture": "#texture" }
			}
		},
		{
			"__comment": "addon14",
			"from": [ 11, -1, 11.5 ],
			"to": [ 12, 0, 12.5 ],
			"faces": {
				"down": { "uv": [ 11, 3.5, 12, 4.5 ], "texture": "#texture" },
				"up": { "uv": [ 11, 11.5, 12, 12.5 ], "texture": "#texture" },
				"north": { "uv": [ 4, 0, 5, 1 ], "texture": "#texture" },
				"south": { "uv": [ 11, 0, 12, 1 ], "texture": "#texture" },
				"west": { "uv": [ 11.5, 0, 12.5, 1 ], "texture": "#texture" },
				"east": { "uv": [ 3.5, 0, 4.5, 1 ], "texture": "#texture" }
			}
		},
		{
			"__comment": "addon15",
			"from": [ 11.5, -1, 3 ],
			"to": [ 12.5, 1, 4 ],
			"faces": {
				"down": { "uv": [ 11.5, 12, 12.5, 13 ], "texture": "#texture" },
				"up": { "uv": [ 11.5, 3, 12.5, 4 ], "texture": "#texture" },
				"north": { "uv": [ 3.5, 15, 4.5, 16 ], "texture": "#texture" },
				"south": { "uv": [ 11.5, 15, 12.5, 16 ], "texture": "#texture" },
				"west": { "uv": [ 3, 15, 4, 16 ], "texture": "#texture" },
				"east": { "uv": [ 12, 15, 13, 16 ], "texture": "#texture" }
			}
		},
		{
			"__comment": "addon16",
			"from": [ 11.5, -1, 8 ],
			"to": [ 12.5, 2, 9 ],
			"faces": {
				"down": { "uv": [ 11.5, 7, 12.5, 8 ], "texture": "#texture" },
				"up": { "uv": [ 11.5, 8, 12.5, 9 ], "texture": "#texture" },
				"north": { "uv": [ 3.5, 14, 4.5, 16 ], "texture": "#texture" },
				"south": { "uv": [ 11.5, 14, 12.5, 16 ], "texture": "#texture" },
				"west": { "uv": [ 8, 14, 9, 16 ], "texture": "#texture" },
				"east": { "uv": [ 7, 14, 8, 16 ], "texture": "#texture" }
			}
		},
		{
			"__comment": "addon17",
			"from": [ 12, -1, 4 ],
			"to": [ 13, 0, 5 ],
			"faces": {
				"down": { "uv": [ 12, 11, 13, 12 ], "texture": "#texture" },
				"up": { "uv": [ 12, 4, 13, 5 ], "texture": "#texture" },
				"north": { "uv": [ 3, 0, 4, 1 ], "texture": "#texture" },
				"south": { "uv": [ 12, 0, 13, 1 ], "texture": "#texture" },
				"west": { "uv": [ 4, 0, 5, 1 ], "texture": "#texture" },
				"east": { "uv": [ 11, 0, 12, 1 ], "texture": "#texture" }
			}
		},
		{
			"__comment": "addon18",
			"from": [ 12, -1, 9 ],
			"to": [ 13, 0.5, 10 ],
			"faces": {
				"down": { "uv": [ 12, 6, 13, 7 ], "texture": "#texture" },
				"up": { "uv": [ 12, 9, 13, 10 ], "texture": "#texture" },
				"north": { "uv": [ 3, 15.5, 4, 16 ], "texture": "#texture" },
				"south": { "uv": [ 12, 15.5, 13, 16 ], "texture": "#texture" },
				"west": { "uv": [ 9, 15.5, 10, 16 ], "texture": "#texture" },
				"east": { "uv": [ 6, 15.5, 7, 16 ], "texture": "#texture" }
			}
		},
		{
			"__comment": "addon19",
			"from": [ 12, -1, 12 ],
			"to": [ 13, 1, 13 ],
			"faces": {
				"down": { "uv": [ 12, 3, 13, 4 ], "texture": "#texture" },
				"up": { "uv": [ 12, 12, 13, 13 ], "texture": "#texture" },
				"north": { "uv": [ 3, 15, 4, 16 ], "texture": "#texture" },
				"south": { "uv": [ 12, 15, 13, 16 ], "texture": "#texture" },
				"west": { "uv": [ 12, 15, 13, 16 ], "texture": "#texture" },
				"east": { "uv": [ 3, 15, 4, 16 ], "texture": "#texture" }
			}
		},
		{
			"__comment": "addon20",
			"from": [ 1.5, 1, 12 ],
			"to": [ 2.5, 3, 13 ],
			"faces": {
				"down": { "uv": [ 1.5, 3, 2.5, 4 ], "texture": "#texture" },
				"up": { "uv": [ 1.5, 12, 2.5, 13 ], "texture": "#texture" },
				"north": { "uv": [ 13.5, 13, 14.5, 15 ], "texture": "#texture" },
				"south": { "uv": [ 1.5, 13, 2.5, 15 ], "texture": "#texture" },
				"west": { "uv": [ 12, 13, 13, 15 ], "texture": "#texture" },
				"east": { "uv": [ 3, 13, 4, 15 ], "texture": "#texture" }
			}
		},
		{
			"__comment": "addon21",
			"from": [ 2.5, 0, 2 ],
			"to": [ 3.5, 1, 3 ],
			"faces": {
				"down": { "uv": [ 2.5, 13, 3.5, 14 ], "texture": "#texture" },
				"up": { "uv": [ 2.5, 2, 3.5, 3 ], "texture": "#texture" },
				"north": { "uv": [ 12.5, 15, 13.5, 16 ], "texture": "#texture" },
				"south": { "uv": [ 2.5, 15, 3.5, 16 ], "texture": "#texture" },
				"west": { "uv": [ 2, 15, 3, 16 ], "texture": "#texture" },
				"east": { "uv": [ 13, 15, 14, 16 ], "texture": "#texture" }
			}
		},
		{
			"__comment": "addon22",
			"from": [ 3, -1, 8 ],
			"to": [ 4, 1, 9 ],
			"faces": {
				"down": { "uv": [ 3, 7, 4, 8 ], "texture": "#texture" },
				"up": { "uv": [ 3, 8, 4, 9 ], "texture": "#texture" },
				"north": { "uv": [ 12, 15, 13, 16 ], "texture": "#texture" },
				"south": { "uv": [ 3, 15, 4, 16 ], "texture": "#texture" },
				"west": { "uv": [ 8, 15, 9, 16 ], "texture": "#texture" },
				"east": { "uv": [ 7, 15, 8, 16 ], "texture": "#texture" }
			}
		},
		{
			"__comment": "addon23",
			"from": [ 3, 0, 6 ],
			"to": [ 4, 1, 7 ],
			"faces": {
				"down": { "uv": [ 3, 9, 4, 10 ], "texture": "#texture" },
				"up": { "uv": [ 3, 6, 4, 7 ], "texture": "#texture" },
				"north": { "uv": [ 12, 15, 13, 16 ], "texture": "#texture" },
				"south": { "uv": [ 3, 15, 4, 16 ], "texture": "#texture" },
				"west": { "uv": [ 6, 15, 7, 16 ], "texture": "#texture" },
				"east": { "uv": [ 9, 15, 10, 16 ], "texture": "#texture" }
			}
		},
		{
			"__comment": "addon24",
			"from": [ 3, 0, 12 ],
			"to": [ 4, 1, 13 ],
			"faces": {
				"down": { "uv": [ 3, 3, 4, 4 ], "texture": "#texture" },
				"up": { "uv": [ 3, 12, 4, 13 ], "texture": "#texture" },
				"north": { "uv": [ 12, 15, 13, 16 ], "texture": "#texture" },
				"south": { "uv": [ 3, 15, 4, 16 ], "texture": "#texture" },
				"west": { "uv": [ 12, 15, 13, 16 ], "texture": "#texture" },
				"east": { "uv": [ 3, 15, 4, 16 ], "texture": "#texture" }
			}
		},
		{
			"__comment": "addon25",
			"from": [ 3, 1, 2 ],
			"to": [ 4, 3, 3 ],
			"faces": {
				"down": { "uv": [ 3, 13, 4, 14 ], "texture": "#texture" },
				"up": { "uv": [ 3, 2, 4, 3 ], "texture": "#texture" },
				"north": { "uv": [ 12, 13, 13, 15 ], "texture": "#texture" },
				"south": { "uv": [ 3, 13, 4, 15 ], "texture": "#texture" },
				"west": { "uv": [ 2, 13, 3, 15 ], "texture": "#texture" },
				"east": { "uv": [ 13, 13, 14, 15 ], "texture": "#texture" }
			}
		},
		{
			"__comment": "addon26",
			"from": [ 3, 1, 3.5 ],
			"to": [ 4, 2, 4.5 ],
			"faces": {
				"down": { "uv": [ 3, 11.5, 4, 12.5 ], "texture": "#texture" },
				"up": { "uv": [ 3, 3.5, 4, 4.5 ], "texture": "#texture" },
				"north": { "uv": [ 12, 14, 13, 15 ], "texture": "#texture" },
				"south": { "uv": [ 3, 14, 4, 15 ], "texture": "#texture" },
				"west": { "uv": [ 3.5, 14, 4.5, 15 ], "texture": "#texture" },
				"east": { "uv": [ 11.5, 14, 12.5, 15 ], "texture": "#texture" }
			}
		},
		{
			"__comment": "addon27",
			"from": [ 3, 1, 8.5 ],
			"to": [ 4, 3, 9.5 ],
			"faces": {
				"down": { "uv": [ 3, 6.5, 4, 7.5 ], "texture": "#texture" },
				"up": { "uv": [ 3, 8.5, 4, 9.5 ], "texture": "#texture" },
				"north": { "uv": [ 12, 13, 13, 15 ], "texture": "#texture" },
				"south": { "uv": [ 3, 13, 4, 15 ], "texture": "#texture" },
				"west": { "uv": [ 8.5, 13, 9.5, 15 ], "texture": "#texture" },
				"east": { "uv": [ 6.5, 13, 7.5, 15 ], "texture": "#texture" }
			}
		},
		{
			"__comment": "addon28",
			"from": [ 3, 2, 7 ],
			"to": [ 4, 4, 8 ],
			"faces": {
				"down": { "uv": [ 3, 8, 4, 9 ], "texture": "#texture" },
				"up": { "uv": [ 3, 7, 4, 8 ], "texture": "#texture" },
				"north": { "uv": [ 12, 12, 13, 14 ], "texture": "#texture" },
				"south": { "uv": [ 3, 12, 4, 14 ], "texture": "#texture" },
				"west": { "uv": [ 7, 12, 8, 14 ], "texture": "#texture" },
				"east": { "uv": [ 8, 12, 9, 14 ], "texture": "#texture" }
			}
		},
		{
			"__comment": "addon29",
			"from": [ 3.5, 1, 12.5 ],
			"to": [ 4.5, 2, 13.5 ],
			"faces": {
				"down": { "uv": [ 3.5, 2.5, 4.5, 3.5 ], "texture": "#texture" },
				"up": { "uv": [ 3.5, 12.5, 4.5, 13.5 ], "texture": "#texture" },
				"north": { "uv": [ 11.5, 14, 12.5, 15 ], "texture": "#texture" },
				"south": { "uv": [ 3.5, 14, 4.5, 15 ], "texture": "#texture" },
				"west": { "uv": [ 12.5, 14, 13.5, 15 ], "texture": "#texture" },
				"east": { "uv": [ 2.5, 14, 3.5, 15 ], "texture": "#texture" }
			}
		},
		{
			"__comment": "addon30",
			"from": [ 6, 0, 12 ],
			"to": [ 7, 1, 13 ],
			"faces": {
				"down": { "uv": [ 6, 3, 7, 4 ], "texture": "#texture" },
				"up": { "uv": [ 6, 12, 7, 13 ], "texture": "#texture" },
				"north": { "uv": [ 9, 15, 10, 16 ], "texture": "#texture" },
				"south": { "uv": [ 6, 15, 7, 16 ], "texture": "#texture" },
				"west": { "uv": [ 12, 15, 13, 16 ], "texture": "#texture" },
				"east": { "uv": [ 3, 15, 4, 16 ], "texture": "#texture" }
			}
		},
		{
			"__comment": "addon31",
			"from": [ 6, 1, 4 ],
			"to": [ 8, 1.5, 5 ],
			"faces": {
				"down": { "uv": [ 6, 11, 8, 12 ], "texture": "#texture" },
				"up": { "uv": [ 6, 4, 8, 5 ], "texture": "#texture" },
				"north": { "uv": [ 8, 14.5, 10, 15 ], "texture": "#texture" },
				"south": { "uv": [ 6, 14.5, 8, 15 ], "texture": "#texture" },
				"west": { "uv": [ 4, 14.5, 5, 15 ], "texture": "#texture" },
				"east": { "uv": [ 11, 14.5, 12, 15 ], "texture": "#texture" }
			}
		},
		{
			"__comment": "addon32",
			"from": [ 6, 1.5, 4 ],
			"to": [ 7, 3, 5 ],
			"faces": {
				"down": { "uv": [ 6, 11, 7, 12 ], "texture": "#texture" },
				"up": { "uv": [ 6, 4, 7, 5 ], "texture": "#texture" },
				"north": { "uv": [ 9, 13, 10, 14.5 ], "texture": "#texture" },
				"south": { "uv": [ 6, 13, 7, 14.5 ], "texture": "#texture" },
				"west": { "uv": [ 4, 13, 5, 14.5 ], "texture": "#texture" },
				"east": { "uv": [ 11, 13, 12, 14.5 ], "texture": "#texture" }
			}
		},
		{
			"__comment": "addon33",
			"from": [ 6, 2, 7 ],
			"to": [ 7.5, 2.5, 8 ],
			"faces": {
				"down": { "uv": [ 6, 8, 7.5, 9 ], "texture": "#texture" },
				"up": { "uv": [ 6, 7, 7.5, 8 ], "texture": "#texture" },
				"north": { "uv": [ 8.5, 13.5, 10, 14 ], "texture": "#texture" },
				"south": { "uv": [ 6, 13.5, 7.5, 14 ], "texture": "#texture" },
				"west": { "uv": [ 7, 13.5, 8, 14 ], "texture": "#texture" },
				"east": { "uv": [ 8, 13.5, 9, 14 ], "texture": "#texture" }
			}
		},
		{
			"__comment": "addon34",
			"from": [ 6, 2.5, 7 ],
			"to": [ 7, 4, 8 ],
			"faces": {
				"down": { "uv": [ 6, 8, 7, 9 ], "texture": "#texture" },
				"up": { "uv": [ 6, 7, 7, 8 ], "texture": "#texture" },
				"north": { "uv": [ 9, 12, 10, 13.5 ], "texture": "#texture" },
				"south": { "uv": [ 6, 12, 7, 13.5 ], "texture": "#texture" },
				"west": { "uv": [ 7, 12, 8, 13.5 ], "texture": "#texture" },
				"east": { "uv": [ 8, 12, 9, 13.5 ], "texture": "#texture" }
			}
		},
		{
			"__comment": "addon35",
			"from": [ 6.5, 1.5, 7 ],
			"to": [ 7.5, 2, 8 ],
			"faces": {
				"down": { "uv": [ 6.5, 8, 7.5, 9 ], "texture": "#texture" },
				"up": { "uv": [ 6.5, 7, 7.5, 8 ], "texture": "#texture" },
				"north": { "uv": [ 8.5, 14, 9.5, 14.5 ], "texture": "#texture" },
				"south": { "uv": [ 6.5, 14, 7.5, 14.5 ], "texture": "#texture" },
				"west": { "uv": [ 7, 14, 8, 14.5 ], "texture": "#texture" },
				"east": { "uv": [ 8, 14, 9, 14.5 ], "texture": "#texture" }
			}
		},
		{
			"__comment": "addon36",
			"from": [ 7, -1, 4 ],
			"to": [ 8, 1, 5 ],
			"faces": {
				"down": { "uv": [ 7, 11, 8, 12 ], "texture": "#texture" },
				"up": { "uv": [ 7, 4, 8, 5 ], "texture": "#texture" },
				"north": { "uv": [ 8, 15, 9, 16 ], "texture": "#texture" },
				"south": { "uv": [ 7, 15, 8, 16 ], "texture": "#texture" },
				"west": { "uv": [ 4, 15, 5, 16 ], "texture": "#texture" },
				"east": { "uv": [ 11, 15, 12, 16 ], "texture": "#texture" }
			}
		},
		{
			"__comment": "addon37",
			"from": [ 7, 0, 1.5 ],
			"to": [ 8, 3, 2.5 ],
			"faces": {
				"down": { "uv": [ 7, 13.5, 8, 14.5 ], "texture": "#texture" },
				"up": { "uv": [ 7, 1.5, 8, 2.5 ], "texture": "#texture" },
				"north": { "uv": [ 8, 13, 9, 16 ], "texture": "#texture" },
				"south": { "uv": [ 7, 13, 8, 16 ], "texture": "#texture" },
				"west": { "uv": [ 1.5, 13, 2.5, 16 ], "texture": "#texture" },
				"east": { "uv": [ 13.5, 13, 14.5, 16 ], "texture": "#texture" }
			}
		},
		{
			"__comment": "addon38",
			"from": [ 7, 1.5, 11.5 ],
			"to": [ 8, 4, 12 ],
			"faces": {
				"down": { "uv": [ 7, 4, 8, 4.5 ], "texture": "#texture" },
				"up": { "uv": [ 7, 11.5, 8, 12 ], "texture": "#texture" },
				"north": { "uv": [ 8, 12, 9, 14.5 ], "texture": "#texture" },
				"south": { "uv": [ 7, 12, 8, 14.5 ], "texture": "#texture" },
				"west": { "uv": [ 11.5, 12, 12, 14.5 ], "texture": "#texture" },
				"east": { "uv": [ 4, 12, 4.5, 14.5 ], "texture": "#texture" }
			}
		},
		{
			"__comment": "addon39",
			"from": [ 7, 1.5, 12 ],
			"to": [ 8, 3, 12.5 ],
			"faces": {
				"down": { "uv": [ 7, 3.5, 8, 4 ], "texture": "#texture" },
				"up": { "uv": [ 7, 12, 8, 12.5 ], "texture": "#texture" },
				"north": { "uv": [ 8, 13, 9, 14.5 ], "texture": "#texture" },
				"south": { "uv": [ 7, 13, 8, 14.5 ], "texture": "#texture" },
				"west": { "uv": [ 12, 13, 12.5, 14.5 ], "texture": "#texture" },
				"east": { "uv": [ 3.5, 13, 4, 14.5 ], "texture": "#texture" }
			}
		},
		{
			"__comment": "addon40",
			"from": [ 7, 3, 11 ],
			"to": [ 8, 4, 11.5 ],
			"faces": {
				"down": { "uv": [ 7, 4.5, 8, 5 ], "texture": "#texture" },
				"up": { "uv": [ 7, 11, 8, 11.5 ], "texture": "#texture" },
				"north": { "uv": [ 8, 12, 9, 13 ], "texture": "#texture" },
				"south": { "uv": [ 7, 12, 8, 13 ], "texture": "#texture" },
				"west": { "uv": [ 11, 12, 11.5, 13 ], "texture": "#texture" },
				"east": { "uv": [ 4.5, 12, 5, 13 ], "texture": "#texture" }
			}
		},
		{
			"__comment": "addon41",
			"from": [ 7.5, -1, 6.5 ],
			"to": [ 8.5, 0.5, 7.5 ],
			"faces": {
				"down": { "uv": [ 7.5, 8.5, 8.5, 9.5 ], "texture": "#texture" },
				"up": { "uv": [ 7.5, 6.5, 8.5, 7.5 ], "texture": "#texture" },
				"north": { "uv": [ 7.5, 15.5, 8.5, 16 ], "texture": "#texture" },
				"south": { "uv": [ 7.5, 15.5, 8.5, 16 ], "texture": "#texture" },
				"west": { "uv": [ 6.5, 15.5, 7.5, 16 ], "texture": "#texture" },
				"east": { "uv": [ 8.5, 15.5, 9.5, 16 ], "texture": "#texture" }
			}
		},
		{
			"__comment": "addon42",
			"from": [ 8, -1, 12 ],
			"to": [ 9, 1, 13 ],
			"faces": {
				"down": { "uv": [ 8, 3, 9, 4 ], "texture": "#texture" },
				"up": { "uv": [ 8, 12, 9, 13 ], "texture": "#texture" },
				"north": { "uv": [ 7, 15, 8, 16 ], "texture": "#texture" },
				"south": { "uv": [ 8, 15, 9, 16 ], "texture": "#texture" },
				"west": { "uv": [ 12, 15, 13, 16 ], "texture": "#texture" },
				"east": { "uv": [ 3, 15, 4, 16 ], "texture": "#texture" }
			}
		},
		{
			"__comment": "addon43",
			"from": [ 8, 0.5, 6.5 ],
			"to": [ 9, 3, 7.5 ],
			"faces": {
				"down": { "uv": [ 8, 8.5, 9, 9.5 ], "texture": "#texture" },
				"up": { "uv": [ 8, 6.5, 9, 7.5 ], "texture": "#texture" },
				"north": { "uv": [ 7, 13, 8, 15.5 ], "texture": "#texture" },
				"south": { "uv": [ 8, 13, 9, 15.5 ], "texture": "#texture" },
				"west": { "uv": [ 6.5, 13, 7.5, 15.5 ], "texture": "#texture" },
				"east": { "uv": [ 8.5, 13, 9.5, 15.5 ], "texture": "#texture" }
			}
		},
		{
			"__comment": "addon44",
			"from": [ 9, 0.5, 12 ],
			"to": [ 10, 3, 13 ],
			"faces": {
				"down": { "uv": [ 9, 3, 10, 4 ], "texture": "#texture" },
				"up": { "uv": [ 9, 12, 10, 13 ], "texture": "#texture" },
				"north": { "uv": [ 6, 13, 7, 15.5 ], "texture": "#texture" },
				"south": { "uv": [ 9, 13, 10, 15.5 ], "texture": "#texture" },
				"west": { "uv": [ 12, 13, 13, 15.5 ], "texture": "#texture" },
				"east": { "uv": [ 3, 13, 4, 15.5 ], "texture": "#texture" }
			}
		},
		{
			"__comment": "addon45",
			"from": [ 11.5, 0.5, 13 ],
			"to": [ 12.5, 3, 14 ],
			"faces": {
				"down": { "uv": [ 11.5, 2, 12.5, 3 ], "texture": "#texture" },
				"up": { "uv": [ 11.5, 13, 12.5, 14 ], "texture": "#texture" },
				"north": { "uv": [ 3.5, 13, 4.5, 15.5 ], "texture": "#texture" },
				"south": { "uv": [ 11.5, 13, 12.5, 15.5 ], "texture": "#texture" },
				"west": { "uv": [ 13, 13, 14, 15.5 ], "texture": "#texture" },
				"east": { "uv": [ 2, 13, 3, 15.5 ], "texture": "#texture" }
			}
		},
		{
			"__comment": "addon46",
			"from": [ 11.5, 1, 2 ],
			"to": [ 12.5, 3, 3 ],
			"faces": {
				"down": { "uv": [ 11.5, 13, 12.5, 14 ], "texture": "#texture" },
				"up": { "uv": [ 11.5, 2, 12.5, 3 ], "texture": "#texture" },
				"north": { "uv": [ 3.5, 13, 4.5, 15 ], "texture": "#texture" },
				"south": { "uv": [ 11.5, 13, 12.5, 15 ], "texture": "#texture" },
				"west": { "uv": [ 2, 13, 3, 15 ], "texture": "#texture" },
				"east": { "uv": [ 13, 13, 14, 15 ], "texture": "#texture" }
			}
		},
		{
			"__comment": "addon47",
			"from": [ 11.5, 2, 7.5 ],
			"to": [ 12.5, 4, 8.5 ],
			"faces": {
				"down": { "uv": [ 11.5, 7.5, 12.5, 8.5 ], "texture": "#texture" },
				"up": { "uv": [ 11.5, 7.5, 12.5, 8.5 ], "texture": "#texture" },
				"north": { "uv": [ 3.5, 12, 4.5, 14 ], "texture": "#texture" },
				"south": { "uv": [ 11.5, 12, 12.5, 14 ], "texture": "#texture" },
				"west": { "uv": [ 7.5, 12, 8.5, 14 ], "texture": "#texture" },
				"east": { "uv": [ 7.5, 12, 8.5, 14 ], "texture": "#texture" }
			}
		},
		{
			"__comment": "addon48",
			"from": [ 12, -1, 2 ],
			"to": [ 13, 1, 3 ],
			"faces": {
				"down": { "uv": [ 12, 13, 13, 14 ], "texture": "#texture" },
				"up": { "uv": [ 12, 2, 13, 3 ], "texture": "#texture" },
				"north": { "uv": [ 3, 15, 4, 16 ], "texture": "#texture" },
				"south": { "uv": [ 12, 15, 13, 16 ], "texture": "#texture" },
				"west": { "uv": [ 2, 15, 3, 16 ], "texture": "#texture" },
				"east": { "uv": [ 13, 15, 14, 16 ], "texture": "#texture" }
			}
		},
		{
			"__comment": "addon49",
			"from": [ 12, -1, 7 ],
			"to": [ 13, 3, 7.5 ],
			"faces": {
				"down": { "uv": [ 12, 8.5, 13, 9 ], "texture": "#texture" },
				"up": { "uv": [ 12, 7, 13, 7.5 ], "texture": "#texture" },
				"north": { "uv": [ 3, 13, 4, 16 ], "texture": "#texture" },
				"south": { "uv": [ 12, 13, 13, 16 ], "texture": "#texture" },
				"west": { "uv": [ 7, 13, 7.5, 16 ], "texture": "#texture" },
				"east": { "uv": [ 8.5, 13, 9, 16 ], "texture": "#texture" }
			}
		},
		{
			"__comment": "addon50",
			"from": [ 12, -1, 7.5 ],
			"to": [ 13, 1, 8 ],
			"faces": {
				"down": { "uv": [ 12, 8, 13, 8.5 ], "texture": "#texture" },
				"up": { "uv": [ 12, 7.5, 13, 8 ], "texture": "#texture" },
				"north": { "uv": [ 3, 15, 4, 16 ], "texture": "#texture" },
				"south": { "uv": [ 12, 15, 13, 16 ], "texture": "#texture" },
				"west": { "uv": [ 7.5, 15, 8, 16 ], "texture": "#texture" },
				"east": { "uv": [ 8, 15, 8.5, 16 ], "texture": "#texture" }
			}
		},
		{
			"__comment": "addon51",
			"from": [ 12, -1, 13 ],
			"to": [ 13, 0.5, 14 ],
			"faces": {
				"down": { "uv": [ 12, 2, 13, 3 ], "texture": "#texture" },
				"up": { "uv": [ 12, 13, 13, 14 ], "texture": "#texture" },
				"north": { "uv": [ 3, 15.5, 4, 16 ], "texture": "#texture" },
				"south": { "uv": [ 12, 15.5, 13, 16 ], "texture": "#texture" },
				"west": { "uv": [ 13, 15.5, 14, 16 ], "texture": "#texture" },
				"east": { "uv": [ 2, 15.5, 3, 16 ], "texture": "#texture" }
			}
		},
		{
			"__comment": "addon52",
			"from": [ 12, 1, 6.5 ],
			"to": [ 13, 3, 7 ],
			"faces": {
				"down": { "uv": [ 12, 9, 13, 9.5 ], "texture": "#texture" },
				"up": { "uv": [ 12, 6.5, 13, 7 ], "texture": "#texture" },
				"north": { "uv": [ 3, 13, 4, 15 ], "texture": "#texture" },
				"south": { "uv": [ 12, 13, 13, 15 ], "texture": "#texture" },
				"west": { "uv": [ 6.5, 13, 7, 15 ], "texture": "#texture" },
				"east": { "uv": [ 9, 13, 9.5, 15 ], "texture": "#texture" }
			}
		},
		{
			"__comment": "addon53",
			"from": [ 12, 1, 11.5 ],
			"to": [ 13, 2, 12.5 ],
			"faces": {
				"down": { "uv": [ 12, 3.5, 13, 4.5 ], "texture": "#texture" },
				"up": { "uv": [ 12, 11.5, 13, 12.5 ], "texture": "#texture" },
				"north": { "uv": [ 3, 14, 4, 15 ], "texture": "#texture" },
				"south": { "uv": [ 12, 14, 13, 15 ], "texture": "#texture" },
				"west": { "uv": [ 11.5, 14, 12.5, 15 ], "texture": "#texture" },
				"east": { "uv": [ 3.5, 14, 4.5, 15 ], "texture": "#texture" }
			}
		},
		{
			"__comment": "addon54",
			"from": [ 12.5, -1, 3.5 ],
			"to": [ 13.5, 1.5, 4 ],
			"faces": {
				"down": { "uv": [ 12.5, 12, 13.5, 12.5 ], "texture": "#texture" },
				"up": { "uv": [ 12.5, 3.5, 13.5, 4 ], "texture": "#texture" },
				"north": { "uv": [ 2.5, 14.5, 3.5, 16 ], "texture": "#texture" },
				"south": { "uv": [ 12.5, 14.5, 13.5, 16 ], "texture": "#texture" },
				"west": { "uv": [ 3.5, 14.5, 4, 16 ], "texture": "#texture" },
				"east": { "uv": [ 12, 14.5, 12.5, 16 ], "texture": "#texture" }
			}
		},
		{
			"__comment": "addon55",
			"from": [ 12.5, 0, 4 ],
			"to": [ 13.5, 1.5, 4.5 ],
			"faces": {
				"down": { "uv": [ 12.5, 11.5, 13.5, 12 ], "texture": "#texture" },
				"up": { "uv": [ 12.5, 4, 13.5, 4.5 ], "texture": "#texture" },
				"north": { "uv": [ 2.5, 14.5, 3.5, 16 ], "texture": "#texture" },
				"south": { "uv": [ 12.5, 14.5, 13.5, 16 ], "texture": "#texture" },
				"west": { "uv": [ 4, 14.5, 4.5, 16 ], "texture": "#texture" },
				"east": { "uv": [ 11.5, 14.5, 12, 16 ], "texture": "#texture" }
			}
		},
		{
			"__comment": "addon56",
			"from": [ 13, -1, 4 ],
			"to": [ 13.5, 0, 4.5 ],
			"faces": {
				"down": { "uv": [ 13, 11.5, 13.5, 12 ], "texture": "#texture" },
				"up": { "uv": [ 13, 4, 13.5, 4.5 ], "texture": "#texture" },
				"north": { "uv": [ 2.5, 0, 3, 1 ], "texture": "#texture" },
				"south": { "uv": [ 13, 0, 13.5, 1 ], "texture": "#texture" },
				"west": { "uv": [ 4, 0, 4.5, 1 ], "texture": "#texture" },
				"east": { "uv": [ 11.5, 0, 12, 1 ], "texture": "#texture" }
			}
		},
		{
			"__comment": "Voxels",
			"from": [ 1, 7, 12 ],
			"to": [ 2.5, 8, 13 ],
			"faces": {
				"down": { "uv": [ 1, 3, 2.5, 4 ], "texture": "#texture" },
				"up": { "uv": [ 1, 12, 2.5, 13 ], "texture": "#texture" },
				"north": { "uv": [ 13.5, 8, 15, 9 ], "texture": "#texture" },
				"south": { "uv": [ 1, 8, 2.5, 9 ], "texture": "#texture" },
				"west": { "uv": [ 12, 8, 13, 9 ], "texture": "#texture" },
				"east": { "uv": [ 3, 8, 4, 9 ], "texture": "#texture" }
			}
		},
		{
			"__comment": "Voxels",
			"from": [ 2, 3, 11.5 ],
			"to": [ 2.5, 3.5, 13 ],
			"faces": {
				"down": { "uv": [ 2, 3, 2.5, 4.5 ], "texture": "#texture" },
				"up": { "uv": [ 2, 11.5, 2.5, 13 ], "texture": "#texture" },
				"north": { "uv": [ 13.5, 12.5, 14, 13 ], "texture": "#texture" },
				"south": { "uv": [ 2, 12.5, 2.5, 13 ], "texture": "#texture" },
				"west": { "uv": [ 11.5, 12.5, 13, 13 ], "texture": "#texture" },
				"east": { "uv": [ 3, 12.5, 4.5, 13 ], "texture": "#texture" }
			}
		},
		{
			"__comment": "Voxels",
			"from": [ 2, 3.5, 12 ],
			"to": [ 3, 5, 13 ],
			"faces": {
				"down": { "uv": [ 2, 3, 3, 4 ], "texture": "#texture" },
				"up": { "uv": [ 2, 12, 3, 13 ], "texture": "#texture" },
				"north": { "uv": [ 13, 11, 14, 12.5 ], "texture": "#texture" },
				"south": { "uv": [ 2, 11, 3, 12.5 ], "texture": "#texture" },
				"west": { "uv": [ 12, 11, 13, 12.5 ], "texture": "#texture" },
				"east": { "uv": [ 3, 11, 4, 12.5 ], "texture": "#texture" }
			}
		},
		{
			"__comment": "Voxels",
			"from": [ 2, 4, 3.5 ],
			"to": [ 3, 6, 4.5 ],
			"faces": {
				"down": { "uv": [ 2, 11.5, 3, 12.5 ], "texture": "#texture" },
				"up": { "uv": [ 2, 3.5, 3, 4.5 ], "texture": "#texture" },
				"north": { "uv": [ 13, 10, 14, 12 ], "texture": "#texture" },
				"south": { "uv": [ 2, 10, 3, 12 ], "texture": "#texture" },
				"west": { "uv": [ 3.5, 10, 4.5, 12 ], "texture": "#texture" },
				"east": { "uv": [ 11.5, 10, 12.5, 12 ], "texture": "#texture" }
			}
		},
		{
			"__comment": "Voxels",
			"from": [ 2, 4.5, 11 ],
			"to": [ 3, 6.5, 12 ],
			"faces": {
				"down": { "uv": [ 2, 4, 3, 5 ], "texture": "#texture" },
				"up": { "uv": [ 2, 11, 3, 12 ], "texture": "#texture" },
				"north": { "uv": [ 13, 9.5, 14, 11.5 ], "texture": "#texture" },
				"south": { "uv": [ 2, 9.5, 3, 11.5 ], "texture": "#texture" },
				"west": { "uv": [ 11, 9.5, 12, 11.5 ], "texture": "#texture" },
				"east": { "uv": [ 4, 9.5, 5, 11.5 ], "texture": "#texture" }
			}
		},
		{
			"__comment": "Voxels",
			"from": [ 2, 6, 12 ],
			"to": [ 3, 7, 13 ],
			"faces": {
				"down": { "uv": [ 2, 3, 3, 4 ], "texture": "#texture" },
				"up": { "uv": [ 2, 12, 3, 13 ], "texture": "#texture" },
				"north": { "uv": [ 13, 9, 14, 10 ], "texture": "#texture" },
				"south": { "uv": [ 2, 9, 3, 10 ], "texture": "#texture" },
				"west": { "uv": [ 12, 9, 13, 10 ], "texture": "#texture" },
				"east": { "uv": [ 3, 9, 4, 10 ], "texture": "#texture" }
			}
		},
		{
			"__comment": "Voxels",
			"from": [ 2.5, 3, 3.5 ],
			"to": [ 3.5, 4, 4.5 ],
			"faces": {
				"down": { "uv": [ 2.5, 11.5, 3.5, 12.5 ], "texture": "#texture" },
				"up": { "uv": [ 2.5, 3.5, 3.5, 4.5 ], "texture": "#texture" },
				"north": { "uv": [ 12.5, 12, 13.5, 13 ], "texture": "#texture" },
				"south": { "uv": [ 2.5, 12, 3.5, 13 ], "texture": "#texture" },
				"west": { "uv": [ 3.5, 12, 4.5, 13 ], "texture": "#texture" },
				"east": { "uv": [ 11.5, 12, 12.5, 13 ], "texture": "#texture" }
			}
		},
		{
			"__comment": "Voxels",
			"from": [ 2.5, 3, 12 ],
			"to": [ 3, 3.5, 13 ],
			"faces": {
				"down": { "uv": [ 2.5, 3, 3, 4 ], "texture": "#texture" },
				"up": { "uv": [ 2.5, 12, 3, 13 ], "texture": "#texture" },
				"north": { "uv": [ 13, 12.5, 13.5, 13 ], "texture": "#texture" },
				"south": { "uv": [ 2.5, 12.5, 3, 13 ], "texture": "#texture" },
				"west": { "uv": [ 12, 12.5, 13, 13 ], "texture": "#texture" },
				"east": { "uv": [ 3, 12.5, 4, 13 ], "texture": "#texture" }
			}
		},
		{
			"__comment": "Voxels",
			"from": [ 3, 2, 3.5 ],
			"to": [ 4, 3, 4.5 ],
			"faces": {
				"down": { "uv": [ 3, 11.5, 4, 12.5 ], "texture": "#texture" },
				"up": { "uv": [ 3, 3.5, 4, 4.5 ], "texture": "#texture" },
				"north": { "uv": [ 12, 13, 13, 14 ], "texture": "#texture" },
				"south": { "uv": [ 3, 13, 4, 14 ], "texture": "#texture" },
				"west": { "uv": [ 3.5, 13, 4.5, 14 ], "texture": "#texture" },
				"east": { "uv": [ 11.5, 13, 12.5, 14 ], "texture": "#texture" }
			}
		},
		{
			"__comment": "Voxels",
			"from": [ 3, 4, 7 ],
			"to": [ 4, 5, 8 ],
			"faces": {
				"down": { "uv": [ 3, 8, 4, 9 ], "texture": "#texture" },
				"up": { "uv": [ 3, 7, 4, 8 ], "texture": "#texture" },
				"north": { "uv": [ 12, 11, 13, 12 ], "texture": "#texture" },
				"south": { "uv": [ 3, 11, 4, 12 ], "texture": "#texture" },
				"west": { "uv": [ 7, 11, 8, 12 ], "texture": "#texture" },
				"east": { "uv": [ 8, 11, 9, 12 ], "texture": "#texture" }
			}
		},
		{
			"__comment": "Voxels",
			"from": [ 3, 4.5, 8 ],
			"to": [ 4, 6, 9 ],
			"faces": {
				"down": { "uv": [ 3, 7, 4, 8 ], "texture": "#texture" },
				"up": { "uv": [ 3, 8, 4, 9 ], "texture": "#texture" },
				"north": { "uv": [ 12, 10, 13, 11.5 ], "texture": "#texture" },
				"south": { "uv": [ 3, 10, 4, 11.5 ], "texture": "#texture" },
				"west": { "uv": [ 8, 10, 9, 11.5 ], "texture": "#texture" },
				"east": { "uv": [ 7, 10, 8, 11.5 ], "texture": "#texture" }
			}
		},
		{
			"__comment": "Voxels",
			"from": [ 3, 5, 14 ],
			"to": [ 4, 7, 15 ],
			"faces": {
				"down": { "uv": [ 3, 1, 4, 2 ], "texture": "#texture" },
				"up": { "uv": [ 3, 14, 4, 15 ], "texture": "#texture" },
				"north": { "uv": [ 12, 9, 13, 11 ], "texture": "#texture" },
				"south": { "uv": [ 3, 9, 4, 11 ], "texture": "#texture" },
				"west": { "uv": [ 14, 9, 15, 11 ], "texture": "#texture" },
				"east": { "uv": [ 1, 9, 2, 11 ], "texture": "#texture" }
			}
		},
		{
			"__comment": "Voxels",
			"from": [ 3.5, 1, 6 ],
			"to": [ 4.5, 3, 7 ],
			"faces": {
				"down": { "uv": [ 3.5, 9, 4.5, 10 ], "texture": "#texture" },
				"up": { "uv": [ 3.5, 6, 4.5, 7 ], "texture": "#texture" },
				"north": { "uv": [ 11.5, 13, 12.5, 15 ], "texture": "#texture" },
				"south": { "uv": [ 3.5, 13, 4.5, 15 ], "texture": "#texture" },
				"west": { "uv": [ 6, 13, 7, 15 ], "texture": "#texture" },
				"east": { "uv": [ 9, 13, 10, 15 ], "texture": "#texture" }
			}
		},
		{
			"__comment": "Voxels",
			"from": [ 3.5, 2, 12.5 ],
			"to": [ 4.5, 4, 13.5 ],
			"faces": {
				"down": { "uv": [ 3.5, 2.5, 4.5, 3.5 ], "texture": "#texture" },
				"up": { "uv": [ 3.5, 12.5, 4.5, 13.5 ], "texture": "#texture" },
				"north": { "uv": [ 11.5, 12, 12.5, 14 ], "texture": "#texture" },
				"south": { "uv": [ 3.5, 12, 4.5, 14 ], "texture": "#texture" },
				"west": { "uv": [ 12.5, 12, 13.5, 14 ], "texture": "#texture" },
				"east": { "uv": [ 2.5, 12, 3.5, 14 ], "texture": "#texture" }
			}
		},
		{
			"__comment": "Voxels",
			"from": [ 3.5, 3, 2 ],
			"to": [ 4.5, 7, 2.5 ],
			"faces": {
				"down": { "uv": [ 3.5, 13.5, 4.5, 14 ], "texture": "#texture" },
				"up": { "uv": [ 3.5, 2, 4.5, 2.5 ], "texture": "#texture" },
				"north": { "uv": [ 11.5, 9, 12.5, 13 ], "texture": "#texture" },
				"south": { "uv": [ 3.5, 9, 4.5, 13 ], "texture": "#texture" },
				"west": { "uv": [ 2, 9, 2.5, 13 ], "texture": "#texture" },
				"east": { "uv": [ 13.5, 9, 14, 13 ], "texture": "#texture" }
			}
		},
		{
			"__comment": "Voxels",
			"from": [ 3.5, 3, 2.5 ],
			"to": [ 4.5, 5, 3 ],
			"faces": {
				"down": { "uv": [ 3.5, 13, 4.5, 13.5 ], "texture": "#texture" },
				"up": { "uv": [ 3.5, 2.5, 4.5, 3 ], "texture": "#texture" },
				"north": { "uv": [ 11.5, 11, 12.5, 13 ], "texture": "#texture" },
				"south": { "uv": [ 3.5, 11, 4.5, 13 ], "texture": "#texture" },
				"west": { "uv": [ 2.5, 11, 3, 13 ], "texture": "#texture" },
				"east": { "uv": [ 13, 11, 13.5, 13 ], "texture": "#texture" }
			}
		},
		{
			"__comment": "Voxels",
			"from": [ 3.5, 4, 13 ],
			"to": [ 4.5, 6, 14 ],
			"faces": {
				"down": { "uv": [ 3.5, 2, 4.5, 3 ], "texture": "#texture" },
				"up": { "uv": [ 3.5, 13, 4.5, 14 ], "texture": "#texture" },
				"north": { "uv": [ 11.5, 10, 12.5, 12 ], "texture": "#texture" },
				"south": { "uv": [ 3.5, 10, 4.5, 12 ], "texture": "#texture" },
				"west": { "uv": [ 13, 10, 14, 12 ], "texture": "#texture" },
				"east": { "uv": [ 2, 10, 3, 12 ], "texture": "#texture" }
			}
		},
		{
			"__comment": "Voxels",
			"from": [ 3.5, 5, 1.5 ],
			"to": [ 4.5, 7, 2 ],
			"faces": {
				"down": { "uv": [ 3.5, 14, 4.5, 14.5 ], "texture": "#texture" },
				"up": { "uv": [ 3.5, 1.5, 4.5, 2 ], "texture": "#texture" },
				"north": { "uv": [ 11.5, 9, 12.5, 11 ], "texture": "#texture" },
				"south": { "uv": [ 3.5, 9, 4.5, 11 ], "texture": "#texture" },
				"west": { "uv": [ 1.5, 9, 2, 11 ], "texture": "#texture" },
				"east": { "uv": [ 14, 9, 14.5, 11 ], "texture": "#texture" }
			}
		},
		{
			"__comment": "Voxels",
			"from": [ 3.5, 5, 3 ],
			"to": [ 4.5, 7, 4 ],
			"faces": {
				"down": { "uv": [ 3.5, 12, 4.5, 13 ], "texture": "#texture" },
				"up": { "uv": [ 3.5, 3, 4.5, 4 ], "texture": "#texture" },
				"north": { "uv": [ 11.5, 9, 12.5, 11 ], "texture": "#texture" },
				"south": { "uv": [ 3.5, 9, 4.5, 11 ], "texture": "#texture" },
				"west": { "uv": [ 3, 9, 4, 11 ], "texture": "#texture" },
				"east": { "uv": [ 12, 9, 13, 11 ], "texture": "#texture" }
			}
		},
		{
			"__comment": "Voxels",
			"from": [ 3.5, 5, 6 ],
			"to": [ 4.5, 6, 7 ],
			"faces": {
				"down": { "uv": [ 3.5, 9, 4.5, 10 ], "texture": "#texture" },
				"up": { "uv": [ 3.5, 6, 4.5, 7 ], "texture": "#texture" },
				"north": { "uv": [ 11.5, 10, 12.5, 11 ], "texture": "#texture" },
				"south": { "uv": [ 3.5, 10, 4.5, 11 ], "texture": "#texture" },
				"west": { "uv": [ 6, 10, 7, 11 ], "texture": "#texture" },
				"east": { "uv": [ 9, 10, 10, 11 ], "texture": "#texture" }
			}
		},
		{
			"__comment": "Voxels",
			"from": [ 3.5, 6, 8 ],
			"to": [ 4.5, 7, 10 ],
			"faces": {
				"down": { "uv": [ 3.5, 6, 4.5, 8 ], "texture": "#texture" },
				"up": { "uv": [ 3.5, 8, 4.5, 10 ], "texture": "#texture" },
				"north": { "uv": [ 11.5, 9, 12.5, 10 ], "texture": "#texture" },
				"south": { "uv": [ 3.5, 9, 4.5, 10 ], "texture": "#texture" },
				"west": { "uv": [ 8, 9, 10, 10 ], "texture": "#texture" },
				"east": { "uv": [ 6, 9, 8, 10 ], "texture": "#texture" }
			}
		},
		{
			"__comment": "Voxels",
			"from": [ 3.5, 7, 4 ],
			"to": [ 4.5, 8, 5 ],
			"faces": {
				"down": { "uv": [ 3.5, 11, 4.5, 12 ], "texture": "#texture" },
				"up": { "uv": [ 3.5, 4, 4.5, 5 ], "texture": "#texture" },
				"north": { "uv": [ 11.5, 8, 12.5, 9 ], "texture": "#texture" },
				"south": { "uv": [ 3.5, 8, 4.5, 9 ], "texture": "#texture" },
				"west": { "uv": [ 4, 8, 5, 9 ], "texture": "#texture" },
				"east": { "uv": [ 11, 8, 12, 9 ], "texture": "#texture" }
			}
		},
		{
			"__comment": "Voxels",
			"from": [ 3.5, 7, 14 ],
			"to": [ 4.5, 8, 15 ],
			"faces": {
				"down": { "uv": [ 3.5, 1, 4.5, 2 ], "texture": "#texture" },
				"up": { "uv": [ 3.5, 14, 4.5, 15 ], "texture": "#texture" },
				"north": { "uv": [ 11.5, 8, 12.5, 9 ], "texture": "#texture" },
				"south": { "uv": [ 3.5, 8, 4.5, 9 ], "texture": "#texture" },
				"west": { "uv": [ 14, 8, 15, 9 ], "texture": "#texture" },
				"east": { "uv": [ 1, 8, 2, 9 ], "texture": "#texture" }
			}
		},
		{
			"__comment": "Voxels",
			"from": [ 3.5, 8, 4.5 ],
			"to": [ 4.5, 9, 5.5 ],
			"faces": {
				"down": { "uv": [ 3.5, 10.5, 4.5, 11.5 ], "texture": "#texture" },
				"up": { "uv": [ 3.5, 4.5, 4.5, 5.5 ], "texture": "#texture" },
				"north": { "uv": [ 11.5, 7, 12.5, 8 ], "texture": "#texture" },
				"south": { "uv": [ 3.5, 7, 4.5, 8 ], "texture": "#texture" },
				"west": { "uv": [ 4.5, 7, 5.5, 8 ], "texture": "#texture" },
				"east": { "uv": [ 10.5, 7, 11.5, 8 ], "texture": "#texture" }
			}
		},
		{
			"__comment": "Voxels",
			"from": [ 4, 1, 8.5 ],
			"to": [ 5, 3.5, 9.5 ],
			"faces": {
				"down": { "uv": [ 4, 6.5, 5, 7.5 ], "texture": "#texture" },
				"up": { "uv": [ 4, 8.5, 5, 9.5 ], "texture": "#texture" },
				"north": { "uv": [ 11, 12.5, 12, 15 ], "texture": "#texture" },
				"south": { "uv": [ 4, 12.5, 5, 15 ], "texture": "#texture" },
				"west": { "uv": [ 8.5, 12.5, 9.5, 15 ], "texture": "#texture" },
				"east": { "uv": [ 6.5, 12.5, 7.5, 15 ], "texture": "#texture" }
			}
		},
		{
			"__comment": "Voxels",
			"from": [ 4, 5, 12 ],
			"to": [ 5, 7, 13 ],
			"faces": {
				"down": { "uv": [ 4, 3, 5, 4 ], "texture": "#texture" },
				"up": { "uv": [ 4, 12, 5, 13 ], "texture": "#texture" },
				"north": { "uv": [ 11, 9, 12, 11 ], "texture": "#texture" },
				"south": { "uv": [ 4, 9, 5, 11 ], "texture": "#texture" },
				"west": { "uv": [ 12, 9, 13, 11 ], "texture": "#texture" },
				"east": { "uv": [ 3, 9, 4, 11 ], "texture": "#texture" }
			}
		},
		{
			"__comment": "Voxels",
			"from": [ 4, 6.5, 11 ],
			"to": [ 5, 7.5, 12 ],
			"faces": {
				"down": { "uv": [ 4, 4, 5, 5 ], "texture": "#texture" },
				"up": { "uv": [ 4, 11, 5, 12 ], "texture": "#texture" },
				"north": { "uv": [ 11, 8.5, 12, 9.5 ], "texture": "#texture" },
				"south": { "uv": [ 4, 8.5, 5, 9.5 ], "texture": "#texture" },
				"west": { "uv": [ 11, 8.5, 12, 9.5 ], "texture": "#texture" },
				"east": { "uv": [ 4, 8.5, 5, 9.5 ], "texture": "#texture" }
			}
		},
		{
			"__comment": "Voxels",
			"from": [ 6, 3.5, 8 ],
			"to": [ 7, 5.5, 8.5 ],
			"faces": {
				"down": { "uv": [ 6, 7.5, 7, 8 ], "texture": "#texture" },
				"up": { "uv": [ 6, 8, 7, 8.5 ], "texture": "#texture" },
				"north": { "uv": [ 9, 10.5, 10, 12.5 ], "texture": "#texture" },
				"south": { "uv": [ 6, 10.5, 7, 12.5 ], "texture": "#texture" },
				"west": { "uv": [ 8, 10.5, 8.5, 12.5 ], "texture": "#texture" },
				"east": { "uv": [ 7.5, 10.5, 8, 12.5 ], "texture": "#texture" }
			}
		},
		{
			"__comment": "Voxels",
			"from": [ 6, 4, 7.5 ],
			"to": [ 7, 6, 8 ],
			"faces": {
				"down": { "uv": [ 6, 8, 7, 8.5 ], "texture": "#texture" },
				"up": { "uv": [ 6, 7.5, 7, 8 ], "texture": "#texture" },
				"north": { "uv": [ 9, 10, 10, 12 ], "texture": "#texture" },
				"south": { "uv": [ 6, 10, 7, 12 ], "texture": "#texture" },
				"west": { "uv": [ 7.5, 10, 8, 12 ], "texture": "#texture" },
				"east": { "uv": [ 8, 10, 8.5, 12 ], "texture": "#texture" }
			}
		},
		{
			"__comment": "Voxels",
			"from": [ 6, 5, 6.5 ],
			"to": [ 7, 6, 7.5 ],
			"faces": {
				"down": { "uv": [ 6, 8.5, 7, 9.5 ], "texture": "#texture" },
				"up": { "uv": [ 6, 6.5, 7, 7.5 ], "texture": "#texture" },
				"north": { "uv": [ 9, 10, 10, 11 ], "texture": "#texture" },
				"south": { "uv": [ 6, 10, 7, 11 ], "texture": "#texture" },
				"west": { "uv": [ 6.5, 10, 7.5, 11 ], "texture": "#texture" },
				"east": { "uv": [ 8.5, 10, 9.5, 11 ], "texture": "#texture" }
			}
		},
		{
			"__comment": "Voxels",
			"from": [ 6, 6, 3.5 ],
			"to": [ 8, 7, 4.5 ],
			"faces": {
				"down": { "uv": [ 6, 11.5, 8, 12.5 ], "texture": "#texture" },
				"up": { "uv": [ 6, 3.5, 8, 4.5 ], "texture": "#texture" },
				"north": { "uv": [ 8, 9, 10, 10 ], "texture": "#texture" },
				"south": { "uv": [ 6, 9, 8, 10 ], "texture": "#texture" },
				"west": { "uv": [ 3.5, 9, 4.5, 10 ], "texture": "#texture" },
				"east": { "uv": [ 11.5, 9, 12.5, 10 ], "texture": "#texture" }
			}
		},
		{
			"__comment": "Voxels",
			"from": [ 6.5, 5, 11.5 ],
			"to": [ 7.5, 6, 12.5 ],
			"faces": {
				"down": { "uv": [ 6.5, 3.5, 7.5, 4.5 ], "texture": "#texture" },
				"up": { "uv": [ 6.5, 11.5, 7.5, 12.5 ], "texture": "#texture" },
				"north": { "uv": [ 8.5, 10, 9.5, 11 ], "texture": "#texture" },
				"south": { "uv": [ 6.5, 10, 7.5, 11 ], "texture": "#texture" },
				"west": { "uv": [ 11.5, 10, 12.5, 11 ], "texture": "#texture" },
				"east": { "uv": [ 3.5, 10, 4.5, 11 ], "texture": "#texture" }
			}
		},
		{
			"__comment": "Voxels",
			"from": [ 6.5, 6, 6.5 ],
			"to": [ 7.5, 7, 7.5 ],
			"faces": {
				"down": { "uv": [ 6.5, 8.5, 7.5, 9.5 ], "texture": "#texture" },
				"up": { "uv": [ 6.5, 6.5, 7.5, 7.5 ], "texture": "#texture" },
				"north": { "uv": [ 8.5, 9, 9.5, 10 ], "texture": "#texture" },
				"south": { "uv": [ 6.5, 9, 7.5, 10 ], "texture": "#texture" },
				"west": { "uv": [ 6.5, 9, 7.5, 10 ], "texture": "#texture" },
				"east": { "uv": [ 8.5, 9, 9.5, 10 ], "texture": "#texture" }
			}
		},
		{
			"__comment": "Voxels",
			"from": [ 7, 3, 12 ],
			"to": [ 8, 5, 13 ],
			"faces": {
				"down": { "uv": [ 7, 3, 8, 4 ], "texture": "#texture" },
				"up": { "uv": [ 7, 12, 8, 13 ], "texture": "#texture" },
				"north": { "uv": [ 8, 11, 9, 13 ], "texture": "#texture" },
				"south": { "uv": [ 7, 11, 8, 13 ], "texture": "#texture" },
				"west": { "uv": [ 12, 11, 13, 13 ], "texture": "#texture" },
				"east": { "uv": [ 3, 11, 4, 13 ], "texture": "#texture" }
			}
		},
		{
			"__comment": "Voxels",
			"from": [ 7, 4, 3 ],
			"to": [ 9, 5, 4 ],
			"faces": {
				"down": { "uv": [ 7, 12, 9, 13 ], "texture": "#texture" },
				"up": { "uv": [ 7, 3, 9, 4 ], "texture": "#texture" },
				"north": { "uv": [ 7, 11, 9, 12 ], "texture": "#texture" },
				"south": { "uv": [ 7, 11, 9, 12 ], "texture": "#texture" },
				"west": { "uv": [ 3, 11, 4, 12 ], "texture": "#texture" },
				"east": { "uv": [ 12, 11, 13, 12 ], "texture": "#texture" }
			}
		},
		{
			"__comment": "Voxels",
			"from": [ 7, 5, 3 ],
			"to": [ 8, 6, 4 ],
			"faces": {
				"down": { "uv": [ 7, 12, 8, 13 ], "texture": "#texture" },
				"up": { "uv": [ 7, 3, 8, 4 ], "texture": "#texture" },
				"north": { "uv": [ 8, 10, 9, 11 ], "texture": "#texture" },
				"south": { "uv": [ 7, 10, 8, 11 ], "texture": "#texture" },
				"west": { "uv": [ 3, 10, 4, 11 ], "texture": "#texture" },
				"east": { "uv": [ 12, 10, 13, 11 ], "texture": "#texture" }
			}
		},
		{
			"__comment": "Voxels",
			"from": [ 7, 7, 6.5 ],
			"to": [ 8, 7.5, 7.5 ],
			"faces": {
				"down": { "uv": [ 7, 8.5, 8, 9.5 ], "texture": "#texture" },
				"up": { "uv": [ 7, 6.5, 8, 7.5 ], "texture": "#texture" },
				"north": { "uv": [ 8, 8.5, 9, 9 ], "texture": "#texture" },
				"south": { "uv": [ 7, 8.5, 8, 9 ], "texture": "#texture" },
				"west": { "uv": [ 6.5, 8.5, 7.5, 9 ], "texture": "#texture" },
				"east": { "uv": [ 8.5, 8.5, 9.5, 9 ], "texture": "#texture" }
			}
		},
		{
			"__comment": "Voxels",
			"from": [ 7.5, 6.5, 6.5 ],
			"to": [ 8, 7, 7.5 ],
			"faces": {
				"down": { "uv": [ 7.5, 8.5, 8, 9.5 ], "texture": "#texture" },
				"up": { "uv": [ 7.5, 6.5, 8, 7.5 ], "texture": "#texture" },
				"north": { "uv": [ 8, 9, 8.5, 9.5 ], "texture": "#texture" },
				"south": { "uv": [ 7.5, 9, 8, 9.5 ], "texture": "#texture" },
				"west": { "uv": [ 6.5, 9, 7.5, 9.5 ], "texture": "#texture" },
				"east": { "uv": [ 8.5, 9, 9.5, 9.5 ], "texture": "#texture" }
			}
		},
		{
			"__comment": "Voxels",
			"from": [ 8, 2, 3.5 ],
			"to": [ 10, 3, 4.5 ],
			"faces": {
				"down": { "uv": [ 8, 11.5, 10, 12.5 ], "texture": "#texture" },
				"up": { "uv": [ 8, 3.5, 10, 4.5 ], "texture": "#texture" },
				"north": { "uv": [ 6, 13, 8, 14 ], "texture": "#texture" },
				"south": { "uv": [ 8, 13, 10, 14 ], "texture": "#texture" },
				"west": { "uv": [ 3.5, 13, 4.5, 14 ], "texture": "#texture" },
				"east": { "uv": [ 11.5, 13, 12.5, 14 ], "texture": "#texture" }
			}
		},
		{
			"__comment": "Voxels",
			"from": [ 8, 2, 7.5 ],
			"to": [ 9, 6.5, 8 ],
			"faces": {
				"down": { "uv": [ 8, 8, 9, 8.5 ], "texture": "#texture" },
				"up": { "uv": [ 8, 7.5, 9, 8 ], "texture": "#texture" },
				"north": { "uv": [ 7, 9.5, 8, 14 ], "texture": "#texture" },
				"south": { "uv": [ 8, 9.5, 9, 14 ], "texture": "#texture" },
				"west": { "uv": [ 7.5, 9.5, 8, 14 ], "texture": "#texture" },
				"east": { "uv": [ 8, 9.5, 8.5, 14 ], "texture": "#texture" }
			}
		},
		{
			"__comment": "Voxels",
			"from": [ 8, 3, 3 ],
			"to": [ 9, 4, 4 ],
			"faces": {
				"down": { "uv": [ 8, 12, 9, 13 ], "texture": "#texture" },
				"up": { "uv": [ 8, 3, 9, 4 ], "texture": "#texture" },
				"north": { "uv": [ 7, 12, 8, 13 ], "texture": "#texture" },
				"south": { "uv": [ 8, 12, 9, 13 ], "texture": "#texture" },
				"west": { "uv": [ 3, 12, 4, 13 ], "texture": "#texture" },
				"east": { "uv": [ 12, 12, 13, 13 ], "texture": "#texture" }
			}
		},
		{
			"__comment": "Voxels",
			"from": [ 8, 3, 7 ],
			"to": [ 9, 5, 7.5 ],
			"faces": {
				"down": { "uv": [ 8, 8.5, 9, 9 ], "texture": "#texture" },
				"up": { "uv": [ 8, 7, 9, 7.5 ], "texture": "#texture" },
				"north": { "uv": [ 7, 11, 8, 13 ], "texture": "#texture" },
				"south": { "uv": [ 8, 11, 9, 13 ], "texture": "#texture" },
				"west": { "uv": [ 7, 11, 7.5, 13 ], "texture": "#texture" },
				"east": { "uv": [ 8.5, 11, 9, 13 ], "texture": "#texture" }
			}
		},
		{
			"__comment": "Voxels",
			"from": [ 8, 4.5, 8 ],
			"to": [ 9, 6.5, 8.5 ],
			"faces": {
				"down": { "uv": [ 8, 7.5, 9, 8 ], "texture": "#texture" },
				"up": { "uv": [ 8, 8, 9, 8.5 ], "texture": "#texture" },
				"north": { "uv": [ 7, 9.5, 8, 11.5 ], "texture": "#texture" },
				"south": { "uv": [ 8, 9.5, 9, 11.5 ], "texture": "#texture" },
				"west": { "uv": [ 8, 9.5, 8.5, 11.5 ], "texture": "#texture" },
				"east": { "uv": [ 7.5, 9.5, 8, 11.5 ], "texture": "#texture" }
			}
		},
		{
			"__comment": "Voxels",
			"from": [ 8, 4.5, 11.5 ],
			"to": [ 9, 6, 12.5 ],
			"faces": {
				"down": { "uv": [ 8, 3.5, 9, 4.5 ], "texture": "#texture" },
				"up": { "uv": [ 8, 11.5, 9, 12.5 ], "texture": "#texture" },
				"north": { "uv": [ 7, 10, 8, 11.5 ], "texture": "#texture" },
				"south": { "uv": [ 8, 10, 9, 11.5 ], "texture": "#texture" },
				"west": { "uv": [ 11.5, 10, 12.5, 11.5 ], "texture": "#texture" },
				"east": { "uv": [ 3.5, 10, 4.5, 11.5 ], "texture": "#texture" }
			}
		},
		{
			"__comment": "Voxels",
			"from": [ 8.5, 5, 3 ],
			"to": [ 9.5, 6, 4 ],
			"faces": {
				"down": { "uv": [ 8.5, 12, 9.5, 13 ], "texture": "#texture" },
				"up": { "uv": [ 8.5, 3, 9.5, 4 ], "texture": "#texture" },
				"north": { "uv": [ 6.5, 10, 7.5, 11 ], "texture": "#texture" },
				"south": { "uv": [ 8.5, 10, 9.5, 11 ], "texture": "#texture" },
				"west": { "uv": [ 3, 10, 4, 11 ], "texture": "#texture" },
				"east": { "uv": [ 12, 10, 13, 11 ], "texture": "#texture" }
			}
		},
		{
			"__comment": "Voxels",
			"from": [ 8.5, 6, 12 ],
			"to": [ 10, 7, 13 ],
			"faces": {
				"down": { "uv": [ 8.5, 3, 10, 4 ], "texture": "#texture" },
				"up": { "uv": [ 8.5, 12, 10, 13 ], "texture": "#texture" },
				"north": { "uv": [ 6, 9, 7.5, 10 ], "texture": "#texture" },
				"south": { "uv": [ 8.5, 9, 10, 10 ], "texture": "#texture" },
				"west": { "uv": [ 12, 9, 13, 10 ], "texture": "#texture" },
				"east": { "uv": [ 3, 9, 4, 10 ], "texture": "#texture" }
			}
		},
		{
			"__comment": "Voxels",
			"from": [ 9, -1, 3.5 ],
			"to": [ 10, 2, 4.5 ],
			"faces": {
				"down": { "uv": [ 9, 11.5, 10, 12.5 ], "texture": "#texture" },
				"up": { "uv": [ 9, 3.5, 10, 4.5 ], "texture": "#texture" },
				"north": { "uv": [ 6, 14, 7, 16 ], "texture": "#texture" },
				"south": { "uv": [ 9, 14, 10, 16 ], "texture": "#texture" },
				"west": { "uv": [ 3.5, 14, 4.5, 16 ], "texture": "#texture" },
				"east": { "uv": [ 11.5, 14, 12.5, 16 ], "texture": "#texture" }
			}
		},
		{
			"__comment": "Voxels",
			"from": [ 10.5, 4.5, 7.5 ],
			"to": [ 13, 5, 8.5 ],
			"faces": {
				"down": { "uv": [ 10.5, 7.5, 13, 8.5 ], "texture": "#texture" },
				"up": { "uv": [ 10.5, 7.5, 13, 8.5 ], "texture": "#texture" },
				"north": { "uv": [ 3, 11, 5.5, 11.5 ], "texture": "#texture" },
				"south": { "uv": [ 10.5, 11, 13, 11.5 ], "texture": "#texture" },
				"west": { "uv": [ 7.5, 11, 8.5, 11.5 ], "texture": "#texture" },
				"east": { "uv": [ 7.5, 11, 8.5, 11.5 ], "texture": "#texture" }
			}
		},
		{
			"__comment": "Voxels",
			"from": [ 10.5, 5, 7.5 ],
			"to": [ 11.5, 6, 8.5 ],
			"faces": {
				"down": { "uv": [ 10.5, 7.5, 11.5, 8.5 ], "texture": "#texture" },
				"up": { "uv": [ 10.5, 7.5, 11.5, 8.5 ], "texture": "#texture" },
				"north": { "uv": [ 4.5, 10, 5.5, 11 ], "texture": "#texture" },
				"south": { "uv": [ 10.5, 10, 11.5, 11 ], "texture": "#texture" },
				"west": { "uv": [ 7.5, 10, 8.5, 11 ], "texture": "#texture" },
				"east": { "uv": [ 7.5, 10, 8.5, 11 ], "texture": "#texture" }
			}
		},
		{
			"__comment": "Voxels",
			"from": [ 10.5, 7, 3 ],
			"to": [ 12.5, 7.5, 4 ],
			"faces": {
				"down": { "uv": [ 10.5, 12, 12.5, 13 ], "texture": "#texture" },
				"up": { "uv": [ 10.5, 3, 12.5, 4 ], "texture": "#texture" },
				"north": { "uv": [ 3.5, 8.5, 5.5, 9 ], "texture": "#texture" },
				"south": { "uv": [ 10.5, 8.5, 12.5, 9 ], "texture": "#texture" },
				"west": { "uv": [ 3, 8.5, 4, 9 ], "texture": "#texture" },
				"east": { "uv": [ 12, 8.5, 13, 9 ], "texture": "#texture" }
			}
		},
		{
			"__comment": "Voxels",
			"from": [ 10.5, 7.5, 3 ],
			"to": [ 11.5, 8, 4 ],
			"faces": {
				"down": { "uv": [ 10.5, 12, 11.5, 13 ], "texture": "#texture" },
				"up": { "uv": [ 10.5, 3, 11.5, 4 ], "texture": "#texture" },
				"north": { "uv": [ 4.5, 8, 5.5, 8.5 ], "texture": "#texture" },
				"south": { "uv": [ 10.5, 8, 11.5, 8.5 ], "texture": "#texture" },
				"west": { "uv": [ 3, 8, 4, 8.5 ], "texture": "#texture" },
				"east": { "uv": [ 12, 8, 13, 8.5 ], "texture": "#texture" }
			}
		},
		{
			"__comment": "Voxels",
			"from": [ 11, 2.5, 3 ],
			"to": [ 12.5, 3, 4 ],
			"faces": {
				"down": { "uv": [ 11, 12, 12.5, 13 ], "texture": "#texture" },
				"up": { "uv": [ 11, 3, 12.5, 4 ], "texture": "#texture" },
				"north": { "uv": [ 3.5, 13, 5, 13.5 ], "texture": "#texture" },
				"south": { "uv": [ 11, 13, 12.5, 13.5 ], "texture": "#texture" },
				"west": { "uv": [ 3, 13, 4, 13.5 ], "texture": "#texture" },
				"east": { "uv": [ 12, 13, 13, 13.5 ], "texture": "#texture" }
			}
		},
		{
			"__comment": "Voxels",
			"from": [ 11, 3, 7.5 ],
			"to": [ 11.5, 4.5, 8.5 ],
			"faces": {
				"down": { "uv": [ 11, 7.5, 11.5, 8.5 ], "texture": "#texture" },
				"up": { "uv": [ 11, 7.5, 11.5, 8.5 ], "texture": "#texture" },
				"north": { "uv": [ 4.5, 11.5, 5, 13 ], "texture": "#texture" },
				"south": { "uv": [ 11, 11.5, 11.5, 13 ], "texture": "#texture" },
				"west": { "uv": [ 7.5, 11.5, 8.5, 13 ], "texture": "#texture" },
				"east": { "uv": [ 7.5, 11.5, 8.5, 13 ], "texture": "#texture" }
			}
		},
		{
			"__comment": "Voxels",
			"from": [ 11.5, 1, 3 ],
			"to": [ 12.5, 2.5, 4 ],
			"faces": {
				"down": { "uv": [ 11.5, 12, 12.5, 13 ], "texture": "#texture" },
				"up": { "uv": [ 11.5, 3, 12.5, 4 ], "texture": "#texture" },
				"north": { "uv": [ 3.5, 13.5, 4.5, 15 ], "texture": "#texture" },
				"south": { "uv": [ 11.5, 13.5, 12.5, 15 ], "texture": "#texture" },
				"west": { "uv": [ 3, 13.5, 4, 15 ], "texture": "#texture" },
				"east": { "uv": [ 12, 13.5, 13, 15 ], "texture": "#texture" }
			}
		},
		{
			"__comment": "Voxels",
			"from": [ 11.5, 3, 3 ],
			"to": [ 12.5, 5, 4 ],
			"faces": {
				"down": { "uv": [ 11.5, 12, 12.5, 13 ], "texture": "#texture" },
				"up": { "uv": [ 11.5, 3, 12.5, 4 ], "texture": "#texture" },
				"north": { "uv": [ 3.5, 11, 4.5, 13 ], "texture": "#texture" },
				"south": { "uv": [ 11.5, 11, 12.5, 13 ], "texture": "#texture" },
				"west": { "uv": [ 3, 11, 4, 13 ], "texture": "#texture" },
				"east": { "uv": [ 12, 11, 13, 13 ], "texture": "#texture" }
			}
		},
		{
			"__comment": "Voxels",
			"from": [ 11.5, 3, 8.5 ],
			"to": [ 12.5, 5, 9 ],
			"faces": {
				"down": { "uv": [ 11.5, 7, 12.5, 7.5 ], "texture": "#texture" },
				"up": { "uv": [ 11.5, 8.5, 12.5, 9 ], "texture": "#texture" },
				"north": { "uv": [ 3.5, 11, 4.5, 13 ], "texture": "#texture" },
				"south": { "uv": [ 11.5, 11, 12.5, 13 ], "texture": "#texture" },
				"west": { "uv": [ 8.5, 11, 9, 13 ], "texture": "#texture" },
				"east": { "uv": [ 7, 11, 7.5, 13 ], "texture": "#texture" }
			}
		},
		{
			"__comment": "Voxels",
			"from": [ 11.5, 4, 2 ],
			"to": [ 12.5, 6, 3 ],
			"faces": {
				"down": { "uv": [ 11.5, 13, 12.5, 14 ], "texture": "#texture" },
				"up": { "uv": [ 11.5, 2, 12.5, 3 ], "texture": "#texture" },
				"north": { "uv": [ 3.5, 10, 4.5, 12 ], "texture": "#texture" },
				"south": { "uv": [ 11.5, 10, 12.5, 12 ], "texture": "#texture" },
				"west": { "uv": [ 2, 10, 3, 12 ], "texture": "#texture" },
				"east": { "uv": [ 13, 10, 14, 12 ], "texture": "#texture" }
			}
		},
		{
			"__comment": "Voxels",
			"from": [ 11.5, 4, 7.5 ],
			"to": [ 13, 4.5, 8.5 ],
			"faces": {
				"down": { "uv": [ 11.5, 7.5, 13, 8.5 ], "texture": "#texture" },
				"up": { "uv": [ 11.5, 7.5, 13, 8.5 ], "texture": "#texture" },
				"north": { "uv": [ 3, 11.5, 4.5, 12 ], "texture": "#texture" },
				"south": { "uv": [ 11.5, 11.5, 13, 12 ], "texture": "#texture" },
				"west": { "uv": [ 7.5, 11.5, 8.5, 12 ], "texture": "#texture" },
				"east": { "uv": [ 7.5, 11.5, 8.5, 12 ], "texture": "#texture" }
			}
		},
		{
			"__comment": "Voxels",
			"from": [ 11.5, 5, 9 ],
			"to": [ 12.5, 6, 10 ],
			"faces": {
				"down": { "uv": [ 11.5, 6, 12.5, 7 ], "texture": "#texture" },
				"up": { "uv": [ 11.5, 9, 12.5, 10 ], "texture": "#texture" },
				"north": { "uv": [ 3.5, 10, 4.5, 11 ], "texture": "#texture" },
				"south": { "uv": [ 11.5, 10, 12.5, 11 ], "texture": "#texture" },
				"west": { "uv": [ 9, 10, 10, 11 ], "texture": "#texture" },
				"east": { "uv": [ 6, 10, 7, 11 ], "texture": "#texture" }
			}
		},
		{
			"__comment": "Voxels",
			"from": [ 11.5, 5, 13 ],
			"to": [ 12.5, 7, 14 ],
			"faces": {
				"down": { "uv": [ 11.5, 2, 12.5, 3 ], "texture": "#texture" },
				"up": { "uv": [ 11.5, 13, 12.5, 14 ], "texture": "#texture" },
				"north": { "uv": [ 3.5, 9, 4.5, 11 ], "texture": "#texture" },
				"south": { "uv": [ 11.5, 9, 12.5, 11 ], "texture": "#texture" },
				"west": { "uv": [ 13, 9, 14, 11 ], "texture": "#texture" },
				"east": { "uv": [ 2, 9, 3, 11 ], "texture": "#texture" }
			}
		},
		{
			"__comment": "Voxels",
			"from": [ 11.5, 6.5, 3 ],
			"to": [ 12.5, 7, 4 ],
			"faces": {
				"down": { "uv": [ 11.5, 12, 12.5, 13 ], "texture": "#texture" },
				"up": { "uv": [ 11.5, 3, 12.5, 4 ], "texture": "#texture" },
				"north": { "uv": [ 3.5, 9, 4.5, 9.5 ], "texture": "#texture" },
				"south": { "uv": [ 11.5, 9, 12.5, 9.5 ], "texture": "#texture" },
				"west": { "uv": [ 3, 9, 4, 9.5 ], "texture": "#texture" },
				"east": { "uv": [ 12, 9, 13, 9.5 ], "texture": "#texture" }
			}
		},
		{
			"__comment": "Voxels",
			"from": [ 12, 1, 14 ],
			"to": [ 13, 2, 15 ],
			"faces": {
				"down": { "uv": [ 12, 1, 13, 2 ], "texture": "#texture" },
				"up": { "uv": [ 12, 14, 13, 15 ], "texture": "#texture" },
				"north": { "uv": [ 3, 14, 4, 15 ], "texture": "#texture" },
				"south": { "uv": [ 12, 14, 13, 15 ], "texture": "#texture" },
				"west": { "uv": [ 14, 14, 15, 15 ], "texture": "#texture" },
				"east": { "uv": [ 1, 14, 2, 15 ], "texture": "#texture" }
			}
		},
		{
			"__comment": "Voxels",
			"from": [ 12, 2, 11.5 ],
			"to": [ 13, 4, 12.5 ],
			"faces": {
				"down": { "uv": [ 12, 3.5, 13, 4.5 ], "texture": "#texture" },
				"up": { "uv": [ 12, 11.5, 13, 12.5 ], "texture": "#texture" },
				"north": { "uv": [ 3, 12, 4, 14 ], "texture": "#texture" },
				"south": { "uv": [ 12, 12, 13, 14 ], "texture": "#texture" },
				"west": { "uv": [ 11.5, 12, 12.5, 14 ], "texture": "#texture" },
				"east": { "uv": [ 3.5, 12, 4.5, 14 ], "texture": "#texture" }
			}
		},
		{
			"__comment": "Voxels",
			"from": [ 12, 3, 13 ],
			"to": [ 13, 5, 14 ],
			"faces": {
				"down": { "uv": [ 12, 2, 13, 3 ], "texture": "#texture" },
				"up": { "uv": [ 12, 13, 13, 14 ], "texture": "#texture" },
				"north": { "uv": [ 3, 11, 4, 13 ], "texture": "#texture" },
				"south": { "uv": [ 12, 11, 13, 13 ], "texture": "#texture" },
				"west": { "uv": [ 13, 11, 14, 13 ], "texture": "#texture" },
				"east": { "uv": [ 2, 11, 3, 13 ], "texture": "#texture" }
			}
		},
		{
			"__comment": "Voxels",
			"from": [ 12, 5, 1 ],
			"to": [ 13, 7, 2 ],
			"faces": {
				"down": { "uv": [ 12, 14, 13, 15 ], "texture": "#texture" },
				"up": { "uv": [ 12, 1, 13, 2 ], "texture": "#texture" },
				"north": { "uv": [ 3, 9, 4, 11 ], "texture": "#texture" },
				"south": { "uv": [ 12, 9, 13, 11 ], "texture": "#texture" },
				"west": { "uv": [ 1, 9, 2, 11 ], "texture": "#texture" },
				"east": { "uv": [ 14, 9, 15, 11 ], "texture": "#texture" }
			}
		},
		{
			"__comment": "Voxels",
			"from": [ 12, 5, 7.5 ],
			"to": [ 13, 6, 8.5 ],
			"faces": {
				"down": { "uv": [ 12, 7.5, 13, 8.5 ], "texture": "#texture" },
				"up": { "uv": [ 12, 7.5, 13, 8.5 ], "texture": "#texture" },
				"north": { "uv": [ 3, 10, 4, 11 ], "texture": "#texture" },
				"south": { "uv": [ 12, 10, 13, 11 ], "texture": "#texture" },
				"west": { "uv": [ 7.5, 10, 8.5, 11 ], "texture": "#texture" },
				"east": { "uv": [ 7.5, 10, 8.5, 11 ], "texture": "#texture" }
			}
		},
		{
			"__comment": "Voxels",
			"from": [ 12, 7, 13.5 ],
			"to": [ 13, 8, 15 ],
			"faces": {
				"down": { "uv": [ 12, 1, 13, 2.5 ], "texture": "#texture" },
				"up": { "uv": [ 12, 13.5, 13, 15 ], "texture": "#texture" },
				"north": { "uv": [ 3, 8, 4, 9 ], "texture": "#texture" },
				"south": { "uv": [ 12, 8, 13, 9 ], "texture": "#texture" },
				"west": { "uv": [ 13.5, 8, 15, 9 ], "texture": "#texture" },
				"east": { "uv": [ 1, 8, 2.5, 9 ], "texture": "#texture" }
			}
		},
		{
			"__comment": "Voxels",
			"from": [ 12.5, 0.5, 9 ],
			"to": [ 13.5, 3, 10 ],
			"faces": {
				"down": { "uv": [ 12.5, 6, 13.5, 7 ], "texture": "#texture" },
				"up": { "uv": [ 12.5, 9, 13.5, 10 ], "texture": "#texture" },
				"north": { "uv": [ 2.5, 13, 3.5, 15.5 ], "texture": "#texture" },
				"south": { "uv": [ 12.5, 13, 13.5, 15.5 ], "texture": "#texture" },
				"west": { "uv": [ 9, 13, 10, 15.5 ], "texture": "#texture" },
				"east": { "uv": [ 6, 13, 7, 15.5 ], "texture": "#texture" }
			}
		},
		{
			"__comment": "Voxels",
			"from": [ 12.5, 4, 11.5 ],
			"to": [ 13.5, 5, 12.5 ],
			"faces": {
				"down": { "uv": [ 12.5, 3.5, 13.5, 4.5 ], "texture": "#texture" },
				"up": { "uv": [ 12.5, 11.5, 13.5, 12.5 ], "texture": "#texture" },
				"north": { "uv": [ 2.5, 11, 3.5, 12 ], "texture": "#texture" },
				"south": { "uv": [ 12.5, 11, 13.5, 12 ], "texture": "#texture" },
				"west": { "uv": [ 11.5, 11, 12.5, 12 ], "texture": "#texture" },
				"east": { "uv": [ 3.5, 11, 4.5, 12 ], "texture": "#texture" }
			}
		},
		{
			"__comment": "Voxels",
			"from": [ 12.5, 4, 14 ],
			"to": [ 13.5, 6, 15 ],
			"faces": {
				"down": { "uv": [ 12.5, 1, 13.5, 2 ], "texture": "#texture" },
				"up": { "uv": [ 12.5, 14, 13.5, 15 ], "texture": "#texture" },
				"north": { "uv": [ 2.5, 10, 3.5, 12 ], "texture": "#texture" },
				"south": { "uv": [ 12.5, 10, 13.5, 12 ], "texture": "#texture" },
				"west": { "uv": [ 14, 10, 15, 12 ], "texture": "#texture" },
				"east": { "uv": [ 1, 10, 2, 12 ], "texture": "#texture" }
			}
		},
		{
			"__comment": "Voxels",
			"from": [ 12.5, 5, 3.5 ],
			"to": [ 14.5, 5.5, 4 ],
			"faces": {
				"down": { "uv": [ 12.5, 12, 14.5, 12.5 ], "texture": "#texture" },
				"up": { "uv": [ 12.5, 3.5, 14.5, 4 ], "texture": "#texture" },
				"north": { "uv": [ 1.5, 10.5, 3.5, 11 ], "texture": "#texture" },
				"south": { "uv": [ 12.5, 10.5, 14.5, 11 ], "texture": "#texture" },
				"west": { "uv": [ 3.5, 10.5, 4, 11 ], "texture": "#texture" },
				"east": { "uv": [ 12, 10.5, 12.5, 11 ], "texture": "#texture" }
			}
		},
		{
			"__comment": "Voxels",
			"from": [ 12.5, 5, 4 ],
			"to": [ 13.5, 7, 4.5 ],
			"faces": {
				"down": { "uv": [ 12.5, 11.5, 13.5, 12 ], "texture": "#texture" },
				"up": { "uv": [ 12.5, 4, 13.5, 4.5 ], "texture": "#texture" },
				"north": { "uv": [ 2.5, 9, 3.5, 11 ], "texture": "#texture" },
				"south": { "uv": [ 12.5, 9, 13.5, 11 ], "texture": "#texture" },
				"west": { "uv": [ 4, 9, 4.5, 11 ], "texture": "#texture" },
				"east": { "uv": [ 11.5, 9, 12, 11 ], "texture": "#texture" }
			}
		},
		{
			"__comment": "Voxels",
			"from": [ 12.5, 5.5, 3.5 ],
			"to": [ 13.5, 7, 4 ],
			"faces": {
				"down": { "uv": [ 12.5, 12, 13.5, 12.5 ], "texture": "#texture" },
				"up": { "uv": [ 12.5, 3.5, 13.5, 4 ], "texture": "#texture" },
				"north": { "uv": [ 2.5, 9, 3.5, 10.5 ], "texture": "#texture" },
				"south": { "uv": [ 12.5, 9, 13.5, 10.5 ], "texture": "#texture" },
				"west": { "uv": [ 3.5, 9, 4, 10.5 ], "texture": "#texture" },
				"east": { "uv": [ 12, 9, 12.5, 10.5 ], "texture": "#texture" }
			}
		},
		{
			"__comment": "Voxels",
			"from": [ 12.5, 6, 6 ],
			"to": [ 13.5, 7, 8 ],
			"faces": {
				"down": { "uv": [ 12.5, 8, 13.5, 10 ], "texture": "#texture" },
				"up": { "uv": [ 12.5, 6, 13.5, 8 ], "texture": "#texture" },
				"north": { "uv": [ 2.5, 9, 3.5, 10 ], "texture": "#texture" },
				"south": { "uv": [ 12.5, 9, 13.5, 10 ], "texture": "#texture" },
				"west": { "uv": [ 6, 9, 8, 10 ], "texture": "#texture" },
				"east": { "uv": [ 8, 9, 10, 10 ], "texture": "#texture" }
			}
		},
		{
			"__comment": "Voxels",
			"from": [ 13, -1, 11.5 ],
			"to": [ 14, 2, 12.5 ],
			"faces": {
				"down": { "uv": [ 13, 3.5, 14, 4.5 ], "texture": "#texture" },
				"up": { "uv": [ 13, 11.5, 14, 12.5 ], "texture": "#texture" },
				"north": { "uv": [ 2, 14, 3, 16 ], "texture": "#texture" },
				"south": { "uv": [ 13, 14, 14, 16 ], "texture": "#texture" },
				"west": { "uv": [ 11.5, 14, 12.5, 16 ], "texture": "#texture" },
				"east": { "uv": [ 3.5, 14, 4.5, 16 ], "texture": "#texture" }
			}
		},
		{
			"__comment": "Voxels",
			"from": [ 13, 1.5, 3 ],
			"to": [ 14, 4, 4 ],
			"faces": {
				"down": { "uv": [ 13, 12, 14, 13 ], "texture": "#texture" },
				"up": { "uv": [ 13, 3, 14, 4 ], "texture": "#texture" },
				"north": { "uv": [ 2, 12, 3, 14.5 ], "texture": "#texture" },
				"south": { "uv": [ 13, 12, 14, 14.5 ], "texture": "#texture" },
				"west": { "uv": [ 3, 12, 4, 14.5 ], "texture": "#texture" },
				"east": { "uv": [ 12, 12, 13, 14.5 ], "texture": "#texture" }
			}
		},
		{
			"__comment": "Voxels",
			"from": [ 12.5, 5, 11.5 ],
			"to": [ 14, 5.5, 12.5 ],
			"faces": {
				"down": { "uv": [ 13, 3.5, 14.5, 4.5 ], "texture": "#texture" },
				"up": { "uv": [ 13, 11.5, 14.5, 12.5 ], "texture": "#texture" },
				"north": { "uv": [ 1.5, 10.5, 3, 11 ], "texture": "#texture" },
				"south": { "uv": [ 13, 10.5, 14.5, 11 ], "texture": "#texture" },
				"west": { "uv": [ 11.5, 10.5, 12.5, 11 ], "texture": "#texture" },
				"east": { "uv": [ 3.5, 10.5, 4.5, 11 ], "texture": "#texture" }
			}
		},
		{
			"__comment": "Voxels",
			"from": [ 13, 7, 3 ],
			"to": [ 15, 8, 4 ],
			"faces": {
				"down": { "uv": [ 13, 12, 15, 13 ], "texture": "#texture" },
				"up": { "uv": [ 13, 3, 15, 4 ], "texture": "#texture" },
				"north": { "uv": [ 1, 8, 3, 9 ], "texture": "#texture" },
				"south": { "uv": [ 13, 8, 15, 9 ], "texture": "#texture" },
				"west": { "uv": [ 3, 8, 4, 9 ], "texture": "#texture" },
				"east": { "uv": [ 12, 8, 13, 9 ], "texture": "#texture" }
			}
		},
		{
			"__comment": "Voxels",
			"from": [ 13.5, 4, 3 ],
			"to": [ 14.5, 5.5, 3.5 ],
			"faces": {
				"down": { "uv": [ 13.5, 12.5, 14.5, 13 ], "texture": "#texture" },
				"up": { "uv": [ 13.5, 3, 14.5, 3.5 ], "texture": "#texture" },
				"north": { "uv": [ 1.5, 10.5, 2.5, 12 ], "texture": "#texture" },
				"south": { "uv": [ 13.5, 10.5, 14.5, 12 ], "texture": "#texture" },
				"west": { "uv": [ 3, 10.5, 3.5, 12 ], "texture": "#texture" },
				"east": { "uv": [ 12.5, 10.5, 13, 12 ], "texture": "#texture" }
			}
		},
		{
			"__comment": "Voxels",
			"from": [ 13.5, 4, 3.5 ],
			"to": [ 14.5, 5, 4 ],
			"faces": {
				"down": { "uv": [ 13.5, 12, 14.5, 12.5 ], "texture": "#texture" },
				"up": { "uv": [ 13.5, 3.5, 14.5, 4 ], "texture": "#texture" },
				"north": { "uv": [ 1.5, 11, 2.5, 12 ], "texture": "#texture" },
				"south": { "uv": [ 13.5, 11, 14.5, 12 ], "texture": "#texture" },
				"west": { "uv": [ 3.5, 11, 4, 12 ], "texture": "#texture" },
				"east": { "uv": [ 12, 11, 12.5, 12 ], "texture": "#texture" }
			}
		},
		{
			"__comment": "Voxels",
			"from": [ 13.5, 4.5, 11.5 ],
			"to": [ 14, 5, 12.5 ],
			"faces": {
				"down": { "uv": [ 13.5, 3.5, 14, 4.5 ], "texture": "#texture" },
				"up": { "uv": [ 13.5, 11.5, 14, 12.5 ], "texture": "#texture" },
				"north": { "uv": [ 2, 11, 2.5, 11.5 ], "texture": "#texture" },
				"south": { "uv": [ 13.5, 11, 14, 11.5 ], "texture": "#texture" },
				"west": { "uv": [ 11.5, 11, 12.5, 11.5 ], "texture": "#texture" },
				"east": { "uv": [ 3.5, 11, 4.5, 11.5 ], "texture": "#texture" }
			}
		},
		{
			"__comment": "Voxels",
			"from": [ 13, 5.5, 11.5 ],
			"to": [ 14, 6, 12.5 ],
			"faces": {
				"down": { "uv": [ 13.5, 3.5, 14.5, 4.5 ], "texture": "#texture" },
				"up": { "uv": [ 13.5, 11.5, 14.5, 12.5 ], "texture": "#texture" },
				"north": { "uv": [ 1.5, 10, 2.5, 10.5 ], "texture": "#texture" },
				"south": { "uv": [ 13.5, 10, 14.5, 10.5 ], "texture": "#texture" },
				"west": { "uv": [ 11.5, 10, 12.5, 10.5 ], "texture": "#texture" },
				"east": { "uv": [ 3.5, 10, 4.5, 10.5 ], "texture": "#texture" }
			}
		}
	]
}