{
	"__comment": "Designed by CreatorLabs with Cubik Studio - https://cubik.studio",
	"textures": {
		"0": "blocks/door_birch_upper",
		"1": "3d_redstone/door_birch_glas_0",
		"2": "3d_redstone/door_birch_glas_1",
		"3": "blocks/door_birch_lower",
		"particle": "blocks/door_birch_upper"
	},
	"elements": [ 	 
		{
			"from": [ -0.0009999999, -0.027, 13.025 ],
			"to": [ 3.005, 7.989, 16.031 ],
			"faces": {
				"north": { "uv": [ 3, 6, 0, 14 ], "texture": "#0" },
				"south": { "uv": [ 3, 6, 0, 14 ], "texture": "#0", "cullface": "south" },
				"west": { "uv": [ 3, 6, 0, 14 ], "texture": "#0", "cullface": "west" },
				"east": { "uv": [ 16, 6, 13, 14 ], "texture": "#0" }
			}
		},
		{
			"from": [ -0.0009999999, 7.989, 13.025 ],
			"to": [ 3.005, 12.999, 16.031 ],
			"faces": {
				"north": { "uv": [ 3, 6, 0, 11 ], "texture": "#0" },
				"south": { "uv": [ 3, 8, 0, 13 ], "texture": "#0", "cullface": "south" },
				"west": { "uv": [ 3, 6, 0, 11 ], "texture": "#0", "cullface": "west" },
				"east": { "uv": [ 16, 5, 13, 10 ], "texture": "#0" }
			}
		},
		{
			"from": [ -0.0009999999, 7.989, -0.0009999999 ],
			"to": [ 3.005, 12.999, 3.005 ],
			"faces": {
				"north": { "uv": [ 11, 6, 8, 11 ], "texture": "#3", "cullface": "north" },
				"south": { "uv": [ 3, 6, 0, 11 ], "texture": "#0" },
				"west": { "uv": [ 16, 3, 13, 8 ], "texture": "#0", "cullface": "west" },
				"east": { "uv": [ 10, 6, 7, 11 ], "texture": "#3", "rotation": 180 }
			}
		},
		{
			"from": [ -0.0009999999, -0.027, -0.0009999999 ],
			"to": [ 3.005, 7.989, 3.005 ],
			"faces": {
				"north": { "uv": [ 6, 5, 3, 13 ], "texture": "#3", "cullface": "north" },
				"south": { "uv": [ 3, 7, 0, 15 ], "texture": "#0" },
				"west": { "uv": [ 16, 8, 13, 16 ], "texture": "#0", "cullface": "west" },
				"east": { "uv": [ 9, 6, 6, 14 ], "texture": "#3", "rotation": 180 }
			}
		},
		{
			"from": [ -0.0009999999, 12.999, -0.0009999999 ],
			"to": [ 3.005, 16.005, 16.031 ],
			"faces": {
				"down": { "uv": [ 13, 16, 16, 0 ], "texture": "#0" },
				"up": { "uv": [ 0, 3, 16, 0 ], "texture": "#0", "cullface": "up", "rotation": 90 },
				"north": { "uv": [ 10, 6, 7, 9 ], "texture": "#3", "cullface": "north" },
				"south": { "uv": [ 3, 6, 0, 9 ], "texture": "#0", "cullface": "south" },
				"west": { "uv": [ 16, 0, 0, 3 ], "texture": "#0", "cullface": "west" },
				"east": { "uv": [ 16, 0, 0, 3 ], "texture": "#0" }
			}
		},
		{
			"from": [ -0.0009999999, -0.027, 10.019 ],
			"to": [ 3.005, 9.992999, 11.021 ],
			"faces": {
				"down": { "uv": [ 0, 1, 3, 0 ], "texture": "#2" },
				"north": { "uv": [ 3, 0, 0, 10 ], "texture": "#2" },
				"south": { "uv": [ 3, 0, 0, 10 ], "texture": "#2" },
				"west": { "uv": [ 1, 0, 0, 10 ], "texture": "#2", "cullface": "west" },
				"east": { "uv": [ 1, 0, 0, 10 ], "texture": "#2" }
			}
		},
		{
			"from": [ -0.0009999999, 9.993, 3.005 ],
			"to": [ 3.005, 10.995, 13.025 ],
			"faces": {
				"down": { "uv": [ 0, 10, 3, 0 ], "texture": "#2" },
				"up": { "uv": [ 0, 10, 3, 0 ], "texture": "#2" },
				"west": { "uv": [ 10, 0, 0, 1 ], "texture": "#2", "cullface": "west" },
				"east": { "uv": [ 10, 0, 0, 1 ], "texture": "#2" }
			}
		},
		{
			"from": [ -0.0009999999, 6.987, 11.021 ],
			"to": [ 3.005, 7.989, 13.025 ],
			"faces": {
				"down": { "uv": [ 0, 2, 3, 0 ], "texture": "#2" },
				"up": { "uv": [ 0, 2, 3, 0 ], "texture": "#2" },
				"west": { "uv": [ 2, 0, 0, 1 ], "texture": "#2", "cullface": "west" },
				"east": { "uv": [ 2, 0, 0, 1 ], "texture": "#2" }
			}
		},
		{
			"from": [ -0.0009999999, -0.027, 5.009 ],
			"to": [ 3.005, 9.992999, 6.011 ],
			"faces": {
				"down": { "uv": [ 0, 1, 3, 0 ], "texture": "#2" },
				"north": { "uv": [ 3, 0, 0, 10 ], "texture": "#2" },
				"south": { "uv": [ 3, 0, 0, 10 ], "texture": "#2" },
				"west": { "uv": [ 1, 0, 0, 10 ], "texture": "#2", "cullface": "west" },
				"east": { "uv": [ 1, 0, 0, 10 ], "texture": "#2" }
			}
		},
		{
			"from": [ -0.0009999999, 6.987, 3.005 ],
			"to": [ 3.005, 7.989, 5.009 ],
			"faces": {
				"down": { "uv": [ 0, 2, 3, 0 ], "texture": "#2" },
				"up": { "uv": [ 0, 2, 3, 0 ], "texture": "#2" },
				"west": { "uv": [ 2, 0, 0, 1 ], "texture": "#2", "cullface": "west" },
				"east": { "uv": [ 2, 0, 0, 1 ], "texture": "#2" }
			}
		},
		{
			"from": [ -0.0009999999, 3.981, 3.005 ],
			"to": [ 3.005, 4.983, 5.009 ],
			"faces": {
				"down": { "uv": [ 0, 2, 3, 0 ], "texture": "#2" },
				"up": { "uv": [ 0, 2, 3, 0 ], "texture": "#2" },
				"west": { "uv": [ 2, 0, 0, 1 ], "texture": "#2", "cullface": "west" },
				"east": { "uv": [ 2, 0, 0, 1 ], "texture": "#2" }
			}
		},
		{
			"from": [ -0.0009999999, 3.981, 11.021 ],
			"to": [ 3.005, 4.983, 13.025 ],
			"faces": {
				"down": { "uv": [ 0, 2, 3, 0 ], "texture": "#2" },
				"up": { "uv": [ 0, 2, 3, 0 ], "texture": "#2" },
				"west": { "uv": [ 2, 0, 0, 1 ], "texture": "#2", "cullface": "west" },
				"east": { "uv": [ 2, 0, 0, 1 ], "texture": "#2" }
			}
		},
		{
			"from": [ -0.0009999999, 0.975, 11.021 ],
			"to": [ 3.005, 1.977, 13.025 ],
			"faces": {
				"down": { "uv": [ 0, 2, 3, 0 ], "texture": "#2" },
				"up": { "uv": [ 0, 2, 3, 0 ], "texture": "#2" },
				"west": { "uv": [ 2, 0, 0, 1 ], "texture": "#2", "cullface": "west" },
				"east": { "uv": [ 2, 0, 0, 1 ], "texture": "#2" }
			}
		},
		{
			"from": [ -0.0009999999, 0.975, 3.005 ],
			"to": [ 3.005, 1.977, 5.009 ],
			"faces": {
				"down": { "uv": [ 0, 2, 3, 0 ], "texture": "#2" },
				"up": { "uv": [ 0, 2, 3, 0 ], "texture": "#2" },
				"west": { "uv": [ 2, 0, 0, 1 ], "texture": "#2", "cullface": "west" },
				"east": { "uv": [ 2, 0, 0, 1 ], "texture": "#2" }
			}
		},
		{
			"from": [ -0.0009999999, 3.981, 6.011 ],
			"to": [ 3.005, 4.983, 10.019 ],
			"faces": {
				"down": { "uv": [ 0, 4, 3, 0 ], "texture": "#2" },
				"up": { "uv": [ 0, 4, 3, 0 ], "texture": "#2" },
				"west": { "uv": [ 4, 0, 0, 1 ], "texture": "#2", "cullface": "west" },
				"east": { "uv": [ 4, 0, 0, 1 ], "texture": "#2" }
			}
		},
		{
			"from": [ 1.001, -0.027, 3.005 ],
			"to": [ 2.003, 12.999, 13.025 ],
			"faces": {
				"west": { "uv": [ 10, 0, 0, 13 ], "texture": "#1", "cullface": "west" },
				"east": { "uv": [ 10, 0, 0, 13 ], "texture": "#1" }
			}
		},
		{
			"from": [ -0.502, -0.027, 1.001 ],
			"to": [ -0.0009999871, 1.977, 2.003 ],
			"faces": {
				"down": { "uv": [ 14, 15, 14.5, 14 ], "texture": "#0", "cullface": "west" },
				"up": { "uv": [ 14, 15, 14.5, 14 ], "texture": "#0", "cullface": "west" },
				"north": { "uv": [ 14.5, 14, 14, 16 ], "texture": "#0", "cullface": "west" },
				"south": { "uv": [ 14.5, 14, 14, 16 ], "texture": "#0", "cullface": "west" },
				"west": { "uv": [ 15, 14, 14, 16 ], "texture": "#0", "cullface": "west" }
			}
		},
		{
			"from": [ 3.005, -0.027, 1.001 ],
			"to": [ 3.506, 1.977, 2.003 ],
			"faces": {
				"down": { "uv": [ 14.5, 15, 15, 14 ], "texture": "#0" },
				"up": { "uv": [ 14.5, 15, 15, 14 ], "texture": "#0" },
				"north": { "uv": [ 15, 14, 14.5, 16 ], "texture": "#0" },
				"south": { "uv": [ 15, 14, 14.5, 16 ], "texture": "#0" },
				"east": { "uv": [ 15, 14, 14, 16 ], "texture": "#0" }
			}
		},
		{
			"from": [ 1.001, -0.027, 16.031 ],
			"to": [ 2.003, 0.975, 16.532 ],
			"faces": {
				"down": { "uv": [ 0, 16, 1, 15 ], "texture": "#0", "cullface": "south" },
				"up": { "uv": [ 0, 16, 1, 15 ], "texture": "#0", "cullface": "south" },
				"south": { "uv": [ 1, 15, 0, 16 ], "texture": "#0", "cullface": "south" },
				"west": { "uv": [ 1, 15, 0, 16 ], "texture": "#0", "cullface": "south" },
				"east": { "uv": [ 1, 15, 0, 16 ], "texture": "#0", "cullface": "south" }
			}
		},
		{
			"from": [ 1.001, 9.993, 16.031 ],
			"to": [ 2.003, 10.995, 16.532 ],
			"faces": {
				"down": { "uv": [ 0, 6, 1, 5 ], "texture": "#0", "cullface": "south" },
				"up": { "uv": [ 0, 6, 1, 5 ], "texture": "#0", "cullface": "south" },
				"south": { "uv": [ 1, 5, 0, 6 ], "texture": "#0", "cullface": "south" },
				"west": { "uv": [ 1, 5, 0, 6 ], "texture": "#0", "cullface": "south" },
				"east": { "uv": [ 1, 5, 0, 6 ], "texture": "#0", "cullface": "south" }
			}
		},
		{
			"from": [ 1.001, 10.995, 16.031 ],
			"to": [ 2.003, 11.997, 16.532 ],
			"faces": {
				"down": { "uv": [ 0, 5, 1, 4 ], "texture": "#0", "cullface": "south" },
				"up": { "uv": [ 0, 5, 1, 4 ], "texture": "#0", "cullface": "south" },
				"south": { "uv": [ 1, 4, 0, 5 ], "texture": "#0", "cullface": "south" },
				"west": { "uv": [ 1, 4, 0, 5 ], "texture": "#0", "cullface": "south" },
				"east": { "uv": [ 1, 4, 0, 5 ], "texture": "#0", "cullface": "south" }
			}
		},
		{
			"from": [ -0.0009999999, 10.995, 7.013 ],
			"to": [ 3.005, 12.999, 9.017 ],
			"faces": {
				"north": { "uv": [ 3, 0, 0, 2 ], "texture": "#2" },
				"south": { "uv": [ 3, 0, 0, 2 ], "texture": "#2" },
				"west": { "uv": [ 2, 0, 0, 2 ], "texture": "#2", "cullface": "west" },
				"east": { "uv": [ 2, 0, 0, 2 ], "texture": "#2" }
			}
		}
	]
}