{
	"credit": "Made with Blockbench, a free, modern block model editor by JannisX11",
	"textures": {
		"stand": "blocks/brewing_stand",
		"particle": "blocks/brewing_stand"
	},
	"elements": [
		{
			"name": "cube",
			"from": [3.5, 2, 2.5],
			"to": [6.5, 5, 5.5],
			"faces": {
				"north": {
					"uv": [1, 10, 4, 13],
					"texture": "#stand"
				},
				"east": {"uv": [1, 10, 4, 13], "texture": "#stand"},
				"south": {
					"uv": [1, 10, 4, 13],
					"texture": "#stand"
				},
				"west": {"uv": [1, 10, 4, 13], "texture": "#stand"},
				"up": {"uv": [1, 10, 4, 13], "texture": "#stand"},
				"down": {"uv": [1, 10, 4, 13], "texture": "#stand"}
			}
		},
		{
			"name": "cube",
			"from": [3.25, 2.25, 2.75],
			"to": [3.75, 4.75, 5.25],
			"faces": {
				"north": {
					"uv": [1, 10, 1.5, 12.5],
					"texture": "#stand"
				},
				"east": {"uv": [1, 10, 4, 13], "texture": "#stand"},
				"south": {
					"uv": [1, 10, 1.5, 12.5],
					"texture": "#stand"
				},
				"west": {"uv": [1, 10, 4, 13], "texture": "#stand"},
				"up": {"uv": [1, 10, 4, 13], "texture": "#stand"},
				"down": {"uv": [1, 10, 4, 13], "texture": "#stand"}
			}
		},
		{
			"name": "cube",
			"from": [6.25, 2.25, 2.75],
			"to": [6.75, 4.75, 5.25],
			"faces": {
				"north": {
					"uv": [1, 10, 1.5, 12.5],
					"texture": "#stand"
				},
				"east": {"uv": [1, 10, 4, 13], "texture": "#stand"},
				"south": {
					"uv": [2, 10, 2.5, 12.5],
					"texture": "#stand"
				},
				"west": {"uv": [1, 10, 4, 13], "texture": "#stand"},
				"up": {"uv": [1, 10, 4, 13], "texture": "#stand"},
				"down": {"uv": [1, 10, 4, 13], "texture": "#stand"}
			}
		},
		{
			"name": "cube",
			"from": [3.75, 2.25, 5.25],
			"to": [6.25, 4.75, 5.75],
			"faces": {
				"north": {
					"uv": [1, 10, 4, 13],
					"texture": "#stand"
				},
				"east": {
					"uv": [1, 10, 1.5, 12.5],
					"texture": "#stand"
				},
				"south": {
					"uv": [1, 10, 4, 13],
					"texture": "#stand"
				},
				"west": {
					"uv": [2, 10, 2.5, 12.5],
					"texture": "#stand"
				},
				"up": {
					"uv": [1, 10, 4, 13],
					"texture": "#stand",
					"rotation": 90
				},
				"down": {
					"uv": [1, 10, 4, 13],
					"texture": "#stand",
					"rotation": 270
				}
			},
			"rotation": {
				"origin": [1, 8, 7],
				"axis": "y",
				"angle": 0
			}
		},
		{
			"name": "cube",
			"from": [3.75, 2.25, 2.25],
			"to": [6.25, 4.75, 2.75],
			"faces": {
				"north": {
					"uv": [1, 10, 4, 13],
					"texture": "#stand"
				},
				"east": {
					"uv": [1, 10, 1.5, 12.5],
					"texture": "#stand"
				},
				"south": {
					"uv": [1, 10, 4, 13],
					"texture": "#stand"
				},
				"west": {
					"uv": [2, 10, 2.5, 12.5],
					"texture": "#stand"
				},
				"up": {
					"uv": [1, 10, 4, 13],
					"texture": "#stand",
					"rotation": 90
				},
				"down": {
					"uv": [1, 10, 4, 13],
					"texture": "#stand",
					"rotation": 270
				}
			},
			"rotation": {
				"origin": [1, 8, 4],
				"axis": "y",
				"angle": 0
			}
		},
		{
			"name": "cube",
			"from": [4.5, 9, 4.5],
			"to": [5.5, 13.5, 5.5],
			"faces": {
				"north": {
					"uv": [12, 3, 13, 8],
					"texture": "#stand"
				},
				"east": {"uv": [12, 3, 13, 9], "texture": "#stand"},
				"south": {
					"uv": [12, 3, 13, 9],
					"texture": "#stand"
				},
				"west": {"uv": [12, 3, 13, 9], "texture": "#stand"},
				"up": {"uv": [12, 8, 13, 9], "texture": "#stand"},
				"down": {"uv": [12, 8, 13, 9], "texture": "#stand"}
			}
		},
		{
			"name": "cube",
			"from": [4, 4, 3],
			"to": [6, 6.375, 5],
			"faces": {
				"north": {
					"uv": [1, 10, 4, 13],
					"texture": "#stand"
				},
				"east": {"uv": [1, 10, 4, 13], "texture": "#stand"},
				"south": {
					"uv": [1, 10, 4, 13],
					"texture": "#stand"
				},
				"west": {"uv": [1, 10, 4, 13], "texture": "#stand"},
				"up": {"uv": [1, 10, 4, 13], "texture": "#stand"},
				"down": {"uv": [1, 10, 4, 13], "texture": "#stand"}
			}
		},
		{
			"name": "cube",
			"from": [4.5, 5, 3.5],
			"to": [5.5, 9, 4.5],
			"faces": {
				"north": {
					"uv": [12, 4, 13, 8],
					"texture": "#stand"
				},
				"east": {"uv": [12, 4, 13, 8], "texture": "#stand"},
				"south": {
					"uv": [12, 4, 13, 8],
					"texture": "#stand"
				},
				"west": {"uv": [12, 4, 13, 8], "texture": "#stand"},
				"up": {"uv": [12, 7, 13, 8], "texture": "#stand"},
				"down": {"uv": [12, 4, 13, 8], "texture": "#stand"}
			}
		},
		{
			"name": "cube",
			"from": [9, 12.25, 1.625],
			"to": [10.5, 13.625, 7.625],
			"faces": {
				"north": {"uv": [3, 2, 4, 3], "texture": "#stand"},
				"east": {"uv": [3, 2, 13, 3], "texture": "#stand"},
				"south": {"uv": [3, 2, 4, 3], "texture": "#stand"},
				"west": {"uv": [3, 2, 13, 3], "texture": "#stand"},
				"up": {
					"uv": [3, 2, 13, 3],
					"texture": "#stand",
					"rotation": 90
				},
				"down": {
					"uv": [3, 2, 13, 3],
					"texture": "#stand",
					"rotation": 90
				}
			},
			"rotation": {
				"origin": [10, 7.25, 9.625],
				"axis": "y",
				"angle": 45
			}
		},
		{
			"name": "cube",
			"from": [4.625, 13, 4.625],
			"to": [5.5, 16, 5.5],
			"faces": {
				"north": {
					"uv": [3, 2, 13, 3],
					"texture": "#stand",
					"rotation": 270
				},
				"east": {
					"uv": [3, 2, 13, 3],
					"texture": "#stand",
					"rotation": 270
				},
				"south": {
					"uv": [3, 2, 13, 3],
					"texture": "#stand",
					"rotation": 90
				},
				"west": {
					"uv": [3, 2, 13, 3],
					"texture": "#stand",
					"rotation": 90
				},
				"up": {
					"uv": [3, 2, 4, 3],
					"texture": "#stand",
					"rotation": 180
				},
				"down": {"uv": [3, 2, 4, 3], "texture": "#stand"}
			},
			"rotation": {
				"origin": [5.625, 11, -0.375],
				"axis": "x",
				"angle": 0
			}
		}
	],
	"groups": [
		{
			"name": "group",
			"origin": [8, 8, 8],
			"isOpen": true,
			"display": {
				"visibility": true,
				"export": true,
				"autouv": true
			},
			"children": [6, 0, 1, 2, 3, 4]
		},
		5,
		7,
		8,
		9
	]
}