{
	"__comment": "Designed by CreatorLabs with Cubik Studio - https://cubik.studio - Download 3D CreatorCraft at https://www.planetminecraft.com/texture_pack/3d-creatorcraft/",
	"parent": "block/stairs",
	"textures": {
		"particle": "3d_blocks/brick_light",
		"dark": "3d_blocks/brick_dark",
		"light": "3d_blocks/brick_light"
	},
	"elements": [ 	 
		{
			"from": [ 0, 0, 0 ],
			"to": [ 16, 8, 16 ],
			"faces": {
				"down": { "uv": [ 0, 0, 16, 16 ], "texture": "#dark", "cullface": "down" },
				"up": { "uv": [ 0, 0, 16, 16 ], "texture": "#dark" },
				"north": { "uv": [ 0, 8, 16, 16 ], "texture": "#dark", "cullface": "north" },
				"south": { "uv": [ 0, 8, 16, 16 ], "texture": "#dark", "cullface": "south" },
				"west": { "uv": [ 0, 8, 16, 16 ], "texture": "#dark", "cullface": "west" },
				"east": { "uv": [ 0, 8, 16, 16 ], "texture": "#dark", "cullface": "east" }
			}
		},
		{
			"from": [ 8, 8, 0 ],
			"to": [ 16, 16, 16 ],
			"faces": {
				"up": { "uv": [ 8, 0, 16, 16 ], "texture": "#dark", "cullface": "up" },
				"north": { "uv": [ 0, 0, 8, 8 ], "texture": "#dark", "cullface": "north" },
				"south": { "uv": [ 8, 0, 16, 8 ], "texture": "#dark", "cullface": "south" },
				"west": { "uv": [ 0, 0, 16, 8 ], "texture": "#dark" },
				"east": { "uv": [ 0, 0, 16, 8 ], "texture": "#dark", "cullface": "east" }
			}
		},
		{
			"__comment": "down_addon",
			"from": [ -0, -0.5, 13 ],
			"to": [ 3, 0, 16 ],
			"faces": {
				"down": { "uv": [ 0, 0, 3, 3 ], "texture": "#light", "cullface": "down" },
				"north": { "uv": [ 13, 16, 16, 16 ], "texture": "#light", "cullface": "down" },
				"south": { "uv": [ 0, 16, 3, 16 ], "texture": "#light", "cullface": "down" },
				"west": { "uv": [ 13, 16, 16, 16 ], "texture": "#light", "cullface": "down" },
				"east": { "uv": [ 0, 16, 3, 16 ], "texture": "#light", "cullface": "down" }
			}
		},
		{
			"__comment": "down_addon1",
			"from": [ 0, -0.5, 9 ],
			"to": [ 7, -0, 12 ],
			"faces": {
				"down": { "uv": [ 0, 4, 7, 7 ], "texture": "#light", "cullface": "down" },
				"north": { "uv": [ 9, 0, 16, 0.5 ], "texture": "#light", "cullface": "down" },
				"south": { "uv": [ 0, 0, 7, 0.5 ], "texture": "#light", "cullface": "down" },
				"west": { "uv": [ 9, 0, 12, 0.5 ], "texture": "#light", "cullface": "down" },
				"east": { "uv": [ 4, 0, 7, 0.5 ], "texture": "#light", "cullface": "down" }
			}
		},
		{
			"__comment": "down_addon2",
			"from": [ 0, -0.5, 5 ],
			"to": [ 3, -0, 8 ],
			"faces": {
				"down": { "uv": [ 0, 8, 3, 11 ], "texture": "#light", "cullface": "down" },
				"north": { "uv": [ 13, 0, 16, 0.5 ], "texture": "#light", "cullface": "down" },
				"south": { "uv": [ 0, 0, 3, 0.5 ], "texture": "#light", "cullface": "down" },
				"west": { "uv": [ 5, 0, 8, 0.5 ], "texture": "#light", "cullface": "down" },
				"east": { "uv": [ 8, 0, 11, 0.5 ], "texture": "#light", "cullface": "down" }
			}
		},
		{
			"__comment": "down_addon3",
			"from": [ -0, -0.5, 1 ],
			"to": [ 7, 0, 4 ],
			"faces": {
				"down": { "uv": [ 0, 12, 7, 15 ], "texture": "#light", "cullface": "down" },
				"north": { "uv": [ 9, 16, 16, 16 ], "texture": "#light", "cullface": "down" },
				"south": { "uv": [ 0, 16, 7, 16 ], "texture": "#light", "cullface": "down" },
				"west": { "uv": [ 1, 16, 4, 16 ], "texture": "#light", "cullface": "down" },
				"east": { "uv": [ 12, 16, 15, 16 ], "texture": "#light", "cullface": "down" }
			}
		},
		{
			"__comment": "down_addon4",
			"from": [ 4, -0.5, 13 ],
			"to": [ 11, -0, 16 ],
			"faces": {
				"down": { "uv": [ 4, 0, 11, 3 ], "texture": "#light", "cullface": "down" },
				"north": { "uv": [ 5, 0, 12, 0.5 ], "texture": "#light", "cullface": "down" },
				"south": { "uv": [ 4, 0, 11, 0.5 ], "texture": "#light", "cullface": "down" },
				"west": { "uv": [ 13, 0, 16, 0.5 ], "texture": "#light", "cullface": "down" },
				"east": { "uv": [ 0, 0, 3, 0.5 ], "texture": "#light", "cullface": "down" }
			}
		},
		{
			"__comment": "down_addon5",
			"from": [ 4, -0.5, 5 ],
			"to": [ 11, -0, 8 ],
			"faces": {
				"down": { "uv": [ 4, 8, 11, 11 ], "texture": "#light", "cullface": "down" },
				"north": { "uv": [ 5, 0, 12, 0.5 ], "texture": "#light", "cullface": "down" },
				"south": { "uv": [ 4, 0, 11, 0.5 ], "texture": "#light", "cullface": "down" },
				"west": { "uv": [ 5, 0, 8, 0.5 ], "texture": "#light", "cullface": "down" },
				"east": { "uv": [ 8, 0, 11, 0.5 ], "texture": "#light", "cullface": "down" }
			}
		},
		{
			"__comment": "down_addon6",
			"from": [ 8, -0.5, 9 ],
			"to": [ 15, -0, 12 ],
			"faces": {
				"down": { "uv": [ 8, 4, 15, 7 ], "texture": "#light", "cullface": "down" },
				"north": { "uv": [ 1, 0, 8, 0.5 ], "texture": "#light", "cullface": "down" },
				"south": { "uv": [ 8, 0, 15, 0.5 ], "texture": "#light", "cullface": "down" },
				"west": { "uv": [ 9, 0, 12, 0.5 ], "texture": "#light", "cullface": "down" },
				"east": { "uv": [ 4, 0, 7, 0.5 ], "texture": "#light", "cullface": "down" }
			}
		},
		{
			"__comment": "down_addon7",
			"from": [ 8, -0.5, 1 ],
			"to": [ 15, 0, 4 ],
			"faces": {
				"down": { "uv": [ 8, 12, 15, 15 ], "texture": "#light", "cullface": "down" },
				"north": { "uv": [ 1, 16, 8, 16 ], "texture": "#light", "cullface": "down" },
				"south": { "uv": [ 8, 16, 15, 16 ], "texture": "#light", "cullface": "down" },
				"west": { "uv": [ 1, 16, 4, 16 ], "texture": "#light", "cullface": "down" },
				"east": { "uv": [ 12, 16, 15, 16 ], "texture": "#light", "cullface": "down" }
			}
		},
		{
			"__comment": "down_addon8",
			"from": [ 12, -0.5, 13 ],
			"to": [ 16, 5E-05, 16 ],
			"faces": {
				"down": { "uv": [ 12, 0, 16, 3 ], "texture": "#light", "cullface": "down" },
				"north": { "uv": [ 0, 16, 4, 16 ], "texture": "#light", "cullface": "down" },
				"south": { "uv": [ 12, 16, 16, 16 ], "texture": "#light", "cullface": "down" },
				"west": { "uv": [ 13, 16, 16, 16 ], "texture": "#light", "cullface": "down" },
				"east": { "uv": [ 0, 16, 3, 16 ], "texture": "#light", "cullface": "down" }
			}
		},
		{
			"__comment": "down_addon9",
			"from": [ 12, -0.5, 5 ],
			"to": [ 16, -0, 8 ],
			"faces": {
				"down": { "uv": [ 12, 8, 16, 11 ], "texture": "#light", "cullface": "down" },
				"north": { "uv": [ 0, 0, 4, 0.5 ], "texture": "#light", "cullface": "down" },
				"south": { "uv": [ 12, 0, 16, 0.5 ], "texture": "#light", "cullface": "down" },
				"west": { "uv": [ 5, 0, 8, 0.5 ], "texture": "#light", "cullface": "down" },
				"east": { "uv": [ 8, 0, 11, 0.5 ], "texture": "#light", "cullface": "down" }
			}
		},
		{
			"__comment": "top_addon",
			"from": [ 0, 8, 0 ],
			"to": [ 3, 8.5, 3 ],
			"faces": {
				"up": { "uv": [ 0, 0, 3, 3 ], "texture": "#light" },
				"north": { "uv": [ 13, 7.5, 16, 8 ], "texture": "#light" },
				"south": { "uv": [ 0, 7.5, 3, 8 ], "texture": "#light" },
				"west": { "uv": [ 0, 7.5, 3, 8 ], "texture": "#light" },
				"east": { "uv": [ 13, 7.5, 16, 8 ], "texture": "#light" }
			}
		},
		{
			"__comment": "top_addon1",
			"from": [ -0, 8, 4 ],
			"to": [ 7, 8.5, 7 ],
			"faces": {
				"up": { "uv": [ 0, 4, 7, 7 ], "texture": "#light" },
				"north": { "uv": [ 9, 7.5, 16, 8 ], "texture": "#light" },
				"south": { "uv": [ 0, 7.5, 7, 8 ], "texture": "#light" },
				"west": { "uv": [ 4, 7.5, 7, 8 ], "texture": "#light" },
				"east": { "uv": [ 9, 7.5, 12, 8 ], "texture": "#light" }
			}
		},
		{
			"__comment": "top_addon2",
			"from": [ 0, 8, 8 ],
			"to": [ 3, 8.5, 11 ],
			"faces": {
				"up": { "uv": [ 0, 8, 3, 11 ], "texture": "#light" },
				"north": { "uv": [ 13, 7.5, 16, 8 ], "texture": "#light" },
				"south": { "uv": [ 0, 7.5, 3, 8 ], "texture": "#light" },
				"west": { "uv": [ 8, 7.5, 11, 8 ], "texture": "#light" },
				"east": { "uv": [ 5, 7.5, 8, 8 ], "texture": "#light" }
			}
		},
		{
			"__comment": "top_addon3",
			"from": [ 0, 8, 12 ],
			"to": [ 7, 8.5, 15 ],
			"faces": {
				"up": { "uv": [ 0, 12, 7, 15 ], "texture": "#light" },
				"north": { "uv": [ 9, 7.5, 16, 8 ], "texture": "#light" },
				"south": { "uv": [ 0, 7.5, 7, 8 ], "texture": "#light" },
				"west": { "uv": [ 12, 7.5, 15, 8 ], "texture": "#light" },
				"east": { "uv": [ 1, 7.5, 4, 8 ], "texture": "#light" }
			}
		},
		{
			"__comment": "top_addon4",
			"from": [ 4, 8, 0 ],
			"to": [ 8, 8.5, 3 ],
			"faces": {
				"up": { "uv": [ 4, 0, 8, 3 ], "texture": "#light" },
				"north": { "uv": [ 8, 7.5, 12, 8 ], "texture": "#light" },
				"south": { "uv": [ 4, 7.5, 8, 8 ], "texture": "#light" },
				"west": { "uv": [ 0, 7.5, 3, 8 ], "texture": "#light" }
			}
		},
		{
			"__comment": "top_addon5",
			"from": [ 4, 8, 8 ],
			"to": [ 8, 8.5, 11 ],
			"faces": {
				"up": { "uv": [ 4, 8, 8, 11 ], "texture": "#light" },
				"north": { "uv": [ 8, 7.5, 12, 8 ], "texture": "#light" },
				"south": { "uv": [ 4, 7.5, 8, 8 ], "texture": "#light" },
				"west": { "uv": [ 8, 7.5, 11, 8 ], "texture": "#light" }
			}
		},
		{
			"__comment": "top_addon6",
			"from": [ 8, 16, 4 ],
			"to": [ 15, 16.5, 7 ],
			"faces": {
				"up": { "uv": [ 8, 4, 15, 7 ], "texture": "#light", "cullface": "up" },
				"north": { "uv": [ 1, 0, 8, 0 ], "texture": "#light", "cullface": "up" },
				"south": { "uv": [ 8, 0, 15, 0 ], "texture": "#light", "cullface": "up" },
				"west": { "uv": [ 4, 0, 7, 0 ], "texture": "#light", "cullface": "up" },
				"east": { "uv": [ 9, 0, 12, 0 ], "texture": "#light", "cullface": "up" }
			}
		},
		{
			"__comment": "top_addon7",
			"from": [ 8, 16, 12 ],
			"to": [ 15, 16.5, 15 ],
			"faces": {
				"up": { "uv": [ 8, 12, 15, 15 ], "texture": "#light", "cullface": "up" },
				"north": { "uv": [ 1, 0, 8, 0 ], "texture": "#light", "cullface": "up" },
				"south": { "uv": [ 8, 0, 15, 0 ], "texture": "#light", "cullface": "up" },
				"west": { "uv": [ 12, 0, 15, 0 ], "texture": "#light", "cullface": "up" },
				"east": { "uv": [ 1, 0, 4, 0 ], "texture": "#light", "cullface": "up" }
			}
		},
		{
			"__comment": "top_addon8",
			"from": [ 12, 16, 0 ],
			"to": [ 16, 16.5, 3 ],
			"faces": {
				"up": { "uv": [ 12, 0, 16, 3 ], "texture": "#light", "cullface": "up" },
				"north": { "uv": [ 0, 0, 4, 0 ], "texture": "#light", "cullface": "up" },
				"south": { "uv": [ 12, 0, 16, 0 ], "texture": "#light", "cullface": "up" },
				"west": { "uv": [ 0, 0, 3, 0 ], "texture": "#light", "cullface": "up" },
				"east": { "uv": [ 13, 0, 16, 0 ], "texture": "#light", "cullface": "up" }
			}
		},
		{
			"__comment": "top_addon9",
			"from": [ 12, 16, 8 ],
			"to": [ 16, 16.5, 11 ],
			"faces": {
				"up": { "uv": [ 12, 8, 16, 11 ], "texture": "#light", "cullface": "up" },
				"north": { "uv": [ 0, 0, 4, 0 ], "texture": "#light", "cullface": "up" },
				"south": { "uv": [ 12, 0, 16, 0 ], "texture": "#light", "cullface": "up" },
				"west": { "uv": [ 8, 0, 11, 0 ], "texture": "#light", "cullface": "up" },
				"east": { "uv": [ 5, 0, 8, 0 ], "texture": "#light", "cullface": "up" }
			}
		},
		{
			"__comment": "south_addon2",
			"from": [ 0, 5, 16 ],
			"to": [ 3, 8, 16.5 ],
			"faces": {
				"down": { "uv": [ 0, 15.5, 3, 16 ], "texture": "#light", "cullface": "south" },
				"up": { "uv": [ 0, 9.9E-05, 3, 0.5 ], "texture": "#light", "cullface": "south" },
				"south": { "uv": [ 0, 8, 3, 11 ], "texture": "#light", "cullface": "south" },
				"west": { "uv": [ 9.9E-05, 8, 0.5, 11 ], "texture": "#light", "cullface": "south" },
				"east": { "uv": [ 15.5, 8, 16, 11 ], "texture": "#light", "cullface": "south" }
			}
		},
		{
			"__comment": "south_addon3",
			"from": [ 0, 1, 16 ],
			"to": [ 7, 4, 16.5 ],
			"faces": {
				"down": { "uv": [ 0, 15.5, 7, 16 ], "texture": "#light", "cullface": "south" },
				"up": { "uv": [ 0, 0, 7, 0.5 ], "texture": "#light", "cullface": "south" },
				"south": { "uv": [ 0, 12, 7, 15 ], "texture": "#light", "cullface": "south" },
				"west": { "uv": [ 0, 12, 0.5, 15 ], "texture": "#light", "cullface": "south" },
				"east": { "uv": [ 15.5, 12, 16, 15 ], "texture": "#light", "cullface": "south" }
			}
		},
		{
			"__comment": "south_addon4",
			"from": [ 8, 13, 16 ],
			"to": [ 11, 16, 16.5 ],
			"faces": {
				"down": { "uv": [ 8, 0, 11, 0 ], "texture": "#light", "cullface": "south" },
				"up": { "uv": [ 8, 16, 11, 16 ], "texture": "#light", "cullface": "south" },
				"south": { "uv": [ 8, 0, 11, 3 ], "texture": "#light", "cullface": "south" },
				"west": { "uv": [ 16, 0, 16, 3 ], "texture": "#light", "cullface": "south" },
				"east": { "uv": [ 0, 0, 0, 3 ], "texture": "#light", "cullface": "south" }
			}
		},
		{
			"__comment": "south_addon5",
			"from": [ 4, 5, 16 ],
			"to": [ 11, 8, 16.5 ],
			"faces": {
				"down": { "uv": [ 4, 0, 11, 0 ], "texture": "#light", "cullface": "south" },
				"up": { "uv": [ 4, 16, 11, 16 ], "texture": "#light", "cullface": "south" },
				"south": { "uv": [ 4, 8, 11, 11 ], "texture": "#light", "cullface": "south" },
				"west": { "uv": [ 16, 8, 16, 11 ], "texture": "#light", "cullface": "south" },
				"east": { "uv": [ 0, 8, 0, 11 ], "texture": "#light", "cullface": "south" }
			}
		},
		{
			"__comment": "south_addon6",
			"from": [ 8, 9, 16 ],
			"to": [ 15, 12, 16.5 ],
			"faces": {
				"down": { "uv": [ 8, 0, 15, 0 ], "texture": "#light", "cullface": "south" },
				"up": { "uv": [ 8, 16, 15, 16 ], "texture": "#light", "cullface": "south" },
				"south": { "uv": [ 8, 4, 15, 7 ], "texture": "#light", "cullface": "south" },
				"west": { "uv": [ 16, 4, 16, 7 ], "texture": "#light", "cullface": "south" },
				"east": { "uv": [ 0, 4, 0, 7 ], "texture": "#light", "cullface": "south" }
			}
		},
		{
			"__comment": "south_addon7",
			"from": [ 8, 1, 16 ],
			"to": [ 15, 4, 16.5 ],
			"faces": {
				"down": { "uv": [ 8, 0, 15, 0 ], "texture": "#light", "cullface": "south" },
				"up": { "uv": [ 8, 16, 15, 16 ], "texture": "#light", "cullface": "south" },
				"south": { "uv": [ 8, 12, 15, 15 ], "texture": "#light", "cullface": "south" },
				"west": { "uv": [ 16, 12, 16, 15 ], "texture": "#light", "cullface": "south" },
				"east": { "uv": [ 0, 12, 0, 15 ], "texture": "#light", "cullface": "south" }
			}
		},
		{
			"__comment": "south_addon8",
			"from": [ 12, 13, 16 ],
			"to": [ 16, 16, 16.5 ],
			"faces": {
				"down": { "uv": [ 12, 0, 16, 0 ], "texture": "#light", "cullface": "south" },
				"up": { "uv": [ 12, 16, 16, 16 ], "texture": "#light", "cullface": "south" },
				"south": { "uv": [ 12, 0, 16, 3 ], "texture": "#light", "cullface": "south" },
				"west": { "uv": [ 16, 0, 16, 3 ], "texture": "#light", "cullface": "south" },
				"east": { "uv": [ 0, 0, 0, 3 ], "texture": "#light", "cullface": "south" }
			}
		},
		{
			"__comment": "south_addon9",
			"from": [ 12, 5, 16 ],
			"to": [ 16, 8, 16.5 ],
			"faces": {
				"down": { "uv": [ 12, 0, 16, 0 ], "texture": "#light", "cullface": "south" },
				"up": { "uv": [ 12, 16, 16, 16 ], "texture": "#light", "cullface": "south" },
				"south": { "uv": [ 12, 8, 16, 11 ], "texture": "#light", "cullface": "south" },
				"west": { "uv": [ 16, 8, 16, 11 ], "texture": "#light", "cullface": "south" },
				"east": { "uv": [ 0, 8, 0, 11 ], "texture": "#light", "cullface": "south" }
			}
		},
		{
			"__comment": "east_addon",
			"from": [ 16, 13, 13 ],
			"to": [ 16.5, 16, 16 ],
			"faces": {
				"down": { "uv": [ 16, 0, 16, 3 ], "texture": "#light", "cullface": "east" },
				"up": { "uv": [ 16, 13, 16, 16 ], "texture": "#light", "cullface": "east" },
				"north": { "uv": [ 0, 0, 0, 3 ], "texture": "#light", "cullface": "east" },
				"south": { "uv": [ 16, 0, 16, 3 ], "texture": "#light", "cullface": "east" },
				"east": { "uv": [ 0, 0, 3, 3 ], "texture": "#light", "cullface": "east" }
			}
		},
		{
			"__comment": "east_addon1",
			"from": [ 16, 9, 9 ],
			"to": [ 16.5, 12, 16 ],
			"faces": {
				"down": { "uv": [ 16, 0, 16, 7 ], "texture": "#light", "cullface": "east" },
				"up": { "uv": [ 16, 9, 16, 16 ], "texture": "#light", "cullface": "east" },
				"north": { "uv": [ 0, 4, 0, 7 ], "texture": "#light", "cullface": "east" },
				"south": { "uv": [ 16, 4, 16, 7 ], "texture": "#light", "cullface": "east" },
				"east": { "uv": [ 0, 4, 7, 7 ], "texture": "#light", "cullface": "east" }
			}
		},
		{
			"__comment": "east_addon2",
			"from": [ 16, 5, 13 ],
			"to": [ 16.5, 8, 16 ],
			"faces": {
				"down": { "uv": [ 16, 0, 16, 3 ], "texture": "#light", "cullface": "east" },
				"up": { "uv": [ 16, 13, 16, 16 ], "texture": "#light", "cullface": "east" },
				"north": { "uv": [ 0, 8, 0, 11 ], "texture": "#light", "cullface": "east" },
				"south": { "uv": [ 16, 8, 16, 11 ], "texture": "#light", "cullface": "east" },
				"east": { "uv": [ 0, 8, 3, 11 ], "texture": "#light", "cullface": "east" }
			}
		},
		{
			"__comment": "east_addon3",
			"from": [ 16, 1, 9 ],
			"to": [ 16.5, 4, 16 ],
			"faces": {
				"down": { "uv": [ 16, 0, 16, 7 ], "texture": "#light", "cullface": "east" },
				"up": { "uv": [ 16, 9, 16, 16 ], "texture": "#light", "cullface": "east" },
				"north": { "uv": [ 0, 12, 0, 15 ], "texture": "#light", "cullface": "east" },
				"south": { "uv": [ 16, 12, 16, 15 ], "texture": "#light", "cullface": "east" },
				"east": { "uv": [ 0, 12, 7, 15 ], "texture": "#light", "cullface": "east" }
			}
		},
		{
			"__comment": "east_addon4",
			"from": [ 16, 13, 5 ],
			"to": [ 16.5, 16, 12 ],
			"faces": {
				"down": { "uv": [ 16, 4, 16, 11 ], "texture": "#light", "cullface": "east" },
				"up": { "uv": [ 16, 5, 16, 12 ], "texture": "#light", "cullface": "east" },
				"north": { "uv": [ 0, 0, 0, 3 ], "texture": "#light", "cullface": "east" },
				"south": { "uv": [ 16, 0, 16, 3 ], "texture": "#light", "cullface": "east" },
				"east": { "uv": [ 4, 0, 11, 3 ], "texture": "#light", "cullface": "east" }
			}
		},
		{
			"__comment": "east_addon5",
			"from": [ 16, 5, 5 ],
			"to": [ 16.5, 8, 12 ],
			"faces": {
				"down": { "uv": [ 16, 4, 16, 11 ], "texture": "#light", "cullface": "east" },
				"up": { "uv": [ 16, 5, 16, 12 ], "texture": "#light", "cullface": "east" },
				"north": { "uv": [ 0, 8, 0, 11 ], "texture": "#light", "cullface": "east" },
				"south": { "uv": [ 16, 8, 16, 11 ], "texture": "#light", "cullface": "east" },
				"east": { "uv": [ 4, 8, 11, 11 ], "texture": "#light", "cullface": "east" }
			}
		},
		{
			"__comment": "east_addon6",
			"from": [ 16, 9, 1 ],
			"to": [ 16.5, 12, 8 ],
			"faces": {
				"down": { "uv": [ 16, 8, 16, 15 ], "texture": "#light", "cullface": "east" },
				"up": { "uv": [ 16, 1, 16, 8 ], "texture": "#light", "cullface": "east" },
				"north": { "uv": [ 0, 4, 0, 7 ], "texture": "#light", "cullface": "east" },
				"south": { "uv": [ 16, 4, 16, 7 ], "texture": "#light", "cullface": "east" },
				"east": { "uv": [ 8, 4, 15, 7 ], "texture": "#light", "cullface": "east" }
			}
		},
		{
			"__comment": "east_addon7",
			"from": [ 16, 1, 1 ],
			"to": [ 16.5, 4, 8 ],
			"faces": {
				"down": { "uv": [ 16, 8, 16, 15 ], "texture": "#light", "cullface": "east" },
				"up": { "uv": [ 16, 1, 16, 8 ], "texture": "#light", "cullface": "east" },
				"north": { "uv": [ 0, 12, 0, 15 ], "texture": "#light", "cullface": "east" },
				"south": { "uv": [ 16, 12, 16, 15 ], "texture": "#light", "cullface": "east" },
				"east": { "uv": [ 8, 12, 15, 15 ], "texture": "#light", "cullface": "east" }
			}
		},
		{
			"__comment": "east_addon8",
			"from": [ 16, 13, 0 ],
			"to": [ 16.5, 16, 4 ],
			"faces": {
				"down": { "uv": [ 16, 12, 16, 16 ], "texture": "#light", "cullface": "east" },
				"up": { "uv": [ 16, 0, 16, 4 ], "texture": "#light", "cullface": "east" },
				"north": { "uv": [ 0, 0, 0, 3 ], "texture": "#light", "cullface": "east" },
				"south": { "uv": [ 16, 0, 16, 3 ], "texture": "#light", "cullface": "east" },
				"east": { "uv": [ 12, 0, 16, 3 ], "texture": "#light", "cullface": "east" }
			}
		},
		{
			"__comment": "east_addon9",
			"from": [ 16, 5, 0 ],
			"to": [ 16.5, 8, 4 ],
			"faces": {
				"down": { "uv": [ 16, 12, 16, 16 ], "texture": "#light", "cullface": "east" },
				"up": { "uv": [ 16, 0, 16, 4 ], "texture": "#light", "cullface": "east" },
				"north": { "uv": [ 0, 8, 0, 11 ], "texture": "#light", "cullface": "east" },
				"south": { "uv": [ 16, 8, 16, 11 ], "texture": "#light", "cullface": "east" },
				"east": { "uv": [ 12, 8, 16, 11 ], "texture": "#light", "cullface": "east" }
			}
		},
		{
			"__comment": "north_addon",
			"from": [ 13, 13, -0.5 ],
			"to": [ 16, 16, 0 ],
			"faces": {
				"down": { "uv": [ 13, 16, 16, 16 ], "texture": "#light", "cullface": "north" },
				"up": { "uv": [ 13, 0, 16, 0 ], "texture": "#light", "cullface": "north" },
				"north": { "uv": [ 0, 0, 3, 3 ], "texture": "#light", "cullface": "north" },
				"west": { "uv": [ 0, 0, 0, 3 ], "texture": "#light", "cullface": "north" },
				"east": { "uv": [ 16, 0, 16, 3 ], "texture": "#light", "cullface": "north" }
			}
		},
		{
			"__comment": "north_addon1",
			"from": [ 9, 9, -0.5 ],
			"to": [ 16, 12, 0 ],
			"faces": {
				"down": { "uv": [ 9, 16, 16, 16 ], "texture": "#light", "cullface": "north" },
				"up": { "uv": [ 9, 0, 16, 0 ], "texture": "#light", "cullface": "north" },
				"north": { "uv": [ 0, 4, 7, 7 ], "texture": "#light", "cullface": "north" },
				"west": { "uv": [ 0, 4, 0, 7 ], "texture": "#light", "cullface": "north" },
				"east": { "uv": [ 16, 4, 16, 7 ], "texture": "#light", "cullface": "north" }
			}
		},
		{
			"__comment": "north_addon2",
			"from": [ 13, 5, -0.5 ],
			"to": [ 16, 8, 0 ],
			"faces": {
				"down": { "uv": [ 13, 16, 16, 16 ], "texture": "#light", "cullface": "north" },
				"up": { "uv": [ 13, 0, 16, 0 ], "texture": "#light", "cullface": "north" },
				"north": { "uv": [ 0, 8, 3, 11 ], "texture": "#light", "cullface": "north" },
				"west": { "uv": [ 0, 8, 0, 11 ], "texture": "#light", "cullface": "north" },
				"east": { "uv": [ 16, 8, 16, 11 ], "texture": "#light", "cullface": "north" }
			}
		},
		{
			"__comment": "north_addon3",
			"from": [ 9, 1, -0.5 ],
			"to": [ 16, 4, 0 ],
			"faces": {
				"down": { "uv": [ 9, 16, 16, 16 ], "texture": "#light", "cullface": "north" },
				"up": { "uv": [ 9, 0, 16, 0 ], "texture": "#light", "cullface": "north" },
				"north": { "uv": [ 0, 12, 7, 15 ], "texture": "#light", "cullface": "north" },
				"west": { "uv": [ 0, 12, 0, 15 ], "texture": "#light", "cullface": "north" },
				"east": { "uv": [ 16, 12, 16, 15 ], "texture": "#light", "cullface": "north" }
			}
		},
		{
			"__comment": "north_addon4",
			"from": [ 8, 13, -0.5 ],
			"to": [ 12, 16, 0 ],
			"faces": {
				"down": { "uv": [ 8, 16, 12, 16 ], "texture": "#light", "cullface": "north" },
				"up": { "uv": [ 8, 0, 12, 0 ], "texture": "#light", "cullface": "north" },
				"north": { "uv": [ 4, 0, 8, 3 ], "texture": "#light", "cullface": "north" },
				"west": { "uv": [ 0, 0, 0, 3 ], "texture": "#light", "cullface": "north" },
				"east": { "uv": [ 16, 0, 16, 3 ], "texture": "#light", "cullface": "north" }
			}
		},
		{
			"__comment": "north_addon5",
			"from": [ 5, 5, -0.5 ],
			"to": [ 12, 8, 0 ],
			"faces": {
				"down": { "uv": [ 5, 16, 12, 16 ], "texture": "#light", "cullface": "north" },
				"up": { "uv": [ 5, 0, 12, 0 ], "texture": "#light", "cullface": "north" },
				"north": { "uv": [ 4, 8, 11, 11 ], "texture": "#light", "cullface": "north" },
				"west": { "uv": [ 0, 8, 0, 11 ], "texture": "#light", "cullface": "north" },
				"east": { "uv": [ 16, 8, 16, 11 ], "texture": "#light", "cullface": "north" }
			}
		},
		{
			"__comment": "north_addon7",
			"from": [ 1, 1, -0.5 ],
			"to": [ 8, 4, 0 ],
			"faces": {
				"down": { "uv": [ 1, 16, 8, 16 ], "texture": "#light", "cullface": "north" },
				"up": { "uv": [ 1, 0, 8, 0 ], "texture": "#light", "cullface": "north" },
				"north": { "uv": [ 8, 12, 15, 15 ], "texture": "#light", "cullface": "north" },
				"west": { "uv": [ 0, 12, 0, 15 ], "texture": "#light", "cullface": "north" },
				"east": { "uv": [ 16, 12, 16, 15 ], "texture": "#light", "cullface": "north" }
			}
		},
		{
			"__comment": "north_addon9",
			"from": [ -0, 5, -0.5 ],
			"to": [ 4, 8, 0 ],
			"faces": {
				"down": { "uv": [ 0, 16, 4, 16 ], "texture": "#light", "cullface": "north" },
				"up": { "uv": [ 0, 0, 4, 0 ], "texture": "#light", "cullface": "north" },
				"north": { "uv": [ 12, 8, 16, 11 ], "texture": "#light", "cullface": "north" },
				"west": { "uv": [ 0, 8, 0, 11 ], "texture": "#light", "cullface": "north" },
				"east": { "uv": [ 16, 8, 16, 11 ], "texture": "#light", "cullface": "north" }
			}
		},
		{
			"__comment": "west_addon",
			"from": [ 7.5, 13, 0 ],
			"to": [ 8, 16, 3 ],
			"faces": {
				"down": { "uv": [ 7.5, 13, 8, 16 ], "texture": "#light" },
				"up": { "uv": [ 7.5, 0, 8, 3 ], "texture": "#light" },
				"north": { "uv": [ 8, 0, 8.5, 3 ], "texture": "#light" },
				"south": { "uv": [ 7.5, 0, 8, 3 ], "texture": "#light" },
				"west": { "uv": [ 0, 0, 3, 3 ], "texture": "#light" }
			}
		},
		{
			"__comment": "west_addon1",
			"from": [ 7.5, 9, 0 ],
			"to": [ 8, 12, 7 ],
			"faces": {
				"down": { "uv": [ 7.5, 9, 8, 16 ], "texture": "#light" },
				"up": { "uv": [ 7.5, 0, 8, 7 ], "texture": "#light" },
				"north": { "uv": [ 8, 4, 8.5, 7 ], "texture": "#light" },
				"south": { "uv": [ 7.5, 4, 8, 7 ], "texture": "#light" },
				"west": { "uv": [ 0, 4, 7, 7 ], "texture": "#light" }
			}
		},
		{
			"__comment": "west_addon2",
			"from": [ -0.5, 5, 0 ],
			"to": [ 0, 8, 3 ],
			"faces": {
				"down": { "uv": [ 0, 13, 0, 16 ], "texture": "#light", "cullface": "west" },
				"up": { "uv": [ 0, 0, 0, 3 ], "texture": "#light", "cullface": "west" },
				"north": { "uv": [ 16, 8, 16, 11 ], "texture": "#light", "cullface": "west" },
				"south": { "uv": [ 0, 8, 0, 11 ], "texture": "#light", "cullface": "west" },
				"west": { "uv": [ 0, 8, 3, 11 ], "texture": "#light", "cullface": "west" }
			}
		},
		{
			"__comment": "west_addon3",
			"from": [ -0.5, 1, 0 ],
			"to": [ -0, 4, 7 ],
			"faces": {
				"down": { "uv": [ 15.5, 9, 16, 16 ], "texture": "#light", "cullface": "west" },
				"up": { "uv": [ 15.5, 0, 16, 7 ], "texture": "#light", "cullface": "west" },
				"north": { "uv": [ 0, 12, 0.5, 15 ], "texture": "#light", "cullface": "west" },
				"south": { "uv": [ 15.5, 12, 16, 15 ], "texture": "#light", "cullface": "west" },
				"west": { "uv": [ 0, 12, 7, 15 ], "texture": "#light", "cullface": "west" }
			}
		},
		{
			"__comment": "west_addon4",
			"from": [ 7.5, 13, 4 ],
			"to": [ 8, 16, 11 ],
			"faces": {
				"down": { "uv": [ 7.5, 5, 8, 12 ], "texture": "#light" },
				"up": { "uv": [ 7.5, 4, 8, 11 ], "texture": "#light" },
				"north": { "uv": [ 8, 0, 8.5, 3 ], "texture": "#light" },
				"south": { "uv": [ 7.5, 0, 8, 3 ], "texture": "#light" },
				"west": { "uv": [ 4, 0, 11, 3 ], "texture": "#light" }
			}
		},
		{
			"__comment": "west_addon5",
			"from": [ -0.5, 5, 4 ],
			"to": [ 0, 8, 11 ],
			"faces": {
				"down": { "uv": [ 0, 5, 0, 12 ], "texture": "#light", "cullface": "west" },
				"up": { "uv": [ 0, 4, 0, 11 ], "texture": "#light", "cullface": "west" },
				"north": { "uv": [ 16, 8, 16, 11 ], "texture": "#light", "cullface": "west" },
				"south": { "uv": [ 0, 8, 0, 11 ], "texture": "#light", "cullface": "west" },
				"west": { "uv": [ 4, 8, 11, 11 ], "texture": "#light", "cullface": "west" }
			}
		},
		{
			"__comment": "west_addon6",
			"from": [ 7.5, 9, 8 ],
			"to": [ 8, 12, 15 ],
			"faces": {
				"down": { "uv": [ 7.5, 1, 8, 8 ], "texture": "#light" },
				"up": { "uv": [ 7.5, 8, 8, 15 ], "texture": "#light" },
				"north": { "uv": [ 8, 4, 8.5, 7 ], "texture": "#light" },
				"south": { "uv": [ 7.5, 4, 8, 7 ], "texture": "#light" },
				"west": { "uv": [ 8, 4, 15, 7 ], "texture": "#light" }
			}
		},
		{
			"__comment": "west_addon7",
			"from": [ -0.5, 1, 8 ],
			"to": [ -0, 4, 15 ],
			"faces": {
				"down": { "uv": [ 15.5, 1, 16, 8 ], "texture": "#light", "cullface": "west" },
				"up": { "uv": [ 15.5, 8, 16, 15 ], "texture": "#light", "cullface": "west" },
				"north": { "uv": [ 0, 12, 0.5, 15 ], "texture": "#light", "cullface": "west" },
				"south": { "uv": [ 15.5, 12, 16, 15 ], "texture": "#light", "cullface": "west" },
				"west": { "uv": [ 8, 12, 15, 15 ], "texture": "#light", "cullface": "west" }
			}
		},
		{
			"__comment": "west_addon8",
			"from": [ 7.5, 13, 12 ],
			"to": [ 8, 16, 16 ],
			"faces": {
				"down": { "uv": [ 7.5, 0, 8, 4 ], "texture": "#light" },
				"up": { "uv": [ 7.5, 12, 8, 16 ], "texture": "#light" },
				"north": { "uv": [ 8, 0, 8.5, 3 ], "texture": "#light" },
				"south": { "uv": [ 7.5, 0, 8, 3 ], "texture": "#light" },
				"west": { "uv": [ 12, 0, 16, 3 ], "texture": "#light" }
			}
		},
		{
			"__comment": "west_addon9",
			"from": [ -0.5, 5, 12 ],
			"to": [ -5E-05, 8, 16 ],
			"faces": {
				"down": { "uv": [ 15.5, 0, 16, 4 ], "texture": "#light", "cullface": "west" },
				"up": { "uv": [ 15.5, 12, 16, 16 ], "texture": "#light", "cullface": "west" },
				"north": { "uv": [ 5E-05, 8, 0.5, 11 ], "texture": "#light", "cullface": "west" },
				"south": { "uv": [ 15.5, 8, 16, 11 ], "texture": "#light", "cullface": "west" },
				"west": { "uv": [ 12, 8, 16, 11 ], "texture": "#light", "cullface": "west" }
			}
		},
		{
			"__comment": "top_addon5",
			"from": [ 8, 16, 8 ],
			"to": [ 11, 16.5, 11 ],
			"faces": {
				"up": { "uv": [ 8, 8, 11, 11 ], "texture": "#light", "cullface": "up" },
				"north": { "uv": [ 5, 0, 8, 0 ], "texture": "#light", "cullface": "up" },
				"south": { "uv": [ 8, 0, 11, 0 ], "texture": "#light", "cullface": "up" },
				"west": { "uv": [ 8, 0, 11, 0 ], "texture": "#light", "cullface": "up" },
				"east": { "uv": [ 5, 0, 8, 0 ], "texture": "#light", "cullface": "up" }
			}
		},
		{
			"__comment": "top_addon4",
			"from": [ 8, 16, 0 ],
			"to": [ 11, 16.5, 3 ],
			"faces": {
				"up": { "uv": [ 8, 0, 11, 3 ], "texture": "#light", "cullface": "up" },
				"north": { "uv": [ 5, 0, 8, 0 ], "texture": "#light", "cullface": "up" },
				"south": { "uv": [ 8, 0, 11, 0 ], "texture": "#light", "cullface": "up" },
				"west": { "uv": [ 0, 0, 3, 0 ], "texture": "#light", "cullface": "up" },
				"east": { "uv": [ 13, 0, 16, 0 ], "texture": "#light", "cullface": "up" }
			}
		}
	]
}