{
	"__comment": "Designed by CreatorLabs with Cubik Studio - https://cubik.studio",
	"textures": {
		"particle": "#texture",
		"texture": "#texture"
	},
	"elements": [ 	 
		{
			"from": [ 4.5, 0, 5.5 ],
			"to": [ 11.514, 0.7515, 10.51 ],
			"faces": {
				"down": { "uv": [ 4.5, 5.5, 11.5, 10.5 ], "texture": "#texture", "cullface": "down" },
				"up": { "uv": [ 4.5, 5.5, 11.5, 10.5 ], "texture": "#texture" },
				"north": { "uv": [ 4.5, 15.25, 11.5, 16 ], "texture": "#texture" },
				"south": { "uv": [ 4.5, 15.25, 11.5, 16 ], "texture": "#texture" },
				"west": { "uv": [ 5.5, 15.25, 10.5, 16 ], "texture": "#texture" },
				"east": { "uv": [ 10.5, 16, 5.5, 15.25 ], "texture": "#texture" }
			}
		},
		{
			"from": [ 5.502, 0, 10.51 ],
			"to": [ 10.512, 0.7515, 11.512 ],
			"faces": {
				"down": { "uv": [ 5.5, 4.5, 10.5, 5.5 ], "texture": "#texture" },
				"up": { "uv": [ 5.5, 10.5, 10.5, 11.5 ], "texture": "#texture" },
				"north": { "uv": [ 5.5, 15.25, 10.5, 16 ], "texture": "#texture" },
				"south": { "uv": [ 5.5, 15.25, 10.5, 16 ], "texture": "#texture" },
				"west": { "uv": [ 10.5, 15.25, 11.5, 16 ], "texture": "#texture" },
				"east": { "uv": [ 5.5, 16, 4.5, 15.25 ], "texture": "#texture" }
			}
		},
		{
			"from": [ 11.514, 0, 6.502 ],
			"to": [ 12.516, 0.7515, 9.507999 ],
			"faces": {
				"down": { "uv": [ 11.5, 6.5, 12.5, 9.5 ], "texture": "#texture" },
				"up": { "uv": [ 11.5, 6.5, 12.5, 9.5 ], "texture": "#texture" },
				"north": { "uv": [ 3.5, 15.25, 4.5, 16 ], "texture": "#texture" },
				"south": { "uv": [ 11.5, 15.25, 12.5, 16 ], "texture": "#texture" },
				"west": { "uv": [ 6.5, 15.25, 9.5, 16 ], "texture": "#texture" },
				"east": { "uv": [ 9.5, 16, 6.5, 15.25 ], "texture": "#texture" }
			}
		},
		{
			"from": [ 5.001, 0.7515, 6.001 ],
			"to": [ 11.013, 1.002, 10.009 ],
			"faces": {
				"down": { "uv": [ 5, 6, 11, 10 ], "texture": "#texture", "cullface": "down" },
				"up": { "uv": [ 5, 6, 11, 10 ], "texture": "#texture" },
				"north": { "uv": [ 5, 14.25, 11, 15.25 ], "texture": "#texture" },
				"south": { "uv": [ 5, 14.25, 11, 15.25 ], "texture": "#texture" },
				"west": { "uv": [ 6, 14.25, 10, 15.25 ], "texture": "#texture" },
				"east": { "uv": [ 10, 15.25, 6, 14.25 ], "texture": "#texture" }
			}
		},
		{
			"from": [ 5.502, 0, 4.498 ],
			"to": [ 10.512, 0.7515, 5.5 ],
			"faces": {
				"down": { "uv": [ 5.5, 10.5, 10.5, 11.5 ], "texture": "#texture" },
				"up": { "uv": [ 5.5, 4.5, 10.5, 5.5 ], "texture": "#texture" },
				"north": { "uv": [ 5.5, 15.25, 10.5, 16 ], "texture": "#texture" },
				"south": { "uv": [ 5.5, 15.25, 10.5, 16 ], "texture": "#texture" },
				"west": { "uv": [ 4.5, 15.25, 5.5, 16 ], "texture": "#texture" },
				"east": { "uv": [ 11.5, 16, 10.5, 15.25 ], "texture": "#texture" }
			}
		},
		{
			"from": [ 3.498, 0, 6.502 ],
			"to": [ 4.5, 0.7515, 9.507999 ],
			"faces": {
				"down": { "uv": [ 3.5, 6.5, 4.5, 9.5 ], "texture": "#texture" },
				"up": { "uv": [ 3.5, 6.5, 4.5, 9.5 ], "texture": "#texture" },
				"north": { "uv": [ 11.5, 15.25, 12.5, 16 ], "texture": "#texture" },
				"south": { "uv": [ 3.5, 15.25, 4.5, 16 ], "texture": "#texture" },
				"west": { "uv": [ 6.5, 15.25, 9.5, 16 ], "texture": "#texture" },
				"east": { "uv": [ 9.5, 16, 6.5, 15.25 ], "texture": "#texture" }
			}
		}
	]
}