{
	"credit": "Made with Blockbench, a free, modern block model editor by JannisX11",
	"textures": {"particle": "#texture"},
	"elements": [
		{
			"name": "cube",
			"from": [4.5, 7.479166666666668, 5.5],
			"to": [11.5, 8.229166666666668, 10.5],
			"faces": {
				"north": {
					"uv": [4.5, 15.25, 11.5, 16],
					"texture": "#particle"
				},
				"east": {
					"uv": [10.5, 16, 5.5, 15.25],
					"texture": "#particle"
				},
				"south": {
					"uv": [4.5, 15.25, 11.5, 16],
					"texture": "#particle"
				},
				"west": {
					"uv": [5.5, 15.25, 10.5, 16],
					"texture": "#particle"
				},
				"up": {
					"uv": [4.5, 5.5, 11.5, 10.5],
					"texture": "#particle"
				},
				"down": {
					"uv": [4.5, 5.5, 11.5, 10.5],
					"texture": "#particle",
					"cullface": "down"
				}
			},
			"type": "cube"
		},
		{
			"name": "cube",
			"from": [5.5, 7.479166666666668, 10.5],
			"to": [10.5, 8.229166666666668, 11.5],
			"faces": {
				"north": {
					"uv": [5.5, 15.25, 10.5, 16],
					"texture": "#particle"
				},
				"east": {
					"uv": [5.5, 16, 4.5, 15.25],
					"texture": "#particle"
				},
				"south": {
					"uv": [5.5, 15.25, 10.5, 16],
					"texture": "#particle"
				},
				"west": {
					"uv": [10.5, 15.25, 11.5, 16],
					"texture": "#particle"
				},
				"up": {
					"uv": [5.5, 10.5, 10.5, 11.5],
					"texture": "#particle"
				},
				"down": {
					"uv": [5.5, 4.5, 10.5, 5.5],
					"texture": "#particle"
				}
			},
			"type": "cube"
		},
		{
			"name": "cube",
			"from": [11.5, 7.479166666666668, 6.5],
			"to": [12.5, 8.229166666666668, 9.5],
			"faces": {
				"north": {
					"uv": [3.5, 15.25, 4.5, 16],
					"texture": "#particle"
				},
				"east": {
					"uv": [9.5, 16, 6.5, 15.25],
					"texture": "#particle"
				},
				"south": {
					"uv": [11.5, 15.25, 12.5, 16],
					"texture": "#particle"
				},
				"west": {
					"uv": [6.5, 15.25, 9.5, 16],
					"texture": "#particle"
				},
				"up": {
					"uv": [11.5, 6.5, 12.5, 9.5],
					"texture": "#particle"
				},
				"down": {
					"uv": [11.5, 6.5, 12.5, 9.5],
					"texture": "#particle"
				}
			},
			"type": "cube"
		},
		{
			"name": "cube",
			"from": [5, 8.229166666666668, 6],
			"to": [11, 9.229166666666668, 10],
			"faces": {
				"north": {
					"uv": [5, 14.25, 11, 15.25],
					"texture": "#particle"
				},
				"east": {
					"uv": [10, 15.25, 6, 14.25],
					"texture": "#particle"
				},
				"south": {
					"uv": [5, 14.25, 11, 15.25],
					"texture": "#particle"
				},
				"west": {
					"uv": [6, 14.25, 10, 15.25],
					"texture": "#particle"
				},
				"up": {
					"uv": [5, 6, 11, 10],
					"texture": "#particle"
				},
				"down": {
					"uv": [5, 6, 11, 10],
					"texture": "#particle",
					"cullface": "down"
				}
			},
			"type": "cube"
		},
		{
			"name": "cube",
			"from": [5.5, 7.479166666666668, 4.5],
			"to": [10.5, 8.229166666666668, 5.5],
			"faces": {
				"north": {
					"uv": [5.5, 15.25, 10.5, 16],
					"texture": "#particle"
				},
				"east": {
					"uv": [11.5, 16, 10.5, 15.25],
					"texture": "#particle"
				},
				"south": {
					"uv": [5.5, 15.25, 10.5, 16],
					"texture": "#particle"
				},
				"west": {
					"uv": [4.5, 15.25, 5.5, 16],
					"texture": "#particle"
				},
				"up": {
					"uv": [5.5, 4.5, 10.5, 5.5],
					"texture": "#particle"
				},
				"down": {
					"uv": [5.5, 10.5, 10.5, 11.5],
					"texture": "#particle"
				}
			},
			"type": "cube"
		},
		{
			"name": "cube",
			"from": [3.5, 7.479166666666668, 6.5],
			"to": [4.5, 8.229166666666668, 9.5],
			"faces": {
				"north": {
					"uv": [11.5, 15.25, 12.5, 16],
					"texture": "#particle"
				},
				"east": {
					"uv": [9.5, 16, 6.5, 15.25],
					"texture": "#particle"
				},
				"south": {
					"uv": [3.5, 15.25, 4.5, 16],
					"texture": "#particle"
				},
				"west": {
					"uv": [6.5, 15.25, 9.5, 16],
					"texture": "#particle"
				},
				"up": {
					"uv": [3.5, 6.5, 4.5, 9.5],
					"texture": "#particle"
				},
				"down": {
					"uv": [3.5, 6.5, 4.5, 9.5],
					"texture": "#particle"
				}
			},
			"type": "cube"
		}
	],
	"display": {
		"thirdperson_righthand": {
			"scale": [0.525, 0.525, 0.525],
			"translation": [0, 1.5, 0],
			"rotation": [90, 0, 0]
		},
		"thirdperson_lefthand": {
			"scale": [0.525, 0.525, 0.525],
			"rotation": [90, 0, 0],
			"translation": [0, 1.5, 0]
		},
		"firstperson_righthand": {
			"scale": [0.575, 0.575, 0.575],
			"translation": [2.5, 2, 0],
			"rotation": [37, -56, 10]
		},
		"firstperson_lefthand": {
			"scale": [0.575, 0.575, 0.575],
			"rotation": [37, -56, 10],
			"translation": [2.5, 2, 0]
		},
		"ground": {
			"scale": [0.5, 0.5, 0.5],
			"translation": [0, 3, 0]
		},
		"fixed": {
			"scale": [1.3, 1.3, 1.3],
			"rotation": [-90, 0, 0]
		},
		"gui": {
			"scale": [1, 1.6, 1],
			"rotation": [30, 45, 0],
			"translation": [0, -2.5, 0]
		}
	}
}