{
	"__comment": "Designed by CreatorLabs with Cubik Studio - https://cubik.studio - Download at https://www.planetminecraft.com/texture_pack/3d-creatorcraft/",
	"parent": "block/block",
	"textures": {
		"0": "3d_decoration/3d_cactus_side",
		"1": "3d_decoration/3d_cactus_top",
		"2": "3d_decoration/3d_cactus_0",
		"3": "3d_decoration/3d_cactus_bottom",
		"particle": "3d_decoration/3d_cactus_side"
	},
	"elements": [ 	 
		{
			"from": [ 6, 0, 1 ],
			"to": [ 10, 16, 2 ],
			"faces": {
				"down": { "uv": [ 6, 14, 10, 15 ], "texture": "#0" },
				"up": { "uv": [ 6, 1, 10, 2 ], "texture": "#0" },
				"north": { "uv": [ 6, 0, 10, 16 ], "texture": "#0" },
				"west": { "uv": [ 1, 0, 2, 16 ], "texture": "#0" },
				"east": { "uv": [ 14, 0, 15, 16 ], "texture": "#0" }
			}
		},
		{
			"from": [ 6, 0, 14 ],
			"to": [ 10, 16, 15 ],
			"faces": {
				"down": { "uv": [ 6, 1, 10, 2 ], "texture": "#0" },
				"up": { "uv": [ 6, 14, 10, 15 ], "texture": "#0" },
				"south": { "uv": [ 6, 0, 10, 16 ], "texture": "#0" },
				"west": { "uv": [ 14, 0, 15, 16 ], "texture": "#0" },
				"east": { "uv": [ 1, 0, 2, 16 ], "texture": "#0" }
			}
		},
		{
			"from": [ 4, 0, 13 ],
			"to": [ 6, 16, 14 ],
			"faces": {
				"down": { "uv": [ 4, 2, 6, 3 ], "texture": "#0" },
				"up": { "uv": [ 4, 13, 6, 14 ], "texture": "#0" },
				"south": { "uv": [ 4, 0, 6, 16 ], "texture": "#0" },
				"west": { "uv": [ 13, 0, 14, 16 ], "texture": "#0" }
			}
		},
		{
			"from": [ 3, 0, 12 ],
			"to": [ 4, 16, 13 ],
			"faces": {
				"down": { "uv": [ 3, 3, 4, 4 ], "texture": "#0" },
				"up": { "uv": [ 3, 12, 4, 13 ], "texture": "#0" },
				"south": { "uv": [ 3, 0, 4, 16 ], "texture": "#0" },
				"west": { "uv": [ 12, 0, 13, 16 ], "texture": "#0" }
			}
		},
		{
			"from": [ 2, 0, 10 ],
			"to": [ 3, 16, 12 ],
			"faces": {
				"down": { "uv": [ 2, 4, 3, 6 ], "texture": "#0" },
				"up": { "uv": [ 2, 10, 3, 12 ], "texture": "#0" },
				"south": { "uv": [ 2, 0, 3, 16 ], "texture": "#0" },
				"west": { "uv": [ 10, 0, 12, 16 ], "texture": "#0" }
			}
		},
		{
			"from": [ 1, 0, 6 ],
			"to": [ 2, 16, 10 ],
			"faces": {
				"down": { "uv": [ 1, 6, 2, 10 ], "texture": "#0" },
				"up": { "uv": [ 1, 6, 2, 10 ], "texture": "#0" },
				"north": { "uv": [ 14, 0, 15, 16 ], "texture": "#0" },
				"south": { "uv": [ 1, 0, 2, 16 ], "texture": "#0" },
				"west": { "uv": [ 6, 0, 10, 16 ], "texture": "#0" }
			}
		},
		{
			"from": [ 2, 0, 4 ],
			"to": [ 3, 16, 6 ],
			"faces": {
				"down": { "uv": [ 2, 10, 3, 12 ], "texture": "#0" },
				"up": { "uv": [ 2, 4, 3, 6 ], "texture": "#0" },
				"north": { "uv": [ 13, 0, 14, 16 ], "texture": "#0" },
				"west": { "uv": [ 4, 0, 6, 16 ], "texture": "#0" }
			}
		},
		{
			"from": [ 3, 0, 3 ],
			"to": [ 4, 16, 4 ],
			"faces": {
				"down": { "uv": [ 3, 12, 4, 13 ], "texture": "#0" },
				"up": { "uv": [ 3, 3, 4, 4 ], "texture": "#0" },
				"north": { "uv": [ 12, 0, 13, 16 ], "texture": "#0" },
				"west": { "uv": [ 3, 0, 4, 16 ], "texture": "#0" }
			}
		},
		{
			"from": [ 4, 0, 2 ],
			"to": [ 6, 16, 3 ],
			"faces": {
				"down": { "uv": [ 4, 13, 6, 14 ], "texture": "#0" },
				"up": { "uv": [ 4, 2, 6, 3 ], "texture": "#0" },
				"north": { "uv": [ 10, 0, 12, 16 ], "texture": "#0" },
				"west": { "uv": [ 2, 0, 3, 16 ], "texture": "#0" }
			}
		},
		{
			"from": [ 10, 0, 13 ],
			"to": [ 12, 16, 14 ],
			"faces": {
				"down": { "uv": [ 10, 2, 12, 3 ], "texture": "#0" },
				"up": { "uv": [ 10, 13, 12, 14 ], "texture": "#0" },
				"south": { "uv": [ 10, 0, 12, 16 ], "texture": "#0" },
				"east": { "uv": [ 2, 0, 3, 16 ], "texture": "#0" }
			}
		},
		{
			"from": [ 10, 0, 2 ],
			"to": [ 12, 16, 3 ],
			"faces": {
				"down": { "uv": [ 10, 13, 12, 14 ], "texture": "#0" },
				"up": { "uv": [ 10, 2, 12, 3 ], "texture": "#0" },
				"north": { "uv": [ 4, 0, 6, 16 ], "texture": "#0" },
				"east": { "uv": [ 13, 0, 14, 16 ], "texture": "#0" }
			}
		},
		{
			"from": [ 12, 0, 3 ],
			"to": [ 13, 16, 4 ],
			"faces": {
				"down": { "uv": [ 12, 12, 13, 13 ], "texture": "#0" },
				"up": { "uv": [ 12, 3, 13, 4 ], "texture": "#0" },
				"north": { "uv": [ 3, 0, 4, 16 ], "texture": "#0" },
				"east": { "uv": [ 12, 0, 13, 16 ], "texture": "#0" }
			}
		},
		{
			"from": [ 12, 0, 12 ],
			"to": [ 13, 16, 13 ],
			"faces": {
				"down": { "uv": [ 12, 3, 13, 4 ], "texture": "#0" },
				"up": { "uv": [ 12, 12, 13, 13 ], "texture": "#0" },
				"south": { "uv": [ 12, 0, 13, 16 ], "texture": "#0" },
				"east": { "uv": [ 3, 0, 4, 16 ], "texture": "#0" }
			}
		},
		{
			"from": [ 13, 0, 10 ],
			"to": [ 14, 16, 12 ],
			"faces": {
				"down": { "uv": [ 13, 4, 14, 6 ], "texture": "#0" },
				"up": { "uv": [ 13, 10, 14, 12 ], "texture": "#0" },
				"south": { "uv": [ 13, 0, 14, 16 ], "texture": "#0" },
				"east": { "uv": [ 4, 0, 6, 16 ], "texture": "#0" }
			}
		},
		{
			"from": [ 13, 0, 4 ],
			"to": [ 14, 16, 6 ],
			"faces": {
				"down": { "uv": [ 13, 10, 14, 12 ], "texture": "#0" },
				"up": { "uv": [ 13, 4, 14, 6 ], "texture": "#0" },
				"north": { "uv": [ 2, 0, 3, 16 ], "texture": "#0" },
				"east": { "uv": [ 10, 0, 12, 16 ], "texture": "#0" }
			}
		},
		{
			"from": [ 14, 0, 6 ],
			"to": [ 15, 16, 10 ],
			"faces": {
				"down": { "uv": [ 14, 6, 15, 10 ], "texture": "#0" },
				"up": { "uv": [ 14, 6, 15, 10 ], "texture": "#0" },
				"north": { "uv": [ 1, 0, 2, 16 ], "texture": "#0" },
				"south": { "uv": [ 14, 0, 15, 16 ], "texture": "#0" },
				"east": { "uv": [ 6, 0, 10, 16 ], "texture": "#0" }
			}
		},
		{
			"from": [ 6, 16, 13 ],
			"to": [ 10, 17, 14 ],
			"faces": {
				"up": { "uv": [ 6, 13, 10, 14 ], "texture": "#1", "cullface": "up" },
				"south": { "uv": [ 6, 15, 10, 16 ], "texture": "#1", "cullface": "up" },
				"west": { "uv": [ 13, 15, 14, 16 ], "texture": "#1", "cullface": "up" },
				"east": { "uv": [ 2, 15, 3, 16 ], "texture": "#1", "cullface": "up" }
			}
		},
		{
			"from": [ 4, 16, 12 ],
			"to": [ 12, 17, 13 ],
			"faces": {
				"up": { "uv": [ 4, 12, 12, 13 ], "texture": "#1", "cullface": "up" },
				"south": { "uv": [ 4, 15, 12, 16 ], "texture": "#1", "cullface": "up" },
				"west": { "uv": [ 12, 15, 13, 16 ], "texture": "#1", "cullface": "up" },
				"east": { "uv": [ 3, 15, 4, 16 ], "texture": "#1", "cullface": "up" }
			}
		},
		{
			"from": [ 3, 16, 10 ],
			"to": [ 13, 17, 12 ],
			"faces": {
				"up": { "uv": [ 3, 10, 13, 12 ], "texture": "#1", "cullface": "up" },
				"south": { "uv": [ 3, 15, 13, 16 ], "texture": "#1", "cullface": "up" },
				"west": { "uv": [ 10, 15, 12, 16 ], "texture": "#1", "cullface": "up" },
				"east": { "uv": [ 4, 15, 6, 16 ], "texture": "#1", "cullface": "up" }
			}
		},
		{
			"from": [ 2, 16, 6 ],
			"to": [ 14, 17, 10 ],
			"faces": {
				"up": { "uv": [ 2, 6, 14, 10 ], "texture": "#1", "cullface": "up" },
				"north": { "uv": [ 2, 15, 14, 16 ], "texture": "#1", "cullface": "up" },
				"south": { "uv": [ 2, 15, 14, 16 ], "texture": "#1", "cullface": "up" },
				"west": { "uv": [ 6, 15, 10, 16 ], "texture": "#1", "cullface": "up" },
				"east": { "uv": [ 6, 15, 10, 16 ], "texture": "#1", "cullface": "up" }
			}
		},
		{
			"from": [ 3, 16, 4 ],
			"to": [ 13, 17, 6 ],
			"faces": {
				"up": { "uv": [ 3, 4, 13, 6 ], "texture": "#1", "cullface": "up" },
				"north": { "uv": [ 3, 15, 13, 16 ], "texture": "#1", "cullface": "up" },
				"west": { "uv": [ 4, 15, 6, 16 ], "texture": "#1", "cullface": "up" },
				"east": { "uv": [ 10, 15, 12, 16 ], "texture": "#1", "cullface": "up" }
			}
		},
		{
			"from": [ 4, 16, 3 ],
			"to": [ 12, 17, 4 ],
			"faces": {
				"up": { "uv": [ 4, 3, 12, 4 ], "texture": "#1", "cullface": "up" },
				"north": { "uv": [ 4, 15, 12, 16 ], "texture": "#1", "cullface": "up" },
				"west": { "uv": [ 3, 15, 4, 16 ], "texture": "#1", "cullface": "up" },
				"east": { "uv": [ 12, 15, 13, 16 ], "texture": "#1", "cullface": "up" }
			}
		},
		{
			"from": [ 6, 16, 2 ],
			"to": [ 10, 17, 3 ],
			"faces": {
				"up": { "uv": [ 6, 2, 10, 3 ], "texture": "#1", "cullface": "up" },
				"north": { "uv": [ 6, 15, 10, 16 ], "texture": "#1", "cullface": "up" },
				"west": { "uv": [ 2, 15, 3, 16 ], "texture": "#1", "cullface": "up" },
				"east": { "uv": [ 13, 15, 14, 16 ], "texture": "#1", "cullface": "up" }
			}
		},
		{
			"from": [ 8, 0, 0 ],
			"to": [ 9, 1, 1 ],
			"faces": {
				"down": { "uv": [ 8, 15, 9, 16 ], "texture": "#2" },
				"up": { "uv": [ 8, 0, 9, 1 ], "texture": "#2" },
				"north": { "uv": [ 7, 15, 8, 16 ], "texture": "#2" },
				"west": { "uv": [ 0, 15, 1, 16 ], "texture": "#2" },
				"east": { "uv": [ 15, 15, 16, 16 ], "texture": "#2" }
			}
		},
		{
			"from": [ 6.85, 2, 0 ],
			"to": [ 7.85, 3, 1 ],
			"faces": {
				"down": { "uv": [ 6.85, 15, 7.85, 16 ], "texture": "#2" },
				"up": { "uv": [ 6.85, 0, 7.85, 1 ], "texture": "#2" },
				"north": { "uv": [ 8.15, 13, 9.15, 14 ], "texture": "#2" },
				"west": { "uv": [ 0, 13, 1, 14 ], "texture": "#2" },
				"east": { "uv": [ 15, 13, 16, 14 ], "texture": "#2" }
			}
		},
		{
			"from": [ 8.5, 4.05, 0 ],
			"to": [ 9.5, 5.05, 1 ],
			"faces": {
				"down": { "uv": [ 8.5, 15, 9.5, 16 ], "texture": "#2" },
				"up": { "uv": [ 8.5, 0, 9.5, 1 ], "texture": "#2" },
				"north": { "uv": [ 6.5, 10.95, 7.5, 11.95 ], "texture": "#2" },
				"west": { "uv": [ 0, 10.95, 1, 11.95 ], "texture": "#2" },
				"east": { "uv": [ 15, 10.95, 16, 11.95 ], "texture": "#2" }
			}
		},
		{
			"from": [ 6.5, 6.6, 0 ],
			"to": [ 7.5, 7.6, 1 ],
			"faces": {
				"down": { "uv": [ 6.5, 15, 7.5, 16 ], "texture": "#2" },
				"up": { "uv": [ 6.5, 0, 7.5, 1 ], "texture": "#2" },
				"north": { "uv": [ 8.5, 8.4, 9.5, 9.4 ], "texture": "#2" },
				"west": { "uv": [ 0, 8.4, 1, 9.4 ], "texture": "#2" },
				"east": { "uv": [ 15, 8.4, 16, 9.4 ], "texture": "#2" }
			}
		},
		{
			"from": [ 9.099999, 7.35, 0 ],
			"to": [ 10.1, 8.35, 1 ],
			"faces": {
				"down": { "uv": [ 9.1, 15, 10.1, 16 ], "texture": "#2" },
				"up": { "uv": [ 9.1, 0, 10.1, 1 ], "texture": "#2" },
				"north": { "uv": [ 5.9, 7.65, 6.9, 8.65 ], "texture": "#2" },
				"west": { "uv": [ 0, 7.65, 1, 8.65 ], "texture": "#2" },
				"east": { "uv": [ 15, 7.65, 16, 8.65 ], "texture": "#2" }
			}
		},
		{
			"from": [ 7.9, 10.75, 0 ],
			"to": [ 8.9, 11.75, 1 ],
			"faces": {
				"down": { "uv": [ 7.9, 15, 8.9, 16 ], "texture": "#2" },
				"up": { "uv": [ 7.9, 0, 8.9, 1 ], "texture": "#2" },
				"north": { "uv": [ 7.1, 4.25, 8.1, 5.25 ], "texture": "#2" },
				"west": { "uv": [ 0, 4.25, 1, 5.25 ], "texture": "#2" },
				"east": { "uv": [ 15, 4.25, 16, 5.25 ], "texture": "#2" }
			}
		},
		{
			"from": [ 6.35, 12.45, 0 ],
			"to": [ 7.35, 13.45, 1 ],
			"faces": {
				"down": { "uv": [ 6.35, 15, 7.35, 16 ], "texture": "#2" },
				"up": { "uv": [ 6.35, 0, 7.35, 1 ], "texture": "#2" },
				"north": { "uv": [ 8.65, 2.55, 9.65, 3.55 ], "texture": "#2" },
				"west": { "uv": [ 0, 2.55, 1, 3.55 ], "texture": "#2" },
				"east": { "uv": [ 15, 2.55, 16, 3.55 ], "texture": "#2" }
			}
		},
		{
			"from": [ 8.349999, 14.15, 0 ],
			"to": [ 9.349999, 15.15, 1 ],
			"faces": {
				"down": { "uv": [ 8.35, 15, 9.35, 16 ], "texture": "#2" },
				"up": { "uv": [ 8.35, 0, 9.35, 1 ], "texture": "#2" },
				"north": { "uv": [ 6.65, 0.8500004, 7.65, 1.85 ], "texture": "#2" },
				"west": { "uv": [ 0, 0.8500004, 1, 1.85 ], "texture": "#2" },
				"east": { "uv": [ 15, 0.8500004, 16, 1.85 ], "texture": "#2" }
			}
		},
		{
			"from": [ 10.55, 5.55, 1 ],
			"to": [ 11.55, 6.55, 2 ],
			"faces": {
				"down": { "uv": [ 10.55, 14, 11.55, 15 ], "texture": "#2" },
				"up": { "uv": [ 10.55, 1, 11.55, 2 ], "texture": "#2" },
				"north": { "uv": [ 4.45, 9.45, 5.45, 10.45 ], "texture": "#2" },
				"west": { "uv": [ 1, 9.45, 2, 10.45 ], "texture": "#2" },
				"east": { "uv": [ 14, 9.45, 15, 10.45 ], "texture": "#2" }
			}
		},
		{
			"from": [ 10.6, 10.5, 1 ],
			"to": [ 11.6, 11.5, 2 ],
			"faces": {
				"down": { "uv": [ 10.6, 14, 11.6, 15 ], "texture": "#2" },
				"up": { "uv": [ 10.6, 1, 11.6, 2 ], "texture": "#2" },
				"north": { "uv": [ 4.4, 4.5, 5.4, 5.5 ], "texture": "#2" },
				"west": { "uv": [ 1, 4.5, 2, 5.5 ], "texture": "#2" },
				"east": { "uv": [ 14, 4.5, 15, 5.5 ], "texture": "#2" }
			}
		},
		{
			"from": [ 10.1, 1.75, 1 ],
			"to": [ 11.1, 2.75, 2 ],
			"faces": {
				"down": { "uv": [ 10.1, 14, 11.1, 15 ], "texture": "#2" },
				"up": { "uv": [ 10.1, 1, 11.1, 2 ], "texture": "#2" },
				"north": { "uv": [ 4.9, 13.25, 5.9, 14.25 ], "texture": "#2" },
				"east": { "uv": [ 14, 13.25, 15, 14.25 ], "texture": "#2" }
			}
		},
		{
			"from": [ 4.55, 3.5, 1 ],
			"to": [ 5.55, 4.5, 2 ],
			"faces": {
				"down": { "uv": [ 4.55, 14, 5.55, 15 ], "texture": "#2" },
				"up": { "uv": [ 4.55, 1, 5.55, 2 ], "texture": "#2" },
				"north": { "uv": [ 10.45, 11.5, 11.45, 12.5 ], "texture": "#2" },
				"west": { "uv": [ 1, 11.5, 2, 12.5 ], "texture": "#2" },
				"east": { "uv": [ 14, 11.5, 15, 12.5 ], "texture": "#2" }
			}
		},
		{
			"from": [ 4.85, 9.349999, 1 ],
			"to": [ 5.85, 10.35, 2 ],
			"faces": {
				"down": { "uv": [ 4.85, 14, 5.85, 15 ], "texture": "#2" },
				"up": { "uv": [ 4.85, 1, 5.85, 2 ], "texture": "#2" },
				"north": { "uv": [ 10.15, 5.65, 11.15, 6.65 ], "texture": "#2" },
				"west": { "uv": [ 1, 5.65, 2, 6.65 ], "texture": "#2" },
				"east": { "uv": [ 14, 5.65, 15, 6.65 ], "texture": "#2" }
			}
		},
		{
			"from": [ 4.45, 14.45, 1 ],
			"to": [ 5.45, 15.45, 2 ],
			"faces": {
				"down": { "uv": [ 4.45, 14, 5.45, 15 ], "texture": "#2" },
				"up": { "uv": [ 4.45, 1, 5.45, 2 ], "texture": "#2" },
				"north": { "uv": [ 10.55, 0.5500002, 11.55, 1.55 ], "texture": "#2" },
				"west": { "uv": [ 1, 0.5500002, 2, 1.55 ], "texture": "#2" },
				"east": { "uv": [ 14, 0.5500002, 15, 1.55 ], "texture": "#2" }
			}
		},
		{
			"from": [ 2.85, 1.55, 2 ],
			"to": [ 3.85, 2.55, 3 ],
			"faces": {
				"down": { "uv": [ 2.85, 13, 3.85, 14 ], "texture": "#2" },
				"up": { "uv": [ 2.85, 2, 3.85, 3 ], "texture": "#2" },
				"north": { "uv": [ 12.15, 13.45, 13.15, 14.45 ], "texture": "#2" },
				"south": { "uv": [ 2.85, 13.45, 3.85, 14.45 ], "texture": "#2" },
				"west": { "uv": [ 2, 13.45, 3, 14.45 ], "texture": "#2" },
				"east": { "uv": [ 13, 13.45, 14, 14.45 ], "texture": "#2" }
			}
		},
		{
			"from": [ 2.85, 10.65, 2 ],
			"to": [ 3.85, 11.65, 3 ],
			"faces": {
				"down": { "uv": [ 2.85, 13, 3.85, 14 ], "texture": "#2" },
				"up": { "uv": [ 2.85, 2, 3.85, 3 ], "texture": "#2" },
				"north": { "uv": [ 12.15, 4.35, 13.15, 5.35 ], "texture": "#2" },
				"south": { "uv": [ 2.85, 4.35, 3.85, 5.35 ], "texture": "#2" },
				"west": { "uv": [ 2, 4.35, 3, 5.35 ], "texture": "#2" },
				"east": { "uv": [ 13, 4.35, 14, 5.35 ], "texture": "#2" }
			}
		},
		{
			"from": [ 2, 5.6, 2.85 ],
			"to": [ 3, 6.6, 3.85 ],
			"faces": {
				"down": { "uv": [ 2, 12.15, 3, 13.15 ], "texture": "#2" },
				"up": { "uv": [ 2, 2.85, 3, 3.85 ], "texture": "#2" },
				"north": { "uv": [ 13, 9.4, 14, 10.4 ], "texture": "#2" },
				"south": { "uv": [ 2, 9.4, 3, 10.4 ], "texture": "#2" },
				"west": { "uv": [ 2.85, 9.4, 3.85, 10.4 ], "texture": "#2" },
				"east": { "uv": [ 12.15, 9.4, 13.15, 10.4 ], "texture": "#2" }
			}
		},
		{
			"from": [ 2, 12.5, 2.9 ],
			"to": [ 3, 13.5, 3.9 ],
			"faces": {
				"down": { "uv": [ 2, 12.1, 3, 13.1 ], "texture": "#2" },
				"up": { "uv": [ 2, 2.9, 3, 3.9 ], "texture": "#2" },
				"north": { "uv": [ 13, 2.5, 14, 3.5 ], "texture": "#2" },
				"west": { "uv": [ 2.9, 2.5, 3.9, 3.5 ], "texture": "#2" }
			}
		},
		{
			"from": [ 0, 0, 7 ],
			"to": [ 1, 1, 8 ],
			"faces": {
				"down": { "uv": [ 0, 8, 1, 9 ], "texture": "#2" },
				"up": { "uv": [ 0, 7, 1, 8 ], "texture": "#2" },
				"north": { "uv": [ 15, 15, 16, 16 ], "texture": "#2" },
				"south": { "uv": [ 0, 15, 1, 16 ], "texture": "#2" },
				"west": { "uv": [ 7, 15, 8, 16 ], "texture": "#2" }
			}
		},
		{
			"from": [ 0, 2, 7.45 ],
			"to": [ 1, 3, 8.45 ],
			"faces": {
				"down": { "uv": [ 0, 7.55, 1, 8.55 ], "texture": "#2" },
				"up": { "uv": [ 0, 7.45, 1, 8.45 ], "texture": "#2" },
				"north": { "uv": [ 15, 13, 16, 14 ], "texture": "#2" },
				"south": { "uv": [ 0, 13, 1, 14 ], "texture": "#2" },
				"west": { "uv": [ 7.45, 13, 8.45, 14 ], "texture": "#2" }
			}
		},
		{
			"from": [ 0, 4.45, 6.5 ],
			"to": [ 1, 5.45, 7.5 ],
			"faces": {
				"down": { "uv": [ 0, 8.5, 1, 9.5 ], "texture": "#2" },
				"up": { "uv": [ 0, 6.5, 1, 7.5 ], "texture": "#2" },
				"north": { "uv": [ 15, 10.55, 16, 11.55 ], "texture": "#2" },
				"south": { "uv": [ 0, 10.55, 1, 11.55 ], "texture": "#2" },
				"west": { "uv": [ 6.5, 10.55, 7.5, 11.55 ], "texture": "#2" }
			}
		},
		{
			"from": [ 0, 5.6, 8.5 ],
			"to": [ 1, 6.6, 9.5 ],
			"faces": {
				"down": { "uv": [ 0, 6.5, 1, 7.5 ], "texture": "#2" },
				"up": { "uv": [ 0, 8.5, 1, 9.5 ], "texture": "#2" },
				"north": { "uv": [ 15, 9.4, 16, 10.4 ], "texture": "#2" },
				"south": { "uv": [ 0, 9.4, 1, 10.4 ], "texture": "#2" },
				"west": { "uv": [ 8.5, 9.4, 9.5, 10.4 ], "texture": "#2" }
			}
		},
		{
			"from": [ 0, 7.35, 6.9 ],
			"to": [ 1, 8.35, 7.9 ],
			"faces": {
				"down": { "uv": [ 0, 8.1, 1, 9.1 ], "texture": "#2" },
				"up": { "uv": [ 0, 6.9, 1, 7.9 ], "texture": "#2" },
				"north": { "uv": [ 15, 7.65, 16, 8.65 ], "texture": "#2" },
				"south": { "uv": [ 0, 7.65, 1, 8.65 ], "texture": "#2" },
				"west": { "uv": [ 6.9, 7.65, 7.9, 8.65 ], "texture": "#2" }
			}
		},
		{
			"from": [ 0, 10.1, 8 ],
			"to": [ 1, 11.1, 9 ],
			"faces": {
				"down": { "uv": [ 0, 7, 1, 8 ], "texture": "#2" },
				"up": { "uv": [ 0, 8, 1, 9 ], "texture": "#2" },
				"north": { "uv": [ 15, 4.9, 16, 5.9 ], "texture": "#2" },
				"south": { "uv": [ 0, 4.9, 1, 5.9 ], "texture": "#2" },
				"west": { "uv": [ 8, 4.9, 9, 5.9 ], "texture": "#2" }
			}
		},
		{
			"from": [ 0, 12.45, 8.75 ],
			"to": [ 1, 13.45, 9.75 ],
			"faces": {
				"down": { "uv": [ 0, 6.25, 1, 7.25 ], "texture": "#2" },
				"up": { "uv": [ 0, 8.75, 1, 9.75 ], "texture": "#2" },
				"north": { "uv": [ 15, 2.55, 16, 3.55 ], "texture": "#2" },
				"south": { "uv": [ 0, 2.55, 1, 3.55 ], "texture": "#2" },
				"west": { "uv": [ 8.75, 2.55, 9.75, 3.55 ], "texture": "#2" }
			}
		},
		{
			"from": [ 0, 14.15, 6.45 ],
			"to": [ 1, 15.15, 7.45 ],
			"faces": {
				"down": { "uv": [ 0, 8.55, 1, 9.55 ], "texture": "#2" },
				"up": { "uv": [ 0, 6.45, 1, 7.45 ], "texture": "#2" },
				"north": { "uv": [ 15, 0.8500004, 16, 1.85 ], "texture": "#2" },
				"south": { "uv": [ 0, 0.8500004, 1, 1.85 ], "texture": "#2" },
				"west": { "uv": [ 6.45, 0.8500004, 7.45, 1.85 ], "texture": "#2" }
			}
		},
		{
			"from": [ 1, 3.45, 4.85 ],
			"to": [ 2, 4.45, 5.85 ],
			"faces": {
				"down": { "uv": [ 1, 10.15, 2, 11.15 ], "texture": "#2" },
				"up": { "uv": [ 1, 4.85, 2, 5.85 ], "texture": "#2" },
				"north": { "uv": [ 14, 11.55, 15, 12.55 ], "texture": "#2" },
				"south": { "uv": [ 1, 11.55, 2, 12.55 ], "texture": "#2" },
				"west": { "uv": [ 4.85, 11.55, 5.85, 12.55 ], "texture": "#2" }
			}
		},
		{
			"from": [ 1, 0.65, 4.3 ],
			"to": [ 2, 1.65, 5.3 ],
			"faces": {
				"down": { "uv": [ 1, 10.7, 2, 11.7 ], "texture": "#2" },
				"up": { "uv": [ 1, 4.3, 2, 5.3 ], "texture": "#2" },
				"north": { "uv": [ 14, 14.35, 15, 15.35 ], "texture": "#2" },
				"south": { "uv": [ 1, 14.35, 2, 15.35 ], "texture": "#2" },
				"west": { "uv": [ 4.3, 14.35, 5.3, 15.35 ], "texture": "#2" }
			}
		},
		{
			"from": [ 1, 8.9, 4.25 ],
			"to": [ 2, 9.9, 5.25 ],
			"faces": {
				"down": { "uv": [ 1, 10.75, 2, 11.75 ], "texture": "#2" },
				"up": { "uv": [ 1, 4.25, 2, 5.25 ], "texture": "#2" },
				"north": { "uv": [ 14, 6.1, 15, 7.1 ], "texture": "#2" },
				"south": { "uv": [ 1, 6.1, 2, 7.1 ], "texture": "#2" },
				"west": { "uv": [ 4.25, 6.1, 5.25, 7.1 ], "texture": "#2" }
			}
		},
		{
			"from": [ 1, 12.6, 4.75 ],
			"to": [ 2, 13.6, 5.75 ],
			"faces": {
				"down": { "uv": [ 1, 10.25, 2, 11.25 ], "texture": "#2" },
				"up": { "uv": [ 1, 4.75, 2, 5.75 ], "texture": "#2" },
				"north": { "uv": [ 14, 2.4, 15, 3.4 ], "texture": "#2" },
				"south": { "uv": [ 1, 2.4, 2, 3.4 ], "texture": "#2" },
				"west": { "uv": [ 4.75, 2.4, 5.75, 3.4 ], "texture": "#2" }
			}
		},
		{
			"from": [ 8.15, 2, 15 ],
			"to": [ 9.15, 3, 16 ],
			"faces": {
				"down": { "uv": [ 8.15, 0, 9.15, 1 ], "texture": "#2" },
				"up": { "uv": [ 8.15, 15, 9.15, 16 ], "texture": "#2" },
				"south": { "uv": [ 8.15, 13, 9.15, 14 ], "texture": "#2" },
				"west": { "uv": [ 15, 13, 16, 14 ], "texture": "#2" },
				"east": { "uv": [ 0, 13, 1, 14 ], "texture": "#2" }
			}
		},
		{
			"from": [ 8, 0, 15 ],
			"to": [ 9, 1, 16 ],
			"faces": {
				"down": { "uv": [ 8, 0, 9, 1 ], "texture": "#2" },
				"up": { "uv": [ 8, 15, 9, 16 ], "texture": "#2" },
				"south": { "uv": [ 8, 15, 9, 16 ], "texture": "#2" },
				"west": { "uv": [ 15, 15, 16, 16 ], "texture": "#2" },
				"east": { "uv": [ 0, 15, 1, 16 ], "texture": "#2" }
			}
		},
		{
			"from": [ 6.5, 4.05, 15 ],
			"to": [ 7.5, 5.05, 16 ],
			"faces": {
				"down": { "uv": [ 6.5, 0, 7.5, 1 ], "texture": "#2" },
				"up": { "uv": [ 6.5, 15, 7.5, 16 ], "texture": "#2" },
				"south": { "uv": [ 6.5, 10.95, 7.5, 11.95 ], "texture": "#2" },
				"west": { "uv": [ 15, 10.95, 16, 11.95 ], "texture": "#2" },
				"east": { "uv": [ 0, 10.95, 1, 11.95 ], "texture": "#2" }
			}
		},
		{
			"from": [ 6.5, 6.6, 15 ],
			"to": [ 7.5, 7.6, 16 ],
			"faces": {
				"down": { "uv": [ 6.5, 0, 7.5, 1 ], "texture": "#2" },
				"up": { "uv": [ 6.5, 15, 7.5, 16 ], "texture": "#2" },
				"south": { "uv": [ 6.5, 8.4, 7.5, 9.4 ], "texture": "#2" },
				"west": { "uv": [ 15, 8.4, 16, 9.4 ], "texture": "#2" },
				"east": { "uv": [ 0, 8.4, 1, 9.4 ], "texture": "#2" }
			}
		},
		{
			"from": [ 8.3, 9.599999, 15 ],
			"to": [ 9.3, 10.6, 16 ],
			"faces": {
				"down": { "uv": [ 8.3, 0, 9.3, 1 ], "texture": "#2" },
				"up": { "uv": [ 8.3, 15, 9.3, 16 ], "texture": "#2" },
				"south": { "uv": [ 8.3, 5.4, 9.3, 6.4 ], "texture": "#2" },
				"west": { "uv": [ 15, 5.4, 16, 6.4 ], "texture": "#2" },
				"east": { "uv": [ 0, 5.4, 1, 6.4 ], "texture": "#2" }
			}
		},
		{
			"from": [ 8.25, 7.35, 15 ],
			"to": [ 9.25, 8.35, 16 ],
			"faces": {
				"down": { "uv": [ 8.25, 0, 9.25, 1 ], "texture": "#2" },
				"up": { "uv": [ 8.25, 15, 9.25, 16 ], "texture": "#2" },
				"south": { "uv": [ 8.25, 7.65, 9.25, 8.65 ], "texture": "#2" },
				"west": { "uv": [ 15, 7.65, 16, 8.65 ], "texture": "#2" },
				"east": { "uv": [ 0, 7.65, 1, 8.65 ], "texture": "#2" }
			}
		},
		{
			"from": [ 7.25, 12.45, 15 ],
			"to": [ 8.25, 13.45, 16 ],
			"faces": {
				"down": { "uv": [ 7.25, 0, 8.25, 1 ], "texture": "#2" },
				"up": { "uv": [ 7.25, 15, 8.25, 16 ], "texture": "#2" },
				"south": { "uv": [ 7.25, 2.55, 8.25, 3.55 ], "texture": "#2" },
				"west": { "uv": [ 15, 2.55, 16, 3.55 ], "texture": "#2" },
				"east": { "uv": [ 0, 2.55, 1, 3.55 ], "texture": "#2" }
			}
		},
		{
			"from": [ 8.349999, 14.15, 15 ],
			"to": [ 9.349999, 15.15, 16 ],
			"faces": {
				"down": { "uv": [ 8.35, 0, 9.35, 1 ], "texture": "#2" },
				"up": { "uv": [ 8.35, 15, 9.35, 16 ], "texture": "#2" },
				"south": { "uv": [ 8.35, 0.8500004, 9.35, 1.85 ], "texture": "#2" },
				"west": { "uv": [ 15, 0.8500004, 16, 1.85 ], "texture": "#2" },
				"east": { "uv": [ 0, 0.8500004, 1, 1.85 ], "texture": "#2" }
			}
		},
		{
			"from": [ 4.7, 0.15, 14 ],
			"to": [ 5.7, 1.15, 15 ],
			"faces": {
				"down": { "uv": [ 4.7, 1, 5.7, 2 ], "texture": "#2" },
				"up": { "uv": [ 4.7, 14, 5.7, 15 ], "texture": "#2" },
				"south": { "uv": [ 4.7, 14.85, 5.7, 15.85 ], "texture": "#2" },
				"west": { "uv": [ 14, 14.85, 15, 15.85 ], "texture": "#2" },
				"east": { "uv": [ 1, 14.85, 2, 15.85 ], "texture": "#2" }
			}
		},
		{
			"from": [ 4.2, 6.3, 14 ],
			"to": [ 5.2, 7.3, 15 ],
			"faces": {
				"down": { "uv": [ 4.2, 1, 5.2, 2 ], "texture": "#2" },
				"up": { "uv": [ 4.2, 14, 5.2, 15 ], "texture": "#2" },
				"south": { "uv": [ 4.2, 8.7, 5.2, 9.7 ], "texture": "#2" },
				"west": { "uv": [ 14, 8.7, 15, 9.7 ], "texture": "#2" },
				"east": { "uv": [ 1, 8.7, 2, 9.7 ], "texture": "#2" }
			}
		},
		{
			"from": [ 4.7, 11.35, 14 ],
			"to": [ 5.7, 12.35, 15 ],
			"faces": {
				"down": { "uv": [ 4.7, 1, 5.7, 2 ], "texture": "#2" },
				"up": { "uv": [ 4.7, 14, 5.7, 15 ], "texture": "#2" },
				"south": { "uv": [ 4.7, 3.65, 5.7, 4.65 ], "texture": "#2" },
				"west": { "uv": [ 14, 3.65, 15, 4.65 ], "texture": "#2" },
				"east": { "uv": [ 1, 3.65, 2, 4.65 ], "texture": "#2" }
			}
		},
		{
			"from": [ 2.9, 3.9, 13 ],
			"to": [ 3.9, 4.9, 14 ],
			"faces": {
				"down": { "uv": [ 2.9, 2, 3.9, 3 ], "texture": "#2" },
				"up": { "uv": [ 2.9, 13, 3.9, 14 ], "texture": "#2" },
				"south": { "uv": [ 2.9, 11.1, 3.9, 12.1 ], "texture": "#2" },
				"west": { "uv": [ 13, 11.1, 14, 12.1 ], "texture": "#2" }
			}
		},
		{
			"from": [ 2.9, 8.95, 13 ],
			"to": [ 3.9, 9.95, 14 ],
			"faces": {
				"down": { "uv": [ 2.9, 2, 3.9, 3 ], "texture": "#2" },
				"up": { "uv": [ 2.9, 13, 3.9, 14 ], "texture": "#2" },
				"south": { "uv": [ 2.9, 6.05, 3.9, 7.05 ], "texture": "#2" },
				"west": { "uv": [ 13, 6.05, 14, 7.05 ], "texture": "#2" }
			}
		},
		{
			"from": [ 2, 1.15, 12 ],
			"to": [ 3, 2.15, 13 ],
			"faces": {
				"down": { "uv": [ 2, 3, 3, 4 ], "texture": "#2" },
				"up": { "uv": [ 2, 12, 3, 13 ], "texture": "#2" },
				"south": { "uv": [ 2, 13.85, 3, 14.85 ], "texture": "#2" },
				"west": { "uv": [ 12, 13.85, 13, 14.85 ], "texture": "#2" }
			}
		},
		{
			"from": [ 2, 6.7, 12 ],
			"to": [ 3, 7.7, 13 ],
			"faces": {
				"down": { "uv": [ 2, 3, 3, 4 ], "texture": "#2" },
				"up": { "uv": [ 2, 12, 3, 13 ], "texture": "#2" },
				"south": { "uv": [ 2, 8.3, 3, 9.3 ], "texture": "#2" },
				"west": { "uv": [ 12, 8.3, 13, 9.3 ], "texture": "#2" }
			}
		},
		{
			"from": [ 2, 12.75, 12 ],
			"to": [ 3, 13.75, 13 ],
			"faces": {
				"down": { "uv": [ 2, 3, 3, 4 ], "texture": "#2" },
				"up": { "uv": [ 2, 12, 3, 13 ], "texture": "#2" },
				"south": { "uv": [ 2, 2.25, 3, 3.25 ], "texture": "#2" },
				"west": { "uv": [ 12, 2.25, 13, 3.25 ], "texture": "#2" }
			}
		},
		{
			"from": [ 1, 3.1, 10.35 ],
			"to": [ 2, 4.1, 11.35 ],
			"faces": {
				"down": { "uv": [ 1, 4.65, 2, 5.65 ], "texture": "#2" },
				"up": { "uv": [ 1, 10.35, 2, 11.35 ], "texture": "#2" },
				"north": { "uv": [ 14, 11.9, 15, 12.9 ], "texture": "#2" },
				"south": { "uv": [ 1, 11.9, 2, 12.9 ], "texture": "#2" },
				"west": { "uv": [ 10.35, 11.9, 11.35, 12.9 ], "texture": "#2" }
			}
		},
		{
			"from": [ 1, 8.099999, 10.85 ],
			"to": [ 2, 9.099999, 11.85 ],
			"faces": {
				"down": { "uv": [ 1, 4.15, 2, 5.15 ], "texture": "#2" },
				"up": { "uv": [ 1, 10.85, 2, 11.85 ], "texture": "#2" },
				"north": { "uv": [ 14, 6.9, 15, 7.9 ], "texture": "#2" },
				"south": { "uv": [ 1, 6.9, 2, 7.9 ], "texture": "#2" },
				"west": { "uv": [ 10.85, 6.9, 11.85, 7.9 ], "texture": "#2" }
			}
		},
		{
			"from": [ 1, 14.1, 10.1 ],
			"to": [ 2, 15.1, 11.1 ],
			"faces": {
				"down": { "uv": [ 1, 4.9, 2, 5.9 ], "texture": "#2" },
				"up": { "uv": [ 1, 10.1, 2, 11.1 ], "texture": "#2" },
				"south": { "uv": [ 1, 0.8999996, 2, 1.9 ], "texture": "#2" },
				"west": { "uv": [ 10.1, 0.8999996, 11.1, 1.9 ], "texture": "#2" }
			}
		},
		{
			"from": [ 14, 0.65, 4.3 ],
			"to": [ 15, 1.65, 5.3 ],
			"faces": {
				"down": { "uv": [ 14, 10.7, 15, 11.7 ], "texture": "#2" },
				"up": { "uv": [ 14, 4.3, 15, 5.3 ], "texture": "#2" },
				"north": { "uv": [ 1, 14.35, 2, 15.35 ], "texture": "#2" },
				"south": { "uv": [ 14, 14.35, 15, 15.35 ], "texture": "#2" },
				"east": { "uv": [ 10.7, 14.35, 11.7, 15.35 ], "texture": "#2" }
			}
		},
		{
			"from": [ 15, 0.25, 8.5 ],
			"to": [ 16, 1.25, 9.5 ],
			"faces": {
				"down": { "uv": [ 15, 6.5, 16, 7.5 ], "texture": "#2" },
				"up": { "uv": [ 15, 8.5, 16, 9.5 ], "texture": "#2" },
				"north": { "uv": [ 0, 14.75, 1, 15.75 ], "texture": "#2" },
				"south": { "uv": [ 15, 14.75, 16, 15.75 ], "texture": "#2" },
				"east": { "uv": [ 6.5, 14.75, 7.5, 15.75 ], "texture": "#2" }
			}
		},
		{
			"from": [ 15, 2, 6.4 ],
			"to": [ 16, 3, 7.4 ],
			"faces": {
				"down": { "uv": [ 15, 8.6, 16, 9.6 ], "texture": "#2" },
				"up": { "uv": [ 15, 6.4, 16, 7.4 ], "texture": "#2" },
				"north": { "uv": [ 0, 13, 1, 14 ], "texture": "#2" },
				"south": { "uv": [ 15, 13, 16, 14 ], "texture": "#2" },
				"east": { "uv": [ 8.6, 13, 9.6, 14 ], "texture": "#2" }
			}
		},
		{
			"from": [ 14, 3.45, 4.85 ],
			"to": [ 15, 4.45, 5.85 ],
			"faces": {
				"down": { "uv": [ 14, 10.15, 15, 11.15 ], "texture": "#2" },
				"up": { "uv": [ 14, 4.85, 15, 5.85 ], "texture": "#2" },
				"north": { "uv": [ 1, 11.55, 2, 12.55 ], "texture": "#2" },
				"south": { "uv": [ 14, 11.55, 15, 12.55 ], "texture": "#2" },
				"east": { "uv": [ 10.15, 11.55, 11.15, 12.55 ], "texture": "#2" }
			}
		},
		{
			"from": [ 14, 8.9, 4.25 ],
			"to": [ 15, 9.9, 5.25 ],
			"faces": {
				"down": { "uv": [ 14, 10.75, 15, 11.75 ], "texture": "#2" },
				"up": { "uv": [ 14, 4.25, 15, 5.25 ], "texture": "#2" },
				"north": { "uv": [ 1, 6.1, 2, 7.1 ], "texture": "#2" },
				"south": { "uv": [ 14, 6.1, 15, 7.1 ], "texture": "#2" },
				"east": { "uv": [ 10.75, 6.1, 11.75, 7.1 ], "texture": "#2" }
			}
		},
		{
			"from": [ 15, 7, 6.5 ],
			"to": [ 16, 8, 7.5 ],
			"faces": {
				"down": { "uv": [ 15, 8.5, 16, 9.5 ], "texture": "#2" },
				"up": { "uv": [ 15, 6.5, 16, 7.5 ], "texture": "#2" },
				"north": { "uv": [ 0, 8, 1, 9 ], "texture": "#2" },
				"south": { "uv": [ 15, 8, 16, 9 ], "texture": "#2" },
				"east": { "uv": [ 8.5, 8, 9.5, 9 ], "texture": "#2" }
			}
		},
		{
			"from": [ 15, 4.8, 7.25 ],
			"to": [ 16, 5.8, 8.25 ],
			"faces": {
				"down": { "uv": [ 15, 7.75, 16, 8.75 ], "texture": "#2" },
				"up": { "uv": [ 15, 7.25, 16, 8.25 ], "texture": "#2" },
				"north": { "uv": [ 0, 10.2, 1, 11.2 ], "texture": "#2" },
				"south": { "uv": [ 15, 10.2, 16, 11.2 ], "texture": "#2" },
				"east": { "uv": [ 7.75, 10.2, 8.75, 11.2 ], "texture": "#2" }
			}
		},
		{
			"from": [ 15, 7.35, 8.55 ],
			"to": [ 16, 8.35, 9.55 ],
			"faces": {
				"down": { "uv": [ 15, 6.45, 16, 7.45 ], "texture": "#2" },
				"up": { "uv": [ 15, 8.55, 16, 9.55 ], "texture": "#2" },
				"north": { "uv": [ 0, 7.65, 1, 8.65 ], "texture": "#2" },
				"south": { "uv": [ 15, 7.65, 16, 8.65 ], "texture": "#2" },
				"east": { "uv": [ 6.45, 7.65, 7.45, 8.65 ], "texture": "#2" }
			}
		},
		{
			"from": [ 15, 10.1, 7.3 ],
			"to": [ 16, 11.1, 8.299999 ],
			"faces": {
				"down": { "uv": [ 15, 7.7, 16, 8.7 ], "texture": "#2" },
				"up": { "uv": [ 15, 7.3, 16, 8.3 ], "texture": "#2" },
				"north": { "uv": [ 0, 4.9, 1, 5.9 ], "texture": "#2" },
				"south": { "uv": [ 15, 4.9, 16, 5.9 ], "texture": "#2" },
				"east": { "uv": [ 7.7, 4.9, 8.7, 5.9 ], "texture": "#2" }
			}
		},
		{
			"from": [ 14, 12.6, 4.75 ],
			"to": [ 15, 13.6, 5.75 ],
			"faces": {
				"down": { "uv": [ 14, 10.25, 15, 11.25 ], "texture": "#2" },
				"up": { "uv": [ 14, 4.75, 15, 5.75 ], "texture": "#2" },
				"north": { "uv": [ 1, 2.4, 2, 3.4 ], "texture": "#2" },
				"south": { "uv": [ 14, 2.4, 15, 3.4 ], "texture": "#2" },
				"east": { "uv": [ 10.25, 2.4, 11.25, 3.4 ], "texture": "#2" }
			}
		},
		{
			"from": [ 15, 14.15, 7.1 ],
			"to": [ 16, 15.15, 8.1 ],
			"faces": {
				"down": { "uv": [ 15, 7.9, 16, 8.9 ], "texture": "#2" },
				"up": { "uv": [ 15, 7.1, 16, 8.1 ], "texture": "#2" },
				"north": { "uv": [ 0, 0.8500004, 1, 1.85 ], "texture": "#2" },
				"south": { "uv": [ 15, 0.8500004, 16, 1.85 ], "texture": "#2" },
				"east": { "uv": [ 7.9, 0.8500004, 8.9, 1.85 ], "texture": "#2" }
			}
		},
		{
			"from": [ 15, 12.45, 8.25 ],
			"to": [ 16, 13.45, 9.25 ],
			"faces": {
				"down": { "uv": [ 15, 6.75, 16, 7.75 ], "texture": "#2" },
				"up": { "uv": [ 15, 8.25, 16, 9.25 ], "texture": "#2" },
				"north": { "uv": [ 0, 2.55, 1, 3.55 ], "texture": "#2" },
				"south": { "uv": [ 15, 2.55, 16, 3.55 ], "texture": "#2" },
				"east": { "uv": [ 6.75, 2.55, 7.75, 3.55 ], "texture": "#2" }
			}
		},
		{
			"from": [ 14, 14.1, 10.1 ],
			"to": [ 15, 15.1, 11.1 ],
			"faces": {
				"down": { "uv": [ 14, 4.9, 15, 5.9 ], "texture": "#2" },
				"up": { "uv": [ 14, 10.1, 15, 11.1 ], "texture": "#2" },
				"south": { "uv": [ 14, 0.8999996, 15, 1.9 ], "texture": "#2" },
				"east": { "uv": [ 4.9, 0.8999996, 5.9, 1.9 ], "texture": "#2" }
			}
		},
		{
			"from": [ 10.45, 3.5, 14 ],
			"to": [ 11.45, 4.5, 15 ],
			"faces": {
				"down": { "uv": [ 10.45, 1, 11.45, 2 ], "texture": "#2" },
				"up": { "uv": [ 10.45, 14, 11.45, 15 ], "texture": "#2" },
				"south": { "uv": [ 10.45, 11.5, 11.45, 12.5 ], "texture": "#2" },
				"west": { "uv": [ 14, 11.5, 15, 12.5 ], "texture": "#2" },
				"east": { "uv": [ 1, 11.5, 2, 12.5 ], "texture": "#2" }
			}
		},
		{
			"from": [ 10.15, 9.349999, 14 ],
			"to": [ 11.15, 10.35, 15 ],
			"faces": {
				"down": { "uv": [ 10.15, 1, 11.15, 2 ], "texture": "#2" },
				"up": { "uv": [ 10.15, 14, 11.15, 15 ], "texture": "#2" },
				"south": { "uv": [ 10.15, 5.65, 11.15, 6.65 ], "texture": "#2" },
				"west": { "uv": [ 14, 5.65, 15, 6.65 ], "texture": "#2" },
				"east": { "uv": [ 1, 5.65, 2, 6.65 ], "texture": "#2" }
			}
		},
		{
			"from": [ 10.55, 14.45, 14 ],
			"to": [ 11.55, 15.45, 15 ],
			"faces": {
				"down": { "uv": [ 10.55, 1, 11.55, 2 ], "texture": "#2" },
				"up": { "uv": [ 10.55, 14, 11.55, 15 ], "texture": "#2" },
				"south": { "uv": [ 10.55, 0.5500002, 11.55, 1.55 ], "texture": "#2" },
				"west": { "uv": [ 14, 0.5500002, 15, 1.55 ], "texture": "#2" },
				"east": { "uv": [ 1, 0.5500002, 2, 1.55 ], "texture": "#2" }
			}
		},
		{
			"from": [ 12.15, 10.65, 13 ],
			"to": [ 13.15, 11.65, 14 ],
			"faces": {
				"down": { "uv": [ 12.15, 2, 13.15, 3 ], "texture": "#2" },
				"up": { "uv": [ 12.15, 13, 13.15, 14 ], "texture": "#2" },
				"north": { "uv": [ 2.85, 4.35, 3.85, 5.35 ], "texture": "#2" },
				"south": { "uv": [ 12.15, 4.35, 13.15, 5.35 ], "texture": "#2" },
				"west": { "uv": [ 13, 4.35, 14, 5.35 ], "texture": "#2" },
				"east": { "uv": [ 2, 4.35, 3, 5.35 ], "texture": "#2" }
			}
		},
		{
			"from": [ 12.15, 1.55, 13 ],
			"to": [ 13.15, 2.55, 14 ],
			"faces": {
				"down": { "uv": [ 12.15, 2, 13.15, 3 ], "texture": "#2" },
				"up": { "uv": [ 12.15, 13, 13.15, 14 ], "texture": "#2" },
				"north": { "uv": [ 2.85, 13.45, 3.85, 14.45 ], "texture": "#2" },
				"south": { "uv": [ 12.15, 13.45, 13.15, 14.45 ], "texture": "#2" },
				"west": { "uv": [ 13, 13.45, 14, 14.45 ], "texture": "#2" },
				"east": { "uv": [ 2, 13.45, 3, 14.45 ], "texture": "#2" }
			}
		},
		{
			"from": [ 13, 5.6, 12.15 ],
			"to": [ 14, 6.6, 13.15 ],
			"faces": {
				"down": { "uv": [ 13, 2.85, 14, 3.85 ], "texture": "#2" },
				"up": { "uv": [ 13, 12.15, 14, 13.15 ], "texture": "#2" },
				"north": { "uv": [ 2, 9.4, 3, 10.4 ], "texture": "#2" },
				"south": { "uv": [ 13, 9.4, 14, 10.4 ], "texture": "#2" },
				"west": { "uv": [ 12.15, 9.4, 13.15, 10.4 ], "texture": "#2" },
				"east": { "uv": [ 2.85, 9.4, 3.85, 10.4 ], "texture": "#2" }
			}
		},
		{
			"from": [ 13, 12.5, 12.1 ],
			"to": [ 14, 13.5, 13.1 ],
			"faces": {
				"down": { "uv": [ 13, 2.9, 14, 3.9 ], "texture": "#2" },
				"up": { "uv": [ 13, 12.1, 14, 13.1 ], "texture": "#2" },
				"south": { "uv": [ 13, 2.5, 14, 3.5 ], "texture": "#2" },
				"east": { "uv": [ 2.9, 2.5, 3.9, 3.5 ], "texture": "#2" }
			}
		},
		{
			"from": [ 14, 8.9, 10.75 ],
			"to": [ 15, 9.9, 11.75 ],
			"faces": {
				"down": { "uv": [ 14, 4.25, 15, 5.25 ], "texture": "#2" },
				"up": { "uv": [ 14, 10.75, 15, 11.75 ], "texture": "#2" },
				"north": { "uv": [ 1, 6.1, 2, 7.1 ], "texture": "#2" },
				"south": { "uv": [ 14, 6.1, 15, 7.1 ], "texture": "#2" },
				"east": { "uv": [ 4.25, 6.1, 5.25, 7.1 ], "texture": "#2" }
			}
		},
		{
			"from": [ 14, 3.45, 10.15 ],
			"to": [ 15, 4.45, 11.15 ],
			"faces": {
				"down": { "uv": [ 14, 4.85, 15, 5.85 ], "texture": "#2" },
				"up": { "uv": [ 14, 10.15, 15, 11.15 ], "texture": "#2" },
				"north": { "uv": [ 1, 11.55, 2, 12.55 ], "texture": "#2" },
				"south": { "uv": [ 14, 11.55, 15, 12.55 ], "texture": "#2" },
				"east": { "uv": [ 4.85, 11.55, 5.85, 12.55 ], "texture": "#2" }
			}
		},
		{
			"from": [ 14, 0.65, 10.7 ],
			"to": [ 15, 1.65, 11.7 ],
			"faces": {
				"down": { "uv": [ 14, 4.3, 15, 5.3 ], "texture": "#2" },
				"up": { "uv": [ 14, 10.7, 15, 11.7 ], "texture": "#2" },
				"north": { "uv": [ 1, 14.35, 2, 15.35 ], "texture": "#2" },
				"south": { "uv": [ 14, 14.35, 15, 15.35 ], "texture": "#2" },
				"east": { "uv": [ 4.3, 14.35, 5.3, 15.35 ], "texture": "#2" }
			}
		},
		{
			"from": [ 12, 2.95, 2 ],
			"to": [ 13, 3.95, 3 ],
			"faces": {
				"down": { "uv": [ 12, 13, 13, 14 ], "texture": "#2" },
				"up": { "uv": [ 12, 2, 13, 3 ], "texture": "#2" },
				"north": { "uv": [ 3, 12.05, 4, 13.05 ], "texture": "#2" },
				"east": { "uv": [ 13, 12.05, 14, 13.05 ], "texture": "#2" }
			}
		},
		{
			"from": [ 12, 7.8, 2 ],
			"to": [ 13, 8.799999, 3 ],
			"faces": {
				"down": { "uv": [ 12, 13, 13, 14 ], "texture": "#2" },
				"up": { "uv": [ 12, 2, 13, 3 ], "texture": "#2" },
				"north": { "uv": [ 3, 7.2, 4, 8.2 ], "texture": "#2" },
				"east": { "uv": [ 13, 7.2, 14, 8.2 ], "texture": "#2" }
			}
		},
		{
			"from": [ 12, 13, 2 ],
			"to": [ 13, 14, 3 ],
			"faces": {
				"down": { "uv": [ 12, 13, 13, 14 ], "texture": "#2" },
				"up": { "uv": [ 12, 2, 13, 3 ], "texture": "#2" },
				"north": { "uv": [ 3, 2, 4, 3 ], "texture": "#2" },
				"east": { "uv": [ 13, 2, 14, 3 ], "texture": "#2" }
			}
		},
		{
			"from": [ 13, 4.75, 3 ],
			"to": [ 14, 5.75, 4 ],
			"faces": {
				"down": { "uv": [ 13, 12, 14, 13 ], "texture": "#2" },
				"up": { "uv": [ 13, 3, 14, 4 ], "texture": "#2" },
				"north": { "uv": [ 2, 10.25, 3, 11.25 ], "texture": "#2" },
				"east": { "uv": [ 12, 10.25, 13, 11.25 ], "texture": "#2" }
			}
		},
		{
			"from": [ 13, 10.55, 3 ],
			"to": [ 14, 11.55, 4 ],
			"faces": {
				"down": { "uv": [ 13, 12, 14, 13 ], "texture": "#2" },
				"up": { "uv": [ 13, 3, 14, 4 ], "texture": "#2" },
				"north": { "uv": [ 2, 4.45, 3, 5.45 ], "texture": "#2" },
				"east": { "uv": [ 12, 4.45, 13, 5.45 ], "texture": "#2" }
			}
		},
		{
			"from": [ 13, 1.45, 3 ],
			"to": [ 14, 2.45, 4 ],
			"faces": {
				"down": { "uv": [ 13, 12, 14, 13 ], "texture": "#2" },
				"up": { "uv": [ 13, 3, 14, 4 ], "texture": "#2" },
				"north": { "uv": [ 2, 13.55, 3, 14.55 ], "texture": "#2" },
				"east": { "uv": [ 12, 13.55, 13, 14.55 ], "texture": "#2" }
			}
		},
		{
			"from": [ 10.95, 15.9, 2.15 ],
			"to": [ 11.95, 16.9, 3.15 ],
			"faces": {
				"down": { "uv": [ 10.95, 12.85, 11.95, 13.85 ], "texture": "#2", "cullface": "up" },
				"up": { "uv": [ 10.95, 2.15, 11.95, 3.15 ], "texture": "#2", "cullface": "up" },
				"north": { "uv": [ 4.05, 0, 5.05, 0.1000004 ], "texture": "#2", "cullface": "up" },
				"west": { "uv": [ 2.15, 0, 3.15, 0.1000004 ], "texture": "#2", "cullface": "up" },
				"east": { "uv": [ 12.85, 0, 13.85, 0.1000004 ], "texture": "#2", "cullface": "up" }
			}
		},
		{
			"from": [ 12.9, 15.85, 4.25 ],
			"to": [ 13.9, 16.85, 5.25 ],
			"faces": {
				"up": { "uv": [ 12.9, 4.25, 13.9, 5.25 ], "texture": "#2", "cullface": "up" },
				"north": { "uv": [ 2.1, 0, 3.1, 0.1499996 ], "texture": "#2", "cullface": "up" },
				"south": { "uv": [ 12.9, 0, 13.9, 0.1499996 ], "texture": "#2", "cullface": "up" },
				"west": { "uv": [ 4.25, 0, 5.25, 0.1499996 ], "texture": "#2", "cullface": "up" },
				"east": { "uv": [ 10.75, 0, 11.75, 0.1499996 ], "texture": "#2", "cullface": "up" }
			}
		},
		{
			"from": [ 13.85, 15.9, 7.65 ],
			"to": [ 14.85, 16.9, 8.65 ],
			"faces": {
				"down": { "uv": [ 13.85, 7.35, 14.85, 8.35 ], "texture": "#2", "cullface": "up" },
				"up": { "uv": [ 13.85, 7.65, 14.85, 8.65 ], "texture": "#2", "cullface": "up" },
				"north": { "uv": [ 1.15, 0, 2.15, 0.1000004 ], "texture": "#2", "cullface": "up" },
				"south": { "uv": [ 13.85, 0, 14.85, 0.1000004 ], "texture": "#2", "cullface": "up" },
				"east": { "uv": [ 7.35, 0, 8.35, 0.1000004 ], "texture": "#2", "cullface": "up" }
			}
		},
		{
			"from": [ 10.4, 15.95, 12.95 ],
			"to": [ 11.4, 16.95, 13.95 ],
			"faces": {
				"up": { "uv": [ 10.4, 12.95, 11.4, 13.95 ], "texture": "#2", "cullface": "up" },
				"south": { "uv": [ 10.4, 0, 11.4, 0.05000019 ], "texture": "#2", "cullface": "up" },
				"west": { "uv": [ 12.95, 0, 13.95, 0.05000019 ], "texture": "#2", "cullface": "up" },
				"east": { "uv": [ 2.05, 0, 3.05, 0.05000019 ], "texture": "#2", "cullface": "up" }
			}
		},
		{
			"from": [ 4.45, 15.95, 12.95 ],
			"to": [ 5.45, 16.95, 13.95 ],
			"faces": {
				"up": { "uv": [ 4.45, 12.95, 5.45, 13.95 ], "texture": "#2", "cullface": "up" },
				"south": { "uv": [ 4.45, 0, 5.45, 0.05000019 ], "texture": "#2", "cullface": "up" },
				"west": { "uv": [ 12.95, 0, 13.95, 0.05000019 ], "texture": "#2", "cullface": "up" },
				"east": { "uv": [ 2.05, 0, 3.05, 0.05000019 ], "texture": "#2", "cullface": "up" }
			}
		},
		{
			"from": [ 12.9, 15.85, 10.85 ],
			"to": [ 13.9, 16.85, 11.85 ],
			"faces": {
				"up": { "uv": [ 12.9, 10.85, 13.9, 11.85 ], "texture": "#2", "cullface": "up" },
				"north": { "uv": [ 2.1, 0, 3.1, 0.1499996 ], "texture": "#2", "cullface": "up" },
				"south": { "uv": [ 12.9, 0, 13.9, 0.1499996 ], "texture": "#2", "cullface": "up" },
				"west": { "uv": [ 10.85, 0, 11.85, 0.1499996 ], "texture": "#2", "cullface": "up" },
				"east": { "uv": [ 4.15, 0, 5.15, 0.1499996 ], "texture": "#2", "cullface": "up" }
			}
		},
		{
			"from": [ 7.45, 15.85, 13.95 ],
			"to": [ 8.45, 16.85, 14.95 ],
			"faces": {
				"up": { "uv": [ 7.45, 13.95, 8.45, 14.95 ], "texture": "#2", "cullface": "up" },
				"north": { "uv": [ 7.55, 0, 8.55, 0.1499996 ], "texture": "#2", "cullface": "up" },
				"south": { "uv": [ 7.45, 0, 8.45, 0.1499996 ], "texture": "#2", "cullface": "up" },
				"west": { "uv": [ 13.95, 0, 14.95, 0.1499996 ], "texture": "#2", "cullface": "up" },
				"east": { "uv": [ 1.05, 0, 2.05, 0.1499996 ], "texture": "#2", "cullface": "up" }
			}
		},
		{
			"from": [ 2.1, 15.95, 10.35 ],
			"to": [ 3.1, 16.95, 11.35 ],
			"faces": {
				"up": { "uv": [ 2.1, 10.35, 3.1, 11.35 ], "texture": "#2", "cullface": "up" },
				"north": { "uv": [ 12.9, 0, 13.9, 0.05000019 ], "texture": "#2", "cullface": "up" },
				"south": { "uv": [ 2.1, 0, 3.1, 0.05000019 ], "texture": "#2", "cullface": "up" },
				"west": { "uv": [ 10.35, 0, 11.35, 0.05000019 ], "texture": "#2", "cullface": "up" }
			}
		},
		{
			"from": [ 1.05, 15.95, 7.35 ],
			"to": [ 2.05, 16.95, 8.35 ],
			"faces": {
				"up": { "uv": [ 1.05, 7.35, 2.05, 8.35 ], "texture": "#2", "cullface": "up" },
				"north": { "uv": [ 13.95, 0, 14.95, 0.05000019 ], "texture": "#2", "cullface": "up" },
				"south": { "uv": [ 1.05, 0, 2.05, 0.05000019 ], "texture": "#2", "cullface": "up" },
				"west": { "uv": [ 7.35, 0, 8.35, 0.05000019 ], "texture": "#2", "cullface": "up" }
			}
		},
		{
			"from": [ 3.1, 15.9, 3.15 ],
			"to": [ 4.1, 16.9, 4.15 ],
			"faces": {
				"down": { "uv": [ 3.1, 11.85, 4.1, 12.85 ], "texture": "#2", "cullface": "up" },
				"up": { "uv": [ 3.1, 3.15, 4.1, 4.15 ], "texture": "#2", "cullface": "up" },
				"north": { "uv": [ 11.9, 0, 12.9, 0.1000004 ], "texture": "#2", "cullface": "up" },
				"west": { "uv": [ 3.15, 0, 4.15, 0.1000004 ], "texture": "#2", "cullface": "up" },
				"east": { "uv": [ 11.85, 0, 12.85, 0.1000004 ], "texture": "#2", "cullface": "up" }
			}
		},
		{
			"from": [ 7, 15.9, 1.05 ],
			"to": [ 8, 16.9, 2.05 ],
			"faces": {
				"up": { "uv": [ 7, 1.05, 8, 2.05 ], "texture": "#2", "cullface": "up" },
				"north": { "uv": [ 8, 0, 9, 0.1000004 ], "texture": "#2", "cullface": "up" },
				"west": { "uv": [ 1.05, 0, 2.05, 0.1000004 ], "texture": "#2", "cullface": "up" },
				"east": { "uv": [ 13.95, 0, 14.95, 0.1000004 ], "texture": "#2", "cullface": "up" }
			}
		},
		{
			"from": [ 5.45, 17, 11 ],
			"to": [ 6.45, 18, 12 ],
			"faces": {
				"up": { "uv": [ 5.45, 11, 6.45, 12 ], "texture": "#2", "cullface": "up" },
				"north": { "uv": [ 9.55, 14, 10.55, 15 ], "texture": "#2", "cullface": "up" },
				"south": { "uv": [ 5.45, 14, 6.45, 15 ], "texture": "#2", "cullface": "up" },
				"west": { "uv": [ 11, 14, 12, 15 ], "texture": "#2", "cullface": "up" },
				"east": { "uv": [ 4, 14, 5, 15 ], "texture": "#2", "cullface": "up" }
			}
		},
		{
			"from": [ 3.45, 17, 8 ],
			"to": [ 4.45, 18, 9 ],
			"faces": {
				"up": { "uv": [ 3.45, 8, 4.45, 9 ], "texture": "#2", "cullface": "up" },
				"north": { "uv": [ 11.55, 14, 12.55, 15 ], "texture": "#2", "cullface": "up" },
				"south": { "uv": [ 3.45, 14, 4.45, 15 ], "texture": "#2", "cullface": "up" },
				"west": { "uv": [ 8, 14, 9, 15 ], "texture": "#2", "cullface": "up" },
				"east": { "uv": [ 7, 14, 8, 15 ], "texture": "#2", "cullface": "up" }
			}
		},
		{
			"from": [ 6.45, 17, 6.95 ],
			"to": [ 7.45, 18, 7.95 ],
			"faces": {
				"up": { "uv": [ 6.45, 6.95, 7.45, 7.95 ], "texture": "#2", "cullface": "up" },
				"north": { "uv": [ 8.55, 14, 9.55, 15 ], "texture": "#2", "cullface": "up" },
				"south": { "uv": [ 6.45, 14, 7.45, 15 ], "texture": "#2", "cullface": "up" },
				"west": { "uv": [ 6.95, 14, 7.95, 15 ], "texture": "#2", "cullface": "up" },
				"east": { "uv": [ 8.05, 14, 9.05, 15 ], "texture": "#2", "cullface": "up" }
			}
		},
		{
			"from": [ 8.45, 17, 11.4 ],
			"to": [ 9.45, 18, 12.4 ],
			"faces": {
				"down": { "uv": [ 8.45, 3.6, 9.45, 4.6 ], "texture": "#2", "cullface": "up" },
				"up": { "uv": [ 8.45, 11.4, 9.45, 12.4 ], "texture": "#2", "cullface": "up" },
				"north": { "uv": [ 6.55, 14, 7.55, 15 ], "texture": "#2", "cullface": "up" },
				"south": { "uv": [ 8.45, 14, 9.45, 15 ], "texture": "#2", "cullface": "up" },
				"west": { "uv": [ 11.4, 14, 12.4, 15 ], "texture": "#2", "cullface": "up" },
				"east": { "uv": [ 3.6, 14, 4.6, 15 ], "texture": "#2", "cullface": "up" }
			}
		},
		{
			"from": [ 9.3, 17, 7.9 ],
			"to": [ 10.3, 18, 8.9 ],
			"faces": {
				"up": { "uv": [ 9.3, 7.9, 10.3, 8.9 ], "texture": "#2", "cullface": "up" },
				"north": { "uv": [ 5.7, 14, 6.7, 15 ], "texture": "#2", "cullface": "up" },
				"south": { "uv": [ 9.3, 14, 10.3, 15 ], "texture": "#2", "cullface": "up" },
				"west": { "uv": [ 7.9, 14, 8.9, 15 ], "texture": "#2", "cullface": "up" },
				"east": { "uv": [ 7.1, 14, 8.1, 15 ], "texture": "#2", "cullface": "up" }
			}
		},
		{
			"from": [ 11.4, 17, 9.15 ],
			"to": [ 12.4, 18, 10.15 ],
			"faces": {
				"down": { "uv": [ 11.4, 5.85, 12.4, 6.85 ], "texture": "#2", "cullface": "up" },
				"up": { "uv": [ 11.4, 9.15, 12.4, 10.15 ], "texture": "#2", "cullface": "up" },
				"north": { "uv": [ 3.6, 14, 4.6, 15 ], "texture": "#2", "cullface": "up" },
				"south": { "uv": [ 11.4, 14, 12.4, 15 ], "texture": "#2", "cullface": "up" },
				"west": { "uv": [ 9.15, 14, 10.15, 15 ], "texture": "#2", "cullface": "up" },
				"east": { "uv": [ 5.85, 14, 6.85, 15 ], "texture": "#2", "cullface": "up" }
			}
		},
		{
			"from": [ 10.6, 17, 11.15 ],
			"to": [ 11.6, 18, 12.15 ],
			"faces": {
				"down": { "uv": [ 10.6, 3.85, 11.6, 4.85 ], "texture": "#2", "cullface": "up" },
				"up": { "uv": [ 10.6, 11.15, 11.6, 12.15 ], "texture": "#2", "cullface": "up" },
				"north": { "uv": [ 4.4, 14, 5.4, 15 ], "texture": "#2", "cullface": "up" },
				"south": { "uv": [ 10.6, 14, 11.6, 15 ], "texture": "#2", "cullface": "up" },
				"west": { "uv": [ 11.15, 14, 12.15, 15 ], "texture": "#2", "cullface": "up" },
				"east": { "uv": [ 3.85, 14, 4.85, 15 ], "texture": "#2", "cullface": "up" }
			}
		},
		{
			"from": [ 12.3, 17, 6.15 ],
			"to": [ 13.3, 18, 7.15 ],
			"faces": {
				"up": { "uv": [ 12.3, 6.15, 13.3, 7.15 ], "texture": "#2", "cullface": "up" },
				"north": { "uv": [ 2.7, 14, 3.7, 15 ], "texture": "#2", "cullface": "up" },
				"south": { "uv": [ 12.3, 14, 13.3, 15 ], "texture": "#2", "cullface": "up" },
				"west": { "uv": [ 6.15, 14, 7.15, 15 ], "texture": "#2", "cullface": "up" },
				"east": { "uv": [ 8.85, 14, 9.85, 15 ], "texture": "#2", "cullface": "up" }
			}
		},
		{
			"from": [ 10.1, 17, 4.65 ],
			"to": [ 11.1, 18, 5.65 ],
			"faces": {
				"up": { "uv": [ 10.1, 4.65, 11.1, 5.65 ], "texture": "#2", "cullface": "up" },
				"north": { "uv": [ 4.9, 14, 5.9, 15 ], "texture": "#2", "cullface": "up" },
				"south": { "uv": [ 10.1, 14, 11.1, 15 ], "texture": "#2", "cullface": "up" },
				"west": { "uv": [ 4.65, 14, 5.65, 15 ], "texture": "#2", "cullface": "up" },
				"east": { "uv": [ 10.35, 14, 11.35, 15 ], "texture": "#2", "cullface": "up" }
			}
		},
		{
			"from": [ 7, 17, 2.85 ],
			"to": [ 8, 18, 3.85 ],
			"faces": {
				"down": { "uv": [ 7, 12.15, 8, 13.15 ], "texture": "#2", "cullface": "up" },
				"up": { "uv": [ 7, 2.85, 8, 3.85 ], "texture": "#2", "cullface": "up" },
				"north": { "uv": [ 8, 14, 9, 15 ], "texture": "#2", "cullface": "up" },
				"south": { "uv": [ 7, 14, 8, 15 ], "texture": "#2", "cullface": "up" },
				"west": { "uv": [ 2.85, 14, 3.85, 15 ], "texture": "#2", "cullface": "up" },
				"east": { "uv": [ 12.15, 14, 13.15, 15 ], "texture": "#2", "cullface": "up" }
			}
		},
		{
			"from": [ 4.15, 17, 4.5 ],
			"to": [ 5.15, 18, 5.5 ],
			"faces": {
				"up": { "uv": [ 4.15, 4.5, 5.15, 5.5 ], "texture": "#2", "cullface": "up" },
				"north": { "uv": [ 10.85, 14, 11.85, 15 ], "texture": "#2", "cullface": "up" },
				"south": { "uv": [ 4.15, 14, 5.15, 15 ], "texture": "#2", "cullface": "up" },
				"west": { "uv": [ 4.5, 14, 5.5, 15 ], "texture": "#2", "cullface": "up" },
				"east": { "uv": [ 10.5, 14, 11.5, 15 ], "texture": "#2", "cullface": "up" }
			}
		},
		{
			"from": [ 3, 0, 4 ],
			"to": [ 4, 0.001, 12 ],
			"faces": {
				"down": { "uv": [ 3, 4, 4, 12 ], "texture": "#3", "cullface": "down" },
				"west": { "uv": [ 4, 15.999, 12, 16 ], "texture": "#3", "cullface": "down" }
			}
		},
		{
			"from": [ 6, 0, 2 ],
			"to": [ 10, 0.001, 14 ],
			"faces": {
				"down": { "uv": [ 6, 2, 10, 14 ], "texture": "#3", "cullface": "down" },
				"west": { "uv": [ 2, 15.999, 14, 16 ], "texture": "#3", "cullface": "down" },
				"east": { "uv": [ 2, 15.999, 14, 16 ], "texture": "#3", "cullface": "down" }
			}
		},
		{
			"from": [ 4, 0, 3 ],
			"to": [ 6, 0.001, 13 ],
			"faces": {
				"down": { "uv": [ 4, 3, 6, 13 ], "texture": "#3", "cullface": "down" },
				"west": { "uv": [ 3, 15.999, 13, 16 ], "texture": "#3", "cullface": "down" }
			}
		},
		{
			"from": [ 10, 0, 3 ],
			"to": [ 12, 0.001, 13 ],
			"faces": {
				"down": { "uv": [ 10, 3, 12, 13 ], "texture": "#3", "cullface": "down" },
				"east": { "uv": [ 3, 15.999, 13, 16 ], "texture": "#3", "cullface": "down" }
			}
		},
		{
			"from": [ 12, 0, 4 ],
			"to": [ 13, 0.001, 12 ],
			"faces": {
				"down": { "uv": [ 12, 4, 13, 12 ], "texture": "#3", "cullface": "down" },
				"east": { "uv": [ 4, 15.999, 12, 16 ], "texture": "#3", "cullface": "down" }
			}
		},
		{
			"from": [ 13, 0, 6 ],
			"to": [ 14, 0.001, 10 ],
			"faces": {
				"down": { "uv": [ 13, 6, 14, 10 ], "texture": "#3", "cullface": "down" }
			}
		},
		{
			"from": [ 2, 0, 6 ],
			"to": [ 3, 0.001, 10 ],
			"faces": {
				"down": { "uv": [ 2, 6, 3, 10 ], "texture": "#3", "cullface": "down" }
			}
		}
	]
}