{
	"credit": "Made with Blockbench, a free, modern block model editor by JannisX11",
	"textures": {
		"0": "3d_food/3d_cake",
		"1": "3d_food/3d_cake_top",
		"particle": "3d_food/3d_cake"
	},
	"elements": [
		{
			"name": "cube",
			"from": [13, 0, 5],
			"to": [14, 6, 11],
			"faces": {
				"north": {"uv": [8, 8, 9, 16], "texture": "#0"},
				"east": {"uv": [8, 8, 14, 16], "texture": "#0"},
				"south": {"uv": [7, 8, 8, 16], "texture": "#0"},
				"west": {"uv": [7, 8, 13, 16], "texture": "#0"},
				"up": {"uv": [8, 8, 9, 14], "texture": "#0"},
				"down": {"uv": [7, 9, 8, 15], "texture": "#0"}
			}
		},
		{
			"name": "cube",
			"from": [14, 0, 5],
			"to": [15, 6, 11],
			"faces": {
				"north": {"uv": [8, 8, 9, 16], "texture": "#0"},
				"east": {"uv": [8, 8, 14, 16], "texture": "#0"},
				"south": {"uv": [7, 8, 8, 16], "texture": "#0"},
				"west": {"uv": [7, 8, 13, 16], "texture": "#0"},
				"up": {"uv": [8, 8, 9, 14], "texture": "#0"},
				"down": {"uv": [7, 9, 8, 15], "texture": "#0"}
			}
		},
		{
			"name": "cube",
			"from": [13, 0, 11],
			"to": [14, 6, 12],
			"faces": {
				"north": {"uv": [8, 8, 9, 16], "texture": "#0"},
				"east": {"uv": [8, 8, 10, 16], "texture": "#0"},
				"south": {"uv": [7, 8, 8, 16], "texture": "#0"},
				"west": {"uv": [7, 8, 9, 16], "texture": "#0"},
				"up": {"uv": [8, 10, 9, 12], "texture": "#0"},
				"down": {"uv": [7, 9, 8, 11], "texture": "#0"}
			}
		},
		{
			"name": "cube",
			"from": [13, 0, 4],
			"to": [14, 6, 5],
			"faces": {
				"north": {"uv": [8, 8, 9, 16], "texture": "#0"},
				"east": {"uv": [8, 8, 10, 16], "texture": "#0"},
				"south": {"uv": [7, 8, 8, 16], "texture": "#0"},
				"west": {"uv": [7, 8, 9, 16], "texture": "#0"},
				"up": {"uv": [8, 10, 9, 12], "texture": "#0"},
				"down": {"uv": [7, 9, 8, 11], "texture": "#0"}
			}
		},
		{
			"name": "cube",
			"from": [13, 6, 11],
			"to": [14, 8, 13],
			"faces": {
				"north": {"uv": [0, 2, 1, 3], "texture": "#0"},
				"east": {"uv": [0, 2, 1, 3], "texture": "#0"},
				"south": {"uv": [0, 2, 1, 3], "texture": "#0"},
				"west": {"uv": [0, 2, 1, 3], "texture": "#0"},
				"up": {"uv": [13, 11, 14, 13], "texture": "#1"},
				"down": {"uv": [0, 2, 1, 3], "texture": "#0"}
			}
		},
		{
			"name": "cube",
			"from": [13, 6, 5],
			"to": [15, 8, 11],
			"faces": {
				"north": {"uv": [0, 2, 1, 3], "texture": "#0"},
				"east": {"uv": [0, 2, 1, 3], "texture": "#0"},
				"south": {"uv": [0, 2, 1, 3], "texture": "#0"},
				"west": {"uv": [0, 2, 1, 3], "texture": "#0"},
				"up": {"uv": [11, 5, 15, 11], "texture": "#1"},
				"down": {"uv": [0, 2, 1, 3], "texture": "#0"}
			}
		},
		{
			"name": "cube",
			"from": [13, 6, 3],
			"to": [14, 8, 5],
			"faces": {
				"north": {"uv": [0, 2, 1, 3], "texture": "#0"},
				"east": {"uv": [0, 2, 1, 3], "texture": "#0"},
				"south": {"uv": [0, 2, 1, 3], "texture": "#0"},
				"west": {"uv": [0, 2, 1, 3], "texture": "#0"},
				"up": {"uv": [13, 3, 14, 5], "texture": "#1"},
				"down": {"uv": [0, 2, 1, 3], "texture": "#0"}
			}
		},
		{
			"name": "cube",
			"from": [15, 6, 5],
			"to": [16, 8, 11],
			"faces": {
				"north": {"uv": [0, 2, 1, 3], "texture": "#0"},
				"east": {"uv": [0, 2, 1, 3], "texture": "#0"},
				"south": {"uv": [0, 2, 1, 3], "texture": "#0"},
				"west": {"uv": [0, 2, 1, 3], "texture": "#0"},
				"up": {"uv": [15, 5, 16, 11], "texture": "#1"},
				"down": {"uv": [0, 2, 1, 3], "texture": "#0"}
			}
		},
		{
			"name": "cube",
			"from": [14, 4, 6],
			"to": [16, 6, 8],
			"faces": {
				"north": {"uv": [0, 2, 1, 3], "texture": "#0"},
				"east": {"uv": [0, 2, 1, 3], "texture": "#0"},
				"south": {"uv": [0, 2, 1, 3], "texture": "#0"},
				"west": {"uv": [0, 2, 1, 3], "texture": "#0"},
				"up": {"uv": [5, 15, 11, 16], "texture": "#1"},
				"down": {"uv": [0, 2, 1, 3], "texture": "#0"}
			}
		},
		{
			"name": "cube",
			"from": [14, 4, 11],
			"to": [15, 6, 12],
			"faces": {
				"north": {"uv": [0, 2, 1, 3], "texture": "#0"},
				"east": {"uv": [0, 2, 1, 3], "texture": "#0"},
				"south": {"uv": [0, 2, 1, 3], "texture": "#0"},
				"west": {"uv": [0, 2, 1, 3], "texture": "#0"},
				"up": {"uv": [5, 15, 11, 16], "texture": "#1"},
				"down": {"uv": [0, 2, 1, 3], "texture": "#0"}
			}
		},
		{
			"name": "cube",
			"from": [15, 5, 9],
			"to": [16, 6, 10],
			"faces": {
				"north": {"uv": [0, 2, 1, 3], "texture": "#0"},
				"east": {"uv": [0, 2, 1, 3], "texture": "#0"},
				"south": {"uv": [0, 2, 1, 3], "texture": "#0"},
				"west": {"uv": [0, 2, 1, 3], "texture": "#0"},
				"up": {"uv": [5, 15, 11, 16], "texture": "#1"},
				"down": {"uv": [0, 2, 1, 3], "texture": "#0"}
			}
		},
		{
			"name": "cube",
			"from": [14, 5, 4],
			"to": [15, 6, 5],
			"faces": {
				"north": {"uv": [0, 2, 1, 3], "texture": "#0"},
				"east": {"uv": [0, 2, 1, 3], "texture": "#0"},
				"south": {"uv": [0, 2, 1, 3], "texture": "#0"},
				"west": {"uv": [0, 2, 1, 3], "texture": "#0"},
				"up": {"uv": [5, 15, 11, 16], "texture": "#1"},
				"down": {"uv": [0, 2, 1, 3], "texture": "#0"}
			}
		},
		{
			"name": "cube",
			"from": [15, 5, 5],
			"to": [16, 6, 6],
			"faces": {
				"north": {"uv": [0, 2, 1, 3], "texture": "#0"},
				"east": {"uv": [0, 2, 1, 3], "texture": "#0"},
				"south": {"uv": [0, 2, 1, 3], "texture": "#0"},
				"west": {"uv": [0, 2, 1, 3], "texture": "#0"},
				"up": {"uv": [5, 15, 11, 16], "texture": "#1"},
				"down": {"uv": [0, 2, 1, 3], "texture": "#0"}
			}
		},
		{
			"name": "cube",
			"from": [13, 5, 12],
			"to": [14, 6, 13],
			"faces": {
				"north": {"uv": [0, 2, 1, 3], "texture": "#0"},
				"east": {"uv": [0, 2, 1, 3], "texture": "#0"},
				"south": {"uv": [0, 2, 1, 3], "texture": "#0"},
				"west": {"uv": [0, 2, 1, 3], "texture": "#0"},
				"up": {"uv": [5, 15, 11, 16], "texture": "#1"},
				"down": {"uv": [0, 2, 1, 3], "texture": "#0"}
			}
		},
		{
			"name": "cube",
			"from": [13.5, 8, 4.5],
			"to": [14.5, 8.5, 5.5],
			"faces": {
				"north": {"uv": [0, 10, 1, 11], "texture": "#0"},
				"east": {"uv": [0, 10, 1, 11], "texture": "#0"},
				"south": {"uv": [0, 10, 1, 11], "texture": "#0"},
				"west": {"uv": [0, 10, 1, 11], "texture": "#0"},
				"up": {"uv": [0, 10, 1, 11], "texture": "#0"},
				"down": {"uv": [0, 10, 1, 11], "texture": "#0"}
			}
		},
		{
			"name": "cube",
			"from": [14, 6, 11],
			"to": [15, 8, 12],
			"faces": {
				"north": {"uv": [0, 2, 1, 3], "texture": "#0"},
				"east": {"uv": [0, 2, 1, 3], "texture": "#0"},
				"south": {"uv": [0, 2, 1, 3], "texture": "#0"},
				"west": {"uv": [0, 2, 1, 3], "texture": "#0"},
				"up": {"uv": [5, 15, 11, 16], "texture": "#1"},
				"down": {"uv": [0, 2, 1, 3], "texture": "#0"}
			}
		},
		{
			"name": "cube",
			"from": [14, 6, 4],
			"to": [15, 8, 5],
			"faces": {
				"north": {"uv": [0, 2, 1, 3], "texture": "#0"},
				"east": {"uv": [0, 2, 1, 3], "texture": "#0"},
				"south": {"uv": [0, 2, 1, 3], "texture": "#0"},
				"west": {"uv": [0, 2, 1, 3], "texture": "#0"},
				"up": {"uv": [5, 15, 11, 16], "texture": "#1"},
				"down": {"uv": [0, 2, 1, 3], "texture": "#0"}
			}
		}
	],
	"groups": [
		{
			"name": "boden",
			"origin": [8, 8, 8],
			"isOpen": true,
			"display": {
				"visibility": true,
				"export": true,
				"autouv": true
			},
			"children": []
		},
		{
			"name": "seiten",
			"origin": [8, 8, 8],
			"isOpen": true,
			"display": {
				"visibility": true,
				"export": true,
				"autouv": true
			},
			"children": [0, 1, 2, 3]
		},
		{
			"name": "topping",
			"origin": [8, 8, 8],
			"isOpen": true,
			"display": {
				"visibility": true,
				"export": true,
				"autouv": true
			},
			"children": [
				4,
				5,
				6,
				7,
				8,
				9,
				10,
				11,
				12,
				13,
				15,
				16
			]
		},
		{
			"name": "group",
			"origin": [8, 8, 8],
			"isOpen": true,
			"display": {
				"visibility": true,
				"export": true,
				"autouv": true
			},
			"children": [14]
		}
	],
	"display": {
		"head": {"scale": [1, 1, 1]},
		"thirdperson_righthand": {
			"scale": [0.4, 0.4, 0.4],
			"rotation": [45, 45, 0],
			"translation": [-1.5, 2, 0]
		},
		"thirdperson_lefthand": {
			"scale": [0.4, 0.4, 0.4],
			"rotation": [45, 45, 0],
			"translation": [-1.5, 2, 0]
		},
		"firstperson_righthand": {
			"scale": [0.4, 0.4, 0.4],
			"translation": [2.5, 3, 0],
			"rotation": [26, 45, 0]
		},
		"firstperson_lefthand": {
			"scale": [0.4, 0.4, 0.4],
			"rotation": [26, 45, 0],
			"translation": [2.5, 3, 0]
		},
		"ground": {
			"scale": [0.35, 0.35, 0.35],
			"translation": [0, 3.5, 0]
		},
		"gui": {
			"scale": [0.75, 0.75, 0.75],
			"rotation": [30, 45, 0],
			"translation": [0, 2.5, 0]
		},
		"fixed": {
			"scale": [0.6, 0.6, 0.6],
			"rotation": [-90, 0, 0],
			"translation": [0, 0, -3.5]
		}
	}
}