{
	"credit": "Made with Blockbench, a free, modern block model editor by JannisX11",
	"textures": {
		"0": "3d_food/3d_cake",
		"1": "3d_food/3d_cake_top",
		"particle": "3d_food/3d_cake"
	},
	"elements": [
		{
			"name": "cube",
			"from": [9, 0, 1],
			"to": [11, 6, 2],
			"faces": {
				"north": {
					"uv": [8.5328125, 9.6, 10.5328125, 15.6],
					"texture": "#0"
				},
				"east": {
					"uv": [
						10.66640625,
						8.5328125,
						11.66640625,
						14.5328125
					],
					"texture": "#0"
				},
				"south": {
					"uv": [
						10.66640625,
						8.5328125,
						11.66640625,
						14.5328125
					],
					"texture": "#0"
				},
				"west": {
					"uv": [
						10.66640625,
						8.5328125,
						11.66640625,
						14.5328125
					],
					"texture": "#0"
				},
				"up": {
					"uv": [
						10.66640625,
						8.5328125,
						11.66640625,
						14.5328125
					],
					"texture": "#0"
				},
				"down": {
					"uv": [
						10.66640625,
						8.5328125,
						11.66640625,
						14.5328125
					],
					"texture": "#0"
				}
			}
		},
		{
			"name": "cube",
			"from": [9, 0, 2],
			"to": [10, 6, 3],
			"faces": {
				"north": {"uv": [8, 8, 10, 16], "texture": "#0"},
				"east": {"uv": [8, 8, 9, 16], "texture": "#0"},
				"south": {"uv": [7, 8, 9, 16], "texture": "#0"},
				"west": {
					"uv": [9.6, 9.6, 10.6, 15.6],
					"texture": "#0"
				},
				"up": {"uv": [8, 10, 10, 11], "texture": "#0"},
				"down": {"uv": [7, 9, 9, 10], "texture": "#0"}
			}
		},
		{
			"name": "cube",
			"from": [9, 0, 3],
			"to": [10, 6, 4],
			"faces": {
				"north": {
					"uv": [10.66640625, 9.6, 11.66640625, 15.6],
					"texture": "#0"
				},
				"east": {
					"uv": [10.66640625, 9.6, 11.66640625, 15.6],
					"texture": "#0"
				},
				"south": {
					"uv": [10.66640625, 9.6, 11.66640625, 15.6],
					"texture": "#0"
				},
				"west": {
					"uv": [10.66640625, 9.6, 11.66640625, 15.6],
					"texture": "#0"
				},
				"up": {
					"uv": [10.66640625, 9.6, 11.66640625, 15.6],
					"texture": "#0"
				},
				"down": {
					"uv": [10.66640625, 9.6, 11.66640625, 15.6],
					"texture": "#0"
				}
			}
		},
		{
			"name": "cube",
			"from": [9, 0, 4],
			"to": [10, 6, 5],
			"faces": {
				"north": {
					"uv": [10.66640625, 9.6, 11.66640625, 15.6],
					"texture": "#0"
				},
				"east": {
					"uv": [10.66640625, 9.6, 11.66640625, 15.6],
					"texture": "#0"
				},
				"south": {
					"uv": [10.66640625, 9.6, 11.66640625, 15.6],
					"texture": "#0"
				},
				"west": {
					"uv": [10.66640625, 9.6, 11.66640625, 15.6],
					"texture": "#0"
				},
				"up": {
					"uv": [10.66640625, 9.6, 11.66640625, 15.6],
					"texture": "#0"
				},
				"down": {
					"uv": [10.66640625, 9.6, 11.66640625, 15.6],
					"texture": "#0"
				}
			}
		},
		{
			"name": "cube",
			"from": [9, 0, 5],
			"to": [10, 6, 11],
			"faces": {
				"north": {"uv": [8, 8, 9, 16], "texture": "#0"},
				"east": {"uv": [8, 8, 14, 16], "texture": "#0"},
				"south": {"uv": [7, 8, 8, 16], "texture": "#0"},
				"west": {"uv": [7, 8, 13, 16], "texture": "#0"},
				"up": {"uv": [8, 8, 9, 14], "texture": "#0"},
				"down": {"uv": [7, 9, 8, 15], "texture": "#0"}
			}
		},
		{
			"name": "cube",
			"from": [9, 0, 11],
			"to": [10, 6, 12],
			"faces": {
				"north": {"uv": [8, 8, 9, 16], "texture": "#0"},
				"east": {"uv": [8, 8, 10, 16], "texture": "#0"},
				"south": {"uv": [7, 8, 8, 16], "texture": "#0"},
				"west": {
					"uv": [9.6, 9.6, 10.6, 15.6],
					"texture": "#0"
				},
				"up": {"uv": [8, 10, 9, 12], "texture": "#0"},
				"down": {"uv": [7, 9, 8, 11], "texture": "#0"}
			}
		},
		{
			"name": "cube",
			"from": [9, 0, 12],
			"to": [10, 6, 13],
			"faces": {
				"north": {
					"uv": [11.7328125, 9.6, 12.7328125, 15.6],
					"texture": "#0"
				},
				"east": {
					"uv": [11.7328125, 9.6, 12.7328125, 15.6],
					"texture": "#0"
				},
				"south": {
					"uv": [11.7328125, 9.6, 12.7328125, 15.6],
					"texture": "#0"
				},
				"west": {
					"uv": [11.7328125, 9.6, 12.7328125, 15.6],
					"texture": "#0"
				},
				"up": {
					"uv": [11.7328125, 9.6, 12.7328125, 15.6],
					"texture": "#0"
				},
				"down": {
					"uv": [11.7328125, 9.6, 12.7328125, 15.6],
					"texture": "#0"
				}
			}
		},
		{
			"name": "cube",
			"from": [9, 0, 13],
			"to": [10, 6, 14],
			"faces": {
				"north": {"uv": [8, 8, 10, 16], "texture": "#0"},
				"east": {"uv": [8, 8, 9, 16], "texture": "#0"},
				"south": {"uv": [7, 8, 9, 16], "texture": "#0"},
				"west": {
					"uv": [9.6, 9.6, 10.6, 15.6],
					"texture": "#0"
				},
				"up": {"uv": [8, 10, 10, 11], "texture": "#0"},
				"down": {"uv": [7, 9, 9, 10], "texture": "#0"}
			}
		},
		{
			"name": "cube",
			"from": [9, 0, 14],
			"to": [11, 6, 15],
			"faces": {
				"north": {"uv": [8, 8, 14, 16], "texture": "#0"},
				"east": {"uv": [8, 8, 9, 16], "texture": "#0"},
				"south": {
					"uv": [9.6, 9.6, 11.6, 15.6],
					"texture": "#0"
				},
				"west": {
					"uv": [9.6, 9.6, 10.6, 15.6],
					"texture": "#0"
				},
				"up": {"uv": [8, 10, 14, 11], "texture": "#0"},
				"down": {"uv": [7, 9, 13, 10], "texture": "#0"}
			}
		},
		{
			"name": "cube",
			"from": [14, 0, 5],
			"to": [15, 6, 11],
			"faces": {
				"north": {"uv": [8, 8, 9, 16], "texture": "#0"},
				"east": {"uv": [8, 8, 14, 16], "texture": "#0"},
				"south": {"uv": [7, 8, 8, 16], "texture": "#0"},
				"west": {"uv": [7, 8, 13, 16], "texture": "#0"},
				"up": {"uv": [8, 8, 9, 14], "texture": "#0"},
				"down": {"uv": [7, 9, 8, 15], "texture": "#0"}
			}
		},
		{
			"name": "cube",
			"from": [11, 0, 13],
			"to": [12, 6, 14],
			"faces": {
				"north": {"uv": [8, 8, 10, 16], "texture": "#0"},
				"east": {"uv": [8, 8, 9, 16], "texture": "#0"},
				"south": {"uv": [7, 8, 9, 16], "texture": "#0"},
				"west": {"uv": [7, 8, 8, 16], "texture": "#0"},
				"up": {"uv": [8, 10, 10, 11], "texture": "#0"},
				"down": {"uv": [7, 9, 9, 10], "texture": "#0"}
			}
		},
		{
			"name": "cube",
			"from": [12, 0, 12],
			"to": [13, 6, 13],
			"faces": {
				"north": {"uv": [8, 8, 9, 16], "texture": "#0"},
				"east": {"uv": [8, 8, 9, 16], "texture": "#0"},
				"south": {"uv": [7, 8, 8, 16], "texture": "#0"},
				"west": {"uv": [7, 8, 8, 16], "texture": "#0"},
				"up": {"uv": [8, 10, 9, 11], "texture": "#0"},
				"down": {"uv": [7, 9, 8, 10], "texture": "#0"}
			}
		},
		{
			"name": "cube",
			"from": [13, 0, 11],
			"to": [14, 6, 12],
			"faces": {
				"north": {"uv": [8, 8, 9, 16], "texture": "#0"},
				"east": {"uv": [8, 8, 10, 16], "texture": "#0"},
				"south": {"uv": [7, 8, 8, 16], "texture": "#0"},
				"west": {"uv": [7, 8, 9, 16], "texture": "#0"},
				"up": {"uv": [8, 10, 9, 12], "texture": "#0"},
				"down": {"uv": [7, 9, 8, 11], "texture": "#0"}
			}
		},
		{
			"name": "cube",
			"from": [13, 0, 4],
			"to": [14, 6, 5],
			"faces": {
				"north": {"uv": [8, 8, 9, 16], "texture": "#0"},
				"east": {"uv": [8, 8, 10, 16], "texture": "#0"},
				"south": {"uv": [7, 8, 8, 16], "texture": "#0"},
				"west": {"uv": [7, 8, 9, 16], "texture": "#0"},
				"up": {"uv": [8, 10, 9, 12], "texture": "#0"},
				"down": {"uv": [7, 9, 8, 11], "texture": "#0"}
			}
		},
		{
			"name": "cube",
			"from": [12, 0, 3],
			"to": [13, 6, 4],
			"faces": {
				"north": {"uv": [8, 8, 9, 16], "texture": "#0"},
				"east": {"uv": [8, 8, 9, 16], "texture": "#0"},
				"south": {"uv": [7, 8, 8, 16], "texture": "#0"},
				"west": {"uv": [7, 8, 8, 16], "texture": "#0"},
				"up": {"uv": [8, 10, 9, 11], "texture": "#0"},
				"down": {"uv": [7, 9, 8, 10], "texture": "#0"}
			}
		},
		{
			"name": "cube",
			"from": [11, 0, 2],
			"to": [12, 6, 3],
			"faces": {
				"north": {"uv": [8, 8, 10, 16], "texture": "#0"},
				"east": {"uv": [8, 8, 9, 16], "texture": "#0"},
				"south": {"uv": [7, 8, 9, 16], "texture": "#0"},
				"west": {"uv": [7, 8, 8, 16], "texture": "#0"},
				"up": {"uv": [8, 10, 10, 11], "texture": "#0"},
				"down": {"uv": [7, 9, 9, 10], "texture": "#0"}
			}
		},
		{
			"name": "cube",
			"from": [11, 0, 5],
			"to": [14, 1, 11],
			"faces": {
				"north": {"uv": [15, 6, 16, 7], "texture": "#0"},
				"east": {"uv": [15, 6, 16, 7], "texture": "#0"},
				"south": {"uv": [15, 6, 16, 7], "texture": "#0"},
				"west": {"uv": [15, 6, 16, 7], "texture": "#0"},
				"up": {"uv": [15, 6, 16, 7], "texture": "#0"},
				"down": {"uv": [15, 6, 16, 7], "texture": "#0"}
			}
		},
		{
			"name": "cube",
			"from": [10, 0, 2],
			"to": [11, 1, 14],
			"faces": {
				"north": {"uv": [15, 6, 16, 7], "texture": "#0"},
				"east": {"uv": [15, 6, 16, 7], "texture": "#0"},
				"south": {"uv": [15, 6, 16, 7], "texture": "#0"},
				"west": {"uv": [15, 6, 16, 7], "texture": "#0"},
				"up": {"uv": [15, 6, 16, 7], "texture": "#0"},
				"down": {"uv": [15, 6, 16, 7], "texture": "#0"}
			}
		},
		{
			"name": "cube",
			"from": [9, 6, 1],
			"to": [11, 8, 15],
			"faces": {
				"north": {"uv": [0, 2, 1, 3], "texture": "#0"},
				"east": {"uv": [0, 2, 1, 3], "texture": "#0"},
				"south": {"uv": [0, 2, 1, 3], "texture": "#0"},
				"west": {"uv": [0, 2, 1, 3], "texture": "#0"},
				"up": {"uv": [5, 1, 11, 15], "texture": "#1"},
				"down": {"uv": [0, 2, 1, 3], "texture": "#0"}
			}
		},
		{
			"name": "cube",
			"from": [11, 6, 11],
			"to": [13, 8, 13],
			"faces": {
				"north": {"uv": [0, 2, 1, 3], "texture": "#0"},
				"east": {"uv": [0, 2, 1, 3], "texture": "#0"},
				"south": {"uv": [0, 2, 1, 3], "texture": "#0"},
				"west": {"uv": [0, 2, 1, 3], "texture": "#0"},
				"up": {"uv": [11, 11, 13, 13], "texture": "#1"},
				"down": {"uv": [0, 2, 1, 3], "texture": "#0"}
			}
		},
		{
			"name": "cube",
			"from": [11, 6, 13],
			"to": [13, 8, 14],
			"faces": {
				"north": {"uv": [0, 2, 1, 3], "texture": "#0"},
				"east": {"uv": [0, 2, 1, 3], "texture": "#0"},
				"south": {"uv": [0, 2, 1, 3], "texture": "#0"},
				"west": {"uv": [0, 2, 1, 3], "texture": "#0"},
				"up": {"uv": [11, 13, 13, 14], "texture": "#1"},
				"down": {"uv": [0, 2, 1, 3], "texture": "#0"}
			}
		},
		{
			"name": "cube",
			"from": [13, 6, 11],
			"to": [14, 8, 13],
			"faces": {
				"north": {"uv": [0, 2, 1, 3], "texture": "#0"},
				"east": {"uv": [0, 2, 1, 3], "texture": "#0"},
				"south": {"uv": [0, 2, 1, 3], "texture": "#0"},
				"west": {"uv": [0, 2, 1, 3], "texture": "#0"},
				"up": {"uv": [13, 11, 14, 13], "texture": "#1"},
				"down": {"uv": [0, 2, 1, 3], "texture": "#0"}
			}
		},
		{
			"name": "cube",
			"from": [11, 6, 5],
			"to": [15, 8, 11],
			"faces": {
				"north": {"uv": [0, 2, 1, 3], "texture": "#0"},
				"east": {"uv": [0, 2, 1, 3], "texture": "#0"},
				"south": {"uv": [0, 2, 1, 3], "texture": "#0"},
				"west": {"uv": [0, 2, 1, 3], "texture": "#0"},
				"up": {"uv": [11, 5, 15, 11], "texture": "#1"},
				"down": {"uv": [0, 2, 1, 3], "texture": "#0"}
			}
		},
		{
			"name": "cube",
			"from": [11, 6, 2],
			"to": [13, 8, 3],
			"faces": {
				"north": {"uv": [0, 2, 1, 3], "texture": "#0"},
				"east": {"uv": [0, 2, 1, 3], "texture": "#0"},
				"south": {"uv": [0, 2, 1, 3], "texture": "#0"},
				"west": {"uv": [0, 2, 1, 3], "texture": "#0"},
				"up": {"uv": [11, 2, 13, 3], "texture": "#1"},
				"down": {"uv": [0, 2, 1, 3], "texture": "#0"}
			}
		},
		{
			"name": "cube",
			"from": [11, 6, 3],
			"to": [13, 8, 5],
			"faces": {
				"north": {"uv": [0, 2, 1, 3], "texture": "#0"},
				"east": {"uv": [0, 2, 1, 3], "texture": "#0"},
				"south": {"uv": [0, 2, 1, 3], "texture": "#0"},
				"west": {"uv": [0, 2, 1, 3], "texture": "#0"},
				"up": {"uv": [11, 3, 13, 5], "texture": "#1"},
				"down": {"uv": [0, 2, 1, 3], "texture": "#0"}
			}
		},
		{
			"name": "cube",
			"from": [13, 6, 3],
			"to": [14, 8, 5],
			"faces": {
				"north": {"uv": [0, 2, 1, 3], "texture": "#0"},
				"east": {"uv": [0, 2, 1, 3], "texture": "#0"},
				"south": {"uv": [0, 2, 1, 3], "texture": "#0"},
				"west": {"uv": [0, 2, 1, 3], "texture": "#0"},
				"up": {"uv": [13, 3, 14, 5], "texture": "#1"},
				"down": {"uv": [0, 2, 1, 3], "texture": "#0"}
			}
		},
		{
			"name": "cube",
			"from": [9, 6, 15],
			"to": [11, 8, 16],
			"faces": {
				"north": {"uv": [0, 2, 1, 3], "texture": "#0"},
				"east": {"uv": [0, 2, 1, 3], "texture": "#0"},
				"south": {"uv": [0, 2, 1, 3], "texture": "#0"},
				"west": {"uv": [0, 2, 1, 3], "texture": "#0"},
				"up": {"uv": [5, 15, 11, 16], "texture": "#1"},
				"down": {"uv": [0, 2, 1, 3], "texture": "#0"}
			}
		},
		{
			"name": "cube",
			"from": [15, 6, 5],
			"to": [16, 8, 11],
			"faces": {
				"north": {"uv": [0, 2, 1, 3], "texture": "#0"},
				"east": {"uv": [0, 2, 1, 3], "texture": "#0"},
				"south": {"uv": [0, 2, 1, 3], "texture": "#0"},
				"west": {"uv": [0, 2, 1, 3], "texture": "#0"},
				"up": {"uv": [15, 5, 16, 11], "texture": "#1"},
				"down": {"uv": [0, 2, 1, 3], "texture": "#0"}
			}
		},
		{
			"name": "cube",
			"from": [9, 6, 0],
			"to": [11, 8, 1],
			"faces": {
				"north": {"uv": [0, 2, 1, 3], "texture": "#0"},
				"east": {"uv": [0, 2, 1, 3], "texture": "#0"},
				"south": {"uv": [0, 2, 1, 3], "texture": "#0"},
				"west": {"uv": [0, 2, 1, 3], "texture": "#0"},
				"up": {"uv": [5, 15, 11, 16], "texture": "#1"},
				"down": {"uv": [0, 2, 1, 3], "texture": "#0"}
			}
		},
		{
			"name": "cube",
			"from": [14, 4, 6],
			"to": [16, 6, 8],
			"faces": {
				"north": {"uv": [0, 2, 1, 3], "texture": "#0"},
				"east": {"uv": [0, 2, 1, 3], "texture": "#0"},
				"south": {"uv": [0, 2, 1, 3], "texture": "#0"},
				"west": {"uv": [0, 2, 1, 3], "texture": "#0"},
				"up": {"uv": [5, 15, 11, 16], "texture": "#1"},
				"down": {"uv": [0, 2, 1, 3], "texture": "#0"}
			}
		},
		{
			"name": "cube",
			"from": [12, 4, 2],
			"to": [13, 6, 3],
			"faces": {
				"north": {"uv": [0, 2, 1, 3], "texture": "#0"},
				"east": {"uv": [0, 2, 1, 3], "texture": "#0"},
				"south": {"uv": [0, 2, 1, 3], "texture": "#0"},
				"west": {"uv": [0, 2, 1, 3], "texture": "#0"},
				"up": {"uv": [5, 15, 11, 16], "texture": "#1"},
				"down": {"uv": [0, 2, 1, 3], "texture": "#0"}
			}
		},
		{
			"name": "cube",
			"from": [14, 4, 11],
			"to": [15, 6, 12],
			"faces": {
				"north": {"uv": [0, 2, 1, 3], "texture": "#0"},
				"east": {"uv": [0, 2, 1, 3], "texture": "#0"},
				"south": {"uv": [0, 2, 1, 3], "texture": "#0"},
				"west": {"uv": [0, 2, 1, 3], "texture": "#0"},
				"up": {"uv": [5, 15, 11, 16], "texture": "#1"},
				"down": {"uv": [0, 2, 1, 3], "texture": "#0"}
			}
		},
		{
			"name": "cube",
			"from": [9, 4, 15],
			"to": [10, 6, 16],
			"faces": {
				"north": {"uv": [0, 2, 1, 3], "texture": "#0"},
				"east": {"uv": [0, 2, 1, 3], "texture": "#0"},
				"south": {"uv": [0, 2, 1, 3], "texture": "#0"},
				"west": {"uv": [0, 2, 1, 3], "texture": "#0"},
				"up": {"uv": [5, 15, 11, 16], "texture": "#1"},
				"down": {"uv": [0, 2, 1, 3], "texture": "#0"}
			}
		},
		{
			"name": "cube",
			"from": [15, 5, 9],
			"to": [16, 6, 10],
			"faces": {
				"north": {"uv": [0, 2, 1, 3], "texture": "#0"},
				"east": {"uv": [0, 2, 1, 3], "texture": "#0"},
				"south": {"uv": [0, 2, 1, 3], "texture": "#0"},
				"west": {"uv": [0, 2, 1, 3], "texture": "#0"},
				"up": {"uv": [5, 15, 11, 16], "texture": "#1"},
				"down": {"uv": [0, 2, 1, 3], "texture": "#0"}
			}
		},
		{
			"name": "cube",
			"from": [11, 5, 14],
			"to": [12, 6, 15],
			"faces": {
				"north": {"uv": [0, 2, 1, 3], "texture": "#0"},
				"east": {"uv": [0, 2, 1, 3], "texture": "#0"},
				"south": {"uv": [0, 2, 1, 3], "texture": "#0"},
				"west": {"uv": [0, 2, 1, 3], "texture": "#0"},
				"up": {"uv": [5, 15, 11, 16], "texture": "#1"},
				"down": {"uv": [0, 2, 1, 3], "texture": "#0"}
			}
		},
		{
			"name": "cube",
			"from": [11, 5, 1],
			"to": [12, 6, 2],
			"faces": {
				"north": {"uv": [0, 2, 1, 3], "texture": "#0"},
				"east": {"uv": [0, 2, 1, 3], "texture": "#0"},
				"south": {"uv": [0, 2, 1, 3], "texture": "#0"},
				"west": {"uv": [0, 2, 1, 3], "texture": "#0"},
				"up": {"uv": [5, 15, 11, 16], "texture": "#1"},
				"down": {"uv": [0, 2, 1, 3], "texture": "#0"}
			}
		},
		{
			"name": "cube",
			"from": [14, 5, 4],
			"to": [15, 6, 5],
			"faces": {
				"north": {"uv": [0, 2, 1, 3], "texture": "#0"},
				"east": {"uv": [0, 2, 1, 3], "texture": "#0"},
				"south": {"uv": [0, 2, 1, 3], "texture": "#0"},
				"west": {"uv": [0, 2, 1, 3], "texture": "#0"},
				"up": {"uv": [5, 15, 11, 16], "texture": "#1"},
				"down": {"uv": [0, 2, 1, 3], "texture": "#0"}
			}
		},
		{
			"name": "cube",
			"from": [15, 5, 5],
			"to": [16, 6, 6],
			"faces": {
				"north": {"uv": [0, 2, 1, 3], "texture": "#0"},
				"east": {"uv": [0, 2, 1, 3], "texture": "#0"},
				"south": {"uv": [0, 2, 1, 3], "texture": "#0"},
				"west": {"uv": [0, 2, 1, 3], "texture": "#0"},
				"up": {"uv": [5, 15, 11, 16], "texture": "#1"},
				"down": {"uv": [0, 2, 1, 3], "texture": "#0"}
			}
		},
		{
			"name": "cube",
			"from": [13, 5, 12],
			"to": [14, 6, 13],
			"faces": {
				"north": {"uv": [0, 2, 1, 3], "texture": "#0"},
				"east": {"uv": [0, 2, 1, 3], "texture": "#0"},
				"south": {"uv": [0, 2, 1, 3], "texture": "#0"},
				"west": {"uv": [0, 2, 1, 3], "texture": "#0"},
				"up": {"uv": [5, 15, 11, 16], "texture": "#1"},
				"down": {"uv": [0, 2, 1, 3], "texture": "#0"}
			}
		},
		{
			"name": "cube",
			"from": [9, 5, 0],
			"to": [10, 6, 1],
			"faces": {
				"north": {"uv": [0, 2, 1, 3], "texture": "#0"},
				"east": {"uv": [0, 2, 1, 3], "texture": "#0"},
				"south": {"uv": [0, 2, 1, 3], "texture": "#0"},
				"west": {"uv": [0, 2, 1, 3], "texture": "#0"},
				"up": {"uv": [5, 15, 11, 16], "texture": "#1"},
				"down": {"uv": [0, 2, 1, 3], "texture": "#0"}
			}
		},
		{
			"name": "cube",
			"from": [9, 8, 4],
			"to": [10, 8.5, 5],
			"faces": {
				"north": {"uv": [0, 10, 1, 11], "texture": "#0"},
				"east": {"uv": [0, 10, 1, 11], "texture": "#0"},
				"south": {"uv": [0, 10, 1, 11], "texture": "#0"},
				"west": {"uv": [0, 10, 1, 11], "texture": "#0"},
				"up": {"uv": [0, 10, 1, 11], "texture": "#0"},
				"down": {"uv": [0, 10, 1, 11], "texture": "#0"}
			}
		},
		{
			"name": "cube",
			"from": [9, 8, 11],
			"to": [10, 8.5, 12],
			"faces": {
				"north": {"uv": [0, 10, 1, 11], "texture": "#0"},
				"east": {"uv": [0, 10, 1, 11], "texture": "#0"},
				"south": {"uv": [0, 10, 1, 11], "texture": "#0"},
				"west": {"uv": [0, 10, 1, 11], "texture": "#0"},
				"up": {"uv": [0, 10, 1, 11], "texture": "#0"},
				"down": {"uv": [0, 10, 1, 11], "texture": "#0"}
			}
		},
		{
			"name": "cube",
			"from": [12, 8, 7.5],
			"to": [13, 8.5, 8.5],
			"faces": {
				"north": {"uv": [0, 10, 1, 11], "texture": "#0"},
				"east": {"uv": [0, 10, 1, 11], "texture": "#0"},
				"south": {"uv": [0, 10, 1, 11], "texture": "#0"},
				"west": {"uv": [0, 10, 1, 11], "texture": "#0"},
				"up": {"uv": [0, 10, 1, 11], "texture": "#0"},
				"down": {"uv": [0, 10, 1, 11], "texture": "#0"}
			}
		},
		{
			"name": "cube",
			"from": [13.5, 8, 4.5],
			"to": [14.5, 8.5, 5.5],
			"faces": {
				"north": {"uv": [0, 10, 1, 11], "texture": "#0"},
				"east": {"uv": [0, 10, 1, 11], "texture": "#0"},
				"south": {"uv": [0, 10, 1, 11], "texture": "#0"},
				"west": {"uv": [0, 10, 1, 11], "texture": "#0"},
				"up": {"uv": [0, 10, 1, 11], "texture": "#0"},
				"down": {"uv": [0, 10, 1, 11], "texture": "#0"}
			}
		},
		{
			"name": "cube",
			"from": [10.5, 8, 2.5],
			"to": [11.5, 8.5, 3.5],
			"faces": {
				"north": {"uv": [0, 10, 1, 11], "texture": "#0"},
				"east": {"uv": [0, 10, 1, 11], "texture": "#0"},
				"south": {"uv": [0, 10, 1, 11], "texture": "#0"},
				"west": {"uv": [0, 10, 1, 11], "texture": "#0"},
				"up": {
					"uv": [0, 10, 1, 11],
					"texture": "#0",
					"rotation": 270
				},
				"down": {
					"uv": [0, 10, 1, 11],
					"texture": "#0",
					"rotation": 90
				}
			},
			"rotation": {
				"origin": [8, 8, 10],
				"axis": "y",
				"angle": 0
			}
		},
		{
			"name": "cube",
			"from": [12, 0, 11],
			"to": [13, 1, 12],
			"faces": {
				"north": {"uv": [15, 6, 16, 7], "texture": "#0"},
				"east": {"uv": [15, 6, 16, 7], "texture": "#0"},
				"south": {"uv": [15, 6, 16, 7], "texture": "#0"},
				"west": {"uv": [15, 6, 16, 7], "texture": "#0"},
				"up": {"uv": [15, 6, 16, 7], "texture": "#0"},
				"down": {"uv": [15, 6, 16, 7], "texture": "#0"}
			}
		},
		{
			"name": "cube",
			"from": [11, 0, 11],
			"to": [12, 1, 12],
			"faces": {
				"north": {"uv": [15, 6, 16, 7], "texture": "#0"},
				"east": {"uv": [15, 6, 16, 7], "texture": "#0"},
				"south": {"uv": [15, 6, 16, 7], "texture": "#0"},
				"west": {"uv": [15, 6, 16, 7], "texture": "#0"},
				"up": {"uv": [15, 6, 16, 7], "texture": "#0"},
				"down": {"uv": [15, 6, 16, 7], "texture": "#0"}
			}
		},
		{
			"name": "cube",
			"from": [11, 0, 12],
			"to": [12, 1, 13],
			"faces": {
				"north": {"uv": [15, 6, 16, 7], "texture": "#0"},
				"east": {"uv": [15, 6, 16, 7], "texture": "#0"},
				"south": {"uv": [15, 6, 16, 7], "texture": "#0"},
				"west": {"uv": [15, 6, 16, 7], "texture": "#0"},
				"up": {"uv": [15, 6, 16, 7], "texture": "#0"},
				"down": {"uv": [15, 6, 16, 7], "texture": "#0"}
			}
		},
		{
			"name": "cube",
			"from": [12, 0, 4],
			"to": [13, 1, 5],
			"faces": {
				"north": {"uv": [15, 6, 16, 7], "texture": "#0"},
				"east": {"uv": [15, 6, 16, 7], "texture": "#0"},
				"south": {"uv": [15, 6, 16, 7], "texture": "#0"},
				"west": {"uv": [15, 6, 16, 7], "texture": "#0"},
				"up": {"uv": [15, 6, 16, 7], "texture": "#0"},
				"down": {"uv": [15, 6, 16, 7], "texture": "#0"}
			}
		},
		{
			"name": "cube",
			"from": [11, 0, 4],
			"to": [12, 1, 5],
			"faces": {
				"north": {"uv": [15, 6, 16, 7], "texture": "#0"},
				"east": {"uv": [15, 6, 16, 7], "texture": "#0"},
				"south": {"uv": [15, 6, 16, 7], "texture": "#0"},
				"west": {"uv": [15, 6, 16, 7], "texture": "#0"},
				"up": {"uv": [15, 6, 16, 7], "texture": "#0"},
				"down": {"uv": [15, 6, 16, 7], "texture": "#0"}
			}
		},
		{
			"name": "cube",
			"from": [11, 0, 3],
			"to": [12, 1, 4],
			"faces": {
				"north": {"uv": [15, 6, 16, 7], "texture": "#0"},
				"east": {"uv": [15, 6, 16, 7], "texture": "#0"},
				"south": {"uv": [15, 6, 16, 7], "texture": "#0"},
				"west": {"uv": [15, 6, 16, 7], "texture": "#0"},
				"up": {"uv": [15, 6, 16, 7], "texture": "#0"},
				"down": {"uv": [15, 6, 16, 7], "texture": "#0"}
			}
		},
		{
			"name": "cube",
			"from": [14, 6, 11],
			"to": [15, 8, 12],
			"faces": {
				"north": {"uv": [0, 2, 1, 3], "texture": "#0"},
				"east": {"uv": [0, 2, 1, 3], "texture": "#0"},
				"south": {"uv": [0, 2, 1, 3], "texture": "#0"},
				"west": {"uv": [0, 2, 1, 3], "texture": "#0"},
				"up": {"uv": [5, 15, 11, 16], "texture": "#1"},
				"down": {"uv": [0, 2, 1, 3], "texture": "#0"}
			}
		},
		{
			"name": "cube",
			"from": [11, 6, 14],
			"to": [12, 8, 15],
			"faces": {
				"north": {"uv": [0, 2, 1, 3], "texture": "#0"},
				"east": {"uv": [0, 2, 1, 3], "texture": "#0"},
				"south": {"uv": [0, 2, 1, 3], "texture": "#0"},
				"west": {"uv": [0, 2, 1, 3], "texture": "#0"},
				"up": {"uv": [5, 15, 11, 16], "texture": "#1"},
				"down": {"uv": [0, 2, 1, 3], "texture": "#0"}
			}
		},
		{
			"name": "cube",
			"from": [11, 8, 11.5],
			"to": [12, 8.5, 12.5],
			"faces": {
				"north": {"uv": [0, 10, 1, 11], "texture": "#0"},
				"east": {"uv": [0, 10, 1, 11], "texture": "#0"},
				"south": {"uv": [0, 10, 1, 11], "texture": "#0"},
				"west": {"uv": [0, 10, 1, 11], "texture": "#0"},
				"up": {"uv": [0, 10, 1, 11], "texture": "#0"},
				"down": {"uv": [0, 10, 1, 11], "texture": "#0"}
			}
		},
		{
			"name": "cube",
			"from": [11, 6, 1],
			"to": [12, 8, 2],
			"faces": {
				"north": {"uv": [0, 2, 1, 3], "texture": "#0"},
				"east": {"uv": [0, 2, 1, 3], "texture": "#0"},
				"south": {"uv": [0, 2, 1, 3], "texture": "#0"},
				"west": {"uv": [0, 2, 1, 3], "texture": "#0"},
				"up": {"uv": [5, 15, 11, 16], "texture": "#1"},
				"down": {"uv": [0, 2, 1, 3], "texture": "#0"}
			}
		},
		{
			"name": "cube",
			"from": [14, 6, 4],
			"to": [15, 8, 5],
			"faces": {
				"north": {"uv": [0, 2, 1, 3], "texture": "#0"},
				"east": {"uv": [0, 2, 1, 3], "texture": "#0"},
				"south": {"uv": [0, 2, 1, 3], "texture": "#0"},
				"west": {"uv": [0, 2, 1, 3], "texture": "#0"},
				"up": {"uv": [5, 15, 11, 16], "texture": "#1"},
				"down": {"uv": [0, 2, 1, 3], "texture": "#0"}
			}
		}
	],
	"groups": [
		{
			"name": "boden",
			"origin": [8, 8, 8],
			"isOpen": true,
			"display": {
				"visibility": true,
				"export": true,
				"autouv": true
			},
			"children": [16, 17, 45, 46, 47, 48, 49, 50]
		},
		{
			"name": "seiten",
			"origin": [8, 8, 8],
			"isOpen": true,
			"display": {
				"visibility": true,
				"export": true,
				"autouv": true
			},
			"children": [
				15,
				0,
				1,
				2,
				3,
				4,
				5,
				6,
				7,
				8,
				9,
				10,
				11,
				12,
				13,
				14
			]
		},
		{
			"name": "topping",
			"origin": [8, 8, 8],
			"isOpen": true,
			"display": {
				"visibility": true,
				"export": true,
				"autouv": true
			},
			"children": [
				18,
				19,
				20,
				21,
				22,
				23,
				24,
				25,
				26,
				27,
				28,
				29,
				30,
				31,
				32,
				33,
				34,
				35,
				36,
				37,
				38,
				39,
				51,
				52,
				54,
				55
			]
		},
		{
			"name": "group",
			"origin": [8, 8, 8],
			"isOpen": true,
			"display": {
				"visibility": true,
				"export": true,
				"autouv": true
			},
			"children": [40, 41, 42, 43, 44, 53]
		}
	],
	"display": {
		"head": {"scale": [1, 1, 1]},
		"thirdperson_righthand": {
			"scale": [0.4, 0.4, 0.4],
			"rotation": [45, 45, 0],
			"translation": [-1.5, 2, 0]
		},
		"thirdperson_lefthand": {
			"scale": [0.4, 0.4, 0.4],
			"rotation": [45, 45, 0],
			"translation": [-1.5, 2, 0]
		},
		"firstperson_righthand": {
			"scale": [0.4, 0.4, 0.4],
			"translation": [2.5, 3, 0],
			"rotation": [26, 45, 0]
		},
		"firstperson_lefthand": {
			"scale": [0.4, 0.4, 0.4],
			"rotation": [26, 45, 0],
			"translation": [2.5, 3, 0]
		},
		"ground": {
			"scale": [0.35, 0.35, 0.35],
			"translation": [0, 3.5, 0]
		},
		"gui": {
			"scale": [0.75, 0.75, 0.75],
			"rotation": [30, 45, 0],
			"translation": [0, 2.5, 0]
		},
		"fixed": {
			"scale": [0.6, 0.6, 0.6],
			"rotation": [-90, 0, 0],
			"translation": [0, 0, -3.5]
		}
	}
}