{
	"credit": "Made with Blockbench, a free, modern block model editor by JannisX11",
	"textures": {
		"0": "3d_food/3d_cake",
		"1": "3d_food/3d_cake_top",
		"particle": "3d_food/3d_cake"
	},
	"elements": [
		{
			"name": "cube",
			"from": [5, 0, 1],
			"to": [11, 6, 2],
			"faces": {
				"north": {"uv": [8, 8, 14, 16], "texture": "#0"},
				"east": {"uv": [8, 8, 9, 16], "texture": "#0"},
				"south": {"uv": [7, 8, 13, 16], "texture": "#0"},
				"west": {"uv": [7, 8, 8, 16], "texture": "#0"},
				"up": {"uv": [8, 10, 14, 11], "texture": "#0"},
				"down": {"uv": [7, 9, 13, 10], "texture": "#0"}
			}
		},
		{
			"name": "cube",
			"from": [4, 0, 2],
			"to": [5, 6, 3],
			"faces": {
				"north": {"uv": [8, 8, 10, 16], "texture": "#0"},
				"east": {"uv": [8, 8, 9, 16], "texture": "#0"},
				"south": {"uv": [7, 8, 9, 16], "texture": "#0"},
				"west": {"uv": [7, 8, 8, 16], "texture": "#0"},
				"up": {"uv": [8, 10, 10, 11], "texture": "#0"},
				"down": {"uv": [7, 9, 9, 10], "texture": "#0"}
			}
		},
		{
			"name": "cube",
			"from": [3, 0, 3],
			"to": [4, 6, 4],
			"faces": {
				"north": {"uv": [8, 8, 9, 16], "texture": "#0"},
				"east": {"uv": [8, 8, 9, 16], "texture": "#0"},
				"south": {"uv": [7, 8, 8, 16], "texture": "#0"},
				"west": {"uv": [7, 8, 8, 16], "texture": "#0"},
				"up": {"uv": [8, 10, 9, 11], "texture": "#0"},
				"down": {"uv": [7, 9, 8, 10], "texture": "#0"}
			}
		},
		{
			"name": "cube",
			"from": [2, 0, 4],
			"to": [3, 6, 5],
			"faces": {
				"north": {"uv": [8, 8, 9, 16], "texture": "#0"},
				"east": {"uv": [8, 8, 10, 16], "texture": "#0"},
				"south": {"uv": [7, 8, 8, 16], "texture": "#0"},
				"west": {
					"uv": [7, 8, 7.9328125, 16],
					"texture": "#0"
				},
				"up": {"uv": [8, 10, 9, 12], "texture": "#0"},
				"down": {"uv": [7, 9, 8, 11], "texture": "#0"}
			}
		},
		{
			"name": "cube",
			"from": [1, 0, 5],
			"to": [2, 6, 11],
			"faces": {
				"north": {"uv": [8, 8, 9, 16], "texture": "#0"},
				"east": {"uv": [8, 8, 14, 16], "texture": "#0"},
				"south": {"uv": [7, 8, 8, 16], "texture": "#0"},
				"west": {"uv": [7, 8, 13, 16], "texture": "#0"},
				"up": {"uv": [8, 8, 9, 14], "texture": "#0"},
				"down": {"uv": [7, 9, 8, 15], "texture": "#0"}
			}
		},
		{
			"name": "cube",
			"from": [2, 0, 11],
			"to": [3, 6, 12],
			"faces": {
				"north": {"uv": [8, 8, 9, 16], "texture": "#0"},
				"east": {"uv": [8, 8, 10, 16], "texture": "#0"},
				"south": {"uv": [7, 8, 8, 16], "texture": "#0"},
				"west": {"uv": [7, 8, 9, 16], "texture": "#0"},
				"up": {"uv": [8, 10, 9, 12], "texture": "#0"},
				"down": {"uv": [7, 9, 8, 11], "texture": "#0"}
			}
		},
		{
			"name": "cube",
			"from": [3, 0, 12],
			"to": [4, 6, 13],
			"faces": {
				"north": {"uv": [8, 8, 9, 16], "texture": "#0"},
				"east": {"uv": [8, 8, 9, 16], "texture": "#0"},
				"south": {"uv": [7, 8, 8, 16], "texture": "#0"},
				"west": {"uv": [7, 8, 8, 16], "texture": "#0"},
				"up": {"uv": [8, 10, 9, 11], "texture": "#0"},
				"down": {"uv": [7, 9, 8, 10], "texture": "#0"}
			}
		},
		{
			"name": "cube",
			"from": [4, 0, 13],
			"to": [5, 6, 14],
			"faces": {
				"north": {"uv": [8, 8, 10, 16], "texture": "#0"},
				"east": {"uv": [8, 8, 9, 16], "texture": "#0"},
				"south": {"uv": [7, 8, 9, 16], "texture": "#0"},
				"west": {"uv": [7, 8, 8, 16], "texture": "#0"},
				"up": {"uv": [8, 10, 10, 11], "texture": "#0"},
				"down": {"uv": [7, 9, 9, 10], "texture": "#0"}
			}
		},
		{
			"name": "cube",
			"from": [5, 0, 14],
			"to": [11, 6, 15],
			"faces": {
				"north": {"uv": [8, 8, 14, 16], "texture": "#0"},
				"east": {"uv": [8, 8, 9, 16], "texture": "#0"},
				"south": {"uv": [7, 8, 13, 16], "texture": "#0"},
				"west": {"uv": [7, 8, 8, 16], "texture": "#0"},
				"up": {"uv": [8, 10, 14, 11], "texture": "#0"},
				"down": {"uv": [7, 9, 13, 10], "texture": "#0"}
			}
		},
		{
			"name": "cube",
			"from": [14, 0, 5],
			"to": [15, 6, 11],
			"faces": {
				"north": {"uv": [8, 8, 9, 16], "texture": "#0"},
				"east": {"uv": [8, 8, 14, 16], "texture": "#0"},
				"south": {"uv": [7, 8, 8, 16], "texture": "#0"},
				"west": {"uv": [7, 8, 13, 16], "texture": "#0"},
				"up": {"uv": [8, 8, 9, 14], "texture": "#0"},
				"down": {"uv": [7, 9, 8, 15], "texture": "#0"}
			}
		},
		{
			"name": "cube",
			"from": [11, 0, 13],
			"to": [12, 6, 14],
			"faces": {
				"north": {"uv": [8, 8, 10, 16], "texture": "#0"},
				"east": {"uv": [8, 8, 9, 16], "texture": "#0"},
				"south": {"uv": [7, 8, 9, 16], "texture": "#0"},
				"west": {"uv": [7, 8, 8, 16], "texture": "#0"},
				"up": {"uv": [8, 10, 10, 11], "texture": "#0"},
				"down": {"uv": [7, 9, 9, 10], "texture": "#0"}
			}
		},
		{
			"name": "cube",
			"from": [12, 0, 12],
			"to": [13, 6, 13],
			"faces": {
				"north": {"uv": [8, 8, 9, 16], "texture": "#0"},
				"east": {"uv": [8, 8, 9, 16], "texture": "#0"},
				"south": {"uv": [7, 8, 8, 16], "texture": "#0"},
				"west": {"uv": [7, 8, 8, 16], "texture": "#0"},
				"up": {"uv": [8, 10, 9, 11], "texture": "#0"},
				"down": {"uv": [7, 9, 8, 10], "texture": "#0"}
			}
		},
		{
			"name": "cube",
			"from": [13, 0, 11],
			"to": [14, 6, 12],
			"faces": {
				"north": {"uv": [8, 8, 9, 16], "texture": "#0"},
				"east": {"uv": [8, 8, 10, 16], "texture": "#0"},
				"south": {"uv": [7, 8, 8, 16], "texture": "#0"},
				"west": {"uv": [7, 8, 9, 16], "texture": "#0"},
				"up": {"uv": [8, 10, 9, 12], "texture": "#0"},
				"down": {"uv": [7, 9, 8, 11], "texture": "#0"}
			}
		},
		{
			"name": "cube",
			"from": [13, 0, 4],
			"to": [14, 6, 5],
			"faces": {
				"north": {"uv": [8, 8, 9, 16], "texture": "#0"},
				"east": {"uv": [8, 8, 10, 16], "texture": "#0"},
				"south": {"uv": [7, 8, 8, 16], "texture": "#0"},
				"west": {"uv": [7, 8, 9, 16], "texture": "#0"},
				"up": {"uv": [8, 10, 9, 12], "texture": "#0"},
				"down": {"uv": [7, 9, 8, 11], "texture": "#0"}
			}
		},
		{
			"name": "cube",
			"from": [12, 0, 3],
			"to": [13, 6, 4],
			"faces": {
				"north": {"uv": [8, 8, 9, 16], "texture": "#0"},
				"east": {"uv": [8, 8, 9, 16], "texture": "#0"},
				"south": {"uv": [7, 8, 8, 16], "texture": "#0"},
				"west": {"uv": [7, 8, 8, 16], "texture": "#0"},
				"up": {"uv": [8, 10, 9, 11], "texture": "#0"},
				"down": {"uv": [7, 9, 8, 10], "texture": "#0"}
			}
		},
		{
			"name": "cube",
			"from": [11, 0, 2],
			"to": [12, 6, 3],
			"faces": {
				"north": {"uv": [8, 8, 10, 16], "texture": "#0"},
				"east": {"uv": [8, 8, 9, 16], "texture": "#0"},
				"south": {"uv": [7, 8, 9, 16], "texture": "#0"},
				"west": {"uv": [7, 8, 8, 16], "texture": "#0"},
				"up": {"uv": [8, 10, 10, 11], "texture": "#0"},
				"down": {"uv": [7, 9, 9, 10], "texture": "#0"}
			}
		},
		{
			"name": "cube",
			"from": [11, 0, 5],
			"to": [14, 1, 11],
			"faces": {
				"north": {"uv": [15, 6, 16, 7], "texture": "#0"},
				"east": {"uv": [15, 6, 16, 7], "texture": "#0"},
				"south": {"uv": [15, 6, 16, 7], "texture": "#0"},
				"west": {"uv": [15, 6, 16, 7], "texture": "#0"},
				"up": {"uv": [15, 6, 16, 7], "texture": "#0"},
				"down": {"uv": [15, 6, 16, 7], "texture": "#0"}
			}
		},
		{
			"name": "cube",
			"from": [3, 0, 11],
			"to": [4, 1, 12],
			"faces": {
				"north": {"uv": [15, 6, 16, 7], "texture": "#0"},
				"east": {"uv": [15, 6, 16, 7], "texture": "#0"},
				"south": {"uv": [15, 6, 16, 7], "texture": "#0"},
				"west": {"uv": [15, 6, 16, 7], "texture": "#0"},
				"up": {"uv": [15, 6, 16, 7], "texture": "#0"},
				"down": {"uv": [15, 6, 16, 7], "texture": "#0"}
			}
		},
		{
			"name": "cube",
			"from": [4, 0, 11],
			"to": [5, 1, 12],
			"faces": {
				"north": {"uv": [15, 6, 16, 7], "texture": "#0"},
				"east": {"uv": [15, 6, 16, 7], "texture": "#0"},
				"south": {"uv": [15, 6, 16, 7], "texture": "#0"},
				"west": {"uv": [15, 6, 16, 7], "texture": "#0"},
				"up": {"uv": [15, 6, 16, 7], "texture": "#0"},
				"down": {"uv": [15, 6, 16, 7], "texture": "#0"}
			}
		},
		{
			"name": "cube",
			"from": [2, 0, 5],
			"to": [5, 1, 11],
			"faces": {
				"north": {"uv": [15, 6, 16, 7], "texture": "#0"},
				"east": {"uv": [15, 6, 16, 7], "texture": "#0"},
				"south": {"uv": [15, 6, 16, 7], "texture": "#0"},
				"west": {"uv": [15, 6, 16, 7], "texture": "#0"},
				"up": {"uv": [15, 6, 16, 7], "texture": "#0"},
				"down": {"uv": [15, 6, 16, 7], "texture": "#0"}
			}
		},
		{
			"name": "cube",
			"from": [5, 0, 2],
			"to": [11, 1, 14],
			"faces": {
				"north": {"uv": [15, 6, 16, 7], "texture": "#0"},
				"east": {"uv": [15, 6, 16, 7], "texture": "#0"},
				"south": {"uv": [15, 6, 16, 7], "texture": "#0"},
				"west": {"uv": [15, 6, 16, 7], "texture": "#0"},
				"up": {"uv": [15, 6, 16, 7], "texture": "#0"},
				"down": {"uv": [15, 6, 16, 7], "texture": "#0"}
			}
		},
		{
			"name": "cube",
			"from": [5, 6, 1],
			"to": [11, 8, 15],
			"faces": {
				"north": {"uv": [0, 2, 1, 3], "texture": "#0"},
				"east": {"uv": [0, 2, 1, 3], "texture": "#0"},
				"south": {"uv": [0, 2, 1, 3], "texture": "#0"},
				"west": {"uv": [0, 2, 1, 3], "texture": "#0"},
				"up": {"uv": [5, 1, 11, 15], "texture": "#1"},
				"down": {"uv": [0, 2, 1, 3], "texture": "#0"}
			}
		},
		{
			"name": "cube",
			"from": [1, 6, 5],
			"to": [5, 8, 11],
			"faces": {
				"north": {"uv": [0, 2, 1, 3], "texture": "#0"},
				"east": {"uv": [0, 2, 1, 3], "texture": "#0"},
				"south": {"uv": [0, 2, 1, 3], "texture": "#0"},
				"west": {"uv": [0, 2, 1, 3], "texture": "#0"},
				"up": {"uv": [1, 5, 5, 11], "texture": "#1"},
				"down": {"uv": [0, 2, 1, 3], "texture": "#0"}
			}
		},
		{
			"name": "cube",
			"from": [3, 6, 3],
			"to": [5, 8, 5],
			"faces": {
				"north": {"uv": [0, 2, 1, 3], "texture": "#0"},
				"east": {"uv": [0, 2, 1, 3], "texture": "#0"},
				"south": {"uv": [0, 2, 1, 3], "texture": "#0"},
				"west": {"uv": [0, 2, 1, 3], "texture": "#0"},
				"up": {"uv": [3, 3, 5, 5], "texture": "#1"},
				"down": {"uv": [0, 2, 1, 3], "texture": "#0"}
			}
		},
		{
			"name": "cube",
			"from": [2, 6, 3],
			"to": [3, 8, 5],
			"faces": {
				"north": {"uv": [0, 2, 1, 3], "texture": "#0"},
				"east": {"uv": [0, 2, 1, 3], "texture": "#0"},
				"south": {"uv": [0, 2, 1, 3], "texture": "#0"},
				"west": {"uv": [0, 2, 1, 3], "texture": "#0"},
				"up": {"uv": [2, 3, 3, 5], "texture": "#1"},
				"down": {"uv": [0, 2, 1, 3], "texture": "#0"}
			}
		},
		{
			"name": "cube",
			"from": [3, 6, 2],
			"to": [5, 8, 3],
			"faces": {
				"north": {"uv": [0, 2, 1, 3], "texture": "#0"},
				"east": {"uv": [0, 2, 1, 3], "texture": "#0"},
				"south": {"uv": [0, 2, 1, 3], "texture": "#0"},
				"west": {"uv": [0, 2, 1, 3], "texture": "#0"},
				"up": {"uv": [3, 2, 5, 3], "texture": "#1"},
				"down": {"uv": [0, 2, 1, 3], "texture": "#0"}
			}
		},
		{
			"name": "cube",
			"from": [3, 6, 11],
			"to": [5, 8, 13],
			"faces": {
				"north": {"uv": [0, 2, 1, 3], "texture": "#0"},
				"east": {"uv": [0, 2, 1, 3], "texture": "#0"},
				"south": {"uv": [0, 2, 1, 3], "texture": "#0"},
				"west": {"uv": [0, 2, 1, 3], "texture": "#0"},
				"up": {"uv": [3, 11, 5, 13], "texture": "#1"},
				"down": {"uv": [0, 2, 1, 3], "texture": "#0"}
			}
		},
		{
			"name": "cube",
			"from": [3, 6, 13],
			"to": [5, 8, 14],
			"faces": {
				"north": {"uv": [0, 2, 1, 3], "texture": "#0"},
				"east": {"uv": [0, 2, 1, 3], "texture": "#0"},
				"south": {"uv": [0, 2, 1, 3], "texture": "#0"},
				"west": {"uv": [0, 2, 1, 3], "texture": "#0"},
				"up": {"uv": [3, 13, 5, 14], "texture": "#1"},
				"down": {"uv": [0, 2, 1, 3], "texture": "#0"}
			}
		},
		{
			"name": "cube",
			"from": [2, 6, 11],
			"to": [3, 8, 13],
			"faces": {
				"north": {"uv": [0, 2, 1, 3], "texture": "#0"},
				"east": {"uv": [0, 2, 1, 3], "texture": "#0"},
				"south": {"uv": [0, 2, 1, 3], "texture": "#0"},
				"west": {"uv": [0, 2, 1, 3], "texture": "#0"},
				"up": {"uv": [2, 11, 3, 13], "texture": "#1"},
				"down": {"uv": [0, 2, 1, 3], "texture": "#0"}
			}
		},
		{
			"name": "cube",
			"from": [11, 6, 11],
			"to": [13, 8, 13],
			"faces": {
				"north": {"uv": [0, 2, 1, 3], "texture": "#0"},
				"east": {"uv": [0, 2, 1, 3], "texture": "#0"},
				"south": {"uv": [0, 2, 1, 3], "texture": "#0"},
				"west": {"uv": [0, 2, 1, 3], "texture": "#0"},
				"up": {"uv": [11, 11, 13, 13], "texture": "#1"},
				"down": {"uv": [0, 2, 1, 3], "texture": "#0"}
			}
		},
		{
			"name": "cube",
			"from": [11, 6, 13],
			"to": [13, 8, 14],
			"faces": {
				"north": {"uv": [0, 2, 1, 3], "texture": "#0"},
				"east": {"uv": [0, 2, 1, 3], "texture": "#0"},
				"south": {"uv": [0, 2, 1, 3], "texture": "#0"},
				"west": {"uv": [0, 2, 1, 3], "texture": "#0"},
				"up": {"uv": [11, 13, 13, 14], "texture": "#1"},
				"down": {"uv": [0, 2, 1, 3], "texture": "#0"}
			}
		},
		{
			"name": "cube",
			"from": [13, 6, 11],
			"to": [14, 8, 13],
			"faces": {
				"north": {"uv": [0, 2, 1, 3], "texture": "#0"},
				"east": {"uv": [0, 2, 1, 3], "texture": "#0"},
				"south": {"uv": [0, 2, 1, 3], "texture": "#0"},
				"west": {"uv": [0, 2, 1, 3], "texture": "#0"},
				"up": {"uv": [13, 11, 14, 13], "texture": "#1"},
				"down": {"uv": [0, 2, 1, 3], "texture": "#0"}
			}
		},
		{
			"name": "cube",
			"from": [11, 6, 5],
			"to": [15, 8, 11],
			"faces": {
				"north": {"uv": [0, 2, 1, 3], "texture": "#0"},
				"east": {"uv": [0, 2, 1, 3], "texture": "#0"},
				"south": {"uv": [0, 2, 1, 3], "texture": "#0"},
				"west": {"uv": [0, 2, 1, 3], "texture": "#0"},
				"up": {"uv": [11, 5, 15, 11], "texture": "#1"},
				"down": {"uv": [0, 2, 1, 3], "texture": "#0"}
			}
		},
		{
			"name": "cube",
			"from": [11, 6, 2],
			"to": [13, 8, 3],
			"faces": {
				"north": {"uv": [0, 2, 1, 3], "texture": "#0"},
				"east": {"uv": [0, 2, 1, 3], "texture": "#0"},
				"south": {"uv": [0, 2, 1, 3], "texture": "#0"},
				"west": {"uv": [0, 2, 1, 3], "texture": "#0"},
				"up": {"uv": [11, 2, 13, 3], "texture": "#1"},
				"down": {"uv": [0, 2, 1, 3], "texture": "#0"}
			}
		},
		{
			"name": "cube",
			"from": [11, 6, 3],
			"to": [13, 8, 5],
			"faces": {
				"north": {"uv": [0, 2, 1, 3], "texture": "#0"},
				"east": {"uv": [0, 2, 1, 3], "texture": "#0"},
				"south": {"uv": [0, 2, 1, 3], "texture": "#0"},
				"west": {"uv": [0, 2, 1, 3], "texture": "#0"},
				"up": {"uv": [11, 3, 13, 5], "texture": "#1"},
				"down": {"uv": [0, 2, 1, 3], "texture": "#0"}
			}
		},
		{
			"name": "cube",
			"from": [13, 6, 3],
			"to": [14, 8, 5],
			"faces": {
				"north": {"uv": [0, 2, 1, 3], "texture": "#0"},
				"east": {"uv": [0, 2, 1, 3], "texture": "#0"},
				"south": {"uv": [0, 2, 1, 3], "texture": "#0"},
				"west": {"uv": [0, 2, 1, 3], "texture": "#0"},
				"up": {"uv": [13, 3, 14, 5], "texture": "#1"},
				"down": {"uv": [0, 2, 1, 3], "texture": "#0"}
			}
		},
		{
			"name": "cube",
			"from": [0, 6, 5],
			"to": [1, 8, 11],
			"faces": {
				"north": {"uv": [0, 2, 1, 3], "texture": "#0"},
				"east": {"uv": [0, 2, 1, 3], "texture": "#0"},
				"south": {"uv": [0, 2, 1, 3], "texture": "#0"},
				"west": {"uv": [0, 2, 1, 3], "texture": "#0"},
				"up": {"uv": [0, 5, 1, 11], "texture": "#1"},
				"down": {"uv": [0, 2, 1, 3], "texture": "#0"}
			}
		},
		{
			"name": "cube",
			"from": [4, 6, 14],
			"to": [5, 8, 15],
			"faces": {
				"north": {"uv": [0, 2, 1, 3], "texture": "#0"},
				"east": {"uv": [0, 2, 1, 3], "texture": "#0"},
				"south": {"uv": [0, 2, 1, 3], "texture": "#0"},
				"west": {"uv": [0, 2, 1, 3], "texture": "#0"},
				"up": {"uv": [3, 11, 5, 13], "texture": "#1"},
				"down": {"uv": [0, 2, 1, 3], "texture": "#0"}
			}
		},
		{
			"name": "cube",
			"from": [5, 6, 15],
			"to": [11, 8, 16],
			"faces": {
				"north": {"uv": [0, 2, 1, 3], "texture": "#0"},
				"east": {"uv": [0, 2, 1, 3], "texture": "#0"},
				"south": {"uv": [0, 2, 1, 3], "texture": "#0"},
				"west": {"uv": [0, 2, 1, 3], "texture": "#0"},
				"up": {"uv": [5, 15, 11, 16], "texture": "#1"},
				"down": {"uv": [0, 2, 1, 3], "texture": "#0"}
			}
		},
		{
			"name": "cube",
			"from": [15, 6, 5],
			"to": [16, 8, 11],
			"faces": {
				"north": {"uv": [0, 2, 1, 3], "texture": "#0"},
				"east": {"uv": [0, 2, 1, 3], "texture": "#0"},
				"south": {"uv": [0, 2, 1, 3], "texture": "#0"},
				"west": {"uv": [0, 2, 1, 3], "texture": "#0"},
				"up": {"uv": [15, 5, 16, 11], "texture": "#1"},
				"down": {"uv": [0, 2, 1, 3], "texture": "#0"}
			}
		},
		{
			"name": "cube",
			"from": [5, 6, 0],
			"to": [11, 8, 1],
			"faces": {
				"north": {"uv": [0, 2, 1, 3], "texture": "#0"},
				"east": {"uv": [0, 2, 1, 3], "texture": "#0"},
				"south": {"uv": [0, 2, 1, 3], "texture": "#0"},
				"west": {"uv": [0, 2, 1, 3], "texture": "#0"},
				"up": {"uv": [5, 15, 11, 16], "texture": "#1"},
				"down": {"uv": [0, 2, 1, 3], "texture": "#0"}
			}
		},
		{
			"name": "cube",
			"from": [6, 4, 15],
			"to": [8, 6, 16],
			"faces": {
				"north": {"uv": [0, 2, 1, 3], "texture": "#0"},
				"east": {"uv": [0, 2, 1, 3], "texture": "#0"},
				"south": {"uv": [0, 2, 1, 3], "texture": "#0"},
				"west": {"uv": [0, 2, 1, 3], "texture": "#0"},
				"up": {"uv": [5, 15, 11, 16], "texture": "#1"},
				"down": {"uv": [0, 2, 1, 3], "texture": "#0"}
			}
		},
		{
			"name": "cube",
			"from": [14, 4, 6],
			"to": [16, 6, 8],
			"faces": {
				"north": {"uv": [0, 2, 1, 3], "texture": "#0"},
				"east": {"uv": [0, 2, 1, 3], "texture": "#0"},
				"south": {"uv": [0, 2, 1, 3], "texture": "#0"},
				"west": {"uv": [0, 2, 1, 3], "texture": "#0"},
				"up": {"uv": [5, 15, 11, 16], "texture": "#1"},
				"down": {"uv": [0, 2, 1, 3], "texture": "#0"}
			}
		},
		{
			"name": "cube",
			"from": [7, 4, 0],
			"to": [9, 6, 2],
			"faces": {
				"north": {"uv": [0, 2, 1, 3], "texture": "#0"},
				"east": {"uv": [0, 2, 1, 3], "texture": "#0"},
				"south": {"uv": [0, 2, 1, 3], "texture": "#0"},
				"west": {"uv": [0, 2, 1, 3], "texture": "#0"},
				"up": {"uv": [5, 15, 11, 16], "texture": "#1"},
				"down": {"uv": [0, 2, 1, 3], "texture": "#0"}
			}
		},
		{
			"name": "cube",
			"from": [0, 4, 6],
			"to": [2, 6, 8],
			"faces": {
				"north": {"uv": [0, 2, 1, 3], "texture": "#0"},
				"east": {"uv": [0, 2, 1, 3], "texture": "#0"},
				"south": {"uv": [0, 2, 1, 3], "texture": "#0"},
				"west": {"uv": [0, 2, 1, 3], "texture": "#0"},
				"up": {"uv": [5, 15, 11, 16], "texture": "#1"},
				"down": {"uv": [0, 2, 1, 3], "texture": "#0"}
			}
		},
		{
			"name": "cube",
			"from": [1, 4, 4],
			"to": [2, 6, 5],
			"faces": {
				"north": {"uv": [0, 2, 1, 3], "texture": "#0"},
				"east": {"uv": [0, 2, 1, 3], "texture": "#0"},
				"south": {"uv": [0, 2, 1, 3], "texture": "#0"},
				"west": {"uv": [0, 2, 1, 3], "texture": "#0"},
				"up": {"uv": [5, 15, 11, 16], "texture": "#1"},
				"down": {"uv": [0, 2, 1, 3], "texture": "#0"}
			}
		},
		{
			"name": "cube",
			"from": [4, 4, 1],
			"to": [5, 6, 2],
			"faces": {
				"north": {"uv": [0, 2, 1, 3], "texture": "#0"},
				"east": {"uv": [0, 2, 1, 3], "texture": "#0"},
				"south": {"uv": [0, 2, 1, 3], "texture": "#0"},
				"west": {"uv": [0, 2, 1, 3], "texture": "#0"},
				"up": {"uv": [5, 15, 11, 16], "texture": "#1"},
				"down": {"uv": [0, 2, 1, 3], "texture": "#0"}
			}
		},
		{
			"name": "cube",
			"from": [12, 4, 2],
			"to": [13, 6, 3],
			"faces": {
				"north": {"uv": [0, 2, 1, 3], "texture": "#0"},
				"east": {"uv": [0, 2, 1, 3], "texture": "#0"},
				"south": {"uv": [0, 2, 1, 3], "texture": "#0"},
				"west": {"uv": [0, 2, 1, 3], "texture": "#0"},
				"up": {"uv": [5, 15, 11, 16], "texture": "#1"},
				"down": {"uv": [0, 2, 1, 3], "texture": "#0"}
			}
		},
		{
			"name": "cube",
			"from": [14, 4, 11],
			"to": [15, 6, 12],
			"faces": {
				"north": {"uv": [0, 2, 1, 3], "texture": "#0"},
				"east": {"uv": [0, 2, 1, 3], "texture": "#0"},
				"south": {"uv": [0, 2, 1, 3], "texture": "#0"},
				"west": {"uv": [0, 2, 1, 3], "texture": "#0"},
				"up": {"uv": [5, 15, 11, 16], "texture": "#1"},
				"down": {"uv": [0, 2, 1, 3], "texture": "#0"}
			}
		},
		{
			"name": "cube",
			"from": [9, 4, 15],
			"to": [10, 6, 16],
			"faces": {
				"north": {"uv": [0, 2, 1, 3], "texture": "#0"},
				"east": {"uv": [0, 2, 1, 3], "texture": "#0"},
				"south": {"uv": [0, 2, 1, 3], "texture": "#0"},
				"west": {"uv": [0, 2, 1, 3], "texture": "#0"},
				"up": {"uv": [5, 15, 11, 16], "texture": "#1"},
				"down": {"uv": [0, 2, 1, 3], "texture": "#0"}
			}
		},
		{
			"name": "cube",
			"from": [3, 4, 13],
			"to": [4, 6, 14],
			"faces": {
				"north": {"uv": [0, 2, 1, 3], "texture": "#0"},
				"east": {"uv": [0, 2, 1, 3], "texture": "#0"},
				"south": {"uv": [0, 2, 1, 3], "texture": "#0"},
				"west": {"uv": [0, 2, 1, 3], "texture": "#0"},
				"up": {"uv": [5, 15, 11, 16], "texture": "#1"},
				"down": {"uv": [0, 2, 1, 3], "texture": "#0"}
			}
		},
		{
			"name": "cube",
			"from": [1, 5, 11],
			"to": [2, 6, 12],
			"faces": {
				"north": {"uv": [0, 2, 1, 3], "texture": "#0"},
				"east": {"uv": [0, 2, 1, 3], "texture": "#0"},
				"south": {"uv": [0, 2, 1, 3], "texture": "#0"},
				"west": {"uv": [0, 2, 1, 3], "texture": "#0"},
				"up": {"uv": [5, 15, 11, 16], "texture": "#1"},
				"down": {"uv": [0, 2, 1, 3], "texture": "#0"}
			}
		},
		{
			"name": "cube",
			"from": [0, 4, 10],
			"to": [1, 6, 11],
			"faces": {
				"north": {"uv": [0, 2, 1, 3], "texture": "#0"},
				"east": {"uv": [0, 2, 1, 3], "texture": "#0"},
				"south": {"uv": [0, 2, 1, 3], "texture": "#0"},
				"west": {"uv": [0, 2, 1, 3], "texture": "#0"},
				"up": {"uv": [5, 15, 11, 16], "texture": "#1"},
				"down": {"uv": [0, 2, 1, 3], "texture": "#0"}
			}
		},
		{
			"name": "cube",
			"from": [15, 5, 9],
			"to": [16, 6, 10],
			"faces": {
				"north": {"uv": [0, 2, 1, 3], "texture": "#0"},
				"east": {"uv": [0, 2, 1, 3], "texture": "#0"},
				"south": {"uv": [0, 2, 1, 3], "texture": "#0"},
				"west": {"uv": [0, 2, 1, 3], "texture": "#0"},
				"up": {"uv": [5, 15, 11, 16], "texture": "#1"},
				"down": {"uv": [0, 2, 1, 3], "texture": "#0"}
			}
		},
		{
			"name": "cube",
			"from": [11, 5, 14],
			"to": [12, 6, 15],
			"faces": {
				"north": {"uv": [0, 2, 1, 3], "texture": "#0"},
				"east": {"uv": [0, 2, 1, 3], "texture": "#0"},
				"south": {"uv": [0, 2, 1, 3], "texture": "#0"},
				"west": {"uv": [0, 2, 1, 3], "texture": "#0"},
				"up": {"uv": [5, 15, 11, 16], "texture": "#1"},
				"down": {"uv": [0, 2, 1, 3], "texture": "#0"}
			}
		},
		{
			"name": "cube",
			"from": [4, 5, 14],
			"to": [5, 6, 15],
			"faces": {
				"north": {"uv": [0, 2, 1, 3], "texture": "#0"},
				"east": {"uv": [0, 2, 1, 3], "texture": "#0"},
				"south": {"uv": [0, 2, 1, 3], "texture": "#0"},
				"west": {"uv": [0, 2, 1, 3], "texture": "#0"},
				"up": {"uv": [5, 15, 11, 16], "texture": "#1"},
				"down": {"uv": [0, 2, 1, 3], "texture": "#0"}
			}
		},
		{
			"name": "cube",
			"from": [0, 5, 8],
			"to": [1, 6, 9],
			"faces": {
				"north": {"uv": [0, 2, 1, 3], "texture": "#0"},
				"east": {"uv": [0, 2, 1, 3], "texture": "#0"},
				"south": {"uv": [0, 2, 1, 3], "texture": "#0"},
				"west": {"uv": [0, 2, 1, 3], "texture": "#0"},
				"up": {"uv": [5, 15, 11, 16], "texture": "#1"},
				"down": {"uv": [0, 2, 1, 3], "texture": "#0"}
			}
		},
		{
			"name": "cube",
			"from": [2, 5, 3],
			"to": [3, 6, 4],
			"faces": {
				"north": {"uv": [0, 2, 1, 3], "texture": "#0"},
				"east": {"uv": [0, 2, 1, 3], "texture": "#0"},
				"south": {"uv": [0, 2, 1, 3], "texture": "#0"},
				"west": {"uv": [0, 2, 1, 3], "texture": "#0"},
				"up": {"uv": [5, 15, 11, 16], "texture": "#1"},
				"down": {"uv": [0, 2, 1, 3], "texture": "#0"}
			}
		},
		{
			"name": "cube",
			"from": [6, 5, 0],
			"to": [7, 6, 1],
			"faces": {
				"north": {"uv": [0, 2, 1, 3], "texture": "#0"},
				"east": {"uv": [0, 2, 1, 3], "texture": "#0"},
				"south": {"uv": [0, 2, 1, 3], "texture": "#0"},
				"west": {"uv": [0, 2, 1, 3], "texture": "#0"},
				"up": {"uv": [5, 15, 11, 16], "texture": "#1"},
				"down": {"uv": [0, 2, 1, 3], "texture": "#0"}
			}
		},
		{
			"name": "cube",
			"from": [11, 5, 1],
			"to": [12, 6, 2],
			"faces": {
				"north": {"uv": [0, 2, 1, 3], "texture": "#0"},
				"east": {"uv": [0, 2, 1, 3], "texture": "#0"},
				"south": {"uv": [0, 2, 1, 3], "texture": "#0"},
				"west": {"uv": [0, 2, 1, 3], "texture": "#0"},
				"up": {"uv": [5, 15, 11, 16], "texture": "#1"},
				"down": {"uv": [0, 2, 1, 3], "texture": "#0"}
			}
		},
		{
			"name": "cube",
			"from": [14, 5, 4],
			"to": [15, 6, 5],
			"faces": {
				"north": {"uv": [0, 2, 1, 3], "texture": "#0"},
				"east": {"uv": [0, 2, 1, 3], "texture": "#0"},
				"south": {"uv": [0, 2, 1, 3], "texture": "#0"},
				"west": {"uv": [0, 2, 1, 3], "texture": "#0"},
				"up": {"uv": [5, 15, 11, 16], "texture": "#1"},
				"down": {"uv": [0, 2, 1, 3], "texture": "#0"}
			}
		},
		{
			"name": "cube",
			"from": [15, 5, 5],
			"to": [16, 6, 6],
			"faces": {
				"north": {"uv": [0, 2, 1, 3], "texture": "#0"},
				"east": {"uv": [0, 2, 1, 3], "texture": "#0"},
				"south": {"uv": [0, 2, 1, 3], "texture": "#0"},
				"west": {"uv": [0, 2, 1, 3], "texture": "#0"},
				"up": {"uv": [5, 15, 11, 16], "texture": "#1"},
				"down": {"uv": [0, 2, 1, 3], "texture": "#0"}
			}
		},
		{
			"name": "cube",
			"from": [13, 5, 12],
			"to": [14, 6, 13],
			"faces": {
				"north": {"uv": [0, 2, 1, 3], "texture": "#0"},
				"east": {"uv": [0, 2, 1, 3], "texture": "#0"},
				"south": {"uv": [0, 2, 1, 3], "texture": "#0"},
				"west": {"uv": [0, 2, 1, 3], "texture": "#0"},
				"up": {"uv": [5, 15, 11, 16], "texture": "#1"},
				"down": {"uv": [0, 2, 1, 3], "texture": "#0"}
			}
		},
		{
			"name": "cube",
			"from": [9, 5, 0],
			"to": [10, 6, 1],
			"faces": {
				"north": {"uv": [0, 2, 1, 3], "texture": "#0"},
				"east": {"uv": [0, 2, 1, 3], "texture": "#0"},
				"south": {"uv": [0, 2, 1, 3], "texture": "#0"},
				"west": {"uv": [0, 2, 1, 3], "texture": "#0"},
				"up": {"uv": [5, 15, 11, 16], "texture": "#1"},
				"down": {"uv": [0, 2, 1, 3], "texture": "#0"}
			}
		},
		{
			"name": "cube",
			"from": [5, 8, 4],
			"to": [6, 8.5, 5],
			"faces": {
				"north": {"uv": [0, 10, 1, 11], "texture": "#0"},
				"east": {"uv": [0, 10, 1, 11], "texture": "#0"},
				"south": {"uv": [0, 10, 1, 11], "texture": "#0"},
				"west": {"uv": [0, 10, 1, 11], "texture": "#0"},
				"up": {"uv": [0, 10, 1, 11], "texture": "#0"},
				"down": {"uv": [0, 10, 1, 11], "texture": "#0"}
			}
		},
		{
			"name": "cube",
			"from": [9, 8, 4],
			"to": [10, 8.5, 5],
			"faces": {
				"north": {"uv": [0, 10, 1, 11], "texture": "#0"},
				"east": {"uv": [0, 10, 1, 11], "texture": "#0"},
				"south": {"uv": [0, 10, 1, 11], "texture": "#0"},
				"west": {"uv": [0, 10, 1, 11], "texture": "#0"},
				"up": {"uv": [0, 10, 1, 11], "texture": "#0"},
				"down": {"uv": [0, 10, 1, 11], "texture": "#0"}
			}
		},
		{
			"name": "cube",
			"from": [9, 8, 11],
			"to": [10, 8.5, 12],
			"faces": {
				"north": {"uv": [0, 10, 1, 11], "texture": "#0"},
				"east": {"uv": [0, 10, 1, 11], "texture": "#0"},
				"south": {"uv": [0, 10, 1, 11], "texture": "#0"},
				"west": {"uv": [0, 10, 1, 11], "texture": "#0"},
				"up": {"uv": [0, 10, 1, 11], "texture": "#0"},
				"down": {"uv": [0, 10, 1, 11], "texture": "#0"}
			}
		},
		{
			"name": "cube",
			"from": [1, 8, 7.5],
			"to": [2, 8.5, 8.5],
			"faces": {
				"north": {"uv": [0, 10, 1, 11], "texture": "#0"},
				"east": {"uv": [0, 10, 1, 11], "texture": "#0"},
				"south": {"uv": [0, 10, 1, 11], "texture": "#0"},
				"west": {"uv": [0, 10, 1, 11], "texture": "#0"},
				"up": {"uv": [0, 10, 1, 11], "texture": "#0"},
				"down": {"uv": [0, 10, 1, 11], "texture": "#0"}
			}
		},
		{
			"name": "cube",
			"from": [12, 8, 7.5],
			"to": [13, 8.5, 8.5],
			"faces": {
				"north": {"uv": [0, 10, 1, 11], "texture": "#0"},
				"east": {"uv": [0, 10, 1, 11], "texture": "#0"},
				"south": {"uv": [0, 10, 1, 11], "texture": "#0"},
				"west": {"uv": [0, 10, 1, 11], "texture": "#0"},
				"up": {"uv": [0, 10, 1, 11], "texture": "#0"},
				"down": {"uv": [0, 10, 1, 11], "texture": "#0"}
			}
		},
		{
			"name": "cube",
			"from": [13.5, 8, 4.5],
			"to": [14.5, 8.5, 5.5],
			"faces": {
				"north": {"uv": [0, 10, 1, 11], "texture": "#0"},
				"east": {"uv": [0, 10, 1, 11], "texture": "#0"},
				"south": {"uv": [0, 10, 1, 11], "texture": "#0"},
				"west": {"uv": [0, 10, 1, 11], "texture": "#0"},
				"up": {"uv": [0, 10, 1, 11], "texture": "#0"},
				"down": {"uv": [0, 10, 1, 11], "texture": "#0"}
			}
		},
		{
			"name": "cube",
			"from": [3.5, 8, 10.5],
			"to": [4.5, 8.5, 11.5],
			"faces": {
				"north": {"uv": [0, 10, 1, 11], "texture": "#0"},
				"east": {"uv": [0, 10, 1, 11], "texture": "#0"},
				"south": {"uv": [0, 10, 1, 11], "texture": "#0"},
				"west": {"uv": [0, 10, 1, 11], "texture": "#0"},
				"up": {"uv": [0, 10, 1, 11], "texture": "#0"},
				"down": {"uv": [0, 10, 1, 11], "texture": "#0"}
			}
		},
		{
			"name": "cube",
			"from": [6.5, 8, 13.5],
			"to": [7.5, 8.5, 14.5],
			"faces": {
				"north": {"uv": [0, 10, 1, 11], "texture": "#0"},
				"east": {"uv": [0, 10, 1, 11], "texture": "#0"},
				"south": {"uv": [0, 10, 1, 11], "texture": "#0"},
				"west": {"uv": [0, 10, 1, 11], "texture": "#0"},
				"up": {
					"uv": [0, 10, 1, 11],
					"texture": "#0",
					"rotation": 90
				},
				"down": {
					"uv": [0, 10, 1, 11],
					"texture": "#0",
					"rotation": 270
				}
			},
			"rotation": {
				"origin": [10, 8, 7],
				"axis": "y",
				"angle": 0
			}
		},
		{
			"name": "cube",
			"from": [7.5, 8, 8],
			"to": [8.5, 8.5, 9],
			"faces": {
				"north": {"uv": [0, 10, 1, 11], "texture": "#0"},
				"east": {"uv": [0, 10, 1, 11], "texture": "#0"},
				"south": {"uv": [0, 10, 1, 11], "texture": "#0"},
				"west": {"uv": [0, 10, 1, 11], "texture": "#0"},
				"up": {
					"uv": [0, 10, 1, 11],
					"texture": "#0",
					"rotation": 90
				},
				"down": {
					"uv": [0, 10, 1, 11],
					"texture": "#0",
					"rotation": 270
				}
			},
			"rotation": {
				"origin": [8, 8, 1],
				"axis": "y",
				"angle": 0
			}
		},
		{
			"name": "cube",
			"from": [10.5, 8, 2.5],
			"to": [11.5, 8.5, 3.5],
			"faces": {
				"north": {"uv": [0, 10, 1, 11], "texture": "#0"},
				"east": {"uv": [0, 10, 1, 11], "texture": "#0"},
				"south": {"uv": [0, 10, 1, 11], "texture": "#0"},
				"west": {"uv": [0, 10, 1, 11], "texture": "#0"},
				"up": {
					"uv": [0, 10, 1, 11],
					"texture": "#0",
					"rotation": 270
				},
				"down": {
					"uv": [0, 10, 1, 11],
					"texture": "#0",
					"rotation": 90
				}
			},
			"rotation": {
				"origin": [8, 8, 10],
				"axis": "y",
				"angle": 0
			}
		},
		{
			"name": "cube",
			"from": [6.5, 8, 1],
			"to": [7.5, 8.5, 2],
			"faces": {
				"north": {"uv": [0, 10, 1, 11], "texture": "#0"},
				"east": {"uv": [0, 10, 1, 11], "texture": "#0"},
				"south": {"uv": [0, 10, 1, 11], "texture": "#0"},
				"west": {"uv": [0, 10, 1, 11], "texture": "#0"},
				"up": {
					"uv": [0, 10, 1, 11],
					"texture": "#0",
					"rotation": 270
				},
				"down": {
					"uv": [0, 10, 1, 11],
					"texture": "#0",
					"rotation": 90
				}
			},
			"rotation": {
				"origin": [7, 8, 9],
				"axis": "y",
				"angle": 0
			}
		},
		{
			"name": "cube",
			"from": [4.5, 8, 7.5],
			"to": [5.5, 8.5, 8.5],
			"faces": {
				"north": {"uv": [0, 10, 1, 11], "texture": "#0"},
				"east": {"uv": [0, 10, 1, 11], "texture": "#0"},
				"south": {"uv": [0, 10, 1, 11], "texture": "#0"},
				"west": {"uv": [0, 10, 1, 11], "texture": "#0"},
				"up": {
					"uv": [0, 10, 1, 11],
					"texture": "#0",
					"rotation": 270
				},
				"down": {
					"uv": [0, 10, 1, 11],
					"texture": "#0",
					"rotation": 90
				}
			},
			"rotation": {
				"origin": [8, 8, 15],
				"axis": "y",
				"angle": 0
			}
		},
		{
			"name": "cube",
			"from": [4, 0, 12],
			"to": [5, 1, 13],
			"faces": {
				"north": {"uv": [15, 6, 16, 7], "texture": "#0"},
				"east": {"uv": [15, 6, 16, 7], "texture": "#0"},
				"south": {"uv": [15, 6, 16, 7], "texture": "#0"},
				"west": {"uv": [15, 6, 16, 7], "texture": "#0"},
				"up": {"uv": [15, 6, 16, 7], "texture": "#0"},
				"down": {"uv": [15, 6, 16, 7], "texture": "#0"}
			}
		},
		{
			"name": "cube",
			"from": [12, 0, 11],
			"to": [13, 1, 12],
			"faces": {
				"north": {"uv": [15, 6, 16, 7], "texture": "#0"},
				"east": {"uv": [15, 6, 16, 7], "texture": "#0"},
				"south": {"uv": [15, 6, 16, 7], "texture": "#0"},
				"west": {"uv": [15, 6, 16, 7], "texture": "#0"},
				"up": {"uv": [15, 6, 16, 7], "texture": "#0"},
				"down": {"uv": [15, 6, 16, 7], "texture": "#0"}
			}
		},
		{
			"name": "cube",
			"from": [11, 0, 11],
			"to": [12, 1, 12],
			"faces": {
				"north": {"uv": [15, 6, 16, 7], "texture": "#0"},
				"east": {"uv": [15, 6, 16, 7], "texture": "#0"},
				"south": {"uv": [15, 6, 16, 7], "texture": "#0"},
				"west": {"uv": [15, 6, 16, 7], "texture": "#0"},
				"up": {"uv": [15, 6, 16, 7], "texture": "#0"},
				"down": {"uv": [15, 6, 16, 7], "texture": "#0"}
			}
		},
		{
			"name": "cube",
			"from": [11, 0, 12],
			"to": [12, 1, 13],
			"faces": {
				"north": {"uv": [15, 6, 16, 7], "texture": "#0"},
				"east": {"uv": [15, 6, 16, 7], "texture": "#0"},
				"south": {"uv": [15, 6, 16, 7], "texture": "#0"},
				"west": {"uv": [15, 6, 16, 7], "texture": "#0"},
				"up": {"uv": [15, 6, 16, 7], "texture": "#0"},
				"down": {"uv": [15, 6, 16, 7], "texture": "#0"}
			}
		},
		{
			"name": "cube",
			"from": [12, 0, 4],
			"to": [13, 1, 5],
			"faces": {
				"north": {"uv": [15, 6, 16, 7], "texture": "#0"},
				"east": {"uv": [15, 6, 16, 7], "texture": "#0"},
				"south": {"uv": [15, 6, 16, 7], "texture": "#0"},
				"west": {"uv": [15, 6, 16, 7], "texture": "#0"},
				"up": {"uv": [15, 6, 16, 7], "texture": "#0"},
				"down": {"uv": [15, 6, 16, 7], "texture": "#0"}
			}
		},
		{
			"name": "cube",
			"from": [11, 0, 4],
			"to": [12, 1, 5],
			"faces": {
				"north": {"uv": [15, 6, 16, 7], "texture": "#0"},
				"east": {"uv": [15, 6, 16, 7], "texture": "#0"},
				"south": {"uv": [15, 6, 16, 7], "texture": "#0"},
				"west": {"uv": [15, 6, 16, 7], "texture": "#0"},
				"up": {"uv": [15, 6, 16, 7], "texture": "#0"},
				"down": {"uv": [15, 6, 16, 7], "texture": "#0"}
			}
		},
		{
			"name": "cube",
			"from": [11, 0, 3],
			"to": [12, 1, 4],
			"faces": {
				"north": {"uv": [15, 6, 16, 7], "texture": "#0"},
				"east": {"uv": [15, 6, 16, 7], "texture": "#0"},
				"south": {"uv": [15, 6, 16, 7], "texture": "#0"},
				"west": {"uv": [15, 6, 16, 7], "texture": "#0"},
				"up": {"uv": [15, 6, 16, 7], "texture": "#0"},
				"down": {"uv": [15, 6, 16, 7], "texture": "#0"}
			}
		},
		{
			"name": "cube",
			"from": [3, 0, 4],
			"to": [4, 1, 5],
			"faces": {
				"north": {"uv": [15, 6, 16, 7], "texture": "#0"},
				"east": {"uv": [15, 6, 16, 7], "texture": "#0"},
				"south": {"uv": [15, 6, 16, 7], "texture": "#0"},
				"west": {"uv": [15, 6, 16, 7], "texture": "#0"},
				"up": {"uv": [15, 6, 16, 7], "texture": "#0"},
				"down": {"uv": [15, 6, 16, 7], "texture": "#0"}
			}
		},
		{
			"name": "cube",
			"from": [4, 0, 3],
			"to": [5, 1, 4],
			"faces": {
				"north": {"uv": [15, 6, 16, 7], "texture": "#0"},
				"east": {"uv": [15, 6, 16, 7], "texture": "#0"},
				"south": {"uv": [15, 6, 16, 7], "texture": "#0"},
				"west": {"uv": [15, 6, 16, 7], "texture": "#0"},
				"up": {"uv": [15, 6, 16, 7], "texture": "#0"},
				"down": {"uv": [15, 6, 16, 7], "texture": "#0"}
			}
		},
		{
			"name": "cube",
			"from": [4, 0, 4],
			"to": [5, 1, 5],
			"faces": {
				"north": {"uv": [15, 6, 16, 7], "texture": "#0"},
				"east": {"uv": [15, 6, 16, 7], "texture": "#0"},
				"south": {"uv": [15, 6, 16, 7], "texture": "#0"},
				"west": {"uv": [15, 6, 16, 7], "texture": "#0"},
				"up": {"uv": [15, 6, 16, 7], "texture": "#0"},
				"down": {"uv": [15, 6, 16, 7], "texture": "#0"}
			}
		},
		{
			"name": "cube",
			"from": [1, 6, 11],
			"to": [2, 8, 12],
			"faces": {
				"north": {"uv": [0, 2, 1, 3], "texture": "#0"},
				"east": {"uv": [0, 2, 1, 3], "texture": "#0"},
				"south": {"uv": [0, 2, 1, 3], "texture": "#0"},
				"west": {"uv": [0, 2, 1, 3], "texture": "#0"},
				"up": {"uv": [3, 11, 5, 13], "texture": "#1"},
				"down": {"uv": [0, 2, 1, 3], "texture": "#0"}
			}
		},
		{
			"name": "cube",
			"from": [14, 6, 11],
			"to": [15, 8, 12],
			"faces": {
				"north": {"uv": [0, 2, 1, 3], "texture": "#0"},
				"east": {"uv": [0, 2, 1, 3], "texture": "#0"},
				"south": {"uv": [0, 2, 1, 3], "texture": "#0"},
				"west": {"uv": [0, 2, 1, 3], "texture": "#0"},
				"up": {"uv": [5, 15, 11, 16], "texture": "#1"},
				"down": {"uv": [0, 2, 1, 3], "texture": "#0"}
			}
		},
		{
			"name": "cube",
			"from": [11, 6, 14],
			"to": [12, 8, 15],
			"faces": {
				"north": {"uv": [0, 2, 1, 3], "texture": "#0"},
				"east": {"uv": [0, 2, 1, 3], "texture": "#0"},
				"south": {"uv": [0, 2, 1, 3], "texture": "#0"},
				"west": {"uv": [0, 2, 1, 3], "texture": "#0"},
				"up": {"uv": [5, 15, 11, 16], "texture": "#1"},
				"down": {"uv": [0, 2, 1, 3], "texture": "#0"}
			}
		},
		{
			"name": "cube",
			"from": [11, 8, 11.5],
			"to": [12, 8.5, 12.5],
			"faces": {
				"north": {"uv": [0, 10, 1, 11], "texture": "#0"},
				"east": {"uv": [0, 10, 1, 11], "texture": "#0"},
				"south": {"uv": [0, 10, 1, 11], "texture": "#0"},
				"west": {"uv": [0, 10, 1, 11], "texture": "#0"},
				"up": {"uv": [0, 10, 1, 11], "texture": "#0"},
				"down": {"uv": [0, 10, 1, 11], "texture": "#0"}
			}
		},
		{
			"name": "cube",
			"from": [4, 6, 1],
			"to": [5, 8, 2],
			"faces": {
				"north": {"uv": [0, 2, 1, 3], "texture": "#0"},
				"east": {"uv": [0, 2, 1, 3], "texture": "#0"},
				"south": {"uv": [0, 2, 1, 3], "texture": "#0"},
				"west": {"uv": [0, 2, 1, 3], "texture": "#0"},
				"up": {"uv": [5, 15, 11, 16], "texture": "#1"},
				"down": {"uv": [0, 2, 1, 3], "texture": "#0"}
			}
		},
		{
			"name": "cube",
			"from": [1, 6, 4],
			"to": [2, 8, 5],
			"faces": {
				"north": {"uv": [0, 2, 1, 3], "texture": "#0"},
				"east": {"uv": [0, 2, 1, 3], "texture": "#0"},
				"south": {"uv": [0, 2, 1, 3], "texture": "#0"},
				"west": {"uv": [0, 2, 1, 3], "texture": "#0"},
				"up": {"uv": [5, 15, 11, 16], "texture": "#1"},
				"down": {"uv": [0, 2, 1, 3], "texture": "#0"}
			}
		},
		{
			"name": "cube",
			"from": [11, 6, 1],
			"to": [12, 8, 2],
			"faces": {
				"north": {"uv": [0, 2, 1, 3], "texture": "#0"},
				"east": {"uv": [0, 2, 1, 3], "texture": "#0"},
				"south": {"uv": [0, 2, 1, 3], "texture": "#0"},
				"west": {"uv": [0, 2, 1, 3], "texture": "#0"},
				"up": {"uv": [5, 15, 11, 16], "texture": "#1"},
				"down": {"uv": [0, 2, 1, 3], "texture": "#0"}
			}
		},
		{
			"name": "cube",
			"from": [14, 6, 4],
			"to": [15, 8, 5],
			"faces": {
				"north": {"uv": [0, 2, 1, 3], "texture": "#0"},
				"east": {"uv": [0, 2, 1, 3], "texture": "#0"},
				"south": {"uv": [0, 2, 1, 3], "texture": "#0"},
				"west": {"uv": [0, 2, 1, 3], "texture": "#0"},
				"up": {"uv": [5, 15, 11, 16], "texture": "#1"},
				"down": {"uv": [0, 2, 1, 3], "texture": "#0"}
			}
		}
	],
	"groups": [
		{
			"name": "boden",
			"origin": [8, 8, 8],
			"isOpen": true,
			"display": {
				"visibility": true,
				"export": true,
				"autouv": true
			},
			"children": [
				16,
				17,
				18,
				19,
				20,
				76,
				77,
				78,
				79,
				80,
				81,
				82,
				83,
				84,
				85
			]
		},
		{
			"name": "seiten",
			"origin": [8, 8, 8],
			"isOpen": true,
			"display": {
				"visibility": true,
				"export": true,
				"autouv": true
			},
			"children": [
				15,
				0,
				1,
				2,
				3,
				4,
				5,
				6,
				7,
				8,
				9,
				10,
				11,
				12,
				13,
				14
			]
		},
		{
			"name": "topping",
			"origin": [8, 8, 8],
			"isOpen": true,
			"display": {
				"visibility": true,
				"export": true,
				"autouv": true
			},
			"children": [
				21,
				22,
				23,
				24,
				25,
				26,
				27,
				28,
				29,
				30,
				31,
				32,
				33,
				34,
				35,
				36,
				37,
				38,
				39,
				40,
				41,
				42,
				43,
				44,
				45,
				46,
				47,
				48,
				49,
				50,
				51,
				52,
				53,
				54,
				55,
				56,
				57,
				58,
				59,
				60,
				61,
				62,
				63,
				86,
				87,
				88,
				90,
				91,
				92,
				93
			]
		},
		{
			"name": "group",
			"origin": [8, 8, 8],
			"isOpen": true,
			"display": {
				"visibility": true,
				"export": true,
				"autouv": true
			},
			"children": [
				64,
				65,
				66,
				67,
				68,
				69,
				70,
				71,
				72,
				73,
				74,
				75,
				89
			]
		}
	],
	"display": {
		"head": {"scale": [1, 1, 1]},
		"thirdperson_righthand": {
			"scale": [0.4, 0.4, 0.4],
			"rotation": [45, 45, 0],
			"translation": [-1.5, 2, 0]
		},
		"thirdperson_lefthand": {
			"scale": [0.4, 0.4, 0.4],
			"rotation": [45, 45, 0],
			"translation": [-1.5, 2, 0]
		},
		"firstperson_righthand": {
			"scale": [0.4, 0.4, 0.4],
			"translation": [2.5, 3, 0],
			"rotation": [26, 45, 0]
		},
		"firstperson_lefthand": {
			"scale": [0.4, 0.4, 0.4],
			"rotation": [26, 45, 0],
			"translation": [2.5, 3, 0]
		},
		"ground": {
			"scale": [0.35, 0.35, 0.35],
			"translation": [0, 3.5, 0]
		},
		"gui": {
			"scale": [0.75, 0.75, 0.75],
			"rotation": [30, 45, 0],
			"translation": [0, 2.5, 0]
		},
		"fixed": {
			"scale": [0.6, 0.6, 0.6],
			"rotation": [-90, 0, 0],
			"translation": [0, 0, -3.5]
		}
	}
}