{
	"__comment": "Designed by CreatorLabs with Cubik Studio - https://cubik.studio",
	"ambientocclusion": "true",
	"textures": {
		"particle": "3d_blocks/crop_green",
		"texture": "3d_blocks/crop_green"
	},
	"elements": [ 	 
		{
			"__comment": "main",
			"from": [ 2, -1, 12 ],
			"to": [ 4, 0, 13 ],
			"faces": {
				"down": { "uv": [ 2, 3, 4, 4 ], "texture": "#texture" },
				"up": { "uv": [ 2, 12, 4, 13 ], "texture": "#texture" },
				"north": { "uv": [ 12, 0, 14, 1 ], "texture": "#texture" },
				"south": { "uv": [ 2, 0, 4, 1 ], "texture": "#texture" },
				"west": { "uv": [ 12, 0, 13, 1 ], "texture": "#texture" },
				"east": { "uv": [ 3, 0, 4, 1 ], "texture": "#texture" }
			}
		},
		{
			"__comment": "main1",
			"from": [ 2, 0, 12 ],
			"to": [ 3, 1, 13 ],
			"faces": {
				"down": { "uv": [ 2, 3, 3, 4 ], "texture": "#texture" },
				"up": { "uv": [ 2, 12, 3, 13 ], "texture": "#texture" },
				"north": { "uv": [ 13, 15, 14, 16 ], "texture": "#texture" },
				"south": { "uv": [ 2, 15, 3, 16 ], "texture": "#texture" },
				"west": { "uv": [ 12, 15, 13, 16 ], "texture": "#texture" },
				"east": { "uv": [ 3, 15, 4, 16 ], "texture": "#texture" }
			}
		},
		{
			"__comment": "main2",
			"from": [ 2.5, -1, 2 ],
			"to": [ 3.5, 0, 3 ],
			"faces": {
				"down": { "uv": [ 2.5, 13, 3.5, 14 ], "texture": "#texture" },
				"up": { "uv": [ 2.5, 2, 3.5, 3 ], "texture": "#texture" },
				"north": { "uv": [ 12.5, 0, 13.5, 1 ], "texture": "#texture" },
				"south": { "uv": [ 2.5, 0, 3.5, 1 ], "texture": "#texture" },
				"west": { "uv": [ 2, 0, 3, 1 ], "texture": "#texture" },
				"east": { "uv": [ 13, 0, 14, 1 ], "texture": "#texture" }
			}
		},
		{
			"__comment": "main3",
			"from": [ 2.5, -1, 7 ],
			"to": [ 3.5, 2, 8 ],
			"faces": {
				"down": { "uv": [ 2.5, 8, 3.5, 9 ], "texture": "#texture" },
				"up": { "uv": [ 2.5, 7, 3.5, 8 ], "texture": "#texture" },
				"north": { "uv": [ 12.5, 14, 13.5, 16 ], "texture": "#texture" },
				"south": { "uv": [ 2.5, 14, 3.5, 16 ], "texture": "#texture" },
				"west": { "uv": [ 7, 14, 8, 16 ], "texture": "#texture" },
				"east": { "uv": [ 8, 14, 9, 16 ], "texture": "#texture" }
			}
		},
		{
			"__comment": "main4",
			"from": [ 3, -1, 3 ],
			"to": [ 4, 1, 4 ],
			"faces": {
				"down": { "uv": [ 3, 12, 4, 13 ], "texture": "#texture" },
				"up": { "uv": [ 3, 3, 4, 4 ], "texture": "#texture" },
				"north": { "uv": [ 12, 15, 13, 16 ], "texture": "#texture" },
				"south": { "uv": [ 3, 15, 4, 16 ], "texture": "#texture" },
				"west": { "uv": [ 3, 15, 4, 16 ], "texture": "#texture" },
				"east": { "uv": [ 12, 15, 13, 16 ], "texture": "#texture" }
			}
		},
		{
			"__comment": "main5",
			"from": [ 3, -1, 6 ],
			"to": [ 4, 0, 7 ],
			"faces": {
				"down": { "uv": [ 3, 9, 4, 10 ], "texture": "#texture" },
				"up": { "uv": [ 3, 6, 4, 7 ], "texture": "#texture" },
				"north": { "uv": [ 12, 0, 13, 1 ], "texture": "#texture" },
				"south": { "uv": [ 3, 0, 4, 1 ], "texture": "#texture" },
				"west": { "uv": [ 6, 0, 7, 1 ], "texture": "#texture" },
				"east": { "uv": [ 9, 0, 10, 1 ], "texture": "#texture" }
			}
		},
		{
			"__comment": "main6",
			"from": [ 6, -1, 11.5 ],
			"to": [ 8, 0, 12 ],
			"faces": {
				"down": { "uv": [ 6, 4, 8, 4.5 ], "texture": "#texture" },
				"up": { "uv": [ 6, 11.5, 8, 12 ], "texture": "#texture" },
				"north": { "uv": [ 8, 0, 10, 1 ], "texture": "#texture" },
				"south": { "uv": [ 6, 0, 8, 1 ], "texture": "#texture" },
				"west": { "uv": [ 11.5, 0, 12, 1 ], "texture": "#texture" },
				"east": { "uv": [ 4, 0, 4.5, 1 ], "texture": "#texture" }
			}
		},
		{
			"__comment": "main7",
			"from": [ 6, -1, 12 ],
			"to": [ 7, 0, 12.5 ],
			"faces": {
				"down": { "uv": [ 6, 3.5, 7, 4 ], "texture": "#texture" },
				"up": { "uv": [ 6, 12, 7, 12.5 ], "texture": "#texture" },
				"north": { "uv": [ 9, 0, 10, 1 ], "texture": "#texture" },
				"south": { "uv": [ 6, 0, 7, 1 ], "texture": "#texture" },
				"west": { "uv": [ 12, 0, 12.5, 1 ], "texture": "#texture" },
				"east": { "uv": [ 3.5, 0, 4, 1 ], "texture": "#texture" }
			}
		},
		{
			"__comment": "main8",
			"from": [ 6.5, -1, 7 ],
			"to": [ 7.5, 1.5, 8 ],
			"faces": {
				"down": { "uv": [ 6.5, 8, 7.5, 9 ], "texture": "#texture" },
				"up": { "uv": [ 6.5, 7, 7.5, 8 ], "texture": "#texture" },
				"north": { "uv": [ 8.5, 14.5, 9.5, 16 ], "texture": "#texture" },
				"south": { "uv": [ 6.5, 14.5, 7.5, 16 ], "texture": "#texture" },
				"west": { "uv": [ 7, 14.5, 8, 16 ], "texture": "#texture" },
				"east": { "uv": [ 8, 14.5, 9, 16 ], "texture": "#texture" }
			}
		},
		{
			"__comment": "main9",
			"from": [ 7, -1, 2.5 ],
			"to": [ 8, 0.5, 3.5 ],
			"faces": {
				"down": { "uv": [ 7, 12.5, 8, 13.5 ], "texture": "#texture" },
				"up": { "uv": [ 7, 2.5, 8, 3.5 ], "texture": "#texture" },
				"north": { "uv": [ 8, 15.5, 9, 16 ], "texture": "#texture" },
				"south": { "uv": [ 7, 15.5, 8, 16 ], "texture": "#texture" },
				"west": { "uv": [ 2.5, 15.5, 3.5, 16 ], "texture": "#texture" },
				"east": { "uv": [ 12.5, 15.5, 13.5, 16 ], "texture": "#texture" }
			}
		},
		{
			"__comment": "main10",
			"from": [ 7, -1, 11 ],
			"to": [ 8, 1.5, 11.5 ],
			"faces": {
				"down": { "uv": [ 7, 4.5, 8, 5 ], "texture": "#texture" },
				"up": { "uv": [ 7, 11, 8, 11.5 ], "texture": "#texture" },
				"north": { "uv": [ 8, 14.5, 9, 16 ], "texture": "#texture" },
				"south": { "uv": [ 7, 14.5, 8, 16 ], "texture": "#texture" },
				"west": { "uv": [ 11, 14.5, 11.5, 16 ], "texture": "#texture" },
				"east": { "uv": [ 4.5, 14.5, 5, 16 ], "texture": "#texture" }
			}
		},
		{
			"__comment": "main11",
			"from": [ 7, 0, 11.5 ],
			"to": [ 8, 1.5, 12 ],
			"faces": {
				"down": { "uv": [ 7, 4, 8, 4.5 ], "texture": "#texture" },
				"up": { "uv": [ 7, 11.5, 8, 12 ], "texture": "#texture" },
				"north": { "uv": [ 8, 14.5, 9, 16 ], "texture": "#texture" },
				"south": { "uv": [ 7, 14.5, 8, 16 ], "texture": "#texture" },
				"west": { "uv": [ 11.5, 14.5, 12, 16 ], "texture": "#texture" },
				"east": { "uv": [ 4, 14.5, 4.5, 16 ], "texture": "#texture" }
			}
		},
		{
			"__comment": "main12",
			"from": [ 7.5, -1, 7.5 ],
			"to": [ 8.5, 0, 8.5 ],
			"faces": {
				"down": { "uv": [ 7.5, 7.5, 8.5, 8.5 ], "texture": "#texture" },
				"up": { "uv": [ 7.5, 7.5, 8.5, 8.5 ], "texture": "#texture" },
				"north": { "uv": [ 7.5, 0, 8.5, 1 ], "texture": "#texture" },
				"south": { "uv": [ 7.5, 0, 8.5, 1 ], "texture": "#texture" },
				"west": { "uv": [ 7.5, 0, 8.5, 1 ], "texture": "#texture" },
				"east": { "uv": [ 7.5, 0, 8.5, 1 ], "texture": "#texture" }
			}
		},
		{
			"__comment": "main13",
			"from": [ 8, -1, 3 ],
			"to": [ 9, 2, 4 ],
			"faces": {
				"down": { "uv": [ 8, 12, 9, 13 ], "texture": "#texture" },
				"up": { "uv": [ 8, 3, 9, 4 ], "texture": "#texture" },
				"north": { "uv": [ 7, 14, 8, 16 ], "texture": "#texture" },
				"south": { "uv": [ 8, 14, 9, 16 ], "texture": "#texture" },
				"west": { "uv": [ 3, 14, 4, 16 ], "texture": "#texture" },
				"east": { "uv": [ 12, 14, 13, 16 ], "texture": "#texture" }
			}
		},
		{
			"__comment": "main14",
			"from": [ 11, -1, 11.5 ],
			"to": [ 12, 0, 12.5 ],
			"faces": {
				"down": { "uv": [ 11, 3.5, 12, 4.5 ], "texture": "#texture" },
				"up": { "uv": [ 11, 11.5, 12, 12.5 ], "texture": "#texture" },
				"north": { "uv": [ 4, 0, 5, 1 ], "texture": "#texture" },
				"south": { "uv": [ 11, 0, 12, 1 ], "texture": "#texture" },
				"west": { "uv": [ 11.5, 0, 12.5, 1 ], "texture": "#texture" },
				"east": { "uv": [ 3.5, 0, 4.5, 1 ], "texture": "#texture" }
			}
		},
		{
			"__comment": "main15",
			"from": [ 11.5, -1, 3 ],
			"to": [ 12.5, 1, 4 ],
			"faces": {
				"down": { "uv": [ 11.5, 12, 12.5, 13 ], "texture": "#texture" },
				"up": { "uv": [ 11.5, 3, 12.5, 4 ], "texture": "#texture" },
				"north": { "uv": [ 3.5, 15, 4.5, 16 ], "texture": "#texture" },
				"south": { "uv": [ 11.5, 15, 12.5, 16 ], "texture": "#texture" },
				"west": { "uv": [ 3, 15, 4, 16 ], "texture": "#texture" },
				"east": { "uv": [ 12, 15, 13, 16 ], "texture": "#texture" }
			}
		},
		{
			"__comment": "main16",
			"from": [ 11.5, -1, 8 ],
			"to": [ 12.5, 2, 9 ],
			"faces": {
				"down": { "uv": [ 11.5, 7, 12.5, 8 ], "texture": "#texture" },
				"up": { "uv": [ 11.5, 8, 12.5, 9 ], "texture": "#texture" },
				"north": { "uv": [ 3.5, 14, 4.5, 16 ], "texture": "#texture" },
				"south": { "uv": [ 11.5, 14, 12.5, 16 ], "texture": "#texture" },
				"west": { "uv": [ 8, 14, 9, 16 ], "texture": "#texture" },
				"east": { "uv": [ 7, 14, 8, 16 ], "texture": "#texture" }
			}
		},
		{
			"__comment": "main17",
			"from": [ 12, -1, 4 ],
			"to": [ 13, 0, 5 ],
			"faces": {
				"down": { "uv": [ 12, 11, 13, 12 ], "texture": "#texture" },
				"up": { "uv": [ 12, 4, 13, 5 ], "texture": "#texture" },
				"north": { "uv": [ 3, 0, 4, 1 ], "texture": "#texture" },
				"south": { "uv": [ 12, 0, 13, 1 ], "texture": "#texture" },
				"west": { "uv": [ 4, 0, 5, 1 ], "texture": "#texture" },
				"east": { "uv": [ 11, 0, 12, 1 ], "texture": "#texture" }
			}
		},
		{
			"__comment": "main18",
			"from": [ 12, -1, 9 ],
			"to": [ 13, 0.5, 10 ],
			"faces": {
				"down": { "uv": [ 12, 6, 13, 7 ], "texture": "#texture" },
				"up": { "uv": [ 12, 9, 13, 10 ], "texture": "#texture" },
				"north": { "uv": [ 3, 15.5, 4, 16 ], "texture": "#texture" },
				"south": { "uv": [ 12, 15.5, 13, 16 ], "texture": "#texture" },
				"west": { "uv": [ 9, 15.5, 10, 16 ], "texture": "#texture" },
				"east": { "uv": [ 6, 15.5, 7, 16 ], "texture": "#texture" }
			}
		},
		{
			"__comment": "main19",
			"from": [ 12, -1, 12 ],
			"to": [ 13, 1, 13 ],
			"faces": {
				"down": { "uv": [ 12, 3, 13, 4 ], "texture": "#texture" },
				"up": { "uv": [ 12, 12, 13, 13 ], "texture": "#texture" },
				"north": { "uv": [ 3, 15, 4, 16 ], "texture": "#texture" },
				"south": { "uv": [ 12, 15, 13, 16 ], "texture": "#texture" },
				"west": { "uv": [ 12, 15, 13, 16 ], "texture": "#texture" },
				"east": { "uv": [ 3, 15, 4, 16 ], "texture": "#texture" }
			}
		},
		{
			"__comment": "Voxels",
			"from": [ 1.5, 1, 12 ],
			"to": [ 2.5, 3, 13 ],
			"faces": {
				"down": { "uv": [ 1.5, 3, 2.5, 4 ], "texture": "#texture" },
				"up": { "uv": [ 1.5, 12, 2.5, 13 ], "texture": "#texture" },
				"north": { "uv": [ 13.5, 13, 14.5, 15 ], "texture": "#texture" },
				"south": { "uv": [ 1.5, 13, 2.5, 15 ], "texture": "#texture" },
				"west": { "uv": [ 12, 13, 13, 15 ], "texture": "#texture" },
				"east": { "uv": [ 3, 13, 4, 15 ], "texture": "#texture" }
			}
		},
		{
			"__comment": "Voxels",
			"from": [ 2.5, 0, 2 ],
			"to": [ 3.5, 1, 3 ],
			"faces": {
				"down": { "uv": [ 2.5, 13, 3.5, 14 ], "texture": "#texture" },
				"up": { "uv": [ 2.5, 2, 3.5, 3 ], "texture": "#texture" },
				"north": { "uv": [ 12.5, 15, 13.5, 16 ], "texture": "#texture" },
				"south": { "uv": [ 2.5, 15, 3.5, 16 ], "texture": "#texture" },
				"west": { "uv": [ 2, 15, 3, 16 ], "texture": "#texture" },
				"east": { "uv": [ 13, 15, 14, 16 ], "texture": "#texture" }
			}
		},
		{
			"__comment": "Voxels",
			"from": [ 3, -1, 8 ],
			"to": [ 4, 1, 9 ],
			"faces": {
				"down": { "uv": [ 3, 7, 4, 8 ], "texture": "#texture" },
				"up": { "uv": [ 3, 8, 4, 9 ], "texture": "#texture" },
				"north": { "uv": [ 12, 15, 13, 16 ], "texture": "#texture" },
				"south": { "uv": [ 3, 15, 4, 16 ], "texture": "#texture" },
				"west": { "uv": [ 8, 15, 9, 16 ], "texture": "#texture" },
				"east": { "uv": [ 7, 15, 8, 16 ], "texture": "#texture" }
			}
		},
		{
			"__comment": "Voxels",
			"from": [ 3, 0, 6 ],
			"to": [ 4, 1, 7 ],
			"faces": {
				"down": { "uv": [ 3, 9, 4, 10 ], "texture": "#texture" },
				"up": { "uv": [ 3, 6, 4, 7 ], "texture": "#texture" },
				"north": { "uv": [ 12, 15, 13, 16 ], "texture": "#texture" },
				"south": { "uv": [ 3, 15, 4, 16 ], "texture": "#texture" },
				"west": { "uv": [ 6, 15, 7, 16 ], "texture": "#texture" },
				"east": { "uv": [ 9, 15, 10, 16 ], "texture": "#texture" }
			}
		},
		{
			"__comment": "Voxels",
			"from": [ 3, 0, 12 ],
			"to": [ 4, 1, 13 ],
			"faces": {
				"down": { "uv": [ 3, 3, 4, 4 ], "texture": "#texture" },
				"up": { "uv": [ 3, 12, 4, 13 ], "texture": "#texture" },
				"north": { "uv": [ 12, 15, 13, 16 ], "texture": "#texture" },
				"south": { "uv": [ 3, 15, 4, 16 ], "texture": "#texture" },
				"west": { "uv": [ 12, 15, 13, 16 ], "texture": "#texture" },
				"east": { "uv": [ 3, 15, 4, 16 ], "texture": "#texture" }
			}
		},
		{
			"__comment": "Voxels",
			"from": [ 3, 1, 2 ],
			"to": [ 4, 3, 3 ],
			"faces": {
				"down": { "uv": [ 3, 13, 4, 14 ], "texture": "#texture" },
				"up": { "uv": [ 3, 2, 4, 3 ], "texture": "#texture" },
				"north": { "uv": [ 12, 13, 13, 15 ], "texture": "#texture" },
				"south": { "uv": [ 3, 13, 4, 15 ], "texture": "#texture" },
				"west": { "uv": [ 2, 13, 3, 15 ], "texture": "#texture" },
				"east": { "uv": [ 13, 13, 14, 15 ], "texture": "#texture" }
			}
		},
		{
			"__comment": "Voxels",
			"from": [ 3, 1, 3.5 ],
			"to": [ 4, 2, 4.5 ],
			"faces": {
				"down": { "uv": [ 3, 11.5, 4, 12.5 ], "texture": "#texture" },
				"up": { "uv": [ 3, 3.5, 4, 4.5 ], "texture": "#texture" },
				"north": { "uv": [ 12, 14, 13, 15 ], "texture": "#texture" },
				"south": { "uv": [ 3, 14, 4, 15 ], "texture": "#texture" },
				"west": { "uv": [ 3.5, 14, 4.5, 15 ], "texture": "#texture" },
				"east": { "uv": [ 11.5, 14, 12.5, 15 ], "texture": "#texture" }
			}
		},
		{
			"__comment": "Voxels",
			"from": [ 3, 1, 8.5 ],
			"to": [ 4, 3, 9.5 ],
			"faces": {
				"down": { "uv": [ 3, 6.5, 4, 7.5 ], "texture": "#texture" },
				"up": { "uv": [ 3, 8.5, 4, 9.5 ], "texture": "#texture" },
				"north": { "uv": [ 12, 13, 13, 15 ], "texture": "#texture" },
				"south": { "uv": [ 3, 13, 4, 15 ], "texture": "#texture" },
				"west": { "uv": [ 8.5, 13, 9.5, 15 ], "texture": "#texture" },
				"east": { "uv": [ 6.5, 13, 7.5, 15 ], "texture": "#texture" }
			}
		},
		{
			"__comment": "Voxels",
			"from": [ 3, 2, 7 ],
			"to": [ 4, 4, 8 ],
			"faces": {
				"down": { "uv": [ 3, 8, 4, 9 ], "texture": "#texture" },
				"up": { "uv": [ 3, 7, 4, 8 ], "texture": "#texture" },
				"north": { "uv": [ 12, 12, 13, 14 ], "texture": "#texture" },
				"south": { "uv": [ 3, 12, 4, 14 ], "texture": "#texture" },
				"west": { "uv": [ 7, 12, 8, 14 ], "texture": "#texture" },
				"east": { "uv": [ 8, 12, 9, 14 ], "texture": "#texture" }
			}
		},
		{
			"__comment": "Voxels",
			"from": [ 3.5, 1, 12.5 ],
			"to": [ 4.5, 2, 13.5 ],
			"faces": {
				"down": { "uv": [ 3.5, 2.5, 4.5, 3.5 ], "texture": "#texture" },
				"up": { "uv": [ 3.5, 12.5, 4.5, 13.5 ], "texture": "#texture" },
				"north": { "uv": [ 11.5, 14, 12.5, 15 ], "texture": "#texture" },
				"south": { "uv": [ 3.5, 14, 4.5, 15 ], "texture": "#texture" },
				"west": { "uv": [ 12.5, 14, 13.5, 15 ], "texture": "#texture" },
				"east": { "uv": [ 2.5, 14, 3.5, 15 ], "texture": "#texture" }
			}
		},
		{
			"__comment": "Voxels",
			"from": [ 6, 0, 12 ],
			"to": [ 7, 1, 13 ],
			"faces": {
				"down": { "uv": [ 6, 3, 7, 4 ], "texture": "#texture" },
				"up": { "uv": [ 6, 12, 7, 13 ], "texture": "#texture" },
				"north": { "uv": [ 9, 15, 10, 16 ], "texture": "#texture" },
				"south": { "uv": [ 6, 15, 7, 16 ], "texture": "#texture" },
				"west": { "uv": [ 12, 15, 13, 16 ], "texture": "#texture" },
				"east": { "uv": [ 3, 15, 4, 16 ], "texture": "#texture" }
			}
		},
		{
			"__comment": "Voxels",
			"from": [ 6, 1, 4 ],
			"to": [ 8, 1.5, 5 ],
			"faces": {
				"down": { "uv": [ 6, 11, 8, 12 ], "texture": "#texture" },
				"up": { "uv": [ 6, 4, 8, 5 ], "texture": "#texture" },
				"north": { "uv": [ 8, 14.5, 10, 15 ], "texture": "#texture" },
				"south": { "uv": [ 6, 14.5, 8, 15 ], "texture": "#texture" },
				"west": { "uv": [ 4, 14.5, 5, 15 ], "texture": "#texture" },
				"east": { "uv": [ 11, 14.5, 12, 15 ], "texture": "#texture" }
			}
		},
		{
			"__comment": "Voxels",
			"from": [ 6, 1.5, 4 ],
			"to": [ 7, 3, 5 ],
			"faces": {
				"down": { "uv": [ 6, 11, 7, 12 ], "texture": "#texture" },
				"up": { "uv": [ 6, 4, 7, 5 ], "texture": "#texture" },
				"north": { "uv": [ 9, 13, 10, 14.5 ], "texture": "#texture" },
				"south": { "uv": [ 6, 13, 7, 14.5 ], "texture": "#texture" },
				"west": { "uv": [ 4, 13, 5, 14.5 ], "texture": "#texture" },
				"east": { "uv": [ 11, 13, 12, 14.5 ], "texture": "#texture" }
			}
		},
		{
			"__comment": "Voxels",
			"from": [ 6, 2, 7 ],
			"to": [ 7.5, 2.5, 8 ],
			"faces": {
				"down": { "uv": [ 6, 8, 7.5, 9 ], "texture": "#texture" },
				"up": { "uv": [ 6, 7, 7.5, 8 ], "texture": "#texture" },
				"north": { "uv": [ 8.5, 13.5, 10, 14 ], "texture": "#texture" },
				"south": { "uv": [ 6, 13.5, 7.5, 14 ], "texture": "#texture" },
				"west": { "uv": [ 7, 13.5, 8, 14 ], "texture": "#texture" },
				"east": { "uv": [ 8, 13.5, 9, 14 ], "texture": "#texture" }
			}
		},
		{
			"__comment": "Voxels",
			"from": [ 6, 2.5, 7 ],
			"to": [ 7, 4, 8 ],
			"faces": {
				"down": { "uv": [ 6, 8, 7, 9 ], "texture": "#texture" },
				"up": { "uv": [ 6, 7, 7, 8 ], "texture": "#texture" },
				"north": { "uv": [ 9, 12, 10, 13.5 ], "texture": "#texture" },
				"south": { "uv": [ 6, 12, 7, 13.5 ], "texture": "#texture" },
				"west": { "uv": [ 7, 12, 8, 13.5 ], "texture": "#texture" },
				"east": { "uv": [ 8, 12, 9, 13.5 ], "texture": "#texture" }
			}
		},
		{
			"__comment": "Voxels",
			"from": [ 6.5, 1.5, 7 ],
			"to": [ 7.5, 2, 8 ],
			"faces": {
				"down": { "uv": [ 6.5, 8, 7.5, 9 ], "texture": "#texture" },
				"up": { "uv": [ 6.5, 7, 7.5, 8 ], "texture": "#texture" },
				"north": { "uv": [ 8.5, 14, 9.5, 14.5 ], "texture": "#texture" },
				"south": { "uv": [ 6.5, 14, 7.5, 14.5 ], "texture": "#texture" },
				"west": { "uv": [ 7, 14, 8, 14.5 ], "texture": "#texture" },
				"east": { "uv": [ 8, 14, 9, 14.5 ], "texture": "#texture" }
			}
		},
		{
			"__comment": "Voxels",
			"from": [ 7, -1, 4 ],
			"to": [ 8, 1, 5 ],
			"faces": {
				"down": { "uv": [ 7, 11, 8, 12 ], "texture": "#texture" },
				"up": { "uv": [ 7, 4, 8, 5 ], "texture": "#texture" },
				"north": { "uv": [ 8, 15, 9, 16 ], "texture": "#texture" },
				"south": { "uv": [ 7, 15, 8, 16 ], "texture": "#texture" },
				"west": { "uv": [ 4, 15, 5, 16 ], "texture": "#texture" },
				"east": { "uv": [ 11, 15, 12, 16 ], "texture": "#texture" }
			}
		},
		{
			"__comment": "Voxels",
			"from": [ 7, 0, 1.5 ],
			"to": [ 8, 3, 2.5 ],
			"faces": {
				"down": { "uv": [ 7, 13.5, 8, 14.5 ], "texture": "#texture" },
				"up": { "uv": [ 7, 1.5, 8, 2.5 ], "texture": "#texture" },
				"north": { "uv": [ 8, 13, 9, 16 ], "texture": "#texture" },
				"south": { "uv": [ 7, 13, 8, 16 ], "texture": "#texture" },
				"west": { "uv": [ 1.5, 13, 2.5, 16 ], "texture": "#texture" },
				"east": { "uv": [ 13.5, 13, 14.5, 16 ], "texture": "#texture" }
			}
		},
		{
			"__comment": "Voxels",
			"from": [ 7, 1.5, 11.5 ],
			"to": [ 8, 4, 12 ],
			"faces": {
				"down": { "uv": [ 7, 4, 8, 4.5 ], "texture": "#texture" },
				"up": { "uv": [ 7, 11.5, 8, 12 ], "texture": "#texture" },
				"north": { "uv": [ 8, 12, 9, 14.5 ], "texture": "#texture" },
				"south": { "uv": [ 7, 12, 8, 14.5 ], "texture": "#texture" },
				"west": { "uv": [ 11.5, 12, 12, 14.5 ], "texture": "#texture" },
				"east": { "uv": [ 4, 12, 4.5, 14.5 ], "texture": "#texture" }
			}
		},
		{
			"__comment": "Voxels",
			"from": [ 7, 1.5, 12 ],
			"to": [ 8, 3, 12.5 ],
			"faces": {
				"down": { "uv": [ 7, 3.5, 8, 4 ], "texture": "#texture" },
				"up": { "uv": [ 7, 12, 8, 12.5 ], "texture": "#texture" },
				"north": { "uv": [ 8, 13, 9, 14.5 ], "texture": "#texture" },
				"south": { "uv": [ 7, 13, 8, 14.5 ], "texture": "#texture" },
				"west": { "uv": [ 12, 13, 12.5, 14.5 ], "texture": "#texture" },
				"east": { "uv": [ 3.5, 13, 4, 14.5 ], "texture": "#texture" }
			}
		},
		{
			"__comment": "Voxels",
			"from": [ 7, 3, 11 ],
			"to": [ 8, 4, 11.5 ],
			"faces": {
				"down": { "uv": [ 7, 4.5, 8, 5 ], "texture": "#texture" },
				"up": { "uv": [ 7, 11, 8, 11.5 ], "texture": "#texture" },
				"north": { "uv": [ 8, 12, 9, 13 ], "texture": "#texture" },
				"south": { "uv": [ 7, 12, 8, 13 ], "texture": "#texture" },
				"west": { "uv": [ 11, 12, 11.5, 13 ], "texture": "#texture" },
				"east": { "uv": [ 4.5, 12, 5, 13 ], "texture": "#texture" }
			}
		},
		{
			"__comment": "Voxels",
			"from": [ 7.5, -1, 6.5 ],
			"to": [ 8.5, 0.5, 7.5 ],
			"faces": {
				"down": { "uv": [ 7.5, 8.5, 8.5, 9.5 ], "texture": "#texture" },
				"up": { "uv": [ 7.5, 6.5, 8.5, 7.5 ], "texture": "#texture" },
				"north": { "uv": [ 7.5, 15.5, 8.5, 16 ], "texture": "#texture" },
				"south": { "uv": [ 7.5, 15.5, 8.5, 16 ], "texture": "#texture" },
				"west": { "uv": [ 6.5, 15.5, 7.5, 16 ], "texture": "#texture" },
				"east": { "uv": [ 8.5, 15.5, 9.5, 16 ], "texture": "#texture" }
			}
		},
		{
			"__comment": "Voxels",
			"from": [ 8, -1, 12 ],
			"to": [ 9, 1, 13 ],
			"faces": {
				"down": { "uv": [ 8, 3, 9, 4 ], "texture": "#texture" },
				"up": { "uv": [ 8, 12, 9, 13 ], "texture": "#texture" },
				"north": { "uv": [ 7, 15, 8, 16 ], "texture": "#texture" },
				"south": { "uv": [ 8, 15, 9, 16 ], "texture": "#texture" },
				"west": { "uv": [ 12, 15, 13, 16 ], "texture": "#texture" },
				"east": { "uv": [ 3, 15, 4, 16 ], "texture": "#texture" }
			}
		},
		{
			"__comment": "Voxels",
			"from": [ 8, 0.5, 6.5 ],
			"to": [ 9, 3, 7.5 ],
			"faces": {
				"down": { "uv": [ 8, 8.5, 9, 9.5 ], "texture": "#texture" },
				"up": { "uv": [ 8, 6.5, 9, 7.5 ], "texture": "#texture" },
				"north": { "uv": [ 7, 13, 8, 15.5 ], "texture": "#texture" },
				"south": { "uv": [ 8, 13, 9, 15.5 ], "texture": "#texture" },
				"west": { "uv": [ 6.5, 13, 7.5, 15.5 ], "texture": "#texture" },
				"east": { "uv": [ 8.5, 13, 9.5, 15.5 ], "texture": "#texture" }
			}
		},
		{
			"__comment": "Voxels",
			"from": [ 9, 0.5, 12 ],
			"to": [ 10, 3, 13 ],
			"faces": {
				"down": { "uv": [ 9, 3, 10, 4 ], "texture": "#texture" },
				"up": { "uv": [ 9, 12, 10, 13 ], "texture": "#texture" },
				"north": { "uv": [ 6, 13, 7, 15.5 ], "texture": "#texture" },
				"south": { "uv": [ 9, 13, 10, 15.5 ], "texture": "#texture" },
				"west": { "uv": [ 12, 13, 13, 15.5 ], "texture": "#texture" },
				"east": { "uv": [ 3, 13, 4, 15.5 ], "texture": "#texture" }
			}
		},
		{
			"__comment": "Voxels",
			"from": [ 11.5, 0.5, 13 ],
			"to": [ 12.5, 3, 14 ],
			"faces": {
				"down": { "uv": [ 11.5, 2, 12.5, 3 ], "texture": "#texture" },
				"up": { "uv": [ 11.5, 13, 12.5, 14 ], "texture": "#texture" },
				"north": { "uv": [ 3.5, 13, 4.5, 15.5 ], "texture": "#texture" },
				"south": { "uv": [ 11.5, 13, 12.5, 15.5 ], "texture": "#texture" },
				"west": { "uv": [ 13, 13, 14, 15.5 ], "texture": "#texture" },
				"east": { "uv": [ 2, 13, 3, 15.5 ], "texture": "#texture" }
			}
		},
		{
			"__comment": "Voxels",
			"from": [ 11.5, 1, 2 ],
			"to": [ 12.5, 3, 3 ],
			"faces": {
				"down": { "uv": [ 11.5, 13, 12.5, 14 ], "texture": "#texture" },
				"up": { "uv": [ 11.5, 2, 12.5, 3 ], "texture": "#texture" },
				"north": { "uv": [ 3.5, 13, 4.5, 15 ], "texture": "#texture" },
				"south": { "uv": [ 11.5, 13, 12.5, 15 ], "texture": "#texture" },
				"west": { "uv": [ 2, 13, 3, 15 ], "texture": "#texture" },
				"east": { "uv": [ 13, 13, 14, 15 ], "texture": "#texture" }
			}
		},
		{
			"__comment": "Voxels",
			"from": [ 11.5, 2, 7.5 ],
			"to": [ 12.5, 4, 8.5 ],
			"faces": {
				"down": { "uv": [ 11.5, 7.5, 12.5, 8.5 ], "texture": "#texture" },
				"up": { "uv": [ 11.5, 7.5, 12.5, 8.5 ], "texture": "#texture" },
				"north": { "uv": [ 3.5, 12, 4.5, 14 ], "texture": "#texture" },
				"south": { "uv": [ 11.5, 12, 12.5, 14 ], "texture": "#texture" },
				"west": { "uv": [ 7.5, 12, 8.5, 14 ], "texture": "#texture" },
				"east": { "uv": [ 7.5, 12, 8.5, 14 ], "texture": "#texture" }
			}
		},
		{
			"__comment": "Voxels",
			"from": [ 12, -1, 2 ],
			"to": [ 13, 1, 3 ],
			"faces": {
				"down": { "uv": [ 12, 13, 13, 14 ], "texture": "#texture" },
				"up": { "uv": [ 12, 2, 13, 3 ], "texture": "#texture" },
				"north": { "uv": [ 3, 15, 4, 16 ], "texture": "#texture" },
				"south": { "uv": [ 12, 15, 13, 16 ], "texture": "#texture" },
				"west": { "uv": [ 2, 15, 3, 16 ], "texture": "#texture" },
				"east": { "uv": [ 13, 15, 14, 16 ], "texture": "#texture" }
			}
		},
		{
			"__comment": "Voxels",
			"from": [ 12, -1, 7 ],
			"to": [ 13, 3, 7.5 ],
			"faces": {
				"down": { "uv": [ 12, 8.5, 13, 9 ], "texture": "#texture" },
				"up": { "uv": [ 12, 7, 13, 7.5 ], "texture": "#texture" },
				"north": { "uv": [ 3, 13, 4, 16 ], "texture": "#texture" },
				"south": { "uv": [ 12, 13, 13, 16 ], "texture": "#texture" },
				"west": { "uv": [ 7, 13, 7.5, 16 ], "texture": "#texture" },
				"east": { "uv": [ 8.5, 13, 9, 16 ], "texture": "#texture" }
			}
		},
		{
			"__comment": "Voxels",
			"from": [ 12, -1, 7.5 ],
			"to": [ 13, 1, 8 ],
			"faces": {
				"down": { "uv": [ 12, 8, 13, 8.5 ], "texture": "#texture" },
				"up": { "uv": [ 12, 7.5, 13, 8 ], "texture": "#texture" },
				"north": { "uv": [ 3, 15, 4, 16 ], "texture": "#texture" },
				"south": { "uv": [ 12, 15, 13, 16 ], "texture": "#texture" },
				"west": { "uv": [ 7.5, 15, 8, 16 ], "texture": "#texture" },
				"east": { "uv": [ 8, 15, 8.5, 16 ], "texture": "#texture" }
			}
		},
		{
			"__comment": "Voxels",
			"from": [ 12, -1, 13 ],
			"to": [ 13, 0.5, 14 ],
			"faces": {
				"down": { "uv": [ 12, 2, 13, 3 ], "texture": "#texture" },
				"up": { "uv": [ 12, 13, 13, 14 ], "texture": "#texture" },
				"north": { "uv": [ 3, 15.5, 4, 16 ], "texture": "#texture" },
				"south": { "uv": [ 12, 15.5, 13, 16 ], "texture": "#texture" },
				"west": { "uv": [ 13, 15.5, 14, 16 ], "texture": "#texture" },
				"east": { "uv": [ 2, 15.5, 3, 16 ], "texture": "#texture" }
			}
		},
		{
			"__comment": "Voxels",
			"from": [ 12, 1, 6.5 ],
			"to": [ 13, 3, 7 ],
			"faces": {
				"down": { "uv": [ 12, 9, 13, 9.5 ], "texture": "#texture" },
				"up": { "uv": [ 12, 6.5, 13, 7 ], "texture": "#texture" },
				"north": { "uv": [ 3, 13, 4, 15 ], "texture": "#texture" },
				"south": { "uv": [ 12, 13, 13, 15 ], "texture": "#texture" },
				"west": { "uv": [ 6.5, 13, 7, 15 ], "texture": "#texture" },
				"east": { "uv": [ 9, 13, 9.5, 15 ], "texture": "#texture" }
			}
		},
		{
			"__comment": "Voxels",
			"from": [ 12, 1, 11.5 ],
			"to": [ 13, 2, 12.5 ],
			"faces": {
				"down": { "uv": [ 12, 3.5, 13, 4.5 ], "texture": "#texture" },
				"up": { "uv": [ 12, 11.5, 13, 12.5 ], "texture": "#texture" },
				"north": { "uv": [ 3, 14, 4, 15 ], "texture": "#texture" },
				"south": { "uv": [ 12, 14, 13, 15 ], "texture": "#texture" },
				"west": { "uv": [ 11.5, 14, 12.5, 15 ], "texture": "#texture" },
				"east": { "uv": [ 3.5, 14, 4.5, 15 ], "texture": "#texture" }
			}
		},
		{
			"__comment": "Voxels",
			"from": [ 12.5, -1, 3.5 ],
			"to": [ 13.5, 1.5, 4 ],
			"faces": {
				"down": { "uv": [ 12.5, 12, 13.5, 12.5 ], "texture": "#texture" },
				"up": { "uv": [ 12.5, 3.5, 13.5, 4 ], "texture": "#texture" },
				"north": { "uv": [ 2.5, 14.5, 3.5, 16 ], "texture": "#texture" },
				"south": { "uv": [ 12.5, 14.5, 13.5, 16 ], "texture": "#texture" },
				"west": { "uv": [ 3.5, 14.5, 4, 16 ], "texture": "#texture" },
				"east": { "uv": [ 12, 14.5, 12.5, 16 ], "texture": "#texture" }
			}
		},
		{
			"__comment": "Voxels",
			"from": [ 12.5, 0, 4 ],
			"to": [ 13.5, 1.5, 4.5 ],
			"faces": {
				"down": { "uv": [ 12.5, 11.5, 13.5, 12 ], "texture": "#texture" },
				"up": { "uv": [ 12.5, 4, 13.5, 4.5 ], "texture": "#texture" },
				"north": { "uv": [ 2.5, 14.5, 3.5, 16 ], "texture": "#texture" },
				"south": { "uv": [ 12.5, 14.5, 13.5, 16 ], "texture": "#texture" },
				"west": { "uv": [ 4, 14.5, 4.5, 16 ], "texture": "#texture" },
				"east": { "uv": [ 11.5, 14.5, 12, 16 ], "texture": "#texture" }
			}
		},
		{
			"__comment": "Voxels",
			"from": [ 13, -1, 4 ],
			"to": [ 13.5, 0, 4.5 ],
			"faces": {
				"down": { "uv": [ 13, 11.5, 13.5, 12 ], "texture": "#texture" },
				"up": { "uv": [ 13, 4, 13.5, 4.5 ], "texture": "#texture" },
				"north": { "uv": [ 2.5, 0, 3, 1 ], "texture": "#texture" },
				"south": { "uv": [ 13, 0, 13.5, 1 ], "texture": "#texture" },
				"west": { "uv": [ 4, 0, 4.5, 1 ], "texture": "#texture" },
				"east": { "uv": [ 11.5, 0, 12, 1 ], "texture": "#texture" }
			}
		}
	]
}