{
	"__comment": "Designed by CreatorLabs with Cubik Studio - https://cubik.studio",
	"textures": {
		"0": "blocks/cauldron_side",
		"1": "3d_blocks/log/log_oak_wood",
		"2": "blocks/water_still",
		"particle": "blocks/cauldron_side"
	},
	"elements": [ 	 
		{
			"from": [ -0.0006506699, 15.00098, 6.000828 ],
			"to": [ 1.999349, 16.00098, 10.00083 ],
			"faces": {
				"down": { "uv": [ 0, 6, 2, 10 ], "texture": "#0" },
				"up": { "uv": [ 0, 6, 2, 10 ], "texture": "#0" },
				"north": { "uv": [ 14, 0, 16, 1 ], "texture": "#0" },
				"south": { "uv": [ 0, 0, 2, 1 ], "texture": "#0" },
				"west": { "uv": [ 6, 0, 10, 1 ], "texture": "#0" },
				"east": { "uv": [ 6, 0, 10, 1 ], "texture": "#0" }
			}
		},
		{
			"from": [ 0.9995155, 15.00027, 10.001 ],
			"to": [ 2.999516, 16.00027, 12.001 ],
			"faces": {
				"down": { "uv": [ 1, 4, 3, 6 ], "texture": "#0" },
				"up": { "uv": [ 1, 10, 3, 12 ], "texture": "#0" },
				"north": { "uv": [ 13, 0, 15, 1 ], "texture": "#0" },
				"south": { "uv": [ 1, 0, 3, 1 ], "texture": "#0" },
				"west": { "uv": [ 10, 0, 12, 1 ], "texture": "#0" },
				"east": { "uv": [ 4, 0, 6, 1 ], "texture": "#0" }
			}
		},
		{
			"from": [ 0.9990706, 14.99996, 3.999082 ],
			"to": [ 2.999071, 15.99996, 5.999082 ],
			"faces": {
				"down": { "uv": [ 1, 10, 3, 12 ], "texture": "#0" },
				"up": { "uv": [ 1, 4, 3, 6 ], "texture": "#0" },
				"north": { "uv": [ 13, 0, 15, 1 ], "texture": "#0" },
				"south": { "uv": [ 1, 0, 3, 1 ], "texture": "#0" },
				"west": { "uv": [ 4, 0, 6, 1 ], "texture": "#0" },
				"east": { "uv": [ 10, 0, 12, 1 ], "texture": "#0" }
			}
		},
		{
			"from": [ 2.000222, 14.99972, 3.000459 ],
			"to": [ 3.000222, 15.99972, 4.000459 ],
			"faces": {
				"down": { "uv": [ 2, 12, 3, 13 ], "texture": "#0" },
				"up": { "uv": [ 2, 3, 3, 4 ], "texture": "#0" },
				"north": { "uv": [ 13, 0, 14, 1 ], "texture": "#0" },
				"south": { "uv": [ 2, 0, 3, 1 ], "texture": "#0" },
				"west": { "uv": [ 3, 0, 4, 1 ], "texture": "#0" },
				"east": { "uv": [ 12, 0, 13, 1 ], "texture": "#0" }
			}
		},
		{
			"from": [ 14.00012, 14.99929, 6.000448 ],
			"to": [ 16.00012, 15.99929, 10.00045 ],
			"faces": {
				"down": { "uv": [ 14, 6, 16, 10 ], "texture": "#0" },
				"up": { "uv": [ 14, 6, 16, 10 ], "texture": "#0" },
				"north": { "uv": [ 0, 0, 2, 1 ], "texture": "#0" },
				"south": { "uv": [ 14, 0, 16, 1 ], "texture": "#0" },
				"west": { "uv": [ 6, 0, 10, 1 ], "texture": "#0" },
				"east": { "uv": [ 6, 0, 10, 1 ], "texture": "#0" }
			}
		},
		{
			"from": [ 3.999387, 14.99965, 1.000899 ],
			"to": [ 5.999387, 15.99965, 3.000899 ],
			"faces": {
				"down": { "uv": [ 4, 13, 6, 15 ], "texture": "#0" },
				"up": { "uv": [ 4, 1, 6, 3 ], "texture": "#0" },
				"north": { "uv": [ 10, 0, 12, 1 ], "texture": "#0" },
				"south": { "uv": [ 4, 0, 6, 1 ], "texture": "#0" },
				"west": { "uv": [ 1, 0, 3, 1 ], "texture": "#0" },
				"east": { "uv": [ 13, 0, 15, 1 ], "texture": "#0" }
			}
		},
		{
			"from": [ 5.999277, 15.00078, 0.0005826795 ],
			"to": [ 9.999277, 16.00078, 2.000583 ],
			"faces": {
				"down": { "uv": [ 6, 14, 10, 16 ], "texture": "#0" },
				"up": { "uv": [ 6, 0, 10, 2 ], "texture": "#0" },
				"north": { "uv": [ 6, 0, 10, 1 ], "texture": "#0" },
				"south": { "uv": [ 6, 0, 10, 1 ], "texture": "#0" },
				"west": { "uv": [ 0, 0, 2, 1 ], "texture": "#0" },
				"east": { "uv": [ 14, 0, 16, 1 ], "texture": "#0" }
			}
		},
		{
			"from": [ 3.000119, 14.99936, 2.000042 ],
			"to": [ 4.000119, 15.99936, 4.000042 ],
			"faces": {
				"down": { "uv": [ 3, 12, 4, 14 ], "texture": "#0" },
				"up": { "uv": [ 3, 2, 4, 4 ], "texture": "#0" },
				"north": { "uv": [ 12, 0, 13, 1 ], "texture": "#0" },
				"south": { "uv": [ 3, 0, 4, 1 ], "texture": "#0" },
				"west": { "uv": [ 2, 0, 4, 1 ], "texture": "#0" },
				"east": { "uv": [ 12, 0, 14, 1 ], "texture": "#0" }
			}
		},
		{
			"from": [ 5.99937, 14.99976, 13.99958 ],
			"to": [ 9.999371, 15.99976, 15.99958 ],
			"faces": {
				"down": { "uv": [ 6, 0, 10, 2 ], "texture": "#0" },
				"up": { "uv": [ 6, 14, 10, 16 ], "texture": "#0" },
				"north": { "uv": [ 6, 0, 10, 1 ], "texture": "#0" },
				"south": { "uv": [ 6, 0, 10, 1 ], "texture": "#0" },
				"west": { "uv": [ 14, 0, 16, 1 ], "texture": "#0" },
				"east": { "uv": [ 0, 0, 2, 1 ], "texture": "#0" }
			}
		},
		{
			"from": [ 12.99983, 15.00071, 9.999077 ],
			"to": [ 14.99983, 16.00071, 11.99908 ],
			"faces": {
				"down": { "uv": [ 13, 4, 15, 6 ], "texture": "#0" },
				"up": { "uv": [ 13, 10, 15, 12 ], "texture": "#0" },
				"north": { "uv": [ 1, 0, 3, 1 ], "texture": "#0" },
				"south": { "uv": [ 13, 0, 15, 1 ], "texture": "#0" },
				"west": { "uv": [ 10, 0, 12, 1 ], "texture": "#0" },
				"east": { "uv": [ 4, 0, 6, 1 ], "texture": "#0" }
			}
		},
		{
			"from": [ 3.999588, 14.99953, 12.9997 ],
			"to": [ 5.999588, 15.99953, 14.9997 ],
			"faces": {
				"down": { "uv": [ 4, 1, 6, 3 ], "texture": "#0" },
				"up": { "uv": [ 4, 13, 6, 15 ], "texture": "#0" },
				"north": { "uv": [ 10, 0, 12, 1 ], "texture": "#0" },
				"south": { "uv": [ 4, 0, 6, 1 ], "texture": "#0" },
				"west": { "uv": [ 13, 0, 15, 1 ], "texture": "#0" },
				"east": { "uv": [ 1, 0, 3, 1 ], "texture": "#0" }
			}
		},
		{
			"from": [ 1.999835, 14.99961, 11.99994 ],
			"to": [ 3.999835, 15.99961, 12.99994 ],
			"faces": {
				"down": { "uv": [ 2, 3, 4, 4 ], "texture": "#0" },
				"up": { "uv": [ 2, 12, 4, 13 ], "texture": "#0" },
				"north": { "uv": [ 12, 0, 14, 1 ], "texture": "#0" },
				"south": { "uv": [ 2, 0, 4, 1 ], "texture": "#0" },
				"west": { "uv": [ 12, 0, 13, 1 ], "texture": "#0" },
				"east": { "uv": [ 3, 0, 4, 1 ], "texture": "#0" }
			}
		},
		{
			"from": [ 2.999237, 14.99929, 13.00046 ],
			"to": [ 3.999237, 15.99929, 14.00046 ],
			"faces": {
				"down": { "uv": [ 3, 2, 4, 3 ], "texture": "#0" },
				"up": { "uv": [ 3, 13, 4, 14 ], "texture": "#0" },
				"north": { "uv": [ 12, 0, 13, 1 ], "texture": "#0" },
				"south": { "uv": [ 3, 0, 4, 1 ], "texture": "#0" },
				"west": { "uv": [ 13, 0, 14, 1 ], "texture": "#0" },
				"east": { "uv": [ 2, 0, 3, 1 ], "texture": "#0" }
			}
		},
		{
			"from": [ 12.99907, 14.99931, 11.99953 ],
			"to": [ 13.99907, 15.99931, 12.99953 ],
			"faces": {
				"down": { "uv": [ 13, 3, 14, 4 ], "texture": "#0" },
				"up": { "uv": [ 13, 12, 14, 13 ], "texture": "#0" },
				"north": { "uv": [ 2, 0, 3, 1 ], "texture": "#0" },
				"south": { "uv": [ 13, 0, 14, 1 ], "texture": "#0" },
				"west": { "uv": [ 12, 0, 13, 1 ], "texture": "#0" },
				"east": { "uv": [ 3, 0, 4, 1 ], "texture": "#0" }
			}
		},
		{
			"from": [ 11.99931, 14.99913, 11.99901 ],
			"to": [ 12.99931, 15.99913, 13.99901 ],
			"faces": {
				"down": { "uv": [ 12, 2, 13, 4 ], "texture": "#0" },
				"up": { "uv": [ 12, 12, 13, 14 ], "texture": "#0" },
				"north": { "uv": [ 3, 0, 4, 1 ], "texture": "#0" },
				"south": { "uv": [ 12, 0, 13, 1 ], "texture": "#0" },
				"west": { "uv": [ 12, 0, 14, 1 ], "texture": "#0" },
				"east": { "uv": [ 2, 0, 4, 1 ], "texture": "#0" }
			}
		},
		{
			"from": [ 10.00015, 14.99918, 12.99931 ],
			"to": [ 12.00015, 15.99918, 14.99931 ],
			"faces": {
				"down": { "uv": [ 10, 1, 12, 3 ], "texture": "#0" },
				"up": { "uv": [ 10, 13, 12, 15 ], "texture": "#0" },
				"north": { "uv": [ 4, 0, 6, 1 ], "texture": "#0" },
				"south": { "uv": [ 10, 0, 12, 1 ], "texture": "#0" },
				"west": { "uv": [ 13, 0, 15, 1 ], "texture": "#0" },
				"east": { "uv": [ 1, 0, 3, 1 ], "texture": "#0" }
			}
		},
		{
			"from": [ 9.999518, 15.00092, 1.00078 ],
			"to": [ 11.99952, 16.00092, 3.00078 ],
			"faces": {
				"down": { "uv": [ 10, 13, 12, 15 ], "texture": "#0" },
				"up": { "uv": [ 10, 1, 12, 3 ], "texture": "#0" },
				"north": { "uv": [ 4, 0, 6, 1 ], "texture": "#0" },
				"south": { "uv": [ 10, 0, 12, 1 ], "texture": "#0" },
				"west": { "uv": [ 1, 0, 3, 1 ], "texture": "#0" },
				"east": { "uv": [ 13, 0, 15, 1 ], "texture": "#0" }
			}
		},
		{
			"from": [ 12.99927, 15.00037, 3.999106 ],
			"to": [ 14.99927, 16.00037, 5.999106 ],
			"faces": {
				"down": { "uv": [ 13, 10, 15, 12 ], "texture": "#0" },
				"up": { "uv": [ 13, 4, 15, 6 ], "texture": "#0" },
				"north": { "uv": [ 1, 0, 3, 1 ], "texture": "#0" },
				"south": { "uv": [ 13, 0, 15, 1 ], "texture": "#0" },
				"west": { "uv": [ 4, 0, 6, 1 ], "texture": "#0" },
				"east": { "uv": [ 10, 0, 12, 1 ], "texture": "#0" }
			}
		},
		{
			"from": [ 12, 15.00025, 2.99971 ],
			"to": [ 14, 16.00025, 3.99971 ],
			"faces": {
				"down": { "uv": [ 12, 12, 14, 13 ], "texture": "#0" },
				"up": { "uv": [ 12, 3, 14, 4 ], "texture": "#0" },
				"north": { "uv": [ 2, 0, 4, 1 ], "texture": "#0" },
				"south": { "uv": [ 12, 0, 14, 1 ], "texture": "#0" },
				"west": { "uv": [ 3, 0, 4, 1 ], "texture": "#0" },
				"east": { "uv": [ 12, 0, 13, 1 ], "texture": "#0" }
			}
		},
		{
			"from": [ 11.99915, 15.00093, 1.999004 ],
			"to": [ 12.99915, 16.00093, 2.999004 ],
			"faces": {
				"down": { "uv": [ 12, 13, 13, 14 ], "texture": "#0" },
				"up": { "uv": [ 12, 2, 13, 3 ], "texture": "#0" },
				"north": { "uv": [ 3, 0, 4, 1 ], "texture": "#0" },
				"south": { "uv": [ 12, 0, 13, 1 ], "texture": "#0" },
				"west": { "uv": [ 2, 0, 3, 1 ], "texture": "#0" },
				"east": { "uv": [ 13, 0, 14, 1 ], "texture": "#0" }
			}
		},
		{
			"from": [ 5.999275, 14.00089, 1.000227 ],
			"to": [ 9.999275, 15.00089, 2.000227 ],
			"faces": {
				"down": { "uv": [ 6, 14, 10, 15 ], "texture": "#0" },
				"up": { "uv": [ 6, 1, 10, 2 ], "texture": "#0" },
				"north": { "uv": [ 6, 1, 10, 2 ], "texture": "#0" },
				"south": { "uv": [ 6, 1, 10, 2 ], "texture": "#0" },
				"west": { "uv": [ 1, 1, 2, 2 ], "texture": "#0" },
				"east": { "uv": [ 14, 1, 15, 2 ], "texture": "#0" }
			}
		},
		{
			"from": [ 5.999547, 13.99906, 14.00025 ],
			"to": [ 9.999546, 14.99906, 15.00025 ],
			"faces": {
				"down": { "uv": [ 6, 1, 10, 2 ], "texture": "#0" },
				"up": { "uv": [ 6, 14, 10, 15 ], "texture": "#0" },
				"north": { "uv": [ 6, 1, 10, 2 ], "texture": "#0" },
				"south": { "uv": [ 6, 1, 10, 2 ], "texture": "#0" },
				"west": { "uv": [ 14, 1, 15, 2 ], "texture": "#0" },
				"east": { "uv": [ 1, 1, 2, 2 ], "texture": "#0" }
			}
		},
		{
			"from": [ 0.9995617, 13.99987, 5.999475 ],
			"to": [ 1.999562, 14.99987, 9.999475 ],
			"faces": {
				"down": { "uv": [ 1, 6, 2, 10 ], "texture": "#0" },
				"up": { "uv": [ 1, 6, 2, 10 ], "texture": "#0" },
				"north": { "uv": [ 14, 1, 15, 2 ], "texture": "#0" },
				"south": { "uv": [ 1, 1, 2, 2 ], "texture": "#0" },
				"west": { "uv": [ 6, 1, 10, 2 ], "texture": "#0" },
				"east": { "uv": [ 6, 1, 10, 2 ], "texture": "#0" }
			}
		},
		{
			"from": [ 14.00086, 14.0005, 6.000282 ],
			"to": [ 15.00086, 15.0005, 10.00028 ],
			"faces": {
				"down": { "uv": [ 14, 6, 15, 10 ], "texture": "#0" },
				"up": { "uv": [ 14, 6, 15, 10 ], "texture": "#0" },
				"north": { "uv": [ 1, 1, 2, 2 ], "texture": "#0" },
				"south": { "uv": [ 14, 1, 15, 2 ], "texture": "#0" },
				"west": { "uv": [ 6, 1, 10, 2 ], "texture": "#0" },
				"east": { "uv": [ 6, 1, 10, 2 ], "texture": "#0" }
			}
		},
		{
			"from": [ 4.000632, 13.99952, 13.00041 ],
			"to": [ 6.000632, 14.99952, 14.00041 ],
			"faces": {
				"down": { "uv": [ 4, 2, 6, 3 ], "texture": "#0" },
				"up": { "uv": [ 4, 13, 6, 14 ], "texture": "#0" },
				"north": { "uv": [ 10, 1, 12, 2 ], "texture": "#0" },
				"south": { "uv": [ 4, 1, 6, 2 ], "texture": "#0" },
				"west": { "uv": [ 13, 1, 14, 2 ], "texture": "#0" },
				"east": { "uv": [ 2, 1, 3, 2 ], "texture": "#0" }
			}
		},
		{
			"from": [ 3.999115, 14.00056, 1.999146 ],
			"to": [ 5.999115, 15.00056, 2.999146 ],
			"faces": {
				"down": { "uv": [ 4, 13, 6, 14 ], "texture": "#0" },
				"up": { "uv": [ 4, 2, 6, 3 ], "texture": "#0" },
				"north": { "uv": [ 10, 1, 12, 2 ], "texture": "#0" },
				"south": { "uv": [ 4, 1, 6, 2 ], "texture": "#0" },
				"west": { "uv": [ 2, 1, 3, 2 ], "texture": "#0" },
				"east": { "uv": [ 13, 1, 14, 2 ], "texture": "#0" }
			}
		},
		{
			"from": [ 9.999071, 14.00081, 1.999653 ],
			"to": [ 11.99907, 15.00081, 2.999653 ],
			"faces": {
				"down": { "uv": [ 10, 13, 12, 14 ], "texture": "#0" },
				"up": { "uv": [ 10, 2, 12, 3 ], "texture": "#0" },
				"north": { "uv": [ 4, 1, 6, 2 ], "texture": "#0" },
				"south": { "uv": [ 10, 1, 12, 2 ], "texture": "#0" },
				"west": { "uv": [ 2, 1, 3, 2 ], "texture": "#0" },
				"east": { "uv": [ 13, 1, 14, 2 ], "texture": "#0" }
			}
		},
		{
			"from": [ 9.999961, 13.99962, 13.00007 ],
			"to": [ 11.99996, 14.99962, 14.00007 ],
			"faces": {
				"down": { "uv": [ 10, 2, 12, 3 ], "texture": "#0" },
				"up": { "uv": [ 10, 13, 12, 14 ], "texture": "#0" },
				"north": { "uv": [ 4, 1, 6, 2 ], "texture": "#0" },
				"south": { "uv": [ 10, 1, 12, 2 ], "texture": "#0" },
				"west": { "uv": [ 13, 1, 14, 2 ], "texture": "#0" },
				"east": { "uv": [ 2, 1, 3, 2 ], "texture": "#0" }
			}
		},
		{
			"from": [ 12.00066, 13.99989, 12.00085 ],
			"to": [ 13.00066, 14.99989, 13.00085 ],
			"faces": {
				"down": { "uv": [ 12, 3, 13, 4 ], "texture": "#0" },
				"up": { "uv": [ 12, 12, 13, 13 ], "texture": "#0" },
				"north": { "uv": [ 3, 1, 4, 2 ], "texture": "#0" },
				"south": { "uv": [ 12, 1, 13, 2 ], "texture": "#0" },
				"west": { "uv": [ 12, 1, 13, 2 ], "texture": "#0" },
				"east": { "uv": [ 3, 1, 4, 2 ], "texture": "#0" }
			}
		},
		{
			"from": [ 13.00044, 14.00091, 10.00065 ],
			"to": [ 14.00044, 15.00091, 12.00065 ],
			"faces": {
				"down": { "uv": [ 13, 4, 14, 6 ], "texture": "#0" },
				"up": { "uv": [ 13, 10, 14, 12 ], "texture": "#0" },
				"north": { "uv": [ 2, 1, 3, 2 ], "texture": "#0" },
				"south": { "uv": [ 13, 1, 14, 2 ], "texture": "#0" },
				"west": { "uv": [ 10, 1, 12, 2 ], "texture": "#0" },
				"east": { "uv": [ 4, 1, 6, 2 ], "texture": "#0" }
			}
		},
		{
			"from": [ 12.99993, 14.00093, 3.999564 ],
			"to": [ 13.99993, 15.00093, 5.999564 ],
			"faces": {
				"down": { "uv": [ 13, 10, 14, 12 ], "texture": "#0" },
				"up": { "uv": [ 13, 4, 14, 6 ], "texture": "#0" },
				"north": { "uv": [ 2, 1, 3, 2 ], "texture": "#0" },
				"south": { "uv": [ 13, 1, 14, 2 ], "texture": "#0" },
				"west": { "uv": [ 4, 1, 6, 2 ], "texture": "#0" },
				"east": { "uv": [ 10, 1, 12, 2 ], "texture": "#0" }
			}
		},
		{
			"from": [ 12.00009, 14, 2.999838 ],
			"to": [ 13.00009, 15, 3.999838 ],
			"faces": {
				"down": { "uv": [ 12, 12, 13, 13 ], "texture": "#0" },
				"up": { "uv": [ 12, 3, 13, 4 ], "texture": "#0" },
				"north": { "uv": [ 3, 1, 4, 2 ], "texture": "#0" },
				"south": { "uv": [ 12, 1, 13, 2 ], "texture": "#0" },
				"west": { "uv": [ 3, 1, 4, 2 ], "texture": "#0" },
				"east": { "uv": [ 12, 1, 13, 2 ], "texture": "#0" }
			}
		},
		{
			"from": [ 1.999307, 14.00007, 9.999899 ],
			"to": [ 2.999307, 15.00007, 11.9999 ],
			"faces": {
				"down": { "uv": [ 2, 4, 3, 6 ], "texture": "#0" },
				"up": { "uv": [ 2, 10, 3, 12 ], "texture": "#0" },
				"north": { "uv": [ 13, 1, 14, 2 ], "texture": "#0" },
				"south": { "uv": [ 2, 1, 3, 2 ], "texture": "#0" },
				"west": { "uv": [ 10, 1, 12, 2 ], "texture": "#0" },
				"east": { "uv": [ 4, 1, 6, 2 ], "texture": "#0" }
			}
		},
		{
			"from": [ 2.000746, 13.9997, 4.000292 ],
			"to": [ 3.000746, 14.9997, 6.000292 ],
			"faces": {
				"down": { "uv": [ 2, 10, 3, 12 ], "texture": "#0" },
				"up": { "uv": [ 2, 4, 3, 6 ], "texture": "#0" },
				"north": { "uv": [ 13, 1, 14, 2 ], "texture": "#0" },
				"south": { "uv": [ 2, 1, 3, 2 ], "texture": "#0" },
				"west": { "uv": [ 4, 1, 6, 2 ], "texture": "#0" },
				"east": { "uv": [ 10, 1, 12, 2 ], "texture": "#0" }
			}
		},
		{
			"from": [ 3.00016, 14.00058, 3.000185 ],
			"to": [ 4.000159, 15.00058, 4.000185 ],
			"faces": {
				"down": { "uv": [ 3, 12, 4, 13 ], "texture": "#0" },
				"up": { "uv": [ 3, 3, 4, 4 ], "texture": "#0" },
				"north": { "uv": [ 12, 1, 13, 2 ], "texture": "#0" },
				"south": { "uv": [ 3, 1, 4, 2 ], "texture": "#0" },
				"west": { "uv": [ 3, 1, 4, 2 ], "texture": "#0" },
				"east": { "uv": [ 12, 1, 13, 2 ], "texture": "#0" }
			}
		},
		{
			"from": [ 2.999192, 14.00015, 12.00008 ],
			"to": [ 3.999192, 15.00015, 13.00008 ],
			"faces": {
				"down": { "uv": [ 3, 3, 4, 4 ], "texture": "#0" },
				"up": { "uv": [ 3, 12, 4, 13 ], "texture": "#0" },
				"north": { "uv": [ 12, 1, 13, 2 ], "texture": "#0" },
				"south": { "uv": [ 3, 1, 4, 2 ], "texture": "#0" },
				"west": { "uv": [ 12, 1, 13, 2 ], "texture": "#0" },
				"east": { "uv": [ 3, 1, 4, 2 ], "texture": "#0" }
			}
		},
		{
			"from": [ 13.9854, 13.00002, 5.880203 ],
			"to": [ 15.4204, 14.00002, 10.1202 ],
			"faces": {
				"down": { "uv": [ 13.985, 5.88, 15.42, 10.12 ], "texture": "#0" },
				"up": { "uv": [ 13.985, 5.88, 15.42, 10.12 ], "texture": "#0" },
				"north": { "uv": [ 0.5799999, 2, 2.015, 3 ], "texture": "#0" },
				"south": { "uv": [ 13.985, 2, 15.42, 3 ], "texture": "#0" },
				"west": { "uv": [ 5.88, 2, 10.12, 3 ], "texture": "#0" },
				"east": { "uv": [ 5.88, 2, 10.12, 3 ], "texture": "#0" }
			}
		},
		{
			"from": [ 0.579402, 12.99904, 5.879969 ],
			"to": [ 2.014402, 13.99904, 10.11997 ],
			"faces": {
				"down": { "uv": [ 0.58, 5.88, 2.015, 10.12 ], "texture": "#0" },
				"up": { "uv": [ 0.58, 5.88, 2.015, 10.12 ], "texture": "#0" },
				"north": { "uv": [ 13.985, 2, 15.42, 3 ], "texture": "#0" },
				"south": { "uv": [ 0.58, 2, 2.015, 3 ], "texture": "#0" },
				"west": { "uv": [ 5.88, 2, 10.12, 3 ], "texture": "#0" },
				"east": { "uv": [ 5.88, 2, 10.12, 3 ], "texture": "#0" }
			}
		},
		{
			"from": [ 5.87991, 13.00084, 14.36037 ],
			"to": [ 10.11991, 14.00084, 15.42037 ],
			"faces": {
				"down": { "uv": [ 5.88, 0.5799999, 10.12, 1.64 ], "texture": "#0" },
				"up": { "uv": [ 5.88, 14.36, 10.12, 15.42 ], "texture": "#0" },
				"north": { "uv": [ 5.88, 2, 10.12, 3 ], "texture": "#0" },
				"south": { "uv": [ 5.88, 2, 10.12, 3 ], "texture": "#0" },
				"west": { "uv": [ 14.36, 2, 15.42, 3 ], "texture": "#0" },
				"east": { "uv": [ 0.5799999, 2, 1.64, 3 ], "texture": "#0" }
			}
		},
		{
			"from": [ 5.87925, 13.00073, 0.5800793 ],
			"to": [ 10.11925, 14.00073, 2.015079 ],
			"faces": {
				"down": { "uv": [ 5.88, 13.985, 10.12, 15.42 ], "texture": "#0" },
				"up": { "uv": [ 5.88, 0.5799999, 10.12, 2.015 ], "texture": "#0" },
				"north": { "uv": [ 5.88, 2, 10.12, 3 ], "texture": "#0" },
				"south": { "uv": [ 5.88, 2, 10.12, 3 ], "texture": "#0" },
				"west": { "uv": [ 0.58, 2, 2.015, 3 ], "texture": "#0" },
				"east": { "uv": [ 13.985, 2, 15.42, 3 ], "texture": "#0" }
			}
		},
		{
			"from": [ 3.759632, 12.99927, 13.29972 ],
			"to": [ 6.129632, 13.99927, 14.35971 ],
			"faces": {
				"down": { "uv": [ 3.76, 1.64, 6.13, 2.7 ], "texture": "#0" },
				"up": { "uv": [ 3.76, 13.3, 6.13, 14.36 ], "texture": "#0" },
				"north": { "uv": [ 9.87, 2, 12.24, 3 ], "texture": "#0" },
				"south": { "uv": [ 3.76, 2, 6.13, 3 ], "texture": "#0" },
				"west": { "uv": [ 13.3, 2, 14.36, 3 ], "texture": "#0" },
				"east": { "uv": [ 1.64, 2, 2.7, 3 ], "texture": "#0" }
			}
		},
		{
			"from": [ 3.759219, 12.99938, 1.639316 ],
			"to": [ 6.004219, 13.99938, 2.699316 ],
			"faces": {
				"down": { "uv": [ 3.76, 13.3, 6.005, 14.36 ], "texture": "#0" },
				"up": { "uv": [ 3.76, 1.64, 6.005, 2.7 ], "texture": "#0" },
				"north": { "uv": [ 9.995, 2, 12.24, 3 ], "texture": "#0" },
				"south": { "uv": [ 3.76, 2, 6.005, 3 ], "texture": "#0" },
				"west": { "uv": [ 1.64, 2, 2.7, 3 ], "texture": "#0" },
				"east": { "uv": [ 13.3, 2, 14.36, 3 ], "texture": "#0" }
			}
		},
		{
			"from": [ 10.1195, 12.99998, 1.639178 ],
			"to": [ 12.2395, 13.99998, 3.074178 ],
			"faces": {
				"down": { "uv": [ 10.12, 12.925, 12.24, 14.36 ], "texture": "#0" },
				"up": { "uv": [ 10.12, 1.64, 12.24, 3.075 ], "texture": "#0" },
				"north": { "uv": [ 3.76, 2, 5.88, 3 ], "texture": "#0" },
				"south": { "uv": [ 10.12, 2, 12.24, 3 ], "texture": "#0" },
				"west": { "uv": [ 1.64, 2, 3.075, 3 ], "texture": "#0" },
				"east": { "uv": [ 12.925, 2, 14.36, 3 ], "texture": "#0" }
			}
		},
		{
			"from": [ 9.995152, 12.99942, 13.30017 ],
			"to": [ 12.24015, 13.99942, 14.36017 ],
			"faces": {
				"down": { "uv": [ 9.995, 1.64, 12.24, 2.7 ], "texture": "#0" },
				"up": { "uv": [ 9.995, 13.3, 12.24, 14.36 ], "texture": "#0" },
				"north": { "uv": [ 3.76, 2, 6.005, 3 ], "texture": "#0" },
				"south": { "uv": [ 9.995, 2, 12.24, 3 ], "texture": "#0" },
				"west": { "uv": [ 13.3, 2, 14.36, 3 ], "texture": "#0" },
				"east": { "uv": [ 1.64, 2, 2.7, 3 ], "texture": "#0" }
			}
		},
		{
			"from": [ 11.98954, 12.99983, 12.24076 ],
			"to": [ 13.29954, 13.99983, 13.30076 ],
			"faces": {
				"down": { "uv": [ 11.99, 2.7, 13.3, 3.76 ], "texture": "#0" },
				"up": { "uv": [ 11.99, 12.24, 13.3, 13.3 ], "texture": "#0" },
				"north": { "uv": [ 2.7, 2, 4.01, 3 ], "texture": "#0" },
				"south": { "uv": [ 11.99, 2, 13.3, 3 ], "texture": "#0" },
				"west": { "uv": [ 12.24, 2, 13.3, 3 ], "texture": "#0" },
				"east": { "uv": [ 2.7, 2, 3.76, 3 ], "texture": "#0" }
			}
		},
		{
			"from": [ 12.92564, 13.00076, 10.12091 ],
			"to": [ 14.36064, 14.00076, 12.24091 ],
			"faces": {
				"down": { "uv": [ 12.925, 3.76, 14.36, 5.88 ], "texture": "#0" },
				"up": { "uv": [ 12.925, 10.12, 14.36, 12.24 ], "texture": "#0" },
				"north": { "uv": [ 1.64, 2, 3.075, 3 ], "texture": "#0" },
				"south": { "uv": [ 12.925, 2, 14.36, 3 ], "texture": "#0" },
				"west": { "uv": [ 10.12, 2, 12.24, 3 ], "texture": "#0" },
				"east": { "uv": [ 3.76, 2, 5.88, 3 ], "texture": "#0" }
			}
		},
		{
			"from": [ 13.30062, 13.00041, 3.760812 ],
			"to": [ 14.36062, 14.00041, 6.005812 ],
			"faces": {
				"down": { "uv": [ 13.3, 9.995, 14.36, 12.24 ], "texture": "#0" },
				"up": { "uv": [ 13.3, 3.76, 14.36, 6.005 ], "texture": "#0" },
				"north": { "uv": [ 1.64, 2, 2.7, 3 ], "texture": "#0" },
				"south": { "uv": [ 13.3, 2, 14.36, 3 ], "texture": "#0" },
				"west": { "uv": [ 3.76, 2, 6.005, 3 ], "texture": "#0" },
				"east": { "uv": [ 9.995, 2, 12.24, 3 ], "texture": "#0" }
			}
		},
		{
			"from": [ 12.23939, 12.99996, 2.699751 ],
			"to": [ 13.29939, 13.99996, 4.259751 ],
			"faces": {
				"down": { "uv": [ 12.24, 11.74, 13.3, 13.3 ], "texture": "#0" },
				"up": { "uv": [ 12.24, 2.7, 13.3, 4.26 ], "texture": "#0" },
				"north": { "uv": [ 2.7, 2, 3.76, 3 ], "texture": "#0" },
				"south": { "uv": [ 12.24, 2, 13.3, 3 ], "texture": "#0" },
				"west": { "uv": [ 2.7, 2, 4.26, 3 ], "texture": "#0" },
				"east": { "uv": [ 11.74, 2, 13.3, 3 ], "texture": "#0" }
			}
		},
		{
			"from": [ 1.639127, 13.00016, 10.11994 ],
			"to": [ 3.074127, 14.00016, 12.23994 ],
			"faces": {
				"down": { "uv": [ 1.64, 3.76, 3.075, 5.88 ], "texture": "#0" },
				"up": { "uv": [ 1.64, 10.12, 3.075, 12.24 ], "texture": "#0" },
				"north": { "uv": [ 12.925, 2, 14.36, 3 ], "texture": "#0" },
				"south": { "uv": [ 1.64, 2, 3.075, 3 ], "texture": "#0" },
				"west": { "uv": [ 10.12, 2, 12.24, 3 ], "texture": "#0" },
				"east": { "uv": [ 3.76, 2, 5.88, 3 ], "texture": "#0" }
			}
		},
		{
			"from": [ 1.63911, 12.99986, 3.759049 ],
			"to": [ 3.07411, 13.99986, 5.879049 ],
			"faces": {
				"down": { "uv": [ 1.64, 10.12, 3.075, 12.24 ], "texture": "#0" },
				"up": { "uv": [ 1.64, 3.76, 3.075, 5.88 ], "texture": "#0" },
				"north": { "uv": [ 12.925, 2, 14.36, 3 ], "texture": "#0" },
				"south": { "uv": [ 1.64, 2, 3.075, 3 ], "texture": "#0" },
				"west": { "uv": [ 3.76, 2, 5.88, 3 ], "texture": "#0" },
				"east": { "uv": [ 10.12, 2, 12.24, 3 ], "texture": "#0" }
			}
		},
		{
			"from": [ 2.699027, 12.99918, 2.699101 ],
			"to": [ 4.259027, 13.99918, 3.759101 ],
			"faces": {
				"down": { "uv": [ 2.7, 12.24, 4.26, 13.3 ], "texture": "#0" },
				"up": { "uv": [ 2.7, 2.7, 4.26, 3.76 ], "texture": "#0" },
				"north": { "uv": [ 11.74, 2, 13.3, 3 ], "texture": "#0" },
				"south": { "uv": [ 2.7, 2, 4.26, 3 ], "texture": "#0" },
				"west": { "uv": [ 2.7, 2, 3.76, 3 ], "texture": "#0" },
				"east": { "uv": [ 12.24, 2, 13.3, 3 ], "texture": "#0" }
			}
		},
		{
			"from": [ 2.700264, 13.00054, 12.23924 ],
			"to": [ 4.135264, 14.00054, 13.29924 ],
			"faces": {
				"down": { "uv": [ 2.7, 2.7, 4.135, 3.76 ], "texture": "#0" },
				"up": { "uv": [ 2.7, 12.24, 4.135, 13.3 ], "texture": "#0" },
				"north": { "uv": [ 11.865, 2, 13.3, 3 ], "texture": "#0" },
				"south": { "uv": [ 2.7, 2, 4.135, 3 ], "texture": "#0" },
				"west": { "uv": [ 12.24, 2, 13.3, 3 ], "texture": "#0" },
				"east": { "uv": [ 2.7, 2, 3.76, 3 ], "texture": "#0" }
			}
		},
		{
			"from": [ 14.74229, 6.999118, 5.751847 ],
			"to": [ 15.86589, 12.99912, 10.24625 ],
			"faces": {
				"down": { "uv": [ 14.7416, 5.7528, 15.8652, 10.2472 ], "texture": "#0" },
				"up": { "uv": [ 14.7416, 5.7528, 15.8652, 10.2472 ], "texture": "#0" },
				"north": { "uv": [ 0.1348, 3, 1.2584, 9 ], "texture": "#0" },
				"south": { "uv": [ 14.7416, 3, 15.8652, 9 ], "texture": "#0" },
				"west": { "uv": [ 5.7528, 3, 10.2472, 9 ], "texture": "#0" },
				"east": { "uv": [ 5.7528, 3, 10.2472, 9 ], "texture": "#0" }
			}
		},
		{
			"from": [ 0.1356145, 7.000647, 5.752162 ],
			"to": [ 1.259215, 13.00065, 10.24656 ],
			"faces": {
				"down": { "uv": [ 0.1348, 5.7528, 1.2584, 10.2472 ], "texture": "#0" },
				"up": { "uv": [ 0.1348, 5.7528, 1.2584, 10.2472 ], "texture": "#0" },
				"north": { "uv": [ 14.7416, 3, 15.8652, 9 ], "texture": "#0" },
				"south": { "uv": [ 0.1348, 3, 1.2584, 9 ], "texture": "#0" },
				"west": { "uv": [ 5.7528, 3, 10.2472, 9 ], "texture": "#0" },
				"east": { "uv": [ 5.7528, 3, 10.2472, 9 ], "texture": "#0" }
			}
		},
		{
			"from": [ 5.753247, 7.000295, 14.74186 ],
			"to": [ 10.24765, 13.0003, 15.86546 ],
			"faces": {
				"down": { "uv": [ 5.7528, 0.1348, 10.2472, 1.2584 ], "texture": "#0" },
				"up": { "uv": [ 5.7528, 14.7416, 10.2472, 15.8652 ], "texture": "#0" },
				"north": { "uv": [ 5.7528, 3, 10.2472, 9 ], "texture": "#0" },
				"south": { "uv": [ 5.7528, 3, 10.2472, 9 ], "texture": "#0" },
				"west": { "uv": [ 14.7416, 3, 15.8652, 9 ], "texture": "#0" },
				"east": { "uv": [ 0.1348, 3, 1.2584, 9 ], "texture": "#0" }
			}
		},
		{
			"from": [ 5.752879, 6.99913, 0.1355623 ],
			"to": [ 10.24728, 12.99913, 1.634162 ],
			"faces": {
				"down": { "uv": [ 5.7528, 14.3666, 10.2472, 15.8652 ], "texture": "#0" },
				"up": { "uv": [ 5.7528, 0.1348, 10.2472, 1.6334 ], "texture": "#0" },
				"north": { "uv": [ 5.7528, 3, 10.2472, 9 ], "texture": "#0" },
				"south": { "uv": [ 5.7528, 3, 10.2472, 9 ], "texture": "#0" },
				"west": { "uv": [ 0.1348, 3, 1.6334, 9 ], "texture": "#0" },
				"east": { "uv": [ 14.3666, 3, 15.8652, 9 ], "texture": "#0" }
			}
		},
		{
			"from": [ 3.505367, 7.000941, 13.61791 ],
			"to": [ 5.877566, 13.00094, 14.74151 ],
			"faces": {
				"down": { "uv": [ 3.5056, 1.2584, 5.8778, 2.382 ], "texture": "#0" },
				"up": { "uv": [ 3.5056, 13.618, 5.8778, 14.7416 ], "texture": "#0" },
				"north": { "uv": [ 10.1222, 3, 12.4944, 9 ], "texture": "#0" },
				"south": { "uv": [ 3.5056, 3, 5.8778, 9 ], "texture": "#0" },
				"west": { "uv": [ 13.618, 3, 14.7416, 9 ], "texture": "#0" },
				"east": { "uv": [ 1.2584, 3, 2.382, 9 ], "texture": "#0" }
			}
		},
		{
			"from": [ 3.505644, 7.000318, 1.257568 ],
			"to": [ 6.252844, 13.00032, 2.381168 ],
			"faces": {
				"down": { "uv": [ 3.5056, 13.618, 6.2528, 14.7416 ], "texture": "#0" },
				"up": { "uv": [ 3.5056, 1.2584, 6.2528, 2.382 ], "texture": "#0" },
				"north": { "uv": [ 9.7472, 3, 12.4944, 9 ], "texture": "#0" },
				"south": { "uv": [ 3.5056, 3, 6.2528, 9 ], "texture": "#0" },
				"west": { "uv": [ 1.2584, 3, 2.382, 9 ], "texture": "#0" },
				"east": { "uv": [ 13.618, 3, 14.7416, 9 ], "texture": "#0" }
			}
		},
		{
			"from": [ 10.24813, 7.00037, 1.259133 ],
			"to": [ 12.49533, 13.00037, 2.757733 ],
			"faces": {
				"down": { "uv": [ 10.2472, 13.243, 12.4944, 14.7416 ], "texture": "#0" },
				"up": { "uv": [ 10.2472, 1.2584, 12.4944, 2.757 ], "texture": "#0" },
				"north": { "uv": [ 3.5056, 3, 5.7528, 9 ], "texture": "#0" },
				"south": { "uv": [ 10.2472, 3, 12.4944, 9 ], "texture": "#0" },
				"west": { "uv": [ 1.2584, 3, 2.757, 9 ], "texture": "#0" },
				"east": { "uv": [ 13.243, 3, 14.7416, 9 ], "texture": "#0" }
			}
		},
		{
			"from": [ 10.12266, 7.000956, 13.61878 ],
			"to": [ 12.49486, 13.00096, 14.74238 ],
			"faces": {
				"down": { "uv": [ 10.1222, 1.2584, 12.4944, 2.382 ], "texture": "#0" },
				"up": { "uv": [ 10.1222, 13.618, 12.4944, 14.7416 ], "texture": "#0" },
				"north": { "uv": [ 3.5056, 3, 5.8778, 9 ], "texture": "#0" },
				"south": { "uv": [ 10.1222, 3, 12.4944, 9 ], "texture": "#0" },
				"west": { "uv": [ 13.618, 3, 14.7416, 9 ], "texture": "#0" },
				"east": { "uv": [ 1.2584, 3, 2.382, 9 ], "texture": "#0" }
			}
		},
		{
			"from": [ 12.24465, 7.0008, 12.2442 ],
			"to": [ 13.61825, 13.0008, 13.6178 ],
			"faces": {
				"down": { "uv": [ 12.2444, 2.382, 13.618, 3.7556 ], "texture": "#0" },
				"up": { "uv": [ 12.2444, 12.2444, 13.618, 13.618 ], "texture": "#0" },
				"north": { "uv": [ 2.382, 3, 3.7556, 9 ], "texture": "#0" },
				"south": { "uv": [ 12.2444, 3, 13.618, 9 ], "texture": "#0" },
				"west": { "uv": [ 12.2444, 3, 13.618, 9 ], "texture": "#0" },
				"east": { "uv": [ 2.382, 3, 3.7556, 9 ], "texture": "#0" }
			}
		},
		{
			"from": [ 13.61798, 6.999274, 10.12129 ],
			"to": [ 14.74158, 12.99927, 12.36849 ],
			"faces": {
				"down": { "uv": [ 13.618, 3.6306, 14.7416, 5.8778 ], "texture": "#0" },
				"up": { "uv": [ 13.618, 10.1222, 14.7416, 12.3694 ], "texture": "#0" },
				"north": { "uv": [ 1.2584, 3, 2.382, 9 ], "texture": "#0" },
				"south": { "uv": [ 13.618, 3, 14.7416, 9 ], "texture": "#0" },
				"west": { "uv": [ 10.1222, 3, 12.3694, 9 ], "texture": "#0" },
				"east": { "uv": [ 3.6306, 3, 5.8778, 9 ], "texture": "#0" }
			}
		},
		{
			"from": [ 13.6174, 6.99949, 3.505638 ],
			"to": [ 14.741, 12.99949, 6.002838 ],
			"faces": {
				"down": { "uv": [ 13.618, 9.9972, 14.7416, 12.4944 ], "texture": "#0" },
				"up": { "uv": [ 13.618, 3.5056, 14.7416, 6.0028 ], "texture": "#0" },
				"north": { "uv": [ 1.2584, 3, 2.382, 9 ], "texture": "#0" },
				"south": { "uv": [ 13.618, 3, 14.7416, 9 ], "texture": "#0" },
				"west": { "uv": [ 3.5056, 3, 6.0028, 9 ], "texture": "#0" },
				"east": { "uv": [ 9.9972, 3, 12.4944, 9 ], "texture": "#0" }
			}
		},
		{
			"from": [ 12.49455, 7.000789, 2.382689 ],
			"to": [ 13.61815, 13.00079, 3.881289 ],
			"faces": {
				"down": { "uv": [ 12.4944, 12.1194, 13.618, 13.618 ], "texture": "#0" },
				"up": { "uv": [ 12.4944, 2.382, 13.618, 3.8806 ], "texture": "#0" },
				"north": { "uv": [ 2.382, 3, 3.5056, 9 ], "texture": "#0" },
				"south": { "uv": [ 12.4944, 3, 13.618, 9 ], "texture": "#0" },
				"west": { "uv": [ 2.382, 3, 3.8806, 9 ], "texture": "#0" },
				"east": { "uv": [ 12.1194, 3, 13.618, 9 ], "texture": "#0" }
			}
		},
		{
			"from": [ 1.25863, 7.000659, 10.12216 ],
			"to": [ 2.75723, 13.00066, 12.49436 ],
			"faces": {
				"down": { "uv": [ 1.2584, 3.5056, 2.757, 5.8778 ], "texture": "#0" },
				"up": { "uv": [ 1.2584, 10.1222, 2.757, 12.4944 ], "texture": "#0" },
				"north": { "uv": [ 13.243, 3, 14.7416, 9 ], "texture": "#0" },
				"south": { "uv": [ 1.2584, 3, 2.757, 9 ], "texture": "#0" },
				"west": { "uv": [ 10.1222, 3, 12.4944, 9 ], "texture": "#0" },
				"east": { "uv": [ 3.5056, 3, 5.8778, 9 ], "texture": "#0" }
			}
		},
		{
			"from": [ 1.259153, 6.999628, 3.504802 ],
			"to": [ 2.382753, 12.99963, 5.877002 ],
			"faces": {
				"down": { "uv": [ 1.2584, 10.1222, 2.382, 12.4944 ], "texture": "#0" },
				"up": { "uv": [ 1.2584, 3.5056, 2.382, 5.8778 ], "texture": "#0" },
				"north": { "uv": [ 13.618, 3, 14.7416, 9 ], "texture": "#0" },
				"south": { "uv": [ 1.2584, 3, 2.382, 9 ], "texture": "#0" },
				"west": { "uv": [ 3.5056, 3, 5.8778, 9 ], "texture": "#0" },
				"east": { "uv": [ 10.1222, 3, 12.4944, 9 ], "texture": "#0" }
			}
		},
		{
			"from": [ 2.381882, 7.000182, 2.382113 ],
			"to": [ 3.755482, 13.00018, 3.755713 ],
			"faces": {
				"down": { "uv": [ 2.382, 12.2444, 3.7556, 13.618 ], "texture": "#0" },
				"up": { "uv": [ 2.382, 2.382, 3.7556, 3.7556 ], "texture": "#0" },
				"north": { "uv": [ 12.2444, 3, 13.618, 9 ], "texture": "#0" },
				"south": { "uv": [ 2.382, 3, 3.7556, 9 ], "texture": "#0" },
				"west": { "uv": [ 2.382, 3, 3.7556, 9 ], "texture": "#0" },
				"east": { "uv": [ 12.2444, 3, 13.618, 9 ], "texture": "#0" }
			}
		},
		{
			"from": [ 2.38181, 6.999002, 12.49502 ],
			"to": [ 3.88041, 12.999, 13.61862 ],
			"faces": {
				"down": { "uv": [ 2.382, 2.382, 3.8806, 3.5056 ], "texture": "#0" },
				"up": { "uv": [ 2.382, 12.4944, 3.8806, 13.618 ], "texture": "#0" },
				"north": { "uv": [ 12.1194, 3, 13.618, 9 ], "texture": "#0" },
				"south": { "uv": [ 2.382, 3, 3.8806, 9 ], "texture": "#0" },
				"west": { "uv": [ 12.4944, 3, 13.618, 9 ], "texture": "#0" },
				"east": { "uv": [ 2.382, 3, 3.5056, 9 ], "texture": "#0" }
			}
		},
		{
			"from": [ 14.36099, 6.00045, 5.880249 ],
			"to": [ 15.42099, 7.00045, 10.12025 ],
			"faces": {
				"down": { "uv": [ 14.36, 5.88, 15.42, 10.12 ], "texture": "#0" },
				"up": { "uv": [ 14.36, 5.88, 15.42, 10.12 ], "texture": "#0" },
				"north": { "uv": [ 0.5799999, 9, 1.64, 10 ], "texture": "#0" },
				"south": { "uv": [ 14.36, 9, 15.42, 10 ], "texture": "#0" },
				"west": { "uv": [ 5.88, 9, 10.12, 10 ], "texture": "#0" },
				"east": { "uv": [ 5.88, 9, 10.12, 10 ], "texture": "#0" }
			}
		},
		{
			"from": [ 0.5792176, 6.000876, 5.879932 ],
			"to": [ 1.639217, 7.000876, 10.11993 ],
			"faces": {
				"down": { "uv": [ 0.58, 5.88, 1.64, 10.12 ], "texture": "#0" },
				"up": { "uv": [ 0.58, 5.88, 1.64, 10.12 ], "texture": "#0" },
				"north": { "uv": [ 14.36, 9, 15.42, 10 ], "texture": "#0" },
				"south": { "uv": [ 0.58, 9, 1.64, 10 ], "texture": "#0" },
				"west": { "uv": [ 5.88, 9, 10.12, 10 ], "texture": "#0" },
				"east": { "uv": [ 5.88, 9, 10.12, 10 ], "texture": "#0" }
			}
		},
		{
			"from": [ 5.880369, 6.00001, 14.35999 ],
			"to": [ 10.12037, 7.00001, 15.41999 ],
			"faces": {
				"down": { "uv": [ 5.88, 0.5799999, 10.12, 1.64 ], "texture": "#0" },
				"up": { "uv": [ 5.88, 14.36, 10.12, 15.42 ], "texture": "#0" },
				"north": { "uv": [ 5.88, 9, 10.12, 10 ], "texture": "#0" },
				"south": { "uv": [ 5.88, 9, 10.12, 10 ], "texture": "#0" },
				"west": { "uv": [ 14.36, 9, 15.42, 10 ], "texture": "#0" },
				"east": { "uv": [ 0.5799999, 9, 1.64, 10 ], "texture": "#0" }
			}
		},
		{
			"from": [ 5.880601, 5.999228, 0.5798724 ],
			"to": [ 10.1206, 6.999228, 2.014873 ],
			"faces": {
				"down": { "uv": [ 5.88, 13.985, 10.12, 15.42 ], "texture": "#0" },
				"up": { "uv": [ 5.88, 0.5799999, 10.12, 2.015 ], "texture": "#0" },
				"north": { "uv": [ 5.88, 9, 10.12, 10 ], "texture": "#0" },
				"south": { "uv": [ 5.88, 9, 10.12, 10 ], "texture": "#0" },
				"west": { "uv": [ 0.58, 9, 2.015, 10 ], "texture": "#0" },
				"east": { "uv": [ 13.985, 9, 15.42, 10 ], "texture": "#0" }
			}
		},
		{
			"from": [ 3.759735, 6.000069, 13.29929 ],
			"to": [ 6.004735, 7.000069, 14.35929 ],
			"faces": {
				"down": { "uv": [ 3.76, 1.64, 6.005, 2.7 ], "texture": "#0" },
				"up": { "uv": [ 3.76, 13.3, 6.005, 14.36 ], "texture": "#0" },
				"north": { "uv": [ 9.995, 9, 12.24, 10 ], "texture": "#0" },
				"south": { "uv": [ 3.76, 9, 6.005, 10 ], "texture": "#0" },
				"west": { "uv": [ 13.3, 9, 14.36, 10 ], "texture": "#0" },
				"east": { "uv": [ 1.64, 9, 2.7, 10 ], "texture": "#0" }
			}
		},
		{
			"from": [ 3.760137, 6.000452, 1.640031 ],
			"to": [ 6.255137, 7.000452, 2.700031 ],
			"faces": {
				"down": { "uv": [ 3.76, 13.3, 6.255, 14.36 ], "texture": "#0" },
				"up": { "uv": [ 3.76, 1.64, 6.255, 2.7 ], "texture": "#0" },
				"north": { "uv": [ 9.745, 9, 12.24, 10 ], "texture": "#0" },
				"south": { "uv": [ 3.76, 9, 6.255, 10 ], "texture": "#0" },
				"west": { "uv": [ 1.64, 9, 2.7, 10 ], "texture": "#0" },
				"east": { "uv": [ 13.3, 9, 14.36, 10 ], "texture": "#0" }
			}
		},
		{
			"from": [ 10.12056, 6.000629, 1.639649 ],
			"to": [ 12.24056, 7.000629, 3.074649 ],
			"faces": {
				"down": { "uv": [ 10.12, 12.925, 12.24, 14.36 ], "texture": "#0" },
				"up": { "uv": [ 10.12, 1.64, 12.24, 3.075 ], "texture": "#0" },
				"north": { "uv": [ 3.76, 9, 5.88, 10 ], "texture": "#0" },
				"south": { "uv": [ 10.12, 9, 12.24, 10 ], "texture": "#0" },
				"west": { "uv": [ 1.64, 9, 3.075, 10 ], "texture": "#0" },
				"east": { "uv": [ 12.925, 9, 14.36, 10 ], "texture": "#0" }
			}
		},
		{
			"from": [ 9.995122, 5.999821, 13.30035 ],
			"to": [ 12.24012, 6.999821, 14.36035 ],
			"faces": {
				"down": { "uv": [ 9.995, 1.64, 12.24, 2.7 ], "texture": "#0" },
				"up": { "uv": [ 9.995, 13.3, 12.24, 14.36 ], "texture": "#0" },
				"north": { "uv": [ 3.76, 9, 6.005, 10 ], "texture": "#0" },
				"south": { "uv": [ 9.995, 9, 12.24, 10 ], "texture": "#0" },
				"west": { "uv": [ 13.3, 9, 14.36, 10 ], "texture": "#0" },
				"east": { "uv": [ 1.64, 9, 2.7, 10 ], "texture": "#0" }
			}
		},
		{
			"from": [ 11.9894, 5.999693, 11.99 ],
			"to": [ 13.29941, 6.999693, 13.3 ],
			"faces": {
				"down": { "uv": [ 11.99, 2.7, 13.3, 4.01 ], "texture": "#0" },
				"up": { "uv": [ 11.99, 11.99, 13.3, 13.3 ], "texture": "#0" },
				"north": { "uv": [ 2.7, 9, 4.01, 10 ], "texture": "#0" },
				"south": { "uv": [ 11.99, 9, 13.3, 10 ], "texture": "#0" },
				"west": { "uv": [ 11.99, 9, 13.3, 10 ], "texture": "#0" },
				"east": { "uv": [ 2.7, 9, 4.01, 10 ], "texture": "#0" }
			}
		},
		{
			"from": [ 13.30035, 6, 9.995547 ],
			"to": [ 14.36034, 7, 12.24055 ],
			"faces": {
				"down": { "uv": [ 13.3, 3.76, 14.36, 6.005 ], "texture": "#0" },
				"up": { "uv": [ 13.3, 9.995, 14.36, 12.24 ], "texture": "#0" },
				"north": { "uv": [ 1.64, 9, 2.7, 10 ], "texture": "#0" },
				"south": { "uv": [ 13.3, 9, 14.36, 10 ], "texture": "#0" },
				"west": { "uv": [ 9.995, 9, 12.24, 10 ], "texture": "#0" },
				"east": { "uv": [ 3.76, 9, 6.005, 10 ], "texture": "#0" }
			}
		},
		{
			"from": [ 13.3007, 5.999324, 3.759481 ],
			"to": [ 14.3607, 6.999324, 6.129481 ],
			"faces": {
				"down": { "uv": [ 13.3, 9.87, 14.36, 12.24 ], "texture": "#0" },
				"up": { "uv": [ 13.3, 3.76, 14.36, 6.13 ], "texture": "#0" },
				"north": { "uv": [ 1.64, 9, 2.7, 10 ], "texture": "#0" },
				"south": { "uv": [ 13.3, 9, 14.36, 10 ], "texture": "#0" },
				"west": { "uv": [ 3.76, 9, 6.13, 10 ], "texture": "#0" },
				"east": { "uv": [ 9.87, 9, 12.24, 10 ], "texture": "#0" }
			}
		},
		{
			"from": [ 12.24019, 5.999558, 2.700397 ],
			"to": [ 13.30019, 6.999558, 4.010397 ],
			"faces": {
				"down": { "uv": [ 12.24, 11.99, 13.3, 13.3 ], "texture": "#0" },
				"up": { "uv": [ 12.24, 2.7, 13.3, 4.01 ], "texture": "#0" },
				"north": { "uv": [ 2.7, 9, 3.76, 10 ], "texture": "#0" },
				"south": { "uv": [ 12.24, 9, 13.3, 10 ], "texture": "#0" },
				"west": { "uv": [ 2.7, 9, 4.01, 10 ], "texture": "#0" },
				"east": { "uv": [ 11.99, 9, 13.3, 10 ], "texture": "#0" }
			}
		},
		{
			"from": [ 1.640763, 6.000521, 9.995438 ],
			"to": [ 3.075763, 7.000521, 12.24044 ],
			"faces": {
				"down": { "uv": [ 1.64, 3.76, 3.075, 6.005 ], "texture": "#0" },
				"up": { "uv": [ 1.64, 9.995, 3.075, 12.24 ], "texture": "#0" },
				"north": { "uv": [ 12.925, 9, 14.36, 10 ], "texture": "#0" },
				"south": { "uv": [ 1.64, 9, 3.075, 10 ], "texture": "#0" },
				"west": { "uv": [ 9.995, 9, 12.24, 10 ], "texture": "#0" },
				"east": { "uv": [ 3.76, 9, 6.005, 10 ], "texture": "#0" }
			}
		},
		{
			"from": [ 1.640053, 5.999586, 3.75913 ],
			"to": [ 2.700053, 6.999586, 6.12913 ],
			"faces": {
				"down": { "uv": [ 1.64, 9.87, 2.7, 12.24 ], "texture": "#0" },
				"up": { "uv": [ 1.64, 3.76, 2.7, 6.13 ], "texture": "#0" },
				"north": { "uv": [ 13.3, 9, 14.36, 10 ], "texture": "#0" },
				"south": { "uv": [ 1.64, 9, 2.7, 10 ], "texture": "#0" },
				"west": { "uv": [ 3.76, 9, 6.13, 10 ], "texture": "#0" },
				"east": { "uv": [ 9.87, 9, 12.24, 10 ], "texture": "#0" }
			}
		},
		{
			"from": [ 2.699338, 5.999095, 2.699794 ],
			"to": [ 4.009338, 6.999095, 4.009794 ],
			"faces": {
				"down": { "uv": [ 2.7, 11.99, 4.01, 13.3 ], "texture": "#0" },
				"up": { "uv": [ 2.7, 2.7, 4.01, 4.01 ], "texture": "#0" },
				"north": { "uv": [ 11.99, 9, 13.3, 10 ], "texture": "#0" },
				"south": { "uv": [ 2.7, 9, 4.01, 10 ], "texture": "#0" },
				"west": { "uv": [ 2.7, 9, 4.01, 10 ], "texture": "#0" },
				"east": { "uv": [ 11.99, 9, 13.3, 10 ], "texture": "#0" }
			}
		},
		{
			"from": [ 2.699327, 6.000312, 12.2391 ],
			"to": [ 4.009328, 7.000312, 13.2991 ],
			"faces": {
				"down": { "uv": [ 2.7, 2.7, 4.01, 3.76 ], "texture": "#0" },
				"up": { "uv": [ 2.7, 12.24, 4.01, 13.3 ], "texture": "#0" },
				"north": { "uv": [ 11.99, 9, 13.3, 10 ], "texture": "#0" },
				"south": { "uv": [ 2.7, 9, 4.01, 10 ], "texture": "#0" },
				"west": { "uv": [ 12.24, 9, 13.3, 10 ], "texture": "#0" },
				"east": { "uv": [ 2.7, 9, 3.76, 10 ], "texture": "#0" }
			}
		},
		{
			"from": [ 3.000258, 4.999091, 11.62521 ],
			"to": [ 4.500258, 5.999091, 13.12521 ],
			"faces": {
				"down": { "uv": [ 3, 2.875, 4.5, 4.375 ], "texture": "#0" },
				"up": { "uv": [ 3, 11.625, 4.5, 13.125 ], "texture": "#0" },
				"north": { "uv": [ 11.5, 10, 13, 11 ], "texture": "#0" },
				"south": { "uv": [ 3, 10, 4.5, 11 ], "texture": "#0" },
				"west": { "uv": [ 11.625, 10, 13.125, 11 ], "texture": "#0" },
				"east": { "uv": [ 2.875, 10, 4.375, 11 ], "texture": "#0" }
			}
		},
		{
			"from": [ 14.00049, 5.000026, 6.000501 ],
			"to": [ 15.00049, 6.000026, 10.0005 ],
			"faces": {
				"down": { "uv": [ 14, 6, 15, 10 ], "texture": "#0" },
				"up": { "uv": [ 14, 6, 15, 10 ], "texture": "#0" },
				"north": { "uv": [ 1, 10, 2, 11 ], "texture": "#0" },
				"south": { "uv": [ 14, 10, 15, 11 ], "texture": "#0" },
				"west": { "uv": [ 6, 10, 10, 11 ], "texture": "#0" },
				"east": { "uv": [ 6, 10, 10, 11 ], "texture": "#0" }
			}
		},
		{
			"from": [ 0.99927, 4.999055, 5.999286 ],
			"to": [ 1.99927, 5.999055, 9.999287 ],
			"faces": {
				"down": { "uv": [ 1, 6, 2, 10 ], "texture": "#0" },
				"up": { "uv": [ 1, 6, 2, 10 ], "texture": "#0" },
				"north": { "uv": [ 14, 10, 15, 11 ], "texture": "#0" },
				"south": { "uv": [ 1, 10, 2, 11 ], "texture": "#0" },
				"west": { "uv": [ 6, 10, 10, 11 ], "texture": "#0" },
				"east": { "uv": [ 6, 10, 10, 11 ], "texture": "#0" }
			}
		},
		{
			"from": [ 6.000701, 4.999223, 13.37525 ],
			"to": [ 10.0007, 5.999223, 14.87525 ],
			"faces": {
				"down": { "uv": [ 6, 1.125, 10, 2.625 ], "texture": "#0" },
				"up": { "uv": [ 6, 13.375, 10, 14.875 ], "texture": "#0" },
				"north": { "uv": [ 6, 10, 10, 11 ], "texture": "#0" },
				"south": { "uv": [ 6, 10, 10, 11 ], "texture": "#0" },
				"west": { "uv": [ 13.375, 10, 14.875, 11 ], "texture": "#0" },
				"east": { "uv": [ 1.125, 10, 2.625, 11 ], "texture": "#0" }
			}
		},
		{
			"from": [ 6.000804, 5.00003, 1.000271 ],
			"to": [ 10.0008, 6.00003, 2.625271 ],
			"faces": {
				"down": { "uv": [ 6, 13.375, 10, 15 ], "texture": "#0" },
				"up": { "uv": [ 6, 1, 10, 2.625 ], "texture": "#0" },
				"north": { "uv": [ 6, 10, 10, 11 ], "texture": "#0" },
				"south": { "uv": [ 6, 10, 10, 11 ], "texture": "#0" },
				"west": { "uv": [ 1, 10, 2.625, 11 ], "texture": "#0" },
				"east": { "uv": [ 13.375, 10, 15, 11 ], "texture": "#0" }
			}
		},
		{
			"from": [ 3.999709, 5.000929, 13.00092 ],
			"to": [ 6.374709, 6.000929, 14.12592 ],
			"faces": {
				"down": { "uv": [ 4, 1.875, 6.375, 3 ], "texture": "#0" },
				"up": { "uv": [ 4, 13, 6.375, 14.125 ], "texture": "#0" },
				"north": { "uv": [ 9.625, 10, 12, 11 ], "texture": "#0" },
				"south": { "uv": [ 4, 10, 6.375, 11 ], "texture": "#0" },
				"west": { "uv": [ 13, 10, 14.125, 11 ], "texture": "#0" },
				"east": { "uv": [ 1.875, 10, 3, 11 ], "texture": "#0" }
			}
		},
		{
			"from": [ 3.999579, 5.0006, 1.999864 ],
			"to": [ 6.374578, 6.0006, 3.624864 ],
			"faces": {
				"down": { "uv": [ 4, 12.375, 6.375, 14 ], "texture": "#0" },
				"up": { "uv": [ 4, 2, 6.375, 3.625 ], "texture": "#0" },
				"north": { "uv": [ 9.625, 10, 12, 11 ], "texture": "#0" },
				"south": { "uv": [ 4, 10, 6.375, 11 ], "texture": "#0" },
				"west": { "uv": [ 2, 10, 3.625, 11 ], "texture": "#0" },
				"east": { "uv": [ 12.375, 10, 14, 11 ], "texture": "#0" }
			}
		},
		{
			"from": [ 10.00008, 4.999837, 1.999967 ],
			"to": [ 12.00008, 5.999837, 2.999968 ],
			"faces": {
				"down": { "uv": [ 10, 13, 12, 14 ], "texture": "#0" },
				"up": { "uv": [ 10, 2, 12, 3 ], "texture": "#0" },
				"north": { "uv": [ 4, 10, 6, 11 ], "texture": "#0" },
				"south": { "uv": [ 10, 10, 12, 11 ], "texture": "#0" },
				"west": { "uv": [ 2, 10, 3, 11 ], "texture": "#0" },
				"east": { "uv": [ 13, 10, 14, 11 ], "texture": "#0" }
			}
		},
		{
			"from": [ 10.00042, 4.999097, 12.49925 ],
			"to": [ 12.00042, 5.999097, 13.74925 ],
			"faces": {
				"down": { "uv": [ 10, 2.25, 12, 3.5 ], "texture": "#0" },
				"up": { "uv": [ 10, 12.5, 12, 13.75 ], "texture": "#0" },
				"north": { "uv": [ 4, 10, 6, 11 ], "texture": "#0" },
				"south": { "uv": [ 10, 10, 12, 11 ], "texture": "#0" },
				"west": { "uv": [ 12.5, 10, 13.75, 11 ], "texture": "#0" },
				"east": { "uv": [ 2.25, 10, 3.5, 11 ], "texture": "#0" }
			}
		},
		{
			"from": [ 11.99983, 4.999097, 11.49974 ],
			"to": [ 12.99983, 5.999097, 12.74974 ],
			"faces": {
				"down": { "uv": [ 12, 3.25, 13, 4.5 ], "texture": "#0" },
				"up": { "uv": [ 12, 11.5, 13, 12.75 ], "texture": "#0" },
				"north": { "uv": [ 3, 10, 4, 11 ], "texture": "#0" },
				"south": { "uv": [ 12, 10, 13, 11 ], "texture": "#0" },
				"west": { "uv": [ 11.5, 10, 12.75, 11 ], "texture": "#0" },
				"east": { "uv": [ 3.25, 10, 4.5, 11 ], "texture": "#0" }
			}
		},
		{
			"from": [ 13.0004, 4.99942, 9.750709 ],
			"to": [ 14.0004, 5.99942, 12.00071 ],
			"faces": {
				"down": { "uv": [ 13, 4, 14, 6.25 ], "texture": "#0" },
				"up": { "uv": [ 13, 9.75, 14, 12 ], "texture": "#0" },
				"north": { "uv": [ 2, 10, 3, 11 ], "texture": "#0" },
				"south": { "uv": [ 13, 10, 14, 11 ], "texture": "#0" },
				"west": { "uv": [ 9.75, 10, 12, 11 ], "texture": "#0" },
				"east": { "uv": [ 4, 10, 6.25, 11 ], "texture": "#0" }
			}
		},
		{
			"from": [ 12.99982, 5.000516, 3.999249 ],
			"to": [ 13.99982, 6.000516, 6.374249 ],
			"faces": {
				"down": { "uv": [ 13, 9.625, 14, 12 ], "texture": "#0" },
				"up": { "uv": [ 13, 4, 14, 6.375 ], "texture": "#0" },
				"north": { "uv": [ 2, 10, 3, 11 ], "texture": "#0" },
				"south": { "uv": [ 13, 10, 14, 11 ], "texture": "#0" },
				"west": { "uv": [ 4, 10, 6.375, 11 ], "texture": "#0" },
				"east": { "uv": [ 9.625, 10, 12, 11 ], "texture": "#0" }
			}
		},
		{
			"from": [ 2.000606, 4.999671, 9.750178 ],
			"to": [ 3.000606, 5.999671, 11.87518 ],
			"faces": {
				"down": { "uv": [ 2, 4.125, 3, 6.25 ], "texture": "#0" },
				"up": { "uv": [ 2, 9.75, 3, 11.875 ], "texture": "#0" },
				"north": { "uv": [ 13, 10, 14, 11 ], "texture": "#0" },
				"south": { "uv": [ 2, 10, 3, 11 ], "texture": "#0" },
				"west": { "uv": [ 9.75, 10, 11.875, 11 ], "texture": "#0" },
				"east": { "uv": [ 4.125, 10, 6.25, 11 ], "texture": "#0" }
			}
		},
		{
			"from": [ 1.999547, 5.000136, 4.000962 ],
			"to": [ 2.999547, 6.000136, 6.375962 ],
			"faces": {
				"down": { "uv": [ 2, 9.625, 3, 12 ], "texture": "#0" },
				"up": { "uv": [ 2, 4, 3, 6.375 ], "texture": "#0" },
				"north": { "uv": [ 13, 10, 14, 11 ], "texture": "#0" },
				"south": { "uv": [ 2, 10, 3, 11 ], "texture": "#0" },
				"west": { "uv": [ 4, 10, 6.375, 11 ], "texture": "#0" },
				"east": { "uv": [ 9.625, 10, 12, 11 ], "texture": "#0" }
			}
		},
		{
			"from": [ 3.0006, 4.999434, 2.999832 ],
			"to": [ 4.0006, 5.999434, 4.499832 ],
			"faces": {
				"down": { "uv": [ 3, 11.5, 4, 13 ], "texture": "#0" },
				"up": { "uv": [ 3, 3, 4, 4.5 ], "texture": "#0" },
				"north": { "uv": [ 12, 10, 13, 11 ], "texture": "#0" },
				"south": { "uv": [ 3, 10, 4, 11 ], "texture": "#0" },
				"west": { "uv": [ 3, 10, 4.5, 11 ], "texture": "#0" },
				"east": { "uv": [ 11.5, 10, 13, 11 ], "texture": "#0" }
			}
		},
		{
			"from": [ 3.500354, 4.000619, 11.59996 ],
			"to": [ 4.400353, 5.000619, 12.49996 ],
			"faces": {
				"down": { "uv": [ 3.5, 3.5, 4.4, 4.4 ], "texture": "#0" },
				"up": { "uv": [ 3.5, 11.6, 4.4, 12.5 ], "texture": "#0" },
				"north": { "uv": [ 11.6, 11, 12.5, 12 ], "texture": "#0" },
				"south": { "uv": [ 3.5, 11, 4.4, 12 ], "texture": "#0" },
				"west": { "uv": [ 11.6, 11, 12.5, 12 ], "texture": "#0" },
				"east": { "uv": [ 3.5, 11, 4.4, 12 ], "texture": "#0" }
			}
		},
		{
			"from": [ 13.40031, 4.000252, 6.200696 ],
			"to": [ 14.30031, 5.000252, 9.800696 ],
			"faces": {
				"down": { "uv": [ 13.4, 6.2, 14.3, 9.8 ], "texture": "#0" },
				"up": { "uv": [ 13.4, 6.2, 14.3, 9.8 ], "texture": "#0" },
				"north": { "uv": [ 1.7, 11, 2.6, 12 ], "texture": "#0" },
				"south": { "uv": [ 13.4, 11, 14.3, 12 ], "texture": "#0" },
				"west": { "uv": [ 6.2, 11, 9.8, 12 ], "texture": "#0" },
				"east": { "uv": [ 6.2, 11, 9.8, 12 ], "texture": "#0" }
			}
		},
		{
			"from": [ 1.700049, 4.000132, 6.199405 ],
			"to": [ 13.47505, 5.000132, 9.799406 ],
			"faces": {
				"down": { "uv": [ 1.7, 6.2, 13.475, 9.8 ], "texture": "#0" },
				"up": { "uv": [ 1.7, 6.2, 13.475, 9.8 ], "texture": "#0" },
				"north": { "uv": [ 2.524999, 11, 14.3, 12 ], "texture": "#0" },
				"south": { "uv": [ 1.7, 11, 13.475, 12 ], "texture": "#0" },
				"west": { "uv": [ 6.2, 11, 9.8, 12 ], "texture": "#0" },
				"east": { "uv": [ 6.2, 11, 9.8, 12 ], "texture": "#0" }
			}
		},
		{
			"from": [ 6.200237, 4.000281, 11.52563 ],
			"to": [ 9.800238, 5.000281, 14.42563 ],
			"faces": {
				"down": { "uv": [ 6.2, 1.575, 9.8, 4.475 ], "texture": "#0" },
				"up": { "uv": [ 6.2, 11.525, 9.8, 14.425 ], "texture": "#0" },
				"north": { "uv": [ 6.2, 11, 9.8, 12 ], "texture": "#0" },
				"south": { "uv": [ 6.2, 11, 9.8, 12 ], "texture": "#0" },
				"west": { "uv": [ 11.525, 11, 14.425, 12 ], "texture": "#0" },
				"east": { "uv": [ 1.575, 11, 4.475, 12 ], "texture": "#0" }
			}
		},
		{
			"from": [ 6.199343, 3.99929, 1.700967 ],
			"to": [ 9.799343, 4.99929, 6.225966 ],
			"faces": {
				"down": { "uv": [ 6.2, 9.775001, 9.8, 14.3 ], "texture": "#0" },
				"up": { "uv": [ 6.2, 1.7, 9.8, 6.224999 ], "texture": "#0" },
				"north": { "uv": [ 6.2, 11, 9.8, 12 ], "texture": "#0" },
				"south": { "uv": [ 6.2, 11, 9.8, 12 ], "texture": "#0" },
				"west": { "uv": [ 1.7, 11, 6.224999, 12 ], "texture": "#0" },
				"east": { "uv": [ 9.775001, 11, 14.3, 12 ], "texture": "#0" }
			}
		},
		{
			"from": [ 4.400187, 3.999033, 11.49918 ],
			"to": [ 6.200187, 4.999033, 13.39918 ],
			"faces": {
				"down": { "uv": [ 4.4, 2.6, 6.2, 4.5 ], "texture": "#0" },
				"up": { "uv": [ 4.4, 11.5, 6.2, 13.4 ], "texture": "#0" },
				"north": { "uv": [ 9.8, 11, 11.6, 12 ], "texture": "#0" },
				"south": { "uv": [ 4.4, 11, 6.2, 12 ], "texture": "#0" },
				"west": { "uv": [ 11.5, 11, 13.4, 12 ], "texture": "#0" },
				"east": { "uv": [ 2.6, 11, 4.5, 12 ], "texture": "#0" }
			}
		},
		{
			"from": [ 4.400919, 4.000212, 2.600877 ],
			"to": [ 6.200919, 5.000212, 6.250877 ],
			"faces": {
				"down": { "uv": [ 4.4, 9.75, 6.2, 13.4 ], "texture": "#0" },
				"up": { "uv": [ 4.4, 2.6, 6.2, 6.25 ], "texture": "#0" },
				"north": { "uv": [ 9.8, 11, 11.6, 12 ], "texture": "#0" },
				"south": { "uv": [ 4.4, 11, 6.2, 12 ], "texture": "#0" },
				"west": { "uv": [ 2.6, 11, 6.25, 12 ], "texture": "#0" },
				"east": { "uv": [ 9.75, 11, 13.4, 12 ], "texture": "#0" }
			}
		},
		{
			"from": [ 9.80081, 4.000248, 2.600834 ],
			"to": [ 11.60081, 5.000248, 4.375834 ],
			"faces": {
				"down": { "uv": [ 9.8, 11.625, 11.6, 13.4 ], "texture": "#0" },
				"up": { "uv": [ 9.8, 2.6, 11.6, 4.375 ], "texture": "#0" },
				"north": { "uv": [ 4.4, 11, 6.2, 12 ], "texture": "#0" },
				"south": { "uv": [ 9.8, 11, 11.6, 12 ], "texture": "#0" },
				"west": { "uv": [ 2.6, 11, 4.375, 12 ], "texture": "#0" },
				"east": { "uv": [ 11.625, 11, 13.4, 12 ], "texture": "#0" }
			}
		},
		{
			"from": [ 9.79976, 4.000508, 11.50068 ],
			"to": [ 11.59976, 5.000508, 13.40068 ],
			"faces": {
				"down": { "uv": [ 9.8, 2.6, 11.6, 4.5 ], "texture": "#0" },
				"up": { "uv": [ 9.8, 11.5, 11.6, 13.4 ], "texture": "#0" },
				"north": { "uv": [ 4.4, 11, 6.2, 12 ], "texture": "#0" },
				"south": { "uv": [ 9.8, 11, 11.6, 12 ], "texture": "#0" },
				"west": { "uv": [ 11.5, 11, 13.4, 12 ], "texture": "#0" },
				"east": { "uv": [ 2.6, 11, 4.5, 12 ], "texture": "#0" }
			}
		},
		{
			"from": [ 11.60005, 3.99918, 11.59906 ],
			"to": [ 12.50005, 4.99918, 12.49906 ],
			"faces": {
				"down": { "uv": [ 11.6, 3.5, 12.5, 4.4 ], "texture": "#0" },
				"up": { "uv": [ 11.6, 11.6, 12.5, 12.5 ], "texture": "#0" },
				"north": { "uv": [ 3.5, 11, 4.4, 12 ], "texture": "#0" },
				"south": { "uv": [ 11.6, 11, 12.5, 12 ], "texture": "#0" },
				"west": { "uv": [ 11.6, 11, 12.5, 12 ], "texture": "#0" },
				"east": { "uv": [ 3.5, 11, 4.4, 12 ], "texture": "#0" }
			}
		},
		{
			"from": [ 9.49905, 4.000088, 9.799007 ],
			"to": [ 13.39905, 5.000088, 11.59901 ],
			"faces": {
				"down": { "uv": [ 9.5, 4.4, 13.4, 6.2 ], "texture": "#0" },
				"up": { "uv": [ 9.5, 9.8, 13.4, 11.6 ], "texture": "#0" },
				"north": { "uv": [ 2.6, 11, 6.5, 12 ], "texture": "#0" },
				"south": { "uv": [ 9.5, 11, 13.4, 12 ], "texture": "#0" },
				"west": { "uv": [ 9.8, 11, 11.6, 12 ], "texture": "#0" },
				"east": { "uv": [ 4.4, 11, 6.2, 12 ], "texture": "#0" }
			}
		},
		{
			"from": [ 9.749311, 3.99949, 4.27447 ],
			"to": [ 13.39931, 4.999491, 6.19947 ],
			"faces": {
				"down": { "uv": [ 9.75, 9.8, 13.4, 11.725 ], "texture": "#0" },
				"up": { "uv": [ 9.75, 4.275, 13.4, 6.2 ], "texture": "#0" },
				"north": { "uv": [ 2.6, 11, 6.25, 12 ], "texture": "#0" },
				"south": { "uv": [ 9.75, 11, 13.4, 12 ], "texture": "#0" },
				"west": { "uv": [ 4.275, 11, 6.2, 12 ], "texture": "#0" },
				"east": { "uv": [ 9.8, 11, 11.725, 12 ], "texture": "#0" }
			}
		},
		{
			"from": [ 11.59938, 3.999271, 3.500068 ],
			"to": [ 12.49938, 4.999271, 4.400068 ],
			"faces": {
				"down": { "uv": [ 11.6, 11.6, 12.5, 12.5 ], "texture": "#0" },
				"up": { "uv": [ 11.6, 3.5, 12.5, 4.4 ], "texture": "#0" },
				"north": { "uv": [ 3.5, 11, 4.4, 12 ], "texture": "#0" },
				"south": { "uv": [ 11.6, 11, 12.5, 12 ], "texture": "#0" },
				"west": { "uv": [ 3.5, 11, 4.4, 12 ], "texture": "#0" },
				"east": { "uv": [ 11.6, 11, 12.5, 12 ], "texture": "#0" }
			}
		},
		{
			"from": [ 2.599936, 4.000954, 9.800965 ],
			"to": [ 9.499936, 5.000954, 11.72597 ],
			"faces": {
				"down": { "uv": [ 2.6, 4.275, 9.5, 6.2 ], "texture": "#0" },
				"up": { "uv": [ 2.6, 9.8, 9.5, 11.725 ], "texture": "#0" },
				"north": { "uv": [ 6.5, 11, 13.4, 12 ], "texture": "#0" },
				"south": { "uv": [ 2.6, 11, 9.5, 12 ], "texture": "#0" },
				"west": { "uv": [ 9.8, 11, 11.725, 12 ], "texture": "#0" },
				"east": { "uv": [ 4.275, 11, 6.2, 12 ], "texture": "#0" }
			}
		},
		{
			"from": [ 2.60029, 4.000471, 4.400909 ],
			"to": [ 4.50029, 5.000471, 6.200909 ],
			"faces": {
				"down": { "uv": [ 2.6, 9.8, 4.5, 11.6 ], "texture": "#0" },
				"up": { "uv": [ 2.6, 4.4, 4.5, 6.2 ], "texture": "#0" },
				"north": { "uv": [ 11.5, 11, 13.4, 12 ], "texture": "#0" },
				"south": { "uv": [ 2.6, 11, 4.5, 12 ], "texture": "#0" },
				"west": { "uv": [ 4.4, 11, 6.2, 12 ], "texture": "#0" },
				"east": { "uv": [ 9.8, 11, 11.6, 12 ], "texture": "#0" }
			}
		},
		{
			"from": [ 3.50092, 3.99981, 3.500975 ],
			"to": [ 4.40092, 4.99981, 4.400975 ],
			"faces": {
				"down": { "uv": [ 3.5, 11.6, 4.4, 12.5 ], "texture": "#0" },
				"up": { "uv": [ 3.5, 3.5, 4.4, 4.4 ], "texture": "#0" },
				"north": { "uv": [ 11.6, 11, 12.5, 12 ], "texture": "#0" },
				"south": { "uv": [ 3.5, 11, 4.4, 12 ], "texture": "#0" },
				"west": { "uv": [ 3.5, 11, 4.4, 12 ], "texture": "#0" },
				"east": { "uv": [ 11.6, 11, 12.5, 12 ], "texture": "#0" }
			}
		},
		{
			"from": [ 11.50058, 5.000391, 3.000067 ],
			"to": [ 13.00058, 6.000391, 4.500067 ],
			"faces": {
				"down": { "uv": [ 11.5, 11.5, 13, 13 ], "texture": "#0" },
				"up": { "uv": [ 11.5, 3, 13, 4.5 ], "texture": "#0" },
				"north": { "uv": [ 3, 10, 4.5, 11 ], "texture": "#0" },
				"south": { "uv": [ 11.5, 10, 13, 11 ], "texture": "#0" },
				"west": { "uv": [ 3, 10, 4.5, 11 ], "texture": "#0" },
				"east": { "uv": [ 11.5, 10, 13, 11 ], "texture": "#0" }
			}
		},
		{
			"from": [ 0.0009009608, 0.0003200519, 6.000491 ],
			"to": [ 16.0009, 4.00032, 10.00049 ],
			"faces": {
				"down": { "uv": [ 0, 6, 16, 10 ], "texture": "#1" },
				"up": { "uv": [ 0, 6, 16, 10 ], "texture": "#1" },
				"north": { "uv": [ 0, 12, 16, 16 ], "texture": "#1" },
				"south": { "uv": [ 0, 12, 16, 16 ], "texture": "#1" },
				"west": { "uv": [ 6, 12, 10, 16 ], "texture": "#1" },
				"east": { "uv": [ 6, 12, 10, 16 ], "texture": "#1" }
			}
		},
		{
			"from": [ 5.999416, -0.0006845005, -0.0001161381 ],
			"to": [ 9.999416, 3.999316, 15.99988 ],
			"faces": {
				"down": { "uv": [ 6, 0, 10, 16 ], "texture": "#1" },
				"up": { "uv": [ 6, 0, 10, 16 ], "texture": "#1" },
				"north": { "uv": [ 6, 12, 10, 16 ], "texture": "#1" },
				"south": { "uv": [ 6, 12, 10, 16 ], "texture": "#1" },
				"west": { "uv": [ 0, 12, 16, 16 ], "texture": "#1" },
				"east": { "uv": [ 0, 12, 16, 16 ], "texture": "#1" }
			}
		},
		{
			"from": [ -0.0009654866, 0.0003619385, 5.999933 ],
			"to": [ 15.99903, 4.000362, 9.999933 ],
			"rotation": { "origin": [ 8, 8, 8 ], "axis": "y", "angle": -45 },
			"faces": {
				"down": { "uv": [ 3.75736, 11.07107, 16, 15.07107 ], "texture": "#1" },
				"up": { "uv": [ 3.75736, 0.9289322, 16, 4.928932 ], "texture": "#1" },
				"north": { "uv": [ 0, 12, 12.24264, 16 ], "texture": "#1" },
				"south": { "uv": [ 3.75736, 12, 16, 16 ], "texture": "#1" },
				"west": { "uv": [ 0.9289317, 12, 4.928932, 16 ], "texture": "#1" },
				"east": { "uv": [ 11.07107, 12, 15.07107, 16 ], "texture": "#1" }
			}
		},
		{
			"from": [ 5.99993, -0.000213483, -0.0005765104 ],
			"to": [ 9.99993, 3.999787, 15.99942 ],
			"rotation": { "origin": [ 8, 8, 8 ], "axis": "y", "angle": -45 },
			"faces": {
				"down": { "uv": [ 12.24264, 0, 16, 15.07107 ], "texture": "#1" },
				"up": { "uv": [ 12.24264, 0.9289322, 16, 16 ], "texture": "#1" },
				"north": { "uv": [ 0, 12, 3.757359, 16 ], "texture": "#1" },
				"south": { "uv": [ 12.24264, 12, 16, 16 ], "texture": "#1" },
				"west": { "uv": [ 0.9289322, 12, 16, 16 ], "texture": "#1" },
				"east": { "uv": [ 0, 12, 15.07107, 16 ], "texture": "#1" }
			}
		},
		{
			"from": [ 1.999544, 14.0003, 5.999641 ],
			"to": [ 13.99954, 15.0003, 9.999641 ],
			"faces": {
				"up": { "uv": [ 2, 6, 14, 10 ], "texture": "#2" }
			}
		},
		{
			"from": [ 6.000515, 13.99975, 2.000031 ],
			"to": [ 10.00051, 14.99975, 6.000031 ],
			"faces": {
				"up": { "uv": [ 6, 2, 10, 6 ], "texture": "#2" }
			}
		},
		{
			"from": [ 5.999572, 13.99905, 9.999214 ],
			"to": [ 9.999573, 14.99905, 13.99921 ],
			"faces": {
				"up": { "uv": [ 6, 10, 10, 14 ], "texture": "#2" }
			}
		},
		{
			"from": [ 3.000527, 13.99984, 3.999933 ],
			"to": [ 4.000527, 14.99984, 5.999932 ],
			"faces": {
				"up": { "uv": [ 3, 4, 4, 6 ], "texture": "#2" }
			}
		},
		{
			"from": [ 4.000571, 14.00007, 2.999805 ],
			"to": [ 6.000571, 15.00007, 5.999805 ],
			"faces": {
				"up": { "uv": [ 4, 3, 6, 6 ], "texture": "#2" }
			}
		},
		{
			"from": [ 4.00046, 14.00075, 9.999983 ],
			"to": [ 6.00046, 15.00075, 12.99998 ],
			"faces": {
				"up": { "uv": [ 4, 10, 6, 13 ], "texture": "#2" }
			}
		},
		{
			"from": [ 2.999555, 14.00037, 10.00015 ],
			"to": [ 3.999555, 15.00037, 12.00015 ],
			"faces": {
				"up": { "uv": [ 3, 10, 4, 12 ], "texture": "#2" }
			}
		},
		{
			"from": [ 10.00077, 14.00037, 10.00076 ],
			"to": [ 12.00077, 15.00037, 13.00076 ],
			"faces": {
				"up": { "uv": [ 10, 10, 12, 13 ], "texture": "#2" }
			}
		},
		{
			"from": [ 12.00025, 14.00084, 9.999725 ],
			"to": [ 13.00025, 15.00084, 11.99973 ],
			"faces": {
				"up": { "uv": [ 12, 10, 13, 12 ], "texture": "#2" }
			}
		},
		{
			"from": [ 11.9992, 14.0009, 3.999568 ],
			"to": [ 12.9992, 15.0009, 5.999568 ],
			"faces": {
				"up": { "uv": [ 12, 4, 13, 6 ], "texture": "#2" }
			}
		},
		{
			"from": [ 10.00074, 14.00055, 3.000744 ],
			"to": [ 12.00074, 15.00055, 6.000744 ],
			"faces": {
				"up": { "uv": [ 10, 3, 12, 6 ], "texture": "#2" }
			}
		}
	]
}