{
	"__comment": "Designed by CreatorLabs with Cubik Studio - https://cubik.studio",
	"textures": {
		"0": "blocks/cauldron_side",
		"1": "3d_blocks/log/log_oak_wood",
		"2": "blocks/water_still",
		"particle": "blocks/cauldron_side"
	},
	"elements": [ 	 
		{
			"from": [ 0.0008916474, 14.99904, 5.999435 ],
			"to": [ 2.000892, 15.99904, 9.999435 ],
			"faces": {
				"down": { "uv": [ 0, 6, 2, 10 ], "texture": "#0" },
				"up": { "uv": [ 0, 6, 2, 10 ], "texture": "#0" },
				"north": { "uv": [ 14, 0, 16, 1 ], "texture": "#0" },
				"south": { "uv": [ 0, 0, 2, 1 ], "texture": "#0" },
				"west": { "uv": [ 6, 0, 10, 1 ], "texture": "#0" },
				"east": { "uv": [ 6, 0, 10, 1 ], "texture": "#0" }
			}
		},
		{
			"from": [ 1.000189, 15.0001, 10.00009 ],
			"to": [ 3.000189, 16.0001, 12.00009 ],
			"faces": {
				"down": { "uv": [ 1, 4, 3, 6 ], "texture": "#0" },
				"up": { "uv": [ 1, 10, 3, 12 ], "texture": "#0" },
				"north": { "uv": [ 13, 0, 15, 1 ], "texture": "#0" },
				"south": { "uv": [ 1, 0, 3, 1 ], "texture": "#0" },
				"west": { "uv": [ 10, 0, 12, 1 ], "texture": "#0" },
				"east": { "uv": [ 4, 0, 6, 1 ], "texture": "#0" }
			}
		},
		{
			"from": [ 0.9991693, 14.99989, 3.99912 ],
			"to": [ 2.999169, 15.99989, 5.999121 ],
			"faces": {
				"down": { "uv": [ 1, 10, 3, 12 ], "texture": "#0" },
				"up": { "uv": [ 1, 4, 3, 6 ], "texture": "#0" },
				"north": { "uv": [ 13, 0, 15, 1 ], "texture": "#0" },
				"south": { "uv": [ 1, 0, 3, 1 ], "texture": "#0" },
				"west": { "uv": [ 4, 0, 6, 1 ], "texture": "#0" },
				"east": { "uv": [ 10, 0, 12, 1 ], "texture": "#0" }
			}
		},
		{
			"from": [ 1.99941, 14.99962, 2.99901 ],
			"to": [ 2.99941, 15.99962, 3.99901 ],
			"faces": {
				"down": { "uv": [ 2, 12, 3, 13 ], "texture": "#0" },
				"up": { "uv": [ 2, 3, 3, 4 ], "texture": "#0" },
				"north": { "uv": [ 13, 0, 14, 1 ], "texture": "#0" },
				"south": { "uv": [ 2, 0, 3, 1 ], "texture": "#0" },
				"west": { "uv": [ 3, 0, 4, 1 ], "texture": "#0" },
				"east": { "uv": [ 12, 0, 13, 1 ], "texture": "#0" }
			}
		},
		{
			"from": [ 14.00053, 14.99988, 5.999449 ],
			"to": [ 16.00053, 15.99988, 9.999449 ],
			"faces": {
				"down": { "uv": [ 14, 6, 16, 10 ], "texture": "#0" },
				"up": { "uv": [ 14, 6, 16, 10 ], "texture": "#0" },
				"north": { "uv": [ 0, 0, 2, 1 ], "texture": "#0" },
				"south": { "uv": [ 14, 0, 16, 1 ], "texture": "#0" },
				"west": { "uv": [ 6, 0, 10, 1 ], "texture": "#0" },
				"east": { "uv": [ 6, 0, 10, 1 ], "texture": "#0" }
			}
		},
		{
			"from": [ 4.000793, 15.0008, 0.9995985 ],
			"to": [ 6.000793, 16.0008, 2.999599 ],
			"faces": {
				"down": { "uv": [ 4, 13, 6, 15 ], "texture": "#0" },
				"up": { "uv": [ 4, 1, 6, 3 ], "texture": "#0" },
				"north": { "uv": [ 10, 0, 12, 1 ], "texture": "#0" },
				"south": { "uv": [ 4, 0, 6, 1 ], "texture": "#0" },
				"west": { "uv": [ 1, 0, 3, 1 ], "texture": "#0" },
				"east": { "uv": [ 13, 0, 15, 1 ], "texture": "#0" }
			}
		},
		{
			"from": [ 6.000405, 14.99954, -0.0008534284 ],
			"to": [ 10.00041, 15.99954, 1.999147 ],
			"faces": {
				"down": { "uv": [ 6, 14, 10, 16 ], "texture": "#0" },
				"up": { "uv": [ 6, 0, 10, 2 ], "texture": "#0" },
				"north": { "uv": [ 6, 0, 10, 1 ], "texture": "#0" },
				"south": { "uv": [ 6, 0, 10, 1 ], "texture": "#0" },
				"west": { "uv": [ 0, 0, 2, 1 ], "texture": "#0" },
				"east": { "uv": [ 14, 0, 16, 1 ], "texture": "#0" }
			}
		},
		{
			"from": [ 2.999462, 14.99978, 1.999643 ],
			"to": [ 3.999462, 15.99978, 3.999643 ],
			"faces": {
				"down": { "uv": [ 3, 12, 4, 14 ], "texture": "#0" },
				"up": { "uv": [ 3, 2, 4, 4 ], "texture": "#0" },
				"north": { "uv": [ 12, 0, 13, 1 ], "texture": "#0" },
				"south": { "uv": [ 3, 0, 4, 1 ], "texture": "#0" },
				"west": { "uv": [ 2, 0, 4, 1 ], "texture": "#0" },
				"east": { "uv": [ 12, 0, 14, 1 ], "texture": "#0" }
			}
		},
		{
			"from": [ 5.999394, 15.00014, 14.00093 ],
			"to": [ 9.999394, 16.00014, 16.00093 ],
			"faces": {
				"down": { "uv": [ 6, 0, 10, 2 ], "texture": "#0" },
				"up": { "uv": [ 6, 14, 10, 16 ], "texture": "#0" },
				"north": { "uv": [ 6, 0, 10, 1 ], "texture": "#0" },
				"south": { "uv": [ 6, 0, 10, 1 ], "texture": "#0" },
				"west": { "uv": [ 14, 0, 16, 1 ], "texture": "#0" },
				"east": { "uv": [ 0, 0, 2, 1 ], "texture": "#0" }
			}
		},
		{
			"from": [ 12.99982, 15.00064, 9.999024 ],
			"to": [ 14.99982, 16.00064, 11.99902 ],
			"faces": {
				"down": { "uv": [ 13, 4, 15, 6 ], "texture": "#0" },
				"up": { "uv": [ 13, 10, 15, 12 ], "texture": "#0" },
				"north": { "uv": [ 1, 0, 3, 1 ], "texture": "#0" },
				"south": { "uv": [ 13, 0, 15, 1 ], "texture": "#0" },
				"west": { "uv": [ 10, 0, 12, 1 ], "texture": "#0" },
				"east": { "uv": [ 4, 0, 6, 1 ], "texture": "#0" }
			}
		},
		{
			"from": [ 3.999188, 15.00076, 12.99943 ],
			"to": [ 5.999187, 16.00076, 14.99943 ],
			"faces": {
				"down": { "uv": [ 4, 1, 6, 3 ], "texture": "#0" },
				"up": { "uv": [ 4, 13, 6, 15 ], "texture": "#0" },
				"north": { "uv": [ 10, 0, 12, 1 ], "texture": "#0" },
				"south": { "uv": [ 4, 0, 6, 1 ], "texture": "#0" },
				"west": { "uv": [ 13, 0, 15, 1 ], "texture": "#0" },
				"east": { "uv": [ 1, 0, 3, 1 ], "texture": "#0" }
			}
		},
		{
			"from": [ 2.000508, 14.99918, 11.99911 ],
			"to": [ 4.000508, 15.99918, 12.99911 ],
			"faces": {
				"down": { "uv": [ 2, 3, 4, 4 ], "texture": "#0" },
				"up": { "uv": [ 2, 12, 4, 13 ], "texture": "#0" },
				"north": { "uv": [ 12, 0, 14, 1 ], "texture": "#0" },
				"south": { "uv": [ 2, 0, 4, 1 ], "texture": "#0" },
				"west": { "uv": [ 12, 0, 13, 1 ], "texture": "#0" },
				"east": { "uv": [ 3, 0, 4, 1 ], "texture": "#0" }
			}
		},
		{
			"from": [ 2.999352, 15.00061, 12.99999 ],
			"to": [ 3.999352, 16.00061, 13.99999 ],
			"faces": {
				"down": { "uv": [ 3, 2, 4, 3 ], "texture": "#0" },
				"up": { "uv": [ 3, 13, 4, 14 ], "texture": "#0" },
				"north": { "uv": [ 12, 0, 13, 1 ], "texture": "#0" },
				"south": { "uv": [ 3, 0, 4, 1 ], "texture": "#0" },
				"west": { "uv": [ 13, 0, 14, 1 ], "texture": "#0" },
				"east": { "uv": [ 2, 0, 3, 1 ], "texture": "#0" }
			}
		},
		{
			"from": [ 12.99934, 14.99967, 12.00016 ],
			"to": [ 13.99934, 15.99967, 13.00016 ],
			"faces": {
				"down": { "uv": [ 13, 3, 14, 4 ], "texture": "#0" },
				"up": { "uv": [ 13, 12, 14, 13 ], "texture": "#0" },
				"north": { "uv": [ 2, 0, 3, 1 ], "texture": "#0" },
				"south": { "uv": [ 13, 0, 14, 1 ], "texture": "#0" },
				"west": { "uv": [ 12, 0, 13, 1 ], "texture": "#0" },
				"east": { "uv": [ 3, 0, 4, 1 ], "texture": "#0" }
			}
		},
		{
			"from": [ 11.99982, 14.99906, 11.99945 ],
			"to": [ 12.99982, 15.99906, 13.99945 ],
			"faces": {
				"down": { "uv": [ 12, 2, 13, 4 ], "texture": "#0" },
				"up": { "uv": [ 12, 12, 13, 14 ], "texture": "#0" },
				"north": { "uv": [ 3, 0, 4, 1 ], "texture": "#0" },
				"south": { "uv": [ 12, 0, 13, 1 ], "texture": "#0" },
				"west": { "uv": [ 12, 0, 14, 1 ], "texture": "#0" },
				"east": { "uv": [ 2, 0, 4, 1 ], "texture": "#0" }
			}
		},
		{
			"from": [ 10.00013, 15.0001, 13.0004 ],
			"to": [ 12.00013, 16.0001, 15.0004 ],
			"faces": {
				"down": { "uv": [ 10, 1, 12, 3 ], "texture": "#0" },
				"up": { "uv": [ 10, 13, 12, 15 ], "texture": "#0" },
				"north": { "uv": [ 4, 0, 6, 1 ], "texture": "#0" },
				"south": { "uv": [ 10, 0, 12, 1 ], "texture": "#0" },
				"west": { "uv": [ 13, 0, 15, 1 ], "texture": "#0" },
				"east": { "uv": [ 1, 0, 3, 1 ], "texture": "#0" }
			}
		},
		{
			"from": [ 9.999369, 15.00008, 1.000369 ],
			"to": [ 11.99937, 16.00008, 3.000369 ],
			"faces": {
				"down": { "uv": [ 10, 13, 12, 15 ], "texture": "#0" },
				"up": { "uv": [ 10, 1, 12, 3 ], "texture": "#0" },
				"north": { "uv": [ 4, 0, 6, 1 ], "texture": "#0" },
				"south": { "uv": [ 10, 0, 12, 1 ], "texture": "#0" },
				"west": { "uv": [ 1, 0, 3, 1 ], "texture": "#0" },
				"east": { "uv": [ 13, 0, 15, 1 ], "texture": "#0" }
			}
		},
		{
			"from": [ 12.99952, 14.99984, 4.000612 ],
			"to": [ 14.99952, 15.99984, 6.000612 ],
			"faces": {
				"down": { "uv": [ 13, 10, 15, 12 ], "texture": "#0" },
				"up": { "uv": [ 13, 4, 15, 6 ], "texture": "#0" },
				"north": { "uv": [ 1, 0, 3, 1 ], "texture": "#0" },
				"south": { "uv": [ 13, 0, 15, 1 ], "texture": "#0" },
				"west": { "uv": [ 4, 0, 6, 1 ], "texture": "#0" },
				"east": { "uv": [ 10, 0, 12, 1 ], "texture": "#0" }
			}
		},
		{
			"from": [ 11.99946, 15.00024, 2.999888 ],
			"to": [ 13.99946, 16.00024, 3.999888 ],
			"faces": {
				"down": { "uv": [ 12, 12, 14, 13 ], "texture": "#0" },
				"up": { "uv": [ 12, 3, 14, 4 ], "texture": "#0" },
				"north": { "uv": [ 2, 0, 4, 1 ], "texture": "#0" },
				"south": { "uv": [ 12, 0, 14, 1 ], "texture": "#0" },
				"west": { "uv": [ 3, 0, 4, 1 ], "texture": "#0" },
				"east": { "uv": [ 12, 0, 13, 1 ], "texture": "#0" }
			}
		},
		{
			"from": [ 11.99998, 14.99966, 2.000944 ],
			"to": [ 12.99998, 15.99966, 3.000944 ],
			"faces": {
				"down": { "uv": [ 12, 13, 13, 14 ], "texture": "#0" },
				"up": { "uv": [ 12, 2, 13, 3 ], "texture": "#0" },
				"north": { "uv": [ 3, 0, 4, 1 ], "texture": "#0" },
				"south": { "uv": [ 12, 0, 13, 1 ], "texture": "#0" },
				"west": { "uv": [ 2, 0, 3, 1 ], "texture": "#0" },
				"east": { "uv": [ 13, 0, 14, 1 ], "texture": "#0" }
			}
		},
		{
			"from": [ 6.000992, 13.99944, 0.9991358 ],
			"to": [ 10.00099, 14.99944, 1.999136 ],
			"faces": {
				"down": { "uv": [ 6, 14, 10, 15 ], "texture": "#0" },
				"up": { "uv": [ 6, 1, 10, 2 ], "texture": "#0" },
				"north": { "uv": [ 6, 1, 10, 2 ], "texture": "#0" },
				"south": { "uv": [ 6, 1, 10, 2 ], "texture": "#0" },
				"west": { "uv": [ 1, 1, 2, 2 ], "texture": "#0" },
				"east": { "uv": [ 14, 1, 15, 2 ], "texture": "#0" }
			}
		},
		{
			"from": [ 5.999517, 13.99961, 13.99936 ],
			"to": [ 9.999517, 14.99961, 14.99936 ],
			"faces": {
				"down": { "uv": [ 6, 1, 10, 2 ], "texture": "#0" },
				"up": { "uv": [ 6, 14, 10, 15 ], "texture": "#0" },
				"north": { "uv": [ 6, 1, 10, 2 ], "texture": "#0" },
				"south": { "uv": [ 6, 1, 10, 2 ], "texture": "#0" },
				"west": { "uv": [ 14, 1, 15, 2 ], "texture": "#0" },
				"east": { "uv": [ 1, 1, 2, 2 ], "texture": "#0" }
			}
		},
		{
			"from": [ 1.000692, 13.9997, 6.000566 ],
			"to": [ 2.000692, 14.9997, 10.00057 ],
			"faces": {
				"down": { "uv": [ 1, 6, 2, 10 ], "texture": "#0" },
				"up": { "uv": [ 1, 6, 2, 10 ], "texture": "#0" },
				"north": { "uv": [ 14, 1, 15, 2 ], "texture": "#0" },
				"south": { "uv": [ 1, 1, 2, 2 ], "texture": "#0" },
				"west": { "uv": [ 6, 1, 10, 2 ], "texture": "#0" },
				"east": { "uv": [ 6, 1, 10, 2 ], "texture": "#0" }
			}
		},
		{
			"from": [ 14.00087, 14.00049, 5.999132 ],
			"to": [ 15.00087, 15.00049, 9.999132 ],
			"faces": {
				"down": { "uv": [ 14, 6, 15, 10 ], "texture": "#0" },
				"up": { "uv": [ 14, 6, 15, 10 ], "texture": "#0" },
				"north": { "uv": [ 1, 1, 2, 2 ], "texture": "#0" },
				"south": { "uv": [ 14, 1, 15, 2 ], "texture": "#0" },
				"west": { "uv": [ 6, 1, 10, 2 ], "texture": "#0" },
				"east": { "uv": [ 6, 1, 10, 2 ], "texture": "#0" }
			}
		},
		{
			"from": [ 3.999316, 13.99937, 12.9999 ],
			"to": [ 5.999316, 14.99937, 13.9999 ],
			"faces": {
				"down": { "uv": [ 4, 2, 6, 3 ], "texture": "#0" },
				"up": { "uv": [ 4, 13, 6, 14 ], "texture": "#0" },
				"north": { "uv": [ 10, 1, 12, 2 ], "texture": "#0" },
				"south": { "uv": [ 4, 1, 6, 2 ], "texture": "#0" },
				"west": { "uv": [ 13, 1, 14, 2 ], "texture": "#0" },
				"east": { "uv": [ 2, 1, 3, 2 ], "texture": "#0" }
			}
		},
		{
			"from": [ 4.000293, 14.00093, 1.999044 ],
			"to": [ 6.000293, 15.00093, 2.999044 ],
			"faces": {
				"down": { "uv": [ 4, 13, 6, 14 ], "texture": "#0" },
				"up": { "uv": [ 4, 2, 6, 3 ], "texture": "#0" },
				"north": { "uv": [ 10, 1, 12, 2 ], "texture": "#0" },
				"south": { "uv": [ 4, 1, 6, 2 ], "texture": "#0" },
				"west": { "uv": [ 2, 1, 3, 2 ], "texture": "#0" },
				"east": { "uv": [ 13, 1, 14, 2 ], "texture": "#0" }
			}
		},
		{
			"from": [ 10.00032, 14.00097, 2.000009 ],
			"to": [ 12.00032, 15.00097, 3.000009 ],
			"faces": {
				"down": { "uv": [ 10, 13, 12, 14 ], "texture": "#0" },
				"up": { "uv": [ 10, 2, 12, 3 ], "texture": "#0" },
				"north": { "uv": [ 4, 1, 6, 2 ], "texture": "#0" },
				"south": { "uv": [ 10, 1, 12, 2 ], "texture": "#0" },
				"west": { "uv": [ 2, 1, 3, 2 ], "texture": "#0" },
				"east": { "uv": [ 13, 1, 14, 2 ], "texture": "#0" }
			}
		},
		{
			"from": [ 9.999031, 14.0003, 13.0005 ],
			"to": [ 11.99903, 15.0003, 14.0005 ],
			"faces": {
				"down": { "uv": [ 10, 2, 12, 3 ], "texture": "#0" },
				"up": { "uv": [ 10, 13, 12, 14 ], "texture": "#0" },
				"north": { "uv": [ 4, 1, 6, 2 ], "texture": "#0" },
				"south": { "uv": [ 10, 1, 12, 2 ], "texture": "#0" },
				"west": { "uv": [ 13, 1, 14, 2 ], "texture": "#0" },
				"east": { "uv": [ 2, 1, 3, 2 ], "texture": "#0" }
			}
		},
		{
			"from": [ 11.99957, 14.00078, 12.00077 ],
			"to": [ 12.99957, 15.00078, 13.00077 ],
			"faces": {
				"down": { "uv": [ 12, 3, 13, 4 ], "texture": "#0" },
				"up": { "uv": [ 12, 12, 13, 13 ], "texture": "#0" },
				"north": { "uv": [ 3, 1, 4, 2 ], "texture": "#0" },
				"south": { "uv": [ 12, 1, 13, 2 ], "texture": "#0" },
				"west": { "uv": [ 12, 1, 13, 2 ], "texture": "#0" },
				"east": { "uv": [ 3, 1, 4, 2 ], "texture": "#0" }
			}
		},
		{
			"from": [ 13.00025, 13.99961, 10.0008 ],
			"to": [ 14.00025, 14.99961, 12.0008 ],
			"faces": {
				"down": { "uv": [ 13, 4, 14, 6 ], "texture": "#0" },
				"up": { "uv": [ 13, 10, 14, 12 ], "texture": "#0" },
				"north": { "uv": [ 2, 1, 3, 2 ], "texture": "#0" },
				"south": { "uv": [ 13, 1, 14, 2 ], "texture": "#0" },
				"west": { "uv": [ 10, 1, 12, 2 ], "texture": "#0" },
				"east": { "uv": [ 4, 1, 6, 2 ], "texture": "#0" }
			}
		},
		{
			"from": [ 12.99946, 14.00014, 3.999359 ],
			"to": [ 13.99946, 15.00014, 5.999359 ],
			"faces": {
				"down": { "uv": [ 13, 10, 14, 12 ], "texture": "#0" },
				"up": { "uv": [ 13, 4, 14, 6 ], "texture": "#0" },
				"north": { "uv": [ 2, 1, 3, 2 ], "texture": "#0" },
				"south": { "uv": [ 13, 1, 14, 2 ], "texture": "#0" },
				"west": { "uv": [ 4, 1, 6, 2 ], "texture": "#0" },
				"east": { "uv": [ 10, 1, 12, 2 ], "texture": "#0" }
			}
		},
		{
			"from": [ 12.00049, 13.99983, 3.00091 ],
			"to": [ 13.00049, 14.99983, 4.00091 ],
			"faces": {
				"down": { "uv": [ 12, 12, 13, 13 ], "texture": "#0" },
				"up": { "uv": [ 12, 3, 13, 4 ], "texture": "#0" },
				"north": { "uv": [ 3, 1, 4, 2 ], "texture": "#0" },
				"south": { "uv": [ 12, 1, 13, 2 ], "texture": "#0" },
				"west": { "uv": [ 3, 1, 4, 2 ], "texture": "#0" },
				"east": { "uv": [ 12, 1, 13, 2 ], "texture": "#0" }
			}
		},
		{
			"from": [ 2.000153, 13.99942, 9.999393 ],
			"to": [ 3.000153, 14.99942, 11.99939 ],
			"faces": {
				"down": { "uv": [ 2, 4, 3, 6 ], "texture": "#0" },
				"up": { "uv": [ 2, 10, 3, 12 ], "texture": "#0" },
				"north": { "uv": [ 13, 1, 14, 2 ], "texture": "#0" },
				"south": { "uv": [ 2, 1, 3, 2 ], "texture": "#0" },
				"west": { "uv": [ 10, 1, 12, 2 ], "texture": "#0" },
				"east": { "uv": [ 4, 1, 6, 2 ], "texture": "#0" }
			}
		},
		{
			"from": [ 1.999426, 14.00053, 4.000859 ],
			"to": [ 2.999425, 15.00053, 6.000859 ],
			"faces": {
				"down": { "uv": [ 2, 10, 3, 12 ], "texture": "#0" },
				"up": { "uv": [ 2, 4, 3, 6 ], "texture": "#0" },
				"north": { "uv": [ 13, 1, 14, 2 ], "texture": "#0" },
				"south": { "uv": [ 2, 1, 3, 2 ], "texture": "#0" },
				"west": { "uv": [ 4, 1, 6, 2 ], "texture": "#0" },
				"east": { "uv": [ 10, 1, 12, 2 ], "texture": "#0" }
			}
		},
		{
			"from": [ 3.0006, 13.99967, 3.000171 ],
			"to": [ 4.0006, 14.99967, 4.000171 ],
			"faces": {
				"down": { "uv": [ 3, 12, 4, 13 ], "texture": "#0" },
				"up": { "uv": [ 3, 3, 4, 4 ], "texture": "#0" },
				"north": { "uv": [ 12, 1, 13, 2 ], "texture": "#0" },
				"south": { "uv": [ 3, 1, 4, 2 ], "texture": "#0" },
				"west": { "uv": [ 3, 1, 4, 2 ], "texture": "#0" },
				"east": { "uv": [ 12, 1, 13, 2 ], "texture": "#0" }
			}
		},
		{
			"from": [ 2.999955, 13.9993, 12.00022 ],
			"to": [ 3.999955, 14.9993, 13.00022 ],
			"faces": {
				"down": { "uv": [ 3, 3, 4, 4 ], "texture": "#0" },
				"up": { "uv": [ 3, 12, 4, 13 ], "texture": "#0" },
				"north": { "uv": [ 12, 1, 13, 2 ], "texture": "#0" },
				"south": { "uv": [ 3, 1, 4, 2 ], "texture": "#0" },
				"west": { "uv": [ 12, 1, 13, 2 ], "texture": "#0" },
				"east": { "uv": [ 3, 1, 4, 2 ], "texture": "#0" }
			}
		},
		{
			"from": [ 13.98553, 12.99907, 5.879725 ],
			"to": [ 15.42053, 13.99907, 10.11973 ],
			"faces": {
				"down": { "uv": [ 13.985, 5.88, 15.42, 10.12 ], "texture": "#0" },
				"up": { "uv": [ 13.985, 5.88, 15.42, 10.12 ], "texture": "#0" },
				"north": { "uv": [ 0.5799999, 2, 2.015, 3 ], "texture": "#0" },
				"south": { "uv": [ 13.985, 2, 15.42, 3 ], "texture": "#0" },
				"west": { "uv": [ 5.88, 2, 10.12, 3 ], "texture": "#0" },
				"east": { "uv": [ 5.88, 2, 10.12, 3 ], "texture": "#0" }
			}
		},
		{
			"from": [ 0.5800508, 12.99988, 5.880953 ],
			"to": [ 2.015051, 13.99988, 10.12095 ],
			"faces": {
				"down": { "uv": [ 0.58, 5.88, 2.015, 10.12 ], "texture": "#0" },
				"up": { "uv": [ 0.58, 5.88, 2.015, 10.12 ], "texture": "#0" },
				"north": { "uv": [ 13.985, 2, 15.42, 3 ], "texture": "#0" },
				"south": { "uv": [ 0.58, 2, 2.015, 3 ], "texture": "#0" },
				"west": { "uv": [ 5.88, 2, 10.12, 3 ], "texture": "#0" },
				"east": { "uv": [ 5.88, 2, 10.12, 3 ], "texture": "#0" }
			}
		},
		{
			"from": [ 5.880565, 13.00043, 14.36064 ],
			"to": [ 10.12057, 14.00043, 15.42064 ],
			"faces": {
				"down": { "uv": [ 5.88, 0.5799999, 10.12, 1.64 ], "texture": "#0" },
				"up": { "uv": [ 5.88, 14.36, 10.12, 15.42 ], "texture": "#0" },
				"north": { "uv": [ 5.88, 2, 10.12, 3 ], "texture": "#0" },
				"south": { "uv": [ 5.88, 2, 10.12, 3 ], "texture": "#0" },
				"west": { "uv": [ 14.36, 2, 15.42, 3 ], "texture": "#0" },
				"east": { "uv": [ 0.5799999, 2, 1.64, 3 ], "texture": "#0" }
			}
		},
		{
			"from": [ 5.880125, 12.99975, 0.580769 ],
			"to": [ 10.12012, 13.99975, 2.015769 ],
			"faces": {
				"down": { "uv": [ 5.88, 13.985, 10.12, 15.42 ], "texture": "#0" },
				"up": { "uv": [ 5.88, 0.5799999, 10.12, 2.015 ], "texture": "#0" },
				"north": { "uv": [ 5.88, 2, 10.12, 3 ], "texture": "#0" },
				"south": { "uv": [ 5.88, 2, 10.12, 3 ], "texture": "#0" },
				"west": { "uv": [ 0.58, 2, 2.015, 3 ], "texture": "#0" },
				"east": { "uv": [ 13.985, 2, 15.42, 3 ], "texture": "#0" }
			}
		},
		{
			"from": [ 3.760229, 13.00009, 13.30075 ],
			"to": [ 6.130229, 14.00009, 14.36075 ],
			"faces": {
				"down": { "uv": [ 3.76, 1.64, 6.13, 2.7 ], "texture": "#0" },
				"up": { "uv": [ 3.76, 13.3, 6.13, 14.36 ], "texture": "#0" },
				"north": { "uv": [ 9.87, 2, 12.24, 3 ], "texture": "#0" },
				"south": { "uv": [ 3.76, 2, 6.13, 3 ], "texture": "#0" },
				"west": { "uv": [ 13.3, 2, 14.36, 3 ], "texture": "#0" },
				"east": { "uv": [ 1.64, 2, 2.7, 3 ], "texture": "#0" }
			}
		},
		{
			"from": [ 3.760562, 12.99902, 1.63999 ],
			"to": [ 6.005562, 13.99902, 2.69999 ],
			"faces": {
				"down": { "uv": [ 3.76, 13.3, 6.005, 14.36 ], "texture": "#0" },
				"up": { "uv": [ 3.76, 1.64, 6.005, 2.7 ], "texture": "#0" },
				"north": { "uv": [ 9.995, 2, 12.24, 3 ], "texture": "#0" },
				"south": { "uv": [ 3.76, 2, 6.005, 3 ], "texture": "#0" },
				"west": { "uv": [ 1.64, 2, 2.7, 3 ], "texture": "#0" },
				"east": { "uv": [ 13.3, 2, 14.36, 3 ], "texture": "#0" }
			}
		},
		{
			"from": [ 10.11907, 12.99929, 1.6399 ],
			"to": [ 12.23907, 13.99929, 3.0749 ],
			"faces": {
				"down": { "uv": [ 10.12, 12.925, 12.24, 14.36 ], "texture": "#0" },
				"up": { "uv": [ 10.12, 1.64, 12.24, 3.075 ], "texture": "#0" },
				"north": { "uv": [ 3.76, 2, 5.88, 3 ], "texture": "#0" },
				"south": { "uv": [ 10.12, 2, 12.24, 3 ], "texture": "#0" },
				"west": { "uv": [ 1.64, 2, 3.075, 3 ], "texture": "#0" },
				"east": { "uv": [ 12.925, 2, 14.36, 3 ], "texture": "#0" }
			}
		},
		{
			"from": [ 9.994207, 12.99946, 13.29914 ],
			"to": [ 12.23921, 13.99946, 14.35914 ],
			"faces": {
				"down": { "uv": [ 9.995, 1.64, 12.24, 2.7 ], "texture": "#0" },
				"up": { "uv": [ 9.995, 13.3, 12.24, 14.36 ], "texture": "#0" },
				"north": { "uv": [ 3.76, 2, 6.005, 3 ], "texture": "#0" },
				"south": { "uv": [ 9.995, 2, 12.24, 3 ], "texture": "#0" },
				"west": { "uv": [ 13.3, 2, 14.36, 3 ], "texture": "#0" },
				"east": { "uv": [ 1.64, 2, 2.7, 3 ], "texture": "#0" }
			}
		},
		{
			"from": [ 11.99071, 13.00006, 12.23949 ],
			"to": [ 13.30071, 14.00006, 13.29949 ],
			"faces": {
				"down": { "uv": [ 11.99, 2.7, 13.3, 3.76 ], "texture": "#0" },
				"up": { "uv": [ 11.99, 12.24, 13.3, 13.3 ], "texture": "#0" },
				"north": { "uv": [ 2.7, 2, 4.01, 3 ], "texture": "#0" },
				"south": { "uv": [ 11.99, 2, 13.3, 3 ], "texture": "#0" },
				"west": { "uv": [ 12.24, 2, 13.3, 3 ], "texture": "#0" },
				"east": { "uv": [ 2.7, 2, 3.76, 3 ], "texture": "#0" }
			}
		},
		{
			"from": [ 12.92533, 13.00084, 10.119 ],
			"to": [ 14.36033, 14.00084, 12.239 ],
			"faces": {
				"down": { "uv": [ 12.925, 3.76, 14.36, 5.88 ], "texture": "#0" },
				"up": { "uv": [ 12.925, 10.12, 14.36, 12.24 ], "texture": "#0" },
				"north": { "uv": [ 1.64, 2, 3.075, 3 ], "texture": "#0" },
				"south": { "uv": [ 12.925, 2, 14.36, 3 ], "texture": "#0" },
				"west": { "uv": [ 10.12, 2, 12.24, 3 ], "texture": "#0" },
				"east": { "uv": [ 3.76, 2, 5.88, 3 ], "texture": "#0" }
			}
		},
		{
			"from": [ 13.29931, 12.9996, 3.760344 ],
			"to": [ 14.35931, 13.9996, 6.005344 ],
			"faces": {
				"down": { "uv": [ 13.3, 9.995, 14.36, 12.24 ], "texture": "#0" },
				"up": { "uv": [ 13.3, 3.76, 14.36, 6.005 ], "texture": "#0" },
				"north": { "uv": [ 1.64, 2, 2.7, 3 ], "texture": "#0" },
				"south": { "uv": [ 13.3, 2, 14.36, 3 ], "texture": "#0" },
				"west": { "uv": [ 3.76, 2, 6.005, 3 ], "texture": "#0" },
				"east": { "uv": [ 9.995, 2, 12.24, 3 ], "texture": "#0" }
			}
		},
		{
			"from": [ 12.23949, 12.99975, 2.699927 ],
			"to": [ 13.29949, 13.99975, 4.259928 ],
			"faces": {
				"down": { "uv": [ 12.24, 11.74, 13.3, 13.3 ], "texture": "#0" },
				"up": { "uv": [ 12.24, 2.7, 13.3, 4.26 ], "texture": "#0" },
				"north": { "uv": [ 2.7, 2, 3.76, 3 ], "texture": "#0" },
				"south": { "uv": [ 12.24, 2, 13.3, 3 ], "texture": "#0" },
				"west": { "uv": [ 2.7, 2, 4.26, 3 ], "texture": "#0" },
				"east": { "uv": [ 11.74, 2, 13.3, 3 ], "texture": "#0" }
			}
		},
		{
			"from": [ 1.640044, 12.99915, 10.12086 ],
			"to": [ 3.075044, 13.99915, 12.24086 ],
			"faces": {
				"down": { "uv": [ 1.64, 3.76, 3.075, 5.88 ], "texture": "#0" },
				"up": { "uv": [ 1.64, 10.12, 3.075, 12.24 ], "texture": "#0" },
				"north": { "uv": [ 12.925, 2, 14.36, 3 ], "texture": "#0" },
				"south": { "uv": [ 1.64, 2, 3.075, 3 ], "texture": "#0" },
				"west": { "uv": [ 10.12, 2, 12.24, 3 ], "texture": "#0" },
				"east": { "uv": [ 3.76, 2, 5.88, 3 ], "texture": "#0" }
			}
		},
		{
			"from": [ 1.640585, 13.00025, 3.760911 ],
			"to": [ 3.075585, 14.00025, 5.880912 ],
			"faces": {
				"down": { "uv": [ 1.64, 10.12, 3.075, 12.24 ], "texture": "#0" },
				"up": { "uv": [ 1.64, 3.76, 3.075, 5.88 ], "texture": "#0" },
				"north": { "uv": [ 12.925, 2, 14.36, 3 ], "texture": "#0" },
				"south": { "uv": [ 1.64, 2, 3.075, 3 ], "texture": "#0" },
				"west": { "uv": [ 3.76, 2, 5.88, 3 ], "texture": "#0" },
				"east": { "uv": [ 10.12, 2, 12.24, 3 ], "texture": "#0" }
			}
		},
		{
			"from": [ 2.700609, 12.99922, 2.699966 ],
			"to": [ 4.260609, 13.99922, 3.759966 ],
			"faces": {
				"down": { "uv": [ 2.7, 12.24, 4.26, 13.3 ], "texture": "#0" },
				"up": { "uv": [ 2.7, 2.7, 4.26, 3.76 ], "texture": "#0" },
				"north": { "uv": [ 11.74, 2, 13.3, 3 ], "texture": "#0" },
				"south": { "uv": [ 2.7, 2, 4.26, 3 ], "texture": "#0" },
				"west": { "uv": [ 2.7, 2, 3.76, 3 ], "texture": "#0" },
				"east": { "uv": [ 12.24, 2, 13.3, 3 ], "texture": "#0" }
			}
		},
		{
			"from": [ 2.700502, 13.0003, 12.24018 ],
			"to": [ 4.135503, 14.0003, 13.30018 ],
			"faces": {
				"down": { "uv": [ 2.7, 2.7, 4.135, 3.76 ], "texture": "#0" },
				"up": { "uv": [ 2.7, 12.24, 4.135, 13.3 ], "texture": "#0" },
				"north": { "uv": [ 11.865, 2, 13.3, 3 ], "texture": "#0" },
				"south": { "uv": [ 2.7, 2, 4.135, 3 ], "texture": "#0" },
				"west": { "uv": [ 12.24, 2, 13.3, 3 ], "texture": "#0" },
				"east": { "uv": [ 2.7, 2, 3.76, 3 ], "texture": "#0" }
			}
		},
		{
			"from": [ 14.74175, 6.999481, 5.753337 ],
			"to": [ 15.86535, 12.99948, 10.24774 ],
			"faces": {
				"down": { "uv": [ 14.7416, 5.7528, 15.8652, 10.2472 ], "texture": "#0" },
				"up": { "uv": [ 14.7416, 5.7528, 15.8652, 10.2472 ], "texture": "#0" },
				"north": { "uv": [ 0.1348, 3, 1.2584, 9 ], "texture": "#0" },
				"south": { "uv": [ 14.7416, 3, 15.8652, 9 ], "texture": "#0" },
				"west": { "uv": [ 5.7528, 3, 10.2472, 9 ], "texture": "#0" },
				"east": { "uv": [ 5.7528, 3, 10.2472, 9 ], "texture": "#0" }
			}
		},
		{
			"from": [ 0.1340553, 6.999039, 5.752106 ],
			"to": [ 1.257655, 12.99904, 10.24651 ],
			"faces": {
				"down": { "uv": [ 0.1348, 5.7528, 1.2584, 10.2472 ], "texture": "#0" },
				"up": { "uv": [ 0.1348, 5.7528, 1.2584, 10.2472 ], "texture": "#0" },
				"north": { "uv": [ 14.7416, 3, 15.8652, 9 ], "texture": "#0" },
				"south": { "uv": [ 0.1348, 3, 1.2584, 9 ], "texture": "#0" },
				"west": { "uv": [ 5.7528, 3, 10.2472, 9 ], "texture": "#0" },
				"east": { "uv": [ 5.7528, 3, 10.2472, 9 ], "texture": "#0" }
			}
		},
		{
			"from": [ 5.753344, 7.000808, 14.74216 ],
			"to": [ 10.24774, 13.00081, 15.86576 ],
			"faces": {
				"down": { "uv": [ 5.7528, 0.1348, 10.2472, 1.2584 ], "texture": "#0" },
				"up": { "uv": [ 5.7528, 14.7416, 10.2472, 15.8652 ], "texture": "#0" },
				"north": { "uv": [ 5.7528, 3, 10.2472, 9 ], "texture": "#0" },
				"south": { "uv": [ 5.7528, 3, 10.2472, 9 ], "texture": "#0" },
				"west": { "uv": [ 14.7416, 3, 15.8652, 9 ], "texture": "#0" },
				"east": { "uv": [ 0.1348, 3, 1.2584, 9 ], "texture": "#0" }
			}
		},
		{
			"from": [ 5.752928, 6.999209, 0.1353527 ],
			"to": [ 10.24733, 12.99921, 1.633953 ],
			"faces": {
				"down": { "uv": [ 5.7528, 14.3666, 10.2472, 15.8652 ], "texture": "#0" },
				"up": { "uv": [ 5.7528, 0.1348, 10.2472, 1.6334 ], "texture": "#0" },
				"north": { "uv": [ 5.7528, 3, 10.2472, 9 ], "texture": "#0" },
				"south": { "uv": [ 5.7528, 3, 10.2472, 9 ], "texture": "#0" },
				"west": { "uv": [ 0.1348, 3, 1.6334, 9 ], "texture": "#0" },
				"east": { "uv": [ 14.3666, 3, 15.8652, 9 ], "texture": "#0" }
			}
		},
		{
			"from": [ 3.505371, 7.000089, 13.61852 ],
			"to": [ 5.877571, 13.00009, 14.74212 ],
			"faces": {
				"down": { "uv": [ 3.5056, 1.2584, 5.8778, 2.382 ], "texture": "#0" },
				"up": { "uv": [ 3.5056, 13.618, 5.8778, 14.7416 ], "texture": "#0" },
				"north": { "uv": [ 10.1222, 3, 12.4944, 9 ], "texture": "#0" },
				"south": { "uv": [ 3.5056, 3, 5.8778, 9 ], "texture": "#0" },
				"west": { "uv": [ 13.618, 3, 14.7416, 9 ], "texture": "#0" },
				"east": { "uv": [ 1.2584, 3, 2.382, 9 ], "texture": "#0" }
			}
		},
		{
			"from": [ 3.506355, 6.999202, 1.258081 ],
			"to": [ 6.253554, 12.9992, 2.381681 ],
			"faces": {
				"down": { "uv": [ 3.5056, 13.618, 6.2528, 14.7416 ], "texture": "#0" },
				"up": { "uv": [ 3.5056, 1.2584, 6.2528, 2.382 ], "texture": "#0" },
				"north": { "uv": [ 9.7472, 3, 12.4944, 9 ], "texture": "#0" },
				"south": { "uv": [ 3.5056, 3, 6.2528, 9 ], "texture": "#0" },
				"west": { "uv": [ 1.2584, 3, 2.382, 9 ], "texture": "#0" },
				"east": { "uv": [ 13.618, 3, 14.7416, 9 ], "texture": "#0" }
			}
		},
		{
			"from": [ 10.24702, 7.000329, 1.258455 ],
			"to": [ 12.49422, 13.00033, 2.757055 ],
			"faces": {
				"down": { "uv": [ 10.2472, 13.243, 12.4944, 14.7416 ], "texture": "#0" },
				"up": { "uv": [ 10.2472, 1.2584, 12.4944, 2.757 ], "texture": "#0" },
				"north": { "uv": [ 3.5056, 3, 5.7528, 9 ], "texture": "#0" },
				"south": { "uv": [ 10.2472, 3, 12.4944, 9 ], "texture": "#0" },
				"west": { "uv": [ 1.2584, 3, 2.757, 9 ], "texture": "#0" },
				"east": { "uv": [ 13.243, 3, 14.7416, 9 ], "texture": "#0" }
			}
		},
		{
			"from": [ 10.12201, 7.000251, 13.61836 ],
			"to": [ 12.49421, 13.00025, 14.74196 ],
			"faces": {
				"down": { "uv": [ 10.1222, 1.2584, 12.4944, 2.382 ], "texture": "#0" },
				"up": { "uv": [ 10.1222, 13.618, 12.4944, 14.7416 ], "texture": "#0" },
				"north": { "uv": [ 3.5056, 3, 5.8778, 9 ], "texture": "#0" },
				"south": { "uv": [ 10.1222, 3, 12.4944, 9 ], "texture": "#0" },
				"west": { "uv": [ 13.618, 3, 14.7416, 9 ], "texture": "#0" },
				"east": { "uv": [ 1.2584, 3, 2.382, 9 ], "texture": "#0" }
			}
		},
		{
			"from": [ 12.24402, 6.999375, 12.24476 ],
			"to": [ 13.61762, 12.99937, 13.61836 ],
			"faces": {
				"down": { "uv": [ 12.2444, 2.382, 13.618, 3.7556 ], "texture": "#0" },
				"up": { "uv": [ 12.2444, 12.2444, 13.618, 13.618 ], "texture": "#0" },
				"north": { "uv": [ 2.382, 3, 3.7556, 9 ], "texture": "#0" },
				"south": { "uv": [ 12.2444, 3, 13.618, 9 ], "texture": "#0" },
				"west": { "uv": [ 12.2444, 3, 13.618, 9 ], "texture": "#0" },
				"east": { "uv": [ 2.382, 3, 3.7556, 9 ], "texture": "#0" }
			}
		},
		{
			"from": [ 13.61834, 7.000889, 10.12287 ],
			"to": [ 14.74194, 13.00089, 12.37007 ],
			"faces": {
				"down": { "uv": [ 13.618, 3.6306, 14.7416, 5.8778 ], "texture": "#0" },
				"up": { "uv": [ 13.618, 10.1222, 14.7416, 12.3694 ], "texture": "#0" },
				"north": { "uv": [ 1.2584, 3, 2.382, 9 ], "texture": "#0" },
				"south": { "uv": [ 13.618, 3, 14.7416, 9 ], "texture": "#0" },
				"west": { "uv": [ 10.1222, 3, 12.3694, 9 ], "texture": "#0" },
				"east": { "uv": [ 3.6306, 3, 5.8778, 9 ], "texture": "#0" }
			}
		},
		{
			"from": [ 13.61804, 6.999377, 3.506116 ],
			"to": [ 14.74164, 12.99938, 6.003316 ],
			"faces": {
				"down": { "uv": [ 13.618, 9.9972, 14.7416, 12.4944 ], "texture": "#0" },
				"up": { "uv": [ 13.618, 3.5056, 14.7416, 6.0028 ], "texture": "#0" },
				"north": { "uv": [ 1.2584, 3, 2.382, 9 ], "texture": "#0" },
				"south": { "uv": [ 13.618, 3, 14.7416, 9 ], "texture": "#0" },
				"west": { "uv": [ 3.5056, 3, 6.0028, 9 ], "texture": "#0" },
				"east": { "uv": [ 9.9972, 3, 12.4944, 9 ], "texture": "#0" }
			}
		},
		{
			"from": [ 12.49376, 6.999913, 2.382437 ],
			"to": [ 13.61736, 12.99991, 3.881037 ],
			"faces": {
				"down": { "uv": [ 12.4944, 12.1194, 13.618, 13.618 ], "texture": "#0" },
				"up": { "uv": [ 12.4944, 2.382, 13.618, 3.8806 ], "texture": "#0" },
				"north": { "uv": [ 2.382, 3, 3.5056, 9 ], "texture": "#0" },
				"south": { "uv": [ 12.4944, 3, 13.618, 9 ], "texture": "#0" },
				"west": { "uv": [ 2.382, 3, 3.8806, 9 ], "texture": "#0" },
				"east": { "uv": [ 12.1194, 3, 13.618, 9 ], "texture": "#0" }
			}
		},
		{
			"from": [ 1.259317, 6.999394, 10.12181 ],
			"to": [ 2.757917, 12.99939, 12.49401 ],
			"faces": {
				"down": { "uv": [ 1.2584, 3.5056, 2.757, 5.8778 ], "texture": "#0" },
				"up": { "uv": [ 1.2584, 10.1222, 2.757, 12.4944 ], "texture": "#0" },
				"north": { "uv": [ 13.243, 3, 14.7416, 9 ], "texture": "#0" },
				"south": { "uv": [ 1.2584, 3, 2.757, 9 ], "texture": "#0" },
				"west": { "uv": [ 10.1222, 3, 12.4944, 9 ], "texture": "#0" },
				"east": { "uv": [ 3.5056, 3, 5.8778, 9 ], "texture": "#0" }
			}
		},
		{
			"from": [ 1.257455, 6.999997, 3.506002 ],
			"to": [ 2.381054, 13, 5.878202 ],
			"faces": {
				"down": { "uv": [ 1.2584, 10.1222, 2.382, 12.4944 ], "texture": "#0" },
				"up": { "uv": [ 1.2584, 3.5056, 2.382, 5.8778 ], "texture": "#0" },
				"north": { "uv": [ 13.618, 3, 14.7416, 9 ], "texture": "#0" },
				"south": { "uv": [ 1.2584, 3, 2.382, 9 ], "texture": "#0" },
				"west": { "uv": [ 3.5056, 3, 5.8778, 9 ], "texture": "#0" },
				"east": { "uv": [ 10.1222, 3, 12.4944, 9 ], "texture": "#0" }
			}
		},
		{
			"from": [ 2.38258, 6.999255, 2.381983 ],
			"to": [ 3.75618, 12.99925, 3.755583 ],
			"faces": {
				"down": { "uv": [ 2.382, 12.2444, 3.7556, 13.618 ], "texture": "#0" },
				"up": { "uv": [ 2.382, 2.382, 3.7556, 3.7556 ], "texture": "#0" },
				"north": { "uv": [ 12.2444, 3, 13.618, 9 ], "texture": "#0" },
				"south": { "uv": [ 2.382, 3, 3.7556, 9 ], "texture": "#0" },
				"west": { "uv": [ 2.382, 3, 3.7556, 9 ], "texture": "#0" },
				"east": { "uv": [ 12.2444, 3, 13.618, 9 ], "texture": "#0" }
			}
		},
		{
			"from": [ 2.382266, 6.999633, 12.49382 ],
			"to": [ 3.880866, 12.99963, 13.61742 ],
			"faces": {
				"down": { "uv": [ 2.382, 2.382, 3.8806, 3.5056 ], "texture": "#0" },
				"up": { "uv": [ 2.382, 12.4944, 3.8806, 13.618 ], "texture": "#0" },
				"north": { "uv": [ 12.1194, 3, 13.618, 9 ], "texture": "#0" },
				"south": { "uv": [ 2.382, 3, 3.8806, 9 ], "texture": "#0" },
				"west": { "uv": [ 12.4944, 3, 13.618, 9 ], "texture": "#0" },
				"east": { "uv": [ 2.382, 3, 3.5056, 9 ], "texture": "#0" }
			}
		},
		{
			"from": [ 14.35921, 5.999998, 5.87946 ],
			"to": [ 15.41922, 6.999998, 10.11946 ],
			"faces": {
				"down": { "uv": [ 14.36, 5.88, 15.42, 10.12 ], "texture": "#0" },
				"up": { "uv": [ 14.36, 5.88, 15.42, 10.12 ], "texture": "#0" },
				"north": { "uv": [ 0.5799999, 9, 1.64, 10 ], "texture": "#0" },
				"south": { "uv": [ 14.36, 9, 15.42, 10 ], "texture": "#0" },
				"west": { "uv": [ 5.88, 9, 10.12, 10 ], "texture": "#0" },
				"east": { "uv": [ 5.88, 9, 10.12, 10 ], "texture": "#0" }
			}
		},
		{
			"from": [ 0.5796717, 5.999274, 5.87999 ],
			"to": [ 1.639672, 6.999274, 10.11999 ],
			"faces": {
				"down": { "uv": [ 0.58, 5.88, 1.64, 10.12 ], "texture": "#0" },
				"up": { "uv": [ 0.58, 5.88, 1.64, 10.12 ], "texture": "#0" },
				"north": { "uv": [ 14.36, 9, 15.42, 10 ], "texture": "#0" },
				"south": { "uv": [ 0.58, 9, 1.64, 10 ], "texture": "#0" },
				"west": { "uv": [ 5.88, 9, 10.12, 10 ], "texture": "#0" },
				"east": { "uv": [ 5.88, 9, 10.12, 10 ], "texture": "#0" }
			}
		},
		{
			"from": [ 5.879529, 5.999706, 14.35908 ],
			"to": [ 10.11953, 6.999706, 15.41908 ],
			"faces": {
				"down": { "uv": [ 5.88, 0.5799999, 10.12, 1.64 ], "texture": "#0" },
				"up": { "uv": [ 5.88, 14.36, 10.12, 15.42 ], "texture": "#0" },
				"north": { "uv": [ 5.88, 9, 10.12, 10 ], "texture": "#0" },
				"south": { "uv": [ 5.88, 9, 10.12, 10 ], "texture": "#0" },
				"west": { "uv": [ 14.36, 9, 15.42, 10 ], "texture": "#0" },
				"east": { "uv": [ 0.5799999, 9, 1.64, 10 ], "texture": "#0" }
			}
		},
		{
			"from": [ 5.88039, 6.000329, 0.5809397 ],
			"to": [ 10.12039, 7.000329, 2.01594 ],
			"faces": {
				"down": { "uv": [ 5.88, 13.985, 10.12, 15.42 ], "texture": "#0" },
				"up": { "uv": [ 5.88, 0.5799999, 10.12, 2.015 ], "texture": "#0" },
				"north": { "uv": [ 5.88, 9, 10.12, 10 ], "texture": "#0" },
				"south": { "uv": [ 5.88, 9, 10.12, 10 ], "texture": "#0" },
				"west": { "uv": [ 0.58, 9, 2.015, 10 ], "texture": "#0" },
				"east": { "uv": [ 13.985, 9, 15.42, 10 ], "texture": "#0" }
			}
		},
		{
			"from": [ 3.75967, 6.000349, 13.29909 ],
			"to": [ 6.004671, 7.000349, 14.35909 ],
			"faces": {
				"down": { "uv": [ 3.76, 1.64, 6.005, 2.7 ], "texture": "#0" },
				"up": { "uv": [ 3.76, 13.3, 6.005, 14.36 ], "texture": "#0" },
				"north": { "uv": [ 9.995, 9, 12.24, 10 ], "texture": "#0" },
				"south": { "uv": [ 3.76, 9, 6.005, 10 ], "texture": "#0" },
				"west": { "uv": [ 13.3, 9, 14.36, 10 ], "texture": "#0" },
				"east": { "uv": [ 1.64, 9, 2.7, 10 ], "texture": "#0" }
			}
		},
		{
			"from": [ 3.759181, 6.000803, 1.640698 ],
			"to": [ 6.254181, 7.000803, 2.700698 ],
			"faces": {
				"down": { "uv": [ 3.76, 13.3, 6.255, 14.36 ], "texture": "#0" },
				"up": { "uv": [ 3.76, 1.64, 6.255, 2.7 ], "texture": "#0" },
				"north": { "uv": [ 9.745, 9, 12.24, 10 ], "texture": "#0" },
				"south": { "uv": [ 3.76, 9, 6.255, 10 ], "texture": "#0" },
				"west": { "uv": [ 1.64, 9, 2.7, 10 ], "texture": "#0" },
				"east": { "uv": [ 13.3, 9, 14.36, 10 ], "texture": "#0" }
			}
		},
		{
			"from": [ 10.12066, 6.000216, 1.640924 ],
			"to": [ 12.24066, 7.000216, 3.075924 ],
			"faces": {
				"down": { "uv": [ 10.12, 12.925, 12.24, 14.36 ], "texture": "#0" },
				"up": { "uv": [ 10.12, 1.64, 12.24, 3.075 ], "texture": "#0" },
				"north": { "uv": [ 3.76, 9, 5.88, 10 ], "texture": "#0" },
				"south": { "uv": [ 10.12, 9, 12.24, 10 ], "texture": "#0" },
				"west": { "uv": [ 1.64, 9, 3.075, 10 ], "texture": "#0" },
				"east": { "uv": [ 12.925, 9, 14.36, 10 ], "texture": "#0" }
			}
		},
		{
			"from": [ 9.995615, 6.000035, 13.29972 ],
			"to": [ 12.24061, 7.000035, 14.35972 ],
			"faces": {
				"down": { "uv": [ 9.995, 1.64, 12.24, 2.7 ], "texture": "#0" },
				"up": { "uv": [ 9.995, 13.3, 12.24, 14.36 ], "texture": "#0" },
				"north": { "uv": [ 3.76, 9, 6.005, 10 ], "texture": "#0" },
				"south": { "uv": [ 9.995, 9, 12.24, 10 ], "texture": "#0" },
				"west": { "uv": [ 13.3, 9, 14.36, 10 ], "texture": "#0" },
				"east": { "uv": [ 1.64, 9, 2.7, 10 ], "texture": "#0" }
			}
		},
		{
			"from": [ 11.99065, 5.999247, 11.98987 ],
			"to": [ 13.30065, 6.999247, 13.29987 ],
			"faces": {
				"down": { "uv": [ 11.99, 2.7, 13.3, 4.01 ], "texture": "#0" },
				"up": { "uv": [ 11.99, 11.99, 13.3, 13.3 ], "texture": "#0" },
				"north": { "uv": [ 2.7, 9, 4.01, 10 ], "texture": "#0" },
				"south": { "uv": [ 11.99, 9, 13.3, 10 ], "texture": "#0" },
				"west": { "uv": [ 11.99, 9, 13.3, 10 ], "texture": "#0" },
				"east": { "uv": [ 2.7, 9, 4.01, 10 ], "texture": "#0" }
			}
		},
		{
			"from": [ 13.30043, 6.000351, 9.994716 ],
			"to": [ 14.36043, 7.000351, 12.23972 ],
			"faces": {
				"down": { "uv": [ 13.3, 3.76, 14.36, 6.005 ], "texture": "#0" },
				"up": { "uv": [ 13.3, 9.995, 14.36, 12.24 ], "texture": "#0" },
				"north": { "uv": [ 1.64, 9, 2.7, 10 ], "texture": "#0" },
				"south": { "uv": [ 13.3, 9, 14.36, 10 ], "texture": "#0" },
				"west": { "uv": [ 9.995, 9, 12.24, 10 ], "texture": "#0" },
				"east": { "uv": [ 3.76, 9, 6.005, 10 ], "texture": "#0" }
			}
		},
		{
			"from": [ 13.29945, 5.999341, 3.759974 ],
			"to": [ 14.35945, 6.999341, 6.129974 ],
			"faces": {
				"down": { "uv": [ 13.3, 9.87, 14.36, 12.24 ], "texture": "#0" },
				"up": { "uv": [ 13.3, 3.76, 14.36, 6.13 ], "texture": "#0" },
				"north": { "uv": [ 1.64, 9, 2.7, 10 ], "texture": "#0" },
				"south": { "uv": [ 13.3, 9, 14.36, 10 ], "texture": "#0" },
				"west": { "uv": [ 3.76, 9, 6.13, 10 ], "texture": "#0" },
				"east": { "uv": [ 9.87, 9, 12.24, 10 ], "texture": "#0" }
			}
		},
		{
			"from": [ 12.24032, 6.000504, 2.699462 ],
			"to": [ 13.30032, 7.000504, 4.009462 ],
			"faces": {
				"down": { "uv": [ 12.24, 11.99, 13.3, 13.3 ], "texture": "#0" },
				"up": { "uv": [ 12.24, 2.7, 13.3, 4.01 ], "texture": "#0" },
				"north": { "uv": [ 2.7, 9, 3.76, 10 ], "texture": "#0" },
				"south": { "uv": [ 12.24, 9, 13.3, 10 ], "texture": "#0" },
				"west": { "uv": [ 2.7, 9, 4.01, 10 ], "texture": "#0" },
				"east": { "uv": [ 11.99, 9, 13.3, 10 ], "texture": "#0" }
			}
		},
		{
			"from": [ 1.640428, 5.999187, 9.995951 ],
			"to": [ 3.075428, 6.999187, 12.24095 ],
			"faces": {
				"down": { "uv": [ 1.64, 3.76, 3.075, 6.005 ], "texture": "#0" },
				"up": { "uv": [ 1.64, 9.995, 3.075, 12.24 ], "texture": "#0" },
				"north": { "uv": [ 12.925, 9, 14.36, 10 ], "texture": "#0" },
				"south": { "uv": [ 1.64, 9, 3.075, 10 ], "texture": "#0" },
				"west": { "uv": [ 9.995, 9, 12.24, 10 ], "texture": "#0" },
				"east": { "uv": [ 3.76, 9, 6.005, 10 ], "texture": "#0" }
			}
		},
		{
			"from": [ 1.639339, 6.000702, 3.759432 ],
			"to": [ 2.699339, 7.000702, 6.129432 ],
			"faces": {
				"down": { "uv": [ 1.64, 9.87, 2.7, 12.24 ], "texture": "#0" },
				"up": { "uv": [ 1.64, 3.76, 2.7, 6.13 ], "texture": "#0" },
				"north": { "uv": [ 13.3, 9, 14.36, 10 ], "texture": "#0" },
				"south": { "uv": [ 1.64, 9, 2.7, 10 ], "texture": "#0" },
				"west": { "uv": [ 3.76, 9, 6.13, 10 ], "texture": "#0" },
				"east": { "uv": [ 9.87, 9, 12.24, 10 ], "texture": "#0" }
			}
		},
		{
			"from": [ 2.69984, 5.999039, 2.699362 ],
			"to": [ 4.00984, 6.999039, 4.009362 ],
			"faces": {
				"down": { "uv": [ 2.7, 11.99, 4.01, 13.3 ], "texture": "#0" },
				"up": { "uv": [ 2.7, 2.7, 4.01, 4.01 ], "texture": "#0" },
				"north": { "uv": [ 11.99, 9, 13.3, 10 ], "texture": "#0" },
				"south": { "uv": [ 2.7, 9, 4.01, 10 ], "texture": "#0" },
				"west": { "uv": [ 2.7, 9, 4.01, 10 ], "texture": "#0" },
				"east": { "uv": [ 11.99, 9, 13.3, 10 ], "texture": "#0" }
			}
		},
		{
			"from": [ 2.700308, 5.999307, 12.24019 ],
			"to": [ 4.010308, 6.999307, 13.30019 ],
			"faces": {
				"down": { "uv": [ 2.7, 2.7, 4.01, 3.76 ], "texture": "#0" },
				"up": { "uv": [ 2.7, 12.24, 4.01, 13.3 ], "texture": "#0" },
				"north": { "uv": [ 11.99, 9, 13.3, 10 ], "texture": "#0" },
				"south": { "uv": [ 2.7, 9, 4.01, 10 ], "texture": "#0" },
				"west": { "uv": [ 12.24, 9, 13.3, 10 ], "texture": "#0" },
				"east": { "uv": [ 2.7, 9, 3.76, 10 ], "texture": "#0" }
			}
		},
		{
			"from": [ 3.000832, 5.000887, 11.62508 ],
			"to": [ 4.500833, 6.000887, 13.12508 ],
			"faces": {
				"down": { "uv": [ 3, 2.875, 4.5, 4.375 ], "texture": "#0" },
				"up": { "uv": [ 3, 11.625, 4.5, 13.125 ], "texture": "#0" },
				"north": { "uv": [ 11.5, 10, 13, 11 ], "texture": "#0" },
				"south": { "uv": [ 3, 10, 4.5, 11 ], "texture": "#0" },
				"west": { "uv": [ 11.625, 10, 13.125, 11 ], "texture": "#0" },
				"east": { "uv": [ 2.875, 10, 4.375, 11 ], "texture": "#0" }
			}
		},
		{
			"from": [ 13.99964, 5.000249, 6.000284 ],
			"to": [ 14.99964, 6.000249, 10.00028 ],
			"faces": {
				"down": { "uv": [ 14, 6, 15, 10 ], "texture": "#0" },
				"up": { "uv": [ 14, 6, 15, 10 ], "texture": "#0" },
				"north": { "uv": [ 1, 10, 2, 11 ], "texture": "#0" },
				"south": { "uv": [ 14, 10, 15, 11 ], "texture": "#0" },
				"west": { "uv": [ 6, 10, 10, 11 ], "texture": "#0" },
				"east": { "uv": [ 6, 10, 10, 11 ], "texture": "#0" }
			}
		},
		{
			"from": [ 1.000722, 4.999382, 6.000529 ],
			"to": [ 2.000722, 5.999382, 10.00053 ],
			"faces": {
				"down": { "uv": [ 1, 6, 2, 10 ], "texture": "#0" },
				"up": { "uv": [ 1, 6, 2, 10 ], "texture": "#0" },
				"north": { "uv": [ 14, 10, 15, 11 ], "texture": "#0" },
				"south": { "uv": [ 1, 10, 2, 11 ], "texture": "#0" },
				"west": { "uv": [ 6, 10, 10, 11 ], "texture": "#0" },
				"east": { "uv": [ 6, 10, 10, 11 ], "texture": "#0" }
			}
		},
		{
			"from": [ 5.9999, 5.000734, 13.37446 ],
			"to": [ 9.999901, 6.000734, 14.87446 ],
			"faces": {
				"down": { "uv": [ 6, 1.125, 10, 2.625 ], "texture": "#0" },
				"up": { "uv": [ 6, 13.375, 10, 14.875 ], "texture": "#0" },
				"north": { "uv": [ 6, 10, 10, 11 ], "texture": "#0" },
				"south": { "uv": [ 6, 10, 10, 11 ], "texture": "#0" },
				"west": { "uv": [ 13.375, 10, 14.875, 11 ], "texture": "#0" },
				"east": { "uv": [ 1.125, 10, 2.625, 11 ], "texture": "#0" }
			}
		},
		{
			"from": [ 5.999282, 4.99963, 0.9990351 ],
			"to": [ 9.999283, 5.99963, 2.624035 ],
			"faces": {
				"down": { "uv": [ 6, 13.375, 10, 15 ], "texture": "#0" },
				"up": { "uv": [ 6, 1, 10, 2.625 ], "texture": "#0" },
				"north": { "uv": [ 6, 10, 10, 11 ], "texture": "#0" },
				"south": { "uv": [ 6, 10, 10, 11 ], "texture": "#0" },
				"west": { "uv": [ 1, 10, 2.625, 11 ], "texture": "#0" },
				"east": { "uv": [ 13.375, 10, 15, 11 ], "texture": "#0" }
			}
		},
		{
			"from": [ 4.000513, 5.000708, 13.00074 ],
			"to": [ 6.375513, 6.000708, 14.12574 ],
			"faces": {
				"down": { "uv": [ 4, 1.875, 6.375, 3 ], "texture": "#0" },
				"up": { "uv": [ 4, 13, 6.375, 14.125 ], "texture": "#0" },
				"north": { "uv": [ 9.625, 10, 12, 11 ], "texture": "#0" },
				"south": { "uv": [ 4, 10, 6.375, 11 ], "texture": "#0" },
				"west": { "uv": [ 13, 10, 14.125, 11 ], "texture": "#0" },
				"east": { "uv": [ 1.875, 10, 3, 11 ], "texture": "#0" }
			}
		},
		{
			"from": [ 4.00044, 4.999306, 1.999715 ],
			"to": [ 6.37544, 5.999306, 3.624715 ],
			"faces": {
				"down": { "uv": [ 4, 12.375, 6.375, 14 ], "texture": "#0" },
				"up": { "uv": [ 4, 2, 6.375, 3.625 ], "texture": "#0" },
				"north": { "uv": [ 9.625, 10, 12, 11 ], "texture": "#0" },
				"south": { "uv": [ 4, 10, 6.375, 11 ], "texture": "#0" },
				"west": { "uv": [ 2, 10, 3.625, 11 ], "texture": "#0" },
				"east": { "uv": [ 12.375, 10, 14, 11 ], "texture": "#0" }
			}
		},
		{
			"from": [ 10.00064, 5.000914, 1.999253 ],
			"to": [ 12.00064, 6.000914, 2.999253 ],
			"faces": {
				"down": { "uv": [ 10, 13, 12, 14 ], "texture": "#0" },
				"up": { "uv": [ 10, 2, 12, 3 ], "texture": "#0" },
				"north": { "uv": [ 4, 10, 6, 11 ], "texture": "#0" },
				"south": { "uv": [ 10, 10, 12, 11 ], "texture": "#0" },
				"west": { "uv": [ 2, 10, 3, 11 ], "texture": "#0" },
				"east": { "uv": [ 13, 10, 14, 11 ], "texture": "#0" }
			}
		},
		{
			"from": [ 10.00018, 4.999575, 12.49906 ],
			"to": [ 12.00018, 5.999575, 13.74906 ],
			"faces": {
				"down": { "uv": [ 10, 2.25, 12, 3.5 ], "texture": "#0" },
				"up": { "uv": [ 10, 12.5, 12, 13.75 ], "texture": "#0" },
				"north": { "uv": [ 4, 10, 6, 11 ], "texture": "#0" },
				"south": { "uv": [ 10, 10, 12, 11 ], "texture": "#0" },
				"west": { "uv": [ 12.5, 10, 13.75, 11 ], "texture": "#0" },
				"east": { "uv": [ 2.25, 10, 3.5, 11 ], "texture": "#0" }
			}
		},
		{
			"from": [ 11.99984, 4.999993, 11.49941 ],
			"to": [ 12.99984, 5.999993, 12.74941 ],
			"faces": {
				"down": { "uv": [ 12, 3.25, 13, 4.5 ], "texture": "#0" },
				"up": { "uv": [ 12, 11.5, 13, 12.75 ], "texture": "#0" },
				"north": { "uv": [ 3, 10, 4, 11 ], "texture": "#0" },
				"south": { "uv": [ 12, 10, 13, 11 ], "texture": "#0" },
				"west": { "uv": [ 11.5, 10, 12.75, 11 ], "texture": "#0" },
				"east": { "uv": [ 3.25, 10, 4.5, 11 ], "texture": "#0" }
			}
		},
		{
			"from": [ 13.0003, 5.000443, 9.750553 ],
			"to": [ 14.0003, 6.000443, 12.00055 ],
			"faces": {
				"down": { "uv": [ 13, 4, 14, 6.25 ], "texture": "#0" },
				"up": { "uv": [ 13, 9.75, 14, 12 ], "texture": "#0" },
				"north": { "uv": [ 2, 10, 3, 11 ], "texture": "#0" },
				"south": { "uv": [ 13, 10, 14, 11 ], "texture": "#0" },
				"west": { "uv": [ 9.75, 10, 12, 11 ], "texture": "#0" },
				"east": { "uv": [ 4, 10, 6.25, 11 ], "texture": "#0" }
			}
		},
		{
			"from": [ 12.99942, 4.999772, 3.999701 ],
			"to": [ 13.99942, 5.999772, 6.374701 ],
			"faces": {
				"down": { "uv": [ 13, 9.625, 14, 12 ], "texture": "#0" },
				"up": { "uv": [ 13, 4, 14, 6.375 ], "texture": "#0" },
				"north": { "uv": [ 2, 10, 3, 11 ], "texture": "#0" },
				"south": { "uv": [ 13, 10, 14, 11 ], "texture": "#0" },
				"west": { "uv": [ 4, 10, 6.375, 11 ], "texture": "#0" },
				"east": { "uv": [ 9.625, 10, 12, 11 ], "texture": "#0" }
			}
		},
		{
			"from": [ 2.000313, 4.999003, 9.75076 ],
			"to": [ 3.000313, 5.999003, 11.87576 ],
			"faces": {
				"down": { "uv": [ 2, 4.125, 3, 6.25 ], "texture": "#0" },
				"up": { "uv": [ 2, 9.75, 3, 11.875 ], "texture": "#0" },
				"north": { "uv": [ 13, 10, 14, 11 ], "texture": "#0" },
				"south": { "uv": [ 2, 10, 3, 11 ], "texture": "#0" },
				"west": { "uv": [ 9.75, 10, 11.875, 11 ], "texture": "#0" },
				"east": { "uv": [ 4.125, 10, 6.25, 11 ], "texture": "#0" }
			}
		},
		{
			"from": [ 1.999751, 5.000233, 3.9996 ],
			"to": [ 2.999751, 6.000233, 6.3746 ],
			"faces": {
				"down": { "uv": [ 2, 9.625, 3, 12 ], "texture": "#0" },
				"up": { "uv": [ 2, 4, 3, 6.375 ], "texture": "#0" },
				"north": { "uv": [ 13, 10, 14, 11 ], "texture": "#0" },
				"south": { "uv": [ 2, 10, 3, 11 ], "texture": "#0" },
				"west": { "uv": [ 4, 10, 6.375, 11 ], "texture": "#0" },
				"east": { "uv": [ 9.625, 10, 12, 11 ], "texture": "#0" }
			}
		},
		{
			"from": [ 3.000667, 4.999293, 3.000715 ],
			"to": [ 4.000667, 5.999293, 4.500715 ],
			"faces": {
				"down": { "uv": [ 3, 11.5, 4, 13 ], "texture": "#0" },
				"up": { "uv": [ 3, 3, 4, 4.5 ], "texture": "#0" },
				"north": { "uv": [ 12, 10, 13, 11 ], "texture": "#0" },
				"south": { "uv": [ 3, 10, 4, 11 ], "texture": "#0" },
				"west": { "uv": [ 3, 10, 4.5, 11 ], "texture": "#0" },
				"east": { "uv": [ 11.5, 10, 13, 11 ], "texture": "#0" }
			}
		},
		{
			"from": [ 3.499597, 3.999485, 11.59954 ],
			"to": [ 4.399597, 4.999485, 12.49954 ],
			"faces": {
				"down": { "uv": [ 3.5, 3.5, 4.4, 4.4 ], "texture": "#0" },
				"up": { "uv": [ 3.5, 11.6, 4.4, 12.5 ], "texture": "#0" },
				"north": { "uv": [ 11.6, 11, 12.5, 12 ], "texture": "#0" },
				"south": { "uv": [ 3.5, 11, 4.4, 12 ], "texture": "#0" },
				"west": { "uv": [ 11.6, 11, 12.5, 12 ], "texture": "#0" },
				"east": { "uv": [ 3.5, 11, 4.4, 12 ], "texture": "#0" }
			}
		},
		{
			"from": [ 13.40023, 4.000952, 6.199489 ],
			"to": [ 14.30023, 5.000952, 9.799489 ],
			"faces": {
				"down": { "uv": [ 13.4, 6.2, 14.3, 9.8 ], "texture": "#0" },
				"up": { "uv": [ 13.4, 6.2, 14.3, 9.8 ], "texture": "#0" },
				"north": { "uv": [ 1.7, 11, 2.6, 12 ], "texture": "#0" },
				"south": { "uv": [ 13.4, 11, 14.3, 12 ], "texture": "#0" },
				"west": { "uv": [ 6.2, 11, 9.8, 12 ], "texture": "#0" },
				"east": { "uv": [ 6.2, 11, 9.8, 12 ], "texture": "#0" }
			}
		},
		{
			"from": [ 1.700831, 4.00053, 6.200873 ],
			"to": [ 13.47583, 5.00053, 9.800874 ],
			"faces": {
				"down": { "uv": [ 1.7, 6.2, 13.475, 9.8 ], "texture": "#0" },
				"up": { "uv": [ 1.7, 6.2, 13.475, 9.8 ], "texture": "#0" },
				"north": { "uv": [ 2.524999, 11, 14.3, 12 ], "texture": "#0" },
				"south": { "uv": [ 1.7, 11, 13.475, 12 ], "texture": "#0" },
				"west": { "uv": [ 6.2, 11, 9.8, 12 ], "texture": "#0" },
				"east": { "uv": [ 6.2, 11, 9.8, 12 ], "texture": "#0" }
			}
		},
		{
			"from": [ 6.200406, 4.000243, 11.52478 ],
			"to": [ 9.800406, 5.000243, 14.42478 ],
			"faces": {
				"down": { "uv": [ 6.2, 1.575, 9.8, 4.475 ], "texture": "#0" },
				"up": { "uv": [ 6.2, 11.525, 9.8, 14.425 ], "texture": "#0" },
				"north": { "uv": [ 6.2, 11, 9.8, 12 ], "texture": "#0" },
				"south": { "uv": [ 6.2, 11, 9.8, 12 ], "texture": "#0" },
				"west": { "uv": [ 11.525, 11, 14.425, 12 ], "texture": "#0" },
				"east": { "uv": [ 1.575, 11, 4.475, 12 ], "texture": "#0" }
			}
		},
		{
			"from": [ 6.199488, 3.999676, 1.700257 ],
			"to": [ 9.799488, 4.999677, 6.225255 ],
			"faces": {
				"down": { "uv": [ 6.2, 9.775001, 9.8, 14.3 ], "texture": "#0" },
				"up": { "uv": [ 6.2, 1.7, 9.8, 6.224998 ], "texture": "#0" },
				"north": { "uv": [ 6.2, 11, 9.8, 12 ], "texture": "#0" },
				"south": { "uv": [ 6.2, 11, 9.8, 12 ], "texture": "#0" },
				"west": { "uv": [ 1.7, 11, 6.224999, 12 ], "texture": "#0" },
				"east": { "uv": [ 9.775001, 11, 14.3, 12 ], "texture": "#0" }
			}
		},
		{
			"from": [ 4.400226, 3.999124, 11.49914 ],
			"to": [ 6.200225, 4.999124, 13.39914 ],
			"faces": {
				"down": { "uv": [ 4.4, 2.6, 6.2, 4.5 ], "texture": "#0" },
				"up": { "uv": [ 4.4, 11.5, 6.2, 13.4 ], "texture": "#0" },
				"north": { "uv": [ 9.8, 11, 11.6, 12 ], "texture": "#0" },
				"south": { "uv": [ 4.4, 11, 6.2, 12 ], "texture": "#0" },
				"west": { "uv": [ 11.5, 11, 13.4, 12 ], "texture": "#0" },
				"east": { "uv": [ 2.6, 11, 4.5, 12 ], "texture": "#0" }
			}
		},
		{
			"from": [ 4.399954, 4.00032, 2.599816 ],
			"to": [ 6.199954, 5.00032, 6.249816 ],
			"faces": {
				"down": { "uv": [ 4.4, 9.75, 6.2, 13.4 ], "texture": "#0" },
				"up": { "uv": [ 4.4, 2.6, 6.2, 6.25 ], "texture": "#0" },
				"north": { "uv": [ 9.8, 11, 11.6, 12 ], "texture": "#0" },
				"south": { "uv": [ 4.4, 11, 6.2, 12 ], "texture": "#0" },
				"west": { "uv": [ 2.6, 11, 6.25, 12 ], "texture": "#0" },
				"east": { "uv": [ 9.75, 11, 13.4, 12 ], "texture": "#0" }
			}
		},
		{
			"from": [ 9.800273, 4.000717, 2.600978 ],
			"to": [ 11.60027, 5.000717, 4.375978 ],
			"faces": {
				"down": { "uv": [ 9.8, 11.625, 11.6, 13.4 ], "texture": "#0" },
				"up": { "uv": [ 9.8, 2.6, 11.6, 4.375 ], "texture": "#0" },
				"north": { "uv": [ 4.4, 11, 6.2, 12 ], "texture": "#0" },
				"south": { "uv": [ 9.8, 11, 11.6, 12 ], "texture": "#0" },
				"west": { "uv": [ 2.6, 11, 4.375, 12 ], "texture": "#0" },
				"east": { "uv": [ 11.625, 11, 13.4, 12 ], "texture": "#0" }
			}
		},
		{
			"from": [ 9.799228, 4.000315, 11.4998 ],
			"to": [ 11.59923, 5.000315, 13.3998 ],
			"faces": {
				"down": { "uv": [ 9.8, 2.6, 11.6, 4.5 ], "texture": "#0" },
				"up": { "uv": [ 9.8, 11.5, 11.6, 13.4 ], "texture": "#0" },
				"north": { "uv": [ 4.4, 11, 6.2, 12 ], "texture": "#0" },
				"south": { "uv": [ 9.8, 11, 11.6, 12 ], "texture": "#0" },
				"west": { "uv": [ 11.5, 11, 13.4, 12 ], "texture": "#0" },
				"east": { "uv": [ 2.6, 11, 4.5, 12 ], "texture": "#0" }
			}
		},
		{
			"from": [ 11.59933, 4.000016, 11.60035 ],
			"to": [ 12.49933, 5.000016, 12.50035 ],
			"faces": {
				"down": { "uv": [ 11.6, 3.5, 12.5, 4.4 ], "texture": "#0" },
				"up": { "uv": [ 11.6, 11.6, 12.5, 12.5 ], "texture": "#0" },
				"north": { "uv": [ 3.5, 11, 4.4, 12 ], "texture": "#0" },
				"south": { "uv": [ 11.6, 11, 12.5, 12 ], "texture": "#0" },
				"west": { "uv": [ 11.6, 11, 12.5, 12 ], "texture": "#0" },
				"east": { "uv": [ 3.5, 11, 4.4, 12 ], "texture": "#0" }
			}
		},
		{
			"from": [ 9.500289, 3.999789, 9.799829 ],
			"to": [ 13.40029, 4.999789, 11.59983 ],
			"faces": {
				"down": { "uv": [ 9.5, 4.4, 13.4, 6.2 ], "texture": "#0" },
				"up": { "uv": [ 9.5, 9.8, 13.4, 11.6 ], "texture": "#0" },
				"north": { "uv": [ 2.6, 11, 6.5, 12 ], "texture": "#0" },
				"south": { "uv": [ 9.5, 11, 13.4, 12 ], "texture": "#0" },
				"west": { "uv": [ 9.8, 11, 11.6, 12 ], "texture": "#0" },
				"east": { "uv": [ 4.4, 11, 6.2, 12 ], "texture": "#0" }
			}
		},
		{
			"from": [ 9.750043, 3.999546, 4.274641 ],
			"to": [ 13.40004, 4.999546, 6.199641 ],
			"faces": {
				"down": { "uv": [ 9.75, 9.8, 13.4, 11.725 ], "texture": "#0" },
				"up": { "uv": [ 9.75, 4.275, 13.4, 6.2 ], "texture": "#0" },
				"north": { "uv": [ 2.6, 11, 6.25, 12 ], "texture": "#0" },
				"south": { "uv": [ 9.75, 11, 13.4, 12 ], "texture": "#0" },
				"west": { "uv": [ 4.275, 11, 6.2, 12 ], "texture": "#0" },
				"east": { "uv": [ 9.8, 11, 11.725, 12 ], "texture": "#0" }
			}
		},
		{
			"from": [ 11.59932, 4.000669, 3.500295 ],
			"to": [ 12.49932, 5.000669, 4.400295 ],
			"faces": {
				"down": { "uv": [ 11.6, 11.6, 12.5, 12.5 ], "texture": "#0" },
				"up": { "uv": [ 11.6, 3.5, 12.5, 4.4 ], "texture": "#0" },
				"north": { "uv": [ 3.5, 11, 4.4, 12 ], "texture": "#0" },
				"south": { "uv": [ 11.6, 11, 12.5, 12 ], "texture": "#0" },
				"west": { "uv": [ 3.5, 11, 4.4, 12 ], "texture": "#0" },
				"east": { "uv": [ 11.6, 11, 12.5, 12 ], "texture": "#0" }
			}
		},
		{
			"from": [ 2.599455, 4.000377, 9.799112 ],
			"to": [ 9.499454, 5.000377, 11.72411 ],
			"faces": {
				"down": { "uv": [ 2.6, 4.275, 9.5, 6.2 ], "texture": "#0" },
				"up": { "uv": [ 2.6, 9.8, 9.5, 11.725 ], "texture": "#0" },
				"north": { "uv": [ 6.5, 11, 13.4, 12 ], "texture": "#0" },
				"south": { "uv": [ 2.6, 11, 9.5, 12 ], "texture": "#0" },
				"west": { "uv": [ 9.8, 11, 11.725, 12 ], "texture": "#0" },
				"east": { "uv": [ 4.275, 11, 6.2, 12 ], "texture": "#0" }
			}
		},
		{
			"from": [ 2.600856, 3.999153, 4.399714 ],
			"to": [ 4.500856, 4.999153, 6.199714 ],
			"faces": {
				"down": { "uv": [ 2.6, 9.8, 4.5, 11.6 ], "texture": "#0" },
				"up": { "uv": [ 2.6, 4.4, 4.5, 6.2 ], "texture": "#0" },
				"north": { "uv": [ 11.5, 11, 13.4, 12 ], "texture": "#0" },
				"south": { "uv": [ 2.6, 11, 4.5, 12 ], "texture": "#0" },
				"west": { "uv": [ 4.4, 11, 6.2, 12 ], "texture": "#0" },
				"east": { "uv": [ 9.8, 11, 11.6, 12 ], "texture": "#0" }
			}
		},
		{
			"from": [ 3.5, 3.99981, 3.500552 ],
			"to": [ 4.4, 4.99981, 4.400552 ],
			"faces": {
				"down": { "uv": [ 3.5, 11.6, 4.4, 12.5 ], "texture": "#0" },
				"up": { "uv": [ 3.5, 3.5, 4.4, 4.4 ], "texture": "#0" },
				"north": { "uv": [ 11.6, 11, 12.5, 12 ], "texture": "#0" },
				"south": { "uv": [ 3.5, 11, 4.4, 12 ], "texture": "#0" },
				"west": { "uv": [ 3.5, 11, 4.4, 12 ], "texture": "#0" },
				"east": { "uv": [ 11.6, 11, 12.5, 12 ], "texture": "#0" }
			}
		},
		{
			"from": [ 11.50007, 4.999359, 3.000229 ],
			"to": [ 13.00007, 5.999359, 4.500229 ],
			"faces": {
				"down": { "uv": [ 11.5, 11.5, 13, 13 ], "texture": "#0" },
				"up": { "uv": [ 11.5, 3, 13, 4.5 ], "texture": "#0" },
				"north": { "uv": [ 3, 10, 4.5, 11 ], "texture": "#0" },
				"south": { "uv": [ 11.5, 10, 13, 11 ], "texture": "#0" },
				"west": { "uv": [ 3, 10, 4.5, 11 ], "texture": "#0" },
				"east": { "uv": [ 11.5, 10, 13, 11 ], "texture": "#0" }
			}
		},
		{
			"from": [ 0.0003487727, 0.0003264194, 5.999358 ],
			"to": [ 16.00035, 4.000327, 9.999357 ],
			"faces": {
				"down": { "uv": [ 0, 6, 16, 10 ], "texture": "#1" },
				"up": { "uv": [ 0, 6, 16, 10 ], "texture": "#1" },
				"north": { "uv": [ 0, 12, 16, 16 ], "texture": "#1" },
				"south": { "uv": [ 0, 12, 16, 16 ], "texture": "#1" },
				"west": { "uv": [ 6, 12, 10, 16 ], "texture": "#1" },
				"east": { "uv": [ 6, 12, 10, 16 ], "texture": "#1" }
			}
		},
		{
			"from": [ 6.00032, 0.0008322671, -0.0004197492 ],
			"to": [ 10.00032, 4.000832, 15.99958 ],
			"faces": {
				"down": { "uv": [ 6, 0, 10, 16 ], "texture": "#1" },
				"up": { "uv": [ 6, 0, 10, 16 ], "texture": "#1" },
				"north": { "uv": [ 6, 12, 10, 16 ], "texture": "#1" },
				"south": { "uv": [ 6, 12, 10, 16 ], "texture": "#1" },
				"west": { "uv": [ 0, 12, 16, 16 ], "texture": "#1" },
				"east": { "uv": [ 0, 12, 16, 16 ], "texture": "#1" }
			}
		},
		{
			"from": [ 0.0008805271, 0.0005674184, 5.999649 ],
			"to": [ 16.00088, 4.000567, 9.999649 ],
			"rotation": { "origin": [ 8, 8, 8 ], "axis": "y", "angle": -45 },
			"faces": {
				"down": { "uv": [ 3.75736, 11.07107, 16, 15.07107 ], "texture": "#1" },
				"up": { "uv": [ 3.75736, 0.9289322, 16, 4.928932 ], "texture": "#1" },
				"north": { "uv": [ 0, 12, 12.24264, 16 ], "texture": "#1" },
				"south": { "uv": [ 3.75736, 12, 16, 16 ], "texture": "#1" },
				"west": { "uv": [ 0.9289317, 12, 4.928932, 16 ], "texture": "#1" },
				"east": { "uv": [ 11.07107, 12, 15.07107, 16 ], "texture": "#1" }
			}
		},
		{
			"from": [ 5.999434, -0.000340973, 0.0009082094 ],
			"to": [ 9.999434, 3.999659, 16.00091 ],
			"rotation": { "origin": [ 8, 8, 8 ], "axis": "y", "angle": -45 },
			"faces": {
				"down": { "uv": [ 12.24264, 0, 16, 15.07107 ], "texture": "#1" },
				"up": { "uv": [ 12.24264, 0.9289322, 16, 16 ], "texture": "#1" },
				"north": { "uv": [ 0, 12, 3.757359, 16 ], "texture": "#1" },
				"south": { "uv": [ 12.24264, 12, 16, 16 ], "texture": "#1" },
				"west": { "uv": [ 0.9289322, 12, 16, 16 ], "texture": "#1" },
				"east": { "uv": [ 0, 12, 15.07107, 16 ], "texture": "#1" }
			}
		},
		{
			"from": [ 1.390369, 9.9996, 5.796283 ],
			"to": [ 14.60957, 11.1012, 10.20268 ],
			"faces": {
				"up": { "uv": [ 1.3904, 5.796801, 14.6096, 10.2032 ], "texture": "#2" }
			}
		},
		{
			"from": [ 5.796517, 9.999663, 1.390667 ],
			"to": [ 10.20292, 11.10126, 5.797067 ],
			"faces": {
				"up": { "uv": [ 5.7968, 1.3904, 10.2032, 5.796801 ], "texture": "#2" }
			}
		},
		{
			"from": [ 5.796837, 9.999331, 10.2032 ],
			"to": [ 10.20324, 11.10093, 14.6096 ],
			"faces": {
				"up": { "uv": [ 5.7968, 10.2032, 10.2032, 14.6096 ], "texture": "#2" }
			}
		},
		{
			"from": [ 2.491024, 10.0009, 3.593623 ],
			"to": [ 3.592623, 11.1025, 5.796824 ],
			"faces": {
				"up": { "uv": [ 2.492, 3.5936, 3.5936, 5.796801 ], "texture": "#2" }
			}
		},
		{
			"from": [ 3.592733, 9.999871, 2.492497 ],
			"to": [ 5.795933, 11.10147, 5.797297 ],
			"faces": {
				"up": { "uv": [ 3.5936, 2.492001, 5.7968, 5.796801 ], "texture": "#2" }
			}
		},
		{
			"from": [ 3.594048, 10.0003, 10.20262 ],
			"to": [ 5.797248, 11.1019, 13.50742 ],
			"faces": {
				"up": { "uv": [ 3.5936, 10.2032, 5.7968, 13.508 ], "texture": "#2" }
			}
		},
		{
			"from": [ 2.491112, 9.999848, 10.2038 ],
			"to": [ 3.592712, 11.10145, 12.407 ],
			"faces": {
				"up": { "uv": [ 2.492, 10.2032, 3.5936, 12.4064 ], "texture": "#2" }
			}
		},
		{
			"from": [ 10.2042, 9.999365, 10.20225 ],
			"to": [ 12.4074, 11.10096, 13.50705 ],
			"faces": {
				"up": { "uv": [ 10.2032, 10.2032, 12.4064, 13.508 ], "texture": "#2" }
			}
		},
		{
			"from": [ 12.40654, 10.00044, 10.20264 ],
			"to": [ 13.50814, 11.10204, 12.40584 ],
			"faces": {
				"up": { "uv": [ 12.4064, 10.2032, 13.508, 12.4064 ], "texture": "#2" }
			}
		},
		{
			"from": [ 12.40631, 10.00064, 3.594398 ],
			"to": [ 13.50791, 11.10224, 5.797598 ],
			"faces": {
				"up": { "uv": [ 12.4064, 3.5936, 13.508, 5.796801 ], "texture": "#2" }
			}
		},
		{
			"from": [ 10.20336, 10.00064, 2.491953 ],
			"to": [ 12.40656, 11.10224, 5.796753 ],
			"faces": {
				"up": { "uv": [ 10.2032, 2.492001, 12.4064, 5.796801 ], "texture": "#2" }
			}
		}
	]
}