{
	"__comment": "Designed by CreatorLabs with Cubik Studio - https://cubik.studio",
	"parent": "block/block",
	"textures": {
		"0": "blocks/crafting_table_front",
		"1": "blocks/crafting_table_side",
		"2": "blocks/crafting_table_top",
		"3": "blocks/planks_oak",
		"4": "3d_decoration/3d_crafting_table_leather",
		"5": "3d_decoration/3d_crafting_table_leather_dark",
		"particle": "blocks/crafting_table_front"
	},
	"elements": [ 	 
		{
			"from": [ 3, 16, 3 ],
			"to": [ 13, 16.5, 13 ],
			"faces": {
				"up": { "uv": [ 3, 3, 13, 13 ], "texture": "#4", "cullface": "up" }
			}
		},
		{
			"from": [ 2, 16, 3 ],
			"to": [ 3, 16.5, 13 ],
			"faces": {
				"up": { "uv": [ 2, 3, 3, 13 ], "texture": "#4", "cullface": "up" },
				"north": { "uv": [ 13, 0, 14, 0 ], "texture": "#4", "cullface": "up" },
				"south": { "uv": [ 2, 0, 3, 0 ], "texture": "#4", "cullface": "up" },
				"west": { "uv": [ 3, 0, 13, 0 ], "texture": "#4", "cullface": "up" }
			}
		},
		{
			"from": [ 1, 16, 4 ],
			"to": [ 2, 16.5, 12 ],
			"faces": {
				"up": { "uv": [ 1, 4, 2, 12 ], "texture": "#4", "cullface": "up" },
				"north": { "uv": [ 14, 0, 15, 0 ], "texture": "#4", "cullface": "up" },
				"south": { "uv": [ 1, 0, 2, 0 ], "texture": "#4", "cullface": "up" },
				"west": { "uv": [ 4, 0, 12, 0 ], "texture": "#4", "cullface": "up" }
			}
		},
		{
			"from": [ 14, 16, 4 ],
			"to": [ 15, 16.5, 12 ],
			"faces": {
				"up": { "uv": [ 14, 4, 15, 12 ], "texture": "#4", "cullface": "up" },
				"north": { "uv": [ 1, 0, 2, 0 ], "texture": "#4", "cullface": "up" },
				"south": { "uv": [ 14, 0, 15, 0 ], "texture": "#4", "cullface": "up" },
				"east": { "uv": [ 12, 0, 4, 0 ], "texture": "#4", "cullface": "up" }
			}
		},
		{
			"from": [ 13, 16, 3 ],
			"to": [ 14, 16.5, 13 ],
			"faces": {
				"up": { "uv": [ 13, 3, 14, 13 ], "texture": "#4", "cullface": "up" },
				"north": { "uv": [ 2, 0, 3, 0 ], "texture": "#4", "cullface": "up" },
				"south": { "uv": [ 13, 0, 14, 0 ], "texture": "#4", "cullface": "up" },
				"east": { "uv": [ 13, 0, 3, 0 ], "texture": "#4", "cullface": "up" }
			}
		},
		{
			"from": [ 3, 16, 2 ],
			"to": [ 13, 16.5, 3 ],
			"faces": {
				"up": { "uv": [ 3, 2, 13, 3 ], "texture": "#4", "cullface": "up" },
				"north": { "uv": [ 3, 0, 13, 0 ], "texture": "#4", "cullface": "up" },
				"west": { "uv": [ 2, 0, 3, 0 ], "texture": "#4", "cullface": "up" },
				"east": { "uv": [ 14, 0, 13, 0 ], "texture": "#4", "cullface": "up" }
			}
		},
		{
			"from": [ 4, 16, 1 ],
			"to": [ 12, 16.5, 2 ],
			"faces": {
				"up": { "uv": [ 4, 1, 12, 2 ], "texture": "#4", "cullface": "up" },
				"north": { "uv": [ 4, 0, 12, 0 ], "texture": "#4", "cullface": "up" },
				"west": { "uv": [ 1, 0, 2, 0 ], "texture": "#4", "cullface": "up" },
				"east": { "uv": [ 15, 0, 14, 0 ], "texture": "#4", "cullface": "up" }
			}
		},
		{
			"from": [ 4, 16, 14 ],
			"to": [ 12, 16.5, 15 ],
			"faces": {
				"up": { "uv": [ 4, 14, 12, 15 ], "texture": "#4", "cullface": "up" },
				"south": { "uv": [ 4, 0, 12, 0 ], "texture": "#4", "cullface": "up" },
				"west": { "uv": [ 14, 0, 15, 0 ], "texture": "#4", "cullface": "up" },
				"east": { "uv": [ 2, 0, 1, 0 ], "texture": "#4", "cullface": "up" }
			}
		},
		{
			"from": [ 5, 16, 15 ],
			"to": [ 11, 16.5, 16 ],
			"faces": {
				"up": { "uv": [ 5, 15, 11, 16 ], "texture": "#4", "cullface": "up" },
				"south": { "uv": [ 5, 0, 11, 0 ], "texture": "#4", "cullface": "up" },
				"west": { "uv": [ 15, 0, 16, 0 ], "texture": "#4", "cullface": "up" },
				"east": { "uv": [ 1, 0, 0, 0 ], "texture": "#4", "cullface": "up" }
			}
		},
		{
			"from": [ 3, 16, 13 ],
			"to": [ 13, 16.5, 14 ],
			"faces": {
				"up": { "uv": [ 3, 13, 13, 14 ], "texture": "#4", "cullface": "up" },
				"south": { "uv": [ 3, 0, 13, 0 ], "texture": "#4", "cullface": "up" },
				"west": { "uv": [ 13, 0, 14, 0 ], "texture": "#4", "cullface": "up" },
				"east": { "uv": [ 3, 0, 2, 0 ], "texture": "#4", "cullface": "up" }
			}
		},
		{
			"from": [ 5, 16, 0 ],
			"to": [ 11, 16.5, 1 ],
			"faces": {
				"up": { "uv": [ 5, 0, 11, 1 ], "texture": "#4", "cullface": "up" },
				"north": { "uv": [ 5, 0, 11, 0 ], "texture": "#4", "cullface": "up" },
				"west": { "uv": [ 0, 0, 1, 0 ], "texture": "#4", "cullface": "up" },
				"east": { "uv": [ 16, 0, 15, 0 ], "texture": "#4", "cullface": "up" }
			}
		},
		{
			"from": [ 15, 16, 5 ],
			"to": [ 16, 16.5, 11 ],
			"faces": {
				"up": { "uv": [ 15, 5, 16, 11 ], "texture": "#4", "cullface": "up" },
				"north": { "uv": [ 0, 0, 1, 0 ], "texture": "#4", "cullface": "up" },
				"south": { "uv": [ 15, 0, 16, 0 ], "texture": "#4", "cullface": "up" },
				"east": { "uv": [ 11, 0, 5, 0 ], "texture": "#4", "cullface": "up" }
			}
		},
		{
			"from": [ 0, 16, 5 ],
			"to": [ 1, 16.5, 11 ],
			"faces": {
				"up": { "uv": [ 0, 5, 1, 11 ], "texture": "#4", "cullface": "up" },
				"north": { "uv": [ 15, 0, 16, 0 ], "texture": "#4", "cullface": "up" },
				"south": { "uv": [ 0, 0, 1, 0 ], "texture": "#4", "cullface": "up" },
				"west": { "uv": [ 5, 0, 11, 0 ], "texture": "#4", "cullface": "up" }
			}
		},
		{
			"from": [ 7, 14, -0.5 ],
			"to": [ 9, 16, 0 ],
			"faces": {
				"down": { "uv": [ 7, 16, 9, 16 ], "texture": "#4", "cullface": "north" },
				"up": { "uv": [ 7, 0, 9, 0 ], "texture": "#4", "cullface": "north" },
				"north": { "uv": [ 7, 0, 9, 2 ], "texture": "#4", "cullface": "north" },
				"west": { "uv": [ 0, 0, 0, 2 ], "texture": "#4", "cullface": "north" },
				"east": { "uv": [ 16, 2, 16, 0 ], "texture": "#4", "cullface": "north" }
			}
		},
		{
			"from": [ 7, 14, 16 ],
			"to": [ 9, 16, 16.5 ],
			"faces": {
				"down": { "uv": [ 7, 0, 9, 0 ], "texture": "#4", "cullface": "south" },
				"up": { "uv": [ 7, 16, 9, 16 ], "texture": "#4", "cullface": "south" },
				"south": { "uv": [ 7, 0, 9, 2 ], "texture": "#4", "cullface": "south" },
				"west": { "uv": [ 16, 0, 16, 2 ], "texture": "#4", "cullface": "south" },
				"east": { "uv": [ 0, 2, 0, 0 ], "texture": "#4", "cullface": "south" }
			}
		},
		{
			"from": [ 16, 14, 7 ],
			"to": [ 16.5, 16, 9 ],
			"faces": {
				"down": { "uv": [ 16, 7, 16, 9 ], "texture": "#4", "cullface": "east" },
				"up": { "uv": [ 16, 7, 16, 9 ], "texture": "#4", "cullface": "east" },
				"north": { "uv": [ 0, 0, 0, 2 ], "texture": "#4", "cullface": "east" },
				"south": { "uv": [ 16, 0, 16, 2 ], "texture": "#4", "cullface": "east" },
				"east": { "uv": [ 9, 2, 7, 0 ], "texture": "#4", "cullface": "east" }
			}
		},
		{
			"from": [ -0.5, 14, 7 ],
			"to": [ 0, 16, 9 ],
			"faces": {
				"down": { "uv": [ 0, 7, 0, 9 ], "texture": "#4", "cullface": "west" },
				"up": { "uv": [ 0, 7, 0, 9 ], "texture": "#4", "cullface": "west" },
				"north": { "uv": [ 16, 0, 16, 2 ], "texture": "#4", "cullface": "west" },
				"south": { "uv": [ 0, 0, 0, 2 ], "texture": "#4", "cullface": "west" },
				"west": { "uv": [ 7, 0, 9, 2 ], "texture": "#4", "cullface": "west" }
			}
		},
		{
			"from": [ -0.5, 15, 9 ],
			"to": [ 0, 16, 10 ],
			"faces": {
				"down": { "uv": [ 0, 6, 0, 7 ], "texture": "#4", "cullface": "west" },
				"up": { "uv": [ 0, 9, 0, 10 ], "texture": "#4", "cullface": "west" },
				"south": { "uv": [ 0, 0, 0, 1 ], "texture": "#4", "cullface": "west" },
				"west": { "uv": [ 9, 0, 10, 1 ], "texture": "#4", "cullface": "west" }
			}
		},
		{
			"from": [ -0.5, 15, 6 ],
			"to": [ 0, 16, 7 ],
			"faces": {
				"down": { "uv": [ 0, 9, 0, 10 ], "texture": "#4", "cullface": "west" },
				"up": { "uv": [ 0, 6, 0, 7 ], "texture": "#4", "cullface": "west" },
				"north": { "uv": [ 16, 0, 16, 1 ], "texture": "#4", "cullface": "west" },
				"west": { "uv": [ 6, 0, 7, 1 ], "texture": "#4", "cullface": "west" }
			}
		},
		{
			"from": [ 6, 15, 16 ],
			"to": [ 7, 16, 16.5 ],
			"faces": {
				"down": { "uv": [ 6, 0, 7, 0 ], "texture": "#4", "cullface": "south" },
				"up": { "uv": [ 6, 16, 7, 16 ], "texture": "#4", "cullface": "south" },
				"south": { "uv": [ 6, 0, 7, 1 ], "texture": "#4", "cullface": "south" },
				"west": { "uv": [ 16, 0, 16, 1 ], "texture": "#4", "cullface": "south" }
			}
		},
		{
			"from": [ 9, 15, 16 ],
			"to": [ 10, 16, 16.5 ],
			"faces": {
				"down": { "uv": [ 9, 0, 10, 0 ], "texture": "#4", "cullface": "south" },
				"up": { "uv": [ 9, 16, 10, 16 ], "texture": "#4", "cullface": "south" },
				"south": { "uv": [ 9, 0, 10, 1 ], "texture": "#4", "cullface": "south" },
				"east": { "uv": [ 0, 1, 0, 0 ], "texture": "#4", "cullface": "south" }
			}
		},
		{
			"from": [ 16, 15, 9 ],
			"to": [ 16.5, 16, 10 ],
			"faces": {
				"down": { "uv": [ 16, 6, 16, 7 ], "texture": "#4", "cullface": "east" },
				"up": { "uv": [ 16, 9, 16, 10 ], "texture": "#4", "cullface": "east" },
				"south": { "uv": [ 16, 0, 16, 1 ], "texture": "#4", "cullface": "east" },
				"east": { "uv": [ 7, 1, 6, 0 ], "texture": "#4", "cullface": "east" }
			}
		},
		{
			"from": [ 16, 15, 6 ],
			"to": [ 16.5, 16, 7 ],
			"faces": {
				"down": { "uv": [ 16, 9, 16, 10 ], "texture": "#4", "cullface": "east" },
				"up": { "uv": [ 16, 6, 16, 7 ], "texture": "#4", "cullface": "east" },
				"north": { "uv": [ 0, 0, 0, 1 ], "texture": "#4", "cullface": "east" },
				"east": { "uv": [ 10, 1, 9, 0 ], "texture": "#4", "cullface": "east" }
			}
		},
		{
			"from": [ 6, 15, -0.5 ],
			"to": [ 7, 16, 0 ],
			"faces": {
				"down": { "uv": [ 6, 16, 7, 16 ], "texture": "#4", "cullface": "north" },
				"up": { "uv": [ 6, 0, 7, 0 ], "texture": "#4", "cullface": "north" },
				"north": { "uv": [ 9, 0, 10, 1 ], "texture": "#4", "cullface": "north" },
				"west": { "uv": [ 0, 0, 0, 1 ], "texture": "#4", "cullface": "north" }
			}
		},
		{
			"from": [ 9, 15, -0.5 ],
			"to": [ 10, 16, 0 ],
			"faces": {
				"down": { "uv": [ 9, 16, 10, 16 ], "texture": "#4", "cullface": "north" },
				"up": { "uv": [ 9, 0, 10, 0 ], "texture": "#4", "cullface": "north" },
				"north": { "uv": [ 6, 0, 7, 1 ], "texture": "#4", "cullface": "north" },
				"east": { "uv": [ 16, 1, 16, 0 ], "texture": "#4", "cullface": "north" }
			}
		},
		{
			"from": [ 3, 16.25, 3 ],
			"to": [ 13, 16.75, 4 ],
			"faces": {
				"up": { "uv": [ 3, 3, 13, 4 ], "texture": "#5", "cullface": "up" },
				"north": { "uv": [ 3, 0, 13, 0 ], "texture": "#5", "cullface": "up" },
				"south": { "uv": [ 3, 0, 13, 0 ], "texture": "#5", "cullface": "up" },
				"west": { "uv": [ 3, 0, 4, 0 ], "texture": "#5", "cullface": "up" },
				"east": { "uv": [ 13, 0, 12, 0 ], "texture": "#5", "cullface": "up" }
			}
		},
		{
			"from": [ 3, 16.25, 12 ],
			"to": [ 13, 16.75, 13 ],
			"faces": {
				"up": { "uv": [ 3, 12, 13, 13 ], "texture": "#5", "cullface": "up" },
				"north": { "uv": [ 3, 0, 13, 0 ], "texture": "#5", "cullface": "up" },
				"south": { "uv": [ 3, 0, 13, 0 ], "texture": "#5", "cullface": "up" },
				"west": { "uv": [ 12, 0, 13, 0 ], "texture": "#5", "cullface": "up" },
				"east": { "uv": [ 4, 0, 3, 0 ], "texture": "#5", "cullface": "up" }
			}
		},
		{
			"from": [ 3, 16.25, 4 ],
			"to": [ 4, 16.75, 12 ],
			"faces": {
				"up": { "uv": [ 3, 4, 4, 12 ], "texture": "#5", "cullface": "up" },
				"west": { "uv": [ 4, 0, 12, 0 ], "texture": "#5", "cullface": "up" },
				"east": { "uv": [ 12, 0, 4, 0 ], "texture": "#5", "cullface": "up" }
			}
		},
		{
			"from": [ 12, 16.25, 4 ],
			"to": [ 13, 16.75, 12 ],
			"faces": {
				"up": { "uv": [ 12, 4, 13, 12 ], "texture": "#5", "cullface": "up" },
				"west": { "uv": [ 4, 0, 12, 0 ], "texture": "#5", "cullface": "up" },
				"east": { "uv": [ 12, 0, 4, 0 ], "texture": "#5", "cullface": "up" }
			}
		},
		{
			"from": [ 9, 16.25, 4 ],
			"to": [ 10, 16.75, 12 ],
			"faces": {
				"up": { "uv": [ 9, 4, 10, 12 ], "texture": "#5", "cullface": "up" },
				"west": { "uv": [ 4, 0, 12, 0 ], "texture": "#5", "cullface": "up" },
				"east": { "uv": [ 12, 0, 4, 0 ], "texture": "#5", "cullface": "up" }
			}
		},
		{
			"from": [ 6, 16.25, 4 ],
			"to": [ 7, 16.75, 12 ],
			"faces": {
				"up": { "uv": [ 6, 4, 7, 12 ], "texture": "#5", "cullface": "up" },
				"west": { "uv": [ 4, 0, 12, 0 ], "texture": "#5", "cullface": "up" },
				"east": { "uv": [ 12, 0, 4, 0 ], "texture": "#5", "cullface": "up" }
			}
		},
		{
			"from": [ 4, 16.25, 6 ],
			"to": [ 6, 16.75, 7 ],
			"faces": {
				"up": { "uv": [ 4, 6, 6, 7 ], "texture": "#5", "cullface": "up" },
				"north": { "uv": [ 10, 0, 12, 0 ], "texture": "#5", "cullface": "up" },
				"south": { "uv": [ 4, 0, 6, 0 ], "texture": "#5", "cullface": "up" }
			}
		},
		{
			"from": [ 4, 16.25, 9 ],
			"to": [ 6, 16.75, 10 ],
			"faces": {
				"up": { "uv": [ 4, 9, 6, 10 ], "texture": "#5", "cullface": "up" },
				"north": { "uv": [ 10, 0, 12, 0 ], "texture": "#5", "cullface": "up" },
				"south": { "uv": [ 4, 0, 6, 0 ], "texture": "#5", "cullface": "up" }
			}
		},
		{
			"from": [ 7, 16.25, 9 ],
			"to": [ 9, 16.75, 10 ],
			"faces": {
				"up": { "uv": [ 7, 9, 9, 10 ], "texture": "#5", "cullface": "up" },
				"north": { "uv": [ 7, 0, 9, 0 ], "texture": "#5", "cullface": "up" },
				"south": { "uv": [ 7, 0, 9, 0 ], "texture": "#5", "cullface": "up" }
			}
		},
		{
			"from": [ 7, 16.25, 6 ],
			"to": [ 9, 16.75, 7 ],
			"faces": {
				"up": { "uv": [ 7, 6, 9, 7 ], "texture": "#5", "cullface": "up" },
				"north": { "uv": [ 7, 0, 9, 0 ], "texture": "#5", "cullface": "up" },
				"south": { "uv": [ 7, 0, 9, 0 ], "texture": "#5", "cullface": "up" }
			}
		},
		{
			"from": [ 10, 16.25, 6 ],
			"to": [ 12, 16.75, 7 ],
			"faces": {
				"up": { "uv": [ 10, 6, 12, 7 ], "texture": "#5", "cullface": "up" },
				"north": { "uv": [ 4, 0, 6, 0 ], "texture": "#5", "cullface": "up" },
				"south": { "uv": [ 10, 0, 12, 0 ], "texture": "#5", "cullface": "up" }
			}
		},
		{
			"from": [ 10, 16.25, 9 ],
			"to": [ 12, 16.75, 10 ],
			"faces": {
				"up": { "uv": [ 10, 9, 12, 10 ], "texture": "#5", "cullface": "up" },
				"north": { "uv": [ 4, 0, 6, 0 ], "texture": "#5", "cullface": "up" },
				"south": { "uv": [ 10, 0, 12, 0 ], "texture": "#5", "cullface": "up" }
			}
		},
		{
			"from": [ 0, 0, 0 ],
			"to": [ 16, 16, 16 ],
			"faces": {
				"down": { "uv": [ 0, 0, 16, 16 ], "texture": "#3", "cullface": "down" },
				"up": { "uv": [ 0, 0, 16, 16 ], "texture": "#2", "cullface": "up" },
				"north": { "uv": [ 0, 0, 16, 16 ], "texture": "#0", "cullface": "north" },
				"south": { "uv": [ 0, 0, 16, 16 ], "texture": "#1", "cullface": "south" },
				"west": { "uv": [ 0, 0, 16, 16 ], "texture": "#1", "cullface": "west" },
				"east": { "uv": [ 0, 0, 16, 16 ], "texture": "#1", "cullface": "east" }
			}
		},
		{
			"from": [ 2, 3, -1 ],
			"to": [ 3, 10, 0 ],
			"faces": {
				"down": { "uv": [ 13, 12, 14, 13 ], "texture": "#0", "cullface": "north" },
				"north": { "uv": [ 13, 6, 14, 13 ], "texture": "#0", "cullface": "north" },
				"west": { "uv": [ 13, 6, 14, 13 ], "texture": "#0", "cullface": "north" },
				"east": { "uv": [ 13, 6, 14, 13 ], "texture": "#0", "cullface": "north" }
			}
		},
		{
			"from": [ 3, 5, -1 ],
			"to": [ 4, 10, 0 ],
			"faces": {
				"down": { "uv": [ 12, 6, 13, 7 ], "texture": "#0", "cullface": "north" },
				"north": { "uv": [ 12, 6, 13, 11 ], "texture": "#0", "cullface": "north" },
				"east": { "uv": [ 12, 6, 13, 11 ], "texture": "#0", "cullface": "north" }
			}
		},
		{
			"from": [ 4, 8, -1 ],
			"to": [ 5, 10, 0 ],
			"faces": {
				"down": { "uv": [ 11, 6, 12, 7 ], "texture": "#0", "cullface": "north" },
				"north": { "uv": [ 11, 6, 12, 8 ], "texture": "#0", "cullface": "north" },
				"east": { "uv": [ 11, 6, 12, 8 ], "texture": "#0", "cullface": "north" }
			}
		},
		{
			"from": [ 11, 5, -1 ],
			"to": [ 12, 8, 0 ],
			"faces": {
				"down": { "uv": [ 4, 8, 5, 9 ], "texture": "#0", "cullface": "north" },
				"up": { "uv": [ 4, 8, 5, 9 ], "texture": "#0", "cullface": "north" },
				"north": { "uv": [ 4, 8, 5, 11 ], "texture": "#0", "cullface": "north" },
				"west": { "uv": [ 4, 8, 5, 11 ], "texture": "#0", "cullface": "north" },
				"east": { "uv": [ 4, 8, 5, 11 ], "texture": "#0", "cullface": "north" }
			}
		},
		{
			"from": [ 12, 6, -1 ],
			"to": [ 14, 7, 0 ],
			"faces": {
				"down": { "uv": [ 2, 9, 4, 10 ], "texture": "#0", "cullface": "north" },
				"up": { "uv": [ 2, 9, 4, 10 ], "texture": "#0", "cullface": "north" },
				"north": { "uv": [ 2, 9, 4, 10 ], "texture": "#0", "cullface": "north" },
				"east": { "uv": [ 2, 9, 3, 10 ], "texture": "#0", "cullface": "north" }
			}
		},
		{
			"from": [ 4, 10, -1 ],
			"to": [ 5, 13, 0 ],
			"faces": {
				"up": { "uv": [ 11, 3, 12, 6 ], "texture": "#0", "cullface": "north" },
				"north": { "uv": [ 11, 3, 12, 6 ], "texture": "#0", "cullface": "north" },
				"west": { "uv": [ 11, 3, 12, 6 ], "texture": "#0", "cullface": "north" },
				"east": { "uv": [ 11, 3, 12, 6 ], "texture": "#0", "cullface": "north" }
			}
		},
		{
			"from": [ 2, 10, -1 ],
			"to": [ 3, 13, 0 ],
			"faces": {
				"up": { "uv": [ 13, 3, 14, 6 ], "texture": "#0", "cullface": "north" },
				"north": { "uv": [ 13, 3, 14, 6 ], "texture": "#0", "cullface": "north" },
				"west": { "uv": [ 13, 3, 14, 6 ], "texture": "#0", "cullface": "north" },
				"east": { "uv": [ 13, 3, 14, 6 ], "texture": "#0", "cullface": "north" }
			}
		},
		{
			"from": [ 3, 10, -1 ],
			"to": [ 4, 11, 0 ],
			"faces": {
				"up": { "uv": [ 12, 5, 13, 6 ], "texture": "#0", "cullface": "north" },
				"north": { "uv": [ 12, 5, 13, 6 ], "texture": "#0", "cullface": "north" }
			}
		},
		{
			"from": [ 3, 12, -1 ],
			"to": [ 4, 13, 0 ],
			"faces": {
				"down": { "uv": [ 12, 3, 13, 4 ], "texture": "#0", "cullface": "north" },
				"up": { "uv": [ 12, 3, 13, 4 ], "texture": "#0", "cullface": "north" },
				"north": { "uv": [ 12, 3, 13, 4 ], "texture": "#0", "cullface": "north" }
			}
		},
		{
			"from": [ 12, 7, -1 ],
			"to": [ 13, 11, 0 ],
			"faces": {
				"up": { "uv": [ 3, 5, 4, 6 ], "texture": "#0", "cullface": "north" },
				"north": { "uv": [ 3, 5, 4, 9 ], "texture": "#0", "cullface": "north" },
				"west": { "uv": [ 3, 5, 4, 9 ], "texture": "#0", "cullface": "north" },
				"east": { "uv": [ 3, 5, 4, 9 ], "texture": "#0", "cullface": "north" }
			}
		},
		{
			"from": [ -1, 6, 3 ],
			"to": [ 0, 8, 4 ],
			"faces": {
				"down": { "uv": [ 3, 9, 4, 10 ], "texture": "#1", "cullface": "west" },
				"up": { "uv": [ 3, 8, 4, 9 ], "texture": "#1", "cullface": "west" },
				"north": { "uv": [ 3, 8, 4, 10 ], "texture": "#1", "cullface": "west" },
				"south": { "uv": [ 3, 8, 4, 10 ], "texture": "#1", "cullface": "west" },
				"west": { "uv": [ 3, 8, 4, 10 ], "texture": "#1", "cullface": "west" }
			}
		},
		{
			"from": [ -1, 8, 4 ],
			"to": [ 0, 9, 5 ],
			"faces": {
				"down": { "uv": [ 4, 7, 5, 8 ], "texture": "#1", "cullface": "west" },
				"up": { "uv": [ 4, 7, 5, 8 ], "texture": "#1", "cullface": "west" },
				"north": { "uv": [ 4, 7, 5, 8 ], "texture": "#1", "cullface": "west" },
				"south": { "uv": [ 4, 7, 5, 8 ], "texture": "#1", "cullface": "west" },
				"west": { "uv": [ 4, 7, 5, 8 ], "texture": "#1", "cullface": "west" }
			}
		},
		{
			"from": [ -1, 9, 5 ],
			"to": [ 0, 11, 6 ],
			"faces": {
				"down": { "uv": [ 5, 5, 6, 7 ], "texture": "#1", "cullface": "west" },
				"up": { "uv": [ 5, 5, 6, 7 ], "texture": "#1", "cullface": "west" },
				"north": { "uv": [ 5, 5, 6, 7 ], "texture": "#1", "cullface": "west" },
				"south": { "uv": [ 5, 5, 6, 7 ], "texture": "#1", "cullface": "west" },
				"west": { "uv": [ 5, 5, 6, 7 ], "texture": "#1", "cullface": "west" }
			}
		},
		{
			"from": [ -1, 9, 3 ],
			"to": [ 0, 11, 4 ],
			"faces": {
				"down": { "uv": [ 5, 5, 6, 7 ], "texture": "#1", "cullface": "west" },
				"up": { "uv": [ 5, 5, 6, 7 ], "texture": "#1", "cullface": "west" },
				"north": { "uv": [ 5, 5, 6, 7 ], "texture": "#1", "cullface": "west" },
				"south": { "uv": [ 5, 5, 6, 7 ], "texture": "#1", "cullface": "west" },
				"west": { "uv": [ 5, 5, 6, 7 ], "texture": "#1", "cullface": "west" }
			}
		},
		{
			"from": [ -1, 6, 5 ],
			"to": [ 0, 8, 6 ],
			"faces": {
				"down": { "uv": [ 3, 9, 4, 10 ], "texture": "#1", "cullface": "west" },
				"up": { "uv": [ 3, 8, 4, 9 ], "texture": "#1", "cullface": "west" },
				"north": { "uv": [ 3, 8, 4, 10 ], "texture": "#1", "cullface": "west" },
				"south": { "uv": [ 3, 8, 4, 10 ], "texture": "#1", "cullface": "west" },
				"west": { "uv": [ 3, 8, 4, 10 ], "texture": "#1", "cullface": "west" }
			}
		},
		{
			"from": [ 16, 6, 12 ],
			"to": [ 17, 8, 13 ],
			"faces": {
				"down": { "uv": [ 3, 9, 4, 10 ], "texture": "#1", "cullface": "east", "rotation": 180 },
				"up": { "uv": [ 3, 8, 4, 9 ], "texture": "#1", "cullface": "east", "rotation": 180 },
				"north": { "uv": [ 3, 8, 4, 10 ], "texture": "#1", "cullface": "east" },
				"south": { "uv": [ 3, 8, 4, 10 ], "texture": "#1", "cullface": "east" },
				"east": { "uv": [ 3, 8, 4, 10 ], "texture": "#1", "cullface": "east" }
			}
		},
		{
			"from": [ 16, 8, 11 ],
			"to": [ 17, 9, 12 ],
			"faces": {
				"down": { "uv": [ 4, 7, 5, 8 ], "texture": "#1", "cullface": "east", "rotation": 180 },
				"up": { "uv": [ 4, 7, 5, 8 ], "texture": "#1", "cullface": "east", "rotation": 180 },
				"north": { "uv": [ 4, 7, 5, 8 ], "texture": "#1", "cullface": "east" },
				"south": { "uv": [ 4, 7, 5, 8 ], "texture": "#1", "cullface": "east" },
				"east": { "uv": [ 4, 7, 5, 8 ], "texture": "#1", "cullface": "east" }
			}
		},
		{
			"from": [ 16, 9, 10 ],
			"to": [ 17, 11, 11 ],
			"faces": {
				"down": { "uv": [ 5, 5, 6, 7 ], "texture": "#1", "cullface": "east", "rotation": 180 },
				"up": { "uv": [ 5, 5, 6, 7 ], "texture": "#1", "cullface": "east", "rotation": 180 },
				"north": { "uv": [ 5, 5, 6, 7 ], "texture": "#1", "cullface": "east" },
				"south": { "uv": [ 5, 5, 6, 7 ], "texture": "#1", "cullface": "east" },
				"east": { "uv": [ 5, 5, 6, 7 ], "texture": "#1", "cullface": "east" }
			}
		},
		{
			"from": [ 16, 9, 12 ],
			"to": [ 17, 11, 13 ],
			"faces": {
				"down": { "uv": [ 5, 5, 6, 7 ], "texture": "#1", "cullface": "east", "rotation": 180 },
				"up": { "uv": [ 5, 5, 6, 7 ], "texture": "#1", "cullface": "east", "rotation": 180 },
				"north": { "uv": [ 5, 5, 6, 7 ], "texture": "#1", "cullface": "east" },
				"south": { "uv": [ 5, 5, 6, 7 ], "texture": "#1", "cullface": "east" },
				"east": { "uv": [ 5, 5, 6, 7 ], "texture": "#1", "cullface": "east" }
			}
		},
		{
			"from": [ 16, 6, 10 ],
			"to": [ 17, 8, 11 ],
			"faces": {
				"down": { "uv": [ 3, 9, 4, 10 ], "texture": "#1", "cullface": "east", "rotation": 180 },
				"up": { "uv": [ 3, 8, 4, 9 ], "texture": "#1", "cullface": "east", "rotation": 180 },
				"north": { "uv": [ 3, 8, 4, 10 ], "texture": "#1", "cullface": "east" },
				"south": { "uv": [ 3, 8, 4, 10 ], "texture": "#1", "cullface": "east" },
				"east": { "uv": [ 3, 8, 4, 10 ], "texture": "#1", "cullface": "east" }
			}
		},
		{
			"from": [ 3, 6, 16 ],
			"to": [ 4, 8, 17 ],
			"faces": {
				"down": { "uv": [ 3, 9, 4, 10 ], "texture": "#1", "cullface": "south", "rotation": 90 },
				"up": { "uv": [ 3, 8, 4, 9 ], "texture": "#1", "cullface": "south", "rotation": 270 },
				"south": { "uv": [ 3, 8, 4, 10 ], "texture": "#1", "cullface": "south" },
				"west": { "uv": [ 3, 8, 4, 10 ], "texture": "#1", "cullface": "south" },
				"east": { "uv": [ 3, 8, 4, 10 ], "texture": "#1", "cullface": "south" }
			}
		},
		{
			"from": [ 4, 8, 16 ],
			"to": [ 5, 9, 17 ],
			"faces": {
				"down": { "uv": [ 4, 7, 5, 8 ], "texture": "#1", "cullface": "south", "rotation": 90 },
				"up": { "uv": [ 4, 7, 5, 8 ], "texture": "#1", "cullface": "south", "rotation": 270 },
				"south": { "uv": [ 4, 7, 5, 8 ], "texture": "#1", "cullface": "south" },
				"west": { "uv": [ 4, 7, 5, 8 ], "texture": "#1", "cullface": "south" },
				"east": { "uv": [ 4, 7, 5, 8 ], "texture": "#1", "cullface": "south" }
			}
		},
		{
			"from": [ 5, 9, 16 ],
			"to": [ 6, 11, 17 ],
			"faces": {
				"down": { "uv": [ 5, 5, 6, 7 ], "texture": "#1", "cullface": "south", "rotation": 90 },
				"up": { "uv": [ 5, 5, 6, 7 ], "texture": "#1", "cullface": "south", "rotation": 270 },
				"south": { "uv": [ 5, 5, 6, 7 ], "texture": "#1", "cullface": "south" },
				"west": { "uv": [ 5, 5, 6, 7 ], "texture": "#1", "cullface": "south" },
				"east": { "uv": [ 5, 5, 6, 7 ], "texture": "#1", "cullface": "south" }
			}
		},
		{
			"from": [ 3, 9, 16 ],
			"to": [ 4, 11, 17 ],
			"faces": {
				"down": { "uv": [ 5, 5, 6, 7 ], "texture": "#1", "cullface": "south", "rotation": 90 },
				"up": { "uv": [ 5, 5, 6, 7 ], "texture": "#1", "cullface": "south", "rotation": 270 },
				"south": { "uv": [ 5, 5, 6, 7 ], "texture": "#1", "cullface": "south" },
				"west": { "uv": [ 5, 5, 6, 7 ], "texture": "#1", "cullface": "south" },
				"east": { "uv": [ 5, 5, 6, 7 ], "texture": "#1", "cullface": "south" }
			}
		},
		{
			"from": [ 5, 6, 16 ],
			"to": [ 6, 8, 17 ],
			"faces": {
				"down": { "uv": [ 3, 9, 4, 10 ], "texture": "#1", "cullface": "south", "rotation": 90 },
				"up": { "uv": [ 3, 8, 4, 9 ], "texture": "#1", "cullface": "south", "rotation": 270 },
				"south": { "uv": [ 3, 8, 4, 10 ], "texture": "#1", "cullface": "south" },
				"west": { "uv": [ 3, 8, 4, 10 ], "texture": "#1", "cullface": "south" },
				"east": { "uv": [ 3, 8, 4, 10 ], "texture": "#1", "cullface": "south" }
			}
		},
		{
			"from": [ -0.25, 1, 1 ],
			"to": [ 0, 4, 15 ],
			"faces": {
				"down": { "uv": [ 1, 2, 15, 2.25 ], "texture": "#1", "cullface": "west", "rotation": 270 },
				"up": { "uv": [ 1, 2, 15, 2.25 ], "texture": "#1", "cullface": "west", "rotation": 270 },
				"north": { "uv": [ 1, 0, 1.25, 3 ], "texture": "#1", "cullface": "west" },
				"south": { "uv": [ 1, 0, 1.25, 3 ], "texture": "#1", "cullface": "west" },
				"west": { "uv": [ 1, 12, 15, 15 ], "texture": "#1", "cullface": "west" }
			}
		},
		{
			"from": [ -0.25, 9, 1 ],
			"to": [ 0, 12, 15 ],
			"faces": {
				"down": { "uv": [ 1, 2, 15, 2.25 ], "texture": "#1", "cullface": "west", "rotation": 270 },
				"up": { "uv": [ 1, 2, 15, 2.25 ], "texture": "#1", "cullface": "west", "rotation": 270 },
				"north": { "uv": [ 1, 0, 1.25, 3 ], "texture": "#1", "cullface": "west" },
				"south": { "uv": [ 1, 0, 1.25, 3 ], "texture": "#1", "cullface": "west" },
				"west": { "uv": [ 1, 4, 15, 7 ], "texture": "#1", "cullface": "west" }
			}
		},
		{
			"from": [ -0.25, 4.99, 1 ],
			"to": [ 0, 7.99, 15 ],
			"faces": {
				"down": { "uv": [ 1, 2, 15, 2.25 ], "texture": "#1", "cullface": "west", "rotation": 270 },
				"up": { "uv": [ 1, 2, 15, 2.25 ], "texture": "#1", "cullface": "west", "rotation": 270 },
				"north": { "uv": [ 1, 0, 1.25, 3 ], "texture": "#1", "cullface": "west" },
				"south": { "uv": [ 1, 0, 1.25, 3 ], "texture": "#1", "cullface": "west" },
				"west": { "uv": [ 1, 8, 15, 11 ], "texture": "#1", "cullface": "west" }
			}
		},
		{
			"from": [ -0.25, 13, 1 ],
			"to": [ 0, 15.875, 15 ],
			"faces": {
				"down": { "uv": [ 1, 2, 15, 2.25 ], "texture": "#1", "cullface": "west", "rotation": 270 },
				"up": { "uv": [ 1, 2, 15, 2.25 ], "texture": "#1", "cullface": "west", "rotation": 270 },
				"north": { "uv": [ 1, 0, 1.25, 3 ], "texture": "#1", "cullface": "west" },
				"south": { "uv": [ 1, 0, 1.25, 3 ], "texture": "#1", "cullface": "west" },
				"west": { "uv": [ 1, 0.125, 15, 3 ], "texture": "#1", "cullface": "west" }
			}
		},
		{
			"from": [ 16, 1, 1 ],
			"to": [ 16.25, 4, 15 ],
			"faces": {
				"down": { "uv": [ 1, 2, 15, 2.25 ], "texture": "#1", "cullface": "east", "rotation": 90 },
				"up": { "uv": [ 1, 2, 15, 2.25 ], "texture": "#1", "cullface": "east", "rotation": 90 },
				"north": { "uv": [ 1, 0, 1.25, 3 ], "texture": "#1", "cullface": "east" },
				"south": { "uv": [ 1, 0, 1.25, 3 ], "texture": "#1", "cullface": "east" },
				"east": { "uv": [ 1, 12, 15, 15 ], "texture": "#1", "cullface": "east" }
			}
		},
		{
			"from": [ 16, 9, 1 ],
			"to": [ 16.25, 12, 15 ],
			"faces": {
				"down": { "uv": [ 1, 2, 15, 2.25 ], "texture": "#1", "cullface": "east", "rotation": 90 },
				"up": { "uv": [ 1, 2, 15, 2.25 ], "texture": "#1", "cullface": "east", "rotation": 90 },
				"north": { "uv": [ 1, 0, 1.25, 3 ], "texture": "#1", "cullface": "east" },
				"south": { "uv": [ 1, 0, 1.25, 3 ], "texture": "#1", "cullface": "east" },
				"east": { "uv": [ 1, 4, 15, 7 ], "texture": "#1", "cullface": "east" }
			}
		},
		{
			"from": [ 16, 4.99, 1 ],
			"to": [ 16.25, 7.99, 15 ],
			"faces": {
				"down": { "uv": [ 1, 2, 15, 2.25 ], "texture": "#1", "cullface": "east", "rotation": 90 },
				"up": { "uv": [ 1, 2, 15, 2.25 ], "texture": "#1", "cullface": "east", "rotation": 90 },
				"north": { "uv": [ 1, 0, 1.25, 3 ], "texture": "#1", "cullface": "east" },
				"south": { "uv": [ 1, 0, 1.25, 3 ], "texture": "#1", "cullface": "east" },
				"east": { "uv": [ 1, 8, 15, 11 ], "texture": "#1", "cullface": "east" }
			}
		},
		{
			"from": [ 16, 13, 1 ],
			"to": [ 16.25, 15.875, 15 ],
			"faces": {
				"down": { "uv": [ 1, 2, 15, 2.25 ], "texture": "#1", "cullface": "east", "rotation": 90 },
				"up": { "uv": [ 1, 2, 15, 2.25 ], "texture": "#1", "cullface": "east", "rotation": 90 },
				"north": { "uv": [ 1, 0, 1.25, 3 ], "texture": "#1", "cullface": "east" },
				"south": { "uv": [ 1, 0, 1.25, 3 ], "texture": "#1", "cullface": "east" },
				"east": { "uv": [ 1, 0.125, 15, 3 ], "texture": "#1", "cullface": "east" }
			}
		},
		{
			"from": [ 1, 1, 16 ],
			"to": [ 15, 4, 16.25 ],
			"faces": {
				"down": { "uv": [ 1, 2, 15, 2.25 ], "texture": "#1", "cullface": "south" },
				"up": { "uv": [ 1, 2, 15, 2.25 ], "texture": "#1", "cullface": "south", "rotation": 180 },
				"south": { "uv": [ 1, 12, 15, 15 ], "texture": "#1", "cullface": "south" },
				"west": { "uv": [ 1, 0, 1.25, 3 ], "texture": "#1", "cullface": "south" },
				"east": { "uv": [ 1, 0, 1.25, 3 ], "texture": "#1", "cullface": "south" }
			}
		},
		{
			"from": [ 1, 9, 16 ],
			"to": [ 15, 12, 16.25 ],
			"faces": {
				"down": { "uv": [ 1, 2, 15, 2.25 ], "texture": "#1", "cullface": "south" },
				"up": { "uv": [ 1, 2, 15, 2.25 ], "texture": "#1", "cullface": "south", "rotation": 180 },
				"south": { "uv": [ 1, 4, 15, 7 ], "texture": "#1", "cullface": "south" },
				"west": { "uv": [ 1, 0, 1.25, 3 ], "texture": "#1", "cullface": "south" },
				"east": { "uv": [ 1, 0, 1.25, 3 ], "texture": "#1", "cullface": "south" }
			}
		},
		{
			"from": [ 1, 4.99, 16 ],
			"to": [ 15, 7.99, 16.25 ],
			"faces": {
				"down": { "uv": [ 1, 2, 15, 2.25 ], "texture": "#1", "cullface": "south" },
				"up": { "uv": [ 1, 2, 15, 2.25 ], "texture": "#1", "cullface": "south", "rotation": 180 },
				"south": { "uv": [ 1, 8, 15, 11 ], "texture": "#1", "cullface": "south" },
				"west": { "uv": [ 1, 0, 1.25, 3 ], "texture": "#1", "cullface": "south" },
				"east": { "uv": [ 1, 0, 1.25, 3 ], "texture": "#1", "cullface": "south" }
			}
		},
		{
			"from": [ 1, 13, 16 ],
			"to": [ 15, 15.875, 16.25 ],
			"faces": {
				"down": { "uv": [ 1, 2, 15, 2.25 ], "texture": "#1", "cullface": "south" },
				"up": { "uv": [ 1, 2, 15, 2.25 ], "texture": "#1", "cullface": "south", "rotation": 180 },
				"south": { "uv": [ 1, 0.125, 15, 3 ], "texture": "#1", "cullface": "south" },
				"west": { "uv": [ 1, 0, 1.25, 3 ], "texture": "#1", "cullface": "south" },
				"east": { "uv": [ 1, 0, 1.25, 3 ], "texture": "#1", "cullface": "south" }
			}
		},
		{
			"from": [ 1, 1, -0.25 ],
			"to": [ 15, 4, 0 ],
			"faces": {
				"down": { "uv": [ 15, 2.25, 1, 2 ], "texture": "#0", "cullface": "north" },
				"up": { "uv": [ 15, 2.25, 1, 2 ], "texture": "#0", "cullface": "north", "rotation": 180 },
				"north": { "uv": [ 1, 12, 15, 15 ], "texture": "#0", "cullface": "north" },
				"west": { "uv": [ 1, 0, 1.25, 3 ], "texture": "#0", "cullface": "north" },
				"east": { "uv": [ 1, 0, 1.25, 3 ], "texture": "#0", "cullface": "north" }
			}
		},
		{
			"from": [ 1, 9, -0.25 ],
			"to": [ 15, 12, 0 ],
			"faces": {
				"down": { "uv": [ 15, 2.25, 1, 2 ], "texture": "#0", "cullface": "north" },
				"up": { "uv": [ 15, 2.25, 1, 2 ], "texture": "#0", "cullface": "north", "rotation": 180 },
				"north": { "uv": [ 1, 4, 15, 7 ], "texture": "#0", "cullface": "north" },
				"west": { "uv": [ 1, 0, 1.25, 3 ], "texture": "#0", "cullface": "north" },
				"east": { "uv": [ 1, 0, 1.25, 3 ], "texture": "#0", "cullface": "north" }
			}
		},
		{
			"from": [ 1, 4.99, -0.25 ],
			"to": [ 15, 7.99, 0 ],
			"faces": {
				"down": { "uv": [ 15, 2.25, 1, 2 ], "texture": "#0", "cullface": "north" },
				"up": { "uv": [ 15, 2.25, 1, 2 ], "texture": "#0", "cullface": "north", "rotation": 180 },
				"north": { "uv": [ 1, 8, 15, 11 ], "texture": "#0", "cullface": "north" },
				"west": { "uv": [ 1, 0, 1.25, 3 ], "texture": "#0", "cullface": "north" },
				"east": { "uv": [ 1, 0, 1.25, 3 ], "texture": "#0", "cullface": "north" }
			}
		},
		{
			"from": [ 1, 13, -0.25 ],
			"to": [ 15, 15.875, 0 ],
			"faces": {
				"down": { "uv": [ 15, 2.25, 1, 2 ], "texture": "#0", "cullface": "north" },
				"up": { "uv": [ 15, 2.25, 1, 2 ], "texture": "#0", "cullface": "north", "rotation": 180 },
				"north": { "uv": [ 1, 0.125, 15, 3 ], "texture": "#0", "cullface": "north" },
				"west": { "uv": [ 1, 0, 1.25, 3 ], "texture": "#0", "cullface": "north" },
				"east": { "uv": [ 1, 0, 1.25, 3 ], "texture": "#0", "cullface": "north" }
			}
		}
	]
}