{
	"__comment": "Designed by CreatorLabs with Cubik Studio - https://cubik.studio",
	"textures": {
		"0": "blocks/door_dark_oak_lower",
		"particle": "blocks/door_dark_oak_lower"
	},
	"elements": [ 	 
		{
			"from": [ -0.003, -0.007, -0.021 ],
			"to": [ 3.003, 2.999, 16.011 ],
			"faces": {
				"down": { "uv": [ 7, 0, 10, 16 ], "texture": "#0", "cullface": "down" },
				"up": { "uv": [ 7, 0, 10, 16 ], "texture": "#0" },
				"north": { "uv": [ 7, 13, 10, 16 ], "texture": "#0", "cullface": "north" },
				"south": { "uv": [ 7, 13, 10, 16 ], "texture": "#0", "cullface": "south" },
				"west": { "uv": [ 0, 13, 16, 16 ], "texture": "#0", "cullface": "west" },
				"east": { "uv": [ 0, 13, 16, 16 ], "texture": "#0" }
			}
		},
		{
			"from": [ -0.003, 2.999, -0.021 ],
			"to": [ 3.003, 11.015, 2.985 ],
			"faces": {
				"north": { "uv": [ 3, 4, 6, 12 ], "texture": "#0", "cullface": "north" },
				"south": { "uv": [ 3, 2, 6, 10 ], "texture": "#0" },
				"west": { "uv": [ 0, 1, 3, 9 ], "texture": "#0", "cullface": "west" },
				"east": { "uv": [ 13, 4, 16, 12 ], "texture": "#0" }
			}
		},
		{
			"from": [ -0.003, 14.021, -0.021 ],
			"to": [ 3.003, 16.025, 7.995 ],
			"faces": {
				"down": { "uv": [ 13, 0, 16, 8 ], "texture": "#0" },
				"north": { "uv": [ 3, 2, 6, 4 ], "texture": "#0", "cullface": "north" },
				"south": { "uv": [ 10, 5, 13, 7 ], "texture": "#0" },
				"west": { "uv": [ 11, 4, 13, 12 ], "texture": "#0", "cullface": "west", "rotation": 90 },
				"east": { "uv": [ 10, 2, 12, 10 ], "texture": "#0", "rotation": 90 }
			}
		},
		{
			"from": [ -0.003, 2.999, 5.991 ],
			"to": [ 3.003, 14.021, 9.999 ],
			"faces": {
				"north": { "uv": [ 3, 2, 6, 13 ], "texture": "#0" },
				"south": { "uv": [ 10, 2, 13, 13 ], "texture": "#0" },
				"west": { "uv": [ 6, 2, 10, 13 ], "texture": "#0", "cullface": "west" },
				"east": { "uv": [ 6, 2, 10, 13 ], "texture": "#0" }
			}
		},
		{
			"from": [ 0.999, 2.999, 2.985 ],
			"to": [ 2.001, 14.021, 5.991 ],
			"faces": {
				"west": { "uv": [ 3, 2, 6, 13 ], "texture": "#0", "cullface": "west" },
				"east": { "uv": [ 10, 2, 13, 13 ], "texture": "#0" }
			}
		},
		{
			"from": [ 0.999, 2.999, 9.999 ],
			"to": [ 2.001, 14.021, 13.005 ],
			"faces": {
				"west": { "uv": [ 10, 2, 13, 13 ], "texture": "#0", "cullface": "west" },
				"east": { "uv": [ 3, 2, 6, 13 ], "texture": "#0" }
			}
		},
		{
			"from": [ -0.003, 11.015, -0.021 ],
			"to": [ 3.003, 14.021, 2.985 ],
			"faces": {
				"north": { "uv": [ 3, 2, 6, 5 ], "texture": "#0", "cullface": "north" },
				"south": { "uv": [ 3, 2, 6, 5 ], "texture": "#0" },
				"west": { "uv": [ 0, 1, 3, 4 ], "texture": "#0", "cullface": "west" },
				"east": { "uv": [ 13, 2, 16, 5 ], "texture": "#0" }
			}
		},
		{
			"from": [ -0.003, 11.015, 13.005 ],
			"to": [ 3.003, 14.021, 16.011 ],
			"faces": {
				"north": { "uv": [ 3, 3, 6, 6 ], "texture": "#0" },
				"south": { "uv": [ 3, 2, 6, 5 ], "texture": "#0", "cullface": "south" },
				"west": { "uv": [ 0, 1, 3, 4 ], "texture": "#0", "cullface": "west" },
				"east": { "uv": [ 0, 1, 3, 4 ], "texture": "#0" }
			}
		},
		{
			"from": [ -0.003, 2.999, 13.005 ],
			"to": [ 3.003, 11.015, 16.011 ],
			"faces": {
				"north": { "uv": [ 10, 2, 13, 10 ], "texture": "#0" },
				"south": { "uv": [ 3, 2, 6, 10 ], "texture": "#0", "cullface": "south" },
				"west": { "uv": [ 0, 1, 3, 9 ], "texture": "#0", "cullface": "west" },
				"east": { "uv": [ 0, 2, 3, 10 ], "texture": "#0" }
			}
		},
		{
			"from": [ -0.003, 14.021, 7.995 ],
			"to": [ 3.003, 16.025, 16.011 ],
			"faces": {
				"down": { "uv": [ 13, 0, 16, 8 ], "texture": "#0" },
				"north": { "uv": [ 3, 2, 6, 4 ], "texture": "#0" },
				"south": { "uv": [ 10, 5, 13, 7 ], "texture": "#0", "cullface": "south" },
				"west": { "uv": [ 4, 3, 6, 11 ], "texture": "#0", "cullface": "west", "rotation": 90 },
				"east": { "uv": [ 3, 5, 5, 13 ], "texture": "#0", "rotation": 90 }
			}
		},
		{
			"from": [ 0.999, 2.999, -0.522 ],
			"to": [ 2.001, 5.003, -0.02100003 ],
			"faces": {
				"down": { "uv": [ 0, 11, 1, 11.5 ], "texture": "#0", "cullface": "north" },
				"up": { "uv": [ 0, 10, 1, 10.5 ], "texture": "#0", "cullface": "north" },
				"north": { "uv": [ 0, 10, 1, 12 ], "texture": "#0", "cullface": "north" },
				"west": { "uv": [ 0, 10, 0.5, 12 ], "texture": "#0", "cullface": "north" },
				"east": { "uv": [ 0, 10, 0.5, 12 ], "texture": "#0", "cullface": "north" }
			}
		},
		{
			"from": [ 0.999, 15.023, -0.522 ],
			"to": [ 2.001, 16.025, -0.02100003 ],
			"faces": {
				"down": { "uv": [ 0, 10, 1, 11 ], "texture": "#0", "cullface": "north" },
				"up": { "uv": [ 0, 10, 1, 11 ], "texture": "#0", "cullface": "north" },
				"north": { "uv": [ 0, 10, 1, 11 ], "texture": "#0", "cullface": "north" },
				"west": { "uv": [ 0, 10, 1, 11 ], "texture": "#0", "cullface": "north" },
				"east": { "uv": [ 0, 10, 1, 11 ], "texture": "#0", "cullface": "north" }
			}
		},
		{
			"from": [ -1.005, 15.023, 11.001 ],
			"to": [ -0.003000021, 16.025, 12.003 ],
			"faces": {
				"down": { "uv": [ 11, 0, 12, 1 ], "texture": "#0", "cullface": "west" },
				"up": { "uv": [ 11, 0, 12, 1 ], "texture": "#0", "cullface": "west" },
				"north": { "uv": [ 11, 0, 12, 1 ], "texture": "#0", "cullface": "west" },
				"south": { "uv": [ 11, 0, 12, 1 ], "texture": "#0", "cullface": "west" },
				"west": { "uv": [ 11, 0, 12, 1 ], "texture": "#0", "cullface": "west" }
			}
		},
		{
			"from": [ 3.003, 15.023, 11.001 ],
			"to": [ 4.005, 16.025, 12.003 ],
			"faces": {
				"down": { "uv": [ 12, 1, 11, 0 ], "texture": "#0" },
				"up": { "uv": [ 12, 1, 11, 0 ], "texture": "#0" },
				"north": { "uv": [ 11, 0, 12, 1 ], "texture": "#0" },
				"south": { "uv": [ 11, 0, 12, 1 ], "texture": "#0" },
				"east": { "uv": [ 11, 0, 12, 1 ], "texture": "#0" }
			}
		}
	]
}