{
	"__comment": "Designed by CreatorLabs with Cubik Studio - https://cubik.studio - Download 3D CreatorCraft at https://www.planetminecraft.com/texture_pack/3d-creatorcraft/",
	"parent": "item/parents/plant",
	"textures": {
		"bush": "3d_decoration/deadbush",
		"particle": "3d_decoration/deadbush"
	},
	"elements": [ 	 
		{
			"from": [ 8, 0, 8 ],
			"to": [ 9, 16, 9 ],
			"faces": {
				"down": { "uv": [ 8, 7, 9, 8 ], "texture": "#bush" },
				"up": { "uv": [ 8, 8, 9, 9 ], "texture": "#bush" },
				"north": { "uv": [ 7, 0, 8, 16 ], "texture": "#bush" },
				"south": { "uv": [ 8, 0, 9, 16 ], "texture": "#bush" },
				"west": { "uv": [ 8, 0, 9, 16 ], "texture": "#bush" },
				"east": { "uv": [ 7, 0, 8, 16 ], "texture": "#bush" }
			}
		},
		{
			"from": [ 7, 11, 8 ],
			"to": [ 8, 14, 9 ],
			"faces": {
				"down": { "uv": [ 7, 7, 8, 8 ], "texture": "#bush" },
				"up": { "uv": [ 7, 8, 8, 9 ], "texture": "#bush" },
				"north": { "uv": [ 8, 2, 9, 5 ], "texture": "#bush" },
				"south": { "uv": [ 7, 2, 8, 5 ], "texture": "#bush" },
				"west": { "uv": [ 8, 2, 9, 5 ], "texture": "#bush" },
				"east": { "uv": [ 7, 2, 8, 5 ], "texture": "#bush" }
			}
		},
		{
			"from": [ 12, 9, 7 ],
			"to": [ 13, 14, 8 ],
			"faces": {
				"down": { "uv": [ 12, 8, 13, 9 ], "texture": "#bush" },
				"up": { "uv": [ 12, 7, 13, 8 ], "texture": "#bush" },
				"north": { "uv": [ 3, 2, 4, 7 ], "texture": "#bush" },
				"south": { "uv": [ 12, 2, 13, 7 ], "texture": "#bush" },
				"west": { "uv": [ 7, 2, 8, 7 ], "texture": "#bush" },
				"east": { "uv": [ 8, 2, 9, 7 ], "texture": "#bush" }
			}
		},
		{
			"from": [ 13, 12, 7 ],
			"to": [ 14, 13, 8 ],
			"faces": {
				"down": { "uv": [ 13, 8, 14, 9 ], "texture": "#bush" },
				"up": { "uv": [ 13, 7, 14, 8 ], "texture": "#bush" },
				"north": { "uv": [ 2, 3, 3, 4 ], "texture": "#bush" },
				"south": { "uv": [ 13, 3, 14, 4 ], "texture": "#bush" },
				"west": { "uv": [ 7, 3, 8, 4 ], "texture": "#bush" },
				"east": { "uv": [ 8, 3, 9, 4 ], "texture": "#bush" }
			}
		},
		{
			"from": [ 3, 11, 9 ],
			"to": [ 5, 12, 10 ],
			"faces": {
				"down": { "uv": [ 3, 6, 5, 7 ], "texture": "#bush" },
				"up": { "uv": [ 3, 9, 5, 10 ], "texture": "#bush" },
				"north": { "uv": [ 11, 4, 13, 5 ], "texture": "#bush" },
				"south": { "uv": [ 3, 4, 5, 5 ], "texture": "#bush" },
				"west": { "uv": [ 9, 4, 10, 5 ], "texture": "#bush" },
				"east": { "uv": [ 6, 4, 7, 5 ], "texture": "#bush" }
			}
		},
		{
			"from": [ 9, 10, 7 ],
			"to": [ 12, 12, 8 ],
			"faces": {
				"down": { "uv": [ 9, 8, 12, 9 ], "texture": "#bush" },
				"up": { "uv": [ 9, 7, 12, 8 ], "texture": "#bush" },
				"north": { "uv": [ 4, 4, 7, 6 ], "texture": "#bush" },
				"south": { "uv": [ 9, 4, 12, 6 ], "texture": "#bush" },
				"west": { "uv": [ 7, 4, 8, 6 ], "texture": "#bush" },
				"east": { "uv": [ 8, 4, 9, 6 ], "texture": "#bush" }
			}
		},
		{
			"from": [ 4, 10, 9 ],
			"to": [ 6, 11, 10 ],
			"faces": {
				"down": { "uv": [ 4, 6, 6, 7 ], "texture": "#bush" },
				"up": { "uv": [ 4, 9, 6, 10 ], "texture": "#bush" },
				"north": { "uv": [ 10, 5, 12, 6 ], "texture": "#bush" },
				"south": { "uv": [ 4, 5, 6, 6 ], "texture": "#bush" },
				"west": { "uv": [ 9, 5, 10, 6 ], "texture": "#bush" },
				"east": { "uv": [ 6, 5, 7, 6 ], "texture": "#bush" }
			}
		},
		{
			"from": [ 13, 10, 7 ],
			"to": [ 14, 11, 8 ],
			"faces": {
				"down": { "uv": [ 13, 8, 14, 9 ], "texture": "#bush" },
				"up": { "uv": [ 13, 7, 14, 8 ], "texture": "#bush" },
				"north": { "uv": [ 2, 5, 3, 6 ], "texture": "#bush" },
				"south": { "uv": [ 13, 5, 14, 6 ], "texture": "#bush" },
				"west": { "uv": [ 7, 5, 8, 6 ], "texture": "#bush" },
				"east": { "uv": [ 8, 5, 9, 6 ], "texture": "#bush" }
			}
		},
		{
			"from": [ 5, 9, 8 ],
			"to": [ 8, 10, 9 ],
			"faces": {
				"down": { "uv": [ 5, 7, 8, 8 ], "texture": "#bush" },
				"up": { "uv": [ 5, 8, 8, 9 ], "texture": "#bush" },
				"north": { "uv": [ 8, 6, 11, 7 ], "texture": "#bush" },
				"south": { "uv": [ 5, 6, 8, 7 ], "texture": "#bush" },
				"west": { "uv": [ 8, 6, 9, 7 ], "texture": "#bush" },
				"east": { "uv": [ 7, 6, 8, 7 ], "texture": "#bush" }
			}
		},
		{
			"from": [ 9, 9, 8 ],
			"to": [ 11, 10, 9 ],
			"faces": {
				"down": { "uv": [ 9, 7, 11, 8 ], "texture": "#bush" },
				"up": { "uv": [ 9, 8, 11, 9 ], "texture": "#bush" },
				"north": { "uv": [ 5, 6, 7, 7 ], "texture": "#bush" },
				"south": { "uv": [ 9, 6, 11, 7 ], "texture": "#bush" },
				"west": { "uv": [ 8, 6, 9, 7 ], "texture": "#bush" },
				"east": { "uv": [ 7, 6, 8, 7 ], "texture": "#bush" }
			}
		},
		{
			"from": [ 6, 6, 8 ],
			"to": [ 8, 9, 9 ],
			"faces": {
				"down": { "uv": [ 6, 7, 8, 8 ], "texture": "#bush" },
				"up": { "uv": [ 6, 8, 8, 9 ], "texture": "#bush" },
				"north": { "uv": [ 8, 7, 10, 10 ], "texture": "#bush" },
				"south": { "uv": [ 6, 7, 8, 10 ], "texture": "#bush" },
				"west": { "uv": [ 8, 7, 9, 10 ], "texture": "#bush" },
				"east": { "uv": [ 7, 7, 8, 10 ], "texture": "#bush" }
			}
		},
		{
			"from": [ 9, 8, 8 ],
			"to": [ 10, 9, 9 ],
			"faces": {
				"down": { "uv": [ 9, 7, 10, 8 ], "texture": "#bush" },
				"up": { "uv": [ 9, 8, 10, 9 ], "texture": "#bush" },
				"north": { "uv": [ 6, 7, 7, 8 ], "texture": "#bush" },
				"south": { "uv": [ 9, 7, 10, 8 ], "texture": "#bush" },
				"west": { "uv": [ 8, 7, 9, 8 ], "texture": "#bush" },
				"east": { "uv": [ 7, 7, 8, 8 ], "texture": "#bush" }
			}
		},
		{
			"from": [ 5, 5, 7 ],
			"to": [ 6, 8, 8 ],
			"faces": {
				"down": { "uv": [ 5, 8, 6, 9 ], "texture": "#bush" },
				"up": { "uv": [ 5, 7, 6, 8 ], "texture": "#bush" },
				"north": { "uv": [ 10, 8, 11, 11 ], "texture": "#bush" },
				"south": { "uv": [ 5, 8, 6, 11 ], "texture": "#bush" },
				"west": { "uv": [ 7, 8, 8, 11 ], "texture": "#bush" },
				"east": { "uv": [ 8, 8, 9, 11 ], "texture": "#bush" }
			}
		},
		{
			"from": [ 11, 6, 8 ],
			"to": [ 12, 8, 9 ],
			"faces": {
				"down": { "uv": [ 11, 7, 12, 8 ], "texture": "#bush" },
				"up": { "uv": [ 11, 8, 12, 9 ], "texture": "#bush" },
				"north": { "uv": [ 4, 8, 5, 10 ], "texture": "#bush" },
				"south": { "uv": [ 11, 8, 12, 10 ], "texture": "#bush" },
				"west": { "uv": [ 8, 8, 9, 10 ], "texture": "#bush" },
				"east": { "uv": [ 7, 8, 8, 10 ], "texture": "#bush" }
			}
		},
		{
			"from": [ 1, 6, 7 ],
			"to": [ 5, 7, 8 ],
			"faces": {
				"down": { "uv": [ 1, 8, 5, 9 ], "texture": "#bush" },
				"up": { "uv": [ 1, 7, 5, 8 ], "texture": "#bush" },
				"north": { "uv": [ 11, 9, 15, 10 ], "texture": "#bush" },
				"south": { "uv": [ 1, 9, 5, 10 ], "texture": "#bush" },
				"west": { "uv": [ 7, 9, 8, 10 ], "texture": "#bush" },
				"east": { "uv": [ 8, 9, 9, 10 ], "texture": "#bush" }
			}
		},
		{
			"from": [ 9, 4, 8 ],
			"to": [ 11, 7, 9 ],
			"faces": {
				"down": { "uv": [ 9, 7, 11, 8 ], "texture": "#bush" },
				"up": { "uv": [ 9, 8, 11, 9 ], "texture": "#bush" },
				"north": { "uv": [ 5, 9, 7, 12 ], "texture": "#bush" },
				"south": { "uv": [ 9, 9, 11, 12 ], "texture": "#bush" },
				"west": { "uv": [ 8, 9, 9, 12 ], "texture": "#bush" },
				"east": { "uv": [ 7, 9, 8, 12 ], "texture": "#bush" }
			}
		},
		{
			"from": [ 12, 5, 9 ],
			"to": [ 14, 7, 10 ],
			"faces": {
				"down": { "uv": [ 12, 6, 14, 7 ], "texture": "#bush" },
				"up": { "uv": [ 12, 9, 14, 10 ], "texture": "#bush" },
				"north": { "uv": [ 2, 9, 4, 11 ], "texture": "#bush" },
				"south": { "uv": [ 12, 9, 14, 11 ], "texture": "#bush" },
				"west": { "uv": [ 9, 9, 10, 11 ], "texture": "#bush" },
				"east": { "uv": [ 6, 9, 7, 11 ], "texture": "#bush" }
			}
		},
		{
			"from": [ 3, 5, 7 ],
			"to": [ 5, 6, 8 ],
			"faces": {
				"down": { "uv": [ 3, 8, 5, 9 ], "texture": "#bush" },
				"up": { "uv": [ 3, 7, 5, 8 ], "texture": "#bush" },
				"north": { "uv": [ 11, 10, 13, 11 ], "texture": "#bush" },
				"south": { "uv": [ 3, 10, 5, 11 ], "texture": "#bush" },
				"west": { "uv": [ 7, 10, 8, 11 ], "texture": "#bush" },
				"east": { "uv": [ 8, 10, 9, 11 ], "texture": "#bush" }
			}
		},
		{
			"from": [ 7, 5, 8 ],
			"to": [ 8, 6, 9 ],
			"faces": {
				"down": { "uv": [ 7, 7, 8, 8 ], "texture": "#bush" },
				"up": { "uv": [ 7, 8, 8, 9 ], "texture": "#bush" },
				"north": { "uv": [ 8, 10, 9, 11 ], "texture": "#bush" },
				"south": { "uv": [ 7, 10, 8, 11 ], "texture": "#bush" },
				"west": { "uv": [ 8, 10, 9, 11 ], "texture": "#bush" },
				"east": { "uv": [ 7, 10, 8, 11 ], "texture": "#bush" }
			}
		},
		{
			"from": [ 14, 4, 9 ],
			"to": [ 15, 6, 10 ],
			"faces": {
				"down": { "uv": [ 14, 6, 15, 7 ], "texture": "#bush" },
				"up": { "uv": [ 14, 9, 15, 10 ], "texture": "#bush" },
				"north": { "uv": [ 1, 10, 2, 12 ], "texture": "#bush" },
				"south": { "uv": [ 14, 10, 15, 12 ], "texture": "#bush" },
				"west": { "uv": [ 9, 10, 10, 12 ], "texture": "#bush" },
				"east": { "uv": [ 6, 10, 7, 12 ], "texture": "#bush" }
			}
		},
		{
			"from": [ 4, 3, 8 ],
			"to": [ 5, 5, 9 ],
			"faces": {
				"down": { "uv": [ 4, 7, 5, 8 ], "texture": "#bush" },
				"up": { "uv": [ 4, 8, 5, 9 ], "texture": "#bush" },
				"north": { "uv": [ 11, 11, 12, 13 ], "texture": "#bush" },
				"south": { "uv": [ 4, 11, 5, 13 ], "texture": "#bush" },
				"west": { "uv": [ 8, 11, 9, 13 ], "texture": "#bush" },
				"east": { "uv": [ 7, 11, 8, 13 ], "texture": "#bush" }
			}
		},
		{
			"from": [ 7, 0, 8 ],
			"to": [ 8, 4, 9 ],
			"faces": {
				"down": { "uv": [ 7, 7, 8, 8 ], "texture": "#bush" },
				"up": { "uv": [ 7, 8, 8, 9 ], "texture": "#bush" },
				"north": { "uv": [ 8, 12, 9, 16 ], "texture": "#bush" },
				"south": { "uv": [ 7, 12, 8, 16 ], "texture": "#bush" },
				"west": { "uv": [ 8, 12, 9, 16 ], "texture": "#bush" },
				"east": { "uv": [ 7, 12, 8, 16 ], "texture": "#bush" }
			}
		},
		{
			"from": [ 9, 0, 8 ],
			"to": [ 10, 4, 9 ],
			"faces": {
				"down": { "uv": [ 9, 7, 10, 8 ], "texture": "#bush" },
				"up": { "uv": [ 9, 8, 10, 9 ], "texture": "#bush" },
				"north": { "uv": [ 6, 12, 7, 16 ], "texture": "#bush" },
				"south": { "uv": [ 9, 12, 10, 16 ], "texture": "#bush" },
				"west": { "uv": [ 8, 12, 9, 16 ], "texture": "#bush" },
				"east": { "uv": [ 7, 12, 8, 16 ], "texture": "#bush" }
			}
		},
		{
			"from": [ 8, 11, 7 ],
			"to": [ 9, 14, 8 ],
			"faces": {
				"down": { "uv": [ 8, 8, 9, 9 ], "texture": "#bush" },
				"up": { "uv": [ 8, 7, 9, 8 ], "texture": "#bush" },
				"north": { "uv": [ 7, 2, 8, 5 ], "texture": "#bush" },
				"south": { "uv": [ 8, 2, 9, 5 ], "texture": "#bush" },
				"west": { "uv": [ 7, 2, 8, 5 ], "texture": "#bush" },
				"east": { "uv": [ 8, 2, 9, 5 ], "texture": "#bush" }
			}
		},
		{
			"from": [ 9, 9, 12 ],
			"to": [ 10, 14, 13 ],
			"faces": {
				"down": { "uv": [ 9, 3, 10, 4 ], "texture": "#bush" },
				"up": { "uv": [ 9, 12, 10, 13 ], "texture": "#bush" },
				"north": { "uv": [ 6, 2, 7, 7 ], "texture": "#bush" },
				"south": { "uv": [ 9, 2, 10, 7 ], "texture": "#bush" },
				"west": { "uv": [ 12, 2, 13, 7 ], "texture": "#bush" },
				"east": { "uv": [ 3, 2, 4, 7 ], "texture": "#bush" }
			}
		},
		{
			"from": [ 9, 12, 13 ],
			"to": [ 10, 13, 14 ],
			"faces": {
				"down": { "uv": [ 9, 2, 10, 3 ], "texture": "#bush" },
				"up": { "uv": [ 9, 13, 10, 14 ], "texture": "#bush" },
				"north": { "uv": [ 6, 3, 7, 4 ], "texture": "#bush" },
				"south": { "uv": [ 9, 3, 10, 4 ], "texture": "#bush" },
				"west": { "uv": [ 13, 3, 14, 4 ], "texture": "#bush" },
				"east": { "uv": [ 2, 3, 3, 4 ], "texture": "#bush" }
			}
		},
		{
			"from": [ 7, 11, 3 ],
			"to": [ 8, 12, 5 ],
			"faces": {
				"down": { "uv": [ 7, 11, 8, 13 ], "texture": "#bush" },
				"up": { "uv": [ 7, 3, 8, 5 ], "texture": "#bush" },
				"north": { "uv": [ 8, 4, 9, 5 ], "texture": "#bush" },
				"south": { "uv": [ 7, 4, 8, 5 ], "texture": "#bush" },
				"west": { "uv": [ 3, 4, 5, 5 ], "texture": "#bush" },
				"east": { "uv": [ 11, 4, 13, 5 ], "texture": "#bush" }
			}
		},
		{
			"from": [ 9, 10, 9 ],
			"to": [ 10, 12, 12 ],
			"faces": {
				"down": { "uv": [ 9, 4, 10, 7 ], "texture": "#bush" },
				"up": { "uv": [ 9, 9, 10, 12 ], "texture": "#bush" },
				"north": { "uv": [ 6, 4, 7, 6 ], "texture": "#bush" },
				"south": { "uv": [ 9, 4, 10, 6 ], "texture": "#bush" },
				"west": { "uv": [ 9, 4, 12, 6 ], "texture": "#bush" },
				"east": { "uv": [ 4, 4, 7, 6 ], "texture": "#bush" }
			}
		},
		{
			"from": [ 7, 10, 4 ],
			"to": [ 8, 11, 6 ],
			"faces": {
				"down": { "uv": [ 7, 10, 8, 12 ], "texture": "#bush" },
				"up": { "uv": [ 7, 4, 8, 6 ], "texture": "#bush" },
				"north": { "uv": [ 8, 5, 9, 6 ], "texture": "#bush" },
				"south": { "uv": [ 7, 5, 8, 6 ], "texture": "#bush" },
				"west": { "uv": [ 4, 5, 6, 6 ], "texture": "#bush" },
				"east": { "uv": [ 10, 5, 12, 6 ], "texture": "#bush" }
			}
		},
		{
			"from": [ 9, 10, 13 ],
			"to": [ 10, 11, 14 ],
			"faces": {
				"down": { "uv": [ 9, 2, 10, 3 ], "texture": "#bush" },
				"up": { "uv": [ 9, 13, 10, 14 ], "texture": "#bush" },
				"north": { "uv": [ 6, 5, 7, 6 ], "texture": "#bush" },
				"south": { "uv": [ 9, 5, 10, 6 ], "texture": "#bush" },
				"west": { "uv": [ 13, 5, 14, 6 ], "texture": "#bush" },
				"east": { "uv": [ 2, 5, 3, 6 ], "texture": "#bush" }
			}
		},
		{
			"from": [ 8, 9, 5 ],
			"to": [ 9, 10, 8 ],
			"faces": {
				"down": { "uv": [ 8, 8, 9, 11 ], "texture": "#bush" },
				"up": { "uv": [ 8, 5, 9, 8 ], "texture": "#bush" },
				"north": { "uv": [ 7, 6, 8, 7 ], "texture": "#bush" },
				"south": { "uv": [ 8, 6, 9, 7 ], "texture": "#bush" },
				"west": { "uv": [ 5, 6, 8, 7 ], "texture": "#bush" },
				"east": { "uv": [ 8, 6, 11, 7 ], "texture": "#bush" }
			}
		},
		{
			"from": [ 8, 9, 9 ],
			"to": [ 9, 10, 11 ],
			"faces": {
				"down": { "uv": [ 8, 5, 9, 7 ], "texture": "#bush" },
				"up": { "uv": [ 8, 9, 9, 11 ], "texture": "#bush" },
				"north": { "uv": [ 7, 6, 8, 7 ], "texture": "#bush" },
				"south": { "uv": [ 8, 6, 9, 7 ], "texture": "#bush" },
				"west": { "uv": [ 9, 6, 11, 7 ], "texture": "#bush" },
				"east": { "uv": [ 5, 6, 7, 7 ], "texture": "#bush" }
			}
		},
		{
			"from": [ 8, 6, 6 ],
			"to": [ 9, 9, 8 ],
			"faces": {
				"down": { "uv": [ 8, 8, 9, 10 ], "texture": "#bush" },
				"up": { "uv": [ 8, 6, 9, 8 ], "texture": "#bush" },
				"north": { "uv": [ 7, 7, 8, 10 ], "texture": "#bush" },
				"south": { "uv": [ 8, 7, 9, 10 ], "texture": "#bush" },
				"west": { "uv": [ 6, 7, 8, 10 ], "texture": "#bush" },
				"east": { "uv": [ 8, 7, 10, 10 ], "texture": "#bush" }
			}
		},
		{
			"from": [ 8, 8, 9 ],
			"to": [ 9, 9, 10 ],
			"faces": {
				"down": { "uv": [ 8, 6, 9, 7 ], "texture": "#bush" },
				"up": { "uv": [ 8, 9, 9, 10 ], "texture": "#bush" },
				"north": { "uv": [ 7, 7, 8, 8 ], "texture": "#bush" },
				"south": { "uv": [ 8, 7, 9, 8 ], "texture": "#bush" },
				"west": { "uv": [ 9, 7, 10, 8 ], "texture": "#bush" },
				"east": { "uv": [ 6, 7, 7, 8 ], "texture": "#bush" }
			}
		},
		{
			"from": [ 9, 5, 5 ],
			"to": [ 10, 8, 6 ],
			"faces": {
				"down": { "uv": [ 9, 10, 10, 11 ], "texture": "#bush" },
				"up": { "uv": [ 9, 5, 10, 6 ], "texture": "#bush" },
				"north": { "uv": [ 6, 8, 7, 11 ], "texture": "#bush" },
				"south": { "uv": [ 9, 8, 10, 11 ], "texture": "#bush" },
				"west": { "uv": [ 5, 8, 6, 11 ], "texture": "#bush" },
				"east": { "uv": [ 10, 8, 11, 11 ], "texture": "#bush" }
			}
		},
		{
			"from": [ 8, 6, 11 ],
			"to": [ 9, 8, 12 ],
			"faces": {
				"down": { "uv": [ 8, 4, 9, 5 ], "texture": "#bush" },
				"up": { "uv": [ 8, 11, 9, 12 ], "texture": "#bush" },
				"north": { "uv": [ 7, 8, 8, 10 ], "texture": "#bush" },
				"south": { "uv": [ 8, 8, 9, 10 ], "texture": "#bush" },
				"west": { "uv": [ 11, 8, 12, 10 ], "texture": "#bush" },
				"east": { "uv": [ 4, 8, 5, 10 ], "texture": "#bush" }
			}
		},
		{
			"from": [ 9, 6, 1 ],
			"to": [ 10, 7, 5 ],
			"faces": {
				"down": { "uv": [ 9, 11, 10, 15 ], "texture": "#bush" },
				"up": { "uv": [ 9, 1, 10, 5 ], "texture": "#bush" },
				"north": { "uv": [ 6, 9, 7, 10 ], "texture": "#bush" },
				"south": { "uv": [ 9, 9, 10, 10 ], "texture": "#bush" },
				"west": { "uv": [ 1, 9, 5, 10 ], "texture": "#bush" },
				"east": { "uv": [ 11, 9, 15, 10 ], "texture": "#bush" }
			}
		},
		{
			"from": [ 8, 4, 9 ],
			"to": [ 9, 7, 11 ],
			"faces": {
				"down": { "uv": [ 8, 5, 9, 7 ], "texture": "#bush" },
				"up": { "uv": [ 8, 9, 9, 11 ], "texture": "#bush" },
				"north": { "uv": [ 7, 9, 8, 12 ], "texture": "#bush" },
				"south": { "uv": [ 8, 9, 9, 12 ], "texture": "#bush" },
				"west": { "uv": [ 9, 9, 11, 12 ], "texture": "#bush" },
				"east": { "uv": [ 5, 9, 7, 12 ], "texture": "#bush" }
			}
		},
		{
			"from": [ 7, 5, 12 ],
			"to": [ 8, 7, 14 ],
			"faces": {
				"down": { "uv": [ 7, 2, 8, 4 ], "texture": "#bush" },
				"up": { "uv": [ 7, 12, 8, 14 ], "texture": "#bush" },
				"north": { "uv": [ 8, 9, 9, 11 ], "texture": "#bush" },
				"south": { "uv": [ 7, 9, 8, 11 ], "texture": "#bush" },
				"west": { "uv": [ 12, 9, 14, 11 ], "texture": "#bush" },
				"east": { "uv": [ 2, 9, 4, 11 ], "texture": "#bush" }
			}
		},
		{
			"from": [ 9, 5, 3 ],
			"to": [ 10, 6, 5 ],
			"faces": {
				"down": { "uv": [ 9, 11, 10, 13 ], "texture": "#bush" },
				"up": { "uv": [ 9, 3, 10, 5 ], "texture": "#bush" },
				"north": { "uv": [ 6, 10, 7, 11 ], "texture": "#bush" },
				"south": { "uv": [ 9, 10, 10, 11 ], "texture": "#bush" },
				"west": { "uv": [ 3, 10, 5, 11 ], "texture": "#bush" },
				"east": { "uv": [ 11, 10, 13, 11 ], "texture": "#bush" }
			}
		},
		{
			"from": [ 8, 5, 7 ],
			"to": [ 9, 6, 8 ],
			"faces": {
				"down": { "uv": [ 8, 8, 9, 9 ], "texture": "#bush" },
				"up": { "uv": [ 8, 7, 9, 8 ], "texture": "#bush" },
				"north": { "uv": [ 7, 10, 8, 11 ], "texture": "#bush" },
				"south": { "uv": [ 8, 10, 9, 11 ], "texture": "#bush" },
				"west": { "uv": [ 7, 10, 8, 11 ], "texture": "#bush" },
				"east": { "uv": [ 8, 10, 9, 11 ], "texture": "#bush" }
			}
		},
		{
			"from": [ 7, 4, 14 ],
			"to": [ 8, 6, 15 ],
			"faces": {
				"down": { "uv": [ 7, 1, 8, 2 ], "texture": "#bush" },
				"up": { "uv": [ 7, 14, 8, 15 ], "texture": "#bush" },
				"north": { "uv": [ 8, 10, 9, 12 ], "texture": "#bush" },
				"south": { "uv": [ 7, 10, 8, 12 ], "texture": "#bush" },
				"west": { "uv": [ 14, 10, 15, 12 ], "texture": "#bush" },
				"east": { "uv": [ 1, 10, 2, 12 ], "texture": "#bush" }
			}
		},
		{
			"from": [ 8, 3, 4 ],
			"to": [ 9, 5, 5 ],
			"faces": {
				"down": { "uv": [ 8, 11, 9, 12 ], "texture": "#bush" },
				"up": { "uv": [ 8, 4, 9, 5 ], "texture": "#bush" },
				"north": { "uv": [ 7, 11, 8, 13 ], "texture": "#bush" },
				"south": { "uv": [ 8, 11, 9, 13 ], "texture": "#bush" },
				"west": { "uv": [ 4, 11, 5, 13 ], "texture": "#bush" },
				"east": { "uv": [ 11, 11, 12, 13 ], "texture": "#bush" }
			}
		},
		{
			"from": [ 8, 0, 7 ],
			"to": [ 9, 4, 8 ],
			"faces": {
				"down": { "uv": [ 8, 8, 9, 9 ], "texture": "#bush" },
				"up": { "uv": [ 8, 7, 9, 8 ], "texture": "#bush" },
				"north": { "uv": [ 7, 12, 8, 16 ], "texture": "#bush" },
				"south": { "uv": [ 8, 12, 9, 16 ], "texture": "#bush" },
				"west": { "uv": [ 7, 12, 8, 16 ], "texture": "#bush" },
				"east": { "uv": [ 8, 12, 9, 16 ], "texture": "#bush" }
			}
		},
		{
			"from": [ 8, 0, 9 ],
			"to": [ 9, 4, 10 ],
			"faces": {
				"down": { "uv": [ 8, 6, 9, 7 ], "texture": "#bush" },
				"up": { "uv": [ 8, 9, 9, 10 ], "texture": "#bush" },
				"north": { "uv": [ 7, 12, 8, 16 ], "texture": "#bush" },
				"south": { "uv": [ 8, 12, 9, 16 ], "texture": "#bush" },
				"west": { "uv": [ 9, 12, 10, 16 ], "texture": "#bush" },
				"east": { "uv": [ 6, 12, 7, 16 ], "texture": "#bush" }
			}
		}
	]
}