{
	"__comment": "Designed by CreatorLabs with Cubik Studio - https://cubik.studio",
	"parent": "item/parents/flower_double",
	"textures": {
		"1": "3d_decoration/flower_syringa",
		"2": "3d_decoration/3d_flower_stem_1",
		"particle": "blocks/double_plant_syringa_top"
	},
	"elements": [ 	 
		{
			"from": [ 8, 0, 7.5 ],
			"to": [ 9, 10, 8.5 ],
			"faces": {
				"down": { "uv": [ 8, 8, 9, 9 ], "texture": "#2" },
				"up": { "uv": [ 8, 7, 9, 8 ], "texture": "#2" },
				"north": { "uv": [ 7, 6, 8, 16 ], "texture": "#2" },
				"south": { "uv": [ 8, 6, 9, 16 ], "texture": "#2" },
				"west": { "uv": [ 7, 6, 8, 16 ], "texture": "#2" },
				"east": { "uv": [ 9, 16, 8, 6 ], "texture": "#2" }
			}
		},
		{
			"from": [ 10, 0, 7.1 ],
			"to": [ 11, 1, 8.1 ],
			"faces": {
				"down": { "uv": [ 10, 8.4, 11, 9.4 ], "texture": "#2" },
				"up": { "uv": [ 10, 6.6, 11, 7.6 ], "texture": "#2" },
				"north": { "uv": [ 5, 15, 6, 16 ], "texture": "#2" },
				"south": { "uv": [ 10, 15, 11, 16 ], "texture": "#2" },
				"west": { "uv": [ 6.6, 15, 7.6, 16 ], "texture": "#2" },
				"east": { "uv": [ 9.4, 16, 8.4, 15 ], "texture": "#2" }
			}
		},
		{
			"from": [ 11, 1, 7.5 ],
			"to": [ 12, 2, 8.5 ],
			"faces": {
				"down": { "uv": [ 11, 8, 12, 9 ], "texture": "#2" },
				"up": { "uv": [ 11, 7, 12, 8 ], "texture": "#2" },
				"north": { "uv": [ 4, 14, 5, 15 ], "texture": "#2" },
				"south": { "uv": [ 11, 14, 12, 15 ], "texture": "#2" },
				"west": { "uv": [ 7, 14, 8, 15 ], "texture": "#2" },
				"east": { "uv": [ 9, 15, 8, 14 ], "texture": "#2" }
			}
		},
		{
			"from": [ 12, 1, 7.5 ],
			"to": [ 13, 2, 8.5 ],
			"faces": {
				"down": { "uv": [ 12, 8, 13, 9 ], "texture": "#2" },
				"up": { "uv": [ 12, 7, 13, 8 ], "texture": "#2" },
				"north": { "uv": [ 3, 14, 4, 15 ], "texture": "#2" },
				"south": { "uv": [ 12, 14, 13, 15 ], "texture": "#2" },
				"west": { "uv": [ 7, 14, 8, 15 ], "texture": "#2" },
				"east": { "uv": [ 9, 15, 8, 14 ], "texture": "#2" }
			}
		},
		{
			"from": [ 10, 6, 7.15 ],
			"to": [ 11, 7, 8.15 ],
			"faces": {
				"down": { "uv": [ 10, 8.35, 11, 9.35 ], "texture": "#2" },
				"up": { "uv": [ 10, 6.65, 11, 7.65 ], "texture": "#2" },
				"north": { "uv": [ 5, 9, 6, 10 ], "texture": "#2" },
				"south": { "uv": [ 10, 9, 11, 10 ], "texture": "#2" },
				"west": { "uv": [ 6.65, 9, 7.65, 10 ], "texture": "#2" },
				"east": { "uv": [ 9.35, 10, 8.35, 9 ], "texture": "#2" }
			}
		},
		{
			"from": [ 11, 6, 7.15 ],
			"to": [ 12, 7, 8.15 ],
			"faces": {
				"down": { "uv": [ 11, 8.35, 12, 9.35 ], "texture": "#2" },
				"up": { "uv": [ 11, 6.65, 12, 7.65 ], "texture": "#2" },
				"north": { "uv": [ 4, 9, 5, 10 ], "texture": "#2" },
				"south": { "uv": [ 11, 9, 12, 10 ], "texture": "#2" },
				"west": { "uv": [ 6.65, 9, 7.65, 10 ], "texture": "#2" },
				"east": { "uv": [ 9.35, 10, 8.35, 9 ], "texture": "#2" }
			}
		},
		{
			"from": [ 11, 7, 7.15 ],
			"to": [ 12, 8, 8.15 ],
			"faces": {
				"down": { "uv": [ 11, 8.35, 12, 9.35 ], "texture": "#2" },
				"up": { "uv": [ 11, 6.65, 12, 7.65 ], "texture": "#2" },
				"north": { "uv": [ 4, 8, 5, 9 ], "texture": "#2" },
				"south": { "uv": [ 11, 8, 12, 9 ], "texture": "#2" },
				"west": { "uv": [ 6.65, 8, 7.65, 9 ], "texture": "#2" },
				"east": { "uv": [ 9.35, 9, 8.35, 8 ], "texture": "#2" }
			}
		},
		{
			"from": [ 9, 5, 7.45 ],
			"to": [ 10, 6, 8.45 ],
			"faces": {
				"down": { "uv": [ 9, 8.05, 10, 9.05 ], "texture": "#2" },
				"up": { "uv": [ 9, 6.95, 10, 7.95 ], "texture": "#2" },
				"north": { "uv": [ 6, 10, 7, 11 ], "texture": "#2" },
				"south": { "uv": [ 9, 10, 10, 11 ], "texture": "#2" },
				"west": { "uv": [ 6.95, 10, 7.95, 11 ], "texture": "#2" },
				"east": { "uv": [ 9.05, 11, 8.05, 10 ], "texture": "#2" }
			}
		},
		{
			"from": [ 9, 4, 7.5 ],
			"to": [ 10, 5, 8.5 ],
			"faces": {
				"down": { "uv": [ 9, 8, 10, 9 ], "texture": "#2" },
				"up": { "uv": [ 9, 7, 10, 8 ], "texture": "#2" },
				"north": { "uv": [ 6, 11, 7, 12 ], "texture": "#2" },
				"south": { "uv": [ 9, 11, 10, 12 ], "texture": "#2" },
				"west": { "uv": [ 7, 11, 8, 12 ], "texture": "#2" },
				"east": { "uv": [ 9, 12, 8, 11 ], "texture": "#2" }
			}
		},
		{
			"from": [ 7, 3, 7.15 ],
			"to": [ 8, 4, 8.15 ],
			"faces": {
				"down": { "uv": [ 7, 8.35, 8, 9.35 ], "texture": "#2" },
				"up": { "uv": [ 7, 6.65, 8, 7.65 ], "texture": "#2" },
				"north": { "uv": [ 8, 12, 9, 13 ], "texture": "#2" },
				"south": { "uv": [ 7, 12, 8, 13 ], "texture": "#2" },
				"west": { "uv": [ 6.65, 12, 7.65, 13 ], "texture": "#2" },
				"east": { "uv": [ 9.35, 13, 8.35, 12 ], "texture": "#2" }
			}
		},
		{
			"from": [ 7, 2, 7.25 ],
			"to": [ 8, 3, 8.25 ],
			"faces": {
				"down": { "uv": [ 7, 8.25, 8, 9.25 ], "texture": "#2" },
				"up": { "uv": [ 7, 6.75, 8, 7.75 ], "texture": "#2" },
				"north": { "uv": [ 8, 13, 9, 14 ], "texture": "#2" },
				"south": { "uv": [ 7, 13, 8, 14 ], "texture": "#2" },
				"west": { "uv": [ 6.75, 13, 7.75, 14 ], "texture": "#2" },
				"east": { "uv": [ 9.25, 14, 8.25, 13 ], "texture": "#2" }
			}
		},
		{
			"from": [ 6, 3, 6.95 ],
			"to": [ 7, 4, 7.95 ],
			"faces": {
				"down": { "uv": [ 6, 8.55, 7, 9.55 ], "texture": "#2" },
				"up": { "uv": [ 6, 6.45, 7, 7.45 ], "texture": "#2" },
				"north": { "uv": [ 9, 12, 10, 13 ], "texture": "#2" },
				"south": { "uv": [ 6, 12, 7, 13 ], "texture": "#2" },
				"west": { "uv": [ 6.45, 12, 7.45, 13 ], "texture": "#2" },
				"east": { "uv": [ 9.55, 13, 8.55, 12 ], "texture": "#2" }
			}
		},
		{
			"from": [ 5, 4, 6.65 ],
			"to": [ 6, 5, 7.65 ],
			"faces": {
				"down": { "uv": [ 5, 8.85, 6, 9.85 ], "texture": "#2" },
				"up": { "uv": [ 5, 6.15, 6, 7.15 ], "texture": "#2" },
				"north": { "uv": [ 10, 11, 11, 12 ], "texture": "#2" },
				"south": { "uv": [ 5, 11, 6, 12 ], "texture": "#2" },
				"west": { "uv": [ 6.15, 11, 7.15, 12 ], "texture": "#2" },
				"east": { "uv": [ 9.85, 12, 8.85, 11 ], "texture": "#2" }
			}
		},
		{
			"from": [ 4, 5, 6.4 ],
			"to": [ 5, 6, 7.4 ],
			"faces": {
				"down": { "uv": [ 4, 9.1, 5, 10.1 ], "texture": "#2" },
				"up": { "uv": [ 4, 5.9, 5, 6.9 ], "texture": "#2" },
				"north": { "uv": [ 11, 10, 12, 11 ], "texture": "#2" },
				"south": { "uv": [ 4, 10, 5, 11 ], "texture": "#2" },
				"west": { "uv": [ 5.9, 10, 6.9, 11 ], "texture": "#2" },
				"east": { "uv": [ 10.1, 11, 9.1, 10 ], "texture": "#2" }
			}
		},
		{
			"from": [ 4, 6, 6.4 ],
			"to": [ 5, 7, 7.4 ],
			"faces": {
				"down": { "uv": [ 4, 9.1, 5, 10.1 ], "texture": "#2" },
				"up": { "uv": [ 4, 5.9, 5, 6.9 ], "texture": "#2" },
				"north": { "uv": [ 11, 9, 12, 10 ], "texture": "#2" },
				"south": { "uv": [ 4, 9, 5, 10 ], "texture": "#2" },
				"west": { "uv": [ 5.9, 9, 6.9, 10 ], "texture": "#2" },
				"east": { "uv": [ 10.1, 10, 9.1, 9 ], "texture": "#2" }
			}
		},
		{
			"from": [ 7, 9, 7.5 ],
			"to": [ 8, 10, 8.5 ],
			"faces": {
				"down": { "uv": [ 7, 8, 8, 9 ], "texture": "#2" },
				"up": { "uv": [ 7, 7, 8, 8 ], "texture": "#2" },
				"north": { "uv": [ 8, 6, 9, 7 ], "texture": "#2" },
				"south": { "uv": [ 7, 6, 8, 7 ], "texture": "#2" },
				"west": { "uv": [ 7, 6, 8, 7 ], "texture": "#2" },
				"east": { "uv": [ 9, 7, 8, 6 ], "texture": "#2" }
			}
		},
		{
			"from": [ 6, 10, 7.7 ],
			"to": [ 7, 11, 8.7 ],
			"faces": {
				"down": { "uv": [ 6, 7.8, 7, 8.8 ], "texture": "#2" },
				"up": { "uv": [ 6, 7.2, 7, 8.2 ], "texture": "#2" },
				"north": { "uv": [ 9, 5, 10, 6 ], "texture": "#2" },
				"south": { "uv": [ 6, 5, 7, 6 ], "texture": "#2" },
				"west": { "uv": [ 7.2, 5, 8.2, 6 ], "texture": "#2" },
				"east": { "uv": [ 8.8, 6, 7.8, 5 ], "texture": "#2" }
			}
		},
		{
			"from": [ 5, 11, 8.05 ],
			"to": [ 6, 12, 9.05 ],
			"faces": {
				"down": { "uv": [ 5, 7.45, 6, 8.45 ], "texture": "#2" },
				"up": { "uv": [ 5, 7.55, 6, 8.55 ], "texture": "#2" },
				"north": { "uv": [ 10, 4, 11, 5 ], "texture": "#2" },
				"south": { "uv": [ 5, 4, 6, 5 ], "texture": "#2" },
				"west": { "uv": [ 7.55, 4, 8.55, 5 ], "texture": "#2" },
				"east": { "uv": [ 8.45, 5, 7.45, 4 ], "texture": "#2" }
			}
		},
		{
			"from": [ 4, 12, 8.05 ],
			"to": [ 5, 13, 9.05 ],
			"faces": {
				"down": { "uv": [ 4, 7.45, 5, 8.45 ], "texture": "#2" },
				"up": { "uv": [ 4, 7.55, 5, 8.55 ], "texture": "#2" },
				"north": { "uv": [ 11, 3, 12, 4 ], "texture": "#2" },
				"south": { "uv": [ 4, 3, 5, 4 ], "texture": "#2" },
				"west": { "uv": [ 7.55, 3, 8.55, 4 ], "texture": "#2" },
				"east": { "uv": [ 8.45, 4, 7.45, 3 ], "texture": "#2" }
			}
		},
		{
			"from": [ 9, 9, 7.5 ],
			"to": [ 10, 10, 8.5 ],
			"faces": {
				"down": { "uv": [ 9, 8, 10, 9 ], "texture": "#2" },
				"up": { "uv": [ 9, 7, 10, 8 ], "texture": "#2" },
				"north": { "uv": [ 6, 6, 7, 7 ], "texture": "#2" },
				"south": { "uv": [ 9, 6, 10, 7 ], "texture": "#2" },
				"west": { "uv": [ 7, 6, 8, 7 ], "texture": "#2" },
				"east": { "uv": [ 9, 7, 8, 6 ], "texture": "#2" }
			}
		},
		{
			"from": [ 9, 10, 7.5 ],
			"to": [ 10, 11, 8.5 ],
			"faces": {
				"down": { "uv": [ 9, 8, 10, 9 ], "texture": "#2" },
				"up": { "uv": [ 9, 7, 10, 8 ], "texture": "#2" },
				"north": { "uv": [ 6, 5, 7, 6 ], "texture": "#2" },
				"south": { "uv": [ 9, 5, 10, 6 ], "texture": "#2" },
				"west": { "uv": [ 7, 5, 8, 6 ], "texture": "#2" },
				"east": { "uv": [ 9, 6, 8, 5 ], "texture": "#2" }
			}
		},
		{
			"from": [ 3, 6, 5.9 ],
			"to": [ 4, 7, 7.9 ],
			"faces": {
				"down": { "uv": [ 3, 8.6, 4, 10.6 ], "texture": "#1" },
				"up": { "uv": [ 3, 5.4, 4, 7.4 ], "texture": "#1" },
				"north": { "uv": [ 12, 9, 13, 10 ], "texture": "#1" },
				"south": { "uv": [ 3, 9, 4, 10 ], "texture": "#1" },
				"west": { "uv": [ 5.4, 9, 7.4, 10 ], "texture": "#1" },
				"east": { "uv": [ 10.6, 10, 8.6, 9 ], "texture": "#1" }
			}
		},
		{
			"from": [ 5, 7, 5.9 ],
			"to": [ 6, 8, 7.9 ],
			"faces": {
				"down": { "uv": [ 5, 8.6, 6, 10.6 ], "texture": "#1" },
				"up": { "uv": [ 5, 5.4, 6, 7.4 ], "texture": "#1" },
				"north": { "uv": [ 10, 8, 11, 9 ], "texture": "#1" },
				"south": { "uv": [ 5, 8, 6, 9 ], "texture": "#1" },
				"west": { "uv": [ 5.4, 8, 7.4, 9 ], "texture": "#1" },
				"east": { "uv": [ 10.6, 9, 8.6, 8 ], "texture": "#1" }
			}
		},
		{
			"from": [ 2, 9, 5.9 ],
			"to": [ 3, 10, 7.9 ],
			"faces": {
				"down": { "uv": [ 2, 8.6, 3, 10.6 ], "texture": "#1" },
				"up": { "uv": [ 2, 5.4, 3, 7.4 ], "texture": "#1" },
				"north": { "uv": [ 13, 6, 14, 7 ], "texture": "#1" },
				"south": { "uv": [ 2, 6, 3, 7 ], "texture": "#1" },
				"west": { "uv": [ 5.4, 6, 7.4, 7 ], "texture": "#1" },
				"east": { "uv": [ 10.6, 7, 8.6, 6 ], "texture": "#1" }
			}
		},
		{
			"from": [ 2, 12, 7.55 ],
			"to": [ 3, 13, 9.549999 ],
			"faces": {
				"down": { "uv": [ 2, 6.95, 3, 8.95 ], "texture": "#1" },
				"up": { "uv": [ 2, 7.05, 3, 9.05 ], "texture": "#1" },
				"north": { "uv": [ 13, 3, 14, 4 ], "texture": "#1" },
				"south": { "uv": [ 2, 3, 3, 4 ], "texture": "#1" },
				"west": { "uv": [ 7.05, 3, 9.05, 4 ], "texture": "#1" },
				"east": { "uv": [ 8.95, 4, 6.95, 3 ], "texture": "#1" }
			}
		},
		{
			"from": [ 5, 13, 7.55 ],
			"to": [ 6, 14, 9.549999 ],
			"faces": {
				"down": { "uv": [ 5, 6.95, 6, 8.95 ], "texture": "#1" },
				"up": { "uv": [ 5, 7.05, 6, 9.05 ], "texture": "#1" },
				"north": { "uv": [ 10, 2, 11, 3 ], "texture": "#1" },
				"south": { "uv": [ 5, 2, 6, 3 ], "texture": "#1" },
				"west": { "uv": [ 7.05, 2, 9.05, 3 ], "texture": "#1" },
				"east": { "uv": [ 8.95, 3, 6.95, 2 ], "texture": "#1" }
			}
		},
		{
			"from": [ 3, 14, 7.55 ],
			"to": [ 4, 15, 9.549999 ],
			"faces": {
				"down": { "uv": [ 3, 6.95, 4, 8.95 ], "texture": "#1" },
				"up": { "uv": [ 3, 7.05, 4, 9.05 ], "texture": "#1" },
				"north": { "uv": [ 12, 1, 13, 2 ], "texture": "#1" },
				"south": { "uv": [ 3, 1, 4, 2 ], "texture": "#1" },
				"west": { "uv": [ 7.05, 1, 9.05, 2 ], "texture": "#1" },
				"east": { "uv": [ 8.95, 2, 6.95, 1 ], "texture": "#1" }
			}
		},
		{
			"from": [ 12, 13, 7 ],
			"to": [ 13, 14, 9 ],
			"faces": {
				"down": { "uv": [ 12, 7.5, 13, 9.5 ], "texture": "#1" },
				"up": { "uv": [ 12, 6.5, 13, 8.5 ], "texture": "#1" },
				"north": { "uv": [ 3, 2, 4, 3 ], "texture": "#1" },
				"south": { "uv": [ 12, 2, 13, 3 ], "texture": "#1" },
				"west": { "uv": [ 6.5, 2, 8.5, 3 ], "texture": "#1" },
				"east": { "uv": [ 9.5, 3, 7.5, 2 ], "texture": "#1" }
			}
		},
		{
			"from": [ 11, 11, 7 ],
			"to": [ 12, 12, 9 ],
			"faces": {
				"down": { "uv": [ 11, 7.5, 12, 9.5 ], "texture": "#1" },
				"up": { "uv": [ 11, 6.5, 12, 8.5 ], "texture": "#1" },
				"north": { "uv": [ 4, 4, 5, 5 ], "texture": "#1" },
				"south": { "uv": [ 11, 4, 12, 5 ], "texture": "#1" },
				"west": { "uv": [ 6.5, 4, 8.5, 5 ], "texture": "#1" },
				"east": { "uv": [ 9.5, 5, 7.5, 4 ], "texture": "#1" }
			}
		},
		{
			"from": [ 13, 8, 6.65 ],
			"to": [ 14, 9, 8.65 ],
			"faces": {
				"down": { "uv": [ 13, 7.85, 14, 9.85 ], "texture": "#1" },
				"up": { "uv": [ 13, 6.15, 14, 8.15 ], "texture": "#1" },
				"north": { "uv": [ 2, 7, 3, 8 ], "texture": "#1" },
				"south": { "uv": [ 13, 7, 14, 8 ], "texture": "#1" },
				"west": { "uv": [ 6.15, 7, 8.15, 8 ], "texture": "#1" },
				"east": { "uv": [ 9.85, 8, 7.85, 7 ], "texture": "#1" }
			}
		},
		{
			"from": [ 15, 3, 7 ],
			"to": [ 16, 4, 9 ],
			"faces": {
				"down": { "uv": [ 15, 7.5, 16, 9.5 ], "texture": "#1" },
				"up": { "uv": [ 15, 6.5, 16, 8.5 ], "texture": "#1" },
				"north": { "uv": [ 0, 12, 1, 13 ], "texture": "#1" },
				"south": { "uv": [ 15, 12, 16, 13 ], "texture": "#1" },
				"west": { "uv": [ 6.5, 12, 8.5, 13 ], "texture": "#1" },
				"east": { "uv": [ 9.5, 13, 7.5, 12 ], "texture": "#1" }
			}
		},
		{
			"from": [ 13, 1, 7 ],
			"to": [ 14, 2, 9 ],
			"faces": {
				"down": { "uv": [ 13, 7.5, 14, 9.5 ], "texture": "#1" },
				"up": { "uv": [ 13, 6.5, 14, 8.5 ], "texture": "#1" },
				"north": { "uv": [ 2, 14, 3, 15 ], "texture": "#1" },
				"south": { "uv": [ 13, 14, 14, 15 ], "texture": "#1" },
				"west": { "uv": [ 6.5, 14, 8.5, 15 ], "texture": "#1" },
				"east": { "uv": [ 9.5, 15, 7.5, 14 ], "texture": "#1" }
			}
		},
		{
			"from": [ 4, 7, 5.99 ],
			"to": [ 5, 8, 7.75 ],
			"faces": {
				"down": { "uv": [ 4, 8.75, 5, 10.51 ], "texture": "#1" },
				"up": { "uv": [ 4, 5.49, 5, 7.25 ], "texture": "#1" },
				"north": { "uv": [ 11, 8, 12, 9 ], "texture": "#1" },
				"south": { "uv": [ 4, 8, 5, 9 ], "texture": "#1" },
				"west": { "uv": [ 5.49, 8, 7.25, 9 ], "texture": "#1" },
				"east": { "uv": [ 10.51, 9, 8.75, 8 ], "texture": "#1" }
			}
		},
		{
			"from": [ 3, 8, 5.99 ],
			"to": [ 4, 9, 7.75 ],
			"faces": {
				"down": { "uv": [ 3, 8.75, 4, 10.51 ], "texture": "#1" },
				"up": { "uv": [ 3, 5.49, 4, 7.25 ], "texture": "#1" },
				"north": { "uv": [ 12, 7, 13, 8 ], "texture": "#1" },
				"south": { "uv": [ 3, 7, 4, 8 ], "texture": "#1" },
				"west": { "uv": [ 5.49, 7, 7.25, 8 ], "texture": "#1" },
				"east": { "uv": [ 10.51, 8, 8.75, 7 ], "texture": "#1" }
			}
		},
		{
			"from": [ 2, 8, 5.99 ],
			"to": [ 3, 9, 7.75 ],
			"faces": {
				"down": { "uv": [ 2, 8.75, 3, 10.51 ], "texture": "#1" },
				"up": { "uv": [ 2, 5.49, 3, 7.25 ], "texture": "#1" },
				"north": { "uv": [ 13, 7, 14, 8 ], "texture": "#1" },
				"south": { "uv": [ 2, 7, 3, 8 ], "texture": "#1" },
				"west": { "uv": [ 5.49, 7, 7.25, 8 ], "texture": "#1" },
				"east": { "uv": [ 10.51, 8, 8.75, 7 ], "texture": "#1" }
			}
		},
		{
			"from": [ 4, 9, 5.99 ],
			"to": [ 5, 10, 7.75 ],
			"faces": {
				"down": { "uv": [ 4, 8.75, 5, 10.51 ], "texture": "#1" },
				"up": { "uv": [ 4, 5.49, 5, 7.25 ], "texture": "#1" },
				"north": { "uv": [ 11, 6, 12, 7 ], "texture": "#1" },
				"south": { "uv": [ 4, 6, 5, 7 ], "texture": "#1" },
				"west": { "uv": [ 5.49, 6, 7.25, 7 ], "texture": "#1" },
				"east": { "uv": [ 10.51, 7, 8.75, 6 ], "texture": "#1" }
			}
		},
		{
			"from": [ 3, 11, 7.64 ],
			"to": [ 4, 12, 9.4 ],
			"faces": {
				"down": { "uv": [ 3, 7.1, 4, 8.86 ], "texture": "#1" },
				"up": { "uv": [ 3, 7.139999, 4, 8.9 ], "texture": "#1" },
				"north": { "uv": [ 12, 4, 13, 5 ], "texture": "#1" },
				"south": { "uv": [ 3, 4, 4, 5 ], "texture": "#1" },
				"west": { "uv": [ 7.14, 4, 8.9, 5 ], "texture": "#1" },
				"east": { "uv": [ 8.86, 5, 7.1, 4 ], "texture": "#1" }
			}
		},
		{
			"from": [ 3, 13, 7.64 ],
			"to": [ 4, 14, 9.4 ],
			"faces": {
				"down": { "uv": [ 3, 7.1, 4, 8.86 ], "texture": "#1" },
				"up": { "uv": [ 3, 7.139999, 4, 8.9 ], "texture": "#1" },
				"north": { "uv": [ 12, 2, 13, 3 ], "texture": "#1" },
				"south": { "uv": [ 3, 2, 4, 3 ], "texture": "#1" },
				"west": { "uv": [ 7.14, 2, 8.9, 3 ], "texture": "#1" },
				"east": { "uv": [ 8.86, 3, 7.1, 2 ], "texture": "#1" }
			}
		},
		{
			"from": [ 1, 13, 7.64 ],
			"to": [ 2, 14, 9.4 ],
			"faces": {
				"down": { "uv": [ 1, 7.1, 2, 8.86 ], "texture": "#1" },
				"up": { "uv": [ 1, 7.139999, 2, 8.9 ], "texture": "#1" },
				"north": { "uv": [ 14, 2, 15, 3 ], "texture": "#1" },
				"south": { "uv": [ 1, 2, 2, 3 ], "texture": "#1" },
				"west": { "uv": [ 7.14, 2, 8.9, 3 ], "texture": "#1" },
				"east": { "uv": [ 8.86, 3, 7.1, 2 ], "texture": "#1" }
			}
		},
		{
			"from": [ 10, 12, 7.09 ],
			"to": [ 11, 13, 8.85 ],
			"faces": {
				"down": { "uv": [ 10, 7.65, 11, 9.41 ], "texture": "#1" },
				"up": { "uv": [ 10, 6.59, 11, 8.35 ], "texture": "#1" },
				"north": { "uv": [ 5, 3, 6, 4 ], "texture": "#1" },
				"south": { "uv": [ 10, 3, 11, 4 ], "texture": "#1" },
				"west": { "uv": [ 6.59, 3, 8.35, 4 ], "texture": "#1" },
				"east": { "uv": [ 9.41, 4, 7.65, 3 ], "texture": "#1" }
			}
		},
		{
			"from": [ 11, 13, 7.09 ],
			"to": [ 12, 14, 8.85 ],
			"faces": {
				"down": { "uv": [ 11, 7.65, 12, 9.41 ], "texture": "#1" },
				"up": { "uv": [ 11, 6.59, 12, 8.35 ], "texture": "#1" },
				"north": { "uv": [ 4, 2, 5, 3 ], "texture": "#1" },
				"south": { "uv": [ 11, 2, 12, 3 ], "texture": "#1" },
				"west": { "uv": [ 6.59, 2, 8.35, 3 ], "texture": "#1" },
				"east": { "uv": [ 9.41, 3, 7.65, 2 ], "texture": "#1" }
			}
		},
		{
			"from": [ 10, 10, 7.09 ],
			"to": [ 11, 11, 8.85 ],
			"faces": {
				"down": { "uv": [ 10, 7.65, 11, 9.41 ], "texture": "#1" },
				"up": { "uv": [ 10, 6.59, 11, 8.35 ], "texture": "#1" },
				"north": { "uv": [ 5, 5, 6, 6 ], "texture": "#1" },
				"south": { "uv": [ 10, 5, 11, 6 ], "texture": "#1" },
				"west": { "uv": [ 6.59, 5, 8.35, 6 ], "texture": "#1" },
				"east": { "uv": [ 9.41, 6, 7.65, 5 ], "texture": "#1" }
			}
		},
		{
			"from": [ 12, 9, 6.74 ],
			"to": [ 13, 10, 8.5 ],
			"faces": {
				"down": { "uv": [ 12, 8, 13, 9.76 ], "texture": "#1" },
				"up": { "uv": [ 12, 6.24, 13, 8 ], "texture": "#1" },
				"north": { "uv": [ 3, 6, 4, 7 ], "texture": "#1" },
				"south": { "uv": [ 12, 6, 13, 7 ], "texture": "#1" },
				"west": { "uv": [ 6.24, 6, 8, 7 ], "texture": "#1" },
				"east": { "uv": [ 9.76, 7, 8, 6 ], "texture": "#1" }
			}
		},
		{
			"from": [ 11, 8, 6.74 ],
			"to": [ 12, 9, 8.5 ],
			"faces": {
				"down": { "uv": [ 11, 8, 12, 9.76 ], "texture": "#1" },
				"up": { "uv": [ 11, 6.24, 12, 8 ], "texture": "#1" },
				"north": { "uv": [ 4, 7, 5, 8 ], "texture": "#1" },
				"south": { "uv": [ 11, 7, 12, 8 ], "texture": "#1" },
				"west": { "uv": [ 6.24, 7, 8, 8 ], "texture": "#1" },
				"east": { "uv": [ 9.76, 8, 8, 7 ], "texture": "#1" }
			}
		},
		{
			"from": [ 12, 7, 6.74 ],
			"to": [ 13, 8, 8.5 ],
			"faces": {
				"down": { "uv": [ 12, 8, 13, 9.76 ], "texture": "#1" },
				"up": { "uv": [ 12, 6.24, 13, 8 ], "texture": "#1" },
				"north": { "uv": [ 3, 8, 4, 9 ], "texture": "#1" },
				"south": { "uv": [ 12, 8, 13, 9 ], "texture": "#1" },
				"west": { "uv": [ 6.24, 8, 8, 9 ], "texture": "#1" },
				"east": { "uv": [ 9.76, 9, 8, 8 ], "texture": "#1" }
			}
		},
		{
			"from": [ 14, 4, 7.09 ],
			"to": [ 15, 5, 8.85 ],
			"faces": {
				"down": { "uv": [ 14, 7.65, 15, 9.41 ], "texture": "#1" },
				"up": { "uv": [ 14, 6.59, 15, 8.35 ], "texture": "#1" },
				"north": { "uv": [ 1, 11, 2, 12 ], "texture": "#1" },
				"south": { "uv": [ 14, 11, 15, 12 ], "texture": "#1" },
				"west": { "uv": [ 6.59, 11, 8.35, 12 ], "texture": "#1" },
				"east": { "uv": [ 9.41, 12, 7.65, 11 ], "texture": "#1" }
			}
		},
		{
			"from": [ 13, 3, 7.09 ],
			"to": [ 14, 4, 8.85 ],
			"faces": {
				"down": { "uv": [ 13, 7.65, 14, 9.41 ], "texture": "#1" },
				"up": { "uv": [ 13, 6.59, 14, 8.35 ], "texture": "#1" },
				"north": { "uv": [ 2, 12, 3, 13 ], "texture": "#1" },
				"south": { "uv": [ 13, 12, 14, 13 ], "texture": "#1" },
				"west": { "uv": [ 6.59, 12, 8.35, 13 ], "texture": "#1" },
				"east": { "uv": [ 9.41, 13, 7.65, 12 ], "texture": "#1" }
			}
		},
		{
			"from": [ 14, 2, 7.09 ],
			"to": [ 15, 3, 8.85 ],
			"faces": {
				"down": { "uv": [ 14, 7.65, 15, 9.41 ], "texture": "#1" },
				"up": { "uv": [ 14, 6.59, 15, 8.35 ], "texture": "#1" },
				"north": { "uv": [ 1, 13, 2, 14 ], "texture": "#1" },
				"south": { "uv": [ 14, 13, 15, 14 ], "texture": "#1" },
				"west": { "uv": [ 6.59, 13, 8.35, 14 ], "texture": "#1" },
				"east": { "uv": [ 9.41, 14, 7.65, 13 ], "texture": "#1" }
			}
		},
		{
			"from": [ 12, 2, 7.09 ],
			"to": [ 13, 3, 8.85 ],
			"faces": {
				"down": { "uv": [ 12, 7.65, 13, 9.41 ], "texture": "#1" },
				"up": { "uv": [ 12, 6.59, 13, 8.35 ], "texture": "#1" },
				"north": { "uv": [ 3, 13, 4, 14 ], "texture": "#1" },
				"south": { "uv": [ 12, 13, 13, 14 ], "texture": "#1" },
				"west": { "uv": [ 6.59, 13, 8.35, 14 ], "texture": "#1" },
				"east": { "uv": [ 9.41, 14, 7.65, 13 ], "texture": "#1" }
			}
		},
		{
			"from": [ 2, 0, 7.09 ],
			"to": [ 3, 1, 8.85 ],
			"faces": {
				"down": { "uv": [ 2, 7.65, 3, 9.41 ], "texture": "#1" },
				"up": { "uv": [ 2, 6.59, 3, 8.35 ], "texture": "#1" },
				"north": { "uv": [ 13, 15, 14, 16 ], "texture": "#1" },
				"south": { "uv": [ 2, 15, 3, 16 ], "texture": "#1" },
				"west": { "uv": [ 6.59, 15, 8.35, 16 ], "texture": "#1" },
				"east": { "uv": [ 9.41, 16, 7.65, 15 ], "texture": "#1" }
			}
		},
		{
			"from": [ 3, 9, 6.1 ],
			"to": [ 4, 10, 7.6 ],
			"faces": {
				"down": { "uv": [ 3, 8.9, 4, 10.4 ], "texture": "#1" },
				"up": { "uv": [ 3, 5.6, 4, 7.1 ], "texture": "#1" },
				"north": { "uv": [ 12, 6, 13, 7 ], "texture": "#1" },
				"south": { "uv": [ 3, 6, 4, 7 ], "texture": "#1" },
				"west": { "uv": [ 5.6, 6, 7.1, 7 ], "texture": "#1" },
				"east": { "uv": [ 10.4, 7, 8.9, 6 ], "texture": "#1" }
			}
		},
		{
			"from": [ 4, 8, 6.1 ],
			"to": [ 5, 9, 7.6 ],
			"faces": {
				"down": { "uv": [ 4, 8.9, 5, 10.4 ], "texture": "#1" },
				"up": { "uv": [ 4, 5.6, 5, 7.1 ], "texture": "#1" },
				"north": { "uv": [ 11, 7, 12, 8 ], "texture": "#1" },
				"south": { "uv": [ 4, 7, 5, 8 ], "texture": "#1" },
				"west": { "uv": [ 5.6, 7, 7.1, 8 ], "texture": "#1" },
				"east": { "uv": [ 10.4, 8, 8.9, 7 ], "texture": "#1" }
			}
		},
		{
			"from": [ 3, 7, 6.1 ],
			"to": [ 4, 8, 7.6 ],
			"faces": {
				"down": { "uv": [ 3, 8.9, 4, 10.4 ], "texture": "#1" },
				"up": { "uv": [ 3, 5.6, 4, 7.1 ], "texture": "#1" },
				"north": { "uv": [ 12, 8, 13, 9 ], "texture": "#1" },
				"south": { "uv": [ 3, 8, 4, 9 ], "texture": "#1" },
				"west": { "uv": [ 5.6, 8, 7.1, 9 ], "texture": "#1" },
				"east": { "uv": [ 10.4, 9, 8.9, 8 ], "texture": "#1" }
			}
		},
		{
			"from": [ 3, 5, 6.1 ],
			"to": [ 4, 6, 7.6 ],
			"faces": {
				"down": { "uv": [ 3, 8.9, 4, 10.4 ], "texture": "#1" },
				"up": { "uv": [ 3, 5.6, 4, 7.1 ], "texture": "#1" },
				"north": { "uv": [ 12, 10, 13, 11 ], "texture": "#1" },
				"south": { "uv": [ 3, 10, 4, 11 ], "texture": "#1" },
				"west": { "uv": [ 5.6, 10, 7.1, 11 ], "texture": "#1" },
				"east": { "uv": [ 10.4, 11, 8.9, 10 ], "texture": "#1" }
			}
		},
		{
			"from": [ 3, 12, 7.75 ],
			"to": [ 4, 13, 9.25 ],
			"faces": {
				"down": { "uv": [ 3, 7.25, 4, 8.75 ], "texture": "#1" },
				"up": { "uv": [ 3, 7.25, 4, 8.75 ], "texture": "#1" },
				"north": { "uv": [ 12, 3, 13, 4 ], "texture": "#1" },
				"south": { "uv": [ 3, 3, 4, 4 ], "texture": "#1" },
				"west": { "uv": [ 7.25, 3, 8.75, 4 ], "texture": "#1" },
				"east": { "uv": [ 8.75, 4, 7.25, 3 ], "texture": "#1" }
			}
		},
		{
			"from": [ 4, 13, 7.75 ],
			"to": [ 5, 14, 9.25 ],
			"faces": {
				"down": { "uv": [ 4, 7.25, 5, 8.75 ], "texture": "#1" },
				"up": { "uv": [ 4, 7.25, 5, 8.75 ], "texture": "#1" },
				"north": { "uv": [ 11, 2, 12, 3 ], "texture": "#1" },
				"south": { "uv": [ 4, 2, 5, 3 ], "texture": "#1" },
				"west": { "uv": [ 7.25, 2, 8.75, 3 ], "texture": "#1" },
				"east": { "uv": [ 8.75, 3, 7.25, 2 ], "texture": "#1" }
			}
		},
		{
			"from": [ 4, 11, 7.75 ],
			"to": [ 5, 12, 9.25 ],
			"faces": {
				"down": { "uv": [ 4, 7.25, 5, 8.75 ], "texture": "#1" },
				"up": { "uv": [ 4, 7.25, 5, 8.75 ], "texture": "#1" },
				"north": { "uv": [ 11, 4, 12, 5 ], "texture": "#1" },
				"south": { "uv": [ 4, 4, 5, 5 ], "texture": "#1" },
				"west": { "uv": [ 7.25, 4, 8.75, 5 ], "texture": "#1" },
				"east": { "uv": [ 8.75, 5, 7.25, 4 ], "texture": "#1" }
			}
		},
		{
			"from": [ 5, 12, 7.75 ],
			"to": [ 6, 13, 9.25 ],
			"faces": {
				"down": { "uv": [ 5, 7.25, 6, 8.75 ], "texture": "#1" },
				"up": { "uv": [ 5, 7.25, 6, 8.75 ], "texture": "#1" },
				"north": { "uv": [ 10, 3, 11, 4 ], "texture": "#1" },
				"south": { "uv": [ 5, 3, 6, 4 ], "texture": "#1" },
				"west": { "uv": [ 7.25, 3, 8.75, 4 ], "texture": "#1" },
				"east": { "uv": [ 8.75, 4, 7.25, 3 ], "texture": "#1" }
			}
		},
		{
			"from": [ 2, 13, 7.75 ],
			"to": [ 3, 14, 9.25 ],
			"faces": {
				"down": { "uv": [ 2, 7.25, 3, 8.75 ], "texture": "#1" },
				"up": { "uv": [ 2, 7.25, 3, 8.75 ], "texture": "#1" },
				"north": { "uv": [ 13, 2, 14, 3 ], "texture": "#1" },
				"south": { "uv": [ 2, 2, 3, 3 ], "texture": "#1" },
				"west": { "uv": [ 7.25, 2, 8.75, 3 ], "texture": "#1" },
				"east": { "uv": [ 8.75, 3, 7.25, 2 ], "texture": "#1" }
			}
		},
		{
			"from": [ 9, 11, 7.2 ],
			"to": [ 10, 12, 8.7 ],
			"faces": {
				"down": { "uv": [ 9, 7.8, 10, 9.3 ], "texture": "#1" },
				"up": { "uv": [ 9, 6.7, 10, 8.2 ], "texture": "#1" },
				"north": { "uv": [ 6, 4, 7, 5 ], "texture": "#1" },
				"south": { "uv": [ 9, 4, 10, 5 ], "texture": "#1" },
				"west": { "uv": [ 6.7, 4, 8.2, 5 ], "texture": "#1" },
				"east": { "uv": [ 9.3, 5, 7.8, 4 ], "texture": "#1" }
			}
		},
		{
			"from": [ 10, 11, 7.2 ],
			"to": [ 11, 12, 8.7 ],
			"faces": {
				"down": { "uv": [ 10, 7.8, 11, 9.3 ], "texture": "#1" },
				"up": { "uv": [ 10, 6.7, 11, 8.2 ], "texture": "#1" },
				"north": { "uv": [ 5, 4, 6, 5 ], "texture": "#1" },
				"south": { "uv": [ 10, 4, 11, 5 ], "texture": "#1" },
				"west": { "uv": [ 6.7, 4, 8.2, 5 ], "texture": "#1" },
				"east": { "uv": [ 9.3, 5, 7.8, 4 ], "texture": "#1" }
			}
		},
		{
			"from": [ 12, 12, 7.2 ],
			"to": [ 13, 13, 8.7 ],
			"faces": {
				"down": { "uv": [ 12, 7.8, 13, 9.3 ], "texture": "#1" },
				"up": { "uv": [ 12, 6.7, 13, 8.2 ], "texture": "#1" },
				"north": { "uv": [ 3, 3, 4, 4 ], "texture": "#1" },
				"south": { "uv": [ 12, 3, 13, 4 ], "texture": "#1" },
				"west": { "uv": [ 6.7, 3, 8.2, 4 ], "texture": "#1" },
				"east": { "uv": [ 9.3, 4, 7.8, 3 ], "texture": "#1" }
			}
		},
		{
			"from": [ 11, 12, 7.2 ],
			"to": [ 12, 13, 8.7 ],
			"faces": {
				"down": { "uv": [ 11, 7.8, 12, 9.3 ], "texture": "#1" },
				"up": { "uv": [ 11, 6.7, 12, 8.2 ], "texture": "#1" },
				"north": { "uv": [ 4, 3, 5, 4 ], "texture": "#1" },
				"south": { "uv": [ 11, 3, 12, 4 ], "texture": "#1" },
				"west": { "uv": [ 6.7, 3, 8.2, 4 ], "texture": "#1" },
				"east": { "uv": [ 9.3, 4, 7.8, 3 ], "texture": "#1" }
			}
		},
		{
			"from": [ 12, 8, 6.85 ],
			"to": [ 13, 9, 8.35 ],
			"faces": {
				"down": { "uv": [ 12, 8.15, 13, 9.65 ], "texture": "#1" },
				"up": { "uv": [ 12, 6.35, 13, 7.85 ], "texture": "#1" },
				"north": { "uv": [ 3, 7, 4, 8 ], "texture": "#1" },
				"south": { "uv": [ 12, 7, 13, 8 ], "texture": "#1" },
				"west": { "uv": [ 6.35, 7, 7.85, 8 ], "texture": "#1" },
				"east": { "uv": [ 9.65, 8, 8.15, 7 ], "texture": "#1" }
			}
		},
		{
			"from": [ 11, 9, 6.85 ],
			"to": [ 12, 10, 8.35 ],
			"faces": {
				"down": { "uv": [ 11, 8.15, 12, 9.65 ], "texture": "#1" },
				"up": { "uv": [ 11, 6.35, 12, 7.85 ], "texture": "#1" },
				"north": { "uv": [ 4, 6, 5, 7 ], "texture": "#1" },
				"south": { "uv": [ 11, 6, 12, 7 ], "texture": "#1" },
				"west": { "uv": [ 6.35, 6, 7.85, 7 ], "texture": "#1" },
				"east": { "uv": [ 9.65, 7, 8.15, 6 ], "texture": "#1" }
			}
		},
		{
			"from": [ 10, 7, 6.85 ],
			"to": [ 11, 8, 8.35 ],
			"faces": {
				"down": { "uv": [ 10, 8.15, 11, 9.65 ], "texture": "#1" },
				"up": { "uv": [ 10, 6.35, 11, 7.85 ], "texture": "#1" },
				"north": { "uv": [ 5, 8, 6, 9 ], "texture": "#1" },
				"south": { "uv": [ 10, 8, 11, 9 ], "texture": "#1" },
				"west": { "uv": [ 6.35, 8, 7.85, 9 ], "texture": "#1" },
				"east": { "uv": [ 9.65, 9, 8.15, 8 ], "texture": "#1" }
			}
		},
		{
			"from": [ 13, 7, 6.85 ],
			"to": [ 14, 8, 8.35 ],
			"faces": {
				"down": { "uv": [ 13, 8.15, 14, 9.65 ], "texture": "#1" },
				"up": { "uv": [ 13, 6.35, 14, 7.85 ], "texture": "#1" },
				"north": { "uv": [ 2, 8, 3, 9 ], "texture": "#1" },
				"south": { "uv": [ 13, 8, 14, 9 ], "texture": "#1" },
				"west": { "uv": [ 6.35, 8, 7.85, 9 ], "texture": "#1" },
				"east": { "uv": [ 9.65, 9, 8.15, 8 ], "texture": "#1" }
			}
		},
		{
			"from": [ 12, 6, 6.85 ],
			"to": [ 13, 7, 8.35 ],
			"faces": {
				"down": { "uv": [ 12, 8.15, 13, 9.65 ], "texture": "#1" },
				"up": { "uv": [ 12, 6.35, 13, 7.85 ], "texture": "#1" },
				"north": { "uv": [ 3, 9, 4, 10 ], "texture": "#1" },
				"south": { "uv": [ 12, 9, 13, 10 ], "texture": "#1" },
				"west": { "uv": [ 6.35, 9, 7.85, 10 ], "texture": "#1" },
				"east": { "uv": [ 9.65, 10, 8.15, 9 ], "texture": "#1" }
			}
		},
		{
			"from": [ 12, 3, 7.2 ],
			"to": [ 13, 4, 8.7 ],
			"faces": {
				"down": { "uv": [ 12, 7.8, 13, 9.3 ], "texture": "#1" },
				"up": { "uv": [ 12, 6.7, 13, 8.2 ], "texture": "#1" },
				"north": { "uv": [ 3, 12, 4, 13 ], "texture": "#1" },
				"south": { "uv": [ 12, 12, 13, 13 ], "texture": "#1" },
				"west": { "uv": [ 6.7, 12, 8.2, 13 ], "texture": "#1" },
				"east": { "uv": [ 9.3, 13, 7.8, 12 ], "texture": "#1" }
			}
		},
		{
			"from": [ 11, 2, 7.2 ],
			"to": [ 12, 3, 8.7 ],
			"faces": {
				"down": { "uv": [ 11, 7.8, 12, 9.3 ], "texture": "#1" },
				"up": { "uv": [ 11, 6.7, 12, 8.2 ], "texture": "#1" },
				"north": { "uv": [ 4, 13, 5, 14 ], "texture": "#1" },
				"south": { "uv": [ 11, 13, 12, 14 ], "texture": "#1" },
				"west": { "uv": [ 6.7, 13, 8.2, 14 ], "texture": "#1" },
				"east": { "uv": [ 9.3, 14, 7.8, 13 ], "texture": "#1" }
			}
		},
		{
			"from": [ 13, 2, 7.2 ],
			"to": [ 14, 3, 8.7 ],
			"faces": {
				"down": { "uv": [ 13, 7.8, 14, 9.3 ], "texture": "#1" },
				"up": { "uv": [ 13, 6.7, 14, 8.2 ], "texture": "#1" },
				"north": { "uv": [ 2, 13, 3, 14 ], "texture": "#1" },
				"south": { "uv": [ 13, 13, 14, 14 ], "texture": "#1" },
				"west": { "uv": [ 6.7, 13, 8.2, 14 ], "texture": "#1" },
				"east": { "uv": [ 9.3, 14, 7.8, 13 ], "texture": "#1" }
			}
		},
		{
			"from": [ 14, 3, 7.2 ],
			"to": [ 15, 4, 8.7 ],
			"faces": {
				"down": { "uv": [ 14, 7.8, 15, 9.3 ], "texture": "#1" },
				"up": { "uv": [ 14, 6.7, 15, 8.2 ], "texture": "#1" },
				"north": { "uv": [ 1, 12, 2, 13 ], "texture": "#1" },
				"south": { "uv": [ 14, 12, 15, 13 ], "texture": "#1" },
				"west": { "uv": [ 6.7, 12, 8.2, 13 ], "texture": "#1" },
				"east": { "uv": [ 9.3, 13, 7.8, 12 ], "texture": "#1" }
			}
		},
		{
			"from": [ 5, 6, 6.1 ],
			"to": [ 6, 7, 7.6 ],
			"faces": {
				"down": { "uv": [ 5, 8.9, 6, 10.4 ], "texture": "#1" },
				"up": { "uv": [ 5, 5.6, 6, 7.1 ], "texture": "#1" },
				"north": { "uv": [ 10, 9, 11, 10 ], "texture": "#1" },
				"south": { "uv": [ 5, 9, 6, 10 ], "texture": "#1" },
				"west": { "uv": [ 5.6, 9, 7.1, 10 ], "texture": "#1" },
				"east": { "uv": [ 10.4, 10, 8.9, 9 ], "texture": "#1" }
			}
		},
		{
			"from": [ 3, 0, 7.2 ],
			"to": [ 4, 1, 8.7 ],
			"faces": {
				"down": { "uv": [ 3, 7.8, 4, 9.3 ], "texture": "#1" },
				"up": { "uv": [ 3, 6.7, 4, 8.2 ], "texture": "#1" },
				"north": { "uv": [ 12, 15, 13, 16 ], "texture": "#1" },
				"south": { "uv": [ 3, 15, 4, 16 ], "texture": "#1" },
				"west": { "uv": [ 6.7, 15, 8.2, 16 ], "texture": "#1" },
				"east": { "uv": [ 9.3, 16, 7.8, 15 ], "texture": "#1" }
			}
		},
		{
			"from": [ 6.8, 14, 2.5 ],
			"to": [ 8.799999, 15, 3.5 ],
			"faces": {
				"down": { "uv": [ 3, 6.95, 4, 8.95 ], "texture": "#1", "rotation": 90 },
				"up": { "uv": [ 3, 7.05, 4, 9.05 ], "texture": "#1", "rotation": 270 },
				"north": { "uv": [ 7.05, 1, 9.05, 2 ], "texture": "#1" },
				"south": { "uv": [ 8.95, 2, 6.95, 1 ], "texture": "#1" },
				"west": { "uv": [ 3, 1, 4, 2 ], "texture": "#1" },
				"east": { "uv": [ 12, 1, 13, 2 ], "texture": "#1" }
			}
		},
		{
			"from": [ 6.95, 13, 0.5 ],
			"to": [ 8.71, 14, 1.5 ],
			"faces": {
				"down": { "uv": [ 1, 7.1, 2, 8.86 ], "texture": "#1", "rotation": 90 },
				"up": { "uv": [ 1, 7.139999, 2, 8.9 ], "texture": "#1", "rotation": 270 },
				"north": { "uv": [ 7.14, 2, 8.9, 3 ], "texture": "#1" },
				"south": { "uv": [ 8.86, 3, 7.1, 2 ], "texture": "#1" },
				"west": { "uv": [ 1, 2, 2, 3 ], "texture": "#1" },
				"east": { "uv": [ 14, 2, 15, 3 ], "texture": "#1" }
			}
		},
		{
			"from": [ 7.1, 13, 1.5 ],
			"to": [ 8.6, 14, 2.5 ],
			"faces": {
				"down": { "uv": [ 2, 7.25, 3, 8.75 ], "texture": "#1", "rotation": 90 },
				"up": { "uv": [ 2, 7.25, 3, 8.75 ], "texture": "#1", "rotation": 270 },
				"north": { "uv": [ 7.25, 2, 8.75, 3 ], "texture": "#1" },
				"south": { "uv": [ 8.75, 3, 7.25, 2 ], "texture": "#1" },
				"west": { "uv": [ 2, 2, 3, 3 ], "texture": "#1" },
				"east": { "uv": [ 13, 2, 14, 3 ], "texture": "#1" }
			}
		},
		{
			"from": [ 6.95, 13, 2.5 ],
			"to": [ 8.71, 14, 3.5 ],
			"faces": {
				"down": { "uv": [ 3, 7.1, 4, 8.86 ], "texture": "#1", "rotation": 90 },
				"up": { "uv": [ 3, 7.139999, 4, 8.9 ], "texture": "#1", "rotation": 270 },
				"north": { "uv": [ 7.14, 2, 8.9, 3 ], "texture": "#1" },
				"south": { "uv": [ 8.86, 3, 7.1, 2 ], "texture": "#1" },
				"west": { "uv": [ 3, 2, 4, 3 ], "texture": "#1" },
				"east": { "uv": [ 12, 2, 13, 3 ], "texture": "#1" }
			}
		},
		{
			"from": [ 7.1, 13, 3.5 ],
			"to": [ 8.6, 14, 4.5 ],
			"faces": {
				"down": { "uv": [ 4, 7.25, 5, 8.75 ], "texture": "#1", "rotation": 90 },
				"up": { "uv": [ 4, 7.25, 5, 8.75 ], "texture": "#1", "rotation": 270 },
				"north": { "uv": [ 7.25, 2, 8.75, 3 ], "texture": "#1" },
				"south": { "uv": [ 8.75, 3, 7.25, 2 ], "texture": "#1" },
				"west": { "uv": [ 4, 2, 5, 3 ], "texture": "#1" },
				"east": { "uv": [ 11, 2, 12, 3 ], "texture": "#1" }
			}
		},
		{
			"from": [ 6.8, 13, 4.5 ],
			"to": [ 8.799999, 14, 5.5 ],
			"faces": {
				"down": { "uv": [ 5, 6.95, 6, 8.95 ], "texture": "#1", "rotation": 90 },
				"up": { "uv": [ 5, 7.05, 6, 9.05 ], "texture": "#1", "rotation": 270 },
				"north": { "uv": [ 7.05, 2, 9.05, 3 ], "texture": "#1" },
				"south": { "uv": [ 8.95, 3, 6.95, 2 ], "texture": "#1" },
				"west": { "uv": [ 5, 2, 6, 3 ], "texture": "#1" },
				"east": { "uv": [ 10, 2, 11, 3 ], "texture": "#1" }
			}
		},
		{
			"from": [ 7.5, 13, 10.5 ],
			"to": [ 9.26, 14, 11.5 ],
			"faces": {
				"down": { "uv": [ 11, 7.65, 12, 9.41 ], "texture": "#1", "rotation": 90 },
				"up": { "uv": [ 11, 6.59, 12, 8.35 ], "texture": "#1", "rotation": 270 },
				"north": { "uv": [ 6.59, 2, 8.35, 3 ], "texture": "#1" },
				"south": { "uv": [ 9.41, 3, 7.65, 2 ], "texture": "#1" },
				"west": { "uv": [ 11, 2, 12, 3 ], "texture": "#1" },
				"east": { "uv": [ 4, 2, 5, 3 ], "texture": "#1" }
			}
		},
		{
			"from": [ 7.35, 13, 11.5 ],
			"to": [ 9.35, 14, 12.5 ],
			"faces": {
				"down": { "uv": [ 12, 7.5, 13, 9.5 ], "texture": "#1", "rotation": 90 },
				"up": { "uv": [ 12, 6.5, 13, 8.5 ], "texture": "#1", "rotation": 270 },
				"north": { "uv": [ 6.5, 2, 8.5, 3 ], "texture": "#1" },
				"south": { "uv": [ 9.5, 3, 7.5, 2 ], "texture": "#1" },
				"west": { "uv": [ 12, 2, 13, 3 ], "texture": "#1" },
				"east": { "uv": [ 3, 2, 4, 3 ], "texture": "#1" }
			}
		},
		{
			"from": [ 6.8, 12, 1.5 ],
			"to": [ 8.799999, 13, 2.5 ],
			"faces": {
				"down": { "uv": [ 2, 6.95, 3, 8.95 ], "texture": "#1", "rotation": 90 },
				"up": { "uv": [ 2, 7.05, 3, 9.05 ], "texture": "#1", "rotation": 270 },
				"north": { "uv": [ 7.05, 3, 9.05, 4 ], "texture": "#1" },
				"south": { "uv": [ 8.95, 4, 6.95, 3 ], "texture": "#1" },
				"west": { "uv": [ 2, 3, 3, 4 ], "texture": "#1" },
				"east": { "uv": [ 13, 3, 14, 4 ], "texture": "#1" }
			}
		},
		{
			"from": [ 7.1, 12, 2.5 ],
			"to": [ 8.6, 13, 3.5 ],
			"faces": {
				"down": { "uv": [ 3, 7.25, 4, 8.75 ], "texture": "#1", "rotation": 90 },
				"up": { "uv": [ 3, 7.25, 4, 8.75 ], "texture": "#1", "rotation": 270 },
				"north": { "uv": [ 7.25, 3, 8.75, 4 ], "texture": "#1" },
				"south": { "uv": [ 8.75, 4, 7.25, 3 ], "texture": "#1" },
				"west": { "uv": [ 3, 3, 4, 4 ], "texture": "#1" },
				"east": { "uv": [ 12, 3, 13, 4 ], "texture": "#1" }
			}
		},
		{
			"from": [ 7.3, 12, 3.5 ],
			"to": [ 8.299999, 13, 4.5 ],
			"faces": {
				"down": { "uv": [ 4, 7.45, 5, 8.45 ], "texture": "#2", "rotation": 90 },
				"up": { "uv": [ 4, 7.55, 5, 8.55 ], "texture": "#2", "rotation": 270 },
				"north": { "uv": [ 7.55, 3, 8.55, 4 ], "texture": "#2" },
				"south": { "uv": [ 8.45, 4, 7.45, 3 ], "texture": "#2" },
				"west": { "uv": [ 4, 3, 5, 4 ], "texture": "#2" },
				"east": { "uv": [ 11, 3, 12, 4 ], "texture": "#2" }
			}
		},
		{
			"from": [ 7.1, 12, 4.5 ],
			"to": [ 8.6, 13, 5.5 ],
			"faces": {
				"down": { "uv": [ 5, 7.25, 6, 8.75 ], "texture": "#1", "rotation": 90 },
				"up": { "uv": [ 5, 7.25, 6, 8.75 ], "texture": "#1", "rotation": 270 },
				"north": { "uv": [ 7.25, 3, 8.75, 4 ], "texture": "#1" },
				"south": { "uv": [ 8.75, 4, 7.25, 3 ], "texture": "#1" },
				"west": { "uv": [ 5, 3, 6, 4 ], "texture": "#1" },
				"east": { "uv": [ 10, 3, 11, 4 ], "texture": "#1" }
			}
		},
		{
			"from": [ 7.5, 12, 9.5 ],
			"to": [ 9.26, 13, 10.5 ],
			"faces": {
				"down": { "uv": [ 10, 7.65, 11, 9.41 ], "texture": "#1", "rotation": 90 },
				"up": { "uv": [ 10, 6.59, 11, 8.35 ], "texture": "#1", "rotation": 270 },
				"north": { "uv": [ 6.59, 3, 8.35, 4 ], "texture": "#1" },
				"south": { "uv": [ 9.41, 4, 7.65, 3 ], "texture": "#1" },
				"west": { "uv": [ 10, 3, 11, 4 ], "texture": "#1" },
				"east": { "uv": [ 5, 3, 6, 4 ], "texture": "#1" }
			}
		},
		{
			"from": [ 7.65, 12, 10.5 ],
			"to": [ 9.15, 13, 11.5 ],
			"faces": {
				"down": { "uv": [ 11, 7.8, 12, 9.3 ], "texture": "#1", "rotation": 90 },
				"up": { "uv": [ 11, 6.7, 12, 8.2 ], "texture": "#1", "rotation": 270 },
				"north": { "uv": [ 6.7, 3, 8.2, 4 ], "texture": "#1" },
				"south": { "uv": [ 9.3, 4, 7.8, 3 ], "texture": "#1" },
				"west": { "uv": [ 11, 3, 12, 4 ], "texture": "#1" },
				"east": { "uv": [ 4, 3, 5, 4 ], "texture": "#1" }
			}
		},
		{
			"from": [ 7.65, 12, 11.5 ],
			"to": [ 9.15, 13, 12.5 ],
			"faces": {
				"down": { "uv": [ 12, 7.8, 13, 9.3 ], "texture": "#1", "rotation": 90 },
				"up": { "uv": [ 12, 6.7, 13, 8.2 ], "texture": "#1", "rotation": 270 },
				"north": { "uv": [ 6.7, 3, 8.2, 4 ], "texture": "#1" },
				"south": { "uv": [ 9.3, 4, 7.8, 3 ], "texture": "#1" },
				"west": { "uv": [ 12, 3, 13, 4 ], "texture": "#1" },
				"east": { "uv": [ 3, 3, 4, 4 ], "texture": "#1" }
			}
		},
		{
			"from": [ 6.95, 11, 2.5 ],
			"to": [ 8.71, 12, 3.5 ],
			"faces": {
				"down": { "uv": [ 3, 7.1, 4, 8.86 ], "texture": "#1", "rotation": 90 },
				"up": { "uv": [ 3, 7.139999, 4, 8.9 ], "texture": "#1", "rotation": 270 },
				"north": { "uv": [ 7.14, 4, 8.9, 5 ], "texture": "#1" },
				"south": { "uv": [ 8.86, 5, 7.1, 4 ], "texture": "#1" },
				"west": { "uv": [ 3, 4, 4, 5 ], "texture": "#1" },
				"east": { "uv": [ 12, 4, 13, 5 ], "texture": "#1" }
			}
		},
		{
			"from": [ 7.1, 11, 3.5 ],
			"to": [ 8.6, 12, 4.5 ],
			"faces": {
				"down": { "uv": [ 4, 7.25, 5, 8.75 ], "texture": "#1", "rotation": 90 },
				"up": { "uv": [ 4, 7.25, 5, 8.75 ], "texture": "#1", "rotation": 270 },
				"north": { "uv": [ 7.25, 4, 8.75, 5 ], "texture": "#1" },
				"south": { "uv": [ 8.75, 5, 7.25, 4 ], "texture": "#1" },
				"west": { "uv": [ 4, 4, 5, 5 ], "texture": "#1" },
				"east": { "uv": [ 11, 4, 12, 5 ], "texture": "#1" }
			}
		},
		{
			"from": [ 7.3, 11, 4.5 ],
			"to": [ 8.299999, 12, 5.5 ],
			"faces": {
				"down": { "uv": [ 5, 7.45, 6, 8.45 ], "texture": "#2", "rotation": 90 },
				"up": { "uv": [ 5, 7.55, 6, 8.55 ], "texture": "#2", "rotation": 270 },
				"north": { "uv": [ 7.55, 4, 8.55, 5 ], "texture": "#2" },
				"south": { "uv": [ 8.45, 5, 7.45, 4 ], "texture": "#2" },
				"west": { "uv": [ 5, 4, 6, 5 ], "texture": "#2" },
				"east": { "uv": [ 10, 4, 11, 5 ], "texture": "#2" }
			}
		},
		{
			"from": [ 7.65, 11, 8.5 ],
			"to": [ 9.15, 12, 9.5 ],
			"faces": {
				"down": { "uv": [ 9, 7.8, 10, 9.3 ], "texture": "#1", "rotation": 90 },
				"up": { "uv": [ 9, 6.7, 10, 8.2 ], "texture": "#1", "rotation": 270 },
				"north": { "uv": [ 6.7, 4, 8.2, 5 ], "texture": "#1" },
				"south": { "uv": [ 9.3, 5, 7.8, 4 ], "texture": "#1" },
				"west": { "uv": [ 9, 4, 10, 5 ], "texture": "#1" },
				"east": { "uv": [ 6, 4, 7, 5 ], "texture": "#1" }
			}
		},
		{
			"from": [ 7.65, 11, 9.5 ],
			"to": [ 9.15, 12, 10.5 ],
			"faces": {
				"down": { "uv": [ 10, 7.8, 11, 9.3 ], "texture": "#1", "rotation": 90 },
				"up": { "uv": [ 10, 6.7, 11, 8.2 ], "texture": "#1", "rotation": 270 },
				"north": { "uv": [ 6.7, 4, 8.2, 5 ], "texture": "#1" },
				"south": { "uv": [ 9.3, 5, 7.8, 4 ], "texture": "#1" },
				"west": { "uv": [ 10, 4, 11, 5 ], "texture": "#1" },
				"east": { "uv": [ 5, 4, 6, 5 ], "texture": "#1" }
			}
		},
		{
			"from": [ 7.35, 11, 10.5 ],
			"to": [ 9.35, 12, 11.5 ],
			"faces": {
				"down": { "uv": [ 11, 7.5, 12, 9.5 ], "texture": "#1", "rotation": 90 },
				"up": { "uv": [ 11, 6.5, 12, 8.5 ], "texture": "#1", "rotation": 270 },
				"north": { "uv": [ 6.5, 4, 8.5, 5 ], "texture": "#1" },
				"south": { "uv": [ 9.5, 5, 7.5, 4 ], "texture": "#1" },
				"west": { "uv": [ 11, 4, 12, 5 ], "texture": "#1" },
				"east": { "uv": [ 4, 4, 5, 5 ], "texture": "#1" }
			}
		},
		{
			"from": [ 7.65, 10, 5.5 ],
			"to": [ 8.65, 11, 6.5 ],
			"faces": {
				"down": { "uv": [ 6, 7.8, 7, 8.8 ], "texture": "#2", "rotation": 90 },
				"up": { "uv": [ 6, 7.2, 7, 8.2 ], "texture": "#2", "rotation": 270 },
				"north": { "uv": [ 7.2, 5, 8.2, 6 ], "texture": "#2" },
				"south": { "uv": [ 8.8, 6, 7.8, 5 ], "texture": "#2" },
				"west": { "uv": [ 6, 5, 7, 6 ], "texture": "#2" },
				"east": { "uv": [ 9, 5, 10, 6 ], "texture": "#2" }
			}
		},
		{
			"from": [ 7.85, 10, 8.5 ],
			"to": [ 8.85, 11, 9.5 ],
			"faces": {
				"down": { "uv": [ 9, 8, 10, 9 ], "texture": "#2", "rotation": 90 },
				"up": { "uv": [ 9, 7, 10, 8 ], "texture": "#2", "rotation": 270 },
				"north": { "uv": [ 7, 5, 8, 6 ], "texture": "#2" },
				"south": { "uv": [ 9, 6, 8, 5 ], "texture": "#2" },
				"west": { "uv": [ 9, 5, 10, 6 ], "texture": "#2" },
				"east": { "uv": [ 6, 5, 7, 6 ], "texture": "#2" }
			}
		},
		{
			"from": [ 7.5, 10, 9.5 ],
			"to": [ 9.26, 11, 10.5 ],
			"faces": {
				"down": { "uv": [ 10, 7.65, 11, 9.41 ], "texture": "#1", "rotation": 90 },
				"up": { "uv": [ 10, 6.59, 11, 8.35 ], "texture": "#1", "rotation": 270 },
				"north": { "uv": [ 6.59, 5, 8.35, 6 ], "texture": "#1" },
				"south": { "uv": [ 9.41, 6, 7.65, 5 ], "texture": "#1" },
				"west": { "uv": [ 10, 5, 11, 6 ], "texture": "#1" },
				"east": { "uv": [ 5, 5, 6, 6 ], "texture": "#1" }
			}
		},
		{
			"from": [ 8.45, 9, 1.5 ],
			"to": [ 10.45, 10, 2.5 ],
			"faces": {
				"down": { "uv": [ 2, 8.6, 3, 10.6 ], "texture": "#1", "rotation": 90 },
				"up": { "uv": [ 2, 5.4, 3, 7.4 ], "texture": "#1", "rotation": 270 },
				"north": { "uv": [ 5.4, 6, 7.4, 7 ], "texture": "#1" },
				"south": { "uv": [ 10.6, 7, 8.6, 6 ], "texture": "#1" },
				"west": { "uv": [ 2, 6, 3, 7 ], "texture": "#1" },
				"east": { "uv": [ 13, 6, 14, 7 ], "texture": "#1" }
			}
		},
		{
			"from": [ 8.75, 9, 2.5 ],
			"to": [ 10.25, 10, 3.5 ],
			"faces": {
				"down": { "uv": [ 3, 8.9, 4, 10.4 ], "texture": "#1", "rotation": 90 },
				"up": { "uv": [ 3, 5.6, 4, 7.1 ], "texture": "#1", "rotation": 270 },
				"north": { "uv": [ 5.6, 6, 7.1, 7 ], "texture": "#1" },
				"south": { "uv": [ 10.4, 7, 8.9, 6 ], "texture": "#1" },
				"west": { "uv": [ 3, 6, 4, 7 ], "texture": "#1" },
				"east": { "uv": [ 12, 6, 13, 7 ], "texture": "#1" }
			}
		},
		{
			"from": [ 8.599999, 9, 3.5 ],
			"to": [ 10.36, 10, 4.5 ],
			"faces": {
				"down": { "uv": [ 4, 8.75, 5, 10.51 ], "texture": "#1", "rotation": 90 },
				"up": { "uv": [ 4, 5.49, 5, 7.25 ], "texture": "#1", "rotation": 270 },
				"north": { "uv": [ 5.49, 6, 7.25, 7 ], "texture": "#1" },
				"south": { "uv": [ 10.51, 7, 8.75, 6 ], "texture": "#1" },
				"west": { "uv": [ 4, 6, 5, 7 ], "texture": "#1" },
				"east": { "uv": [ 11, 6, 12, 7 ], "texture": "#1" }
			}
		},
		{
			"from": [ 7.85, 9, 6.5 ],
			"to": [ 8.85, 10, 7.5 ],
			"faces": {
				"down": { "uv": [ 7, 8, 8, 9 ], "texture": "#2", "rotation": 90 },
				"up": { "uv": [ 7, 7, 8, 8 ], "texture": "#2", "rotation": 270 },
				"north": { "uv": [ 7, 6, 8, 7 ], "texture": "#2" },
				"south": { "uv": [ 9, 7, 8, 6 ], "texture": "#2" },
				"west": { "uv": [ 7, 6, 8, 7 ], "texture": "#2" },
				"east": { "uv": [ 8, 6, 9, 7 ], "texture": "#2" }
			}
		},
		{
			"from": [ 7.85, 9, 8.5 ],
			"to": [ 8.85, 10, 9.5 ],
			"faces": {
				"down": { "uv": [ 9, 8, 10, 9 ], "texture": "#2", "rotation": 90 },
				"up": { "uv": [ 9, 7, 10, 8 ], "texture": "#2", "rotation": 270 },
				"north": { "uv": [ 7, 6, 8, 7 ], "texture": "#2" },
				"south": { "uv": [ 9, 7, 8, 6 ], "texture": "#2" },
				"west": { "uv": [ 9, 6, 10, 7 ], "texture": "#2" },
				"east": { "uv": [ 6, 6, 7, 7 ], "texture": "#2" }
			}
		},
		{
			"from": [ 8, 9, 10.5 ],
			"to": [ 9.5, 10, 11.5 ],
			"faces": {
				"down": { "uv": [ 11, 8.15, 12, 9.65 ], "texture": "#1", "rotation": 90 },
				"up": { "uv": [ 11, 6.35, 12, 7.85 ], "texture": "#1", "rotation": 270 },
				"north": { "uv": [ 6.35, 6, 7.85, 7 ], "texture": "#1" },
				"south": { "uv": [ 9.65, 7, 8.15, 6 ], "texture": "#1" },
				"west": { "uv": [ 11, 6, 12, 7 ], "texture": "#1" },
				"east": { "uv": [ 4, 6, 5, 7 ], "texture": "#1" }
			}
		},
		{
			"from": [ 7.85, 9, 11.5 ],
			"to": [ 9.61, 10, 12.5 ],
			"faces": {
				"down": { "uv": [ 12, 8, 13, 9.76 ], "texture": "#1", "rotation": 90 },
				"up": { "uv": [ 12, 6.24, 13, 8 ], "texture": "#1", "rotation": 270 },
				"north": { "uv": [ 6.24, 6, 8, 7 ], "texture": "#1" },
				"south": { "uv": [ 9.76, 7, 8, 6 ], "texture": "#1" },
				"west": { "uv": [ 12, 6, 13, 7 ], "texture": "#1" },
				"east": { "uv": [ 3, 6, 4, 7 ], "texture": "#1" }
			}
		},
		{
			"from": [ 8.599999, 8, 1.5 ],
			"to": [ 10.36, 9, 2.5 ],
			"faces": {
				"down": { "uv": [ 2, 8.75, 3, 10.51 ], "texture": "#1", "rotation": 90 },
				"up": { "uv": [ 2, 5.49, 3, 7.25 ], "texture": "#1", "rotation": 270 },
				"north": { "uv": [ 5.49, 7, 7.25, 8 ], "texture": "#1" },
				"south": { "uv": [ 10.51, 8, 8.75, 7 ], "texture": "#1" },
				"west": { "uv": [ 2, 7, 3, 8 ], "texture": "#1" },
				"east": { "uv": [ 13, 7, 14, 8 ], "texture": "#1" }
			}
		},
		{
			"from": [ 8.599999, 8, 2.5 ],
			"to": [ 10.36, 9, 3.5 ],
			"faces": {
				"down": { "uv": [ 3, 8.75, 4, 10.51 ], "texture": "#1", "rotation": 90 },
				"up": { "uv": [ 3, 5.49, 4, 7.25 ], "texture": "#1", "rotation": 270 },
				"north": { "uv": [ 5.49, 7, 7.25, 8 ], "texture": "#1" },
				"south": { "uv": [ 10.51, 8, 8.75, 7 ], "texture": "#1" },
				"west": { "uv": [ 3, 7, 4, 8 ], "texture": "#1" },
				"east": { "uv": [ 12, 7, 13, 8 ], "texture": "#1" }
			}
		},
		{
			"from": [ 8.75, 8, 3.5 ],
			"to": [ 10.25, 9, 4.5 ],
			"faces": {
				"down": { "uv": [ 4, 8.9, 5, 10.4 ], "texture": "#1", "rotation": 90 },
				"up": { "uv": [ 4, 5.6, 5, 7.1 ], "texture": "#1", "rotation": 270 },
				"north": { "uv": [ 5.6, 7, 7.1, 8 ], "texture": "#1" },
				"south": { "uv": [ 10.4, 8, 8.9, 7 ], "texture": "#1" },
				"west": { "uv": [ 4, 7, 5, 8 ], "texture": "#1" },
				"east": { "uv": [ 11, 7, 12, 8 ], "texture": "#1" }
			}
		},
		{
			"from": [ 7.85, 8, 10.5 ],
			"to": [ 9.61, 9, 11.5 ],
			"faces": {
				"down": { "uv": [ 11, 8, 12, 9.76 ], "texture": "#1", "rotation": 90 },
				"up": { "uv": [ 11, 6.24, 12, 8 ], "texture": "#1", "rotation": 270 },
				"north": { "uv": [ 6.24, 7, 8, 8 ], "texture": "#1" },
				"south": { "uv": [ 9.76, 8, 8, 7 ], "texture": "#1" },
				"west": { "uv": [ 11, 7, 12, 8 ], "texture": "#1" },
				"east": { "uv": [ 4, 7, 5, 8 ], "texture": "#1" }
			}
		},
		{
			"from": [ 8, 8, 11.5 ],
			"to": [ 9.5, 9, 12.5 ],
			"faces": {
				"down": { "uv": [ 12, 8.15, 13, 9.65 ], "texture": "#1", "rotation": 90 },
				"up": { "uv": [ 12, 6.35, 13, 7.85 ], "texture": "#1", "rotation": 270 },
				"north": { "uv": [ 6.35, 7, 7.85, 8 ], "texture": "#1" },
				"south": { "uv": [ 9.65, 8, 8.15, 7 ], "texture": "#1" },
				"west": { "uv": [ 12, 7, 13, 8 ], "texture": "#1" },
				"east": { "uv": [ 3, 7, 4, 8 ], "texture": "#1" }
			}
		},
		{
			"from": [ 7.7, 8, 12.5 ],
			"to": [ 9.7, 9, 13.5 ],
			"faces": {
				"down": { "uv": [ 13, 7.85, 14, 9.85 ], "texture": "#1", "rotation": 90 },
				"up": { "uv": [ 13, 6.15, 14, 8.15 ], "texture": "#1", "rotation": 270 },
				"north": { "uv": [ 6.15, 7, 8.15, 8 ], "texture": "#1" },
				"south": { "uv": [ 9.85, 8, 7.85, 7 ], "texture": "#1" },
				"west": { "uv": [ 13, 7, 14, 8 ], "texture": "#1" },
				"east": { "uv": [ 2, 7, 3, 8 ], "texture": "#1" }
			}
		},
		{
			"from": [ 8.75, 7, 2.5 ],
			"to": [ 10.25, 8, 3.5 ],
			"faces": {
				"down": { "uv": [ 3, 8.9, 4, 10.4 ], "texture": "#1", "rotation": 90 },
				"up": { "uv": [ 3, 5.6, 4, 7.1 ], "texture": "#1", "rotation": 270 },
				"north": { "uv": [ 5.6, 8, 7.1, 9 ], "texture": "#1" },
				"south": { "uv": [ 10.4, 9, 8.9, 8 ], "texture": "#1" },
				"west": { "uv": [ 3, 8, 4, 9 ], "texture": "#1" },
				"east": { "uv": [ 12, 8, 13, 9 ], "texture": "#1" }
			}
		},
		{
			"from": [ 8.599999, 7, 3.5 ],
			"to": [ 10.36, 8, 4.5 ],
			"faces": {
				"down": { "uv": [ 4, 8.75, 5, 10.51 ], "texture": "#1", "rotation": 90 },
				"up": { "uv": [ 4, 5.49, 5, 7.25 ], "texture": "#1", "rotation": 270 },
				"north": { "uv": [ 5.49, 8, 7.25, 9 ], "texture": "#1" },
				"south": { "uv": [ 10.51, 9, 8.75, 8 ], "texture": "#1" },
				"west": { "uv": [ 4, 8, 5, 9 ], "texture": "#1" },
				"east": { "uv": [ 11, 8, 12, 9 ], "texture": "#1" }
			}
		},
		{
			"from": [ 8.45, 7, 4.5 ],
			"to": [ 10.45, 8, 5.5 ],
			"faces": {
				"down": { "uv": [ 5, 8.6, 6, 10.6 ], "texture": "#1", "rotation": 90 },
				"up": { "uv": [ 5, 5.4, 6, 7.4 ], "texture": "#1", "rotation": 270 },
				"north": { "uv": [ 5.4, 8, 7.4, 9 ], "texture": "#1" },
				"south": { "uv": [ 10.6, 9, 8.6, 8 ], "texture": "#1" },
				"west": { "uv": [ 5, 8, 6, 9 ], "texture": "#1" },
				"east": { "uv": [ 10, 8, 11, 9 ], "texture": "#1" }
			}
		},
		{
			"from": [ 8, 7, 9.5 ],
			"to": [ 9.5, 8, 10.5 ],
			"faces": {
				"down": { "uv": [ 10, 8.15, 11, 9.65 ], "texture": "#1", "rotation": 90 },
				"up": { "uv": [ 10, 6.35, 11, 7.85 ], "texture": "#1", "rotation": 270 },
				"north": { "uv": [ 6.35, 8, 7.85, 9 ], "texture": "#1" },
				"south": { "uv": [ 9.65, 9, 8.15, 8 ], "texture": "#1" },
				"west": { "uv": [ 10, 8, 11, 9 ], "texture": "#1" },
				"east": { "uv": [ 5, 8, 6, 9 ], "texture": "#1" }
			}
		},
		{
			"from": [ 8.2, 7, 10.5 ],
			"to": [ 9.2, 8, 11.5 ],
			"faces": {
				"down": { "uv": [ 11, 8.35, 12, 9.35 ], "texture": "#2", "rotation": 90 },
				"up": { "uv": [ 11, 6.65, 12, 7.65 ], "texture": "#2", "rotation": 270 },
				"north": { "uv": [ 6.65, 8, 7.65, 9 ], "texture": "#2" },
				"south": { "uv": [ 9.35, 9, 8.35, 8 ], "texture": "#2" },
				"west": { "uv": [ 11, 8, 12, 9 ], "texture": "#2" },
				"east": { "uv": [ 4, 8, 5, 9 ], "texture": "#2" }
			}
		},
		{
			"from": [ 7.85, 7, 11.5 ],
			"to": [ 9.61, 8, 12.5 ],
			"faces": {
				"down": { "uv": [ 12, 8, 13, 9.76 ], "texture": "#1", "rotation": 90 },
				"up": { "uv": [ 12, 6.24, 13, 8 ], "texture": "#1", "rotation": 270 },
				"north": { "uv": [ 6.24, 8, 8, 9 ], "texture": "#1" },
				"south": { "uv": [ 9.76, 9, 8, 8 ], "texture": "#1" },
				"west": { "uv": [ 12, 8, 13, 9 ], "texture": "#1" },
				"east": { "uv": [ 3, 8, 4, 9 ], "texture": "#1" }
			}
		},
		{
			"from": [ 8, 7, 12.5 ],
			"to": [ 9.5, 8, 13.5 ],
			"faces": {
				"down": { "uv": [ 13, 8.15, 14, 9.65 ], "texture": "#1", "rotation": 90 },
				"up": { "uv": [ 13, 6.35, 14, 7.85 ], "texture": "#1", "rotation": 270 },
				"north": { "uv": [ 6.35, 8, 7.85, 9 ], "texture": "#1" },
				"south": { "uv": [ 9.65, 9, 8.15, 8 ], "texture": "#1" },
				"west": { "uv": [ 13, 8, 14, 9 ], "texture": "#1" },
				"east": { "uv": [ 2, 8, 3, 9 ], "texture": "#1" }
			}
		},
		{
			"from": [ 8.45, 6, 2.5 ],
			"to": [ 10.45, 7, 3.5 ],
			"faces": {
				"down": { "uv": [ 3, 8.6, 4, 10.6 ], "texture": "#1", "rotation": 90 },
				"up": { "uv": [ 3, 5.4, 4, 7.4 ], "texture": "#1", "rotation": 270 },
				"north": { "uv": [ 5.4, 9, 7.4, 10 ], "texture": "#1" },
				"south": { "uv": [ 10.6, 10, 8.6, 9 ], "texture": "#1" },
				"west": { "uv": [ 3, 9, 4, 10 ], "texture": "#1" },
				"east": { "uv": [ 12, 9, 13, 10 ], "texture": "#1" }
			}
		},
		{
			"from": [ 8.95, 6, 3.5 ],
			"to": [ 9.95, 7, 4.5 ],
			"faces": {
				"down": { "uv": [ 4, 9.1, 5, 10.1 ], "texture": "#2", "rotation": 90 },
				"up": { "uv": [ 4, 5.9, 5, 6.9 ], "texture": "#2", "rotation": 270 },
				"north": { "uv": [ 5.9, 9, 6.9, 10 ], "texture": "#2" },
				"south": { "uv": [ 10.1, 10, 9.1, 9 ], "texture": "#2" },
				"west": { "uv": [ 4, 9, 5, 10 ], "texture": "#2" },
				"east": { "uv": [ 11, 9, 12, 10 ], "texture": "#2" }
			}
		},
		{
			"from": [ 8.75, 6, 4.5 ],
			"to": [ 10.25, 7, 5.5 ],
			"faces": {
				"down": { "uv": [ 5, 8.9, 6, 10.4 ], "texture": "#1", "rotation": 90 },
				"up": { "uv": [ 5, 5.6, 6, 7.1 ], "texture": "#1", "rotation": 270 },
				"north": { "uv": [ 5.6, 9, 7.1, 10 ], "texture": "#1" },
				"south": { "uv": [ 10.4, 10, 8.9, 9 ], "texture": "#1" },
				"west": { "uv": [ 5, 9, 6, 10 ], "texture": "#1" },
				"east": { "uv": [ 10, 9, 11, 10 ], "texture": "#1" }
			}
		},
		{
			"from": [ 8.2, 6, 9.5 ],
			"to": [ 9.2, 7, 10.5 ],
			"faces": {
				"down": { "uv": [ 10, 8.35, 11, 9.35 ], "texture": "#2", "rotation": 90 },
				"up": { "uv": [ 10, 6.65, 11, 7.65 ], "texture": "#2", "rotation": 270 },
				"north": { "uv": [ 6.65, 9, 7.65, 10 ], "texture": "#2" },
				"south": { "uv": [ 9.35, 10, 8.35, 9 ], "texture": "#2" },
				"west": { "uv": [ 10, 9, 11, 10 ], "texture": "#2" },
				"east": { "uv": [ 5, 9, 6, 10 ], "texture": "#2" }
			}
		},
		{
			"from": [ 8.2, 6, 10.5 ],
			"to": [ 9.2, 7, 11.5 ],
			"faces": {
				"down": { "uv": [ 11, 8.35, 12, 9.35 ], "texture": "#2", "rotation": 90 },
				"up": { "uv": [ 11, 6.65, 12, 7.65 ], "texture": "#2", "rotation": 270 },
				"north": { "uv": [ 6.65, 9, 7.65, 10 ], "texture": "#2" },
				"south": { "uv": [ 9.35, 10, 8.35, 9 ], "texture": "#2" },
				"west": { "uv": [ 11, 9, 12, 10 ], "texture": "#2" },
				"east": { "uv": [ 4, 9, 5, 10 ], "texture": "#2" }
			}
		},
		{
			"from": [ 8, 6, 11.5 ],
			"to": [ 9.5, 7, 12.5 ],
			"faces": {
				"down": { "uv": [ 12, 8.15, 13, 9.65 ], "texture": "#1", "rotation": 90 },
				"up": { "uv": [ 12, 6.35, 13, 7.85 ], "texture": "#1", "rotation": 270 },
				"north": { "uv": [ 6.35, 9, 7.85, 10 ], "texture": "#1" },
				"south": { "uv": [ 9.65, 10, 8.15, 9 ], "texture": "#1" },
				"west": { "uv": [ 12, 9, 13, 10 ], "texture": "#1" },
				"east": { "uv": [ 3, 9, 4, 10 ], "texture": "#1" }
			}
		},
		{
			"from": [ 8.75, 5, 2.5 ],
			"to": [ 10.25, 6, 3.5 ],
			"faces": {
				"down": { "uv": [ 3, 8.9, 4, 10.4 ], "texture": "#1", "rotation": 90 },
				"up": { "uv": [ 3, 5.6, 4, 7.1 ], "texture": "#1", "rotation": 270 },
				"north": { "uv": [ 5.6, 10, 7.1, 11 ], "texture": "#1" },
				"south": { "uv": [ 10.4, 11, 8.9, 10 ], "texture": "#1" },
				"west": { "uv": [ 3, 10, 4, 11 ], "texture": "#1" },
				"east": { "uv": [ 12, 10, 13, 11 ], "texture": "#1" }
			}
		},
		{
			"from": [ 8.95, 5, 3.5 ],
			"to": [ 9.95, 6, 4.5 ],
			"faces": {
				"down": { "uv": [ 4, 9.1, 5, 10.1 ], "texture": "#2", "rotation": 90 },
				"up": { "uv": [ 4, 5.9, 5, 6.9 ], "texture": "#2", "rotation": 270 },
				"north": { "uv": [ 5.9, 10, 6.9, 11 ], "texture": "#2" },
				"south": { "uv": [ 10.1, 11, 9.1, 10 ], "texture": "#2" },
				"west": { "uv": [ 4, 10, 5, 11 ], "texture": "#2" },
				"east": { "uv": [ 11, 10, 12, 11 ], "texture": "#2" }
			}
		},
		{
			"from": [ 7.9, 5, 8.5 ],
			"to": [ 8.9, 6, 9.5 ],
			"faces": {
				"down": { "uv": [ 9, 8.05, 10, 9.05 ], "texture": "#2", "rotation": 90 },
				"up": { "uv": [ 9, 6.95, 10, 7.95 ], "texture": "#2", "rotation": 270 },
				"north": { "uv": [ 6.95, 10, 7.95, 11 ], "texture": "#2" },
				"south": { "uv": [ 9.05, 11, 8.05, 10 ], "texture": "#2" },
				"west": { "uv": [ 9, 10, 10, 11 ], "texture": "#2" },
				"east": { "uv": [ 6, 10, 7, 11 ], "texture": "#2" }
			}
		},
		{
			"from": [ 8.7, 4, 4.5 ],
			"to": [ 9.7, 5, 5.5 ],
			"faces": {
				"down": { "uv": [ 5, 8.85, 6, 9.85 ], "texture": "#2", "rotation": 90 },
				"up": { "uv": [ 5, 6.15, 6, 7.15 ], "texture": "#2", "rotation": 270 },
				"north": { "uv": [ 6.15, 11, 7.15, 12 ], "texture": "#2" },
				"south": { "uv": [ 9.85, 12, 8.85, 11 ], "texture": "#2" },
				"west": { "uv": [ 5, 11, 6, 12 ], "texture": "#2" },
				"east": { "uv": [ 10, 11, 11, 12 ], "texture": "#2" }
			}
		},
		{
			"from": [ 7.85, 4, 8.5 ],
			"to": [ 8.85, 5, 9.5 ],
			"faces": {
				"down": { "uv": [ 9, 8, 10, 9 ], "texture": "#2", "rotation": 90 },
				"up": { "uv": [ 9, 7, 10, 8 ], "texture": "#2", "rotation": 270 },
				"north": { "uv": [ 7, 11, 8, 12 ], "texture": "#2" },
				"south": { "uv": [ 9, 12, 8, 11 ], "texture": "#2" },
				"west": { "uv": [ 9, 11, 10, 12 ], "texture": "#2" },
				"east": { "uv": [ 6, 11, 7, 12 ], "texture": "#2" }
			}
		},
		{
			"from": [ 7.5, 4, 13.5 ],
			"to": [ 9.26, 5, 14.5 ],
			"faces": {
				"down": { "uv": [ 14, 7.65, 15, 9.41 ], "texture": "#1", "rotation": 90 },
				"up": { "uv": [ 14, 6.59, 15, 8.35 ], "texture": "#1", "rotation": 270 },
				"north": { "uv": [ 6.59, 11, 8.35, 12 ], "texture": "#1" },
				"south": { "uv": [ 9.41, 12, 7.65, 11 ], "texture": "#1" },
				"west": { "uv": [ 14, 11, 15, 12 ], "texture": "#1" },
				"east": { "uv": [ 1, 11, 2, 12 ], "texture": "#1" }
			}
		},
		{
			"from": [ 8.4, 3, 5.5 ],
			"to": [ 9.4, 4, 6.5 ],
			"faces": {
				"down": { "uv": [ 6, 8.55, 7, 9.55 ], "texture": "#2", "rotation": 90 },
				"up": { "uv": [ 6, 6.45, 7, 7.45 ], "texture": "#2", "rotation": 270 },
				"north": { "uv": [ 6.45, 12, 7.45, 13 ], "texture": "#2" },
				"south": { "uv": [ 9.55, 13, 8.55, 12 ], "texture": "#2" },
				"west": { "uv": [ 6, 12, 7, 13 ], "texture": "#2" },
				"east": { "uv": [ 9, 12, 10, 13 ], "texture": "#2" }
			}
		},
		{
			"from": [ 8.2, 3, 6.5 ],
			"to": [ 9.2, 4, 7.5 ],
			"faces": {
				"down": { "uv": [ 7, 8.35, 8, 9.35 ], "texture": "#2", "rotation": 90 },
				"up": { "uv": [ 7, 6.65, 8, 7.65 ], "texture": "#2", "rotation": 270 },
				"north": { "uv": [ 6.65, 12, 7.65, 13 ], "texture": "#2" },
				"south": { "uv": [ 9.35, 13, 8.35, 12 ], "texture": "#2" },
				"west": { "uv": [ 7, 12, 8, 13 ], "texture": "#2" },
				"east": { "uv": [ 8, 12, 9, 13 ], "texture": "#2" }
			}
		},
		{
			"from": [ 7.65, 3, 11.5 ],
			"to": [ 9.15, 4, 12.5 ],
			"faces": {
				"down": { "uv": [ 12, 7.8, 13, 9.3 ], "texture": "#1", "rotation": 90 },
				"up": { "uv": [ 12, 6.7, 13, 8.2 ], "texture": "#1", "rotation": 270 },
				"north": { "uv": [ 6.7, 12, 8.2, 13 ], "texture": "#1" },
				"south": { "uv": [ 9.3, 13, 7.8, 12 ], "texture": "#1" },
				"west": { "uv": [ 12, 12, 13, 13 ], "texture": "#1" },
				"east": { "uv": [ 3, 12, 4, 13 ], "texture": "#1" }
			}
		},
		{
			"from": [ 7.5, 3, 12.5 ],
			"to": [ 9.26, 4, 13.5 ],
			"faces": {
				"down": { "uv": [ 13, 7.65, 14, 9.41 ], "texture": "#1", "rotation": 90 },
				"up": { "uv": [ 13, 6.59, 14, 8.35 ], "texture": "#1", "rotation": 270 },
				"north": { "uv": [ 6.59, 12, 8.35, 13 ], "texture": "#1" },
				"south": { "uv": [ 9.41, 13, 7.65, 12 ], "texture": "#1" },
				"west": { "uv": [ 13, 12, 14, 13 ], "texture": "#1" },
				"east": { "uv": [ 2, 12, 3, 13 ], "texture": "#1" }
			}
		},
		{
			"from": [ 7.65, 3, 13.5 ],
			"to": [ 9.15, 4, 14.5 ],
			"faces": {
				"down": { "uv": [ 14, 7.8, 15, 9.3 ], "texture": "#1", "rotation": 90 },
				"up": { "uv": [ 14, 6.7, 15, 8.2 ], "texture": "#1", "rotation": 270 },
				"north": { "uv": [ 6.7, 12, 8.2, 13 ], "texture": "#1" },
				"south": { "uv": [ 9.3, 13, 7.8, 12 ], "texture": "#1" },
				"west": { "uv": [ 14, 12, 15, 13 ], "texture": "#1" },
				"east": { "uv": [ 1, 12, 2, 13 ], "texture": "#1" }
			}
		},
		{
			"from": [ 7.35, 3, 14.5 ],
			"to": [ 9.35, 4, 15.5 ],
			"faces": {
				"down": { "uv": [ 15, 7.5, 16, 9.5 ], "texture": "#1", "rotation": 90 },
				"up": { "uv": [ 15, 6.5, 16, 8.5 ], "texture": "#1", "rotation": 270 },
				"north": { "uv": [ 6.5, 12, 8.5, 13 ], "texture": "#1" },
				"south": { "uv": [ 9.5, 13, 7.5, 12 ], "texture": "#1" },
				"west": { "uv": [ 15, 12, 16, 13 ], "texture": "#1" },
				"east": { "uv": [ 0, 12, 1, 13 ], "texture": "#1" }
			}
		},
		{
			"from": [ 8.099999, 2, 6.5 ],
			"to": [ 9.099999, 3, 7.5 ],
			"faces": {
				"down": { "uv": [ 7, 8.25, 8, 9.25 ], "texture": "#2", "rotation": 90 },
				"up": { "uv": [ 7, 6.75, 8, 7.75 ], "texture": "#2", "rotation": 270 },
				"north": { "uv": [ 6.75, 13, 7.75, 14 ], "texture": "#2" },
				"south": { "uv": [ 9.25, 14, 8.25, 13 ], "texture": "#2" },
				"west": { "uv": [ 7, 13, 8, 14 ], "texture": "#2" },
				"east": { "uv": [ 8, 13, 9, 14 ], "texture": "#2" }
			}
		},
		{
			"from": [ 7.65, 2, 10.5 ],
			"to": [ 9.15, 3, 11.5 ],
			"faces": {
				"down": { "uv": [ 11, 7.8, 12, 9.3 ], "texture": "#1", "rotation": 90 },
				"up": { "uv": [ 11, 6.7, 12, 8.2 ], "texture": "#1", "rotation": 270 },
				"north": { "uv": [ 6.7, 13, 8.2, 14 ], "texture": "#1" },
				"south": { "uv": [ 9.3, 14, 7.8, 13 ], "texture": "#1" },
				"west": { "uv": [ 11, 13, 12, 14 ], "texture": "#1" },
				"east": { "uv": [ 4, 13, 5, 14 ], "texture": "#1" }
			}
		},
		{
			"from": [ 7.5, 2, 11.5 ],
			"to": [ 9.26, 3, 12.5 ],
			"faces": {
				"down": { "uv": [ 12, 7.65, 13, 9.41 ], "texture": "#1", "rotation": 90 },
				"up": { "uv": [ 12, 6.59, 13, 8.35 ], "texture": "#1", "rotation": 270 },
				"north": { "uv": [ 6.59, 13, 8.35, 14 ], "texture": "#1" },
				"south": { "uv": [ 9.41, 14, 7.65, 13 ], "texture": "#1" },
				"west": { "uv": [ 12, 13, 13, 14 ], "texture": "#1" },
				"east": { "uv": [ 3, 13, 4, 14 ], "texture": "#1" }
			}
		},
		{
			"from": [ 7.65, 2, 12.5 ],
			"to": [ 9.15, 3, 13.5 ],
			"faces": {
				"down": { "uv": [ 13, 7.8, 14, 9.3 ], "texture": "#1", "rotation": 90 },
				"up": { "uv": [ 13, 6.7, 14, 8.2 ], "texture": "#1", "rotation": 270 },
				"north": { "uv": [ 6.7, 13, 8.2, 14 ], "texture": "#1" },
				"south": { "uv": [ 9.3, 14, 7.8, 13 ], "texture": "#1" },
				"west": { "uv": [ 13, 13, 14, 14 ], "texture": "#1" },
				"east": { "uv": [ 2, 13, 3, 14 ], "texture": "#1" }
			}
		},
		{
			"from": [ 7.5, 2, 13.5 ],
			"to": [ 9.26, 3, 14.5 ],
			"faces": {
				"down": { "uv": [ 14, 7.65, 15, 9.41 ], "texture": "#1", "rotation": 90 },
				"up": { "uv": [ 14, 6.59, 15, 8.35 ], "texture": "#1", "rotation": 270 },
				"north": { "uv": [ 6.59, 13, 8.35, 14 ], "texture": "#1" },
				"south": { "uv": [ 9.41, 14, 7.65, 13 ], "texture": "#1" },
				"west": { "uv": [ 14, 13, 15, 14 ], "texture": "#1" },
				"east": { "uv": [ 1, 13, 2, 14 ], "texture": "#1" }
			}
		},
		{
			"from": [ 7.85, 1, 10.5 ],
			"to": [ 8.85, 2, 11.5 ],
			"faces": {
				"down": { "uv": [ 11, 8, 12, 9 ], "texture": "#2", "rotation": 90 },
				"up": { "uv": [ 11, 7, 12, 8 ], "texture": "#2", "rotation": 270 },
				"north": { "uv": [ 7, 14, 8, 15 ], "texture": "#2" },
				"south": { "uv": [ 9, 15, 8, 14 ], "texture": "#2" },
				"west": { "uv": [ 11, 14, 12, 15 ], "texture": "#2" },
				"east": { "uv": [ 4, 14, 5, 15 ], "texture": "#2" }
			}
		},
		{
			"from": [ 7.85, 1, 11.5 ],
			"to": [ 8.85, 2, 12.5 ],
			"faces": {
				"down": { "uv": [ 12, 8, 13, 9 ], "texture": "#2", "rotation": 90 },
				"up": { "uv": [ 12, 7, 13, 8 ], "texture": "#2", "rotation": 270 },
				"north": { "uv": [ 7, 14, 8, 15 ], "texture": "#2" },
				"south": { "uv": [ 9, 15, 8, 14 ], "texture": "#2" },
				"west": { "uv": [ 12, 14, 13, 15 ], "texture": "#2" },
				"east": { "uv": [ 3, 14, 4, 15 ], "texture": "#2" }
			}
		},
		{
			"from": [ 7.35, 1, 12.5 ],
			"to": [ 9.35, 2, 13.5 ],
			"faces": {
				"down": { "uv": [ 13, 7.5, 14, 9.5 ], "texture": "#1", "rotation": 90 },
				"up": { "uv": [ 13, 6.5, 14, 8.5 ], "texture": "#1", "rotation": 270 },
				"north": { "uv": [ 6.5, 14, 8.5, 15 ], "texture": "#1" },
				"south": { "uv": [ 9.5, 15, 7.5, 14 ], "texture": "#1" },
				"west": { "uv": [ 13, 14, 14, 15 ], "texture": "#1" },
				"east": { "uv": [ 2, 14, 3, 15 ], "texture": "#1" }
			}
		},
		{
			"from": [ 7.5, 0, 1.5 ],
			"to": [ 9.26, 1, 2.5 ],
			"faces": {
				"down": { "uv": [ 2, 7.65, 3, 9.41 ], "texture": "#1", "rotation": 90 },
				"up": { "uv": [ 2, 6.59, 3, 8.35 ], "texture": "#1", "rotation": 270 },
				"north": { "uv": [ 6.59, 15, 8.35, 16 ], "texture": "#1" },
				"south": { "uv": [ 9.41, 16, 7.65, 15 ], "texture": "#1" },
				"west": { "uv": [ 2, 15, 3, 16 ], "texture": "#1" },
				"east": { "uv": [ 13, 15, 14, 16 ], "texture": "#1" }
			}
		},
		{
			"from": [ 7.65, 0, 2.5 ],
			"to": [ 9.15, 1, 3.5 ],
			"faces": {
				"down": { "uv": [ 3, 7.8, 4, 9.3 ], "texture": "#1", "rotation": 90 },
				"up": { "uv": [ 3, 6.7, 4, 8.2 ], "texture": "#1", "rotation": 270 },
				"north": { "uv": [ 6.7, 15, 8.2, 16 ], "texture": "#1" },
				"south": { "uv": [ 9.3, 16, 7.8, 15 ], "texture": "#1" },
				"west": { "uv": [ 3, 15, 4, 16 ], "texture": "#1" },
				"east": { "uv": [ 12, 15, 13, 16 ], "texture": "#1" }
			}
		},
		{
			"from": [ 8.25, 0, 9.5 ],
			"to": [ 9.25, 1, 10.5 ],
			"faces": {
				"down": { "uv": [ 10, 8.4, 11, 9.4 ], "texture": "#2", "rotation": 90 },
				"up": { "uv": [ 10, 6.6, 11, 7.6 ], "texture": "#2", "rotation": 270 },
				"north": { "uv": [ 6.6, 15, 7.6, 16 ], "texture": "#2" },
				"south": { "uv": [ 9.4, 16, 8.4, 15 ], "texture": "#2" },
				"west": { "uv": [ 10, 15, 11, 16 ], "texture": "#2" },
				"east": { "uv": [ 5, 15, 6, 16 ], "texture": "#2" }
			}
		}
	]
}