{
	"credit": "Made with Blockbench, a free, modern block model editor by JannisX11",
	"textures": {
		"2": "3d_decoration/3d_flower_stem_3",
		"3": "3d_decoration/double_plant_paeonia",
		"particle": "blocks/double_plant_paeonia_bottom"
	},
	"elements": [
		{
			"name": "stangen",
			"from": [4, 10, 8.95],
			"to": [5, 16, 9.95],
			"faces": {
				"north": {
					"uv": [11, 0, 12, 6],
					"texture": "#2"
				},
				"east": {
					"uv": [7.050000000000001, 6, 6.050000000000001, 0],
					"texture": "#2"
				},
				"south": {"uv": [4, 0, 5, 6], "texture": "#2"},
				"west": {"uv": [8.95, 0, 9.95, 6], "texture": "#2"},
				"up": {
					"uv": [4, 8.95, 5, 9.95],
					"texture": "#2"
				},
				"down": {
					"uv": [4, 6.050000000000001, 5, 7.050000000000001],
					"texture": "#2"
				}
			},
			"type": "cube"
		},
		{
			"name": "stangen",
			"from": [5, 0, 8.35],
			"to": [6, 16, 9.35],
			"faces": {
				"north": {
					"uv": [10, 0, 11, 16],
					"texture": "#2"
				},
				"east": {
					"uv": [7.65, 16, 6.65, 0],
					"texture": "#2"
				},
				"south": {"uv": [5, 0, 6, 16], "texture": "#2"},
				"west": {
					"uv": [8.35, 0, 9.35, 16],
					"texture": "#2"
				},
				"up": {
					"uv": [5, 8.35, 6, 9.35],
					"texture": "#2"
				},
				"down": {"uv": [5, 6.65, 6, 7.65], "texture": "#2"}
			},
			"type": "cube"
		},
		{
			"name": "stangen",
			"from": [6, 0, 8.549999999999999],
			"to": [7, 16, 9.549999999999999],
			"faces": {
				"north": {
					"uv": [9, 0, 10, 16],
					"texture": "#2"
				},
				"east": {
					"uv": [
						7.450000000000001,
						16,
						6.450000000000001,
						0
					],
					"texture": "#2"
				},
				"south": {"uv": [6, 0, 7, 16], "texture": "#2"},
				"west": {
					"uv": [
						8.549999999999999,
						0,
						9.549999999999999,
						16
					],
					"texture": "#2"
				},
				"up": {
					"uv": [6, 8.549999999999999, 7, 9.549999999999999],
					"texture": "#2"
				},
				"down": {
					"uv": [6, 6.450000000000001, 7, 7.450000000000001],
					"texture": "#2"
				}
			},
			"type": "cube"
		},
		{
			"name": "stangen",
			"from": [7, 0, 8],
			"to": [8, 16, 9],
			"faces": {
				"north": {
					"uv": [8, 0, 9, 16],
					"texture": "#2"
				},
				"east": {"uv": [8, 16, 7, 0], "texture": "#2"},
				"south": {"uv": [7, 0, 8, 16], "texture": "#2"},
				"west": {"uv": [8, 0, 9, 16], "texture": "#2"},
				"up": {
					"uv": [7, 8, 8, 9],
					"texture": "#2"
				},
				"down": {"uv": [7, 7, 8, 8], "texture": "#2"}
			},
			"type": "cube"
		},
		{
			"name": "stangen",
			"from": [8, 0, 7.449999999999999],
			"to": [9, 16, 8.45],
			"faces": {
				"north": {
					"uv": [7, 0, 8, 16],
					"texture": "#2"
				},
				"east": {
					"uv": [8.55, 16, 7.550000000000001, 0],
					"texture": "#2"
				},
				"south": {"uv": [8, 0, 9, 16], "texture": "#2"},
				"west": {
					"uv": [7.449999999999999, 0, 8.45, 16],
					"texture": "#2"
				},
				"up": {
					"uv": [8, 7.449999999999999, 9, 8.45],
					"texture": "#2"
				},
				"down": {
					"uv": [8, 7.550000000000001, 9, 8.55],
					"texture": "#2"
				}
			},
			"type": "cube"
		},
		{
			"name": "stangen",
			"from": [9, 0, 8],
			"to": [10, 16, 9],
			"faces": {
				"north": {
					"uv": [6, 0, 7, 16],
					"texture": "#2"
				},
				"east": {"uv": [8, 16, 7, 0], "texture": "#2"},
				"south": {"uv": [9, 0, 10, 16], "texture": "#2"},
				"west": {"uv": [8, 0, 9, 16], "texture": "#2"},
				"up": {
					"uv": [9, 8, 10, 9],
					"texture": "#2"
				},
				"down": {"uv": [9, 7, 10, 8], "texture": "#2"}
			},
			"type": "cube"
		},
		{
			"name": "stangen",
			"from": [10, 7, 8.55],
			"to": [11, 16, 9.55],
			"faces": {
				"north": {
					"uv": [5, 0, 6, 9],
					"texture": "#2"
				},
				"east": {
					"uv": [7.449999999999999, 9, 6.449999999999999, 0],
					"texture": "#2"
				},
				"south": {"uv": [10, 0, 11, 9], "texture": "#2"},
				"west": {"uv": [8.55, 0, 9.55, 9], "texture": "#2"},
				"up": {
					"uv": [10, 8.55, 11, 9.55],
					"texture": "#2"
				},
				"down": {
					"uv": [
						10,
						6.449999999999999,
						11,
						7.449999999999999
					],
					"texture": "#2"
				}
			},
			"type": "cube"
		},
		{
			"name": "stangen",
			"from": [11, 7, 8],
			"to": [12, 16, 9],
			"faces": {
				"north": {
					"uv": [4, 0, 5, 9],
					"texture": "#2"
				},
				"east": {"uv": [8, 9, 7, 0], "texture": "#2"},
				"south": {"uv": [11, 0, 12, 9], "texture": "#2"},
				"west": {"uv": [8, 0, 9, 9], "texture": "#2"},
				"up": {
					"uv": [11, 8, 12, 9],
					"texture": "#2"
				},
				"down": {"uv": [11, 7, 12, 8], "texture": "#2"}
			},
			"type": "cube"
		},
		{
			"name": "stangen",
			"from": [12, 15, 8],
			"to": [13, 16, 9],
			"faces": {
				"north": {
					"uv": [3, 0, 4, 1],
					"texture": "#2"
				},
				"east": {"uv": [8, 1, 7, 0], "texture": "#2"},
				"south": {"uv": [12, 0, 13, 1], "texture": "#2"},
				"west": {"uv": [8, 0, 9, 1], "texture": "#2"},
				"up": {
					"uv": [12, 8, 13, 9],
					"texture": "#2"
				},
				"down": {"uv": [12, 7, 13, 8], "texture": "#2"}
			},
			"type": "cube"
		},
		{
			"name": "stangen",
			"from": [1, 13, 8.700000000000001],
			"to": [2, 15, 9.700000000000001],
			"faces": {
				"north": {
					"uv": [14, 1, 15, 3],
					"texture": "#2"
				},
				"east": {
					"uv": [7.299999999999999, 3, 6.299999999999999, 1],
					"texture": "#2"
				},
				"south": {"uv": [1, 1, 2, 3], "texture": "#2"},
				"west": {
					"uv": [8.700000000000001, 1, 9.700000000000001, 3],
					"texture": "#2"
				},
				"up": {
					"uv": [1, 8.700000000000001, 2, 9.700000000000001],
					"texture": "#2"
				},
				"down": {
					"uv": [1, 6.299999999999999, 2, 7.299999999999999],
					"texture": "#2"
				}
			},
			"type": "cube"
		},
		{
			"name": "stangen",
			"from": [2, 13, 9.049999999999999],
			"to": [3, 15, 10.049999999999999],
			"faces": {
				"north": {
					"uv": [13, 1, 14, 3],
					"texture": "#2"
				},
				"east": {
					"uv": [6.950000000000001, 3, 5.950000000000001, 1],
					"texture": "#2"
				},
				"south": {"uv": [2, 1, 3, 3], "texture": "#2"},
				"west": {
					"uv": [
						9.049999999999999,
						1,
						10.049999999999999,
						3
					],
					"texture": "#2"
				},
				"up": {
					"uv": [
						2,
						9.049999999999999,
						3,
						10.049999999999999
					],
					"texture": "#2"
				},
				"down": {
					"uv": [2, 5.950000000000001, 3, 6.950000000000001],
					"texture": "#2"
				}
			},
			"type": "cube"
		},
		{
			"name": "stangen",
			"from": [3, 11, 9.4],
			"to": [4, 14, 10.4],
			"faces": {
				"north": {
					"uv": [12, 2, 13, 5],
					"texture": "#2"
				},
				"east": {"uv": [6.6, 5, 5.6, 2], "texture": "#2"},
				"south": {"uv": [3, 2, 4, 5], "texture": "#2"},
				"west": {"uv": [9.4, 2, 10.4, 5], "texture": "#2"},
				"up": {
					"uv": [3, 9.4, 4, 10.4],
					"texture": "#2"
				},
				"down": {"uv": [3, 5.6, 4, 6.6], "texture": "#2"}
			},
			"type": "cube"
		},
		{
			"name": "stangen",
			"from": [12, 9, 8.350000000000001],
			"to": [13, 12, 9.350000000000001],
			"faces": {
				"north": {
					"uv": [3, 4, 4, 7],
					"texture": "#2"
				},
				"east": {
					"uv": [7.649999999999999, 7, 6.649999999999999, 4],
					"texture": "#2"
				},
				"south": {"uv": [12, 4, 13, 7], "texture": "#2"},
				"west": {
					"uv": [8.350000000000001, 4, 9.350000000000001, 7],
					"texture": "#2"
				},
				"up": {
					"uv": [
						12,
						8.350000000000001,
						13,
						9.350000000000001
					],
					"texture": "#2"
				},
				"down": {
					"uv": [
						12,
						6.649999999999999,
						13,
						7.649999999999999
					],
					"texture": "#2"
				}
			},
			"type": "cube"
		},
		{
			"name": "stangen",
			"from": [13, 9, 8.65],
			"to": [14, 11, 9.65],
			"faces": {
				"north": {
					"uv": [2, 5, 3, 7],
					"texture": "#2"
				},
				"east": {"uv": [7.35, 7, 6.35, 5], "texture": "#2"},
				"south": {"uv": [13, 5, 14, 7], "texture": "#2"},
				"west": {"uv": [8.65, 5, 9.65, 7], "texture": "#2"},
				"up": {
					"uv": [13, 8.65, 14, 9.65],
					"texture": "#2"
				},
				"down": {
					"uv": [13, 6.35, 14, 7.35],
					"texture": "#2"
				}
			},
			"type": "cube"
		},
		{
			"name": "stangen",
			"from": [14, 10, 8.2],
			"to": [15, 11, 9.2],
			"faces": {
				"north": {
					"uv": [1, 5, 2, 6],
					"texture": "#2"
				},
				"east": {
					"uv": [7.800000000000001, 6, 6.800000000000001, 5],
					"texture": "#2"
				},
				"south": {"uv": [14, 5, 15, 6], "texture": "#2"},
				"west": {"uv": [8.2, 5, 9.2, 6], "texture": "#2"},
				"up": {
					"uv": [14, 8.2, 15, 9.2],
					"texture": "#2"
				},
				"down": {
					"uv": [
						14,
						6.800000000000001,
						15,
						7.800000000000001
					],
					"texture": "#2"
				}
			},
			"type": "cube"
		},
		{
			"name": "stangen",
			"from": [1, 9, 7.4],
			"to": [2, 10, 8.4],
			"faces": {
				"north": {
					"uv": [14, 6, 15, 7],
					"texture": "#2"
				},
				"east": {"uv": [8.6, 7, 7.6, 6], "texture": "#2"},
				"south": {"uv": [1, 6, 2, 7], "texture": "#2"},
				"west": {"uv": [7.4, 6, 8.4, 7], "texture": "#2"},
				"up": {
					"uv": [1, 7.4, 2, 8.4],
					"texture": "#2"
				},
				"down": {"uv": [1, 7.6, 2, 8.6], "texture": "#2"}
			},
			"type": "cube"
		},
		{
			"name": "stangen",
			"from": [2, 8, 7.65],
			"to": [3, 10, 8.65],
			"faces": {
				"north": {
					"uv": [13, 6, 14, 8],
					"texture": "#2"
				},
				"east": {"uv": [8.35, 8, 7.35, 6], "texture": "#2"},
				"south": {"uv": [2, 6, 3, 8], "texture": "#2"},
				"west": {"uv": [7.65, 6, 8.65, 8], "texture": "#2"},
				"up": {
					"uv": [2, 7.65, 3, 8.65],
					"texture": "#2"
				},
				"down": {"uv": [2, 7.35, 3, 8.35], "texture": "#2"}
			},
			"type": "cube"
		},
		{
			"name": "stangen",
			"from": [3, 4, 8],
			"to": [4, 10, 9],
			"faces": {
				"north": {
					"uv": [12, 6, 13, 12],
					"texture": "#2"
				},
				"east": {"uv": [8, 12, 7, 6], "texture": "#2"},
				"south": {"uv": [3, 6, 4, 12], "texture": "#2"},
				"west": {"uv": [8, 6, 9, 12], "texture": "#2"},
				"up": {
					"uv": [3, 8, 4, 9],
					"texture": "#2"
				},
				"down": {"uv": [3, 7, 4, 8], "texture": "#2"}
			},
			"type": "cube"
		},
		{
			"name": "stangen",
			"from": [4, 3, 8],
			"to": [5, 9, 9],
			"faces": {
				"north": {
					"uv": [11, 7, 12, 13],
					"texture": "#2"
				},
				"east": {"uv": [8, 13, 7, 7], "texture": "#2"},
				"south": {"uv": [4, 7, 5, 13], "texture": "#2"},
				"west": {"uv": [8, 7, 9, 13], "texture": "#2"},
				"up": {
					"uv": [4, 8, 5, 9],
					"texture": "#2"
				},
				"down": {"uv": [4, 7, 5, 8], "texture": "#2"}
			},
			"type": "cube"
		},
		{
			"name": "stangen",
			"from": [1, 5, 8.65],
			"to": [2, 7, 9.65],
			"faces": {
				"north": {
					"uv": [14, 9, 15, 11],
					"texture": "#2"
				},
				"east": {
					"uv": [7.35, 11, 6.35, 9],
					"texture": "#2"
				},
				"south": {"uv": [1, 9, 2, 11], "texture": "#2"},
				"west": {
					"uv": [8.65, 9, 9.65, 11],
					"texture": "#2"
				},
				"up": {
					"uv": [1, 8.65, 2, 9.65],
					"texture": "#2"
				},
				"down": {"uv": [1, 6.35, 2, 7.35], "texture": "#2"}
			},
			"type": "cube"
		},
		{
			"name": "stangen",
			"from": [2, 5, 8.3],
			"to": [3, 7, 9.3],
			"faces": {
				"north": {
					"uv": [13, 9, 14, 11],
					"texture": "#2"
				},
				"east": {
					"uv": [
						7.699999999999999,
						11,
						6.699999999999999,
						9
					],
					"texture": "#2"
				},
				"south": {"uv": [2, 9, 3, 11], "texture": "#2"},
				"west": {"uv": [8.3, 9, 9.3, 11], "texture": "#2"},
				"up": {
					"uv": [2, 8.3, 3, 9.3],
					"texture": "#2"
				},
				"down": {
					"uv": [2, 6.699999999999999, 3, 7.699999999999999],
					"texture": "#2"
				}
			},
			"type": "cube"
		},
		{
			"name": "stangen",
			"from": [12, 4, 8],
			"to": [13, 7, 9],
			"faces": {
				"north": {
					"uv": [3, 9, 4, 12],
					"texture": "#2"
				},
				"east": {"uv": [8, 12, 7, 9], "texture": "#2"},
				"south": {"uv": [12, 9, 13, 12], "texture": "#2"},
				"west": {"uv": [8, 9, 9, 12], "texture": "#2"},
				"up": {
					"uv": [12, 8, 13, 9],
					"texture": "#2"
				},
				"down": {"uv": [12, 7, 13, 8], "texture": "#2"}
			},
			"type": "cube"
		},
		{
			"name": "stangen",
			"from": [13, 5, 8],
			"to": [14, 7, 9],
			"faces": {
				"north": {
					"uv": [2, 9, 3, 11],
					"texture": "#2"
				},
				"east": {"uv": [8, 11, 7, 9], "texture": "#2"},
				"south": {"uv": [13, 9, 14, 11], "texture": "#2"},
				"west": {"uv": [8, 9, 9, 11], "texture": "#2"},
				"up": {
					"uv": [13, 8, 14, 9],
					"texture": "#2"
				},
				"down": {"uv": [13, 7, 14, 8], "texture": "#2"}
			},
			"type": "cube"
		},
		{
			"name": "stangen",
			"from": [14, 6, 8],
			"to": [15, 7, 9],
			"faces": {
				"north": {
					"uv": [1, 9, 2, 10],
					"texture": "#2"
				},
				"east": {"uv": [8, 10, 7, 9], "texture": "#2"},
				"south": {"uv": [14, 9, 15, 10], "texture": "#2"},
				"west": {"uv": [8, 9, 9, 10], "texture": "#2"},
				"up": {
					"uv": [14, 8, 15, 9],
					"texture": "#2"
				},
				"down": {"uv": [14, 7, 15, 8], "texture": "#2"}
			},
			"type": "cube"
		},
		{
			"name": "stangen",
			"from": [10, 3, 8],
			"to": [11, 6, 9],
			"faces": {
				"north": {
					"uv": [5, 10, 6, 13],
					"texture": "#2"
				},
				"east": {"uv": [8, 13, 7, 10], "texture": "#2"},
				"south": {"uv": [10, 10, 11, 13], "texture": "#2"},
				"west": {"uv": [8, 10, 9, 13], "texture": "#2"},
				"up": {
					"uv": [10, 8, 11, 9],
					"texture": "#2"
				},
				"down": {"uv": [10, 7, 11, 8], "texture": "#2"}
			},
			"type": "cube"
		},
		{
			"name": "stangen",
			"from": [11, 4, 8],
			"to": [12, 6, 9],
			"faces": {
				"north": {
					"uv": [4, 10, 5, 12],
					"texture": "#2"
				},
				"east": {"uv": [8, 12, 7, 10], "texture": "#2"},
				"south": {"uv": [11, 10, 12, 12], "texture": "#2"},
				"west": {"uv": [8, 10, 9, 12], "texture": "#2"},
				"up": {
					"uv": [11, 8, 12, 9],
					"texture": "#2"
				},
				"down": {"uv": [11, 7, 12, 8], "texture": "#2"}
			},
			"type": "cube"
		},
		{
			"name": "bluete",
			"from": [8.7, 9.65, 9],
			"to": [11.7, 12.65, 10.5],
			"faces": {
				"north": {
					"uv": [
						4.300000000000001,
						3.3499999999999996,
						7.300000000000001,
						6.35
					],
					"texture": "#3"
				},
				"east": {
					"uv": [7, 6.35, 5.5, 3.3499999999999996],
					"texture": "#3"
				},
				"south": {
					"uv": [8.7, 3.3499999999999996, 11.7, 6.35],
					"texture": "#3"
				},
				"west": {
					"uv": [9, 3.3499999999999996, 10.5, 6.35],
					"texture": "#3"
				},
				"up": {
					"uv": [8.7, 9, 11.7, 10.5],
					"texture": "#3"
				},
				"down": {
					"uv": [8.7, 5.5, 11.7, 7],
					"texture": "#3"
				}
			},
			"type": "cube"
		},
		{
			"name": "bluete",
			"from": [7.699999999999999, 9.65, 9],
			"to": [8.7, 11.65, 10.5],
			"faces": {
				"north": {
					"uv": [7.300000000000001, 4.35, 8.3, 6.35],
					"texture": "#3"
				},
				"east": {
					"uv": [7, 6.35, 5.5, 4.35],
					"texture": "#3"
				},
				"south": {
					"uv": [7.699999999999999, 4.35, 8.7, 6.35],
					"texture": "#3"
				},
				"west": {
					"uv": [9, 4.35, 10.5, 6.35],
					"texture": "#3"
				},
				"up": {
					"uv": [7.699999999999999, 9, 8.7, 10.5],
					"texture": "#3"
				},
				"down": {
					"uv": [7.699999999999999, 5.5, 8.7, 7],
					"texture": "#3"
				}
			},
			"type": "cube"
		},
		{
			"name": "bluete",
			"from": [11.7, 10.65, 9],
			"to": [12.7, 11.65, 10.5],
			"faces": {
				"north": {
					"uv": [
						3.3000000000000007,
						4.35,
						4.300000000000001,
						5.35
					],
					"texture": "#3"
				},
				"east": {
					"uv": [7, 5.35, 5.5, 4.35],
					"texture": "#3"
				},
				"south": {
					"uv": [11.7, 4.35, 12.7, 5.35],
					"texture": "#3"
				},
				"west": {
					"uv": [9, 4.35, 10.5, 5.35],
					"texture": "#3"
				},
				"up": {
					"uv": [11.7, 9, 12.7, 10.5],
					"texture": "#3"
				},
				"down": {
					"uv": [11.7, 5.5, 12.7, 7],
					"texture": "#3"
				}
			},
			"type": "cube"
		},
		{
			"name": "bluete",
			"from": [8.7, 8.65, 9],
			"to": [10.7, 9.65, 10.5],
			"faces": {
				"north": {
					"uv": [
						5.300000000000001,
						6.35,
						7.300000000000001,
						7.35
					],
					"texture": "#3"
				},
				"east": {
					"uv": [7, 7.35, 5.5, 6.35],
					"texture": "#3"
				},
				"south": {
					"uv": [8.7, 6.35, 10.7, 7.35],
					"texture": "#3"
				},
				"west": {
					"uv": [9, 6.35, 10.5, 7.35],
					"texture": "#3"
				},
				"up": {
					"uv": [8.7, 9, 10.7, 10.5],
					"texture": "#3"
				},
				"down": {
					"uv": [8.7, 5.5, 10.7, 7],
					"texture": "#3"
				}
			},
			"type": "cube"
		},
		{
			"name": "bluete",
			"from": [4.300000000000001, 9.8, 7.25],
			"to": [7.300000000000001, 12.8, 8.75],
			"faces": {
				"north": {
					"uv": [
						8.7,
						3.1999999999999993,
						11.7,
						6.199999999999999
					],
					"texture": "#3"
				},
				"east": {
					"uv": [
						8.75,
						6.199999999999999,
						7.25,
						3.1999999999999993
					],
					"texture": "#3"
				},
				"south": {
					"uv": [
						4.300000000000001,
						3.1999999999999993,
						7.300000000000001,
						6.199999999999999
					],
					"texture": "#3"
				},
				"west": {
					"uv": [
						7.25,
						3.1999999999999993,
						8.75,
						6.199999999999999
					],
					"texture": "#3"
				},
				"up": {
					"uv": [
						4.300000000000001,
						7.25,
						7.300000000000001,
						8.75
					],
					"texture": "#3"
				},
				"down": {
					"uv": [
						4.300000000000001,
						7.25,
						7.300000000000001,
						8.75
					],
					"texture": "#3"
				}
			},
			"type": "cube"
		},
		{
			"name": "bluete",
			"from": [7.300000000000001, 9.8, 7.25],
			"to": [8.3, 11.8, 8.75],
			"faces": {
				"north": {
					"uv": [
						7.699999999999999,
						4.199999999999999,
						8.7,
						6.199999999999999
					],
					"texture": "#3"
				},
				"east": {
					"uv": [
						8.75,
						6.199999999999999,
						7.25,
						4.199999999999999
					],
					"texture": "#3"
				},
				"south": {
					"uv": [
						7.300000000000001,
						4.199999999999999,
						8.3,
						6.199999999999999
					],
					"texture": "#3"
				},
				"west": {
					"uv": [
						7.25,
						4.199999999999999,
						8.75,
						6.199999999999999
					],
					"texture": "#3"
				},
				"up": {
					"uv": [7.300000000000001, 7.25, 8.3, 8.75],
					"texture": "#3"
				},
				"down": {
					"uv": [7.300000000000001, 7.25, 8.3, 8.75],
					"texture": "#3"
				}
			},
			"type": "cube"
		},
		{
			"name": "bluete",
			"from": [3.3000000000000007, 10.8, 7.25],
			"to": [4.300000000000001, 11.8, 8.75],
			"faces": {
				"north": {
					"uv": [
						11.7,
						4.199999999999999,
						12.7,
						5.199999999999999
					],
					"texture": "#3"
				},
				"east": {
					"uv": [
						8.75,
						5.199999999999999,
						7.25,
						4.199999999999999
					],
					"texture": "#3"
				},
				"south": {
					"uv": [
						3.3000000000000007,
						4.199999999999999,
						4.300000000000001,
						5.199999999999999
					],
					"texture": "#3"
				},
				"west": {
					"uv": [
						7.25,
						4.199999999999999,
						8.75,
						5.199999999999999
					],
					"texture": "#3"
				},
				"up": {
					"uv": [
						3.3000000000000007,
						7.25,
						4.300000000000001,
						8.75
					],
					"texture": "#3"
				},
				"down": {
					"uv": [
						3.3000000000000007,
						7.25,
						4.300000000000001,
						8.75
					],
					"texture": "#3"
				}
			},
			"type": "cube"
		},
		{
			"name": "bluete",
			"from": [5.300000000000001, 8.8, 7.25],
			"to": [7.300000000000001, 9.8, 8.75],
			"faces": {
				"north": {
					"uv": [
						8.7,
						6.199999999999999,
						10.7,
						7.199999999999999
					],
					"texture": "#3"
				},
				"east": {
					"uv": [
						8.75,
						7.199999999999999,
						7.25,
						6.199999999999999
					],
					"texture": "#3"
				},
				"south": {
					"uv": [
						5.300000000000001,
						6.199999999999999,
						7.300000000000001,
						7.199999999999999
					],
					"texture": "#3"
				},
				"west": {
					"uv": [
						7.25,
						6.199999999999999,
						8.75,
						7.199999999999999
					],
					"texture": "#3"
				},
				"up": {
					"uv": [
						5.300000000000001,
						7.25,
						7.300000000000001,
						8.75
					],
					"texture": "#3"
				},
				"down": {
					"uv": [
						5.300000000000001,
						7.25,
						7.300000000000001,
						8.75
					],
					"texture": "#3"
				}
			},
			"type": "cube"
		},
		{
			"name": "stangen",
			"from": [6.050000000000001, 10, 4],
			"to": [7.050000000000001, 16, 5],
			"faces": {
				"north": {
					"uv": [8.95, 0, 9.95, 6],
					"texture": "#2"
				},
				"east": {
					"uv": [11, 0, 12, 6],
					"texture": "#2"
				},
				"south": {
					"uv": [7.050000000000001, 6, 6.050000000000001, 0],
					"texture": "#2"
				},
				"west": {"uv": [4, 0, 5, 6], "texture": "#2"},
				"up": {
					"uv": [4, 8.95, 5, 9.95],
					"texture": "#2",
					"rotation": 270
				},
				"down": {
					"uv": [4, 6.050000000000001, 5, 7.050000000000001],
					"texture": "#2",
					"rotation": 270
				}
			},
			"type": "cube"
		},
		{
			"name": "stangen",
			"from": [6.65, 0, 5],
			"to": [7.65, 16, 6],
			"faces": {
				"north": {
					"uv": [8.35, 0, 9.35, 16],
					"texture": "#2"
				},
				"east": {
					"uv": [10, 0, 11, 16],
					"texture": "#2"
				},
				"south": {
					"uv": [7.65, 16, 6.65, 0],
					"texture": "#2"
				},
				"west": {"uv": [5, 0, 6, 16], "texture": "#2"},
				"up": {
					"uv": [5, 8.35, 6, 9.35],
					"texture": "#2",
					"rotation": 270
				},
				"down": {
					"uv": [5, 6.65, 6, 7.65],
					"texture": "#2",
					"rotation": 270
				}
			},
			"type": "cube"
		},
		{
			"name": "stangen",
			"from": [6.450000000000001, 0, 6],
			"to": [7.450000000000001, 16, 7],
			"faces": {
				"north": {
					"uv": [
						8.549999999999999,
						0,
						9.549999999999999,
						16
					],
					"texture": "#2"
				},
				"east": {
					"uv": [9, 0, 10, 16],
					"texture": "#2"
				},
				"south": {
					"uv": [
						7.450000000000001,
						16,
						6.450000000000001,
						0
					],
					"texture": "#2"
				},
				"west": {"uv": [6, 0, 7, 16], "texture": "#2"},
				"up": {
					"uv": [6, 8.549999999999999, 7, 9.549999999999999],
					"texture": "#2",
					"rotation": 270
				},
				"down": {
					"uv": [6, 6.450000000000001, 7, 7.450000000000001],
					"texture": "#2",
					"rotation": 270
				}
			},
			"type": "cube"
		},
		{
			"name": "stangen",
			"from": [7, 0, 7],
			"to": [8, 16, 8],
			"faces": {
				"north": {"uv": [8, 0, 9, 16], "texture": "#2"},
				"east": {
					"uv": [8, 0, 9, 16],
					"texture": "#2"
				},
				"south": {"uv": [8, 16, 7, 0], "texture": "#2"},
				"west": {"uv": [7, 0, 8, 16], "texture": "#2"},
				"up": {
					"uv": [7, 8, 8, 9],
					"texture": "#2",
					"rotation": 270
				},
				"down": {
					"uv": [7, 7, 8, 8],
					"texture": "#2",
					"rotation": 270
				}
			},
			"type": "cube"
		},
		{
			"name": "stangen",
			"from": [7, 0, 9],
			"to": [8, 16, 10],
			"faces": {
				"north": {"uv": [8, 0, 9, 16], "texture": "#2"},
				"east": {
					"uv": [6, 0, 7, 16],
					"texture": "#2"
				},
				"south": {"uv": [8, 16, 7, 0], "texture": "#2"},
				"west": {"uv": [9, 0, 10, 16], "texture": "#2"},
				"up": {
					"uv": [9, 8, 10, 9],
					"texture": "#2",
					"rotation": 270
				},
				"down": {
					"uv": [9, 7, 10, 8],
					"texture": "#2",
					"rotation": 270
				}
			},
			"type": "cube"
		},
		{
			"name": "stangen",
			"from": [6.449999999999999, 7, 10],
			"to": [7.449999999999999, 16, 11],
			"faces": {
				"north": {
					"uv": [8.55, 0, 9.55, 9],
					"texture": "#2"
				},
				"east": {
					"uv": [5, 0, 6, 9],
					"texture": "#2"
				},
				"south": {
					"uv": [7.449999999999999, 9, 6.449999999999999, 0],
					"texture": "#2"
				},
				"west": {"uv": [10, 0, 11, 9], "texture": "#2"},
				"up": {
					"uv": [10, 8.55, 11, 9.55],
					"texture": "#2",
					"rotation": 270
				},
				"down": {
					"uv": [
						10,
						6.449999999999999,
						11,
						7.449999999999999
					],
					"texture": "#2",
					"rotation": 270
				}
			},
			"type": "cube"
		},
		{
			"name": "stangen",
			"from": [7, 7, 11],
			"to": [8, 16, 12],
			"faces": {
				"north": {"uv": [8, 0, 9, 9], "texture": "#2"},
				"east": {
					"uv": [4, 0, 5, 9],
					"texture": "#2"
				},
				"south": {"uv": [8, 9, 7, 0], "texture": "#2"},
				"west": {"uv": [11, 0, 12, 9], "texture": "#2"},
				"up": {
					"uv": [11, 8, 12, 9],
					"texture": "#2",
					"rotation": 270
				},
				"down": {
					"uv": [11, 7, 12, 8],
					"texture": "#2",
					"rotation": 270
				}
			},
			"type": "cube"
		},
		{
			"name": "stangen",
			"from": [7, 15, 12],
			"to": [8, 16, 13],
			"faces": {
				"north": {"uv": [8, 0, 9, 1], "texture": "#2"},
				"east": {
					"uv": [3, 0, 4, 1],
					"texture": "#2"
				},
				"south": {"uv": [8, 1, 7, 0], "texture": "#2"},
				"west": {"uv": [12, 0, 13, 1], "texture": "#2"},
				"up": {
					"uv": [12, 8, 13, 9],
					"texture": "#2",
					"rotation": 270
				},
				"down": {
					"uv": [12, 7, 13, 8],
					"texture": "#2",
					"rotation": 270
				}
			},
			"type": "cube"
		},
		{
			"name": "stangen",
			"from": [6.299999999999999, 13, 1],
			"to": [7.299999999999999, 15, 2],
			"faces": {
				"north": {
					"uv": [8.700000000000001, 1, 9.700000000000001, 3],
					"texture": "#2"
				},
				"east": {
					"uv": [14, 1, 15, 3],
					"texture": "#2"
				},
				"south": {
					"uv": [7.299999999999999, 3, 6.299999999999999, 1],
					"texture": "#2"
				},
				"west": {"uv": [1, 1, 2, 3], "texture": "#2"},
				"up": {
					"uv": [1, 8.700000000000001, 2, 9.700000000000001],
					"texture": "#2",
					"rotation": 270
				},
				"down": {
					"uv": [1, 6.299999999999999, 2, 7.299999999999999],
					"texture": "#2",
					"rotation": 270
				}
			},
			"type": "cube"
		},
		{
			"name": "stangen",
			"from": [5.950000000000001, 13, 2],
			"to": [6.950000000000001, 15, 3],
			"faces": {
				"north": {
					"uv": [
						9.049999999999999,
						1,
						10.049999999999999,
						3
					],
					"texture": "#2"
				},
				"east": {
					"uv": [13, 1, 14, 3],
					"texture": "#2"
				},
				"south": {
					"uv": [6.950000000000001, 3, 5.950000000000001, 1],
					"texture": "#2"
				},
				"west": {"uv": [2, 1, 3, 3], "texture": "#2"},
				"up": {
					"uv": [
						2,
						9.049999999999999,
						3,
						10.049999999999999
					],
					"texture": "#2",
					"rotation": 270
				},
				"down": {
					"uv": [2, 5.950000000000001, 3, 6.950000000000001],
					"texture": "#2",
					"rotation": 270
				}
			},
			"type": "cube"
		},
		{
			"name": "stangen",
			"from": [5.6, 11, 3],
			"to": [6.6, 14, 4],
			"faces": {
				"north": {"uv": [9.4, 2, 10.4, 5], "texture": "#2"},
				"east": {
					"uv": [12, 2, 13, 5],
					"texture": "#2"
				},
				"south": {"uv": [6.6, 5, 5.6, 2], "texture": "#2"},
				"west": {"uv": [3, 2, 4, 5], "texture": "#2"},
				"up": {
					"uv": [3, 9.4, 4, 10.4],
					"texture": "#2",
					"rotation": 270
				},
				"down": {
					"uv": [3, 5.6, 4, 6.6],
					"texture": "#2",
					"rotation": 270
				}
			},
			"type": "cube"
		},
		{
			"name": "stangen",
			"from": [6.649999999999999, 9, 12],
			"to": [7.649999999999999, 12, 13],
			"faces": {
				"north": {
					"uv": [8.350000000000001, 4, 9.350000000000001, 7],
					"texture": "#2"
				},
				"east": {
					"uv": [3, 4, 4, 7],
					"texture": "#2"
				},
				"south": {
					"uv": [7.649999999999999, 7, 6.649999999999999, 4],
					"texture": "#2"
				},
				"west": {"uv": [12, 4, 13, 7], "texture": "#2"},
				"up": {
					"uv": [
						12,
						8.350000000000001,
						13,
						9.350000000000001
					],
					"texture": "#2",
					"rotation": 270
				},
				"down": {
					"uv": [
						12,
						6.649999999999999,
						13,
						7.649999999999999
					],
					"texture": "#2",
					"rotation": 270
				}
			},
			"type": "cube"
		},
		{
			"name": "stangen",
			"from": [6.35, 9, 13],
			"to": [7.35, 11, 14],
			"faces": {
				"north": {
					"uv": [8.65, 5, 9.65, 7],
					"texture": "#2"
				},
				"east": {
					"uv": [2, 5, 3, 7],
					"texture": "#2"
				},
				"south": {
					"uv": [7.35, 7, 6.35, 5],
					"texture": "#2"
				},
				"west": {"uv": [13, 5, 14, 7], "texture": "#2"},
				"up": {
					"uv": [13, 8.65, 14, 9.65],
					"texture": "#2",
					"rotation": 270
				},
				"down": {
					"uv": [13, 6.35, 14, 7.35],
					"texture": "#2",
					"rotation": 270
				}
			},
			"type": "cube"
		},
		{
			"name": "stangen",
			"from": [6.800000000000001, 10, 14],
			"to": [7.800000000000001, 11, 15],
			"faces": {
				"north": {"uv": [8.2, 5, 9.2, 6], "texture": "#2"},
				"east": {
					"uv": [1, 5, 2, 6],
					"texture": "#2"
				},
				"south": {
					"uv": [7.800000000000001, 6, 6.800000000000001, 5],
					"texture": "#2"
				},
				"west": {"uv": [14, 5, 15, 6], "texture": "#2"},
				"up": {
					"uv": [14, 8.2, 15, 9.2],
					"texture": "#2",
					"rotation": 270
				},
				"down": {
					"uv": [
						14,
						6.800000000000001,
						15,
						7.800000000000001
					],
					"texture": "#2",
					"rotation": 270
				}
			},
			"type": "cube"
		},
		{
			"name": "stangen",
			"from": [7.6, 9, 1],
			"to": [8.6, 10, 2],
			"faces": {
				"north": {"uv": [7.4, 6, 8.4, 7], "texture": "#2"},
				"east": {
					"uv": [14, 6, 15, 7],
					"texture": "#2"
				},
				"south": {"uv": [8.6, 7, 7.6, 6], "texture": "#2"},
				"west": {"uv": [1, 6, 2, 7], "texture": "#2"},
				"up": {
					"uv": [1, 7.4, 2, 8.4],
					"texture": "#2",
					"rotation": 270
				},
				"down": {
					"uv": [1, 7.6, 2, 8.6],
					"texture": "#2",
					"rotation": 270
				}
			},
			"type": "cube"
		},
		{
			"name": "stangen",
			"from": [7.35, 8, 2],
			"to": [8.35, 10, 3],
			"faces": {
				"north": {
					"uv": [7.65, 6, 8.65, 8],
					"texture": "#2"
				},
				"east": {
					"uv": [13, 6, 14, 8],
					"texture": "#2"
				},
				"south": {
					"uv": [8.35, 8, 7.35, 6],
					"texture": "#2"
				},
				"west": {"uv": [2, 6, 3, 8], "texture": "#2"},
				"up": {
					"uv": [2, 7.65, 3, 8.65],
					"texture": "#2",
					"rotation": 270
				},
				"down": {
					"uv": [2, 7.35, 3, 8.35],
					"texture": "#2",
					"rotation": 270
				}
			},
			"type": "cube"
		},
		{
			"name": "stangen",
			"from": [7, 4, 3],
			"to": [8, 10, 4],
			"faces": {
				"north": {"uv": [8, 6, 9, 12], "texture": "#2"},
				"east": {
					"uv": [12, 6, 13, 12],
					"texture": "#2"
				},
				"south": {"uv": [8, 12, 7, 6], "texture": "#2"},
				"west": {"uv": [3, 6, 4, 12], "texture": "#2"},
				"up": {
					"uv": [3, 8, 4, 9],
					"texture": "#2",
					"rotation": 270
				},
				"down": {
					"uv": [3, 7, 4, 8],
					"texture": "#2",
					"rotation": 270
				}
			},
			"type": "cube"
		},
		{
			"name": "stangen",
			"from": [7, 3, 4],
			"to": [8, 9, 5],
			"faces": {
				"north": {"uv": [8, 7, 9, 13], "texture": "#2"},
				"east": {
					"uv": [11, 7, 12, 13],
					"texture": "#2"
				},
				"south": {"uv": [8, 13, 7, 7], "texture": "#2"},
				"west": {"uv": [4, 7, 5, 13], "texture": "#2"},
				"up": {
					"uv": [4, 8, 5, 9],
					"texture": "#2",
					"rotation": 270
				},
				"down": {
					"uv": [4, 7, 5, 8],
					"texture": "#2",
					"rotation": 270
				}
			},
			"type": "cube"
		},
		{
			"name": "stangen",
			"from": [6.35, 5, 1],
			"to": [7.35, 7, 2],
			"faces": {
				"north": {
					"uv": [8.65, 9, 9.65, 11],
					"texture": "#2"
				},
				"east": {
					"uv": [14, 9, 15, 11],
					"texture": "#2"
				},
				"south": {
					"uv": [7.35, 11, 6.35, 9],
					"texture": "#2"
				},
				"west": {"uv": [1, 9, 2, 11], "texture": "#2"},
				"up": {
					"uv": [1, 8.65, 2, 9.65],
					"texture": "#2",
					"rotation": 270
				},
				"down": {
					"uv": [1, 6.35, 2, 7.35],
					"texture": "#2",
					"rotation": 270
				}
			},
			"type": "cube"
		},
		{
			"name": "stangen",
			"from": [6.699999999999999, 5, 2],
			"to": [7.699999999999999, 7, 3],
			"faces": {
				"north": {"uv": [8.3, 9, 9.3, 11], "texture": "#2"},
				"east": {
					"uv": [13, 9, 14, 11],
					"texture": "#2"
				},
				"south": {
					"uv": [
						7.699999999999999,
						11,
						6.699999999999999,
						9
					],
					"texture": "#2"
				},
				"west": {"uv": [2, 9, 3, 11], "texture": "#2"},
				"up": {
					"uv": [2, 8.3, 3, 9.3],
					"texture": "#2",
					"rotation": 270
				},
				"down": {
					"uv": [2, 6.699999999999999, 3, 7.699999999999999],
					"texture": "#2",
					"rotation": 270
				}
			},
			"type": "cube"
		},
		{
			"name": "stangen",
			"from": [7, 4, 12],
			"to": [8, 7, 13],
			"faces": {
				"north": {"uv": [8, 9, 9, 12], "texture": "#2"},
				"east": {
					"uv": [3, 9, 4, 12],
					"texture": "#2"
				},
				"south": {"uv": [8, 12, 7, 9], "texture": "#2"},
				"west": {"uv": [12, 9, 13, 12], "texture": "#2"},
				"up": {
					"uv": [12, 8, 13, 9],
					"texture": "#2",
					"rotation": 270
				},
				"down": {
					"uv": [12, 7, 13, 8],
					"texture": "#2",
					"rotation": 270
				}
			},
			"type": "cube"
		},
		{
			"name": "stangen",
			"from": [7, 5, 13],
			"to": [8, 7, 14],
			"faces": {
				"north": {"uv": [8, 9, 9, 11], "texture": "#2"},
				"east": {
					"uv": [2, 9, 3, 11],
					"texture": "#2"
				},
				"south": {"uv": [8, 11, 7, 9], "texture": "#2"},
				"west": {"uv": [13, 9, 14, 11], "texture": "#2"},
				"up": {
					"uv": [13, 8, 14, 9],
					"texture": "#2",
					"rotation": 270
				},
				"down": {
					"uv": [13, 7, 14, 8],
					"texture": "#2",
					"rotation": 270
				}
			},
			"type": "cube"
		},
		{
			"name": "stangen",
			"from": [7, 6, 14],
			"to": [8, 7, 15],
			"faces": {
				"north": {"uv": [8, 9, 9, 10], "texture": "#2"},
				"east": {
					"uv": [1, 9, 2, 10],
					"texture": "#2"
				},
				"south": {"uv": [8, 10, 7, 9], "texture": "#2"},
				"west": {"uv": [14, 9, 15, 10], "texture": "#2"},
				"up": {
					"uv": [14, 8, 15, 9],
					"texture": "#2",
					"rotation": 270
				},
				"down": {
					"uv": [14, 7, 15, 8],
					"texture": "#2",
					"rotation": 270
				}
			},
			"type": "cube"
		},
		{
			"name": "stangen",
			"from": [7, 3, 10],
			"to": [8, 6, 11],
			"faces": {
				"north": {"uv": [8, 10, 9, 13], "texture": "#2"},
				"east": {
					"uv": [5, 10, 6, 13],
					"texture": "#2"
				},
				"south": {"uv": [8, 13, 7, 10], "texture": "#2"},
				"west": {"uv": [10, 10, 11, 13], "texture": "#2"},
				"up": {
					"uv": [10, 8, 11, 9],
					"texture": "#2",
					"rotation": 270
				},
				"down": {
					"uv": [10, 7, 11, 8],
					"texture": "#2",
					"rotation": 270
				}
			},
			"type": "cube"
		},
		{
			"name": "stangen",
			"from": [7, 4, 11],
			"to": [8, 6, 12],
			"faces": {
				"north": {"uv": [8, 10, 9, 12], "texture": "#2"},
				"east": {
					"uv": [4, 10, 5, 12],
					"texture": "#2"
				},
				"south": {"uv": [8, 12, 7, 10], "texture": "#2"},
				"west": {"uv": [11, 10, 12, 12], "texture": "#2"},
				"up": {
					"uv": [11, 8, 12, 9],
					"texture": "#2",
					"rotation": 270
				},
				"down": {
					"uv": [11, 7, 12, 8],
					"texture": "#2",
					"rotation": 270
				}
			},
			"type": "cube"
		},
		{
			"name": "bluete",
			"from": [5.5, 9.65, 8.7],
			"to": [7, 12.65, 11.7],
			"faces": {
				"north": {
					"uv": [9, 3.3499999999999996, 10.5, 6.35],
					"texture": "#3"
				},
				"east": {
					"uv": [
						4.300000000000001,
						3.3499999999999996,
						7.300000000000001,
						6.35
					],
					"texture": "#3"
				},
				"south": {
					"uv": [7, 6.35, 5.5, 3.3499999999999996],
					"texture": "#3"
				},
				"west": {
					"uv": [8.7, 3.3499999999999996, 11.7, 6.35],
					"texture": "#3"
				},
				"up": {
					"uv": [8.7, 9, 11.7, 10.5],
					"texture": "#3",
					"rotation": 270
				},
				"down": {
					"uv": [8.7, 5.5, 11.7, 7],
					"texture": "#3",
					"rotation": 90
				}
			},
			"type": "cube"
		},
		{
			"name": "bluete",
			"from": [5.5, 9.65, 7.699999999999999],
			"to": [7, 11.65, 8.7],
			"faces": {
				"north": {
					"uv": [9, 4.35, 10.5, 6.35],
					"texture": "#3"
				},
				"east": {
					"uv": [7.300000000000001, 4.35, 8.3, 6.35],
					"texture": "#3"
				},
				"south": {
					"uv": [7, 6.35, 5.5, 4.35],
					"texture": "#3"
				},
				"west": {
					"uv": [7.699999999999999, 4.35, 8.7, 6.35],
					"texture": "#3"
				},
				"up": {
					"uv": [7.699999999999999, 9, 8.7, 10.5],
					"texture": "#3",
					"rotation": 270
				},
				"down": {
					"uv": [7.699999999999999, 5.5, 8.7, 7],
					"texture": "#3",
					"rotation": 90
				}
			},
			"type": "cube"
		},
		{
			"name": "bluete",
			"from": [5.5, 10.65, 11.7],
			"to": [7, 11.65, 12.7],
			"faces": {
				"north": {
					"uv": [9, 4.35, 10.5, 5.35],
					"texture": "#3"
				},
				"east": {
					"uv": [
						3.3000000000000007,
						4.35,
						4.300000000000001,
						5.35
					],
					"texture": "#3"
				},
				"south": {
					"uv": [7, 5.35, 5.5, 4.35],
					"texture": "#3"
				},
				"west": {
					"uv": [11.7, 4.35, 12.7, 5.35],
					"texture": "#3"
				},
				"up": {
					"uv": [11.7, 9, 12.7, 10.5],
					"texture": "#3",
					"rotation": 270
				},
				"down": {
					"uv": [11.7, 5.5, 12.7, 7],
					"texture": "#3",
					"rotation": 90
				}
			},
			"type": "cube"
		},
		{
			"name": "bluete",
			"from": [5.5, 8.65, 8.7],
			"to": [7, 9.65, 10.7],
			"faces": {
				"north": {
					"uv": [9, 6.35, 10.5, 7.35],
					"texture": "#3"
				},
				"east": {
					"uv": [
						5.300000000000001,
						6.35,
						7.300000000000001,
						7.35
					],
					"texture": "#3"
				},
				"south": {
					"uv": [7, 7.35, 5.5, 6.35],
					"texture": "#3"
				},
				"west": {
					"uv": [8.7, 6.35, 10.7, 7.35],
					"texture": "#3"
				},
				"up": {
					"uv": [8.7, 9, 10.7, 10.5],
					"texture": "#3",
					"rotation": 270
				},
				"down": {
					"uv": [8.7, 5.5, 10.7, 7],
					"texture": "#3",
					"rotation": 90
				}
			},
			"type": "cube"
		},
		{
			"name": "bluete",
			"from": [7.25, 9.8, 4.300000000000001],
			"to": [8.75, 12.8, 7.300000000000001],
			"faces": {
				"north": {
					"uv": [
						7.25,
						3.1999999999999993,
						8.75,
						6.199999999999999
					],
					"texture": "#3"
				},
				"east": {
					"uv": [
						8.7,
						3.1999999999999993,
						11.7,
						6.199999999999999
					],
					"texture": "#3"
				},
				"south": {
					"uv": [
						8.75,
						6.199999999999999,
						7.25,
						3.1999999999999993
					],
					"texture": "#3"
				},
				"west": {
					"uv": [
						4.300000000000001,
						3.1999999999999993,
						7.300000000000001,
						6.199999999999999
					],
					"texture": "#3"
				},
				"up": {
					"uv": [
						4.300000000000001,
						7.25,
						7.300000000000001,
						8.75
					],
					"texture": "#3",
					"rotation": 270
				},
				"down": {
					"uv": [
						4.300000000000001,
						7.25,
						7.300000000000001,
						8.75
					],
					"texture": "#3",
					"rotation": 270
				}
			},
			"type": "cube"
		},
		{
			"name": "bluete",
			"from": [7.25, 9.8, 7.300000000000001],
			"to": [8.75, 11.8, 8.3],
			"faces": {
				"north": {
					"uv": [
						7.25,
						4.199999999999999,
						8.75,
						6.199999999999999
					],
					"texture": "#3"
				},
				"east": {
					"uv": [
						7.699999999999999,
						4.199999999999999,
						8.7,
						6.199999999999999
					],
					"texture": "#3"
				},
				"south": {
					"uv": [
						8.75,
						6.199999999999999,
						7.25,
						4.199999999999999
					],
					"texture": "#3"
				},
				"west": {
					"uv": [
						7.300000000000001,
						4.199999999999999,
						8.3,
						6.199999999999999
					],
					"texture": "#3"
				},
				"up": {
					"uv": [7.300000000000001, 7.25, 8.3, 8.75],
					"texture": "#3",
					"rotation": 270
				},
				"down": {
					"uv": [7.300000000000001, 7.25, 8.3, 8.75],
					"texture": "#3",
					"rotation": 270
				}
			},
			"type": "cube"
		},
		{
			"name": "bluete",
			"from": [7.25, 10.8, 3.3000000000000007],
			"to": [8.75, 11.8, 4.300000000000001],
			"faces": {
				"north": {
					"uv": [
						7.25,
						4.199999999999999,
						8.75,
						5.199999999999999
					],
					"texture": "#3"
				},
				"east": {
					"uv": [
						11.7,
						4.199999999999999,
						12.7,
						5.199999999999999
					],
					"texture": "#3"
				},
				"south": {
					"uv": [
						8.75,
						5.199999999999999,
						7.25,
						4.199999999999999
					],
					"texture": "#3"
				},
				"west": {
					"uv": [
						3.3000000000000007,
						4.199999999999999,
						4.300000000000001,
						5.199999999999999
					],
					"texture": "#3"
				},
				"up": {
					"uv": [
						3.3000000000000007,
						7.25,
						4.300000000000001,
						8.75
					],
					"texture": "#3",
					"rotation": 270
				},
				"down": {
					"uv": [
						3.3000000000000007,
						7.25,
						4.300000000000001,
						8.75
					],
					"texture": "#3",
					"rotation": 270
				}
			},
			"type": "cube"
		},
		{
			"name": "bluete",
			"from": [7.25, 8.8, 5.300000000000001],
			"to": [8.75, 9.8, 7.300000000000001],
			"faces": {
				"north": {
					"uv": [
						7.25,
						6.199999999999999,
						8.75,
						7.199999999999999
					],
					"texture": "#3"
				},
				"east": {
					"uv": [
						8.7,
						6.199999999999999,
						10.7,
						7.199999999999999
					],
					"texture": "#3"
				},
				"south": {
					"uv": [
						8.75,
						7.199999999999999,
						7.25,
						6.199999999999999
					],
					"texture": "#3"
				},
				"west": {
					"uv": [
						5.300000000000001,
						6.199999999999999,
						7.300000000000001,
						7.199999999999999
					],
					"texture": "#3"
				},
				"up": {
					"uv": [
						5.300000000000001,
						7.25,
						7.300000000000001,
						8.75
					],
					"texture": "#3",
					"rotation": 270
				},
				"down": {
					"uv": [
						5.300000000000001,
						7.25,
						7.300000000000001,
						8.75
					],
					"texture": "#3",
					"rotation": 270
				}
			},
			"type": "cube"
		}
	],
	"groups": [
		{
			"name": "double_plant_paeonia_bottom_0",
			"isOpen": true,
			"display": {"visibility": true, "autouv": true},
			"children": [
				0,
				1,
				2,
				3,
				4,
				5,
				6,
				7,
				8,
				9,
				10,
				11,
				12,
				13,
				14,
				15,
				16,
				17,
				18,
				19,
				20,
				21,
				22,
				23,
				24,
				25
			]
		},
		{
			"name": "double_plant_paeonia_bottom_3",
			"isOpen": true,
			"display": {"visibility": true, "autouv": true},
			"children": [26, 27, 28, 29, 30, 31, 32, 33]
		},
		{
			"name": "group",
			"isOpen": true,
			"display": {"visibility": true, "autouv": true},
			"children": [
				34,
				35,
				36,
				37,
				38,
				39,
				40,
				41,
				42,
				43,
				44,
				45,
				46,
				47,
				48,
				49,
				50,
				51,
				52,
				53,
				54,
				55,
				56,
				57,
				58,
				59,
				60,
				61,
				62,
				63,
				64,
				65,
				66
			]
		}
	],
	"display": {}
}