{
	"credit": "Made with Blockbench, a free, modern block model editor by JannisX11",
	"ambientocclusion": true,
	"textures": {
		"1": "3d_decoration/3d_furnace_1",
		"2": "blocks/furnace_top",
		"3": "blocks/furnace_side",
		"4": "blocks/dropper_front_horizontal",
		"particle": "blocks/dropper_front_horizontal"
	},
	"elements": [
		{
			"name": "cube",
			"from": [0, 0, 0],
			"to": [3, 16, 16],
			"faces": {
				"north": {
					"uv": [13, 0, 16, 16],
					"texture": "#4",
					"cullface": "north"
				},
				"south": {
					"uv": [0, 0, 3, 16],
					"texture": "#3",
					"cullface": "south"
				},
				"west": {
					"uv": [0, 0, 16, 16],
					"texture": "#3",
					"cullface": "west"
				},
				"up": {
					"uv": [0, 0, 3, 16],
					"texture": "#2",
					"cullface": "up"
				},
				"down": {
					"uv": [0, 0, 3, 16],
					"texture": "#2",
					"cullface": "down"
				}
			},
			"type": "cube"
		},
		{
			"name": "cube",
			"from": [13, 0, 0],
			"to": [16, 16, 16],
			"faces": {
				"north": {
					"uv": [0, 0, 3, 16],
					"texture": "#4",
					"cullface": "north"
				},
				"east": {
					"uv": [16, 16, 0, 0],
					"texture": "#3",
					"cullface": "east",
					"rotation": 180
				},
				"south": {
					"uv": [13, 0, 16, 16],
					"texture": "#3",
					"cullface": "south"
				},
				"up": {
					"uv": [13, 0, 16, 16],
					"texture": "#2",
					"cullface": "up"
				},
				"down": {
					"uv": [13, 0, 16, 16],
					"texture": "#2",
					"cullface": "down"
				}
			},
			"type": "cube"
		},
		{
			"name": "cube",
			"from": [3, 0, 15],
			"to": [13, 16, 16],
			"faces": {
				"south": {
					"uv": [3, 0, 13, 16],
					"texture": "#3",
					"cullface": "south"
				},
				"up": {
					"uv": [3, 15, 13, 16],
					"texture": "#2",
					"cullface": "up"
				},
				"down": {
					"uv": [3, 0, 13, 1],
					"texture": "#2",
					"cullface": "down"
				}
			},
			"type": "cube"
		},
		{
			"name": "cube",
			"from": [3, 15, 0],
			"to": [13, 16, 15],
			"faces": {
				"north": {
					"uv": [3, 0, 13, 1],
					"texture": "#4",
					"cullface": "north"
				},
				"up": {
					"uv": [3, 0, 13, 15],
					"texture": "#2",
					"cullface": "up"
				}
			},
			"type": "cube"
		},
		{
			"name": "cube",
			"from": [3, 0, 0],
			"to": [13, 4, 15],
			"faces": {
				"north": {
					"uv": [3, 12, 13, 16],
					"texture": "#4",
					"cullface": "north"
				},
				"up": {
					"uv": [3, 0, 13, 15],
					"texture": "#1",
					"cullface": "north"
				},
				"down": {
					"uv": [3, 1, 13, 16],
					"texture": "#2",
					"cullface": "down"
				}
			},
			"type": "cube"
		},
		{
			"name": "cube",
			"from": [6, 9, 0],
			"to": [10, 15, 15],
			"faces": {
				"north": {
					"uv": [6, 1, 10, 7],
					"texture": "#4",
					"cullface": "north"
				}
			},
			"type": "cube"
		},
		{
			"name": "cube",
			"from": [12, 9, 0],
			"to": [13, 15, 15],
			"faces": {
				"north": {
					"uv": [3, 1, 4, 7],
					"texture": "#4",
					"cullface": "north"
				},
				"west": {
					"uv": [0, 1, 15, 7],
					"texture": "#1",
					"cullface": "north"
				}
			},
			"type": "cube"
		},
		{
			"name": "cube",
			"from": [10, 9, 0],
			"to": [11, 15, 15],
			"faces": {
				"north": {
					"uv": [5, 1, 6, 7],
					"texture": "#4",
					"cullface": "north"
				},
				"east": {
					"uv": [16, 7, 1, 1],
					"texture": "#1",
					"cullface": "north"
				}
			},
			"type": "cube"
		},
		{
			"name": "cube",
			"from": [11, 11, 0],
			"to": [12, 15, 15],
			"faces": {
				"north": {
					"uv": [4, 1, 5, 5],
					"texture": "#4",
					"cullface": "north"
				},
				"down": {
					"uv": [11, 1, 12, 16],
					"texture": "#1",
					"cullface": "north"
				}
			},
			"type": "cube"
		},
		{
			"name": "cube",
			"from": [4, 11, 0],
			"to": [5, 15, 15],
			"faces": {
				"north": {
					"uv": [11, 1, 12, 5],
					"texture": "#4",
					"cullface": "north"
				},
				"down": {
					"uv": [4, 1, 5, 16],
					"texture": "#1",
					"cullface": "north"
				}
			},
			"type": "cube"
		},
		{
			"name": "cube",
			"from": [5, 9, 0],
			"to": [6, 15, 15],
			"faces": {
				"north": {
					"uv": [10, 1, 11, 7],
					"texture": "#4",
					"cullface": "north"
				},
				"west": {
					"uv": [0, 1, 15, 7],
					"texture": "#1",
					"cullface": "north"
				}
			},
			"type": "cube"
		},
		{
			"name": "cube",
			"from": [3, 9, 0],
			"to": [4, 15, 15],
			"faces": {
				"north": {
					"uv": [12, 1, 13, 7],
					"texture": "#4",
					"cullface": "north"
				},
				"east": {
					"uv": [16, 7, 1, 1],
					"texture": "#1",
					"cullface": "north"
				}
			},
			"type": "cube"
		},
		{
			"name": "cube",
			"from": [11, 5, 0],
			"to": [13, 7, 15],
			"faces": {
				"north": {
					"uv": [3, 9, 5, 11],
					"texture": "#4",
					"cullface": "north"
				},
				"west": {
					"uv": [0, 9, 15, 11],
					"texture": "#1",
					"cullface": "north"
				}
			},
			"type": "cube"
		},
		{
			"name": "cube",
			"from": [9, 4, 0],
			"to": [13, 5, 15],
			"faces": {
				"north": {
					"uv": [3, 11, 7, 12],
					"texture": "#4",
					"cullface": "north"
				},
				"west": {
					"uv": [0, 11, 15, 12],
					"texture": "#1",
					"cullface": "north"
				},
				"up": {
					"uv": [9, 0, 13, 15],
					"texture": "#1",
					"cullface": "north"
				}
			},
			"type": "cube"
		},
		{
			"name": "cube",
			"from": [3, 8, 0],
			"to": [13, 9, 15],
			"faces": {
				"north": {
					"uv": [3, 7, 13, 8],
					"texture": "#4",
					"cullface": "north"
				},
				"east": {
					"uv": [0, 0, 0, 0],
					"texture": "#1",
					"cullface": "north"
				},
				"up": {
					"uv": [3, 0, 13, 15],
					"texture": "#1",
					"cullface": "north"
				},
				"down": {
					"uv": [3, 1, 13, 16],
					"texture": "#1",
					"cullface": "north"
				}
			},
			"type": "cube"
		},
		{
			"name": "cube",
			"from": [3, 7, 0],
			"to": [13, 8, 15],
			"faces": {
				"north": {
					"uv": [3, 8, 13, 9],
					"texture": "#4",
					"cullface": "north"
				},
				"east": {
					"uv": [16, 9, 1, 8],
					"texture": "#1",
					"cullface": "north"
				},
				"down": {
					"uv": [3, 1, 13, 16],
					"texture": "#1",
					"cullface": "north"
				}
			},
			"type": "cube"
		},
		{
			"name": "cube",
			"from": [3, 5, 0],
			"to": [5, 7, 15],
			"faces": {
				"north": {
					"uv": [11, 9, 13, 11],
					"texture": "#4",
					"cullface": "north"
				},
				"east": {
					"uv": [16, 11, 1, 9],
					"texture": "#1",
					"cullface": "north"
				}
			},
			"type": "cube"
		},
		{
			"name": "cube",
			"from": [3, 4, 0],
			"to": [7, 5, 15],
			"faces": {
				"north": {
					"uv": [9, 11, 13, 12],
					"texture": "#4",
					"cullface": "north"
				},
				"east": {
					"uv": [16, 12, 1, 11],
					"texture": "#1",
					"cullface": "north"
				},
				"up": {
					"uv": [3, 0, 7, 15],
					"texture": "#1",
					"cullface": "north"
				}
			},
			"type": "cube"
		},
		{
			"name": "cube",
			"from": [5, 5, 0],
			"to": [6, 6, 15],
			"faces": {
				"north": {
					"uv": [10, 10, 11, 11],
					"texture": "#4",
					"cullface": "north"
				},
				"east": {
					"uv": [16, 11, 1, 9],
					"texture": "#1",
					"cullface": "north"
				},
				"up": {
					"uv": [5, 0, 6, 15],
					"texture": "#1",
					"cullface": "north"
				}
			},
			"type": "cube"
		},
		{
			"name": "cube",
			"from": [10, 5, 0],
			"to": [11, 6, 15],
			"faces": {
				"north": {
					"uv": [5, 10, 6, 11],
					"texture": "#4",
					"cullface": "north"
				},
				"east": {
					"uv": [16, 11, 1, 9],
					"texture": "#1",
					"cullface": "north"
				},
				"up": {
					"uv": [10, 0, 11, 15],
					"texture": "#1",
					"cullface": "north"
				}
			},
			"type": "cube"
		},
		{
			"name": "cube",
			"from": [4, 9, 1],
			"to": [5, 11, 2],
			"faces": {
				"north": {
					"uv": [11, 5, 12, 7],
					"texture": "#4",
					"cullface": "north"
				}
			},
			"type": "cube"
		},
		{
			"name": "cube",
			"from": [11, 9, 1],
			"to": [12, 11, 2],
			"faces": {
				"north": {
					"uv": [4, 5, 5, 7],
					"texture": "#4",
					"cullface": "north"
				}
			},
			"type": "cube"
		},
		{
			"name": "cube",
			"from": [5, 4, 10],
			"to": [11, 8, 10],
			"faces": {
				"north": {
					"uv": [5, 8, 11, 12],
					"texture": "#1",
					"cullface": "north"
				},
				"east": {"uv": [0, 0, 0, 4], "texture": "#missing"},
				"west": {"uv": [0, 0, 0, 4], "texture": "#missing"},
				"up": {"uv": [0, 0, 6, 0], "texture": "#missing"},
				"down": {"uv": [0, 0, 6, 0], "texture": "#missing"}
			},
			"type": "cube"
		}
	],
	"groups": [
		0,
		1,
		2,
		3,
		4,
		{
			"name": "group",
			"isOpen": true,
			"display": {"visibility": true, "autouv": true},
			"children": [
				5,
				6,
				7,
				8,
				9,
				10,
				11,
				12,
				13,
				14,
				15,
				16,
				17,
				18,
				19
			]
		},
		20,
		21,
		22
	]
}