{
	"__comment": "Designed by creatorLabs with CubikStudio - https://cubik.studio - Download 3D CreatorCraft at https://www.planetminecraft.com/texture_pack/3d-creatorcraft/",
	"parent": "block/block",
	"textures": {
		"particle": "3d_blocks/end_stone_light",
		"dark": "3d_blocks/end_stone_dark",
		"light": "3d_blocks/end_stone_light"
	},
	"elements": [ 	 
		{
			"__comment": "Box1",
			"from": [ 0, 0, 0 ],
			"to": [ 16, 16, 16 ],
			"faces": {
				"down": { "uv": [ 0, 0, 16, 16 ], "texture": "#dark", "cullface": "down" },
				"up": { "uv": [ 0, 0, 16, 16 ], "texture": "#dark", "cullface": "up" },
				"north": { "uv": [ 0, 0, 16, 16 ], "texture": "#dark", "cullface": "north" },
				"south": { "uv": [ 0, 0, 16, 16 ], "texture": "#dark", "cullface": "south" },
				"west": { "uv": [ 0, 0, 16, 16 ], "texture": "#dark", "cullface": "west" },
				"east": { "uv": [ 0, 0, 16, 16 ], "texture": "#dark", "cullface": "east" }
			}
		},
		{
			"__comment": "west_addon1",
			"from": [ -0.5, 1, 0 ],
			"to": [ 0, 8, 7 ],
			"faces": {
				"down": { "uv": [ 15.5, 9, 16, 16 ], "texture": "#light", "cullface": "west" },
				"up": { "uv": [ 15.5, 0, 16, 7 ], "texture": "#light", "cullface": "west" },
				"north": { "uv": [ 0, 8, 0.5, 15 ], "texture": "#light", "cullface": "west" },
				"south": { "uv": [ 15.5, 8, 16, 15 ], "texture": "#light", "cullface": "west" },
				"west": { "uv": [ 0, 8, 7, 15 ], "texture": "#light", "cullface": "west" }
			}
		},
		{
			"__comment": "west_addon2",
			"from": [ -0.5, 10, 0 ],
			"to": [ -3.498793E-05, 15, 15 ],
			"faces": {
				"down": { "uv": [ 15.5, 1, 15.99996, 16 ], "texture": "#light", "cullface": "west" },
				"up": { "uv": [ 15.5, 0, 15.99996, 15 ], "texture": "#light", "cullface": "west" },
				"north": { "uv": [ 3.433228E-05, 1, 0.5, 6 ], "texture": "#light", "cullface": "west" },
				"south": { "uv": [ 15.5, 1, 15.99996, 6 ], "texture": "#light", "cullface": "west" },
				"west": { "uv": [ 0, 1, 15, 6 ], "texture": "#light", "cullface": "west" }
			}
		},
		{
			"__comment": "west_addon3",
			"from": [ -0.5, 9, 1 ],
			"to": [ 0, 10, 14 ],
			"faces": {
				"down": { "uv": [ 15.5, 2, 16, 15 ], "texture": "#light", "cullface": "west" },
				"north": { "uv": [ 0, 6, 0.5, 7 ], "texture": "#light", "cullface": "west" },
				"south": { "uv": [ 15.5, 6, 16, 7 ], "texture": "#light", "cullface": "west" },
				"west": { "uv": [ 1, 6, 14, 7 ], "texture": "#light", "cullface": "west" }
			}
		},
		{
			"__comment": "west_addon4",
			"from": [ -0.5, 15, 1 ],
			"to": [ 0, 16, 14 ],
			"faces": {
				"up": { "uv": [ 15.5, 1, 16, 14 ], "texture": "#light", "cullface": "west" },
				"north": { "uv": [ 0, 0, 0.5, 1 ], "texture": "#light", "cullface": "west" },
				"south": { "uv": [ 15.5, 0, 16, 1 ], "texture": "#light", "cullface": "west" },
				"west": { "uv": [ 1, 0, 14, 1 ], "texture": "#light", "cullface": "west" }
			}
		},
		{
			"__comment": "west_addon5",
			"from": [ -0.5, 2, 7 ],
			"to": [ 0, 7, 8 ],
			"faces": {
				"down": { "uv": [ 15.5, 8, 16, 9 ], "texture": "#light", "cullface": "west" },
				"up": { "uv": [ 15.5, 7, 16, 8 ], "texture": "#light", "cullface": "west" },
				"south": { "uv": [ 15.5, 9, 16, 14 ], "texture": "#light", "cullface": "west" },
				"west": { "uv": [ 7, 9, 8, 14 ], "texture": "#light", "cullface": "west" }
			}
		},
		{
			"__comment": "west_addon6",
			"from": [ -0.5, 2, 9 ],
			"to": [ 0, 7, 16 ],
			"faces": {
				"down": { "uv": [ 15.5, 0, 16, 7 ], "texture": "#light", "cullface": "west" },
				"up": { "uv": [ 15.5, 9, 16, 16 ], "texture": "#light", "cullface": "west" },
				"north": { "uv": [ 0, 9, 0.5, 14 ], "texture": "#light", "cullface": "west" },
				"south": { "uv": [ 15.5, 9, 16, 14 ], "texture": "#light", "cullface": "west" },
				"west": { "uv": [ 9, 9, 16, 14 ], "texture": "#light", "cullface": "west" }
			}
		},
		{
			"__comment": "west_addon7",
			"from": [ -0.5, 1, 10 ],
			"to": [ 0, 2, 16 ],
			"faces": {
				"down": { "uv": [ 15.5, 0, 16, 6 ], "texture": "#light", "cullface": "west" },
				"north": { "uv": [ 0, 14, 0.5, 15 ], "texture": "#light", "cullface": "west" },
				"south": { "uv": [ 15.5, 14, 16, 15 ], "texture": "#light", "cullface": "west" },
				"west": { "uv": [ 10, 14, 16, 15 ], "texture": "#light", "cullface": "west" }
			}
		},
		{
			"__comment": "west_addon",
			"from": [ -0.5, 7, 10 ],
			"to": [ 0, 8, 16 ],
			"faces": {
				"up": { "uv": [ 15.5, 10, 16, 16 ], "texture": "#light", "cullface": "west" },
				"north": { "uv": [ 0, 8, 0.5, 9 ], "texture": "#light", "cullface": "west" },
				"south": { "uv": [ 15.5, 8, 16, 9 ], "texture": "#light", "cullface": "west" },
				"west": { "uv": [ 10, 8, 16, 9 ], "texture": "#light", "cullface": "west" }
			}
		},
		{
			"__comment": "up_addon",
			"from": [ 10, 16, 8 ],
			"to": [ 16, 16.5, 9 ],
			"faces": {
				"up": { "uv": [ 10, 8, 16, 9 ], "texture": "#light", "cullface": "up" },
				"north": { "uv": [ 0, 15.5, 6, 16 ], "texture": "#light", "cullface": "up" },
				"west": { "uv": [ 8, 15.5, 9, 16 ], "texture": "#light", "cullface": "up" },
				"east": { "uv": [ 7, 15.5, 8, 16 ], "texture": "#light", "cullface": "up" }
			}
		},
		{
			"__comment": "up_addon1",
			"from": [ 0, 16, 8 ],
			"to": [ 7, 16.5, 15 ],
			"faces": {
				"up": { "uv": [ 0, 8, 7, 15 ], "texture": "#light", "cullface": "up" },
				"north": { "uv": [ 9, 15.5, 16, 16 ], "texture": "#light", "cullface": "up" },
				"south": { "uv": [ 0, 15.5, 7, 16 ], "texture": "#light", "cullface": "up" },
				"west": { "uv": [ 8, 15.5, 15, 16 ], "texture": "#light", "cullface": "up" },
				"east": { "uv": [ 1, 15.5, 8, 16 ], "texture": "#light", "cullface": "up" }
			}
		},
		{
			"__comment": "up_addon2",
			"from": [ 0, 16, 1 ],
			"to": [ 15, 16.5, 6 ],
			"faces": {
				"up": { "uv": [ 0, 1, 15, 6 ], "texture": "#light", "cullface": "up" },
				"north": { "uv": [ 1, 15.5, 16, 16 ], "texture": "#light", "cullface": "up" },
				"south": { "uv": [ 0, 15.5, 15, 16 ], "texture": "#light", "cullface": "up" },
				"west": { "uv": [ 1, 15.5, 6, 16 ], "texture": "#light", "cullface": "up" },
				"east": { "uv": [ 10, 15.5, 15, 16 ], "texture": "#light", "cullface": "up" }
			}
		},
		{
			"__comment": "up_addon3",
			"from": [ 1, 16, 6 ],
			"to": [ 14, 16.5, 7 ],
			"faces": {
				"up": { "uv": [ 1, 6, 14, 7 ], "texture": "#light", "cullface": "up" },
				"south": { "uv": [ 1, 15.5, 14, 16 ], "texture": "#light", "cullface": "up" },
				"west": { "uv": [ 6, 15.5, 7, 16 ], "texture": "#light", "cullface": "up" },
				"east": { "uv": [ 9, 15.5, 10, 16 ], "texture": "#light", "cullface": "up" }
			}
		},
		{
			"__comment": "up_addon4",
			"from": [ 1, 16, 0 ],
			"to": [ 14, 16.5, 1 ],
			"faces": {
				"up": { "uv": [ 1, 0, 14, 1 ], "texture": "#light", "cullface": "up" },
				"north": { "uv": [ 2, 15.5, 15, 16 ], "texture": "#light", "cullface": "up" },
				"west": { "uv": [ 0, 15.5, 1, 16 ], "texture": "#light", "cullface": "up" },
				"east": { "uv": [ 15, 15.5, 16, 16 ], "texture": "#light", "cullface": "up" }
			}
		},
		{
			"__comment": "up_addon5",
			"from": [ 7, 16, 9 ],
			"to": [ 8, 16.5, 14 ],
			"faces": {
				"up": { "uv": [ 7, 9, 8, 14 ], "texture": "#light", "cullface": "up" },
				"north": { "uv": [ 8, 15.5, 9, 16 ], "texture": "#light", "cullface": "up" },
				"south": { "uv": [ 7, 15.5, 8, 16 ], "texture": "#light", "cullface": "up" },
				"east": { "uv": [ 2, 15.5, 7, 16 ], "texture": "#light", "cullface": "up" }
			}
		},
		{
			"__comment": "up_addon6",
			"from": [ 9, 16, 9 ],
			"to": [ 16, 16.5, 14 ],
			"faces": {
				"up": { "uv": [ 9, 9, 16, 14 ], "texture": "#light", "cullface": "up" },
				"north": { "uv": [ 0, 15.5, 7, 16 ], "texture": "#light", "cullface": "up" },
				"south": { "uv": [ 9, 15.5, 16, 16 ], "texture": "#light", "cullface": "up" },
				"west": { "uv": [ 9, 15.5, 14, 16 ], "texture": "#light", "cullface": "up" },
				"east": { "uv": [ 2, 15.5, 7, 16 ], "texture": "#light", "cullface": "up" }
			}
		},
		{
			"__comment": "up_addon7",
			"from": [ 10, 16, 14 ],
			"to": [ 16, 16.5, 15 ],
			"faces": {
				"up": { "uv": [ 10, 14, 16, 15 ], "texture": "#light", "cullface": "up" },
				"south": { "uv": [ 10, 15.5, 16, 16 ], "texture": "#light", "cullface": "up" },
				"west": { "uv": [ 14, 15.5, 15, 16 ], "texture": "#light", "cullface": "up" },
				"east": { "uv": [ 1, 15.5, 2, 16 ], "texture": "#light", "cullface": "up" }
			}
		},
		{
			"__comment": "south_addon",
			"from": [ 10, 7, 16 ],
			"to": [ 16, 8, 16.5 ],
			"faces": {
				"up": { "uv": [ 10, 0, 16, 0.5 ], "texture": "#light", "cullface": "south" },
				"south": { "uv": [ 10, 8, 16, 9 ], "texture": "#light", "cullface": "south" },
				"west": { "uv": [ 0, 8, 0.5, 9 ], "texture": "#light", "cullface": "south" },
				"east": { "uv": [ 15.5, 8, 16, 9 ], "texture": "#light", "cullface": "south" }
			}
		},
		{
			"__comment": "south_addon1",
			"from": [ 0, 1, 16 ],
			"to": [ 7, 8, 16.5 ],
			"faces": {
				"down": { "uv": [ 0, 15.5, 7, 16 ], "texture": "#light", "cullface": "south" },
				"up": { "uv": [ 0, 0, 7, 0.5 ], "texture": "#light", "cullface": "south" },
				"south": { "uv": [ 0, 8, 7, 15 ], "texture": "#light", "cullface": "south" },
				"west": { "uv": [ 0, 8, 0.5, 15 ], "texture": "#light", "cullface": "south" },
				"east": { "uv": [ 15.5, 8, 16, 15 ], "texture": "#light", "cullface": "south" }
			}
		},
		{
			"__comment": "south_addon2",
			"from": [ 0, 10, 16 ],
			"to": [ 15, 15, 16.5 ],
			"faces": {
				"down": { "uv": [ 0, 15.5, 15, 16 ], "texture": "#light", "cullface": "south" },
				"up": { "uv": [ 0, 0, 15, 0.5 ], "texture": "#light", "cullface": "south" },
				"south": { "uv": [ 0, 1, 15, 6 ], "texture": "#light", "cullface": "south" },
				"west": { "uv": [ 0, 1, 0.5, 6 ], "texture": "#light", "cullface": "south" },
				"east": { "uv": [ 15.5, 1, 16, 6 ], "texture": "#light", "cullface": "south" }
			}
		},
		{
			"__comment": "south_addon3",
			"from": [ 1, 9, 16 ],
			"to": [ 14, 10, 16.5 ],
			"faces": {
				"down": { "uv": [ 1, 15.5, 14, 16 ], "texture": "#light", "cullface": "south" },
				"south": { "uv": [ 1, 6, 14, 7 ], "texture": "#light", "cullface": "south" },
				"west": { "uv": [ 0, 6, 0.5, 7 ], "texture": "#light", "cullface": "south" },
				"east": { "uv": [ 15.5, 6, 16, 7 ], "texture": "#light", "cullface": "south" }
			}
		},
		{
			"__comment": "south_addon4",
			"from": [ 1, 15, 16 ],
			"to": [ 14, 16, 16.5 ],
			"faces": {
				"up": { "uv": [ 1, 0, 14, 0.5 ], "texture": "#light", "cullface": "south" },
				"south": { "uv": [ 1, 0, 14, 1 ], "texture": "#light", "cullface": "south" },
				"west": { "uv": [ 0, 0, 0.5, 1 ], "texture": "#light", "cullface": "south" },
				"east": { "uv": [ 15.5, 0, 16, 1 ], "texture": "#light", "cullface": "south" }
			}
		},
		{
			"__comment": "south_addon5",
			"from": [ 7, 2, 16 ],
			"to": [ 8, 7, 16.5 ],
			"faces": {
				"down": { "uv": [ 7, 15.5, 8, 16 ], "texture": "#light", "cullface": "south" },
				"up": { "uv": [ 7, 0, 8, 0.5 ], "texture": "#light", "cullface": "south" },
				"south": { "uv": [ 7, 9, 8, 14 ], "texture": "#light", "cullface": "south" },
				"east": { "uv": [ 15.5, 9, 16, 14 ], "texture": "#light", "cullface": "south" }
			}
		},
		{
			"__comment": "south_addon6",
			"from": [ 9, 2, 16 ],
			"to": [ 16, 7, 16.5 ],
			"faces": {
				"down": { "uv": [ 9, 15.5, 16, 16 ], "texture": "#light", "cullface": "south" },
				"up": { "uv": [ 9, 0, 16, 0.5 ], "texture": "#light", "cullface": "south" },
				"south": { "uv": [ 9, 9, 16, 14 ], "texture": "#light", "cullface": "south" },
				"west": { "uv": [ 0, 9, 0.5, 14 ], "texture": "#light", "cullface": "south" },
				"east": { "uv": [ 15.5, 9, 16, 14 ], "texture": "#light", "cullface": "south" }
			}
		},
		{
			"__comment": "south_addon7",
			"from": [ 10, 1, 16 ],
			"to": [ 16, 2, 16.5 ],
			"faces": {
				"down": { "uv": [ 10, 15.5, 16, 16 ], "texture": "#light", "cullface": "south" },
				"south": { "uv": [ 10, 14, 16, 15 ], "texture": "#light", "cullface": "south" },
				"west": { "uv": [ 0, 14, 0.5, 15 ], "texture": "#light", "cullface": "south" },
				"east": { "uv": [ 15.5, 14, 16, 15 ], "texture": "#light", "cullface": "south" }
			}
		},
		{
			"__comment": "east_addon",
			"from": [ 16, 7, 0 ],
			"to": [ 16.5, 8, 6 ],
			"faces": {
				"up": { "uv": [ 0, 0, 0.5, 6 ], "texture": "#light", "cullface": "east" },
				"north": { "uv": [ 15.5, 8, 16, 9 ], "texture": "#light", "cullface": "east" },
				"south": { "uv": [ 0, 8, 0.5, 9 ], "texture": "#light", "cullface": "east" },
				"east": { "uv": [ 10, 8, 16, 9 ], "texture": "#light", "cullface": "east" }
			}
		},
		{
			"__comment": "east_addon1",
			"from": [ 16, 1, 9 ],
			"to": [ 16.5, 8, 16 ],
			"faces": {
				"down": { "uv": [ 0, 0, 0.5, 7 ], "texture": "#light", "cullface": "east" },
				"up": { "uv": [ 0, 9, 0.5, 16 ], "texture": "#light", "cullface": "east" },
				"north": { "uv": [ 15.5, 8, 16, 15 ], "texture": "#light", "cullface": "east" },
				"south": { "uv": [ 0, 8, 0.5, 15 ], "texture": "#light", "cullface": "east" },
				"east": { "uv": [ 0, 8, 7, 15 ], "texture": "#light", "cullface": "east" }
			}
		},
		{
			"__comment": "east_addon2",
			"from": [ 16, 10, 1 ],
			"to": [ 16.5, 15, 16 ],
			"faces": {
				"down": { "uv": [ 0, 0, 0.5, 15 ], "texture": "#light", "cullface": "east" },
				"up": { "uv": [ 0, 1, 0.5, 16 ], "texture": "#light", "cullface": "east" },
				"north": { "uv": [ 15.5, 1, 16, 6 ], "texture": "#light", "cullface": "east" },
				"south": { "uv": [ 0, 1, 0.5, 6 ], "texture": "#light", "cullface": "east" },
				"east": { "uv": [ 0, 1, 15, 6 ], "texture": "#light", "cullface": "east" }
			}
		},
		{
			"__comment": "east_addon3",
			"from": [ 16, 9, 2 ],
			"to": [ 16.5, 10, 15 ],
			"faces": {
				"down": { "uv": [ 0, 1, 0.5, 14 ], "texture": "#light", "cullface": "east" },
				"north": { "uv": [ 15.5, 6, 16, 7 ], "texture": "#light", "cullface": "east" },
				"south": { "uv": [ 0, 6, 0.5, 7 ], "texture": "#light", "cullface": "east" },
				"east": { "uv": [ 1, 6, 14, 7 ], "texture": "#light", "cullface": "east" }
			}
		},
		{
			"__comment": "east_addon4",
			"from": [ 16, 15, 2 ],
			"to": [ 16.5, 16, 15 ],
			"faces": {
				"up": { "uv": [ 0, 2, 0.5, 15 ], "texture": "#light", "cullface": "east" },
				"north": { "uv": [ 15.5, 0, 16, 1 ], "texture": "#light", "cullface": "east" },
				"south": { "uv": [ 0, 0, 0.5, 1 ], "texture": "#light", "cullface": "east" },
				"east": { "uv": [ 1, 0, 14, 1 ], "texture": "#light", "cullface": "east" }
			}
		},
		{
			"__comment": "east_addon5",
			"from": [ 16, 2, 8 ],
			"to": [ 16.5, 7, 9 ],
			"faces": {
				"down": { "uv": [ 0, 7, 0.5, 8 ], "texture": "#light", "cullface": "east" },
				"up": { "uv": [ 0, 8, 0.5, 9 ], "texture": "#light", "cullface": "east" },
				"north": { "uv": [ 15.5, 9, 16, 14 ], "texture": "#light", "cullface": "east" },
				"east": { "uv": [ 7, 9, 8, 14 ], "texture": "#light", "cullface": "east" }
			}
		},
		{
			"__comment": "east_addon6",
			"from": [ 16, 2, 0 ],
			"to": [ 16.5, 7, 7 ],
			"faces": {
				"down": { "uv": [ 0, 9, 0.5, 16 ], "texture": "#light", "cullface": "east" },
				"up": { "uv": [ 0, 0, 0.5, 7 ], "texture": "#light", "cullface": "east" },
				"north": { "uv": [ 15.5, 9, 16, 14 ], "texture": "#light", "cullface": "east" },
				"south": { "uv": [ 0, 9, 0.5, 14 ], "texture": "#light", "cullface": "east" },
				"east": { "uv": [ 9, 9, 16, 14 ], "texture": "#light", "cullface": "east" }
			}
		},
		{
			"__comment": "east_addon7",
			"from": [ 16, 1, 0 ],
			"to": [ 16.5, 2, 6 ],
			"faces": {
				"down": { "uv": [ 0, 10, 0.5, 16 ], "texture": "#light", "cullface": "east" },
				"north": { "uv": [ 15.5, 14, 16, 15 ], "texture": "#light", "cullface": "east" },
				"south": { "uv": [ 0, 14, 0.5, 15 ], "texture": "#light", "cullface": "east" },
				"east": { "uv": [ 10, 14, 16, 15 ], "texture": "#light", "cullface": "east" }
			}
		},
		{
			"__comment": "north_addon",
			"from": [ 0, 7, -0.5 ],
			"to": [ 6, 8, 0 ],
			"faces": {
				"up": { "uv": [ 0, 15.5, 6, 16 ], "texture": "#light", "cullface": "north" },
				"north": { "uv": [ 10, 8, 16, 9 ], "texture": "#light", "cullface": "north" },
				"west": { "uv": [ 15.5, 8, 16, 9 ], "texture": "#light", "cullface": "north" },
				"east": { "uv": [ 0, 8, 0.5, 9 ], "texture": "#light", "cullface": "north" }
			}
		},
		{
			"__comment": "north_addon1",
			"from": [ 9, 1, -0.5 ],
			"to": [ 16, 8, 0 ],
			"faces": {
				"down": { "uv": [ 9, 0, 16, 0.5 ], "texture": "#light", "cullface": "north" },
				"up": { "uv": [ 9, 15.5, 16, 16 ], "texture": "#light", "cullface": "north" },
				"north": { "uv": [ 0, 8, 7, 15 ], "texture": "#light", "cullface": "north" },
				"west": { "uv": [ 15.5, 8, 16, 15 ], "texture": "#light", "cullface": "north" },
				"east": { "uv": [ 0, 8, 0.5, 15 ], "texture": "#light", "cullface": "north" }
			}
		},
		{
			"__comment": "north_addon2",
			"from": [ 1, 10, -0.5 ],
			"to": [ 16, 15, 0 ],
			"faces": {
				"down": { "uv": [ 1, 0, 16, 0.5 ], "texture": "#light", "cullface": "north" },
				"up": { "uv": [ 1, 15.5, 16, 16 ], "texture": "#light", "cullface": "north" },
				"north": { "uv": [ 0, 1, 15, 6 ], "texture": "#light", "cullface": "north" },
				"west": { "uv": [ 15.5, 1, 16, 6 ], "texture": "#light", "cullface": "north" },
				"east": { "uv": [ 0, 1, 0.5, 6 ], "texture": "#light", "cullface": "north" }
			}
		},
		{
			"__comment": "north_addon3",
			"from": [ 2, 9, -0.5 ],
			"to": [ 15, 10, 0 ],
			"faces": {
				"down": { "uv": [ 2, 0, 15, 0.5 ], "texture": "#light", "cullface": "north" },
				"north": { "uv": [ 1, 6, 14, 7 ], "texture": "#light", "cullface": "north" },
				"west": { "uv": [ 15.5, 6, 16, 7 ], "texture": "#light", "cullface": "north" },
				"east": { "uv": [ 0, 6, 0.5, 7 ], "texture": "#light", "cullface": "north" }
			}
		},
		{
			"__comment": "north_addon4",
			"from": [ 2, 15, -0.5 ],
			"to": [ 15, 16, 0 ],
			"faces": {
				"up": { "uv": [ 2, 15.5, 15, 16 ], "texture": "#light", "cullface": "north" },
				"north": { "uv": [ 1, 0, 14, 1 ], "texture": "#light", "cullface": "north" },
				"west": { "uv": [ 15.5, 0, 16, 1 ], "texture": "#light", "cullface": "north" },
				"east": { "uv": [ 0, 0, 0.5, 1 ], "texture": "#light", "cullface": "north" }
			}
		},
		{
			"__comment": "north_addon5",
			"from": [ 8, 2, -0.5 ],
			"to": [ 9, 7, 0 ],
			"faces": {
				"down": { "uv": [ 8, 0, 9, 0.5 ], "texture": "#light", "cullface": "north" },
				"up": { "uv": [ 8, 15.5, 9, 16 ], "texture": "#light", "cullface": "north" },
				"north": { "uv": [ 7, 9, 8, 14 ], "texture": "#light", "cullface": "north" },
				"west": { "uv": [ 15.5, 9, 16, 14 ], "texture": "#light", "cullface": "north" }
			}
		},
		{
			"__comment": "north_addon6",
			"from": [ 0, 2, -0.5 ],
			"to": [ 7, 7, 0 ],
			"faces": {
				"down": { "uv": [ 0, 0, 7, 0.5 ], "texture": "#light", "cullface": "north" },
				"up": { "uv": [ 0, 15.5, 7, 16 ], "texture": "#light", "cullface": "north" },
				"north": { "uv": [ 9, 9, 16, 14 ], "texture": "#light", "cullface": "north" },
				"west": { "uv": [ 15.5, 9, 16, 14 ], "texture": "#light", "cullface": "north" },
				"east": { "uv": [ 0, 9, 0.5, 14 ], "texture": "#light", "cullface": "north" }
			}
		},
		{
			"__comment": "north_addon7",
			"from": [ 0, 1, -0.5 ],
			"to": [ 6, 2, 0 ],
			"faces": {
				"down": { "uv": [ 0, 0, 6, 0.5 ], "texture": "#light", "cullface": "north" },
				"north": { "uv": [ 10, 14, 16, 15 ], "texture": "#light", "cullface": "north" },
				"west": { "uv": [ 15.5, 14, 16, 15 ], "texture": "#light", "cullface": "north" },
				"east": { "uv": [ 0, 14, 0.5, 15 ], "texture": "#light", "cullface": "north" }
			}
		},
		{
			"__comment": "down_addon",
			"from": [ 10, -0.5, 7 ],
			"to": [ 16, 0, 8 ],
			"faces": {
				"down": { "uv": [ 10, 8, 16, 9 ], "texture": "#light", "cullface": "down" },
				"south": { "uv": [ 10, 0, 16, 0.5 ], "texture": "#light", "cullface": "down" },
				"west": { "uv": [ 7, 0, 8, 0.5 ], "texture": "#light", "cullface": "down" },
				"east": { "uv": [ 8, 0, 9, 0.5 ], "texture": "#light", "cullface": "down" }
			}
		},
		{
			"__comment": "down_addon1",
			"from": [ 0, -0.5, 1 ],
			"to": [ 7, 0, 8 ],
			"faces": {
				"down": { "uv": [ 0, 8, 7, 15 ], "texture": "#light", "cullface": "down" },
				"north": { "uv": [ 9, 0, 16, 0.5 ], "texture": "#light", "cullface": "down" },
				"south": { "uv": [ 0, 0, 7, 0.5 ], "texture": "#light", "cullface": "down" },
				"west": { "uv": [ 1, 0, 8, 0.5 ], "texture": "#light", "cullface": "down" },
				"east": { "uv": [ 8, 0, 15, 0.5 ], "texture": "#light", "cullface": "down" }
			}
		},
		{
			"__comment": "down_addon2",
			"from": [ 0, -0.5, 10 ],
			"to": [ 15, 0, 15 ],
			"faces": {
				"down": { "uv": [ 0, 1, 15, 6 ], "texture": "#light", "cullface": "down" },
				"north": { "uv": [ 1, 0, 16, 0.5 ], "texture": "#light", "cullface": "down" },
				"south": { "uv": [ 0, 0, 15, 0.5 ], "texture": "#light", "cullface": "down" },
				"west": { "uv": [ 10, 0, 15, 0.5 ], "texture": "#light", "cullface": "down" },
				"east": { "uv": [ 1, 0, 6, 0.5 ], "texture": "#light", "cullface": "down" }
			}
		},
		{
			"__comment": "down_addon3",
			"from": [ 1, -0.5, 9 ],
			"to": [ 14, 0, 10 ],
			"faces": {
				"down": { "uv": [ 1, 6, 14, 7 ], "texture": "#light", "cullface": "down" },
				"north": { "uv": [ 2, 0, 15, 0.5 ], "texture": "#light", "cullface": "down" },
				"west": { "uv": [ 9, 0, 10, 0.5 ], "texture": "#light", "cullface": "down" },
				"east": { "uv": [ 6, 0, 7, 0.5 ], "texture": "#light", "cullface": "down" }
			}
		},
		{
			"__comment": "down_addon4",
			"from": [ 1, -0.5, 15 ],
			"to": [ 14, 0, 16 ],
			"faces": {
				"down": { "uv": [ 1, 0, 14, 1 ], "texture": "#light", "cullface": "down" },
				"south": { "uv": [ 1, 0, 14, 0.5 ], "texture": "#light", "cullface": "down" },
				"west": { "uv": [ 15, 0, 16, 0.5 ], "texture": "#light", "cullface": "down" },
				"east": { "uv": [ 0, 0, 1, 0.5 ], "texture": "#light", "cullface": "down" }
			}
		},
		{
			"__comment": "down_addon5",
			"from": [ 7, -0.5, 2 ],
			"to": [ 8, 0, 7 ],
			"faces": {
				"down": { "uv": [ 7, 9, 8, 14 ], "texture": "#light", "cullface": "down" },
				"north": { "uv": [ 8, 0, 9, 0.5 ], "texture": "#light", "cullface": "down" },
				"south": { "uv": [ 7, 0, 8, 0.5 ], "texture": "#light", "cullface": "down" },
				"east": { "uv": [ 9, 0, 14, 0.5 ], "texture": "#light", "cullface": "down" }
			}
		},
		{
			"__comment": "down_addon6",
			"from": [ 9, -0.5, 2 ],
			"to": [ 16, 0, 7 ],
			"faces": {
				"down": { "uv": [ 9, 9, 16, 14 ], "texture": "#light", "cullface": "down" },
				"north": { "uv": [ 0, 0, 7, 0.5 ], "texture": "#light", "cullface": "down" },
				"south": { "uv": [ 9, 0, 16, 0.5 ], "texture": "#light", "cullface": "down" },
				"west": { "uv": [ 2, 0, 7, 0.5 ], "texture": "#light", "cullface": "down" },
				"east": { "uv": [ 9, 0, 14, 0.5 ], "texture": "#light", "cullface": "down" }
			}
		},
		{
			"__comment": "down_addon7",
			"from": [ 10, -0.5, 1 ],
			"to": [ 16, 0, 2 ],
			"faces": {
				"down": { "uv": [ 10, 14, 16, 15 ], "texture": "#light", "cullface": "down" },
				"north": { "uv": [ 0, 0, 6, 0.5 ], "texture": "#light", "cullface": "down" },
				"west": { "uv": [ 1, 0, 2, 0.5 ], "texture": "#light", "cullface": "down" },
				"east": { "uv": [ 14, 0, 15, 0.5 ], "texture": "#light", "cullface": "down" }
			}
		}
	]
}