{
	"__comment": "Designed by CreatorLabs with Cubik Studio - https://cubik.studio",
	"textures": {
		"particle": "3d_blocks/brick_light",
		"flowerpot": "3d_blocks/brick_light",
		"dirt": "3d_blocks/dirt",
		"0": "3d_decoration/3d_mushroom_red",
		"1": "3d_decoration/3d_mushroom_red_stem",
		"3": "3d_decoration/3d_mushroom_red_1"
	},
	"elements": [ 	 
		{
			"__comment": "pot1",
			"from": [ 4, 5, 7 ],
			"to": [ 5, 6, 9 ],
			"faces": {
				"down": { "uv": [ 4, 7, 5, 9 ], "texture": "#flowerpot" },
				"up": { "uv": [ 4, 7, 5, 9 ], "texture": "#flowerpot" },
				"north": { "uv": [ 11, 10, 12, 11 ], "texture": "#flowerpot" },
				"south": { "uv": [ 4, 10, 5, 11 ], "texture": "#flowerpot" },
				"west": { "uv": [ 7, 10, 9, 11 ], "texture": "#flowerpot" },
				"east": { "uv": [ 7, 10, 9, 11 ], "texture": "#flowerpot" }
			}
		},
		{
			"__comment": "pot2",
			"from": [ 5, 2, 7 ],
			"to": [ 7, 3, 9 ],
			"faces": {
				"down": { "uv": [ 5, 7, 7, 9 ], "texture": "#flowerpot" },
				"north": { "uv": [ 9, 13, 11, 14 ], "texture": "#flowerpot" },
				"south": { "uv": [ 5, 13, 7, 14 ], "texture": "#flowerpot" },
				"west": { "uv": [ 7, 13, 9, 14 ], "texture": "#flowerpot" }
			}
		},
		{
			"__comment": "pot3",
			"from": [ 5, 3, 7 ],
			"to": [ 6, 5, 9 ],
			"faces": {
				"north": { "uv": [ 10, 11, 11, 13 ], "texture": "#flowerpot" },
				"south": { "uv": [ 5, 11, 6, 13 ], "texture": "#flowerpot" },
				"west": { "uv": [ 7, 11, 9, 13 ], "texture": "#flowerpot" }
			}
		},
		{
			"__comment": "pot4",
			"from": [ 5, 5, 6 ],
			"to": [ 6, 6, 7 ],
			"faces": {
				"down": { "uv": [ 5, 9, 6, 10 ], "texture": "#flowerpot" },
				"up": { "uv": [ 5, 6, 6, 7 ], "texture": "#flowerpot" },
				"north": { "uv": [ 10, 10, 11, 11 ], "texture": "#flowerpot" },
				"south": { "uv": [ 5, 10, 6, 11 ], "texture": "#flowerpot" },
				"west": { "uv": [ 6, 10, 7, 11 ], "texture": "#flowerpot" },
				"east": { "uv": [ 9, 10, 10, 11 ], "texture": "#flowerpot" }
			}
		},
		{
			"__comment": "pot5",
			"from": [ 5, 5, 9 ],
			"to": [ 6, 6, 10 ],
			"faces": {
				"down": { "uv": [ 5, 6, 6, 7 ], "texture": "#flowerpot" },
				"up": { "uv": [ 5, 9, 6, 10 ], "texture": "#flowerpot" },
				"north": { "uv": [ 10, 10, 11, 11 ], "texture": "#flowerpot" },
				"south": { "uv": [ 5, 10, 6, 11 ], "texture": "#flowerpot" },
				"west": { "uv": [ 9, 10, 10, 11 ], "texture": "#flowerpot" },
				"east": { "uv": [ 6, 10, 7, 11 ], "texture": "#flowerpot" }
			}
		},
		{
			"__comment": "pot6",
			"from": [ 6, 0, 7 ],
			"to": [ 10, 1, 9 ],
			"faces": {
				"down": { "uv": [ 6, 7, 10, 9 ], "texture": "#flowerpot" },
				"north": { "uv": [ 6, 15, 10, 16 ], "texture": "#flowerpot" },
				"south": { "uv": [ 6, 15, 10, 16 ], "texture": "#flowerpot" },
				"west": { "uv": [ 7, 15, 9, 16 ], "texture": "#flowerpot" },
				"east": { "uv": [ 7, 15, 9, 16 ], "texture": "#flowerpot" }
			}
		},
		{
			"__comment": "pot7",
			"from": [ 6, 1, 7 ],
			"to": [ 7, 2, 9 ],
			"faces": {
				"north": { "uv": [ 9, 14, 10, 15 ], "texture": "#flowerpot" },
				"south": { "uv": [ 6, 14, 7, 15 ], "texture": "#flowerpot" },
				"west": { "uv": [ 7, 14, 9, 15 ], "texture": "#flowerpot" }
			}
		},
		{
			"__comment": "pot8",
			"from": [ 6, 2, 6 ],
			"to": [ 10, 3, 7 ],
			"faces": {
				"down": { "uv": [ 6, 9, 10, 10 ], "texture": "#flowerpot" },
				"north": { "uv": [ 6, 13, 10, 14 ], "texture": "#flowerpot" },
				"west": { "uv": [ 6, 13, 7, 14 ], "texture": "#flowerpot" },
				"east": { "uv": [ 9, 13, 10, 14 ], "texture": "#flowerpot" }
			}
		},
		{
			"__comment": "pot9",
			"from": [ 6, 2, 9 ],
			"to": [ 10, 3, 10 ],
			"faces": {
				"down": { "uv": [ 6, 6, 10, 7 ], "texture": "#flowerpot" },
				"south": { "uv": [ 6, 13, 10, 14 ], "texture": "#flowerpot" },
				"west": { "uv": [ 9, 13, 10, 14 ], "texture": "#flowerpot" },
				"east": { "uv": [ 6, 13, 7, 14 ], "texture": "#flowerpot" }
			}
		},
		{
			"__comment": "pot10",
			"from": [ 6, 3, 6 ],
			"to": [ 7, 5, 7 ],
			"faces": {
				"north": { "uv": [ 9, 11, 10, 13 ], "texture": "#flowerpot" },
				"west": { "uv": [ 6, 11, 7, 13 ], "texture": "#flowerpot" }
			}
		},
		{
			"__comment": "pot11",
			"from": [ 6, 3, 9 ],
			"to": [ 7, 5, 10 ],
			"faces": {
				"south": { "uv": [ 6, 11, 7, 13 ], "texture": "#flowerpot" },
				"west": { "uv": [ 9, 11, 10, 13 ], "texture": "#flowerpot" }
			}
		},
		{
			"__comment": "pot12",
			"from": [ 6, 5, 5 ],
			"to": [ 7, 6, 6 ],
			"faces": {
				"down": { "uv": [ 6, 10, 7, 11 ], "texture": "#flowerpot" },
				"up": { "uv": [ 6, 5, 7, 6 ], "texture": "#flowerpot" },
				"north": { "uv": [ 9, 10, 10, 11 ], "texture": "#flowerpot" },
				"south": { "uv": [ 6, 10, 7, 11 ], "texture": "#flowerpot" },
				"west": { "uv": [ 5, 10, 6, 11 ], "texture": "#flowerpot" },
				"east": { "uv": [ 10, 10, 11, 11 ], "texture": "#flowerpot" }
			}
		},
		{
			"__comment": "pot13",
			"from": [ 6, 5, 10 ],
			"to": [ 7, 6, 11 ],
			"faces": {
				"down": { "uv": [ 6, 5, 7, 6 ], "texture": "#flowerpot" },
				"up": { "uv": [ 6, 10, 7, 11 ], "texture": "#flowerpot" },
				"north": { "uv": [ 9, 10, 10, 11 ], "texture": "#flowerpot" },
				"south": { "uv": [ 6, 10, 7, 11 ], "texture": "#flowerpot" },
				"west": { "uv": [ 10, 10, 11, 11 ], "texture": "#flowerpot" },
				"east": { "uv": [ 5, 10, 6, 11 ], "texture": "#flowerpot" }
			}
		},
		{
			"__comment": "pot14",
			"from": [ 7, 0, 6 ],
			"to": [ 9, 2, 7 ],
			"faces": {
				"down": { "uv": [ 7, 9, 9, 10 ], "texture": "#flowerpot" },
				"north": { "uv": [ 7, 14, 9, 16 ], "texture": "#flowerpot" },
				"west": { "uv": [ 6, 14, 7, 16 ], "texture": "#flowerpot" },
				"east": { "uv": [ 9, 14, 10, 16 ], "texture": "#flowerpot" }
			}
		},
		{
			"__comment": "pot15",
			"from": [ 7, 0, 9 ],
			"to": [ 9, 2, 10 ],
			"faces": {
				"down": { "uv": [ 7, 6, 9, 7 ], "texture": "#flowerpot" },
				"south": { "uv": [ 7, 14, 9, 16 ], "texture": "#flowerpot" },
				"west": { "uv": [ 9, 14, 10, 16 ], "texture": "#flowerpot" },
				"east": { "uv": [ 6, 14, 7, 16 ], "texture": "#flowerpot" }
			}
		},
		{
			"__comment": "pot16",
			"from": [ 7, 2, 5 ],
			"to": [ 9, 5, 6 ],
			"faces": {
				"down": { "uv": [ 7, 10, 9, 11 ], "texture": "#flowerpot" },
				"north": { "uv": [ 7, 11, 9, 14 ], "texture": "#flowerpot" },
				"west": { "uv": [ 5, 11, 6, 14 ], "texture": "#flowerpot" },
				"east": { "uv": [ 10, 11, 11, 14 ], "texture": "#flowerpot" }
			}
		},
		{
			"__comment": "pot17",
			"from": [ 7, 2, 10 ],
			"to": [ 9, 5, 11 ],
			"faces": {
				"down": { "uv": [ 7, 5, 9, 6 ], "texture": "#flowerpot" },
				"south": { "uv": [ 7, 11, 9, 14 ], "texture": "#flowerpot" },
				"west": { "uv": [ 10, 11, 11, 14 ], "texture": "#flowerpot" },
				"east": { "uv": [ 5, 11, 6, 14 ], "texture": "#flowerpot" }
			}
		},
		{
			"__comment": "pot18",
			"from": [ 7, 5, 4 ],
			"to": [ 9, 6, 5 ],
			"faces": {
				"down": { "uv": [ 7, 11, 9, 12 ], "texture": "#flowerpot" },
				"up": { "uv": [ 7, 4, 9, 5 ], "texture": "#flowerpot" },
				"north": { "uv": [ 7, 10, 9, 11 ], "texture": "#flowerpot" },
				"south": { "uv": [ 7, 10, 9, 11 ], "texture": "#flowerpot" },
				"west": { "uv": [ 4, 10, 5, 11 ], "texture": "#flowerpot" },
				"east": { "uv": [ 11, 10, 12, 11 ], "texture": "#flowerpot" }
			}
		},
		{
			"__comment": "pot19",
			"from": [ 7, 5, 11 ],
			"to": [ 9, 6, 12 ],
			"faces": {
				"down": { "uv": [ 7, 4, 9, 5 ], "texture": "#flowerpot" },
				"up": { "uv": [ 7, 11, 9, 12 ], "texture": "#flowerpot" },
				"north": { "uv": [ 7, 10, 9, 11 ], "texture": "#flowerpot" },
				"south": { "uv": [ 7, 10, 9, 11 ], "texture": "#flowerpot" },
				"west": { "uv": [ 11, 10, 12, 11 ], "texture": "#flowerpot" },
				"east": { "uv": [ 4, 10, 5, 11 ], "texture": "#flowerpot" }
			}
		},
		{
			"__comment": "pot20",
			"from": [ 9, 1, 7 ],
			"to": [ 10, 3, 9 ],
			"faces": {
				"north": { "uv": [ 6, 13, 7, 15 ], "texture": "#flowerpot" },
				"south": { "uv": [ 9, 13, 10, 15 ], "texture": "#flowerpot" },
				"east": { "uv": [ 7, 13, 9, 15 ], "texture": "#flowerpot" }
			}
		},
		{
			"__comment": "pot21",
			"from": [ 9, 3, 6 ],
			"to": [ 10, 5, 7 ],
			"faces": {
				"north": { "uv": [ 6, 11, 7, 13 ], "texture": "#flowerpot" },
				"east": { "uv": [ 9, 11, 10, 13 ], "texture": "#flowerpot" }
			}
		},
		{
			"__comment": "pot22",
			"from": [ 9, 3, 9 ],
			"to": [ 10, 5, 10 ],
			"faces": {
				"south": { "uv": [ 9, 11, 10, 13 ], "texture": "#flowerpot" },
				"east": { "uv": [ 6, 11, 7, 13 ], "texture": "#flowerpot" }
			}
		},
		{
			"__comment": "pot23",
			"from": [ 9, 5, 5 ],
			"to": [ 10, 6, 6 ],
			"faces": {
				"down": { "uv": [ 9, 10, 10, 11 ], "texture": "#flowerpot" },
				"up": { "uv": [ 9, 5, 10, 6 ], "texture": "#flowerpot" },
				"north": { "uv": [ 6, 10, 7, 11 ], "texture": "#flowerpot" },
				"south": { "uv": [ 9, 10, 10, 11 ], "texture": "#flowerpot" },
				"west": { "uv": [ 5, 10, 6, 11 ], "texture": "#flowerpot" },
				"east": { "uv": [ 10, 10, 11, 11 ], "texture": "#flowerpot" }
			}
		},
		{
			"__comment": "pot24",
			"from": [ 9, 5, 10 ],
			"to": [ 10, 6, 11 ],
			"faces": {
				"down": { "uv": [ 9, 5, 10, 6 ], "texture": "#flowerpot" },
				"up": { "uv": [ 9, 10, 10, 11 ], "texture": "#flowerpot" },
				"north": { "uv": [ 6, 10, 7, 11 ], "texture": "#flowerpot" },
				"south": { "uv": [ 9, 10, 10, 11 ], "texture": "#flowerpot" },
				"west": { "uv": [ 10, 10, 11, 11 ], "texture": "#flowerpot" },
				"east": { "uv": [ 5, 10, 6, 11 ], "texture": "#flowerpot" }
			}
		},
		{
			"__comment": "pot25",
			"from": [ 10, 2, 7 ],
			"to": [ 11, 5, 9 ],
			"faces": {
				"down": { "uv": [ 10, 7, 11, 9 ], "texture": "#flowerpot" },
				"north": { "uv": [ 5, 11, 6, 14 ], "texture": "#flowerpot" },
				"south": { "uv": [ 10, 11, 11, 14 ], "texture": "#flowerpot" },
				"east": { "uv": [ 7, 11, 9, 14 ], "texture": "#flowerpot" }
			}
		},
		{
			"__comment": "pot26",
			"from": [ 10, 5, 6 ],
			"to": [ 11, 6, 7 ],
			"faces": {
				"down": { "uv": [ 10, 9, 11, 10 ], "texture": "#flowerpot" },
				"up": { "uv": [ 10, 6, 11, 7 ], "texture": "#flowerpot" },
				"north": { "uv": [ 5, 10, 6, 11 ], "texture": "#flowerpot" },
				"south": { "uv": [ 10, 10, 11, 11 ], "texture": "#flowerpot" },
				"west": { "uv": [ 6, 10, 7, 11 ], "texture": "#flowerpot" },
				"east": { "uv": [ 9, 10, 10, 11 ], "texture": "#flowerpot" }
			}
		},
		{
			"__comment": "pot27",
			"from": [ 10, 5, 9 ],
			"to": [ 11, 6, 10 ],
			"faces": {
				"down": { "uv": [ 10, 6, 11, 7 ], "texture": "#flowerpot" },
				"up": { "uv": [ 10, 9, 11, 10 ], "texture": "#flowerpot" },
				"north": { "uv": [ 5, 10, 6, 11 ], "texture": "#flowerpot" },
				"south": { "uv": [ 10, 10, 11, 11 ], "texture": "#flowerpot" },
				"west": { "uv": [ 9, 10, 10, 11 ], "texture": "#flowerpot" },
				"east": { "uv": [ 6, 10, 7, 11 ], "texture": "#flowerpot" }
			}
		},
		{
			"__comment": "pot",
			"from": [ 11, 5, 7 ],
			"to": [ 12, 6, 9 ],
			"faces": {
				"down": { "uv": [ 11, 7, 12, 9 ], "texture": "#flowerpot" },
				"up": { "uv": [ 11, 7, 12, 9 ], "texture": "#flowerpot" },
				"north": { "uv": [ 4, 10, 5, 11 ], "texture": "#flowerpot" },
				"south": { "uv": [ 11, 10, 12, 11 ], "texture": "#flowerpot" },
				"west": { "uv": [ 7, 10, 9, 11 ], "texture": "#flowerpot" },
				"east": { "uv": [ 7, 10, 9, 11 ], "texture": "#flowerpot" }
			}
		},
		{
			"__comment": "dirt",
			"from": [ 5, 5, 7 ],
			"to": [ 11, 5.25, 9 ],
			"faces": {
				"up": { "uv": [ 5, 7, 11, 9 ], "texture": "#dirt" }
			}
		},
		{
			"__comment": "dirt2",
			"from": [ 6, 5, 6 ],
			"to": [ 10, 5.25, 7 ],
			"faces": {
				"up": { "uv": [ 6, 6, 10, 7 ], "texture": "#dirt" }
			}
		},
		{
			"__comment": "dirt3",
			"from": [ 6, 5, 9 ],
			"to": [ 10, 5.25, 10 ],
			"faces": {
				"up": { "uv": [ 6, 9, 10, 10 ], "texture": "#dirt" }
			}
		},
		{
			"__comment": "dirt4",
			"from": [ 7, 5, 5 ],
			"to": [ 9, 5.25, 6 ],
			"faces": {
				"up": { "uv": [ 7, 5, 9, 6 ], "texture": "#dirt" }
			}
		},
		{
			"__comment": "dirt5",
			"from": [ 7, 5, 10 ],
			"to": [ 9, 5.25, 11 ],
			"faces": {
				"up": { "uv": [ 7, 10, 9, 11 ], "texture": "#dirt" }
			}
		},
		{
			"__comment": "red_mushroom",
			"from": [ 7, 5, 7 ],
			"to": [ 9, 7, 9 ],
			"rotation": { "origin": [ 8, 13, 8 ], "axis": "y", "angle": -45 },
			"faces": {
				"down": { "uv": [ 7, 7, 9, 9 ], "texture": "#1" },
				"up": { "uv": [ 7, 7, 9, 9 ], "texture": "#1" },
				"north": { "uv": [ 7, 14, 9, 16 ], "texture": "#1" },
				"south": { "uv": [ 7, 14, 9, 16 ], "texture": "#1" },
				"west": { "uv": [ 7, 14, 9, 16 ], "texture": "#1" },
				"east": { "uv": [ 9, 16, 7, 14 ], "texture": "#1" }
			}
		},
		{
			"__comment": "red_mushroom1",
			"from": [ 6, 7, 6 ],
			"to": [ 10, 10, 10 ],
			"rotation": { "origin": [ 8, 13, 8 ], "axis": "y", "angle": -45 },
			"faces": {
				"down": { "uv": [ 6, 6, 10, 10 ], "texture": "#0" },
				"up": { "uv": [ 6, 6, 10, 10 ], "texture": "#0" },
				"north": { "uv": [ 6, 11, 10, 14 ], "texture": "#0" },
				"south": { "uv": [ 6, 11, 10, 14 ], "texture": "#0" },
				"west": { "uv": [ 6, 11, 10, 14 ], "texture": "#0" },
				"east": { "uv": [ 15, 11, 11, 8 ], "texture": "#0" }
			}
		},
		{
			"__comment": "red_mushroom2",
			"from": [ 5, 7, 7 ],
			"to": [ 6, 10, 9 ],
			"rotation": { "origin": [ 8, 13, 8 ], "axis": "y", "angle": -45 },
			"faces": {
				"down": { "uv": [ 5, 7, 6, 9 ], "texture": "#0" },
				"up": { "uv": [ 5, 7, 6, 9 ], "texture": "#0" },
				"north": { "uv": [ 10, 11, 11, 14 ], "texture": "#0" },
				"south": { "uv": [ 5, 11, 6, 14 ], "texture": "#0" },
				"west": { "uv": [ 7, 11, 9, 14 ], "texture": "#0" },
				"east": { "uv": [ 9, 14, 7, 11 ], "texture": "#0" }
			}
		},
		{
			"__comment": "red_mushroom3",
			"from": [ 10, 7, 7 ],
			"to": [ 11, 10, 9 ],
			"rotation": { "origin": [ 8, 13, 8 ], "axis": "y", "angle": -45 },
			"faces": {
				"down": { "uv": [ 10, 7, 11, 9 ], "texture": "#0" },
				"up": { "uv": [ 10, 7, 11, 9 ], "texture": "#0" },
				"north": { "uv": [ 5, 11, 6, 14 ], "texture": "#0" },
				"south": { "uv": [ 10, 11, 11, 14 ], "texture": "#0" },
				"west": { "uv": [ 7, 11, 9, 14 ], "texture": "#0" },
				"east": { "uv": [ 9, 14, 7, 11 ], "texture": "#0" }
			}
		},
		{
			"__comment": "red_mushroom4",
			"from": [ 6, 10, 7 ],
			"to": [ 10, 11, 9 ],
			"rotation": { "origin": [ 8, 13, 8 ], "axis": "y", "angle": -45 },
			"faces": {
				"down": { "uv": [ 6, 7, 10, 9 ], "texture": "#0" },
				"up": { "uv": [ 6, 7, 10, 9 ], "texture": "#0" },
				"north": { "uv": [ 6, 10, 10, 11 ], "texture": "#0" },
				"south": { "uv": [ 6, 10, 10, 11 ], "texture": "#0" },
				"west": { "uv": [ 7, 10, 9, 11 ], "texture": "#0" },
				"east": { "uv": [ 9, 11, 7, 10 ], "texture": "#0" }
			}
		},
		{
			"__comment": "red_mushroom5",
			"from": [ 7, 7, 5 ],
			"to": [ 9, 10, 6 ],
			"rotation": { "origin": [ 8, 13, 8 ], "axis": "y", "angle": -45 },
			"faces": {
				"down": { "uv": [ 7, 10, 9, 11 ], "texture": "#0", "rotation": 270 },
				"up": { "uv": [ 7, 5, 9, 6 ], "texture": "#0", "rotation": 90 },
				"north": { "uv": [ 7, 11, 9, 14 ], "texture": "#0" },
				"south": { "uv": [ 7, 11, 9, 14 ], "texture": "#0" },
				"west": { "uv": [ 5, 11, 6, 14 ], "texture": "#0" },
				"east": { "uv": [ 11, 14, 10, 11 ], "texture": "#0" }
			}
		},
		{
			"__comment": "red_mushroom6",
			"from": [ 7, 7, 10 ],
			"to": [ 9, 10, 11 ],
			"rotation": { "origin": [ 8, 13, 8 ], "axis": "y", "angle": -45 },
			"faces": {
				"down": { "uv": [ 7, 5, 9, 6 ], "texture": "#0", "rotation": 90 },
				"up": { "uv": [ 7, 10, 9, 11 ], "texture": "#0", "rotation": 270 },
				"north": { "uv": [ 7, 11, 9, 14 ], "texture": "#0" },
				"south": { "uv": [ 7, 11, 9, 14 ], "texture": "#0" },
				"west": { "uv": [ 10, 11, 11, 14 ], "texture": "#0" },
				"east": { "uv": [ 6, 14, 5, 11 ], "texture": "#0" }
			}
		},
		{
			"__comment": "red_mushroom7",
			"from": [ 7, 10, 6 ],
			"to": [ 9, 11, 7 ],
			"rotation": { "origin": [ 8, 13, 8 ], "axis": "y", "angle": -45 },
			"faces": {
				"down": { "uv": [ 7, 9, 9, 10 ], "texture": "#0" },
				"up": { "uv": [ 7, 6, 9, 7 ], "texture": "#0" },
				"north": { "uv": [ 7, 10, 9, 11 ], "texture": "#0" },
				"south": { "uv": [ 7, 10, 9, 11 ], "texture": "#0" },
				"west": { "uv": [ 6, 10, 7, 11 ], "texture": "#0" },
				"east": { "uv": [ 10, 11, 9, 10 ], "texture": "#0" }
			}
		},
		{
			"__comment": "red_mushroom8",
			"from": [ 7, 10, 9 ],
			"to": [ 9, 11, 10 ],
			"rotation": { "origin": [ 8, 13, 8 ], "axis": "y", "angle": -45 },
			"faces": {
				"down": { "uv": [ 7, 6, 9, 7 ], "texture": "#0" },
				"up": { "uv": [ 7, 9, 9, 10 ], "texture": "#0" },
				"north": { "uv": [ 7, 10, 9, 11 ], "texture": "#0" },
				"south": { "uv": [ 7, 10, 9, 11 ], "texture": "#0" },
				"west": { "uv": [ 9, 10, 10, 11 ], "texture": "#0" },
				"east": { "uv": [ 7, 11, 6, 10 ], "texture": "#0" }
			}
		},
		{
			"__comment": "red_mushroom9",
			"from": [ 7.45, 7.75, 4.75 ],
			"to": [ 8.45, 8.75, 5.75 ],
			"rotation": { "origin": [ 8, 13, 8 ], "axis": "y", "angle": -45 },
			"faces": {
				"down": { "uv": [ 7.45, 10.25, 8.45, 11.25 ], "texture": "#3" },
				"up": { "uv": [ 7.45, 4.75, 8.45, 5.75 ], "texture": "#3" },
				"north": { "uv": [ 7.55, 12.25, 8.55, 13.25 ], "texture": "#3" },
				"south": { "uv": [ 7.45, 12.25, 8.45, 13.25 ], "texture": "#3" },
				"west": { "uv": [ 4.75, 12.25, 5.75, 13.25 ], "texture": "#3" },
				"east": { "uv": [ 11.25, 13.25, 10.25, 12.25 ], "texture": "#3" }
			}
		},
		{
			"__comment": "red_mushroom10",
			"from": [ 5.85, 8.65, 5.9 ],
			"to": [ 6.85, 9.65, 6.9 ],
			"rotation": { "origin": [ 8, 13, 8 ], "axis": "y", "angle": -45 },
			"faces": {
				"down": { "uv": [ 5.85, 9.2, 6.85, 10.2 ], "texture": "#3" },
				"up": { "uv": [ 5.85, 5.8, 6.85, 6.8 ], "texture": "#3" },
				"north": { "uv": [ 9.15, 11.35, 10.15, 12.35 ], "texture": "#3" },
				"south": { "uv": [ 5.85, 11.35, 6.85, 12.35 ], "texture": "#3" },
				"west": { "uv": [ 5.8, 11.35, 6.8, 12.35 ], "texture": "#3" },
				"east": { "uv": [ 10.2, 12.35, 9.2, 11.35 ], "texture": "#3" }
			}
		},
		{
			"__comment": "red_mushroom11",
			"from": [ 4.85, 7.95, 7.8 ],
			"to": [ 5.85, 8.95, 8.799999 ],
			"rotation": { "origin": [ 8, 13, 8 ], "axis": "y", "angle": -45 },
			"faces": {
				"down": { "uv": [ 4.85, 7.2, 5.85, 8.2 ], "texture": "#3" },
				"up": { "uv": [ 4.85, 7.8, 5.85, 8.8 ], "texture": "#3" },
				"north": { "uv": [ 10.15, 12.05, 11.15, 13.05 ], "texture": "#3" },
				"south": { "uv": [ 4.85, 12.05, 5.85, 13.05 ], "texture": "#3" },
				"west": { "uv": [ 7.8, 12.05, 8.8, 13.05 ], "texture": "#3" },
				"east": { "uv": [ 8.2, 13.05, 7.2, 12.05 ], "texture": "#3" }
			}
		},
		{
			"__comment": "red_mushroom12",
			"from": [ 6.7, 10.1, 7.8 ],
			"to": [ 7.7, 11.1, 8.799999 ],
			"rotation": { "origin": [ 8, 13, 8 ], "axis": "y", "angle": -45 },
			"faces": {
				"down": { "uv": [ 6.7, 7.2, 7.7, 8.2 ], "texture": "#3" },
				"up": { "uv": [ 6.7, 7.8, 7.7, 8.8 ], "texture": "#3" },
				"north": { "uv": [ 8.3, 9.9, 9.3, 10.9 ], "texture": "#3" },
				"south": { "uv": [ 6.7, 9.9, 7.7, 10.9 ], "texture": "#3" },
				"west": { "uv": [ 7.8, 9.9, 8.8, 10.9 ], "texture": "#3" },
				"east": { "uv": [ 8.2, 10.9, 7.2, 9.9 ], "texture": "#3" }
			}
		},
		{
			"__comment": "red_mushroom13",
			"from": [ 7.65, 9.15, 5.3 ],
			"to": [ 8.65, 10.15, 6.3 ],
			"rotation": { "origin": [ 8, 13, 8 ], "axis": "y", "angle": -45 },
			"faces": {
				"down": { "uv": [ 7.65, 9.7, 8.65, 10.7 ], "texture": "#3" },
				"up": { "uv": [ 7.65, 5.3, 8.65, 6.3 ], "texture": "#3" },
				"north": { "uv": [ 7.35, 10.65, 8.35, 11.65 ], "texture": "#3" },
				"south": { "uv": [ 7.65, 10.65, 8.65, 11.65 ], "texture": "#3" },
				"west": { "uv": [ 5.3, 10.65, 6.3, 11.65 ], "texture": "#3" },
				"east": { "uv": [ 10.7, 11.65, 9.7, 10.65 ], "texture": "#3" }
			}
		},
		{
			"__comment": "red_mushroom14",
			"from": [ 8.5, 10.15, 7.25 ],
			"to": [ 9.5, 11.15, 8.25 ],
			"rotation": { "origin": [ 8, 13, 8 ], "axis": "y", "angle": -45 },
			"faces": {
				"down": { "uv": [ 8.5, 7.75, 9.5, 8.75 ], "texture": "#3" },
				"up": { "uv": [ 8.5, 7.25, 9.5, 8.25 ], "texture": "#3" },
				"north": { "uv": [ 6.5, 9.85, 7.5, 10.85 ], "texture": "#3" },
				"south": { "uv": [ 8.5, 9.85, 9.5, 10.85 ], "texture": "#3" },
				"west": { "uv": [ 7.25, 9.85, 8.25, 10.85 ], "texture": "#3" },
				"east": { "uv": [ 8.75, 10.85, 7.75, 9.85 ], "texture": "#3" }
			}
		},
		{
			"__comment": "red_mushroom15",
			"from": [ 10.2, 7.95, 7.25 ],
			"to": [ 11.2, 8.95, 8.25 ],
			"rotation": { "origin": [ 8, 13, 8 ], "axis": "y", "angle": -45 },
			"faces": {
				"down": { "uv": [ 10.2, 7.75, 11.2, 8.75 ], "texture": "#3" },
				"up": { "uv": [ 10.2, 7.25, 11.2, 8.25 ], "texture": "#3" },
				"north": { "uv": [ 4.8, 12.05, 5.8, 13.05 ], "texture": "#3" },
				"south": { "uv": [ 10.2, 12.05, 11.2, 13.05 ], "texture": "#3" },
				"west": { "uv": [ 7.25, 12.05, 8.25, 13.05 ], "texture": "#3" },
				"east": { "uv": [ 8.75, 13.05, 7.75, 12.05 ], "texture": "#3" }
			}
		},
		{
			"__comment": "red_mushroom16",
			"from": [ 8.8, 7.95, 9.2 ],
			"to": [ 9.8, 8.95, 10.2 ],
			"rotation": { "origin": [ 8, 13, 8 ], "axis": "y", "angle": -45 },
			"faces": {
				"down": { "uv": [ 8.8, 5.8, 9.8, 6.8 ], "texture": "#3" },
				"up": { "uv": [ 8.8, 9.2, 9.8, 10.2 ], "texture": "#3" },
				"north": { "uv": [ 6.2, 12.05, 7.2, 13.05 ], "texture": "#3" },
				"south": { "uv": [ 8.8, 12.05, 9.8, 13.05 ], "texture": "#3" },
				"west": { "uv": [ 9.2, 12.05, 10.2, 13.05 ], "texture": "#3" },
				"east": { "uv": [ 6.8, 13.05, 5.8, 12.05 ], "texture": "#3" }
			}
		},
		{
			"__comment": "red_mushroom17",
			"from": [ 7.35, 7.5, 10.15 ],
			"to": [ 8.35, 8.5, 11.15 ],
			"rotation": { "origin": [ 8, 13, 8 ], "axis": "y", "angle": -45 },
			"faces": {
				"down": { "uv": [ 7.35, 4.85, 8.35, 5.85 ], "texture": "#3" },
				"up": { "uv": [ 7.35, 10.15, 8.35, 11.15 ], "texture": "#3" },
				"north": { "uv": [ 7.65, 12.5, 8.65, 13.5 ], "texture": "#3" },
				"south": { "uv": [ 7.35, 12.5, 8.35, 13.5 ], "texture": "#3" },
				"west": { "uv": [ 10.15, 12.5, 11.15, 13.5 ], "texture": "#3" },
				"east": { "uv": [ 5.85, 13.5, 4.85, 12.5 ], "texture": "#3" }
			}
		},
		{
			"__comment": "red_mushroom18",
			"from": [ 6.25, 8.55, 9.3 ],
			"to": [ 7.25, 9.55, 10.3 ],
			"rotation": { "origin": [ 8, 13, 8 ], "axis": "y", "angle": -45 },
			"faces": {
				"down": { "uv": [ 6.25, 5.7, 7.25, 6.7 ], "texture": "#3" },
				"up": { "uv": [ 6.25, 9.3, 7.25, 10.3 ], "texture": "#3" },
				"north": { "uv": [ 8.75, 11.45, 9.75, 12.45 ], "texture": "#3" },
				"south": { "uv": [ 6.25, 11.45, 7.25, 12.45 ], "texture": "#3" },
				"west": { "uv": [ 9.3, 11.45, 10.3, 12.45 ], "texture": "#3" },
				"east": { "uv": [ 6.7, 12.45, 5.7, 11.45 ], "texture": "#3" }
			}
		},
		{
			"__comment": "red_mushroom19",
			"from": [ 7.25, 9.15, 9.7 ],
			"to": [ 8.25, 10.15, 10.7 ],
			"rotation": { "origin": [ 8, 13, 8 ], "axis": "y", "angle": -45 },
			"faces": {
				"down": { "uv": [ 7.25, 5.3, 8.25, 6.3 ], "texture": "#3" },
				"up": { "uv": [ 7.25, 9.7, 8.25, 10.7 ], "texture": "#3" },
				"north": { "uv": [ 7.75, 10.85, 8.75, 11.85 ], "texture": "#3" },
				"south": { "uv": [ 7.25, 10.85, 8.25, 11.85 ], "texture": "#3" },
				"west": { "uv": [ 9.7, 10.85, 10.7, 11.85 ], "texture": "#3" },
				"east": { "uv": [ 6.3, 11.85, 5.3, 10.85 ], "texture": "#3" }
			}
		},
		{
			"__comment": "red_mushroom20",
			"from": [ 9.7, 9.2, 7.65 ],
			"to": [ 10.7, 10.2, 8.65 ],
			"rotation": { "origin": [ 8, 13, 8 ], "axis": "y", "angle": -45 },
			"faces": {
				"down": { "uv": [ 9.7, 7.35, 10.7, 8.35 ], "texture": "#3" },
				"up": { "uv": [ 9.7, 7.65, 10.7, 8.65 ], "texture": "#3" },
				"north": { "uv": [ 5.3, 10.8, 6.3, 11.8 ], "texture": "#3" },
				"south": { "uv": [ 9.7, 10.8, 10.7, 11.8 ], "texture": "#3" },
				"west": { "uv": [ 7.65, 10.8, 8.65, 11.8 ], "texture": "#3" },
				"east": { "uv": [ 8.35, 11.8, 7.35, 10.8 ], "texture": "#3" }
			}
		},
		{
			"__comment": "red_mushroom21",
			"from": [ 5.45, 9.15, 7.85 ],
			"to": [ 6.45, 10.15, 8.85 ],
			"rotation": { "origin": [ 8, 13, 8 ], "axis": "y", "angle": -45 },
			"faces": {
				"down": { "uv": [ 5.45, 7.15, 6.45, 8.15 ], "texture": "#3" },
				"up": { "uv": [ 5.45, 7.85, 6.45, 8.85 ], "texture": "#3" },
				"north": { "uv": [ 9.55, 10.8, 10.55, 11.8 ], "texture": "#3" },
				"south": { "uv": [ 5.45, 10.8, 6.45, 11.8 ], "texture": "#3" },
				"west": { "uv": [ 7.85, 10.8, 8.85, 11.8 ], "texture": "#3" },
				"east": { "uv": [ 8.15, 11.8, 7.15, 10.8 ], "texture": "#3" }
			}
		},
		{
			"__comment": "red_mushroom22",
			"from": [ 9.25, 7.95, 6.05 ],
			"to": [ 10.25, 8.95, 7.05 ],
			"rotation": { "origin": [ 8, 13, 8 ], "axis": "y", "angle": -45 },
			"faces": {
				"down": { "uv": [ 9.25, 8.95, 10.25, 9.95 ], "texture": "#3" },
				"up": { "uv": [ 9.25, 6.05, 10.25, 7.05 ], "texture": "#3" },
				"north": { "uv": [ 5.75, 12.05, 6.75, 13.05 ], "texture": "#3" },
				"south": { "uv": [ 9.25, 12.05, 10.25, 13.05 ], "texture": "#3" },
				"west": { "uv": [ 6.05, 12.05, 7.05, 13.05 ], "texture": "#3" },
				"east": { "uv": [ 9.95, 13.05, 8.95, 12.05 ], "texture": "#3" }
			}
		}
	]
}