{
	"__comment": "Designed by CreatorLabs with Cubik Studio - https://cubik.studio",
	"textures": {
		"particle": "3d_blocks/brick_light",
		"flowerpot": "3d_blocks/brick_light",
		"dirt": "3d_blocks/dirt",
		"0": "3d_decoration/sapling_spruce_leaves",
		"1": "3d_decoration/sapling_spruce_wood"
	},
	"elements": [ 	 
		{
			"__comment": "pot1",
			"from": [ 4, 5, 7 ],
			"to": [ 5, 6, 9 ],
			"faces": {
				"down": { "uv": [ 4, 7, 5, 9 ], "texture": "#flowerpot" },
				"up": { "uv": [ 4, 7, 5, 9 ], "texture": "#flowerpot" },
				"north": { "uv": [ 11, 10, 12, 11 ], "texture": "#flowerpot" },
				"south": { "uv": [ 4, 10, 5, 11 ], "texture": "#flowerpot" },
				"west": { "uv": [ 7, 10, 9, 11 ], "texture": "#flowerpot" },
				"east": { "uv": [ 7, 10, 9, 11 ], "texture": "#flowerpot" }
			}
		},
		{
			"__comment": "pot2",
			"from": [ 5, 2, 7 ],
			"to": [ 7, 3, 9 ],
			"faces": {
				"down": { "uv": [ 5, 7, 7, 9 ], "texture": "#flowerpot" },
				"north": { "uv": [ 9, 13, 11, 14 ], "texture": "#flowerpot" },
				"south": { "uv": [ 5, 13, 7, 14 ], "texture": "#flowerpot" },
				"west": { "uv": [ 7, 13, 9, 14 ], "texture": "#flowerpot" }
			}
		},
		{
			"__comment": "pot3",
			"from": [ 5, 3, 7 ],
			"to": [ 6, 5, 9 ],
			"faces": {
				"north": { "uv": [ 10, 11, 11, 13 ], "texture": "#flowerpot" },
				"south": { "uv": [ 5, 11, 6, 13 ], "texture": "#flowerpot" },
				"west": { "uv": [ 7, 11, 9, 13 ], "texture": "#flowerpot" }
			}
		},
		{
			"__comment": "pot4",
			"from": [ 5, 5, 6 ],
			"to": [ 6, 6, 7 ],
			"faces": {
				"down": { "uv": [ 5, 9, 6, 10 ], "texture": "#flowerpot" },
				"up": { "uv": [ 5, 6, 6, 7 ], "texture": "#flowerpot" },
				"north": { "uv": [ 10, 10, 11, 11 ], "texture": "#flowerpot" },
				"south": { "uv": [ 5, 10, 6, 11 ], "texture": "#flowerpot" },
				"west": { "uv": [ 6, 10, 7, 11 ], "texture": "#flowerpot" },
				"east": { "uv": [ 9, 10, 10, 11 ], "texture": "#flowerpot" }
			}
		},
		{
			"__comment": "pot5",
			"from": [ 5, 5, 9 ],
			"to": [ 6, 6, 10 ],
			"faces": {
				"down": { "uv": [ 5, 6, 6, 7 ], "texture": "#flowerpot" },
				"up": { "uv": [ 5, 9, 6, 10 ], "texture": "#flowerpot" },
				"north": { "uv": [ 10, 10, 11, 11 ], "texture": "#flowerpot" },
				"south": { "uv": [ 5, 10, 6, 11 ], "texture": "#flowerpot" },
				"west": { "uv": [ 9, 10, 10, 11 ], "texture": "#flowerpot" },
				"east": { "uv": [ 6, 10, 7, 11 ], "texture": "#flowerpot" }
			}
		},
		{
			"__comment": "pot6",
			"from": [ 6, 0, 7 ],
			"to": [ 10, 1, 9 ],
			"faces": {
				"down": { "uv": [ 6, 7, 10, 9 ], "texture": "#flowerpot" },
				"north": { "uv": [ 6, 15, 10, 16 ], "texture": "#flowerpot" },
				"south": { "uv": [ 6, 15, 10, 16 ], "texture": "#flowerpot" },
				"west": { "uv": [ 7, 15, 9, 16 ], "texture": "#flowerpot" },
				"east": { "uv": [ 7, 15, 9, 16 ], "texture": "#flowerpot" }
			}
		},
		{
			"__comment": "pot7",
			"from": [ 6, 1, 7 ],
			"to": [ 7, 2, 9 ],
			"faces": {
				"north": { "uv": [ 9, 14, 10, 15 ], "texture": "#flowerpot" },
				"south": { "uv": [ 6, 14, 7, 15 ], "texture": "#flowerpot" },
				"west": { "uv": [ 7, 14, 9, 15 ], "texture": "#flowerpot" }
			}
		},
		{
			"__comment": "pot8",
			"from": [ 6, 2, 6 ],
			"to": [ 10, 3, 7 ],
			"faces": {
				"down": { "uv": [ 6, 9, 10, 10 ], "texture": "#flowerpot" },
				"north": { "uv": [ 6, 13, 10, 14 ], "texture": "#flowerpot" },
				"west": { "uv": [ 6, 13, 7, 14 ], "texture": "#flowerpot" },
				"east": { "uv": [ 9, 13, 10, 14 ], "texture": "#flowerpot" }
			}
		},
		{
			"__comment": "pot9",
			"from": [ 6, 2, 9 ],
			"to": [ 10, 3, 10 ],
			"faces": {
				"down": { "uv": [ 6, 6, 10, 7 ], "texture": "#flowerpot" },
				"south": { "uv": [ 6, 13, 10, 14 ], "texture": "#flowerpot" },
				"west": { "uv": [ 9, 13, 10, 14 ], "texture": "#flowerpot" },
				"east": { "uv": [ 6, 13, 7, 14 ], "texture": "#flowerpot" }
			}
		},
		{
			"__comment": "pot10",
			"from": [ 6, 3, 6 ],
			"to": [ 7, 5, 7 ],
			"faces": {
				"north": { "uv": [ 9, 11, 10, 13 ], "texture": "#flowerpot" },
				"west": { "uv": [ 6, 11, 7, 13 ], "texture": "#flowerpot" }
			}
		},
		{
			"__comment": "pot11",
			"from": [ 6, 3, 9 ],
			"to": [ 7, 5, 10 ],
			"faces": {
				"south": { "uv": [ 6, 11, 7, 13 ], "texture": "#flowerpot" },
				"west": { "uv": [ 9, 11, 10, 13 ], "texture": "#flowerpot" }
			}
		},
		{
			"__comment": "pot12",
			"from": [ 6, 5, 5 ],
			"to": [ 7, 6, 6 ],
			"faces": {
				"down": { "uv": [ 6, 10, 7, 11 ], "texture": "#flowerpot" },
				"up": { "uv": [ 6, 5, 7, 6 ], "texture": "#flowerpot" },
				"north": { "uv": [ 9, 10, 10, 11 ], "texture": "#flowerpot" },
				"south": { "uv": [ 6, 10, 7, 11 ], "texture": "#flowerpot" },
				"west": { "uv": [ 5, 10, 6, 11 ], "texture": "#flowerpot" },
				"east": { "uv": [ 10, 10, 11, 11 ], "texture": "#flowerpot" }
			}
		},
		{
			"__comment": "pot13",
			"from": [ 6, 5, 10 ],
			"to": [ 7, 6, 11 ],
			"faces": {
				"down": { "uv": [ 6, 5, 7, 6 ], "texture": "#flowerpot" },
				"up": { "uv": [ 6, 10, 7, 11 ], "texture": "#flowerpot" },
				"north": { "uv": [ 9, 10, 10, 11 ], "texture": "#flowerpot" },
				"south": { "uv": [ 6, 10, 7, 11 ], "texture": "#flowerpot" },
				"west": { "uv": [ 10, 10, 11, 11 ], "texture": "#flowerpot" },
				"east": { "uv": [ 5, 10, 6, 11 ], "texture": "#flowerpot" }
			}
		},
		{
			"__comment": "pot14",
			"from": [ 7, 0, 6 ],
			"to": [ 9, 2, 7 ],
			"faces": {
				"down": { "uv": [ 7, 9, 9, 10 ], "texture": "#flowerpot" },
				"north": { "uv": [ 7, 14, 9, 16 ], "texture": "#flowerpot" },
				"west": { "uv": [ 6, 14, 7, 16 ], "texture": "#flowerpot" },
				"east": { "uv": [ 9, 14, 10, 16 ], "texture": "#flowerpot" }
			}
		},
		{
			"__comment": "pot15",
			"from": [ 7, 0, 9 ],
			"to": [ 9, 2, 10 ],
			"faces": {
				"down": { "uv": [ 7, 6, 9, 7 ], "texture": "#flowerpot" },
				"south": { "uv": [ 7, 14, 9, 16 ], "texture": "#flowerpot" },
				"west": { "uv": [ 9, 14, 10, 16 ], "texture": "#flowerpot" },
				"east": { "uv": [ 6, 14, 7, 16 ], "texture": "#flowerpot" }
			}
		},
		{
			"__comment": "pot16",
			"from": [ 7, 2, 5 ],
			"to": [ 9, 5, 6 ],
			"faces": {
				"down": { "uv": [ 7, 10, 9, 11 ], "texture": "#flowerpot" },
				"north": { "uv": [ 7, 11, 9, 14 ], "texture": "#flowerpot" },
				"west": { "uv": [ 5, 11, 6, 14 ], "texture": "#flowerpot" },
				"east": { "uv": [ 10, 11, 11, 14 ], "texture": "#flowerpot" }
			}
		},
		{
			"__comment": "pot17",
			"from": [ 7, 2, 10 ],
			"to": [ 9, 5, 11 ],
			"faces": {
				"down": { "uv": [ 7, 5, 9, 6 ], "texture": "#flowerpot" },
				"south": { "uv": [ 7, 11, 9, 14 ], "texture": "#flowerpot" },
				"west": { "uv": [ 10, 11, 11, 14 ], "texture": "#flowerpot" },
				"east": { "uv": [ 5, 11, 6, 14 ], "texture": "#flowerpot" }
			}
		},
		{
			"__comment": "pot18",
			"from": [ 7, 5, 4 ],
			"to": [ 9, 6, 5 ],
			"faces": {
				"down": { "uv": [ 7, 11, 9, 12 ], "texture": "#flowerpot" },
				"up": { "uv": [ 7, 4, 9, 5 ], "texture": "#flowerpot" },
				"north": { "uv": [ 7, 10, 9, 11 ], "texture": "#flowerpot" },
				"south": { "uv": [ 7, 10, 9, 11 ], "texture": "#flowerpot" },
				"west": { "uv": [ 4, 10, 5, 11 ], "texture": "#flowerpot" },
				"east": { "uv": [ 11, 10, 12, 11 ], "texture": "#flowerpot" }
			}
		},
		{
			"__comment": "pot19",
			"from": [ 7, 5, 11 ],
			"to": [ 9, 6, 12 ],
			"faces": {
				"down": { "uv": [ 7, 4, 9, 5 ], "texture": "#flowerpot" },
				"up": { "uv": [ 7, 11, 9, 12 ], "texture": "#flowerpot" },
				"north": { "uv": [ 7, 10, 9, 11 ], "texture": "#flowerpot" },
				"south": { "uv": [ 7, 10, 9, 11 ], "texture": "#flowerpot" },
				"west": { "uv": [ 11, 10, 12, 11 ], "texture": "#flowerpot" },
				"east": { "uv": [ 4, 10, 5, 11 ], "texture": "#flowerpot" }
			}
		},
		{
			"__comment": "pot20",
			"from": [ 9, 1, 7 ],
			"to": [ 10, 3, 9 ],
			"faces": {
				"north": { "uv": [ 6, 13, 7, 15 ], "texture": "#flowerpot" },
				"south": { "uv": [ 9, 13, 10, 15 ], "texture": "#flowerpot" },
				"east": { "uv": [ 7, 13, 9, 15 ], "texture": "#flowerpot" }
			}
		},
		{
			"__comment": "pot21",
			"from": [ 9, 3, 6 ],
			"to": [ 10, 5, 7 ],
			"faces": {
				"north": { "uv": [ 6, 11, 7, 13 ], "texture": "#flowerpot" },
				"east": { "uv": [ 9, 11, 10, 13 ], "texture": "#flowerpot" }
			}
		},
		{
			"__comment": "pot22",
			"from": [ 9, 3, 9 ],
			"to": [ 10, 5, 10 ],
			"faces": {
				"south": { "uv": [ 9, 11, 10, 13 ], "texture": "#flowerpot" },
				"east": { "uv": [ 6, 11, 7, 13 ], "texture": "#flowerpot" }
			}
		},
		{
			"__comment": "pot23",
			"from": [ 9, 5, 5 ],
			"to": [ 10, 6, 6 ],
			"faces": {
				"down": { "uv": [ 9, 10, 10, 11 ], "texture": "#flowerpot" },
				"up": { "uv": [ 9, 5, 10, 6 ], "texture": "#flowerpot" },
				"north": { "uv": [ 6, 10, 7, 11 ], "texture": "#flowerpot" },
				"south": { "uv": [ 9, 10, 10, 11 ], "texture": "#flowerpot" },
				"west": { "uv": [ 5, 10, 6, 11 ], "texture": "#flowerpot" },
				"east": { "uv": [ 10, 10, 11, 11 ], "texture": "#flowerpot" }
			}
		},
		{
			"__comment": "pot24",
			"from": [ 9, 5, 10 ],
			"to": [ 10, 6, 11 ],
			"faces": {
				"down": { "uv": [ 9, 5, 10, 6 ], "texture": "#flowerpot" },
				"up": { "uv": [ 9, 10, 10, 11 ], "texture": "#flowerpot" },
				"north": { "uv": [ 6, 10, 7, 11 ], "texture": "#flowerpot" },
				"south": { "uv": [ 9, 10, 10, 11 ], "texture": "#flowerpot" },
				"west": { "uv": [ 10, 10, 11, 11 ], "texture": "#flowerpot" },
				"east": { "uv": [ 5, 10, 6, 11 ], "texture": "#flowerpot" }
			}
		},
		{
			"__comment": "pot25",
			"from": [ 10, 2, 7 ],
			"to": [ 11, 5, 9 ],
			"faces": {
				"down": { "uv": [ 10, 7, 11, 9 ], "texture": "#flowerpot" },
				"north": { "uv": [ 5, 11, 6, 14 ], "texture": "#flowerpot" },
				"south": { "uv": [ 10, 11, 11, 14 ], "texture": "#flowerpot" },
				"east": { "uv": [ 7, 11, 9, 14 ], "texture": "#flowerpot" }
			}
		},
		{
			"__comment": "pot26",
			"from": [ 10, 5, 6 ],
			"to": [ 11, 6, 7 ],
			"faces": {
				"down": { "uv": [ 10, 9, 11, 10 ], "texture": "#flowerpot" },
				"up": { "uv": [ 10, 6, 11, 7 ], "texture": "#flowerpot" },
				"north": { "uv": [ 5, 10, 6, 11 ], "texture": "#flowerpot" },
				"south": { "uv": [ 10, 10, 11, 11 ], "texture": "#flowerpot" },
				"west": { "uv": [ 6, 10, 7, 11 ], "texture": "#flowerpot" },
				"east": { "uv": [ 9, 10, 10, 11 ], "texture": "#flowerpot" }
			}
		},
		{
			"__comment": "pot27",
			"from": [ 10, 5, 9 ],
			"to": [ 11, 6, 10 ],
			"faces": {
				"down": { "uv": [ 10, 6, 11, 7 ], "texture": "#flowerpot" },
				"up": { "uv": [ 10, 9, 11, 10 ], "texture": "#flowerpot" },
				"north": { "uv": [ 5, 10, 6, 11 ], "texture": "#flowerpot" },
				"south": { "uv": [ 10, 10, 11, 11 ], "texture": "#flowerpot" },
				"west": { "uv": [ 9, 10, 10, 11 ], "texture": "#flowerpot" },
				"east": { "uv": [ 6, 10, 7, 11 ], "texture": "#flowerpot" }
			}
		},
		{
			"__comment": "pot",
			"from": [ 11, 5, 7 ],
			"to": [ 12, 6, 9 ],
			"faces": {
				"down": { "uv": [ 11, 7, 12, 9 ], "texture": "#flowerpot" },
				"up": { "uv": [ 11, 7, 12, 9 ], "texture": "#flowerpot" },
				"north": { "uv": [ 4, 10, 5, 11 ], "texture": "#flowerpot" },
				"south": { "uv": [ 11, 10, 12, 11 ], "texture": "#flowerpot" },
				"west": { "uv": [ 7, 10, 9, 11 ], "texture": "#flowerpot" },
				"east": { "uv": [ 7, 10, 9, 11 ], "texture": "#flowerpot" }
			}
		},
		{
			"__comment": "dirt",
			"from": [ 5, 5, 7 ],
			"to": [ 11, 5.25, 9 ],
			"faces": {
				"up": { "uv": [ 5, 7, 11, 9 ], "texture": "#dirt" }
			}
		},
		{
			"__comment": "dirt2",
			"from": [ 6, 5, 6 ],
			"to": [ 10, 5.25, 7 ],
			"faces": {
				"up": { "uv": [ 6, 6, 10, 7 ], "texture": "#dirt" }
			}
		},
		{
			"__comment": "dirt3",
			"from": [ 6, 5, 9 ],
			"to": [ 10, 5.25, 10 ],
			"faces": {
				"up": { "uv": [ 6, 9, 10, 10 ], "texture": "#dirt" }
			}
		},
		{
			"__comment": "dirt4",
			"from": [ 7, 5, 5 ],
			"to": [ 9, 5.25, 6 ],
			"faces": {
				"up": { "uv": [ 7, 5, 9, 6 ], "texture": "#dirt" }
			}
		},
		{
			"__comment": "dirt5",
			"from": [ 7, 5, 10 ],
			"to": [ 9, 5.25, 11 ],
			"faces": {
				"up": { "uv": [ 7, 10, 9, 11 ], "texture": "#dirt" }
			}
		},
		{
			"__comment": "sapling",
			"from": [ 7, 0.5, 7 ],
			"to": [ 9, 13.5, 9 ],
			"faces": {
				"down": { "uv": [ 7, 7, 9, 9 ], "texture": "#1" },
				"up": { "uv": [ 7, 7, 9, 9 ], "texture": "#1" },
				"north": { "uv": [ 7, 3, 9, 16 ], "texture": "#1" },
				"south": { "uv": [ 7, 3, 9, 16 ], "texture": "#1" },
				"west": { "uv": [ 7, 3, 9, 16 ], "texture": "#1" },
				"east": { "uv": [ 9, 16, 7, 3 ], "texture": "#1" }
			}
		},
		{
			"__comment": "sapling1",
			"from": [ 6, 4.5, 7 ],
			"to": [ 7, 7.5, 8 ],
			"faces": {
				"down": { "uv": [ 6, 8, 7, 9 ], "texture": "#1" },
				"up": { "uv": [ 6, 7, 7, 8 ], "texture": "#1" },
				"north": { "uv": [ 9, 9, 10, 12 ], "texture": "#1" },
				"south": { "uv": [ 6, 9, 7, 12 ], "texture": "#1" },
				"west": { "uv": [ 7, 9, 8, 12 ], "texture": "#1" },
				"east": { "uv": [ 9, 12, 8, 9 ], "texture": "#1" }
			}
		},
		{
			"__comment": "sapling2",
			"from": [ 9, 4.5, 8 ],
			"to": [ 10, 7.5, 9 ],
			"faces": {
				"down": { "uv": [ 9, 7, 10, 8 ], "texture": "#1" },
				"up": { "uv": [ 9, 8, 10, 9 ], "texture": "#1" },
				"north": { "uv": [ 6, 9, 7, 12 ], "texture": "#1" },
				"south": { "uv": [ 9, 9, 10, 12 ], "texture": "#1" },
				"west": { "uv": [ 8, 9, 9, 12 ], "texture": "#1" },
				"east": { "uv": [ 8, 12, 7, 9 ], "texture": "#1" }
			}
		},
		{
			"__comment": "sapling3",
			"from": [ 10, 5.5, 8 ],
			"to": [ 11, 7.5, 9 ],
			"faces": {
				"down": { "uv": [ 10, 7, 11, 8 ], "texture": "#1" },
				"up": { "uv": [ 10, 8, 11, 9 ], "texture": "#1" },
				"north": { "uv": [ 5, 9, 6, 11 ], "texture": "#1" },
				"south": { "uv": [ 10, 9, 11, 11 ], "texture": "#1" },
				"west": { "uv": [ 8, 9, 9, 11 ], "texture": "#1" },
				"east": { "uv": [ 8, 11, 7, 9 ], "texture": "#1" }
			}
		},
		{
			"__comment": "sapling4",
			"from": [ 11, 6.5, 7 ],
			"to": [ 12, 7.5, 8 ],
			"faces": {
				"down": { "uv": [ 11, 8, 12, 9 ], "texture": "#1" },
				"up": { "uv": [ 11, 7, 12, 8 ], "texture": "#1" },
				"north": { "uv": [ 4, 9, 5, 10 ], "texture": "#1" },
				"south": { "uv": [ 11, 9, 12, 10 ], "texture": "#1" },
				"west": { "uv": [ 7, 9, 8, 10 ], "texture": "#1" },
				"east": { "uv": [ 9, 10, 8, 9 ], "texture": "#1" }
			}
		},
		{
			"__comment": "sapling5",
			"from": [ 11, 7.5, 7 ],
			"to": [ 13, 9.5, 8 ],
			"faces": {
				"down": { "uv": [ 11, 8, 13, 9 ], "texture": "#1" },
				"up": { "uv": [ 11, 7, 13, 8 ], "texture": "#1" },
				"north": { "uv": [ 3, 7, 5, 9 ], "texture": "#1" },
				"south": { "uv": [ 11, 7, 13, 9 ], "texture": "#1" },
				"west": { "uv": [ 7, 7, 8, 9 ], "texture": "#1" },
				"east": { "uv": [ 9, 9, 8, 7 ], "texture": "#1" }
			}
		},
		{
			"__comment": "sapling6",
			"from": [ 4, 6.5, 8 ],
			"to": [ 6, 7.5, 9 ],
			"faces": {
				"down": { "uv": [ 4, 7, 6, 8 ], "texture": "#1" },
				"up": { "uv": [ 4, 8, 6, 9 ], "texture": "#1" },
				"north": { "uv": [ 10, 9, 12, 10 ], "texture": "#1" },
				"south": { "uv": [ 4, 9, 6, 10 ], "texture": "#1" },
				"west": { "uv": [ 8, 9, 9, 10 ], "texture": "#1" },
				"east": { "uv": [ 8, 10, 7, 9 ], "texture": "#1" }
			}
		},
		{
			"__comment": "sapling7",
			"from": [ 2, 7.5, 8 ],
			"to": [ 4, 8.5, 9 ],
			"faces": {
				"down": { "uv": [ 2, 7, 4, 8 ], "texture": "#1" },
				"up": { "uv": [ 2, 8, 4, 9 ], "texture": "#1" },
				"north": { "uv": [ 12, 8, 14, 9 ], "texture": "#1" },
				"south": { "uv": [ 2, 8, 4, 9 ], "texture": "#1" },
				"west": { "uv": [ 8, 8, 9, 9 ], "texture": "#1" },
				"east": { "uv": [ 8, 9, 7, 8 ], "texture": "#1" }
			}
		},
		{
			"__comment": "sapling8",
			"from": [ 7, 2.5, 6 ],
			"to": [ 8, 3.5, 7 ],
			"faces": {
				"down": { "uv": [ 7, 9, 8, 10 ], "texture": "#1" },
				"up": { "uv": [ 7, 6, 8, 7 ], "texture": "#1" },
				"north": { "uv": [ 8, 13, 9, 14 ], "texture": "#1" },
				"south": { "uv": [ 7, 13, 8, 14 ], "texture": "#1" },
				"west": { "uv": [ 6, 13, 7, 14 ], "texture": "#1" },
				"east": { "uv": [ 10, 14, 9, 13 ], "texture": "#1" }
			}
		},
		{
			"__comment": "sapling9",
			"from": [ 7, 0.5, 7 ],
			"to": [ 9, 13.5, 9 ],
			"faces": {
				"down": { "uv": [ 7, 7, 9, 9 ], "texture": "#1" },
				"up": { "uv": [ 7, 7, 9, 9 ], "texture": "#1" },
				"north": { "uv": [ 7, 3, 9, 16 ], "texture": "#1" },
				"south": { "uv": [ 7, 3, 9, 16 ], "texture": "#1" },
				"west": { "uv": [ 7, 3, 9, 16 ], "texture": "#1" },
				"east": { "uv": [ 9, 16, 7, 3 ], "texture": "#1" }
			}
		},
		{
			"__comment": "sapling10",
			"from": [ 8, 4.5, 6 ],
			"to": [ 9, 7.5, 7 ],
			"faces": {
				"down": { "uv": [ 8, 9, 9, 10 ], "texture": "#1" },
				"up": { "uv": [ 8, 6, 9, 7 ], "texture": "#1" },
				"north": { "uv": [ 7, 9, 8, 12 ], "texture": "#1" },
				"south": { "uv": [ 8, 9, 9, 12 ], "texture": "#1" },
				"west": { "uv": [ 6, 9, 7, 12 ], "texture": "#1" },
				"east": { "uv": [ 10, 12, 9, 9 ], "texture": "#1" }
			}
		},
		{
			"__comment": "sapling11",
			"from": [ 7, 4.5, 9 ],
			"to": [ 8, 7.5, 10 ],
			"faces": {
				"down": { "uv": [ 7, 6, 8, 7 ], "texture": "#1" },
				"up": { "uv": [ 7, 9, 8, 10 ], "texture": "#1" },
				"north": { "uv": [ 8, 9, 9, 12 ], "texture": "#1" },
				"south": { "uv": [ 7, 9, 8, 12 ], "texture": "#1" },
				"west": { "uv": [ 9, 9, 10, 12 ], "texture": "#1" },
				"east": { "uv": [ 7, 12, 6, 9 ], "texture": "#1" }
			}
		},
		{
			"__comment": "sapling12",
			"from": [ 7, 5.5, 10 ],
			"to": [ 8, 7.5, 11 ],
			"faces": {
				"down": { "uv": [ 7, 5, 8, 6 ], "texture": "#1" },
				"up": { "uv": [ 7, 10, 8, 11 ], "texture": "#1" },
				"north": { "uv": [ 8, 9, 9, 11 ], "texture": "#1" },
				"south": { "uv": [ 7, 9, 8, 11 ], "texture": "#1" },
				"west": { "uv": [ 10, 9, 11, 11 ], "texture": "#1" },
				"east": { "uv": [ 6, 11, 5, 9 ], "texture": "#1" }
			}
		},
		{
			"__comment": "sapling13",
			"from": [ 8, 6.5, 11 ],
			"to": [ 9, 7.5, 12 ],
			"faces": {
				"down": { "uv": [ 8, 4, 9, 5 ], "texture": "#1" },
				"up": { "uv": [ 8, 11, 9, 12 ], "texture": "#1" },
				"north": { "uv": [ 7, 9, 8, 10 ], "texture": "#1" },
				"south": { "uv": [ 8, 9, 9, 10 ], "texture": "#1" },
				"west": { "uv": [ 11, 9, 12, 10 ], "texture": "#1" },
				"east": { "uv": [ 5, 10, 4, 9 ], "texture": "#1" }
			}
		},
		{
			"__comment": "sapling14",
			"from": [ 8, 7.5, 11 ],
			"to": [ 9, 9.5, 13 ],
			"faces": {
				"down": { "uv": [ 8, 3, 9, 5 ], "texture": "#1" },
				"up": { "uv": [ 8, 11, 9, 13 ], "texture": "#1" },
				"north": { "uv": [ 7, 7, 8, 9 ], "texture": "#1" },
				"south": { "uv": [ 8, 7, 9, 9 ], "texture": "#1" },
				"west": { "uv": [ 11, 7, 13, 9 ], "texture": "#1" },
				"east": { "uv": [ 5, 9, 3, 7 ], "texture": "#1" }
			}
		},
		{
			"__comment": "sapling15",
			"from": [ 7, 6.5, 4 ],
			"to": [ 8, 7.5, 6 ],
			"faces": {
				"down": { "uv": [ 7, 10, 8, 12 ], "texture": "#1" },
				"up": { "uv": [ 7, 4, 8, 6 ], "texture": "#1" },
				"north": { "uv": [ 8, 9, 9, 10 ], "texture": "#1" },
				"south": { "uv": [ 7, 9, 8, 10 ], "texture": "#1" },
				"west": { "uv": [ 4, 9, 6, 10 ], "texture": "#1" },
				"east": { "uv": [ 12, 10, 10, 9 ], "texture": "#1" }
			}
		},
		{
			"__comment": "sapling16",
			"from": [ 7, 7.5, 2 ],
			"to": [ 8, 8.5, 4 ],
			"faces": {
				"down": { "uv": [ 7, 12, 8, 14 ], "texture": "#1" },
				"up": { "uv": [ 7, 2, 8, 4 ], "texture": "#1" },
				"north": { "uv": [ 8, 8, 9, 9 ], "texture": "#1" },
				"south": { "uv": [ 7, 8, 8, 9 ], "texture": "#1" },
				"west": { "uv": [ 2, 8, 4, 9 ], "texture": "#1" },
				"east": { "uv": [ 14, 9, 12, 8 ], "texture": "#1" }
			}
		},
		{
			"__comment": "sapling18",
			"from": [ 7, 8.5, 2 ],
			"to": [ 9, 10.5, 4 ],
			"faces": {
				"down": { "uv": [ 7, 12, 9, 14 ], "texture": "#0" },
				"up": { "uv": [ 7, 2, 9, 4 ], "texture": "#0" },
				"north": { "uv": [ 7, 6, 9, 8 ], "texture": "#0" },
				"south": { "uv": [ 7, 6, 9, 8 ], "texture": "#0" },
				"west": { "uv": [ 2, 6, 4, 8 ], "texture": "#0" },
				"east": { "uv": [ 14, 8, 12, 6 ], "texture": "#0" }
			}
		},
		{
			"__comment": "sapling19",
			"from": [ 6, 7.5, 4 ],
			"to": [ 8, 9.5, 6 ],
			"faces": {
				"down": { "uv": [ 6, 10, 8, 12 ], "texture": "#0" },
				"up": { "uv": [ 6, 4, 8, 6 ], "texture": "#0" },
				"north": { "uv": [ 8, 7, 10, 9 ], "texture": "#0" },
				"south": { "uv": [ 6, 7, 8, 9 ], "texture": "#0" },
				"west": { "uv": [ 4, 7, 6, 9 ], "texture": "#0" },
				"east": { "uv": [ 12, 9, 10, 7 ], "texture": "#0" }
			}
		},
		{
			"__comment": "sapling20",
			"from": [ 4, 7.5, 7 ],
			"to": [ 6, 9.5, 9 ],
			"faces": {
				"down": { "uv": [ 4, 7, 6, 9 ], "texture": "#0" },
				"up": { "uv": [ 4, 7, 6, 9 ], "texture": "#0" },
				"north": { "uv": [ 10, 7, 12, 9 ], "texture": "#0" },
				"south": { "uv": [ 4, 7, 6, 9 ], "texture": "#0" },
				"west": { "uv": [ 7, 7, 9, 9 ], "texture": "#0" },
				"east": { "uv": [ 9, 9, 7, 7 ], "texture": "#0" }
			}
		},
		{
			"__comment": "sapling21",
			"from": [ 7, 7.5, 9 ],
			"to": [ 9, 9.5, 11 ],
			"faces": {
				"down": { "uv": [ 7, 5, 9, 7 ], "texture": "#0" },
				"up": { "uv": [ 7, 9, 9, 11 ], "texture": "#0" },
				"north": { "uv": [ 7, 7, 9, 9 ], "texture": "#0" },
				"south": { "uv": [ 7, 7, 9, 9 ], "texture": "#0" },
				"west": { "uv": [ 9, 7, 11, 9 ], "texture": "#0" },
				"east": { "uv": [ 7, 9, 5, 7 ], "texture": "#0" }
			}
		},
		{
			"__comment": "sapling22",
			"from": [ 7, 9.5, 11 ],
			"to": [ 9, 11.5, 13 ],
			"faces": {
				"down": { "uv": [ 7, 3, 9, 5 ], "texture": "#0" },
				"up": { "uv": [ 7, 11, 9, 13 ], "texture": "#0" },
				"north": { "uv": [ 7, 5, 9, 7 ], "texture": "#0" },
				"south": { "uv": [ 7, 5, 9, 7 ], "texture": "#0" },
				"west": { "uv": [ 11, 5, 13, 7 ], "texture": "#0" },
				"east": { "uv": [ 5, 7, 3, 5 ], "texture": "#0" }
			}
		},
		{
			"__comment": "sapling23",
			"from": [ 9, 7.5, 7 ],
			"to": [ 11, 9.5, 9 ],
			"faces": {
				"down": { "uv": [ 9, 7, 11, 9 ], "texture": "#0" },
				"up": { "uv": [ 9, 7, 11, 9 ], "texture": "#0" },
				"north": { "uv": [ 5, 7, 7, 9 ], "texture": "#0" },
				"south": { "uv": [ 9, 7, 11, 9 ], "texture": "#0" },
				"west": { "uv": [ 7, 7, 9, 9 ], "texture": "#0" },
				"east": { "uv": [ 9, 9, 7, 7 ], "texture": "#0" }
			}
		},
		{
			"__comment": "sapling24",
			"from": [ 11, 9.5, 6 ],
			"to": [ 13, 11.5, 8 ],
			"faces": {
				"down": { "uv": [ 11, 8, 13, 10 ], "texture": "#0" },
				"up": { "uv": [ 11, 6, 13, 8 ], "texture": "#0" },
				"north": { "uv": [ 3, 5, 5, 7 ], "texture": "#0" },
				"south": { "uv": [ 11, 5, 13, 7 ], "texture": "#0" },
				"west": { "uv": [ 6, 5, 8, 7 ], "texture": "#0" },
				"east": { "uv": [ 10, 7, 8, 5 ], "texture": "#0" }
			}
		},
		{
			"__comment": "sapling25",
			"from": [ 7, 13.5, 7 ],
			"to": [ 9, 15.5, 9 ],
			"faces": {
				"down": { "uv": [ 7, 7, 9, 9 ], "texture": "#0" },
				"up": { "uv": [ 7, 7, 9, 9 ], "texture": "#0" },
				"north": { "uv": [ 7, 1, 9, 3 ], "texture": "#0" },
				"south": { "uv": [ 7, 1, 9, 3 ], "texture": "#0" },
				"west": { "uv": [ 7, 1, 9, 3 ], "texture": "#0" },
				"east": { "uv": [ 9, 3, 7, 1 ], "texture": "#0" }
			}
		},
		{
			"__comment": "sapling26",
			"from": [ 11, 6.5, 8 ],
			"to": [ 13, 8.5, 10 ],
			"faces": {
				"down": { "uv": [ 11, 6, 13, 8 ], "texture": "#0" },
				"up": { "uv": [ 11, 8, 13, 10 ], "texture": "#0" },
				"north": { "uv": [ 3, 8, 5, 10 ], "texture": "#0" },
				"south": { "uv": [ 11, 8, 13, 10 ], "texture": "#0" },
				"west": { "uv": [ 8, 8, 10, 10 ], "texture": "#0" },
				"east": { "uv": [ 8, 10, 6, 8 ], "texture": "#0" }
			}
		},
		{
			"__comment": "sapling27",
			"from": [ 6, 6.5, 11 ],
			"to": [ 8, 8.5, 13 ],
			"faces": {
				"down": { "uv": [ 6, 3, 8, 5 ], "texture": "#0" },
				"up": { "uv": [ 6, 11, 8, 13 ], "texture": "#0" },
				"north": { "uv": [ 8, 8, 10, 10 ], "texture": "#0" },
				"south": { "uv": [ 6, 8, 8, 10 ], "texture": "#0" },
				"west": { "uv": [ 11, 8, 13, 10 ], "texture": "#0" },
				"east": { "uv": [ 5, 10, 3, 8 ], "texture": "#0" }
			}
		},
		{
			"__comment": "sapling28",
			"from": [ 2, 6.5, 6 ],
			"to": [ 4, 8.5, 8 ],
			"faces": {
				"down": { "uv": [ 2, 8, 4, 10 ], "texture": "#0" },
				"up": { "uv": [ 2, 6, 4, 8 ], "texture": "#0" },
				"north": { "uv": [ 12, 8, 14, 10 ], "texture": "#0" },
				"south": { "uv": [ 2, 8, 4, 10 ], "texture": "#0" },
				"west": { "uv": [ 6, 8, 8, 10 ], "texture": "#0" },
				"east": { "uv": [ 10, 10, 8, 8 ], "texture": "#0" }
			}
		},
		{
			"__comment": "sapling29",
			"from": [ 5, 11.5, 8 ],
			"to": [ 7, 13.5, 10 ],
			"faces": {
				"down": { "uv": [ 5, 6, 7, 8 ], "texture": "#0" },
				"up": { "uv": [ 5, 8, 7, 10 ], "texture": "#0" },
				"north": { "uv": [ 9, 3, 11, 5 ], "texture": "#0" },
				"south": { "uv": [ 5, 3, 7, 5 ], "texture": "#0" },
				"west": { "uv": [ 8, 3, 10, 5 ], "texture": "#0" },
				"east": { "uv": [ 8, 5, 6, 3 ], "texture": "#0" }
			}
		},
		{
			"__comment": "sapling30",
			"from": [ 9, 11.5, 7 ],
			"to": [ 11, 13.5, 9 ],
			"faces": {
				"down": { "uv": [ 9, 7, 11, 9 ], "texture": "#0" },
				"up": { "uv": [ 9, 7, 11, 9 ], "texture": "#0" },
				"north": { "uv": [ 5, 3, 7, 5 ], "texture": "#0" },
				"south": { "uv": [ 9, 3, 11, 5 ], "texture": "#0" },
				"west": { "uv": [ 7, 3, 9, 5 ], "texture": "#0" },
				"east": { "uv": [ 9, 5, 7, 3 ], "texture": "#0" }
			}
		},
		{
			"__comment": "sapling31",
			"from": [ 7, 10.5, 5 ],
			"to": [ 9, 12.5, 7 ],
			"faces": {
				"down": { "uv": [ 7, 9, 9, 11 ], "texture": "#0" },
				"up": { "uv": [ 7, 5, 9, 7 ], "texture": "#0" },
				"north": { "uv": [ 7, 5, 9, 7 ], "texture": "#0" },
				"south": { "uv": [ 7, 5, 9, 7 ], "texture": "#0" },
				"west": { "uv": [ 5, 5, 7, 7 ], "texture": "#0" },
				"east": { "uv": [ 11, 7, 9, 5 ], "texture": "#0" }
			}
		},
		{
			"__comment": "sapling32",
			"from": [ 7, 10.5, 9 ],
			"to": [ 9, 12.5, 11 ],
			"faces": {
				"down": { "uv": [ 7, 5, 9, 7 ], "texture": "#0" },
				"up": { "uv": [ 7, 9, 9, 11 ], "texture": "#0" },
				"north": { "uv": [ 7, 4, 9, 6 ], "texture": "#0" },
				"south": { "uv": [ 7, 4, 9, 6 ], "texture": "#0" },
				"west": { "uv": [ 9, 4, 11, 6 ], "texture": "#0" },
				"east": { "uv": [ 7, 6, 5, 4 ], "texture": "#0" }
			}
		},
		{
			"__comment": "sapling33",
			"from": [ 8, 6.5, 3 ],
			"to": [ 10, 8.5, 5 ],
			"faces": {
				"down": { "uv": [ 8, 11, 10, 13 ], "texture": "#0" },
				"up": { "uv": [ 8, 3, 10, 5 ], "texture": "#0" },
				"north": { "uv": [ 6, 8, 8, 10 ], "texture": "#0" },
				"south": { "uv": [ 8, 8, 10, 10 ], "texture": "#0" },
				"west": { "uv": [ 3, 8, 5, 10 ], "texture": "#0" },
				"east": { "uv": [ 13, 10, 11, 8 ], "texture": "#0" }
			}
		},
		{
			"__comment": "sapling34",
			"from": [ 9, 7.5, 11 ],
			"to": [ 11, 9.5, 13 ],
			"faces": {
				"down": { "uv": [ 9, 3, 11, 5 ], "texture": "#0" },
				"up": { "uv": [ 9, 11, 11, 13 ], "texture": "#0" },
				"north": { "uv": [ 5, 7, 7, 9 ], "texture": "#0" },
				"south": { "uv": [ 9, 7, 11, 9 ], "texture": "#0" },
				"west": { "uv": [ 11, 7, 13, 9 ], "texture": "#0" },
				"east": { "uv": [ 5, 9, 3, 7 ], "texture": "#0" }
			}
		},
		{
			"__comment": "sapling35",
			"from": [ 3, 6.5, 9 ],
			"to": [ 5, 8.5, 11 ],
			"faces": {
				"down": { "uv": [ 3, 5, 5, 7 ], "texture": "#0" },
				"up": { "uv": [ 3, 9, 5, 11 ], "texture": "#0" },
				"north": { "uv": [ 11, 8, 13, 10 ], "texture": "#0" },
				"south": { "uv": [ 3, 8, 5, 10 ], "texture": "#0" },
				"west": { "uv": [ 9, 8, 11, 10 ], "texture": "#0" },
				"east": { "uv": [ 7, 10, 5, 8 ], "texture": "#0" }
			}
		},
		{
			"__comment": "sapling36",
			"from": [ 11, 6.5, 5 ],
			"to": [ 13, 8.5, 7 ],
			"faces": {
				"down": { "uv": [ 11, 9, 13, 11 ], "texture": "#0" },
				"up": { "uv": [ 11, 5, 13, 7 ], "texture": "#0" },
				"north": { "uv": [ 3, 8, 5, 10 ], "texture": "#0" },
				"south": { "uv": [ 11, 8, 13, 10 ], "texture": "#0" },
				"west": { "uv": [ 5, 8, 7, 10 ], "texture": "#0" },
				"east": { "uv": [ 11, 10, 9, 8 ], "texture": "#0" }
			}
		},
		{
			"__comment": "sapling37",
			"from": [ 4, 9.5, 6 ],
			"to": [ 6, 11.5, 8 ],
			"faces": {
				"down": { "uv": [ 7, 3, 9, 5 ], "texture": "#0" },
				"up": { "uv": [ 7, 11, 9, 13 ], "texture": "#0" },
				"north": { "uv": [ 7, 5, 9, 7 ], "texture": "#0" },
				"south": { "uv": [ 7, 5, 9, 7 ], "texture": "#0" },
				"west": { "uv": [ 11, 5, 13, 7 ], "texture": "#0" },
				"east": { "uv": [ 5, 7, 3, 5 ], "texture": "#0" }
			}
		}
	]
}