{
	"credit": "Made with Blockbench, a free, modern block model editor by JannisX11",
	"ambientocclusion": true,
	"textures": {
		"0": "3d_decoration/3d_coal",
		"1": "3d_decoration/3d_furnace_1",
		"2": "blocks/furnace_top",
		"3": "blocks/furnace_side",
		"particle": "blocks/furnace_side"
	},
	"elements": [
		{
			"name": "cube",
			"from": [0, 0, 0],
			"to": [3, 16, 16],
			"faces": {
				"north": {
					"uv": [13, 0, 16, 16],
					"texture": "#3",
					"cullface": "north"
				},
				"east": {
					"uv": [16, 16, 0, 0],
					"texture": "#1",
					"cullface": "north"
				},
				"south": {
					"uv": [0, 0, 3, 16],
					"texture": "#3",
					"cullface": "south"
				},
				"west": {
					"uv": [0, 0, 16, 16],
					"texture": "#3",
					"cullface": "west"
				},
				"up": {
					"uv": [0, 0, 3, 16],
					"texture": "#2",
					"cullface": "up"
				},
				"down": {
					"uv": [0, 0, 3, 16],
					"texture": "#2",
					"cullface": "down"
				}
			},
			"type": "cube"
		},
		{
			"name": "cube",
			"from": [13, 0, 0],
			"to": [16, 16, 16],
			"faces": {
				"north": {
					"uv": [0, 0, 3, 16],
					"texture": "#3",
					"cullface": "north"
				},
				"east": {
					"uv": [16, 16, 0, 0],
					"texture": "#3",
					"cullface": "east",
					"rotation": 180
				},
				"south": {
					"uv": [13, 0, 16, 16],
					"texture": "#3",
					"cullface": "south"
				},
				"west": {
					"uv": [0, 0, 16, 16],
					"texture": "#1",
					"cullface": "north"
				},
				"up": {
					"uv": [13, 0, 16, 16],
					"texture": "#2",
					"cullface": "up"
				},
				"down": {
					"uv": [13, 0, 16, 16],
					"texture": "#2",
					"cullface": "down"
				}
			},
			"type": "cube"
		},
		{
			"name": "cube",
			"from": [3, 0, 15],
			"to": [13, 16, 16],
			"faces": {
				"south": {
					"uv": [3, 0, 13, 16],
					"texture": "#3",
					"cullface": "south"
				},
				"up": {
					"uv": [3, 15, 13, 16],
					"texture": "#2",
					"cullface": "up"
				},
				"down": {
					"uv": [3, 0, 13, 1],
					"texture": "#2",
					"cullface": "down"
				}
			},
			"type": "cube"
		},
		{
			"name": "cube",
			"from": [3, 15, 0],
			"to": [13, 16, 15],
			"faces": {
				"north": {
					"uv": [3, 0, 13, 1],
					"texture": "#3",
					"cullface": "north"
				},
				"up": {
					"uv": [3, 0, 13, 15],
					"texture": "#2",
					"cullface": "up"
				}
			},
			"type": "cube"
		},
		{
			"name": "cube",
			"from": [3, 0, 0],
			"to": [13, 1, 15],
			"faces": {
				"north": {
					"uv": [3, 15, 13, 16],
					"texture": "#3",
					"cullface": "north"
				},
				"up": {
					"uv": [3, 0, 13, 15],
					"texture": "#1",
					"cullface": "north"
				},
				"down": {
					"uv": [3, 1, 13, 16],
					"texture": "#2",
					"cullface": "down"
				}
			},
			"type": "cube"
		},
		{
			"name": "cube",
			"from": [3, 0, 8],
			"to": [13, 15, 8],
			"faces": {
				"north": {
					"uv": [3, 1, 13, 16],
					"texture": "#1",
					"cullface": "north"
				},
				"east": {
					"uv": [8, 16, 8, 1],
					"texture": "#missing"
				},
				"west": {
					"uv": [8, 1, 8, 16],
					"texture": "#missing"
				},
				"up": {"uv": [3, 8, 13, 8], "texture": "#missing"},
				"down": {"uv": [3, 8, 13, 8], "texture": "#missing"}
			},
			"type": "cube"
		},
		{
			"name": "cube",
			"from": [3, 3, 0],
			"to": [4, 15, 15],
			"faces": {
				"north": {
					"uv": [12, 1, 13, 13],
					"texture": "#3",
					"cullface": "north"
				},
				"east": {
					"uv": [16, 13, 1, 1],
					"texture": "#1",
					"cullface": "north"
				},
				"down": {
					"uv": [3, 1, 4, 16],
					"texture": "#1",
					"cullface": "north"
				}
			},
			"type": "cube"
		},
		{
			"name": "cube",
			"from": [12, 3, 0],
			"to": [13, 15, 15],
			"faces": {
				"north": {
					"uv": [3, 1, 4, 13],
					"texture": "#3",
					"cullface": "north"
				},
				"west": {
					"uv": [0, 1, 15, 13],
					"texture": "#1",
					"cullface": "north"
				},
				"down": {
					"uv": [12, 1, 13, 16],
					"texture": "#1",
					"cullface": "north"
				}
			},
			"type": "cube"
		},
		{
			"name": "cube",
			"from": [4, 4, 0],
			"to": [6, 9, 15],
			"faces": {
				"north": {
					"uv": [10, 7, 12, 12],
					"texture": "#3",
					"cullface": "north"
				},
				"east": {
					"uv": [16, 12, 1, 7],
					"texture": "#1",
					"cullface": "north"
				},
				"up": {
					"uv": [4, 0, 6, 15],
					"texture": "#1",
					"cullface": "north"
				},
				"down": {
					"uv": [4, 1, 6, 16],
					"texture": "#1",
					"cullface": "north"
				}
			},
			"type": "cube"
		},
		{
			"name": "cube",
			"from": [10, 4, 0],
			"to": [12, 9, 15],
			"faces": {
				"north": {
					"uv": [4, 7, 6, 12],
					"texture": "#3",
					"cullface": "north"
				},
				"west": {
					"uv": [0, 7, 15, 12],
					"texture": "#1",
					"cullface": "north"
				},
				"up": {
					"uv": [10, 0, 12, 15],
					"texture": "#1",
					"cullface": "north"
				},
				"down": {
					"uv": [10, 1, 12, 16],
					"texture": "#1",
					"cullface": "north"
				}
			},
			"type": "cube"
		},
		{
			"name": "cube",
			"from": [6, 5, 0],
			"to": [10, 9, 15],
			"faces": {
				"north": {
					"uv": [6, 7, 10, 11],
					"texture": "#3",
					"cullface": "north"
				},
				"up": {
					"uv": [6, 0, 10, 15],
					"texture": "#1",
					"cullface": "north"
				},
				"down": {
					"uv": [6, 1, 10, 16],
					"texture": "#1",
					"cullface": "north"
				}
			},
			"type": "cube"
		},
		{
			"name": "cube",
			"from": [4, 12, 0],
			"to": [12, 15, 15],
			"faces": {
				"north": {
					"uv": [4, 1, 12, 4],
					"texture": "#3",
					"cullface": "north"
				},
				"down": {
					"uv": [4, 1, 12, 16],
					"texture": "#1",
					"cullface": "north"
				}
			},
			"type": "cube"
		},
		{
			"name": "cube",
			"from": [4, 11, 0],
			"to": [5, 12, 15],
			"faces": {
				"north": {
					"uv": [11, 4, 12, 5],
					"texture": "#3",
					"cullface": "north"
				},
				"east": {
					"uv": [16, 5, 1, 4],
					"texture": "#1",
					"cullface": "north"
				},
				"down": {
					"uv": [4, 1, 5, 16],
					"texture": "#1",
					"cullface": "north"
				}
			},
			"type": "cube"
		},
		{
			"name": "cube",
			"from": [11, 11, 0],
			"to": [12, 12, 15],
			"faces": {
				"north": {
					"uv": [4, 4, 5, 5],
					"texture": "#3",
					"cullface": "north"
				},
				"down": {
					"uv": [11, 1, 12, 16],
					"texture": "#1",
					"cullface": "north"
				}
			},
			"type": "cube"
		},
		{
			"name": "cube",
			"from": [4, 1, 2],
			"to": [12, 1.5, 7],
			"faces": {
				"north": {
					"uv": [4, 14.5, 12, 15],
					"texture": "#0",
					"cullface": "north"
				},
				"east": {
					"uv": [14, 15, 9, 14.5],
					"texture": "#0",
					"cullface": "north"
				},
				"south": {
					"uv": [4, 14.5, 12, 15],
					"texture": "#0",
					"cullface": "north"
				},
				"west": {
					"uv": [2, 14.5, 7, 15],
					"texture": "#0",
					"cullface": "north"
				},
				"up": {
					"uv": [4, 2, 12, 7],
					"texture": "#0",
					"cullface": "north"
				},
				"down": {
					"uv": [4, 9, 12, 14],
					"texture": "#0",
					"cullface": "north"
				}
			},
			"type": "cube"
		},
		{
			"name": "cube",
			"from": [5, 1, 5],
			"to": [6, 2, 6],
			"faces": {
				"north": {
					"uv": [10, 14, 11, 15],
					"texture": "#0",
					"cullface": "north"
				},
				"east": {
					"uv": [11, 15, 10, 14],
					"texture": "#0",
					"cullface": "north"
				},
				"south": {
					"uv": [5, 14, 6, 15],
					"texture": "#0",
					"cullface": "north"
				},
				"west": {
					"uv": [5, 14, 6, 15],
					"texture": "#0",
					"cullface": "north"
				},
				"up": {
					"uv": [5, 5, 6, 6],
					"texture": "#0",
					"cullface": "north"
				},
				"down": {
					"uv": [5, 10, 6, 11],
					"texture": "#0",
					"cullface": "north"
				}
			},
			"type": "cube"
		},
		{
			"name": "cube",
			"from": [6, 1, 4],
			"to": [7, 1.75, 5],
			"faces": {
				"north": {
					"uv": [9, 14.25, 10, 15],
					"texture": "#0",
					"cullface": "north"
				},
				"east": {
					"uv": [12, 15, 11, 14.25],
					"texture": "#0",
					"cullface": "north"
				},
				"south": {
					"uv": [6, 14.25, 7, 15],
					"texture": "#0",
					"cullface": "north"
				},
				"west": {
					"uv": [4, 14.25, 5, 15],
					"texture": "#0",
					"cullface": "north"
				},
				"up": {
					"uv": [6, 4, 7, 5],
					"texture": "#0",
					"cullface": "north"
				},
				"down": {
					"uv": [6, 11, 7, 12],
					"texture": "#0",
					"cullface": "north"
				}
			},
			"type": "cube"
		},
		{
			"name": "cube",
			"from": [7, 1, 5],
			"to": [8, 2, 6],
			"faces": {
				"north": {
					"uv": [8, 14, 9, 15],
					"texture": "#0",
					"cullface": "north"
				},
				"east": {
					"uv": [11, 15, 10, 14],
					"texture": "#0",
					"cullface": "north"
				},
				"south": {
					"uv": [7, 14, 8, 15],
					"texture": "#0",
					"cullface": "north"
				},
				"west": {
					"uv": [5, 14, 6, 15],
					"texture": "#0",
					"cullface": "north"
				},
				"up": {
					"uv": [7, 5, 8, 6],
					"texture": "#0",
					"cullface": "north"
				},
				"down": {
					"uv": [7, 10, 8, 11],
					"texture": "#0",
					"cullface": "north"
				}
			},
			"type": "cube"
		},
		{
			"name": "cube",
			"from": [10, 1, 3],
			"to": [11, 2, 4],
			"faces": {
				"north": {
					"uv": [5, 14, 6, 15],
					"texture": "#0",
					"cullface": "north"
				},
				"east": {
					"uv": [13, 15, 12, 14],
					"texture": "#0",
					"cullface": "north"
				},
				"south": {
					"uv": [10, 14, 11, 15],
					"texture": "#0",
					"cullface": "north"
				},
				"west": {
					"uv": [3, 14, 4, 15],
					"texture": "#0",
					"cullface": "north"
				},
				"up": {
					"uv": [10, 3, 11, 4],
					"texture": "#0",
					"cullface": "north"
				},
				"down": {
					"uv": [10, 12, 11, 13],
					"texture": "#0",
					"cullface": "north"
				}
			},
			"type": "cube"
		},
		{
			"name": "cube",
			"from": [9, 1, 4],
			"to": [10, 1.75, 5],
			"faces": {
				"north": {
					"uv": [6, 14.25, 7, 15],
					"texture": "#0",
					"cullface": "north"
				},
				"east": {
					"uv": [12, 15, 11, 14.25],
					"texture": "#0",
					"cullface": "north"
				},
				"south": {
					"uv": [9, 14.25, 10, 15],
					"texture": "#0",
					"cullface": "north"
				},
				"west": {
					"uv": [4, 14.25, 5, 15],
					"texture": "#0",
					"cullface": "north"
				},
				"up": {
					"uv": [9, 4, 10, 5],
					"texture": "#0",
					"cullface": "north"
				},
				"down": {
					"uv": [9, 11, 10, 12],
					"texture": "#0",
					"cullface": "north"
				}
			},
			"type": "cube"
		},
		{
			"name": "cube",
			"from": [8, 1, 3],
			"to": [9, 1.75, 4],
			"faces": {
				"north": {
					"uv": [7, 14.25, 8, 15],
					"texture": "#0",
					"cullface": "north"
				},
				"east": {
					"uv": [13, 15, 12, 14.25],
					"texture": "#0",
					"cullface": "north"
				},
				"south": {
					"uv": [8, 14.25, 9, 15],
					"texture": "#0",
					"cullface": "north"
				},
				"west": {
					"uv": [3, 14.25, 4, 15],
					"texture": "#0",
					"cullface": "north"
				},
				"up": {
					"uv": [8, 3, 9, 4],
					"texture": "#0",
					"cullface": "north"
				},
				"down": {
					"uv": [8, 12, 9, 13],
					"texture": "#0",
					"cullface": "north"
				}
			},
			"type": "cube"
		},
		{
			"name": "cube",
			"from": [7, 1, 3],
			"to": [8, 2.25, 4],
			"faces": {
				"north": {
					"uv": [8, 13.75, 9, 15],
					"texture": "#0",
					"cullface": "north"
				},
				"east": {
					"uv": [13, 15, 12, 13.75],
					"texture": "#0",
					"cullface": "north"
				},
				"south": {
					"uv": [7, 13.75, 8, 15],
					"texture": "#0",
					"cullface": "north"
				},
				"west": {
					"uv": [3, 13.75, 4, 15],
					"texture": "#0",
					"cullface": "north"
				},
				"up": {
					"uv": [7, 3, 8, 4],
					"texture": "#0",
					"cullface": "north"
				},
				"down": {
					"uv": [7, 12, 8, 13],
					"texture": "#0",
					"cullface": "north"
				}
			},
			"type": "cube"
		},
		{
			"name": "cube",
			"from": [10, 1, 5],
			"to": [11, 2.25, 6],
			"faces": {
				"north": {
					"uv": [5, 13.75, 6, 15],
					"texture": "#0",
					"cullface": "north"
				},
				"east": {
					"uv": [11, 15, 10, 13.75],
					"texture": "#0",
					"cullface": "north"
				},
				"south": {
					"uv": [10, 13.75, 11, 15],
					"texture": "#0",
					"cullface": "north"
				},
				"west": {
					"uv": [5, 13.75, 6, 15],
					"texture": "#0",
					"cullface": "north"
				},
				"up": {
					"uv": [10, 5, 11, 6],
					"texture": "#0",
					"cullface": "north"
				},
				"down": {
					"uv": [10, 10, 11, 11],
					"texture": "#0",
					"cullface": "north"
				}
			},
			"type": "cube"
		},
		{
			"name": "cube",
			"from": [8, 1, 4],
			"to": [9, 2.25, 5],
			"faces": {
				"north": {
					"uv": [7, 13.75, 8, 15],
					"texture": "#0",
					"cullface": "north"
				},
				"east": {
					"uv": [12, 15, 11, 13.75],
					"texture": "#0",
					"cullface": "north"
				},
				"south": {
					"uv": [8, 13.75, 9, 15],
					"texture": "#0",
					"cullface": "north"
				},
				"west": {
					"uv": [4, 13.75, 5, 15],
					"texture": "#0",
					"cullface": "north"
				},
				"up": {
					"uv": [8, 4, 9, 5],
					"texture": "#0",
					"cullface": "north"
				},
				"down": {
					"uv": [8, 11, 9, 12],
					"texture": "#0",
					"cullface": "north"
				}
			},
			"type": "cube"
		},
		{
			"name": "cube",
			"from": [5, 1, 3],
			"to": [6, 2.25, 4],
			"faces": {
				"north": {
					"uv": [10, 13.75, 11, 15],
					"texture": "#0",
					"cullface": "north"
				},
				"east": {
					"uv": [13, 15, 12, 13.75],
					"texture": "#0",
					"cullface": "north"
				},
				"south": {
					"uv": [5, 13.75, 6, 15],
					"texture": "#0",
					"cullface": "north"
				},
				"west": {
					"uv": [3, 13.75, 4, 15],
					"texture": "#0",
					"cullface": "north"
				},
				"up": {
					"uv": [5, 3, 6, 4],
					"texture": "#0",
					"cullface": "north"
				},
				"down": {
					"uv": [5, 12, 6, 13],
					"texture": "#0",
					"cullface": "north"
				}
			},
			"type": "cube"
		},
		{
			"name": "cube",
			"from": [7, 1, 1],
			"to": [8, 2, 2.5],
			"faces": {
				"north": {
					"uv": [8, 14, 9, 15],
					"texture": "#0",
					"cullface": "north"
				},
				"east": {
					"uv": [15, 15, 13.5, 14],
					"texture": "#0",
					"cullface": "north"
				},
				"south": {
					"uv": [7, 14, 8, 15],
					"texture": "#0",
					"cullface": "north"
				},
				"west": {
					"uv": [1, 14, 2.5, 15],
					"texture": "#0",
					"cullface": "north"
				},
				"up": {
					"uv": [7, 1, 8, 2.5],
					"texture": "#0",
					"cullface": "north"
				},
				"down": {
					"uv": [7, 13.5, 8, 15],
					"texture": "#0",
					"cullface": "north"
				}
			},
			"type": "cube"
		},
		{
			"name": "cube",
			"from": [11, 1, 4],
			"to": [12.5, 2, 5.5],
			"faces": {
				"north": {
					"uv": [3.5, 14, 5, 15],
					"texture": "#0",
					"cullface": "north"
				},
				"east": {
					"uv": [12, 15, 10.5, 14],
					"texture": "#0",
					"cullface": "north"
				},
				"south": {
					"uv": [11, 14, 12.5, 15],
					"texture": "#0",
					"cullface": "north"
				},
				"west": {
					"uv": [4, 14, 5.5, 15],
					"texture": "#0",
					"cullface": "north"
				},
				"up": {
					"uv": [11, 4, 12.5, 5.5],
					"texture": "#0",
					"cullface": "north"
				},
				"down": {
					"uv": [11, 10.5, 12.5, 12],
					"texture": "#0",
					"cullface": "north"
				}
			},
			"type": "cube"
		},
		{
			"name": "cube",
			"from": [3, 1, 6],
			"to": [4.5, 2, 7.5],
			"faces": {
				"north": {
					"uv": [11.5, 14, 13, 15],
					"texture": "#0",
					"cullface": "north"
				},
				"east": {
					"uv": [10, 15, 8.5, 14],
					"texture": "#0",
					"cullface": "north"
				},
				"south": {
					"uv": [3, 14, 4.5, 15],
					"texture": "#0",
					"cullface": "north"
				},
				"west": {
					"uv": [6, 14, 7.5, 15],
					"texture": "#0",
					"cullface": "north"
				},
				"up": {
					"uv": [3, 6, 4.5, 7.5],
					"texture": "#0",
					"cullface": "north"
				},
				"down": {
					"uv": [3, 8.5, 4.5, 10],
					"texture": "#0",
					"cullface": "north"
				}
			},
			"type": "cube"
		},
		{
			"name": "cube",
			"from": [8, 1, 6],
			"to": [9.5, 2, 7.5],
			"faces": {
				"north": {
					"uv": [6.5, 14, 8, 15],
					"texture": "#0",
					"cullface": "north"
				},
				"east": {
					"uv": [10, 15, 8.5, 14],
					"texture": "#0",
					"cullface": "north"
				},
				"south": {
					"uv": [8, 14, 9.5, 15],
					"texture": "#0",
					"cullface": "north"
				},
				"west": {
					"uv": [6, 14, 7.5, 15],
					"texture": "#0",
					"cullface": "north"
				},
				"up": {
					"uv": [8, 6, 9.5, 7.5],
					"texture": "#0",
					"cullface": "north"
				},
				"down": {
					"uv": [8, 8.5, 9.5, 10],
					"texture": "#0",
					"cullface": "north"
				}
			},
			"type": "cube"
		},
		{
			"name": "cube",
			"from": [9, 1, 3],
			"to": [10, 1.75, 4],
			"faces": {
				"north": {
					"uv": [6, 14.25, 7, 15],
					"texture": "#0",
					"cullface": "north"
				},
				"east": {
					"uv": [13, 15, 12, 14.25],
					"texture": "#0",
					"cullface": "north"
				},
				"south": {
					"uv": [9, 14.25, 10, 15],
					"texture": "#0",
					"cullface": "north"
				},
				"west": {
					"uv": [3, 14.25, 4, 15],
					"texture": "#0",
					"cullface": "north"
				},
				"up": {
					"uv": [9, 3, 10, 4],
					"texture": "#0",
					"cullface": "north"
				},
				"down": {
					"uv": [9, 12, 10, 13],
					"texture": "#0",
					"cullface": "north"
				}
			},
			"type": "cube"
		},
		{
			"name": "cube",
			"from": [5, 1, 4],
			"to": [6, 1.75, 5],
			"faces": {
				"north": {
					"uv": [10, 14.25, 11, 15],
					"texture": "#0",
					"cullface": "north"
				},
				"east": {
					"uv": [12, 15, 11, 14.25],
					"texture": "#0",
					"cullface": "north"
				},
				"south": {
					"uv": [5, 14.25, 6, 15],
					"texture": "#0",
					"cullface": "north"
				},
				"west": {
					"uv": [4, 14.25, 5, 15],
					"texture": "#0",
					"cullface": "north"
				},
				"up": {
					"uv": [5, 4, 6, 5],
					"texture": "#0",
					"cullface": "north"
				},
				"down": {
					"uv": [5, 11, 6, 12],
					"texture": "#0",
					"cullface": "north"
				}
			},
			"type": "cube"
		},
		{
			"name": "cube",
			"from": [10, 1, 1],
			"to": [11, 1.75, 2],
			"faces": {
				"north": {
					"uv": [5, 14.25, 6, 15],
					"texture": "#0",
					"cullface": "north"
				},
				"east": {
					"uv": [15, 15, 14, 14.25],
					"texture": "#0",
					"cullface": "north"
				},
				"south": {
					"uv": [10, 14.25, 11, 15],
					"texture": "#0",
					"cullface": "north"
				},
				"west": {
					"uv": [1, 14.25, 2, 15],
					"texture": "#0",
					"cullface": "north"
				},
				"up": {
					"uv": [10, 1, 11, 2],
					"texture": "#0",
					"cullface": "north"
				},
				"down": {
					"uv": [10, 14, 11, 15],
					"texture": "#0",
					"cullface": "north"
				}
			},
			"type": "cube"
		},
		{
			"name": "cube",
			"from": [3, 1, 1],
			"to": [4, 1.75, 5],
			"faces": {
				"north": {
					"uv": [12, 14.25, 13, 15],
					"texture": "#0",
					"cullface": "north"
				},
				"east": {
					"uv": [15, 15, 11, 14.25],
					"texture": "#0",
					"cullface": "north"
				},
				"south": {
					"uv": [3, 14.25, 4, 15],
					"texture": "#0",
					"cullface": "north"
				},
				"west": {
					"uv": [1, 14.25, 5, 15],
					"texture": "#0",
					"cullface": "north"
				},
				"up": {
					"uv": [3, 1, 4, 5],
					"texture": "#0",
					"cullface": "north"
				},
				"down": {
					"uv": [3, 11, 4, 15],
					"texture": "#0",
					"cullface": "north"
				}
			},
			"type": "cube"
		},
		{
			"name": "cube",
			"from": [12, 1, 1],
			"to": [13, 1.75, 5],
			"faces": {
				"north": {
					"uv": [3, 14.25, 4, 15],
					"texture": "#0",
					"cullface": "north"
				},
				"east": {
					"uv": [15, 15, 11, 14.25],
					"texture": "#0",
					"cullface": "north"
				},
				"south": {
					"uv": [12, 14.25, 13, 15],
					"texture": "#0",
					"cullface": "north"
				},
				"west": {
					"uv": [1, 14.25, 5, 15],
					"texture": "#0",
					"cullface": "north"
				},
				"up": {
					"uv": [12, 1, 13, 5],
					"texture": "#0",
					"cullface": "north"
				},
				"down": {
					"uv": [12, 11, 13, 15],
					"texture": "#0",
					"cullface": "north"
				}
			},
			"type": "cube"
		},
		{
			"name": "cube",
			"from": [8, 1, 1],
			"to": [9.5, 1.75, 2],
			"faces": {
				"north": {
					"uv": [6.5, 14.25, 8, 15],
					"texture": "#0",
					"cullface": "north"
				},
				"east": {
					"uv": [15, 15, 14, 14.25],
					"texture": "#0",
					"cullface": "north"
				},
				"south": {
					"uv": [8, 14.25, 9.5, 15],
					"texture": "#0",
					"cullface": "north"
				},
				"west": {
					"uv": [1, 14.25, 2, 15],
					"texture": "#0",
					"cullface": "north"
				},
				"up": {
					"uv": [8, 1, 9.5, 2],
					"texture": "#0",
					"cullface": "north"
				},
				"down": {
					"uv": [8, 14, 9.5, 15],
					"texture": "#0",
					"cullface": "north"
				}
			},
			"type": "cube"
		},
		{
			"name": "cube",
			"from": [5, 1, 0.5],
			"to": [6.5, 2, 2],
			"faces": {
				"north": {
					"uv": [9.5, 14, 11, 15],
					"texture": "#0",
					"cullface": "north"
				},
				"east": {
					"uv": [15.5, 15, 14, 14],
					"texture": "#0",
					"cullface": "north"
				},
				"south": {
					"uv": [5, 14, 6.5, 15],
					"texture": "#0",
					"cullface": "north"
				},
				"west": {
					"uv": [0.5, 14, 2, 15],
					"texture": "#0",
					"cullface": "north"
				},
				"up": {
					"uv": [5, 0.5, 6.5, 2],
					"texture": "#0",
					"cullface": "north"
				},
				"down": {
					"uv": [5, 14, 6.5, 15.5],
					"texture": "#0",
					"cullface": "north"
				}
			},
			"type": "cube"
		}
	],
	"groups": [
		0,
		1,
		2,
		3,
		4,
		5,
		6,
		7,
		8,
		9,
		10,
		11,
		12,
		13,
		{
			"name": "group",
			"isOpen": true,
			"display": {"visibility": true, "autouv": true},
			"children": [
				14,
				15,
				16,
				17,
				18,
				19,
				20,
				21,
				22,
				23,
				24,
				25,
				26,
				27,
				28,
				29,
				30,
				31,
				32,
				33,
				34,
				35
			]
		}
	]
}