{
	"credit": "Made with Blockbench, a free, modern block model editor by JannisX11",
	
	"textures": {
		"0": "3d_transportation/3d_rail_redstone_activated",
		"1": "3d_transportation/3d_rail_iron_light",
		"2": "3d_transportation/3d_rail_iron_dark",
		"4": "3d_transportation/3d_rail_golden",
		"particle": "3d_transportation/3d_rail_iron_light",
		"1_0": "3d_transportation/3d_rail_wood"
	},
	"elements": [
		{
			"name": "cube",
			"from": [13, 9, -6.5],
			"to": [14, 10, 9.5],
			"faces": {
				"north": {"uv": [2, 6, 3, 7], "texture": "#1"},
				"east": {"uv": [16, 7, 6.5, 6], "texture": "#1"},
				"south": {"uv": [13, 6, 14, 7], "texture": "#1"},
				"west": {"uv": [0, 6, 9.5, 7], "texture": "#1"},
				"up": {"uv": [13, 0, 14, 9.5], "texture": "#1"},
				"down": {"uv": [13, 6.5, 14, 16], "texture": "#1"}
			},
			"rotation": {
				"origin": [13.5, 16, 1.5],
				"axis": "x",
				"angle": -45,
				"rescale": true
			},
			"type": "cube"
		},
		{
			"name": "cube",
			"from": [3, 9, -6.5],
			"to": [4, 9.5, 9.5],
			"faces": {
				"north": {"uv": [12, 6.5, 13, 7], "texture": "#2"},
				"east": {"uv": [16, 7, 6.5, 6.5], "texture": "#2"},
				"south": {"uv": [3, 6.5, 4, 7], "texture": "#2"},
				"west": {"uv": [0, 6.5, 9.5, 7], "texture": "#2"},
				"up": {"uv": [3, 0, 4, 9.5], "texture": "#2"},
				"down": {"uv": [3, 6.5, 4, 16], "texture": "#2"}
			},
			"rotation": {
				"origin": [3.5, 16, 1.5],
				"axis": "x",
				"angle": -45,
				"rescale": true
			},
			"type": "cube"
		},
		{
			"name": "cube",
			"from": [12, 9, -6.5],
			"to": [13, 9.5, 9.5],
			"faces": {
				"north": {"uv": [3, 6.5, 4, 7], "texture": "#2"},
				"east": {"uv": [16, 7, 6.5, 6.5], "texture": "#2"},
				"south": {"uv": [12, 6.5, 13, 7], "texture": "#2"},
				"west": {"uv": [0, 6.5, 9.5, 7], "texture": "#2"},
				"up": {"uv": [12, 0, 13, 9.5], "texture": "#2"},
				"down": {"uv": [12, 6.5, 13, 16], "texture": "#2"}
			},
			"rotation": {
				"origin": [12.5, 16, 1.5],
				"axis": "x",
				"angle": -45,
				"rescale": true
			},
			"type": "cube"
		},
		{
			"name": "cube",
			"from": [2, 9, -6.5],
			"to": [3, 10, 9.5],
			"faces": {
				"north": {"uv": [13, 6, 14, 7], "texture": "#1"},
				"east": {"uv": [16, 7, 6.5, 6], "texture": "#1"},
				"south": {"uv": [2, 6, 3, 7], "texture": "#1"},
				"west": {"uv": [0, 6, 9.5, 7], "texture": "#1"},
				"up": {"uv": [2, 0, 3, 9.5], "texture": "#1"},
				"down": {"uv": [2, 6.5, 3, 16], "texture": "#1"}
			},
			"rotation": {
				"origin": [2.5, 16, 1.5],
				"axis": "x",
				"angle": -45,
				"rescale": true
			},
			"type": "cube"
		},
		{
			"name": "cube",
			"from": [1, 1.4000000000000004, -4],
			"to": [15, 2.4000000000000004, -2],
			"faces": {
				"north": {"uv": [1, 7, 15, 8], "texture": "#1_0"},
				"east": {"uv": [12, 4, 10, 3], "texture": "#1_0"},
				"south": {"uv": [0, 2, 14, 3], "texture": "#1_0"},
				"west": {"uv": [7, 9, 9, 10], "texture": "#1_0"},
				"up": {"uv": [1, 10, 15, 12], "texture": "#1_0"},
				"down": {"uv": [0, 1, 14, 3], "texture": "#1_0"}
			},
			"rotation": {
				"origin": [8, 9.4, -1],
				"axis": "x",
				"angle": -45
			},
			"type": "cube"
		},
		{
			"name": "cube",
			"from": [1, 4.4, -1],
			"to": [15, 5.4, 1],
			"faces": {
				"north": {"uv": [0, 0, 14, 1], "texture": "#1_0"},
				"east": {"uv": [15, 14, 13, 13], "texture": "#1_0"},
				"south": {"uv": [0, 3, 14, 4], "texture": "#1_0"},
				"west": {"uv": [2, 7, 4, 8], "texture": "#1_0"},
				"up": {"uv": [2, 13, 16, 15], "texture": "#1_0"},
				"down": {"uv": [0, 4, 14, 6], "texture": "#1_0"}
			},
			"rotation": {
				"origin": [8, 12.4, 2],
				"axis": "x",
				"angle": -45
			},
			"type": "cube"
		},
		{
			"name": "cube",
			"from": [1, 7.4, 2],
			"to": [15, 8.4, 4],
			"faces": {
				"north": {"uv": [0, 10, 14, 11], "texture": "#1_0"},
				"east": {"uv": [9, 14, 7, 13], "texture": "#1_0"},
				"south": {"uv": [1, 2, 15, 3], "texture": "#1_0"},
				"west": {"uv": [1, 7, 3, 8], "texture": "#1_0"},
				"up": {"uv": [1, 11, 15, 13], "texture": "#1_0"},
				"down": {"uv": [1, 0, 15, 2], "texture": "#1_0"}
			},
			"rotation": {
				"origin": [8, 15.4, 5],
				"axis": "x",
				"angle": -45
			},
			"type": "cube"
		},
		{
			"name": "cube",
			"from": [1, 10.4, 5],
			"to": [15, 11.4, 7],
			"faces": {
				"north": {"uv": [2, 3, 16, 4], "texture": "#1_0"},
				"east": {"uv": [6, 14, 4, 13], "texture": "#1_0"},
				"south": {"uv": [1, 1, 15, 2], "texture": "#1_0"},
				"west": {"uv": [12, 7, 14, 8], "texture": "#1_0"},
				"up": {"uv": [1, 12, 15, 14], "texture": "#1_0"},
				"down": {"uv": [0, 2, 14, 4], "texture": "#1_0"}
			},
			"rotation": {
				"origin": [8, 18.4, 8],
				"axis": "x",
				"angle": -45
			},
			"type": "cube"
		},
		{
			"name": "cube",
			"from": [1, 13.4, 8],
			"to": [15, 14.4, 10],
			"faces": {
				"north": {"uv": [2, 3, 16, 4], "texture": "#1_0"},
				"east": {"uv": [5, 12, 3, 11], "texture": "#1_0"},
				"south": {"uv": [1, 3, 15, 4], "texture": "#1_0"},
				"west": {"uv": [2, 6, 4, 7], "texture": "#1_0"},
				"up": {"uv": [1, 11, 15, 13], "texture": "#1_0"},
				"down": {"uv": [1, 0, 15, 2], "texture": "#1_0"}
			},
			"rotation": {
				"origin": [8, 21.4, 11],
				"axis": "x",
				"angle": -45
			},
			"type": "cube"
		},
		{
			"name": "cube",
			"from": [4, 9, -6.5],
			"to": [5, 9.75, 9.5],
			"faces": {
				"north": {"uv": [11, 6.25, 12, 7], "texture": "#4"},
				"east": {"uv": [16, 7, 6.5, 6.25], "texture": "#4"},
				"south": {"uv": [4, 6.25, 5, 7], "texture": "#4"},
				"west": {"uv": [0, 6.25, 9.5, 7], "texture": "#4"},
				"up": {"uv": [1, 0, 2, 16], "texture": "#4"},
				"down": {"uv": [3, 0, 4, 16], "texture": "#4"}
			},
			"rotation": {
				"origin": [4.5, 16, 1.5],
				"axis": "x",
				"angle": -45,
				"rescale": true
			},
			"type": "cube"
		},
		{
			"name": "cube",
			"from": [11, 9, -6.5],
			"to": [12, 9.75, 9.5],
			"faces": {
				"north": {"uv": [4, 6.25, 5, 7], "texture": "#4"},
				"east": {"uv": [16, 7, 6.5, 6.25], "texture": "#4"},
				"south": {"uv": [11, 6.25, 12, 7], "texture": "#4"},
				"west": {"uv": [0, 6.25, 9.5, 7], "texture": "#4"},
				"up": {"uv": [11, 0, 12, 16], "texture": "#4"},
				"down": {"uv": [10, 0, 11, 16], "texture": "#4"}
			},
			"rotation": {
				"origin": [11.5, 16, 1.5],
				"axis": "x",
				"angle": -45,
				"rescale": true
			},
			"type": "cube"
		},
		{
			"name": "cube",
			"from": [7, 2.4000000000000004, -3.009999999999998],
			"to": [9, 3.1500000000000004, 12.99],
			"faces": {
				"north": {
					"uv": [7, 12.85, 9, 13.6],
					"texture": "#0"
				},
				"east": {
					"uv": [16, 13.6, 3, 12.85],
					"texture": "#0"
				},
				"south": {
					"uv": [7, 12.85, 9, 13.6],
					"texture": "#0"
				},
				"west": {
					"uv": [0, 12.85, 13, 13.6],
					"texture": "#0"
				},
				"up": {"uv": [7, 0, 9, 16], "texture": "#0"},
				"down": {"uv": [6, 0, 8, 16], "texture": "#0"}
			},
			"rotation": {
				"origin": [14, 10.4, -0.00999999999999801],
				"axis": "x",
				"angle": -45
			},
			"type": "cube"
		},
		{
			"name": "cube",
			"from": [5, 2.0999999999999996, -4.699999999999999],
			"to": [6, 3.1500000000000004, -2.6999999999999993],
			"faces": {
				"north": {
					"uv": [10, 12.85, 11, 13.9],
					"texture": "#0"
				},
				"east": {
					"uv": [16, 13.9, 16, 12.85],
					"texture": "#0"
				},
				"south": {
					"uv": [5, 12.85, 6, 13.9],
					"texture": "#0"
				},
				"west": {
					"uv": [0, 12.85, 0, 13.9],
					"texture": "#0"
				},
				"up": {"uv": [5, 0, 6, 0], "texture": "#0"},
				"down": {"uv": [5, 16, 6, 16], "texture": "#0"}
			},
			"rotation": {
				"origin": [12, 10.1, -1.6999999999999993],
				"axis": "x",
				"angle": -45
			},
			"type": "cube"
		},
		{
			"name": "cube",
			"from": [10, 2.0999999999999996, -4.699999999999999],
			"to": [11, 3.1500000000000004, -2.6999999999999993],
			"faces": {
				"north": {
					"uv": [5, 12.85, 6, 13.9],
					"texture": "#0"
				},
				"east": {
					"uv": [16, 13.9, 16, 12.85],
					"texture": "#0"
				},
				"south": {
					"uv": [10, 12.85, 11, 13.9],
					"texture": "#0"
				},
				"west": {
					"uv": [0, 12.85, 0, 13.9],
					"texture": "#0"
				},
				"up": {"uv": [10, 0, 11, 0], "texture": "#0"},
				"down": {"uv": [10, 16, 11, 16], "texture": "#0"}
			},
			"rotation": {
				"origin": [17, 10.1, -1.6999999999999993],
				"axis": "x",
				"angle": -45
			},
			"type": "cube"
		},
		{
			"name": "cube",
			"from": [10, 5.1, -1.6999999999999993],
			"to": [11, 6.15, 0.3000000000000007],
			"faces": {
				"north": {
					"uv": [5, 9.85, 6, 10.9],
					"texture": "#0"
				},
				"east": {
					"uv": [16, 10.9, 15.7, 9.85],
					"texture": "#0"
				},
				"south": {
					"uv": [10, 9.85, 11, 10.9],
					"texture": "#0"
				},
				"west": {
					"uv": [0, 9.85, 0.2999999999999998, 10.9],
					"texture": "#0"
				},
				"up": {
					"uv": [10, 0, 11, 0.2999999999999998],
					"texture": "#0"
				},
				"down": {"uv": [10, 15.7, 11, 16], "texture": "#0"}
			},
			"rotation": {
				"origin": [17, 13.1, 1.3000000000000007],
				"axis": "x",
				"angle": -45
			},
			"type": "cube"
		},
		{
			"name": "cube",
			"from": [5, 5.1, -1.6999999999999993],
			"to": [6, 6.15, 0.3000000000000007],
			"faces": {
				"north": {
					"uv": [10, 9.85, 11, 10.9],
					"texture": "#0"
				},
				"east": {
					"uv": [16, 10.9, 15.7, 9.85],
					"texture": "#0"
				},
				"south": {
					"uv": [5, 9.85, 6, 10.9],
					"texture": "#0"
				},
				"west": {
					"uv": [0, 9.85, 0.2999999999999998, 10.9],
					"texture": "#0"
				},
				"up": {
					"uv": [5, 0, 6, 0.2999999999999998],
					"texture": "#0"
				},
				"down": {"uv": [5, 15.7, 6, 16], "texture": "#0"}
			},
			"rotation": {
				"origin": [12, 13.1, 1.3000000000000007],
				"axis": "x",
				"angle": -45
			},
			"type": "cube"
		},
		{
			"name": "cube",
			"from": [5, 8.1, 1.3000000000000007],
			"to": [6, 9.15, 3.3000000000000007],
			"faces": {
				"north": {
					"uv": [10, 6.85, 11, 7.9],
					"texture": "#0"
				},
				"east": {
					"uv": [14.7, 7.9, 12.7, 6.85],
					"texture": "#0"
				},
				"south": {"uv": [5, 6.85, 6, 7.9], "texture": "#0"},
				"west": {
					"uv": [1.2999999999999998, 6.85, 3.3, 7.9],
					"texture": "#0"
				},
				"up": {
					"uv": [5, 1.2999999999999998, 6, 3.3],
					"texture": "#0"
				},
				"down": {"uv": [5, 12.7, 6, 14.7], "texture": "#0"}
			},
			"rotation": {
				"origin": [12, 16.1, 4.300000000000001],
				"axis": "x",
				"angle": -45
			},
			"type": "cube"
		},
		{
			"name": "cube",
			"from": [10, 8.1, 1.3000000000000007],
			"to": [11, 9.15, 3.3000000000000007],
			"faces": {
				"north": {"uv": [5, 6.85, 6, 7.9], "texture": "#0"},
				"east": {
					"uv": [14.7, 7.9, 12.7, 6.85],
					"texture": "#0"
				},
				"south": {
					"uv": [10, 6.85, 11, 7.9],
					"texture": "#0"
				},
				"west": {
					"uv": [1.2999999999999998, 6.85, 3.3, 7.9],
					"texture": "#0"
				},
				"up": {
					"uv": [10, 1.2999999999999998, 11, 3.3],
					"texture": "#0"
				},
				"down": {
					"uv": [10, 12.7, 11, 14.7],
					"texture": "#0"
				}
			},
			"rotation": {
				"origin": [17, 16.1, 4.300000000000001],
				"axis": "x",
				"angle": -45
			},
			"type": "cube"
		},
		{
			"name": "cube",
			"from": [10, 11.1, 4.300000000000001],
			"to": [11, 12.15, 6.300000000000001],
			"faces": {
				"north": {
					"uv": [5, 3.8499999999999996, 6, 4.9],
					"texture": "#0"
				},
				"east": {
					"uv": [11.7, 4.9, 9.7, 3.8499999999999996],
					"texture": "#0"
				},
				"south": {
					"uv": [10, 3.8499999999999996, 11, 4.9],
					"texture": "#0"
				},
				"west": {
					"uv": [4.3, 3.8499999999999996, 6.3, 4.9],
					"texture": "#0"
				},
				"up": {"uv": [10, 4.3, 11, 6.3], "texture": "#0"},
				"down": {"uv": [10, 9.7, 11, 11.7], "texture": "#0"}
			},
			"rotation": {
				"origin": [17, 19.1, 7.300000000000001],
				"axis": "x",
				"angle": -45
			},
			"type": "cube"
		},
		{
			"name": "cube",
			"from": [5, 11.1, 4.300000000000001],
			"to": [6, 12.15, 6.300000000000001],
			"faces": {
				"north": {
					"uv": [10, 3.8499999999999996, 11, 4.9],
					"texture": "#0"
				},
				"east": {
					"uv": [11.7, 4.9, 9.7, 3.8499999999999996],
					"texture": "#0"
				},
				"south": {
					"uv": [5, 3.8499999999999996, 6, 4.9],
					"texture": "#0"
				},
				"west": {
					"uv": [4.3, 3.8499999999999996, 6.3, 4.9],
					"texture": "#0"
				},
				"up": {"uv": [5, 4.3, 6, 6.3], "texture": "#0"},
				"down": {"uv": [5, 9.7, 6, 11.7], "texture": "#0"}
			},
			"rotation": {
				"origin": [12, 19.1, 7.300000000000001],
				"axis": "x",
				"angle": -45
			},
			"type": "cube"
		},
		{
			"name": "cube",
			"from": [5, 14.1, 7.300000000000001],
			"to": [6, 15.15, 9.3],
			"faces": {
				"north": {
					"uv": [
						10,
						0.8499999999999996,
						11,
						1.9000000000000004
					],
					"texture": "#0"
				},
				"east": {
					"uv": [
						8.7,
						1.9000000000000004,
						6.699999999999999,
						0.8499999999999996
					],
					"texture": "#0"
				},
				"south": {
					"uv": [
						5,
						0.8499999999999996,
						6,
						1.9000000000000004
					],
					"texture": "#0"
				},
				"west": {
					"uv": [
						7.300000000000001,
						0.8499999999999996,
						9.3,
						1.9000000000000004
					],
					"texture": "#0"
				},
				"up": {
					"uv": [5, 7.300000000000001, 6, 9.3],
					"texture": "#0"
				},
				"down": {
					"uv": [5, 6.699999999999999, 6, 8.7],
					"texture": "#0"
				}
			},
			"rotation": {
				"origin": [12, 22.1, 10.3],
				"axis": "x",
				"angle": -45
			},
			"type": "cube"
		},
		{
			"name": "cube",
			"from": [10, 14.1, 7.300000000000001],
			"to": [11, 15.15, 9.3],
			"faces": {
				"north": {
					"uv": [
						5,
						0.8499999999999996,
						6,
						1.9000000000000004
					],
					"texture": "#0"
				},
				"east": {
					"uv": [
						8.7,
						1.9000000000000004,
						6.699999999999999,
						0.8499999999999996
					],
					"texture": "#0"
				},
				"south": {
					"uv": [
						10,
						0.8499999999999996,
						11,
						1.9000000000000004
					],
					"texture": "#0"
				},
				"west": {
					"uv": [
						7.300000000000001,
						0.8499999999999996,
						9.3,
						1.9000000000000004
					],
					"texture": "#0"
				},
				"up": {
					"uv": [10, 7.300000000000001, 11, 9.3],
					"texture": "#0"
				},
				"down": {
					"uv": [10, 6.699999999999999, 11, 8.7],
					"texture": "#0"
				}
			},
			"rotation": {
				"origin": [17, 22.1, 10.3],
				"axis": "x",
				"angle": -45
			},
			"type": "cube"
		}
	]
}