{
    "variants": {
        "normal": [
            { "model": "dirt", "weight": 27 },
            { "model": "dirt", "y": 90 },
            { "model": "dirt", "y": 180 },
            { "model": "dirt", "y": 270 },
			{ "model": "dirt1", "weight": 27 },
			{ "model": "dirt1", "y": 90 },
            { "model": "dirt1", "y": 180 },
            { "model": "dirt1", "y": 270 },
			{ "model": "dirt2", "weight": 27 },
			{ "model": "dirt2", "y": 90 },
            { "model": "dirt2", "y": 180 },
            { "model": "dirt2", "y": 270 }
        ]
    }
}
