{
    "variants": {
        "snowy=false": [
            { "model": "mycelium" },
            { "model": "mycelium", "y": 90 },
            { "model": "mycelium", "y": 180 },
            { "model": "mycelium", "y": 270 },
            { "model": "mycelium1" },
            { "model": "mycelium1", "y": 90 },
            { "model": "mycelium1", "y": 180 },
            { "model": "mycelium1", "y": 270 },
            { "model": "mycelium2" },
            { "model": "mycelium2", "y": 90 },
            { "model": "mycelium2", "y": 180 },
            { "model": "mycelium2", "y": 270 }
        ],
        "snowy=true":  { "model": "grass_snowed" }
    }
}
