{
    "variants": {
        "facing=east,half=bottom,shape=straight":  [ { "model": "stone_brick_stairs", "weight": 40 },
				{ "model": "stone_brick_stairs1", "weight": 25 },
				{ "model": "stone_brick_stairs2", "weight": 10 },
				{ "model": "stone_brick_stairs3", "weight": 25 }
				],
        "facing=west,half=bottom,shape=straight":  [ { "model": "stone_brick_stairs", "y": 180, "uvlock": true },
				{ "model": "stone_brick_stairs1", "y": 180, "uvlock": true },
				{ "model": "stone_brick_stairs2", "y": 180, "uvlock": true },
				{ "model": "stone_brick_stairs3", "y": 180, "uvlock": true }
				],
        "facing=south,half=bottom,shape=straight": [ { "model": "stone_brick_stairs", "y": 90, "uvlock": true },
				{ "model": "stone_brick_stairs1", "y": 90, "uvlock": true },
				{ "model": "stone_brick_stairs2", "y": 90, "uvlock": true },
				{ "model": "stone_brick_stairs3", "y": 90, "uvlock": true }
				],
        "facing=north,half=bottom,shape=straight": [ { "model": "stone_brick_stairs", "y": 270, "uvlock": true },
				{ "model": "stone_brick_stairs1", "y": 270, "uvlock": true },
				{ "model": "stone_brick_stairs2", "y": 270, "uvlock": true },
				{ "model": "stone_brick_stairs3", "y": 270, "uvlock": true }
				],
        "facing=east,half=bottom,shape=outer_right":  [ { "model": "stone_brick_outer_stairs", "weight": 40 },
				{ "model": "stone_brick_outer_stairs1", "weight": 25 },
				{ "model": "stone_brick_outer_stairs2", "weight": 10 },
				{ "model": "stone_brick_outer_stairs3", "weight": 25 }
				],
        "facing=west,half=bottom,shape=outer_right":  [ { "model": "stone_brick_outer_stairs", "y": 180, "uvlock": true },
				{ "model": "stone_brick_outer_stairs1", "y": 180, "uvlock": true },
				{ "model": "stone_brick_outer_stairs2", "y": 180, "uvlock": true },
				{ "model": "stone_brick_outer_stairs3", "y": 180, "uvlock": true }
				],
        "facing=south,half=bottom,shape=outer_right": [ { "model": "stone_brick_outer_stairs", "y": 90, "uvlock": true },
				{ "model": "stone_brick_outer_stairs1", "y": 90, "uvlock": true },
				{ "model": "stone_brick_outer_stairs2", "y": 90, "uvlock": true },
				{ "model": "stone_brick_outer_stairs3", "y": 90, "uvlock": true }
				],
        "facing=north,half=bottom,shape=outer_right": [ { "model": "stone_brick_outer_stairs", "y": 270, "uvlock": true },
				{ "model": "stone_brick_outer_stairs1", "y": 270, "uvlock": true },
				{ "model": "stone_brick_outer_stairs2", "y": 270, "uvlock": true },
				{ "model": "stone_brick_outer_stairs3", "y": 270, "uvlock": true }
				],
        "facing=east,half=bottom,shape=outer_left":  [ { "model": "stone_brick_outer_stairs", "y": 270, "uvlock": true },
				{ "model": "stone_brick_outer_stairs1", "y": 270, "uvlock": true },
				{ "model": "stone_brick_outer_stairs2", "y": 270, "uvlock": true },
				{ "model": "stone_brick_outer_stairs3", "y": 270, "uvlock": true }
				],
        "facing=west,half=bottom,shape=outer_left":  [ { "model": "stone_brick_outer_stairs", "y": 90, "uvlock": true },
				{ "model": "stone_brick_outer_stairs1", "y": 90, "uvlock": true },
				{ "model": "stone_brick_outer_stairs2", "y": 90, "uvlock": true },
				{ "model": "stone_brick_outer_stairs3", "y": 90, "uvlock": true }
				],
        "facing=south,half=bottom,shape=outer_left": [ { "model": "stone_brick_outer_stairs", "weight": 40 },
				{ "model": "stone_brick_outer_stairs1", "weight": 25 },
				{ "model": "stone_brick_outer_stairs2", "weight": 10 },
				{ "model": "stone_brick_outer_stairs3", "weight": 25 }
				],
        "facing=north,half=bottom,shape=outer_left": [ { "model": "stone_brick_outer_stairs", "y": 180, "uvlock": true },
				{ "model": "stone_brick_outer_stairs1", "y": 180, "uvlock": true },
				{ "model": "stone_brick_outer_stairs2", "y": 180, "uvlock": true },
				{ "model": "stone_brick_outer_stairs3", "y": 180, "uvlock": true }
				],
        "facing=east,half=bottom,shape=inner_right":  [ { "model": "stone_brick_inner_stairs", "weight": 40 },
				{ "model": "stone_brick_inner_stairs1", "weight": 25 },
				{ "model": "stone_brick_inner_stairs2", "weight": 10 },
				{ "model": "stone_brick_inner_stairs3", "weight": 25 }
				],
        "facing=west,half=bottom,shape=inner_right":  [ { "model": "stone_brick_inner_stairs", "y": 180, "uvlock": true },
				{ "model": "stone_brick_inner_stairs1", "y": 180, "uvlock": true },
				{ "model": "stone_brick_inner_stairs2", "y": 180, "uvlock": true },
				{ "model": "stone_brick_inner_stairs3", "y": 180, "uvlock": true }
				],
        "facing=south,half=bottom,shape=inner_right": [ { "model": "stone_brick_inner_stairs", "y": 90, "uvlock": true },
				{ "model": "stone_brick_inner_stairs1", "y": 90, "uvlock": true },
				{ "model": "stone_brick_inner_stairs2", "y": 90, "uvlock": true },
				{ "model": "stone_brick_inner_stairs3", "y": 90, "uvlock": true }
				],
        "facing=north,half=bottom,shape=inner_right": [ { "model": "stone_brick_inner_stairs", "y": 270, "uvlock": true },
				{ "model": "stone_brick_inner_stairs1", "y": 270, "uvlock": true },
				{ "model": "stone_brick_inner_stairs2", "y": 270, "uvlock": true },
				{ "model": "stone_brick_inner_stairs3", "y": 270, "uvlock": true }
				],
        "facing=east,half=bottom,shape=inner_left":  [ { "model": "stone_brick_inner_stairs", "y": 270, "uvlock": true },
				{ "model": "stone_brick_inner_stairs1", "y": 270, "uvlock": true },
				{ "model": "stone_brick_inner_stairs2", "y": 270, "uvlock": true },
				{ "model": "stone_brick_inner_stairs3", "y": 270, "uvlock": true }
				],
        "facing=west,half=bottom,shape=inner_left":  [ { "model": "stone_brick_inner_stairs", "y": 90, "uvlock": true },
				{ "model": "stone_brick_inner_stairs1", "y": 90, "uvlock": true },
				{ "model": "stone_brick_inner_stairs2", "y": 90, "uvlock": true },
				{ "model": "stone_brick_inner_stairs3", "y": 90, "uvlock": true }
				],
        "facing=south,half=bottom,shape=inner_left": [ { "model": "stone_brick_inner_stairs", "weight": 40 },
				{ "model": "stone_brick_inner_stairs1", "weight": 25 },
				{ "model": "stone_brick_inner_stairs2", "weight": 10 },
				{ "model": "stone_brick_inner_stairs3", "weight": 25 }
				],
        "facing=north,half=bottom,shape=inner_left": [ { "model": "stone_brick_inner_stairs", "y": 180, "uvlock": true },
				{ "model": "stone_brick_inner_stairs1", "y": 180, "uvlock": true },
				{ "model": "stone_brick_inner_stairs2", "y": 180, "uvlock": true },
				{ "model": "stone_brick_inner_stairs3", "y": 180, "uvlock": true }
				],
        "facing=east,half=top,shape=straight":  [ { "model": "stone_brick_stairs", "x": 180, "uvlock": true },
				{ "model": "stone_brick_stairs1", "x": 180, "uvlock": true },
				{ "model": "stone_brick_stairs2", "x": 180, "uvlock": true },
				{ "model": "stone_brick_stairs3", "x": 180, "uvlock": true }
				],
        "facing=west,half=top,shape=straight":  [ { "model": "stone_brick_stairs", "x": 180, "y": 180, "uvlock": true },
				{ "model": "stone_brick_stairs1", "x": 180, "y": 180, "uvlock": true },
				{ "model": "stone_brick_stairs2", "x": 180, "y": 180, "uvlock": true },
				{ "model": "stone_brick_stairs3", "x": 180, "y": 180, "uvlock": true }
				],
        "facing=south,half=top,shape=straight": [ { "model": "stone_brick_stairs", "x": 180, "y": 90, "uvlock": true },
				{ "model": "stone_brick_stairs1", "x": 180, "y": 90, "uvlock": true },
				{ "model": "stone_brick_stairs2", "x": 180, "y": 90, "uvlock": true },
				{ "model": "stone_brick_stairs3", "x": 180, "y": 90, "uvlock": true }
				],
        "facing=north,half=top,shape=straight": [ { "model": "stone_brick_stairs", "x": 180, "y": 270, "uvlock": true },
				{ "model": "stone_brick_stairs1", "x": 180, "y": 270, "uvlock": true },
				{ "model": "stone_brick_stairs2", "x": 180, "y": 270, "uvlock": true },
				{ "model": "stone_brick_stairs3", "x": 180, "y": 270, "uvlock": true }
				],
        "facing=east,half=top,shape=outer_right":  [ { "model": "stone_brick_outer_stairs", "x": 180, "y": 90, "uvlock": true },
				{ "model": "stone_brick_outer_stairs1", "x": 180, "y": 90, "uvlock": true },
				{ "model": "stone_brick_outer_stairs2", "x": 180, "y": 90, "uvlock": true },
				{ "model": "stone_brick_outer_stairs3", "x": 180, "y": 90, "uvlock": true }
				],
        "facing=west,half=top,shape=outer_right":  [ { "model": "stone_brick_outer_stairs", "x": 180, "y": 270, "uvlock": true },
				{ "model": "stone_brick_outer_stairs1", "x": 180, "y": 270, "uvlock": true },
				{ "model": "stone_brick_outer_stairs2", "x": 180, "y": 270, "uvlock": true },
				{ "model": "stone_brick_outer_stairs3", "x": 180, "y": 270, "uvlock": true }
				],
        "facing=south,half=top,shape=outer_right": [ { "model": "stone_brick_outer_stairs", "x": 180, "y": 180, "uvlock": true },
				{ "model": "stone_brick_outer_stairs1", "x": 180, "y": 180, "uvlock": true },
				{ "model": "stone_brick_outer_stairs2", "x": 180, "y": 180, "uvlock": true },
				{ "model": "stone_brick_outer_stairs3", "x": 180, "y": 180, "uvlock": true }
				],
        "facing=north,half=top,shape=outer_right": [ { "model": "stone_brick_outer_stairs", "x": 180, "uvlock": true },
				{ "model": "stone_brick_outer_stairs1", "x": 180, "uvlock": true },
				{ "model": "stone_brick_outer_stairs2", "x": 180, "uvlock": true },
				{ "model": "stone_brick_outer_stairs3", "x": 180, "uvlock": true }
				],
        "facing=east,half=top,shape=outer_left":  [ { "model": "stone_brick_outer_stairs", "x": 180, "uvlock": true },
				{ "model": "stone_brick_outer_stairs1", "x": 180, "uvlock": true },
				{ "model": "stone_brick_outer_stairs2", "x": 180, "uvlock": true },
				{ "model": "stone_brick_outer_stairs3", "x": 180, "uvlock": true }
				],
        "facing=west,half=top,shape=outer_left":  [ { "model": "stone_brick_outer_stairs", "x": 180, "y": 180, "uvlock": true },
				{ "model": "stone_brick_outer_stairs1", "x": 180, "y": 180, "uvlock": true },
				{ "model": "stone_brick_outer_stairs2", "x": 180, "y": 180, "uvlock": true },
				{ "model": "stone_brick_outer_stairs3", "x": 180, "y": 180, "uvlock": true }
				],
        "facing=south,half=top,shape=outer_left": [{ "model": "stone_brick_outer_stairs", "x": 180, "y": 90, "uvlock": true },
				{ "model": "stone_brick_outer_stairs1", "x": 180, "y": 90, "uvlock": true },
				{ "model": "stone_brick_outer_stairs2", "x": 180, "y": 90, "uvlock": true },
				{ "model": "stone_brick_outer_stairs3", "x": 180, "y": 90, "uvlock": true }
				],
        "facing=north,half=top,shape=outer_left": [ { "model": "stone_brick_outer_stairs", "x": 180, "y": 270, "uvlock": true },
				{ "model": "stone_brick_outer_stairs1", "x": 180, "y": 270, "uvlock": true },
				{ "model": "stone_brick_outer_stairs2", "x": 180, "y": 270, "uvlock": true },
				{ "model": "stone_brick_outer_stairs3", "x": 180, "y": 270, "uvlock": true }
				],
        "facing=east,half=top,shape=inner_right":  [ { "model": "stone_brick_inner_stairs", "x": 180, "y": 90, "uvlock": true },
				{ "model": "stone_brick_inner_stairs1", "x": 180, "y": 90, "uvlock": true },
				{ "model": "stone_brick_inner_stairs2", "x": 180, "y": 90, "uvlock": true },
				{ "model": "stone_brick_inner_stairs3", "x": 180, "y": 90, "uvlock": true }
				],
        "facing=west,half=top,shape=inner_right":  [ { "model": "stone_brick_inner_stairs", "x": 180, "y": 270, "uvlock": true },
				{ "model": "stone_brick_inner_stairs1", "x": 180, "y": 270, "uvlock": true },
				{ "model": "stone_brick_inner_stairs2", "x": 180, "y": 270, "uvlock": true },
				{ "model": "stone_brick_inner_stairs3", "x": 180, "y": 270, "uvlock": true }
				],
        "facing=south,half=top,shape=inner_right": [ { "model": "stone_brick_inner_stairs", "x": 180, "y": 180, "uvlock": true },
				{ "model": "stone_brick_inner_stairs1", "x": 180, "y": 180, "uvlock": true },
				{ "model": "stone_brick_inner_stairs2", "x": 180, "y": 180, "uvlock": true },
				{ "model": "stone_brick_inner_stairs3", "x": 180, "y": 180, "uvlock": true }
				],
        "facing=north,half=top,shape=inner_right": [ { "model": "stone_brick_inner_stairs", "x": 180, "uvlock": true },
				{ "model": "stone_brick_inner_stairs1", "x": 180, "uvlock": true },
				{ "model": "stone_brick_inner_stairs2", "x": 180, "uvlock": true },
				{ "model": "stone_brick_inner_stairs3", "x": 180, "uvlock": true }
				],
        "facing=east,half=top,shape=inner_left":  [ { "model": "stone_brick_inner_stairs", "x": 180, "uvlock": true },
				{ "model": "stone_brick_inner_stairs1", "x": 180, "uvlock": true },
				{ "model": "stone_brick_inner_stairs2", "x": 180, "uvlock": true },
				{ "model": "stone_brick_inner_stairs3", "x": 180, "uvlock": true }
				],
        "facing=west,half=top,shape=inner_left":  [ { "model": "stone_brick_inner_stairs", "x": 180, "y": 180, "uvlock": true },
				{ "model": "stone_brick_inner_stairs1", "x": 180, "y": 180, "uvlock": true },
				{ "model": "stone_brick_inner_stairs2", "x": 180, "y": 180, "uvlock": true },
				{ "model": "stone_brick_inner_stairs3", "x": 180, "y": 180, "uvlock": true }
				],
        "facing=south,half=top,shape=inner_left": [ { "model": "stone_brick_inner_stairs", "x": 180, "y": 90, "uvlock": true },
				{ "model": "stone_brick_inner_stairs1", "x": 180, "y": 90, "uvlock": true },
				{ "model": "stone_brick_inner_stairs2", "x": 180, "y": 90, "uvlock": true },
				{ "model": "stone_brick_inner_stairs3", "x": 180, "y": 90, "uvlock": true }
				],
        "facing=north,half=top,shape=inner_left": [ { "model": "stone_brick_inner_stairs", "x": 180, "y": 270, "uvlock": true },
				{ "model": "stone_brick_inner_stairs1", "x": 180, "y": 270, "uvlock": true },
				{ "model": "stone_brick_inner_stairs2", "x": 180, "y": 270, "uvlock": true },
				{ "model": "stone_brick_inner_stairs3", "x": 180, "y": 270, "uvlock": true }
				]
    }
}
