{
    "variants": {
        "normal": [
            { "model": "waterlily" },
            { "model": "waterlily", "y": 90 },
            { "model": "waterlily", "y": 180 },
            { "model": "waterlily", "y": 270 },
            { "model": "waterlily1" },
            { "model": "waterlily1", "y": 90 },
            { "model": "waterlily1", "y": 180 },
            { "model": "waterlily1", "y": 270 },
            { "model": "waterlily2" },
            { "model": "waterlily2", "y": 90 },
            { "model": "waterlily2", "y": 180 },
            { "model": "waterlily2", "y": 270 }
        ]
    }
}
