{
"__comment": "Designed by tomaxed with Cubik",
"textures": {
    "particle": "blocks/fence_acacia",
    "texture": "blocks/fence_acacia",
    "behind": "blocks/fence_acacia_behind"
},
"elements": [ 
{
    "from": [ 1, 1, 7.5 ],
    "to": [ 15, 15, 8.5 ],
    "faces": {
        "down":  { "uv": [ 15, 8.5, 1, 7.5 ], "texture": "#texture" },
        "up":    { "uv": [ 1, 7.5, 15, 8.5 ], "texture": "#texture" },
        "north": { "uv": [ 1, 1, 15, 15 ], "texture": "#texture" },
        "south": { "uv": [ 1, 1, 15, 15 ], "texture": "#texture" }
    }
},
{
    "from": [ 0, 0, 7 ],
    "to": [ 1, 17, 9 ],
    "faces": {
        "down":  { "uv": [ 2, 7, 3, 9 ], "texture": "#texture", "cullface": "down" },
        "up":    { "uv": [ 2, 7, 3, 9 ], "texture": "#texture" },
        "north": { "uv": [ 2, 0, 3, 16 ], "texture": "#texture" },
        "south": { "uv": [ 2, 0, 3, 16 ], "texture": "#texture" },
        "west":  { "uv": [ 13, 0, 15, 16 ], "texture": "#texture", "cullface": "west" },
        "east":  { "uv": [ 10, 0, 12, 16 ], "texture": "#texture" }
    }
},
{
    "from": [ 15, 0, 7 ],
    "to": [ 16, 17, 9 ],
    "faces": {
        "down":  { "uv": [ 2, 7, 3, 9 ], "texture": "#texture", "cullface": "down" },
        "up":    { "uv": [ 2, 7, 3, 9 ], "texture": "#texture" },
        "north": { "uv": [ 2, 0, 3, 16 ], "texture": "#texture" },
        "south": { "uv": [ 11, 0, 12, 16 ], "texture": "#texture" },
        "west":  { "uv": [ 10, 0, 12, 16 ], "texture": "#texture" },
        "east":  { "uv": [ 10, 0, 12, 16 ], "texture": "#texture", "cullface": "east" }
    }
},
{
    "from": [ 2, 15, 7.5 ],
    "to": [ 14, 16, 8.5 ],
    "faces": {
        "up":    { "uv": [ 2, 7.5, 14, 8.5 ], "texture": "#texture", "cullface": "up" },
        "north": { "uv": [ 2, 0, 14, 1 ], "texture": "#texture" },
        "south": { "uv": [ 2, 0, 14, 1 ], "texture": "#texture" },
        "west":  { "uv": [ 7.5, 0, 8.5, 1 ], "texture": "#texture" },
        "east":  { "uv": [ 7.5, 0, 8.5, 1 ], "texture": "#texture" }
    }
},
{
    "from": [ 4, 16, 7.5 ],
    "to": [ 12, 17, 8.5 ],
    "faces": {
        "up":    { "uv": [ 4, 7.5, 12, 8.5 ], "texture": "#texture", "cullface": "up" },
        "north": { "uv": [ 4, 15, 12, 16 ], "texture": "#texture", "cullface": "up" },
        "south": { "uv": [ 4, 15, 12, 16 ], "texture": "#texture", "cullface": "up" },
        "west":  { "uv": [ 7.5, 0, 8.5, 1 ], "texture": "#texture", "cullface": "up" },
        "east":  { "uv": [ 7.5, 0, 8.5, 1 ], "texture": "#texture", "cullface": "up" }
    }
},
{
    "from": [ 1, 2, 7 ],
    "to": [ 15, 5, 9 ],
    "faces": {
        "down":  { "uv": [ 0, 7, 14, 8 ], "texture": "#behind" },
        "up":    { "uv": [ 0, 7, 14, 8 ], "texture": "#behind" },
        "north": { "uv": [ 0, 5, 14, 8 ], "texture": "#behind" },
        "south": { "uv": [ 14, 5, 0, 8 ], "texture": "#behind" }
    }
},
{
    "from": [ 1, 11, 7 ],
    "to": [ 15, 14, 9 ],
    "faces": {
        "down":  { "uv": [ 0, 7, 14, 8 ], "texture": "#behind" },
        "up":    { "uv": [ 0, 7, 14, 8 ], "texture": "#behind" },
        "north": { "uv": [ 0, 5, 14, 8 ], "texture": "#behind" },
        "south": { "uv": [ 14, 5, 0, 8 ], "texture": "#behind" }
    }
},
{
    "from": [ 13, 9, 6 ],
    "to": [ 14, 10, 10 ],
    "faces": {
        "down":  { "uv": [ 14, 11, 15, 13 ], "texture": "#behind" },
        "up":    { "uv": [ 14, 11, 15, 13 ], "texture": "#behind" },
        "north": { "uv": [ 14, 11, 15, 12 ], "texture": "#behind" },
        "south": { "uv": [ 14, 11, 15, 12 ], "texture": "#behind" },
        "west":  { "uv": [ 12, 11, 15, 12 ], "texture": "#behind" },
        "east":  { "uv": [ 12, 11, 15, 12 ], "texture": "#behind" }
    }
},
{
    "from": [ 12, 9, 6 ],
    "to": [ 13, 10, 6.5 ],
    "faces": {
        "down":  { "uv": [ 14, 11.5, 15, 12 ], "texture": "#behind" },
        "up":    { "uv": [ 14, 11.5, 15, 12 ], "texture": "#behind" },
        "north": { "uv": [ 14, 11, 15, 12 ], "texture": "#behind" },
        "south": { "uv": [ 14, 11, 15, 12 ], "texture": "#behind" },
        "west":  { "uv": [ 14.5, 11, 15, 12 ], "texture": "#behind" }
    }
},
{
    "from": [ 12, 9, 9.5 ],
    "to": [ 13, 10, 10 ],
    "faces": {
        "down":  { "uv": [ 14, 11.5, 15, 12 ], "texture": "#behind" },
        "up":    { "uv": [ 14, 11.5, 15, 12 ], "texture": "#behind" },
        "north": { "uv": [ 14, 11, 15, 12 ], "texture": "#behind" },
        "south": { "uv": [ 14, 11, 15, 12 ], "texture": "#behind" },
        "west":  { "uv": [ 14.5, 11, 15, 12 ], "texture": "#behind" }
    }
}
],
"display": {
    "thirdperson_righthand": {
        "rotation": [ 75, 45, 0 ],
        "translation": [ 0, 2.5, 0 ],
        "scale": [ 0.5, 0.5, 0.5 ]
    },
    "ground": {
        "rotation": [ 0, 0, 0 ],
        "translation": [ 0, 3, 0 ],
        "scale": [ 0.25, 0.25, 0.25 ]
    },
    "firstperson_righthand": {
        "rotation": [ 0, 45, 0 ],
        "translation": [ 0, 0, 0 ],
        "scale": [ 0.4, 0.4, 0.4 ]
    },
    "gui": {
        "rotation": [ 30, 225, 0 ],
        "translation": [ 0, 0, 0 ],
        "scale": [ 0.625, 0.625, 0.625 ]
    }
}
}