{
"__comment": "Designed by Tomaxed44 with BDcraft Cubik PRO 0.95 Beta - http://bdcraft.net",
"ambientocclusion": false,
"textures": {
    "particle": "blocks/planks_jungle",
    "texture": "blocks/planks_jungle",
    "chair": "blocks/planks_jungle"
},
"elements": [ 
{
    "from": [ 16, 0, 7 ],
    "to": [ 18, 23, 8.5 ],
    "rotation": { "origin": [ 16, 0, 7 ], "axis": "y", "angle": -45 },
    "faces": {
        "down":  { "uv": [ 13, 2, 15, 3 ], "texture": "#texture" },
        "up":    { "uv": [ 13, 2, 15, 3 ], "texture": "#texture" },
        "north": { "uv": [ 13, 0, 15, 16 ], "texture": "#texture" },
        "south": { "uv": [ 13, 0, 15, 16 ], "texture": "#texture" },
        "west":  { "uv": [ 1.5, 0, 3, 16 ], "texture": "#texture" },
        "east":  { "uv": [ 1.5, 0, 3, 16 ], "texture": "#texture" }
    }
},
{
    "from": [ 7.9375, 0, 15.0625 ],
    "to": [ 9.9375, 23, 16.5625 ],
    "rotation": { "origin": [ 7.9375, 0, 15.0625 ], "axis": "y", "angle": -45 },
    "faces": {
        "down":  { "uv": [ 13, 13, 15, 14 ], "texture": "#texture" },
        "up":    { "uv": [ 13, 13, 15, 14 ], "texture": "#texture" },
        "north": { "uv": [ 13, 0, 15, 16 ], "texture": "#texture" },
        "south": { "uv": [ 13, 0, 15, 16 ], "texture": "#texture" },
        "west":  { "uv": [ 13, 0, 14.5, 16 ], "texture": "#texture" },
        "east":  { "uv": [ 13, 0, 14.5, 16 ], "texture": "#texture" }
    }
},
{
    "from": [ 0.8125, 0, 6.6875 ],
    "to": [ 2.3125, 9, 8.1875 ],
    "rotation": { "origin": [ 0.8125, 0, 6.6875 ], "axis": "y", "angle": -45 },
    "faces": {
        "down":  { "uv": [ 15, 14, 13.5, 12.5 ], "texture": "#texture" },
        "up":    { "uv": [ 1, 12.5, 2.5, 14 ], "texture": "#texture" },
        "north": { "uv": [ 13.5, 6.5, 15, 16 ], "texture": "#texture" },
        "south": { "uv": [ 1, 6.5, 2.5, 16 ], "texture": "#texture" },
        "west":  { "uv": [ 12.5, 6.5, 14, 16 ], "texture": "#texture" },
        "east":  { "uv": [ 2, 6.5, 3.5, 16 ], "texture": "#texture" }
    }
},
{
    "from": [ 7.5, 0, -0.0625 ],
    "to": [ 9, 9, 1.4375 ],
    "rotation": { "origin": [ 7.5, 0, -0.0625 ], "axis": "y", "angle": -45 },
    "faces": {
        "down":  { "uv": [ 15, 3.5, 13.5, 2 ], "texture": "#texture" },
        "up":    { "uv": [ 1, 2, 2.5, 3.5 ], "texture": "#texture" },
        "north": { "uv": [ 13.5, 6.5, 15, 16 ], "texture": "#texture" },
        "south": { "uv": [ 1, 6.5, 2.5, 16 ], "texture": "#texture" },
        "west":  { "uv": [ 2, 6.5, 3.5, 16 ], "texture": "#texture" },
        "east":  { "uv": [ 12.5, 6.5, 14, 16 ], "texture": "#texture" }
    }
},
{
    "from": [ 7.5, 9, -1.5 ],
    "to": [ 19.5, 11, 11.5 ],
    "rotation": { "origin": [ 7.5, 9, -1.5 ], "axis": "y", "angle": -45 },
    "faces": {
        "down":  { "uv": [ 1, 1, 13, 14 ], "texture": "#texture" },
        "up":    { "uv": [ 1, 1, 13, 14 ], "texture": "#chair" },
        "north": { "uv": [ 1, 5, 13, 7 ], "texture": "#texture" },
        "south": { "uv": [ 1, 5, 13, 7 ], "texture": "#texture" },
        "west":  { "uv": [ 1, 5, 14, 7 ], "texture": "#texture" },
        "east":  { "uv": [ 1, 5, 14, 7 ], "texture": "#texture" }
    }
},
{
    "from": [ 15, 9, 8 ],
    "to": [ 17, 11, 18 ],
    "rotation": { "origin": [ 15, 9, 8 ], "axis": "y", "angle": -45 },
    "faces": {
        "down":  { "uv": [ 13, 3, 15, 13 ], "texture": "#texture" },
        "up":    { "uv": [ 13, 3, 15, 13 ], "texture": "#chair" },
        "north": { "uv": [ 13, 5, 15, 7 ], "texture": "#texture" },
        "south": { "uv": [ 13, 5, 15, 7 ], "texture": "#texture" },
        "west":  { "uv": [ 3, 5, 13, 7 ], "texture": "#texture" },
        "east":  { "uv": [ 3, 5, 13, 7 ], "texture": "#texture" }
    }
},
{
    "from": [ 15.3125, 14.5, 8.375 ],
    "to": [ 16.3125, 21.5, 18.375 ],
    "rotation": { "origin": [ 15.3125, 14.5, 8.375 ], "axis": "y", "angle": -45 },
    "faces": {
        "down":  { "uv": [ 14, 3, 15, 13 ], "texture": "#texture" },
        "up":    { "uv": [ 14, 3, 15, 13 ], "texture": "#texture" },
        "north": { "uv": [ 14, 0, 15, 7 ], "texture": "#texture" },
        "south": { "uv": [ 14, 0, 15, 7 ], "texture": "#texture" },
        "west":  { "uv": [ 2, 2.5, 9, 12.5 ], "rotation": 90, "texture": "#texture" },
        "east":  { "uv": [ 2, 2.5, 9, 12.5 ], "texture": "#texture" }
    }
}
]
}