{
"__comment": "Fair warning, this format is highly likely to change even more in the future!",
"textures": {
    "particle": "blocks/planks_oak",
    "texture": "blocks/planks_oak"
},
"elements": [ 
{
    "from": [ 1.5, 13.4375, 10.875 ],
    "to": [ 21.25, 15.4375, 12.875 ],
    "rotation": { "origin": [ 1.5, 15.4375, 10.875 ], "axis": "z", "angle": -45 },
    "faces": {
        "down":  { "uv": [ 0, 12.5, 16, 14.5 ], "texture": "#texture" },
        "up":    { "uv": [ 0, 12, 16, 14 ], "texture": "#texture" },
        "north": { "uv": [ 0, 8.5, 16, 10.5 ], "texture": "#texture" },
        "south": { "uv": [ 0, 8.5, 16, 10.5 ], "texture": "#texture" },
        "west":  { "uv": [ 10.875, 0.5625, 12.875, 2.5625 ], "texture": "#texture" },
        "east":  { "uv": [ 10.875, 0.5625, 12.875, 2.5625 ], "texture": "#texture" }
    }
},
{
    "from": [ 14, 0, 0 ],
    "to": [ 16, 14, 16 ],
    "faces": {
        "down":  { "uv": [ 14, 16, 16, 0 ], "texture": "#texture" },
        "up":    { "uv": [ 14, 0, 16, 16 ], "texture": "#texture" },
        "north": { "uv": [ 0, 2, 2, 16 ], "texture": "#texture" },
        "south": { "uv": [ 14, 2, 16, 16 ], "texture": "#texture" },
        "west":  { "uv": [ 0, 2, 16, 16 ], "texture": "#texture" },
        "east":  { "uv": [ 0, 2, 16, 16 ], "texture": "#texture" }
    }
},
{
    "from": [ 0, 14, 0 ],
    "to": [ 16, 16, 16 ],
    "faces": {
        "down":  { "uv": [ 0, 16, 16, 0 ], "texture": "#texture" },
        "up":    { "uv": [ 0, 0, 16, 16 ], "texture": "#texture" },
        "north": { "uv": [ 0, 0, 16, 2 ], "texture": "#texture" },
        "south": { "uv": [ 0, 0, 16, 2 ], "texture": "#texture" },
        "west":  { "uv": [ 0, 0, 16, 2 ], "texture": "#texture" },
        "east":  { "uv": [ 0, 0, 16, 2 ], "texture": "#texture" }
    }
},
{
    "from": [ 1.5, 13.4375, 3 ],
    "to": [ 21.25, 15.4375, 5 ],
    "rotation": { "origin": [ 1.5, 15.4375, 3 ], "axis": "z", "angle": -45 },
    "faces": {
        "down":  { "uv": [ 0, 9, 16, 11 ], "texture": "#texture" },
        "up":    { "uv": [ 0, 9, 16, 11 ], "texture": "#texture" },
        "north": { "uv": [ 0, 12.5, 16, 14.5 ], "texture": "#texture" },
        "south": { "uv": [ 0, 13.5, 16, 15.5 ], "texture": "#texture" },
        "west":  { "uv": [ 3, 0.5625, 5, 2.5625 ], "texture": "#texture" },
        "east":  { "uv": [ 3, 0.5625, 5, 2.5625 ], "texture": "#texture" }
    }
}
]
}