{
"__comment": "Designed by Tomaxed44 with BDcraft Cubik PRO 0.95 Beta - http://bdcraft.net",
"textures": {
    "particle": "blocks/planks_jungle",
    "texture": "blocks/planks_jungle",
    "chair": "blocks/planks_jungle"
},
"elements": [ 
{
    "from": [ 13, 0, 1.5 ],
    "to": [ 15, 23, 3 ],
    "faces": {
        "down":  { "uv": [ 13, 2, 15, 3 ], "texture": "#texture" },
        "up":    { "uv": [ 13, 2, 15, 3 ], "texture": "#texture" },
        "north": { "uv": [ 13, 0, 15, 16 ], "texture": "#texture" },
        "south": { "uv": [ 13, 0, 15, 16 ], "texture": "#texture" },
        "west":  { "uv": [ 1.5, 0, 3, 16 ], "texture": "#texture" },
        "east":  { "uv": [ 1.5, 0, 3, 16 ], "texture": "#texture" }
    }
},
{
    "from": [ 13, 0, 13 ],
    "to": [ 15, 23, 14.5 ],
    "faces": {
        "down":  { "uv": [ 13, 13, 15, 14 ], "texture": "#texture" },
        "up":    { "uv": [ 13, 13, 15, 14 ], "texture": "#texture" },
        "north": { "uv": [ 13, 0, 15, 16 ], "texture": "#texture" },
        "south": { "uv": [ 13, 0, 15, 16 ], "texture": "#texture" },
        "west":  { "uv": [ 13, 0, 14.5, 16 ], "texture": "#texture" },
        "east":  { "uv": [ 13, 0, 14.5, 16 ], "texture": "#texture" }
    }
},
{
    "from": [ 1.5, 0, 12.5 ],
    "to": [ 3, 9, 14 ],
    "faces": {
        "down":  { "uv": [ 15, 14, 13.5, 12.5 ], "texture": "#texture" },
        "up":    { "uv": [ 1, 12.5, 2.5, 14 ], "texture": "#texture" },
        "north": { "uv": [ 13.5, 6.5, 15, 16 ], "texture": "#texture" },
        "south": { "uv": [ 1, 6.5, 2.5, 16 ], "texture": "#texture" },
        "west":  { "uv": [ 12.5, 6.5, 14, 16 ], "texture": "#texture" },
        "east":  { "uv": [ 2, 6.5, 3.5, 16 ], "texture": "#texture" }
    }
},
{
    "from": [ 1.5, 0, 2 ],
    "to": [ 3, 9, 3.5 ],
    "faces": {
        "down":  { "uv": [ 15, 3.5, 13.5, 2 ], "texture": "#texture" },
        "up":    { "uv": [ 1, 2, 2.5, 3.5 ], "texture": "#texture" },
        "north": { "uv": [ 13.5, 6.5, 15, 16 ], "texture": "#texture" },
        "south": { "uv": [ 1, 6.5, 2.5, 16 ], "texture": "#texture" },
        "west":  { "uv": [ 2, 6.5, 3.5, 16 ], "texture": "#texture" },
        "east":  { "uv": [ 12.5, 6.5, 14, 16 ], "texture": "#texture" }
    }
},
{
    "from": [ 1, 9, 1.5 ],
    "to": [ 13, 11, 14.5 ],
    "faces": {
        "down":  { "uv": [ 1, 1, 13, 14 ], "texture": "#texture" },
        "up":    { "uv": [ 1, 1, 13, 14 ], "texture": "#chair" },
        "north": { "uv": [ 1, 5, 13, 7 ], "texture": "#texture" },
        "south": { "uv": [ 1, 5, 13, 7 ], "texture": "#texture" },
        "west":  { "uv": [ 1, 5, 14, 7 ], "texture": "#texture" },
        "east":  { "uv": [ 1, 5, 14, 7 ], "texture": "#texture" }
    }
},
{
    "from": [ 13, 9, 3 ],
    "to": [ 15, 11, 13 ],
    "faces": {
        "down":  { "uv": [ 13, 3, 15, 13 ], "texture": "#texture" },
        "up":    { "uv": [ 13, 3, 15, 13 ], "texture": "#chair" },
        "north": { "uv": [ 13, 5, 15, 7 ], "texture": "#texture" },
        "south": { "uv": [ 13, 5, 15, 7 ], "texture": "#texture" },
        "west":  { "uv": [ 3, 5, 13, 7 ], "texture": "#texture" },
        "east":  { "uv": [ 3, 5, 13, 7 ], "texture": "#texture" }
    }
},
{
    "from": [ 14, 14.5, 3 ],
    "to": [ 15, 21.5, 13 ],
    "faces": {
        "down":  { "uv": [ 14, 3, 15, 13 ], "texture": "#texture" },
        "up":    { "uv": [ 14, 3, 15, 13 ], "texture": "#texture" },
        "north": { "uv": [ 14, 0, 15, 7 ], "texture": "#texture" },
        "south": { "uv": [ 14, 0, 15, 7 ], "texture": "#texture" },
        "west":  { "uv": [ 2, 2.5, 9, 12.5 ], "rotation": 90, "texture": "#texture" },
        "east":  { "uv": [ 2, 2.5, 9, 12.5 ], "rotation": 90, "texture": "#texture" }
    }
}
],
"display": {
    "thirdperson_righthand": {
        "rotation": [ 75, 45, 0 ],
        "translation": [ 0, 2.5, 0 ],
        "scale": [ 0.5, 0.5, 0.5 ]
    },
	"head": {
        "rotation": [ 0, -90, 0 ],
        "translation": [ 0, -24, 0 ],
        "scale": [ 1.6, 1.6, 1.6 ]
    },
    "ground": {
        "rotation": [ 0, 0, 0 ],
        "translation": [ 0, 3, 0 ],
        "scale": [ 0.25, 0.25, 0.25 ]
    },
    "firstperson_righthand": {
        "rotation": [ 0, 45, 0 ],
        "translation": [ 0, 0, 0 ],
        "scale": [ 0.4, 0.4, 0.4 ]
    },
    "firstperson_lefthand": {
        "rotation": [ 0, 225, 0 ],
        "translation": [ 0, 0, 0 ],
        "scale": [ 0.4, 0.4, 0.4 ]
    },
    "gui": {
        "rotation": [ 30, -225, 0 ],
        "translation": [ 0, -1.8, 0 ],
        "scale": [ 0.54, 0.54, 0.54 ]
    }
}
}