{
"__comment": "Designed by tomaxed with Cubik",
"textures": {
    "particle": "blocks/fence_acacia",
    "texture": "blocks/fence_acacia",
    "fence_acacia_behind": "blocks/fence_acacia_behind"
},
"elements": [ 
{
    "from": [ 7, 0, 7 ],
    "to": [ 9, 16, 9 ],
    "faces": {
        "down":  { "uv": [ 9, 9, 7, 7 ], "texture": "#texture" },
        "up":    { "uv": [ 7, 7, 9, 9 ], "texture": "#texture" },
        "north": { "uv": [ 7, 0, 9, 16 ], "texture": "#texture" },
        "south": { "uv": [ 7, 0, 9, 16 ], "texture": "#texture" },
        "west":  { "uv": [ 7, 0, 9, 16 ], "texture": "#texture" },
        "east":  { "uv": [ 7, 0, 9, 16 ], "texture": "#texture" }
    }
}
]
}