{
"__comment": "Designed by tomaxed with Cubik",
"textures": {
    "particle": "blocks/fence_acacia",
    "texture": "blocks/fence_acacia",
    "behind": "blocks/fence_acacia_behind"
},
"elements": [ 
{
    "from": [ 1.0625, 1, 7.375 ],
    "to": [ 15.0625, 15, 8.375 ],
    "rotation": { "origin": [ 1.0625, 1, 7.375 ], "axis": "y", "angle": -45 },
    "faces": {
        "down":  { "uv": [ 15, 8.5, 1, 7.5 ], "texture": "#texture" },
        "up":    { "uv": [ 1, 7.5, 15, 8.5 ], "texture": "#texture" },
        "north": { "uv": [ 1, 1, 15, 15 ], "texture": "#texture" },
        "south": { "uv": [ 1, 1, 15, 15 ], "texture": "#texture" },
        "west":  { "uv": [ 7.5, 1, 8.5, 15 ], "texture": "#texture" },
        "east":  { "uv": [ 7.5, 1, 8.5, 15 ], "texture": "#texture" }
    }
},
{
    "from": [ 0, 0, 7 ],
    "to": [ 1, 17, 9 ],
    "faces": {
        "down":  { "uv": [ 2, 7, 3, 9 ], "texture": "#texture" },
        "up":    { "uv": [ 2, 7, 3, 9 ], "texture": "#texture" },
        "north": { "uv": [ 2, 0, 3, 16 ], "texture": "#texture" },
        "south": { "uv": [ 2, 0, 3, 16 ], "texture": "#texture" },
        "west":  { "uv": [ 13, 0, 15, 16 ], "texture": "#texture" },
        "east":  { "uv": [ 10, 0, 12, 16 ], "texture": "#texture" }
    }
},
{
    "from": [ 15, 0, 7 ],
    "to": [ 16, 17, 9 ],
    "faces": {
        "down":  { "uv": [ 2, 7, 3, 9 ], "texture": "#texture" },
        "up":    { "uv": [ 2, 7, 3, 9 ], "texture": "#texture" },
        "north": { "uv": [ 2, 0, 3, 16 ], "texture": "#texture" },
        "south": { "uv": [ 11, 0, 12, 16 ], "texture": "#texture" },
        "west":  { "uv": [ 10, 0, 12, 16 ], "texture": "#texture" },
        "east":  { "uv": [ 10, 0, 12, 16 ], "texture": "#texture" }
    }
},
{
    "from": [ 1.75, 15, 8.0625 ],
    "to": [ 13.75, 16, 9.0625 ],
    "rotation": { "origin": [ 1.75, 15, 8.0625 ], "axis": "y", "angle": -45 },
    "faces": {
        "down":  { "uv": [ 14, 8.5, 2, 7.5 ], "texture": "#texture" },
        "up":    { "uv": [ 2, 7.5, 14, 8.5 ], "texture": "#texture" },
        "north": { "uv": [ 2, 0, 14, 1 ], "texture": "#texture" },
        "south": { "uv": [ 2, 0, 14, 1 ], "texture": "#texture" },
        "west":  { "uv": [ 7.5, 0, 8.5, 1 ], "texture": "#texture" },
        "east":  { "uv": [ 7.5, 0, 8.5, 1 ], "texture": "#texture" }
    }
},
{
    "from": [ 3.1875, 16, 9.5 ],
    "to": [ 11.1875, 17, 10.5 ],
    "rotation": { "origin": [ 3.1875, 16, 9.5 ], "axis": "y", "angle": -45 },
    "faces": {
        "down":  { "uv": [ 4, 7.5, 12, 8.5 ], "texture": "#texture" },
        "up":    { "uv": [ 4, 7.5, 12, 8.5 ], "texture": "#texture" },
        "north": { "uv": [ 4, 15, 12, 16 ], "texture": "#texture" },
        "south": { "uv": [ 4, 15, 12, 16 ], "texture": "#texture" },
        "west":  { "uv": [ 7.5, 0, 8.5, 1 ], "texture": "#texture" },
        "east":  { "uv": [ 7.5, 0, 8.5, 1 ], "texture": "#texture" }
    }
},
{
    "from": [ 1.4375, 2, 7 ],
    "to": [ 15.4375, 5, 9 ],
    "rotation": { "origin": [ 1.4375, 2, 7 ], "axis": "y", "angle": -45 },
    "faces": {
        "down":  { "uv": [ 0, 7, 14, 8 ], "texture": "#behind" },
        "up":    { "uv": [ 0, 7, 14, 8 ], "texture": "#behind" },
        "north": { "uv": [ 0, 5, 14, 8 ], "texture": "#behind" },
        "south": { "uv": [ 14, 5, 0, 8 ], "texture": "#behind" },
        "west":  { "uv": [ 7, 11, 9, 14 ], "texture": "#texture" },
        "east":  { "uv": [ 7, 11, 9, 14 ], "texture": "#texture" }
    }
},
{
    "from": [ 1.4375, 11, 7 ],
    "to": [ 15.4375, 14, 9 ],
    "rotation": { "origin": [ 1.4375, 11, 7 ], "axis": "y", "angle": -45 },
    "faces": {
        "down":  { "uv": [ 0, 7, 14, 8 ], "texture": "#behind" },
        "up":    { "uv": [ 0, 7, 14, 8 ], "texture": "#behind" },
        "north": { "uv": [ 0, 5, 14, 8 ], "texture": "#behind" },
        "south": { "uv": [ 14, 5, 0, 8 ], "texture": "#behind" },
        "west":  { "uv": [ 7, 2, 9, 5 ], "texture": "#texture" },
        "east":  { "uv": [ 7, 2, 9, 5 ], "texture": "#texture" }
    }
},
{
    "from": [ 9.9375, 9, 14.125 ],
    "to": [ 10.9375, 10, 18.125 ],
    "rotation": { "origin": [ 9.9375, 9, 14.125 ], "axis": "y", "angle": -45 },
    "faces": {
        "down":  { "uv": [ 14, 11, 15, 13 ], "texture": "#behind" },
        "up":    { "uv": [ 14, 11, 15, 13 ], "texture": "#behind" },
        "north": { "uv": [ 14, 11, 15, 12 ], "texture": "#behind" },
        "south": { "uv": [ 14, 11, 15, 12 ], "texture": "#behind" },
        "west":  { "uv": [ 12, 11, 15, 12 ], "texture": "#behind" },
        "east":  { "uv": [ 12, 11, 15, 12 ], "texture": "#behind" }
    }
},
{
    "from": [ 9.25, 9, 13.4375 ],
    "to": [ 10.25, 10, 13.9375 ],
    "rotation": { "origin": [ 9.25, 9, 13.4375 ], "axis": "y", "angle": -45 },
    "faces": {
        "down":  { "uv": [ 14, 11.5, 15, 12 ], "texture": "#behind" },
        "up":    { "uv": [ 14, 11.5, 15, 12 ], "texture": "#behind" },
        "north": { "uv": [ 14, 11, 15, 12 ], "texture": "#behind" },
        "south": { "uv": [ 14, 11, 15, 12 ], "texture": "#behind" },
        "west":  { "uv": [ 14.5, 11, 15, 12 ], "texture": "#behind" },
        "east":  { "uv": [ 14.5, 11, 15, 12 ], "texture": "#behind" }
    }
},
{
    "from": [ 6.75, 9, 15.875 ],
    "to": [ 7.75, 10, 16.375 ],
    "rotation": { "origin": [ 6.75, 9, 15.875 ], "axis": "y", "angle": -45 },
    "faces": {
        "down":  { "uv": [ 14, 11.5, 15, 12 ], "texture": "#behind" },
        "up":    { "uv": [ 14, 11.5, 15, 12 ], "texture": "#behind" },
        "north": { "uv": [ 14, 11, 15, 12 ], "texture": "#behind" },
        "south": { "uv": [ 14, 11, 15, 12 ], "texture": "#behind" },
        "west":  { "uv": [ 14.5, 11, 15, 12 ], "texture": "#behind" },
        "east":  { "uv": [ 14.5, 11, 15, 12 ], "texture": "#behind" }
    }
}
]
}