{
"__comment": "Designed by tomaxed with Cubik",
"ambientocclusion": false,
"textures": {
    "particle": "blocks/flower_allium",
    "inside": "blocks/flower_allium",
    "texture": "blocks/flower_allium_leaf"
},
"elements": [ 
{
    "from": [ 1, 10.9375, -3 ],
    "to": [ 17, 11, 13 ],
    "rotation": { "origin": [ 1, 11, -3 ], "axis": "x", "angle": 45 },
	"shade": false,
    "faces": {
        "down":  { "uv": [ 16, 16, 0, 0 ], "texture": "#texture" },
        "up":    { "uv": [ 0, 0, 16, 16 ], "texture": "#texture" }
    }
},
{
    "from": [ 0, -0.0011875, 8 ],
    "to": [ 16, 0.0613125, 24 ],
    "rotation": { "origin": [ 0, 0.0613125, 8 ], "axis": "x", "angle": -45 },
	"shade": false,
    "faces": {
        "down":  { "uv": [ 0, 0, 16, 16 ], "texture": "#texture" },
        "up":    { "uv": [ 16, 16, 0, 0 ], "texture": "#texture" }
    }
},
{
    "from": [ 2, -0.961418, 0.5 ],
    "to": [ 2.0625, 15.0386, 16.5 ],
    "rotation": { "origin": [ 2, 15.0386, 0.5 ], "axis": "z", "angle": 22.5 },
	"shade": false,
    "faces": {
        "west":  { "uv": [ 0, 0, 16, 16 ], "texture": "#texture" },
        "east":  { "uv": [ 0, 0, 16, 16 ], "texture": "#texture" }
    }
},
{
    "from": [ 19.5, -5, 0 ],
    "to": [ 19.5625, 11, 16 ],
    "rotation": { "origin": [ 19.5, 11, 0 ], "axis": "z", "angle": -45 },
	"shade": false,
    "faces": {
        "west":  { "uv": [ 0, 0, 16, 16 ], "texture": "#texture" },
        "east":  { "uv": [ 0, 0, 16, 16 ], "texture": "#texture" }
    }
},
{
    "from": [ -3.5, 10.9375, 0.5 ],
    "to": [ 12.5, 11, 16.5 ],
    "rotation": { "origin": [ -3.5, 11, 0.5 ], "axis": "z", "angle": -45 },
	"shade": false,
    "faces": {
        "down":  { "uv": [ 0, 0, 16, 16 ], "rotation": 270, "texture": "#texture" },
        "up":    { "uv": [ 0, 0, 16, 16 ], "rotation": 270, "texture": "#texture" }
    }
},
{
    "from": [ 0.5, -1.33642, 2 ],
    "to": [ 16.5, 14.6636, 2.0625 ],
    "rotation": { "origin": [ 0.5, 14.6636, 2 ], "axis": "x", "angle": -22.5 },
	"shade": false,
    "faces": {
        "north": { "uv": [ 0, 0, 16, 16 ], "texture": "#texture" },
        "south": { "uv": [ 0, 0, 16, 16 ], "texture": "#texture" }
    }
},
{
    "from": [ -0.5, -1.5, 14 ],
    "to": [ 15.5, 14.5, 14.0625 ],
    "rotation": { "origin": [ -0.5, 14.5, 14 ], "axis": "x", "angle": 22.5 },
	"shade": false,
    "faces": {
        "north": { "uv": [ 0, 0, 16, 16 ], "texture": "#texture" },
        "south": { "uv": [ 0, 0, 16, 16 ], "texture": "#texture" }
    }
},
{
    "from": [ 14, -1.5, -0.5 ],
    "to": [ 14.0625, 14.5, 15.5 ],
    "rotation": { "origin": [ 14, 14.5, -0.5 ], "axis": "z", "angle": -22.5 },
	"shade": false,
    "faces": {
        "west":  { "uv": [ 0, 0, 16, 16 ], "texture": "#texture" },
        "east":  { "uv": [ 0, 0, 16, 16 ], "texture": "#texture" }
    }
},
{
    "from": [ 13.625, 0, 2.375 ],
    "to": [ 13.6875, 16, 18.375 ],
    "rotation": { "origin": [ 13.625, 0, 2.375 ], "axis": "y", "angle": -45 },
	"shade": false,
    "faces": {
        "west":  { "uv": [ 0, 0, 16, 16 ], "texture": "#inside" },
        "east":  { "uv": [ 0, 0, 16, 16 ], "texture": "#inside" }
    }
},
{
    "from": [ 2.5, 0, 2.5 ],
    "to": [ 2.5625, 16, 18.5 ],
    "rotation": { "origin": [ 2.5, 0, 2.5 ], "axis": "y", "angle": 45 },
	"shade": false,
    "faces": {
        "west":  { "uv": [ 0, 0, 16, 16 ], "texture": "#inside" },
        "east":  { "uv": [ 0, 0, 16, 16 ], "texture": "#inside" }
    }
}
]
}