{
"__comment": "Designed by tomaxed with Cubik",
"textures": {
    "particle": "blocks/leaves_acacia",
    "all": "blocks/leaves_acacia",
    "extra": "blocks/better_leaves_acacia"
},
"elements": [ 
{
    "from": [ 0, 0, 0 ],
    "to": [ 16, 16, 16 ],
    "faces": {
        "down":  { "uv": [ 16, 16, 0, 0 ], "texture": "#all", "tintindex": 0, "cullface": "down" },
        "up":    { "uv": [ 0, 0, 16, 16 ], "texture": "#all", "tintindex": 0, "cullface": "up" },
        "north": { "uv": [ 0, 0, 16, 16 ], "texture": "#all", "tintindex": 0, "cullface": "north" },
        "south": { "uv": [ 0, 0, 16, 16 ], "texture": "#all", "tintindex": 0, "cullface": "south" },
        "west":  { "uv": [ 0, 0, 16, 16 ], "texture": "#all", "tintindex": 0, "cullface": "west" },
        "east":  { "uv": [ 0, 0, 16, 16 ], "texture": "#all", "tintindex": 0, "cullface": "east" }
    }
},
{
    "from": [ -6.815, -8, 14.125 ],
    "to": [ 25.185, 24, 14.185 ],
    "rotation": { "origin": [ -6.815, -8, 14.125 ], "axis": "y", "angle": 22.5 },
	"shade": false,
    "faces": {
        "north": { "uv": [ 0, 0, 16, 16 ], "texture": "#extra", "tintindex": 0 },
        "south": { "uv": [ 0, 0, 16, 16 ], "texture": "#extra", "tintindex": 0 }
    }
},
{
    "from": [ 1.875, -8, -6.815 ],
    "to": [ 1.935, 24, 25.185 ],
    "rotation": { "origin": [ 1.875, -8, -6.812 ], "axis": "y", "angle": 22.5 },
	"shade": false,
    "faces": {
        "west":  { "uv": [ 0, 0, 16, 16 ], "texture": "#extra", "tintindex": 0 },
        "east":  { "uv": [ 0, 0, 16, 16 ], "texture": "#extra", "tintindex": 0 }
    }
}
]
}