{
"_comment": "Designed by tomaxed with Cubik",
"textures": {
    "particle": "blocks/bookshelf",
    "side": "blocks/bookshelf",
    "top": "blocks/planks_oak"
},
"elements": [ 
{
    "from": [ 0, 15, 0 ],
    "to": [ 16, 16, 16 ],
    "faces": {
        "down":  { "uv": [ 16, 16, 0, 0 ], "texture": "#top" },
        "up":    { "uv": [ 0, 0, 16, 16 ], "texture": "#top" },
        "north": { "uv": [ 0, 0, 16, 1 ], "texture": "#side" },
        "south": { "uv": [ 0, 0, 16, 1 ], "texture": "#side" },
        "west":  { "uv": [ 0, 0, 16, 1 ], "texture": "#side" },
        "east":  { "uv": [ 0, 0, 16, 1 ], "texture": "#side" }
    }
},
{
    "from": [ 0, 0, 0 ],
    "to": [ 16, 1, 16 ],
    "faces": {
        "down":  { "uv": [ 16, 16, 0, 0 ], "texture": "#top" },
        "up":    { "uv": [ 0, 0, 16, 16 ], "texture": "#top" },
        "north": { "uv": [ 0, 15, 16, 16 ], "texture": "#side" },
        "south": { "uv": [ 0, 15, 16, 16 ], "texture": "#side" },
        "west":  { "uv": [ 0, 15, 16, 16 ], "texture": "#side" },
        "east":  { "uv": [ 0, 15, 16, 16 ], "texture": "#side" }
    }
},
{
    "from": [ 0, 1, 0 ],
    "to": [ 1, 15, 1 ],
    "faces": {
        "down":  { "uv": [ 16, 1, 15, 0 ], "texture": "#side" },
        "up":    { "uv": [ 0, 0, 1, 1 ], "texture": "#side" },
        "north": { "uv": [ 15, 1, 16, 15 ], "texture": "#side" },
        "south": { "uv": [ 0, 1, 1, 15 ], "texture": "#side" },
        "west":  { "uv": [ 0, 1, 1, 15 ], "texture": "#side" },
        "east":  { "uv": [ 15, 1, 16, 15 ], "texture": "#side" }
    }
},
{
    "from": [ 0, 1, 15 ],
    "to": [ 1, 15, 16 ],
    "faces": {
        "down":  { "uv": [ 16, 16, 15, 15 ], "texture": "#side" },
        "up":    { "uv": [ 0, 15, 1, 16 ], "texture": "#side" },
        "north": { "uv": [ 15, 1, 16, 15 ], "texture": "#side" },
        "south": { "uv": [ 0, 1, 1, 15 ], "texture": "#side" },
        "west":  { "uv": [ 15, 1, 16, 15 ], "texture": "#side" },
        "east":  { "uv": [ 0, 1, 1, 15 ], "texture": "#side" }
    }
},
{
    "from": [ 15, 1, 15 ],
    "to": [ 16, 15, 16 ],
    "faces": {
        "down":  { "uv": [ 1, 16, 0, 15 ], "texture": "#side" },
        "up":    { "uv": [ 15, 15, 16, 16 ], "texture": "#side" },
        "north": { "uv": [ 0, 1, 1, 15 ], "texture": "#side" },
        "south": { "uv": [ 15, 1, 16, 15 ], "texture": "#side" },
        "west":  { "uv": [ 15, 1, 16, 15 ], "texture": "#side" },
        "east":  { "uv": [ 0, 1, 1, 15 ], "texture": "#side" }
    }
},
{
    "from": [ 15, 1, 0 ],
    "to": [ 16, 15, 1 ],
    "faces": {
        "down":  { "uv": [ 1, 1, 0, 0 ], "texture": "#side" },
        "up":    { "uv": [ 15, 0, 16, 1 ], "texture": "#side" },
        "north": { "uv": [ 0, 1, 1, 15 ], "texture": "#side" },
        "south": { "uv": [ 15, 1, 16, 15 ], "texture": "#side" },
        "west":  { "uv": [ 0, 1, 1, 15 ], "texture": "#side" },
        "east":  { "uv": [ 15, 1, 16, 15 ], "texture": "#side" }
    }
},
{
    "from": [ 1, 1, 1 ],
    "to": [ 15, 15, 15 ],
    "faces": {
        "down":  { "uv": [ 15, 15, 1, 1 ], "texture": "#side" },
        "up":    { "uv": [ 1, 1, 15, 15 ], "texture": "#side" },
        "north": { "uv": [ 1, 1, 15, 15 ], "texture": "#side" },
        "south": { "uv": [ 1, 1, 15, 15 ], "texture": "#side" },
        "west":  { "uv": [ 1, 1, 15, 15 ], "texture": "#side" },
        "east":  { "uv": [ 1, 1, 15, 15 ], "texture": "#side" }
    }
},
{
    "from": [ 0, 7, 0 ],
    "to": [ 16, 9, 16 ],
    "faces": {
        "down":  { "uv": [ 16, 16, 0, 0 ], "texture": "#side" },
        "up":    { "uv": [ 0, 0, 16, 16 ], "texture": "#side" },
        "north": { "uv": [ 0, 7, 16, 9 ], "texture": "#side" },
        "south": { "uv": [ 0, 7, 16, 9 ], "texture": "#side" },
        "west":  { "uv": [ 0, 7, 16, 9 ], "texture": "#side" },
        "east":  { "uv": [ 0, 7, 16, 9 ], "texture": "#side" }
    }
}
],
    "display": {
        "gui": {
            "rotation": [ 30, 225, 0 ],
            "translation": [ 0, 0, 0],
            "scale":[ 0.625, 0.625, 0.625 ]
        },
        "ground": {
            "rotation": [ 0, 0, 0 ],
            "translation": [ 0, 3, 0],
            "scale":[ 0.25, 0.25, 0.25 ]
        },
        "fixed": {
            "rotation": [ 0, 0, 0 ],
            "translation": [ 0, 0, 0],
            "scale":[ 0.5, 0.5, 0.5 ]
        },
        "thirdperson_righthand": {
            "rotation": [ 75, 45, 0 ],
            "translation": [ 0, 2.5, 0],
            "scale": [ 0.375, 0.375, 0.375 ]
        },
        "firstperson_righthand": {
            "rotation": [ 0, 45, 0 ],
            "translation": [ 0, 0, 0 ],
            "scale": [ 0.40, 0.40, 0.40 ]
        },
        "firstperson_lefthand": {
            "rotation": [ 0, 225, 0 ],
            "translation": [ 0, 0, 0 ],
            "scale": [ 0.40, 0.40, 0.40 ]
        }
    }
}