{
"__comment": "Designed by tomaxed with Cubik",
"elements": [ 
{
    "from": [ 0, 0, 0 ],
    "to": [ 16, 1, 16 ],
    "faces": {
        "down":  { "uv": [ 16, 16, 0, 0 ], "texture": "#wool" },
        "up":    { "uv": [ 0, 0, 16, 16 ], "texture": "#wool" },
        "north": { "uv": [ 0, 0, 1, 16 ], "rotation": 270, "texture": "#wool" },
        "south": { "uv": [ 15, 0, 16, 16 ], "rotation": 90, "texture": "#wool" },
        "west":  { "uv": [ 0, 0, 16, 1 ], "rotation": 180, "texture": "#wool" },
        "east":  { "uv": [ 0, 15, 16, 16 ], "texture": "#wool" }
    }
}
],
"display": {
    "thirdperson_righthand": {
        "rotation": [ 75, 45, 0 ],
        "translation": [ 0, 4.16, 3.59 ],
        "scale": [ 0.5, 0.5, 0.5 ]
    },
    "ground": {
        "rotation": [ 0, 0, 0 ],
        "translation": [ 0, 3, 0 ],
        "scale": [ 0.25, 0.25, 0.25 ]
    },
    "firstperson_righthand": {
        "rotation": [ 0, 45, 0 ],
        "translation": [ 0, 2.46, 0 ],
        "scale": [ 0.4, 0.4, 0.4 ]
    },
    "gui": {
        "rotation": [ 30, 225, 0 ],
        "translation": [ 0, 0, 0 ],
        "scale": [ 0.625, 0.625, 0.625 ]
    }
}
}