{
"__comment": "Designed by tomaxed with Cubik",
"textures": {
    "particle": "blocks/cobblestone_arch",
    "cobblestone": "blocks/cobblestone",
    "cobblestone_arch": "blocks/cobblestone_arch"
},
"elements": [ 
{
    "from": [ 0, 0, 0 ],
    "to": [ 2, 4, 2 ],
    "faces": {
        "down":  { "uv": [ 0, 0, 2, 2 ], "texture": "#cobblestone" },
        "up":    { "uv": [ 0, 0, 2, 2 ], "texture": "#cobblestone" },
        "north": { "uv": [ 0, 12, 2, 16 ], "texture": "#cobblestone" },
        "south": { "uv": [ 0, 12, 2, 16 ], "texture": "#cobblestone" },
        "west":  { "uv": [ 0, 12, 2, 16 ], "texture": "#cobblestone_arch" },
        "east":  { "uv": [ 0, 12, 2, 16 ], "texture": "#cobblestone_arch" }
    }
},
{
    "from": [ 0, 14, 0 ],
    "to": [ 16, 16, 16 ],
    "faces": {
        "down":  { "uv": [ 0, 0, 16, 16 ], "texture": "#cobblestone" },
        "up":    { "uv": [ 0, 0, 16, 16 ], "texture": "#cobblestone" },
        "north": { "uv": [ 0, 0, 16, 2 ], "texture": "#cobblestone" },
        "south": { "uv": [ 0, 0, 16, 2 ], "texture": "#cobblestone" },
        "west":  { "uv": [ 0, 0, 16, 2 ], "texture": "#cobblestone_arch" },
        "east":  { "uv": [ 0, 0, 16, 2 ], "texture": "#cobblestone_arch" }
    }
},
{
    "from": [ 0, 4, 0 ],
    "to": [ 4, 14, 4 ],
    "faces": {
        "down":  { "uv": [ 0, 0, 4, 4 ], "texture": "#cobblestone" },
        "up":    { "uv": [ 0, 0, 4, 4 ], "texture": "#cobblestone" },
        "north": { "uv": [ 0, 2, 4, 12 ], "texture": "#cobblestone" },
        "south": { "uv": [ 0, 2, 4, 12 ], "texture": "#cobblestone" },
        "west":  { "uv": [ 0, 2, 4, 12 ], "texture": "#cobblestone_arch" },
        "east":  { "uv": [ 0, 2, 4, 12 ], "texture": "#cobblestone_arch" }
    }
},
{
    "from": [ 0, 12, 0 ],
    "to": [ 12, 14, 12 ],
    "faces": {
        "down":  { "uv": [ 0, 0, 12, 12 ], "texture": "#cobblestone" },
        "up":    { "uv": [ 0, 0, 12, 12 ], "texture": "#cobblestone" },
        "north": { "uv": [ 0, 2, 12, 4 ], "texture": "#cobblestone" },
        "south": { "uv": [ 0, 2, 12, 4 ], "texture": "#cobblestone" },
        "west":  { "uv": [ 0, 2, 12, 4 ], "texture": "#cobblestone_arch" },
        "east":  { "uv": [ 0, 2, 12, 4 ], "texture": "#cobblestone_arch" }
    }
},
{
    "from": [ 0, 8, 0 ],
    "to": [ 6, 10, 6 ],
    "faces": {
        "down":  { "uv": [ 0, 0, 6, 6 ], "texture": "#cobblestone" },
        "up":    { "uv": [ 0, 0, 6, 6 ], "texture": "#cobblestone" },
        "north": { "uv": [ 0, 6, 6, 8 ], "texture": "#cobblestone" },
        "south": { "uv": [ 0, 6, 6, 8 ], "texture": "#cobblestone" },
        "west":  { "uv": [ 0, 6, 6, 8 ], "texture": "#cobblestone_arch" },
        "east":  { "uv": [ 0, 6, 6, 8 ], "texture": "#cobblestone_arch" }
    }
},
{
    "from": [ 0, 10, 0 ],
    "to": [ 8, 12, 8 ],
    "faces": {
        "down":  { "uv": [ 0, 0, 8, 8 ], "texture": "#cobblestone" },
        "up":    { "uv": [ 0, 0, 8, 8 ], "texture": "#cobblestone" },
        "north": { "uv": [ 0, 4, 8, 6 ], "texture": "#cobblestone" },
        "south": { "uv": [ 0, 4, 8, 6 ], "texture": "#cobblestone" },
        "west":  { "uv": [ 0, 4, 8, 6 ], "texture": "#cobblestone_arch" },
        "east":  { "uv": [ 0, 4, 8, 6 ], "texture": "#cobblestone_arch" }
    }
}
]
}