{
"__comment": "Designed by tomaxed with Cubik",
"textures": {
    "particle": "blocks/cobblestone_arch",
    "cobblestone": "blocks/cobblestone",
    "cobblestone_arch": "blocks/cobblestone_arch"
},
"elements": [ 
{
    "from": [ 0, 0, 0 ],
    "to": [ 16, 16, 2 ],
    "faces": {
        "down":  { "uv": [ 0, 0, 16, 1 ], "texture": "#cobblestone", "cullface": "down" },
        "up":    { "uv": [ 0, 0, 16, 1 ], "texture": "#cobblestone", "cullface": "up" },
        "north": { "uv": [ 0, 0, 16, 16 ], "texture": "#cobblestone", "cullface": "north" },
        "south": { "uv": [ 0, 0, 16, 16 ], "texture": "#cobblestone" },
        "west":  { "uv": [ 0, 0, 1, 16 ], "texture": "#cobblestone_arch", "cullface": "west" },
        "east":  { "uv": [ 0, 0, 1, 16 ], "texture": "#cobblestone_arch", "cullface": "east" }
    }
},
{
    "from": [ 0, 14, 2 ],
    "to": [ 16, 16, 16 ],
    "faces": {
        "down":  { "uv": [ 0, 2, 16, 16 ], "texture": "#cobblestone" },
        "up":    { "uv": [ 0, 2, 16, 16 ], "texture": "#cobblestone", "cullface": "up" },
        "south": { "uv": [ 0, 0, 16, 2 ], "texture": "#cobblestone", "cullface": "south" },
        "west":  { "uv": [ 2, 0, 16, 2 ], "texture": "#cobblestone_arch", "cullface": "west" },
        "east":  { "uv": [ 16, 0, 2, 2 ], "texture": "#cobblestone_arch", "cullface": "east" }
    }
},
{
    "from": [ 2, 4, 2 ],
    "to": [ 16, 14, 4 ],
    "faces": {
        "down":  { "uv": [ 0, 2, 16, 4 ], "texture": "#cobblestone" },
        "south": { "uv": [ 0, 2, 16, 12 ], "texture": "#cobblestone" },
        "east":  { "uv": [ 4, 2, 2, 12 ], "texture": "#cobblestone_arch", "cullface": "east" }
    }
},
{
    "from": [ 2, 12, 4 ],
    "to": [ 16, 14, 12 ],
    "faces": {
        "down":  { "uv": [ 0, 4, 16, 12 ], "texture": "#cobblestone" },
        "south": { "uv": [ 0, 2, 16, 4 ], "texture": "#cobblestone" },
        "east":  { "uv": [ 12, 2, 4, 4 ], "texture": "#cobblestone_arch", "cullface": "east" }
    }
},
{
    "from": [ 2, 8, 4 ],
    "to": [ 16, 12, 6 ],
    "faces": {
        "down":  { "uv": [ 0, 4, 16, 6 ], "texture": "#cobblestone" },
        "south": { "uv": [ 0, 4, 16, 8 ], "texture": "#cobblestone" },
        "east":  { "uv": [ 6, 4, 4, 8 ], "texture": "#cobblestone_arch", "cullface": "east" }
    }
},
{
    "from": [ 2, 10, 6 ],
    "to": [ 16, 12, 8 ],
    "faces": {
        "down":  { "uv": [ 0, 6, 16, 8 ], "texture": "#cobblestone" },
        "south": { "uv": [ 0, 4, 16, 6 ], "texture": "#cobblestone" },
        "east":  { "uv": [ 8, 4, 6, 6 ], "texture": "#cobblestone_arch", "cullface": "east" }
    }
},
{
    "from": [ 0, 0, 2 ],
    "to": [ 2, 14, 16 ],
    "faces": {
        "down":  { "uv": [ 16, 16, 14, 2 ], "texture": "#cobblestone", "cullface": "down" },
        "south": { "uv": [ 0, 2, 2, 16 ], "texture": "#cobblestone", "cullface": "south" },
        "west":  { "uv": [ 2, 2, 16, 16 ], "texture": "#cobblestone", "cullface": "west" },
        "east":  { "uv": [ 0, 2, 14, 16 ], "texture": "#cobblestone" }
    }
},
{
    "from": [ 2, 4, 4 ],
    "to": [ 4, 14, 16 ],
    "faces": {
        "down":  { "uv": [ 14, 16, 12, 4 ], "texture": "#cobblestone" },
        "south": { "uv": [ 2, 2, 4, 12 ], "texture": "#cobblestone", "cullface": "south" },
        "east":  { "uv": [ 0, 2, 12, 12 ], "texture": "#cobblestone" }
    }
},
{
    "from": [ 0, 8, 10 ],
    "to": [ 2, 14, 12 ],
    "faces": {
        "down":  { "uv": [ 16, 12, 14, 10 ], "texture": "#cobblestone" },
        "north": { "uv": [ 14, 2, 16, 8 ], "texture": "#cobblestone" },
        "south": { "uv": [ 0, 2, 2, 8 ], "texture": "#cobblestone" },
        "west":  { "uv": [ 10, 2, 12, 8 ], "texture": "#cobblestone", "cullface": "west" }
    }
},
{
    "from": [ 4, 8, 6 ],
    "to": [ 6, 14, 16 ],
    "faces": {
        "down":  { "uv": [ 12, 16, 10, 6 ], "texture": "#cobblestone" },
        "north": { "uv": [ 10, 2, 12, 8 ], "texture": "#cobblestone" },
        "south": { "uv": [ 4, 2, 6, 8 ], "texture": "#cobblestone", "cullface": "south" },
        "east":  { "uv": [ 0, 2, 10, 8 ], "texture": "#cobblestone" }
    }
},
{
    "from": [ 6, 10, 8 ],
    "to": [ 8, 14, 16 ],
    "faces": {
        "down":  { "uv": [ 10, 16, 8, 8 ], "texture": "#cobblestone" },
        "north": { "uv": [ 8, 2, 10, 6 ], "texture": "#cobblestone" },
        "south": { "uv": [ 6, 2, 8, 6 ], "texture": "#cobblestone", "cullface": "south" },
        "east":  { "uv": [ 0, 2, 8, 6 ], "texture": "#cobblestone" }
    }
},
{
    "from": [ 8, 12, 12 ],
    "to": [ 10, 14, 16 ],
    "faces": {
        "down":  { "uv": [ 8, 16, 6, 12 ], "texture": "#cobblestone" },
        "south": { "uv": [ 8, 2, 10, 4 ], "texture": "#cobblestone", "cullface": "south" },
        "east":  { "uv": [ 0, 2, 4, 4 ], "texture": "#cobblestone" }
    }
}
]
}