{
"_comment": "Designed by tomaxed with Cubik",
"textures": {
	"particle": "blocks/planks_oak",
    "top": "blocks/crafting_table_top",
    "front": "blocks/crafting_table_front",
    "side": "blocks/crafting_table_side",
    "bottom": "blocks/planks_oak"
},
"elements": [ 
{
    "from": [ 0, 12, 0 ],
    "to": [ 16, 16, 16 ],
    "faces": {
        "down":  { "uv": [ 16, 16, 0, 0 ], "texture": "#bottom" },
        "up":    { "uv": [ 0, 0, 16, 16 ], "texture": "#top", "cullface": "up" },
        "north": { "uv": [ 0, 0, 16, 4 ], "texture": "#front", "cullface": "north" },
        "south": { "uv": [ 0, 0, 16, 4 ], "texture": "#front", "cullface": "south" },
        "west":  { "uv": [ 0, 0, 16, 4 ], "texture": "#side", "cullface": "west" },
        "east":  { "uv": [ 0, 0, 16, 4 ], "texture": "#side", "cullface": "east" }
    }
},
{
    "from": [ 0, 1, 0 ],
    "to": [ 4, 12, 4 ],
    "faces": {
        "north": { "uv": [ 12, 4, 16, 15 ], "texture": "#front", "cullface": "north" },
        "south": { "uv": [ 0, 4, 4, 15 ], "texture": "#front" },
        "west":  { "uv": [ 0, 4, 4, 15 ], "texture": "#side", "cullface": "west" },
        "east":  { "uv": [ 12, 4, 16, 15 ], "texture": "#side" }
    }
},
{
    "from": [ 12, 1, 0 ],
    "to": [ 16, 12, 4 ],
    "faces": {
        "north": { "uv": [ 0, 4, 4, 15 ], "texture": "#front", "cullface": "north" },
        "south": { "uv": [ 12, 4, 16, 15 ], "texture": "#front" },
        "west":  { "uv": [ 0, 4, 4, 15 ], "texture": "#side" },
        "east":  { "uv": [ 12, 4, 16, 15 ], "texture": "#side", "cullface": "east" }
    }
},
{
    "from": [ 12, 1, 12 ],
    "to": [ 16, 12, 16 ],
    "faces": {
        "north": { "uv": [ 0, 4, 4, 15 ], "texture": "#front" },
        "south": { "uv": [ 12, 4, 16, 15 ], "texture": "#front", "cullface": "south" },
        "west":  { "uv": [ 12, 4, 16, 15 ], "texture": "#side" },
        "east":  { "uv": [ 0, 4, 4, 15 ], "texture": "#side", "cullface": "east" }
    }
},
{
    "from": [ 0, 1, 12 ],
    "to": [ 4, 12, 16 ],
    "faces": {
        "north": { "uv": [ 12, 4, 16, 15 ], "texture": "#front" },
        "south": { "uv": [ 0, 4, 4, 15 ], "texture": "#front", "cullface": "south" },
        "west":  { "uv": [ 12, 4, 16, 15 ], "texture": "#side", "cullface": "west" },
        "east":  { "uv": [ 0, 4, 4, 15 ], "texture": "#side" }
    }
},
{
    "from": [ 1, 1, 4 ],
    "to": [ 15, 12, 12 ],
    "faces": {
        "north": { "uv": [ 1, 4, 15, 15 ], "texture": "#front" },
        "south": { "uv": [ 1, 4, 15, 15 ], "texture": "#front" },
        "west":  { "uv": [ 4, 4, 12, 15 ], "texture": "#side" },
        "east":  { "uv": [ 4, 4, 12, 15 ], "texture": "#side" }
    }
},
{
    "from": [ 0, 0, 0 ],
    "to": [ 16, 1, 16 ],
    "faces": {
        "down":  { "uv": [ 16, 16, 0, 0 ], "texture": "#bottom", "cullface": "down" },
        "up":    { "uv": [ 0, 0, 16, 16 ], "texture": "#bottom" },
        "north": { "uv": [ 0, 15, 16, 16 ], "texture": "#front", "cullface": "north" },
        "south": { "uv": [ 0, 15, 16, 16 ], "texture": "#front", "cullface": "south" },
        "west":  { "uv": [ 0, 15, 16, 16 ], "texture": "#side", "cullface": "west" },
        "east":  { "uv": [ 0, 15, 16, 16 ], "texture": "#side", "cullface": "east" }
    }
},
{
    "from": [ 4, 1, 1 ],
    "to": [ 12, 12, 4 ],
    "faces": {
        "north": { "uv": [ 4, 4, 12, 15 ], "texture": "#front" }
    }
},
{
    "from": [ 4, 1, 12 ],
    "to": [ 12, 12, 15 ],
    "faces": {
        "south": { "uv": [ 4, 4, 12, 15 ], "texture": "#front" }
    }
},
{
    "__comment": "Rescale side",
    "from": [ 5, 16, 0 ],
    "to": [ 11, 16.5, 1 ],
    "faces": {
        "up":    { "uv": [ 5, 0, 11, 1 ], "texture": "#top", "cullface": "up" },
        "north": { "uv": [ 5, 0.5, 11, 0.5 ], "texture": "#top", "cullface": "up" },
        "west":  { "uv": [ 5, 0.5, 6, 0.5 ], "texture": "#top", "cullface": "up" },
        "east":  { "uv": [ 10, 0.5, 11, 0.5 ], "texture": "#top", "cullface": "up" }
    }
},
{
    "from": [ 4, 16, 1 ],
    "to": [ 12, 16.5, 2 ],
    "faces": {
        "up":    { "uv": [ 4, 1, 12, 2 ], "texture": "#top", "cullface": "up" },
        "north": { "uv": [ 4, 1.5, 12, 1.5 ], "texture": "#top", "cullface": "up" },
        "west":  { "uv": [ 4, 1.5, 5, 1.5 ], "texture": "#top", "cullface": "up" },
        "east":  { "uv": [ 11, 1.5, 12, 1.5 ], "texture": "#top", "cullface": "up" }
    }
},
{
    "from": [ 3, 16, 2 ],
    "to": [ 13, 16.5, 3 ],
    "faces": {
        "up":    { "uv": [ 3, 2, 13, 3 ], "texture": "#top", "cullface": "up" },
        "north": { "uv": [ 3, 2.5, 13, 2.5 ], "texture": "#top", "cullface": "up" },
        "west":  { "uv": [ 3, 2.5, 4, 2.5 ], "texture": "#top", "cullface": "up" },
        "east":  { "uv": [ 12, 2.5, 13, 2.5 ], "texture": "#top", "cullface": "up" }
    }
},
{
    "from": [ 2, 16, 3 ],
    "to": [ 14, 16.5, 4 ],
    "faces": {
        "up":    { "uv": [ 2, 3, 14, 4 ], "texture": "#top", "cullface": "up" },
        "north": { "uv": [ 2, 3.5, 14, 3.5 ], "texture": "#top", "cullface": "up" },
        "south": { "uv": [ 2, 3.5, 14, 3.5 ], "texture": "#top", "cullface": "up" },
        "west":  { "uv": [ 2, 3.5, 3, 3.5 ], "texture": "#top", "cullface": "up" },
        "east":  { "uv": [ 13, 3.5, 14, 3.5 ], "texture": "#top", "cullface": "up" }
    }
},
{
    "__comment": "Rescale side",
    "from": [ 5, 16, 15 ],
    "to": [ 11, 16.5, 16 ],
    "faces": {
        "up":    { "uv": [ 5, 0, 11, 1 ], "texture": "#top", "cullface": "up" },
        "south": { "uv": [ 5, 0.5, 11, 0.5 ], "texture": "#top", "cullface": "up" },
        "west":  { "uv": [ 5, 0.5, 6, 0.5 ], "texture": "#top", "cullface": "up" },
        "east":  { "uv": [ 10, 0.5, 11, 0.5 ], "texture": "#top", "cullface": "up" }
    }
},
{
    "from": [ 4, 16, 14 ],
    "to": [ 12, 16.5, 15 ],
    "faces": {
        "up":    { "uv": [ 4, 1, 12, 2 ], "texture": "#top", "cullface": "up" },
        "south": { "uv": [ 4, 1.5, 12, 1.5 ], "texture": "#top", "cullface": "up" },
        "west":  { "uv": [ 4, 1.5, 5, 1.5 ], "texture": "#top", "cullface": "up" },
        "east":  { "uv": [ 11, 1.5, 12, 1.5 ], "texture": "#top", "cullface": "up" }
    }
},
{
    "from": [ 3, 16, 13 ],
    "to": [ 13, 16.5, 14 ],
    "faces": {
        "up":    { "uv": [ 3, 2, 13, 3 ], "texture": "#top", "cullface": "up" },
        "south": { "uv": [ 3, 2.5, 13, 2.5 ], "texture": "#top", "cullface": "up" },
        "west":  { "uv": [ 3, 2.5, 4, 2.5 ], "texture": "#top", "cullface": "up" },
        "east":  { "uv": [ 12, 2.5, 13, 2.5 ], "texture": "#top", "cullface": "up" }
    }
},
{
    "from": [ 2, 16, 12 ],
    "to": [ 14, 16.5, 13 ],
    "faces": {
        "up":    { "uv": [ 2, 3, 14, 4 ], "texture": "#top", "cullface": "up" },
        "north": { "uv": [ 2, 3.5, 14, 3.5 ], "texture": "#top", "cullface": "up" },
        "south": { "uv": [ 2, 3.5, 14, 3.5 ], "texture": "#top", "cullface": "up" },
        "west":  { "uv": [ 2, 3.5, 3, 3.5 ], "texture": "#top", "cullface": "up" },
        "east":  { "uv": [ 13, 3.5, 14, 3.5 ], "texture": "#top", "cullface": "up" }
    }
},
{
    "__comment": "Rescale side",
    "from": [ 0, 16, 5 ],
    "to": [ 1, 16.5, 11 ],
    "faces": {
        "up":    { "uv": [ 0, 5, 1, 11 ], "texture": "#top", "cullface": "up" },
        "north": { "uv": [ 10, 0.5, 11, 0.5 ], "texture": "#top", "cullface": "up" },
        "south": { "uv": [ 5, 0.5, 6, 0.5 ], "texture": "#top", "cullface": "up" },
        "west":  { "uv": [ 5, 0.5, 11, 0.5 ], "texture": "#top", "cullface": "up" }
    }
},
{
    "from": [ 1, 16, 4 ],
    "to": [ 4, 16.5, 12 ],
    "faces": {
        "up":    { "uv": [ 1, 4, 4, 12 ], "texture": "#top", "cullface": "up" },
        "north": { "uv": [ 9, 1.5, 12, 1.5 ], "texture": "#top", "cullface": "up" },
        "south": { "uv": [ 4, 1.5, 7, 1.5 ], "texture": "#top", "cullface": "up" },
        "west":  { "uv": [ 4, 1.5, 12, 1.5 ], "texture": "#top", "cullface": "up" },
        "east":  { "uv": [ 4, 1.5, 12, 1.5 ], "texture": "#top", "cullface": "up" }
    }
},
{
    "from": [ 12, 16, 4 ],
    "to": [ 15, 16.5, 12 ],
    "faces": {
        "up":    { "uv": [ 1, 4, 4, 12 ], "texture": "#top", "cullface": "up" },
        "north": { "uv": [ 9, 1.5, 12, 1.5 ], "texture": "#top", "cullface": "up" },
        "south": { "uv": [ 4, 1.5, 7, 1.5 ], "texture": "#top", "cullface": "up" },
        "west":  { "uv": [ 4, 1.5, 12, 1.5 ], "texture": "#top", "cullface": "up" },
        "east":  { "uv": [ 4, 1.5, 12, 1.5 ], "texture": "#top", "cullface": "up" }
    }
},
{
    "__comment": "Rescale side",
    "from": [ 15, 16, 5 ],
    "to": [ 16, 16.5, 11 ],
    "faces": {
        "up":    { "uv": [ 0, 5, 1, 11 ], "texture": "#top", "cullface": "up" },
        "north": { "uv": [ 10, 0.5, 11, 0.5 ], "texture": "#top", "cullface": "up" },
        "south": { "uv": [ 5, 0.5, 6, 0.5 ], "texture": "#top", "cullface": "up" },
        "east":  { "uv": [ 5, 0.5, 11, 0.5 ], "texture": "#top", "cullface": "up" }
    }
},
{
    "from": [ 4, 16, 6 ],
    "to": [ 12, 16.5, 7 ],
    "faces": {
        "up":    { "uv": [ 4, 6, 12, 7 ], "texture": "#top", "cullface": "up" },
        "north": { "uv": [ 4, 1.5, 12, 1.5 ], "texture": "#top", "cullface": "up" },
        "south": { "uv": [ 4, 1.5, 12, 1.5 ], "texture": "#top", "cullface": "up" }
    }
},
{
    "from": [ 4, 16, 9 ],
    "to": [ 12, 16.5, 10 ],
    "faces": {
        "up":    { "uv": [ 4, 9, 12, 10 ], "texture": "#top", "cullface": "up" },
        "north": { "uv": [ 4, 1.5, 12, 1.5 ], "texture": "#top", "cullface": "up" },
        "south": { "uv": [ 4, 1.5, 12, 1.5 ], "texture": "#top", "cullface": "up" }
    }
},
{
    "from": [ 6, 16, 4 ],
    "to": [ 7, 16.5, 12 ],
    "faces": {
        "up":    { "uv": [ 6, 4, 7, 12 ], "texture": "#top", "cullface": "up" },
        "west":  { "uv": [ 4, 1.5, 12, 1.5 ], "texture": "#top", "cullface": "up" },
        "east":  { "uv": [ 4, 1.5, 12, 1.5 ], "texture": "#top", "cullface": "up" }
    }
},
{
    "from": [ 9, 16, 4 ],
    "to": [ 10, 16.5, 12 ],
    "faces": {
        "up":    { "uv": [ 9, 4, 10, 12 ], "texture": "#top", "cullface": "up" },
        "west":  { "uv": [ 4, 1.5, 12, 1.5 ], "texture": "#top", "cullface": "up" },
        "east":  { "uv": [ 4, 1.5, 12, 1.5 ], "texture": "#top", "cullface": "up" }
    }
},
{
    "__comment": "Rescale up",
    "from": [ -0.5, 15, 6 ],
    "to": [ 0, 16, 10 ],
    "faces": {
        "down":  { "uv": [ 15.5, 10, 15.5, 6 ], "texture": "#top", "cullface": "west" },
        "up":    { "uv": [ 0.5, 6, 0.5, 10 ], "texture": "#top", "cullface": "west" },
        "north": { "uv": [ 15.5, 5, 15.5, 6 ], "texture": "#top", "cullface": "west" },
        "south": { "uv": [ 0.5, 5, 0.5, 6 ], "texture": "#top", "cullface": "west" },
        "west":  { "uv": [ 6, 0, 10, 1 ], "texture": "#top", "cullface": "west" }
    }
},
{
    "from": [ -0.5, 14, 7 ],
    "to": [ 0, 15, 9 ],
    "faces": {
        "down":  { "uv": [ 15.5, 9, 15.5, 7 ], "texture": "#top", "cullface": "west" },
        "north": { "uv": [ 15.5, 5, 15.5, 6 ], "texture": "#top", "cullface": "west" },
        "south": { "uv": [ 0.5, 5, 0.5, 6 ], "texture": "#top", "cullface": "west" },
        "west":  { "uv": [ 7, 1, 9, 2 ], "texture": "#top", "cullface": "west" }
    }
},
{
    "__comment": "Rescale up",
    "from": [ 16, 15, 6 ],
    "to": [ 16.5, 16, 10 ],
    "faces": {
        "down":  { "uv": [ 0.5, 6, 0.5, 10 ], "texture": "#top", "cullface": "east" },
        "up":    { "uv": [ 15.5, 10, 15.5, 6 ], "texture": "#top", "cullface": "east" },
        "north": { "uv": [ 0.5, 5, 0.5, 6 ], "texture": "#top", "cullface": "east" },
        "south": { "uv": [ 15.5, 5, 15.5, 6 ], "texture": "#top", "cullface": "east" },
        "east":  { "uv": [ 6, 0, 10, 1 ], "texture": "#top", "cullface": "east" }
    }
},
{
    "from": [ 16, 14, 7 ],
    "to": [ 16.5, 15, 9 ],
    "faces": {
        "down":  { "uv": [ 0.5, 7, 0.5, 9 ], "texture": "#top", "cullface": "east" },
        "north": { "uv": [ 0.5, 5, 0.5, 6 ], "texture": "#top", "cullface": "east" },
        "south": { "uv": [ 15.5, 5, 15.5, 6 ], "texture": "#top", "cullface": "east" },
        "east":  { "uv": [ 7, 1, 9, 2 ], "texture": "#top", "cullface": "east" }
    }
},
{
    "from": [ 7, 14, 16 ],
    "to": [ 9, 15, 16.5 ],
    "faces": {
        "down":  { "uv": [ 9, 14.5, 7, 14.5 ], "texture": "#top", "cullface": "south" },
        "south": { "uv": [ 7, 1, 9, 2 ], "texture": "#top", "cullface": "south" },
        "west":  { "uv": [ 11.5, 1, 11.5, 2 ], "texture": "#top", "cullface": "south" },
        "east":  { "uv": [ 4.5, 1, 4.5, 2 ], "texture": "#top", "cullface": "south" }
    }
},
{
    "__comment": "Rescale up",
    "from": [ 6, 15, 16 ],
    "to": [ 10, 16, 16.5 ],
    "faces": {
        "down":  { "uv": [ 10, 15.5, 6, 15.5 ], "texture": "#top", "cullface": "south" },
        "up":    { "uv": [ 6, 15.5, 10, 15.5 ], "texture": "#top", "cullface": "south" },
        "south": { "uv": [ 6, 0, 10, 1 ], "texture": "#top", "cullface": "south" },
        "west":  { "uv": [ 10.5, 0, 10.5, 1 ], "texture": "#top", "cullface": "south" },
        "east":  { "uv": [ 5.5, 0, 5.5, 1 ], "texture": "#top", "cullface": "south" }
    }
},
{
    "from": [ 7, 14, -0.5 ],
    "to": [ 9, 15, 0 ],
    "faces": {
        "down":  { "uv": [ 7, 14.5, 9, 14.5 ], "texture": "#top", "cullface": "north" },
        "north": { "uv": [ 7, 1, 9, 2 ], "texture": "#top", "cullface": "north" },
        "west":  { "uv": [ 4.5, 1, 4.5, 2 ], "texture": "#top", "cullface": "north" },
        "east":  { "uv": [ 11.5, 1, 11.5, 2 ], "texture": "#top", "cullface": "north" }
    }
},
{
    "__comment": "Rescale up",
    "from": [ 6, 15, -0.5 ],
    "to": [ 10, 16, 0 ],
    "faces": {
        "down":  { "uv": [ 6, 15.5, 10, 15.5 ], "texture": "#top", "cullface": "north" },
        "up":    { "uv": [ 10, 15.5, 6, 15.5 ], "texture": "#top", "cullface": "north" },
        "north": { "uv": [ 6, 0, 10, 1 ], "texture": "#top", "cullface": "north" },
        "west":  { "uv": [ 5.5, 0, 5.5, 1 ], "texture": "#top", "cullface": "north" },
        "east":  { "uv": [ 10.5, 0, 10.5, 1 ], "texture": "#top", "cullface": "north" }
    }
}
],
    "display": {
        "gui": {
            "rotation": [ 30, 225, 0 ],
            "translation": [ 0, 0, 0],
            "scale":[ 0.625, 0.625, 0.625 ]
        },
        "ground": {
            "rotation": [ 0, 0, 0 ],
            "translation": [ 0, 3, 0],
            "scale":[ 0.25, 0.25, 0.25 ]
        },
        "fixed": {
            "rotation": [ 0, 0, 0 ],
            "translation": [ 0, 0, 0],
            "scale":[ 0.5, 0.5, 0.5 ]
        },
        "thirdperson_righthand": {
            "rotation": [ 75, 45, 0 ],
            "translation": [ 0, 2.5, 0],
            "scale": [ 0.375, 0.375, 0.375 ]
        },
        "firstperson_righthand": {
            "rotation": [ 0, 45, 0 ],
            "translation": [ 0, 0, 0 ],
            "scale": [ 0.40, 0.40, 0.40 ]
        },
        "firstperson_lefthand": {
            "rotation": [ 0, 225, 0 ],
            "translation": [ 0, 0, 0 ],
            "scale": [ 0.40, 0.40, 0.40 ]
        }
    }
}