{
"__comment": "Designed by tomaxed with Cubik Pro",
"textures": {
    "full": "blocks/leaves_big_oak_bush_opaque",
    "cross": "blocks/leaves_big_oak_bush_side",
	"top": "blocks/leaves_big_oak_bush_top",
	"particle": "blocks/leaves_big_oak"
},
"elements": [ 
    {"from": [ 0, 0, 0 ],
    "to": [ 16, 16, 16 ],
    "faces": {
        "down":  { "uv": [ 16, 16, 0, 0 ], "texture": "#full", "tintindex": 0, "cullface": "down" },
        "up":    { "uv": [ 0, 0, 16, 16 ], "texture": "#full", "tintindex": 0, "cullface": "up" },
        "north": { "uv": [ 0, 0, 16, 16 ], "texture": "#full", "tintindex": 0, "cullface": "north" },
        "south": { "uv": [ 0, 0, 16, 16 ], "texture": "#full", "tintindex": 0, "cullface": "south" },
        "west":  { "uv": [ 0, 0, 16, 16 ], "texture": "#full", "tintindex": 0, "cullface": "west" },
        "east":  { "uv": [ 0, 0, 16, 16 ], "texture": "#full", "tintindex": 0, "cullface": "east" }
			}
	},
	{   "from": [ 0.8, 0, 8 ],
            "to": [ 15.2, 16, 8 ],
            "rotation": { "origin": [ 8, 8, 8 ], "axis": "y", "angle": 45, "rescale": true },
            "shade": false,
            "faces": {
                "north": { "uv": [ 16, 0, 0, 16 ], "texture": "#cross", "tintindex": 0 },
                "south": { "uv": [ 0, 0, 16, 16 ], "texture": "#cross", "tintindex": 0 }
            }
        },
        {   "from": [ 8, 0, 0.8 ],
            "to": [ 8, 16, 15.2 ],
            "rotation": { "origin": [ 8, 8, 8 ], "axis": "y", "angle": 45, "rescale": true },
            "shade": false,
            "faces": {
                "west": { "uv": [ 0, 0, 16, 16 ], "texture": "#cross", "tintindex": 0 },
                "east": { "uv": [ 16, 0, 0, 16 ], "texture": "#cross", "tintindex": 0 }
            }
        },
		{   "from": [0, 12, 0],
            "to": [16, 12, 16],
            "shade": true,
            "faces": {
                "up": { "texture": "#top", "tintindex": 0 }
            }
        },
		{   "from": [0, 4, 0],
            "to": [16, 4, 16],
            "shade": true,
            "faces": {
                "up": { "texture": "#top", "tintindex": 0 },
                "down": {"texture": "#top", "tintindex": 0 }
            }
        }
]
}