{
"__comment": "Designed by tomaxed with Cubik",
"textures": {
    "particle": "blocks/enchanting_table_side",
    "bottom": "blocks/obsidian",
    "top": "blocks/enchanting_table_top",
    "anim": "blocks/enchanting_table_side_anim",
    "side": "blocks/enchanting_table_side"
},
"elements": [ 
{
    "from": [ 9, 0, 9 ],
    "to": [ 16, 12, 16 ],
    "faces": {
        "up":    { "uv": [ 9, 9, 16, 16 ], "texture": "#top" },
        "north": { "uv": [ 9, 4, 16, 16 ], "texture": "#anim" },
        "south": { "uv": [ 9, 4, 16, 16 ], "texture": "#side", "cullface": "south" },
        "west":  { "uv": [ 0, 4, 7, 16 ], "texture": "#anim" },
        "east":  { "uv": [ 0, 4, 7, 16 ], "texture": "#side", "cullface": "east" }
    }
},
{
    "from": [ 0, 0, 9 ],
    "to": [ 7, 12, 16 ],
    "faces": {
        "up":    { "uv": [ 0, 9, 7, 16 ], "texture": "#top" },
        "north": { "uv": [ 0, 4, 7, 16 ], "texture": "#anim" },
        "south": { "uv": [ 0, 4, 7, 16 ], "texture": "#side", "cullface": "south" },
        "west":  { "uv": [ 9, 4, 16, 16 ], "texture": "#side", "cullface": "west" },
        "east":  { "uv": [ 9, 4, 16, 16 ], "texture": "#anim" }
    }
},
{
    "from": [ 9, 0, 0 ],
    "to": [ 16, 12, 7 ],
    "faces": {
        "up":    { "uv": [ 9, 0, 16, 7 ], "texture": "#top" },
        "north": { "uv": [ 0, 4, 7, 16 ], "texture": "#side", "cullface": "north" },
        "south": { "uv": [ 0, 4, 7, 16 ], "texture": "#anim" },
        "west":  { "uv": [ 9, 4, 16, 16 ], "texture": "#anim" },
        "east":  { "uv": [ 9, 4, 16, 16 ], "texture": "#side", "cullface": "east" }
    }
},
{
    "from": [ 0, 9, 0 ],
    "to": [ 16, 12, 16 ],
    "faces": {
        "down":  { "uv": [ 16, 16, 0, 0 ], "texture": "#top" },
        "up":    { "uv": [ 0, 0, 16, 16 ], "texture": "#top" },
        "north": { "uv": [ 0, 4, 16, 7 ], "texture": "#side", "cullface": "north" },
        "south": { "uv": [ 0, 4, 16, 7 ], "texture": "#side", "cullface": "south" },
        "west":  { "uv": [ 0, 4, 16, 7 ], "texture": "#side", "cullface": "west" },
        "east":  { "uv": [ 0, 4, 16, 7 ], "texture": "#side", "cullface": "east" }
    }
},
{
    "from": [ 1, 0, 1 ],
    "to": [ 15, 9, 15 ],
    "faces": {
        "north": { "uv": [ 1, 7, 15, 16 ], "texture": "#anim" },
        "south": { "uv": [ 1, 7, 15, 16 ], "texture": "#anim" },
        "west":  { "uv": [ 1, 7, 15, 16 ], "texture": "#anim" },
        "east":  { "uv": [ 1, 7, 15, 16 ], "texture": "#anim" }
    }
},
{
    "from": [ 0, 0, 0 ],
    "to": [ 7, 12, 7 ],
    "faces": {
        "up":    { "uv": [ 0, 0, 7, 7 ], "texture": "#top" },
        "north": { "uv": [ 9, 4, 16, 16 ], "texture": "#side", "cullface": "north" },
        "south": { "uv": [ 9, 4, 16, 16 ], "texture": "#anim" },
        "west":  { "uv": [ 0, 4, 7, 16 ], "texture": "#side", "cullface": "west" },
        "east":  { "uv": [ 0, 4, 7, 16 ], "texture": "#anim" }
    }
},
{
    "from": [ 0, 0.003, 0 ],
    "to": [ 16, 0.003, 16 ],
    "faces": {
        "down":  { "uv": [ 16, 16, 0, 0 ], "texture": "#bottom", "cullface": "up" },
        "up":    { "uv": [ 6, 7, 10, 11 ], "texture": "#anim", "cullface": "up" }
    }
}
],
"display": {
    "thirdperson_righthand": {
        "rotation": [ 75, 45, 0 ],
        "translation": [ 0, 2.5, 0 ],
        "scale": [ 0.5, 0.5, 0.5 ]
    },
    "ground": {
        "rotation": [ 0, 0, 0 ],
        "translation": [ 0, 3, 0 ],
        "scale": [ 0.25, 0.25, 0.25 ]
    },
    "firstperson_righthand": {
        "rotation": [ 0, 45, 0 ],
        "translation": [ 0, 0, 0 ],
        "scale": [ 0.4, 0.4, 0.4 ]
    },
    "gui": {
        "rotation": [ 30, 225, 0 ],
        "translation": [ 0, 0, 0 ],
        "scale": [ 0.625, 0.625, 0.625 ]
    }
}
}