{
"__comment": "Designed by tomaxed with Cubik",
"textures": {
    "texture": "blocks/enchanting_table_circle2"
},
"elements": [ 
{
    "__comment": "enchanting_table_circle2 x16",
    "from": [ 0, 0.1, -15 ],
    "to": [ 4, 0.1, -14 ],
    "faces": {
        "down":  { "uv": [ 0, 2, 4, 1 ], "texture": "#texture" },
        "up":    { "uv": [ 0, 1, 4, 2 ], "texture": "#texture" },
        "north": { "uv": [ 4, 1, 0, 2 ], "texture": "#texture" },
        "south": { "uv": [ 0, 2, 4, 1 ], "texture": "#texture" },
        "west":  { "uv": [ 0, 1, 1, 2 ], "rotation": 270, "texture": "#texture" },
        "east":  { "uv": [ 4, 1, 3, 2 ], "rotation": 90, "texture": "#texture" }
    }
},
{
    "__comment": "enchanting_table_circle2 x16",
    "from": [ 0, 0.1, -11 ],
    "to": [ 1, 0.1, -8 ],
    "faces": {
        "down":  { "uv": [ 0, 8, 1, 5 ], "texture": "#texture" },
        "up":    { "uv": [ 0, 5, 1, 8 ], "texture": "#texture" },
        "north": { "uv": [ 1, 5, 0, 6 ], "texture": "#texture" },
        "south": { "uv": [ 0, 8, 1, 7 ], "texture": "#texture" },
        "west":  { "uv": [ 0, 5, 1, 8 ], "rotation": 270, "texture": "#texture" },
        "east":  { "uv": [ 1, 5, 0, 8 ], "rotation": 90, "texture": "#texture" }
    }
},
{
    "__comment": "enchanting_table_circle2 x16",
    "from": [ 0, 0.1, -4 ],
    "to": [ 3, 0.1, -3 ],
    "faces": {
        "down":  { "uv": [ 0, 13, 3, 12 ], "texture": "#texture" },
        "up":    { "uv": [ 0, 12, 3, 13 ], "texture": "#texture" },
        "north": { "uv": [ 3, 12, 0, 13 ], "texture": "#texture" },
        "south": { "uv": [ 0, 13, 3, 12 ], "texture": "#texture" },
        "west":  { "uv": [ 0, 12, 1, 13 ], "rotation": 270, "texture": "#texture" },
        "east":  { "uv": [ 3, 12, 2, 13 ], "rotation": 90, "texture": "#texture" }
    }
},
{
    "__comment": "enchanting_table_circle2 x16",
    "from": [ 1, 0.1, -12 ],
    "to": [ 5, 0.1, -11 ],
    "faces": {
        "down":  { "uv": [ 1, 5, 5, 4 ], "texture": "#texture" },
        "up":    { "uv": [ 1, 4, 5, 5 ], "texture": "#texture" },
        "north": { "uv": [ 5, 4, 1, 5 ], "texture": "#texture" },
        "south": { "uv": [ 1, 5, 5, 4 ], "texture": "#texture" },
        "west":  { "uv": [ 1, 4, 2, 5 ], "rotation": 270, "texture": "#texture" },
        "east":  { "uv": [ 5, 4, 4, 5 ], "rotation": 90, "texture": "#texture" }
    }
},
{
    "__comment": "enchanting_table_circle2 x16",
    "from": [ 1, 0.1, -8 ],
    "to": [ 2, 0.1, -5 ],
    "faces": {
        "down":  { "uv": [ 1, 11, 2, 8 ], "texture": "#texture" },
        "up":    { "uv": [ 1, 8, 2, 11 ], "texture": "#texture" },
        "north": { "uv": [ 2, 8, 1, 9 ], "texture": "#texture" },
        "south": { "uv": [ 1, 11, 2, 10 ], "texture": "#texture" },
        "west":  { "uv": [ 1, 8, 2, 11 ], "rotation": 270, "texture": "#texture" },
        "east":  { "uv": [ 2, 8, 1, 11 ], "rotation": 90, "texture": "#texture" }
    }
},
{
    "__comment": "enchanting_table_circle2 x16",
    "from": [ 2, 0.1, -5 ],
    "to": [ 5, 0.1, -4 ],
    "faces": {
        "down":  { "uv": [ 2, 12, 5, 11 ], "texture": "#texture" },
        "up":    { "uv": [ 2, 11, 5, 12 ], "texture": "#texture" },
        "north": { "uv": [ 5, 11, 2, 12 ], "texture": "#texture" },
        "south": { "uv": [ 2, 12, 5, 11 ], "texture": "#texture" },
        "west":  { "uv": [ 2, 11, 3, 12 ], "rotation": 270, "texture": "#texture" },
        "east":  { "uv": [ 5, 11, 4, 12 ], "rotation": 90, "texture": "#texture" }
    }
},
{
    "__comment": "enchanting_table_circle2 x16",
    "from": [ 3, 0.1, -8 ],
    "to": [ 4, 0.1, -7 ],
    "faces": {
        "down":  { "uv": [ 3, 9, 4, 8 ], "texture": "#texture" },
        "up":    { "uv": [ 3, 8, 4, 9 ], "texture": "#texture" },
        "north": { "uv": [ 4, 8, 3, 9 ], "texture": "#texture" },
        "south": { "uv": [ 3, 9, 4, 8 ], "texture": "#texture" },
        "west":  { "uv": [ 3, 8, 4, 9 ], "rotation": 270, "texture": "#texture" },
        "east":  { "uv": [ 4, 8, 3, 9 ], "rotation": 90, "texture": "#texture" }
    }
},
{
    "__comment": "enchanting_table_circle2 x16",
    "from": [ 3, 0.1, -3 ],
    "to": [ 4, 0.1, -1 ],
    "faces": {
        "down":  { "uv": [ 3, 15, 4, 13 ], "texture": "#texture" },
        "up":    { "uv": [ 3, 13, 4, 15 ], "texture": "#texture" },
        "north": { "uv": [ 4, 13, 3, 14 ], "texture": "#texture" },
        "south": { "uv": [ 3, 15, 4, 14 ], "texture": "#texture" },
        "west":  { "uv": [ 3, 13, 4, 15 ], "rotation": 270, "texture": "#texture" },
        "east":  { "uv": [ 4, 13, 3, 15 ], "rotation": 90, "texture": "#texture" }
    }
},
{
    "__comment": "enchanting_table_circle2 x16",
    "from": [ 4, 0.1, -16 ],
    "to": [ 12, 0.1, -15 ],
    "faces": {
        "down":  { "uv": [ 4, 1, 12, 0 ], "texture": "#texture" },
        "up":    { "uv": [ 4, 0, 12, 1 ], "texture": "#texture" },
        "north": { "uv": [ 12, 0, 4, 1 ], "texture": "#texture" },
        "south": { "uv": [ 4, 1, 12, 0 ], "texture": "#texture" },
        "west":  { "uv": [ 4, 0, 5, 1 ], "rotation": 270, "texture": "#texture" },
        "east":  { "uv": [ 12, 0, 11, 1 ], "rotation": 90, "texture": "#texture" }
    }
},
{
    "__comment": "enchanting_table_circle2 x16",
    "from": [ 4, 0.1, -9 ],
    "to": [ 6, 0.1, -8 ],
    "faces": {
        "down":  { "uv": [ 4, 8, 6, 7 ], "texture": "#texture" },
        "up":    { "uv": [ 4, 7, 6, 8 ], "texture": "#texture" },
        "north": { "uv": [ 6, 7, 4, 8 ], "texture": "#texture" },
        "south": { "uv": [ 4, 8, 6, 7 ], "texture": "#texture" },
        "west":  { "uv": [ 4, 7, 5, 8 ], "rotation": 270, "texture": "#texture" },
        "east":  { "uv": [ 6, 7, 5, 8 ], "rotation": 90, "texture": "#texture" }
    }
},
{
    "__comment": "enchanting_table_circle2 x16",
    "from": [ 4, 0.1, -1 ],
    "to": [ 5, 0.1, 0 ],
    "faces": {
        "down":  { "uv": [ 4, 16, 5, 15 ], "texture": "#texture" },
        "up":    { "uv": [ 4, 15, 5, 16 ], "texture": "#texture" },
        "north": { "uv": [ 5, 15, 4, 16 ], "texture": "#texture" },
        "south": { "uv": [ 4, 16, 5, 15 ], "texture": "#texture" },
        "west":  { "uv": [ 4, 15, 5, 16 ], "rotation": 270, "texture": "#texture" },
        "east":  { "uv": [ 5, 15, 4, 16 ], "rotation": 90, "texture": "#texture" }
    }
},
{
    "__comment": "enchanting_table_circle2 x16",
    "from": [ 5, 0.1, -13 ],
    "to": [ 11, 0.1, -12 ],
    "faces": {
        "down":  { "uv": [ 5, 4, 11, 3 ], "texture": "#texture" },
        "up":    { "uv": [ 5, 3, 11, 4 ], "texture": "#texture" },
        "north": { "uv": [ 11, 3, 5, 4 ], "texture": "#texture" },
        "south": { "uv": [ 5, 4, 11, 3 ], "texture": "#texture" },
        "west":  { "uv": [ 5, 3, 6, 4 ], "rotation": 270, "texture": "#texture" },
        "east":  { "uv": [ 11, 3, 10, 4 ], "rotation": 90, "texture": "#texture" }
    }
},
{
    "__comment": "enchanting_table_circle2 x16",
    "from": [ 5, 0.1, -6 ],
    "to": [ 11, 0.1, -5 ],
    "faces": {
        "down":  { "uv": [ 5, 11, 11, 10 ], "texture": "#texture" },
        "up":    { "uv": [ 5, 10, 11, 11 ], "texture": "#texture" },
        "north": { "uv": [ 11, 10, 5, 11 ], "texture": "#texture" },
        "south": { "uv": [ 5, 11, 11, 10 ], "texture": "#texture" },
        "west":  { "uv": [ 5, 10, 6, 11 ], "rotation": 270, "texture": "#texture" },
        "east":  { "uv": [ 11, 10, 10, 11 ], "rotation": 90, "texture": "#texture" }
    }
},
{
    "__comment": "enchanting_table_circle2 x16",
    "from": [ 7, 0.1, -15 ],
    "to": [ 9, 0.1, -13 ],
    "faces": {
        "down":  { "uv": [ 7, 3, 9, 1 ], "texture": "#texture" },
        "up":    { "uv": [ 7, 1, 9, 3 ], "texture": "#texture" },
        "north": { "uv": [ 9, 1, 7, 2 ], "texture": "#texture" },
        "south": { "uv": [ 7, 3, 9, 2 ], "texture": "#texture" },
        "west":  { "uv": [ 7, 1, 8, 3 ], "rotation": 270, "texture": "#texture" },
        "east":  { "uv": [ 9, 1, 8, 3 ], "rotation": 90, "texture": "#texture" }
    }
},
{
    "__comment": "enchanting_table_circle2 x16",
    "from": [ 7, 0.1, -12 ],
    "to": [ 9, 0.1, -6 ],
    "faces": {
        "down":  { "uv": [ 7, 10, 9, 4 ], "texture": "#texture" },
        "up":    { "uv": [ 7, 4, 9, 10 ], "texture": "#texture" },
        "north": { "uv": [ 9, 4, 7, 5 ], "texture": "#texture" },
        "south": { "uv": [ 7, 10, 9, 9 ], "texture": "#texture" },
        "west":  { "uv": [ 7, 4, 8, 10 ], "rotation": 270, "texture": "#texture" },
        "east":  { "uv": [ 9, 4, 8, 10 ], "rotation": 90, "texture": "#texture" }
    }
},
{
    "__comment": "enchanting_table_circle2 x16",
    "from": [ 7, 0.1, -5 ],
    "to": [ 9, 0.1, 0 ],
    "faces": {
        "down":  { "uv": [ 7, 16, 9, 11 ], "texture": "#texture" },
        "up":    { "uv": [ 7, 11, 9, 16 ], "texture": "#texture" },
        "north": { "uv": [ 9, 11, 7, 12 ], "texture": "#texture" },
        "south": { "uv": [ 7, 16, 9, 15 ], "texture": "#texture" },
        "west":  { "uv": [ 7, 11, 8, 16 ], "rotation": 270, "texture": "#texture" },
        "east":  { "uv": [ 9, 11, 8, 16 ], "rotation": 90, "texture": "#texture" }
    }
},
{
    "__comment": "enchanting_table_circle2 x16",
    "from": [ 10, 0.1, -9 ],
    "to": [ 12, 0.1, -8 ],
    "faces": {
        "down":  { "uv": [ 10, 8, 12, 7 ], "texture": "#texture" },
        "up":    { "uv": [ 10, 7, 12, 8 ], "texture": "#texture" },
        "north": { "uv": [ 12, 7, 10, 8 ], "texture": "#texture" },
        "south": { "uv": [ 10, 8, 12, 7 ], "texture": "#texture" },
        "west":  { "uv": [ 10, 7, 11, 8 ], "rotation": 270, "texture": "#texture" },
        "east":  { "uv": [ 12, 7, 11, 8 ], "rotation": 90, "texture": "#texture" }
    }
},
{
    "__comment": "enchanting_table_circle2 x16",
    "from": [ 11, 0.1, -12 ],
    "to": [ 15, 0.1, -11 ],
    "faces": {
        "down":  { "uv": [ 11, 5, 15, 4 ], "texture": "#texture" },
        "up":    { "uv": [ 11, 4, 15, 5 ], "texture": "#texture" },
        "north": { "uv": [ 15, 4, 11, 5 ], "texture": "#texture" },
        "south": { "uv": [ 11, 5, 15, 4 ], "texture": "#texture" },
        "west":  { "uv": [ 11, 4, 12, 5 ], "rotation": 270, "texture": "#texture" },
        "east":  { "uv": [ 15, 4, 14, 5 ], "rotation": 90, "texture": "#texture" }
    }
},
{
    "__comment": "enchanting_table_circle2 x16",
    "from": [ 11, 0.1, -5 ],
    "to": [ 14, 0.1, -4 ],
    "faces": {
        "down":  { "uv": [ 11, 12, 14, 11 ], "texture": "#texture" },
        "up":    { "uv": [ 11, 11, 14, 12 ], "texture": "#texture" },
        "north": { "uv": [ 14, 11, 11, 12 ], "texture": "#texture" },
        "south": { "uv": [ 11, 12, 14, 11 ], "texture": "#texture" },
        "west":  { "uv": [ 11, 11, 12, 12 ], "rotation": 270, "texture": "#texture" },
        "east":  { "uv": [ 14, 11, 13, 12 ], "rotation": 90, "texture": "#texture" }
    }
},
{
    "__comment": "enchanting_table_circle2 x16",
    "from": [ 11, 0.1, -1 ],
    "to": [ 12, 0.1, 0 ],
    "faces": {
        "down":  { "uv": [ 11, 16, 12, 15 ], "texture": "#texture" },
        "up":    { "uv": [ 11, 15, 12, 16 ], "texture": "#texture" },
        "north": { "uv": [ 12, 15, 11, 16 ], "texture": "#texture" },
        "south": { "uv": [ 11, 16, 12, 15 ], "texture": "#texture" },
        "west":  { "uv": [ 11, 15, 12, 16 ], "rotation": 270, "texture": "#texture" },
        "east":  { "uv": [ 12, 15, 11, 16 ], "rotation": 90, "texture": "#texture" }
    }
},
{
    "__comment": "enchanting_table_circle2 x16",
    "from": [ 12, 0.1, -15 ],
    "to": [ 16, 0.1, -14 ],
    "faces": {
        "down":  { "uv": [ 12, 2, 16, 1 ], "texture": "#texture" },
        "up":    { "uv": [ 12, 1, 16, 2 ], "texture": "#texture" },
        "north": { "uv": [ 16, 1, 12, 2 ], "texture": "#texture" },
        "south": { "uv": [ 12, 2, 16, 1 ], "texture": "#texture" },
        "west":  { "uv": [ 12, 1, 13, 2 ], "rotation": 270, "texture": "#texture" },
        "east":  { "uv": [ 16, 1, 15, 2 ], "rotation": 90, "texture": "#texture" }
    }
},
{
    "__comment": "enchanting_table_circle2 x16",
    "from": [ 12, 0.1, -8 ],
    "to": [ 13, 0.1, -7 ],
    "faces": {
        "down":  { "uv": [ 12, 9, 13, 8 ], "texture": "#texture" },
        "up":    { "uv": [ 12, 8, 13, 9 ], "texture": "#texture" },
        "north": { "uv": [ 13, 8, 12, 9 ], "texture": "#texture" },
        "south": { "uv": [ 12, 9, 13, 8 ], "texture": "#texture" },
        "west":  { "uv": [ 12, 8, 13, 9 ], "rotation": 270, "texture": "#texture" },
        "east":  { "uv": [ 13, 8, 12, 9 ], "rotation": 90, "texture": "#texture" }
    }
},
{
    "__comment": "enchanting_table_circle2 x16",
    "from": [ 12, 0.1, -3 ],
    "to": [ 13, 0.1, -1 ],
    "faces": {
        "down":  { "uv": [ 12, 15, 13, 13 ], "texture": "#texture" },
        "up":    { "uv": [ 12, 13, 13, 15 ], "texture": "#texture" },
        "north": { "uv": [ 13, 13, 12, 14 ], "texture": "#texture" },
        "south": { "uv": [ 12, 15, 13, 14 ], "texture": "#texture" },
        "west":  { "uv": [ 12, 13, 13, 15 ], "rotation": 270, "texture": "#texture" },
        "east":  { "uv": [ 13, 13, 12, 15 ], "rotation": 90, "texture": "#texture" }
    }
},
{
    "__comment": "enchanting_table_circle2 x16",
    "from": [ 13, 0.1, -4 ],
    "to": [ 16, 0.1, -3 ],
    "faces": {
        "down":  { "uv": [ 13, 13, 16, 12 ], "texture": "#texture" },
        "up":    { "uv": [ 13, 12, 16, 13 ], "texture": "#texture" },
        "north": { "uv": [ 16, 12, 13, 13 ], "texture": "#texture" },
        "south": { "uv": [ 13, 13, 16, 12 ], "texture": "#texture" },
        "west":  { "uv": [ 13, 12, 14, 13 ], "rotation": 270, "texture": "#texture" },
        "east":  { "uv": [ 16, 12, 15, 13 ], "rotation": 90, "texture": "#texture" }
    }
},
{
    "__comment": "enchanting_table_circle2 x16",
    "from": [ 14, 0.1, -8 ],
    "to": [ 15, 0.1, -5 ],
    "faces": {
        "down":  { "uv": [ 14, 11, 15, 8 ], "texture": "#texture" },
        "up":    { "uv": [ 14, 8, 15, 11 ], "texture": "#texture" },
        "north": { "uv": [ 15, 8, 14, 9 ], "texture": "#texture" },
        "south": { "uv": [ 14, 11, 15, 10 ], "texture": "#texture" },
        "west":  { "uv": [ 14, 8, 15, 11 ], "rotation": 270, "texture": "#texture" },
        "east":  { "uv": [ 15, 8, 14, 11 ], "rotation": 90, "texture": "#texture" }
    }
},
{
    "__comment": "enchanting_table_circle2 x16",
    "from": [ 15, 0.1, -11 ],
    "to": [ 16, 0.1, -8 ],
    "faces": {
        "down":  { "uv": [ 15, 8, 16, 5 ], "texture": "#texture" },
        "up":    { "uv": [ 15, 5, 16, 8 ], "texture": "#texture" },
        "north": { "uv": [ 16, 5, 15, 6 ], "texture": "#texture" },
        "south": { "uv": [ 15, 8, 16, 7 ], "texture": "#texture" },
        "west":  { "uv": [ 15, 5, 16, 8 ], "rotation": 270, "texture": "#texture" },
        "east":  { "uv": [ 16, 5, 15, 8 ], "rotation": 90, "texture": "#texture" }
    }
}
]
}