{
"__comment": "Designed by tomaxed with Cubik",
"textures": {
    "texture": "blocks/enchanting_table_circle6"
},
"elements": [ 
{
    "__comment": "enchanting_table_circle6 x16",
    "from": [ 16, 0.1, 4 ],
    "to": [ 17, 0.1, 5 ],
    "faces": {
        "down":  { "uv": [ 0, 5, 1, 4 ], "texture": "#texture" },
        "up":    { "uv": [ 0, 4, 1, 5 ], "texture": "#texture" },
        "north": { "uv": [ 1, 4, 0, 5 ], "texture": "#texture" },
        "south": { "uv": [ 0, 5, 1, 4 ], "texture": "#texture" },
        "west":  { "uv": [ 0, 4, 1, 5 ], "rotation": 270, "texture": "#texture" },
        "east":  { "uv": [ 1, 4, 0, 5 ], "rotation": 90, "texture": "#texture" }
    }
},
{
    "__comment": "enchanting_table_circle6 x16",
    "from": [ 16, 0.1, 7 ],
    "to": [ 32, 0.1, 9 ],
    "faces": {
        "down":  { "uv": [ 0, 9, 16, 7 ], "texture": "#texture" },
        "up":    { "uv": [ 0, 7, 16, 9 ], "texture": "#texture" },
        "north": { "uv": [ 16, 7, 0, 8 ], "texture": "#texture" },
        "south": { "uv": [ 0, 9, 16, 8 ], "texture": "#texture" },
        "west":  { "uv": [ 0, 7, 1, 9 ], "rotation": 270, "texture": "#texture" },
        "east":  { "uv": [ 16, 7, 15, 9 ], "rotation": 90, "texture": "#texture" }
    }
},
{
    "__comment": "enchanting_table_circle6 x16",
    "from": [ 16, 0.1, 11 ],
    "to": [ 17, 0.1, 12 ],
    "faces": {
        "down":  { "uv": [ 0, 12, 1, 11 ], "texture": "#texture" },
        "up":    { "uv": [ 0, 11, 1, 12 ], "texture": "#texture" },
        "north": { "uv": [ 1, 11, 0, 12 ], "texture": "#texture" },
        "south": { "uv": [ 0, 12, 1, 11 ], "texture": "#texture" },
        "west":  { "uv": [ 0, 11, 1, 12 ], "rotation": 270, "texture": "#texture" },
        "east":  { "uv": [ 1, 11, 0, 12 ], "rotation": 90, "texture": "#texture" }
    }
},
{
    "__comment": "enchanting_table_circle6 x16",
    "from": [ 17, 0.1, 3 ],
    "to": [ 19, 0.1, 4 ],
    "faces": {
        "down":  { "uv": [ 1, 4, 3, 3 ], "texture": "#texture" },
        "up":    { "uv": [ 1, 3, 3, 4 ], "texture": "#texture" },
        "north": { "uv": [ 3, 3, 1, 4 ], "texture": "#texture" },
        "south": { "uv": [ 1, 4, 3, 3 ], "texture": "#texture" },
        "west":  { "uv": [ 1, 3, 2, 4 ], "rotation": 270, "texture": "#texture" },
        "east":  { "uv": [ 3, 3, 2, 4 ], "rotation": 90, "texture": "#texture" }
    }
},
{
    "__comment": "enchanting_table_circle6 x16",
    "from": [ 17, 0.1, 12 ],
    "to": [ 19, 0.1, 13 ],
    "faces": {
        "down":  { "uv": [ 1, 13, 3, 12 ], "texture": "#texture" },
        "up":    { "uv": [ 1, 12, 3, 13 ], "texture": "#texture" },
        "north": { "uv": [ 3, 12, 1, 13 ], "texture": "#texture" },
        "south": { "uv": [ 1, 13, 3, 12 ], "texture": "#texture" },
        "west":  { "uv": [ 1, 12, 2, 13 ], "rotation": 270, "texture": "#texture" },
        "east":  { "uv": [ 3, 12, 2, 13 ], "rotation": 90, "texture": "#texture" }
    }
},
{
    "__comment": "enchanting_table_circle6 x16",
    "from": [ 19, 0.1, 0 ],
    "to": [ 20, 0.1, 3 ],
    "faces": {
        "down":  { "uv": [ 3, 3, 4, 0 ], "texture": "#texture" },
        "up":    { "uv": [ 3, 0, 4, 3 ], "texture": "#texture" },
        "north": { "uv": [ 4, 0, 3, 1 ], "texture": "#texture" },
        "south": { "uv": [ 3, 3, 4, 2 ], "texture": "#texture" },
        "west":  { "uv": [ 3, 0, 4, 3 ], "rotation": 270, "texture": "#texture" },
        "east":  { "uv": [ 4, 0, 3, 3 ], "rotation": 90, "texture": "#texture" }
    }
},
{
    "__comment": "enchanting_table_circle6 x16",
    "from": [ 19, 0.1, 13 ],
    "to": [ 20, 0.1, 16 ],
    "faces": {
        "down":  { "uv": [ 3, 16, 4, 13 ], "texture": "#texture" },
        "up":    { "uv": [ 3, 13, 4, 16 ], "texture": "#texture" },
        "north": { "uv": [ 4, 13, 3, 14 ], "texture": "#texture" },
        "south": { "uv": [ 3, 16, 4, 15 ], "texture": "#texture" },
        "west":  { "uv": [ 3, 13, 4, 16 ], "rotation": 270, "texture": "#texture" },
        "east":  { "uv": [ 4, 13, 3, 16 ], "rotation": 90, "texture": "#texture" }
    }
},
{
    "__comment": "enchanting_table_circle6 x16",
    "from": [ 20, 0.1, 2 ],
    "to": [ 21, 0.1, 5 ],
    "faces": {
        "down":  { "uv": [ 4, 5, 5, 2 ], "texture": "#texture" },
        "up":    { "uv": [ 4, 2, 5, 5 ], "texture": "#texture" },
        "north": { "uv": [ 5, 2, 4, 3 ], "texture": "#texture" },
        "south": { "uv": [ 4, 5, 5, 4 ], "texture": "#texture" },
        "west":  { "uv": [ 4, 2, 5, 5 ], "rotation": 270, "texture": "#texture" },
        "east":  { "uv": [ 5, 2, 4, 5 ], "rotation": 90, "texture": "#texture" }
    }
},
{
    "__comment": "enchanting_table_circle6 x16",
    "from": [ 20, 0.1, 11 ],
    "to": [ 21, 0.1, 14 ],
    "faces": {
        "down":  { "uv": [ 4, 14, 5, 11 ], "texture": "#texture" },
        "up":    { "uv": [ 4, 11, 5, 14 ], "texture": "#texture" },
        "north": { "uv": [ 5, 11, 4, 12 ], "texture": "#texture" },
        "south": { "uv": [ 4, 14, 5, 13 ], "texture": "#texture" },
        "west":  { "uv": [ 4, 11, 5, 14 ], "rotation": 270, "texture": "#texture" },
        "east":  { "uv": [ 5, 11, 4, 14 ], "rotation": 90, "texture": "#texture" }
    }
},
{
    "__comment": "enchanting_table_circle6 x16",
    "from": [ 21, 0.1, 1 ],
    "to": [ 24, 0.1, 2 ],
    "faces": {
        "down":  { "uv": [ 5, 2, 8, 1 ], "texture": "#texture" },
        "up":    { "uv": [ 5, 1, 8, 2 ], "texture": "#texture" },
        "north": { "uv": [ 8, 1, 5, 2 ], "texture": "#texture" },
        "south": { "uv": [ 5, 2, 8, 1 ], "texture": "#texture" },
        "west":  { "uv": [ 5, 1, 6, 2 ], "rotation": 270, "texture": "#texture" },
        "east":  { "uv": [ 8, 1, 7, 2 ], "rotation": 90, "texture": "#texture" }
    }
},
{
    "__comment": "enchanting_table_circle6 x16",
    "from": [ 21, 0.1, 5 ],
    "to": [ 22, 0.1, 7 ],
    "faces": {
        "down":  { "uv": [ 5, 7, 6, 5 ], "texture": "#texture" },
        "up":    { "uv": [ 5, 5, 6, 7 ], "texture": "#texture" },
        "north": { "uv": [ 6, 5, 5, 6 ], "texture": "#texture" },
        "south": { "uv": [ 5, 7, 6, 6 ], "texture": "#texture" },
        "west":  { "uv": [ 5, 5, 6, 7 ], "rotation": 270, "texture": "#texture" },
        "east":  { "uv": [ 6, 5, 5, 7 ], "rotation": 90, "texture": "#texture" }
    }
},
{
    "__comment": "enchanting_table_circle6 x16",
    "from": [ 21, 0.1, 9 ],
    "to": [ 22, 0.1, 11 ],
    "faces": {
        "down":  { "uv": [ 5, 11, 6, 9 ], "texture": "#texture" },
        "up":    { "uv": [ 5, 9, 6, 11 ], "texture": "#texture" },
        "north": { "uv": [ 6, 9, 5, 10 ], "texture": "#texture" },
        "south": { "uv": [ 5, 11, 6, 10 ], "texture": "#texture" },
        "west":  { "uv": [ 5, 9, 6, 11 ], "rotation": 270, "texture": "#texture" },
        "east":  { "uv": [ 6, 9, 5, 11 ], "rotation": 90, "texture": "#texture" }
    }
},
{
    "__comment": "enchanting_table_circle6 x16",
    "from": [ 21, 0.1, 14 ],
    "to": [ 24, 0.1, 15 ],
    "faces": {
        "down":  { "uv": [ 5, 15, 8, 14 ], "texture": "#texture" },
        "up":    { "uv": [ 5, 14, 8, 15 ], "texture": "#texture" },
        "north": { "uv": [ 8, 14, 5, 15 ], "texture": "#texture" },
        "south": { "uv": [ 5, 15, 8, 14 ], "texture": "#texture" },
        "west":  { "uv": [ 5, 14, 6, 15 ], "rotation": 270, "texture": "#texture" },
        "east":  { "uv": [ 8, 14, 7, 15 ], "rotation": 90, "texture": "#texture" }
    }
},
{
    "__comment": "enchanting_table_circle6 x16",
    "from": [ 23, 0.1, 3 ],
    "to": [ 24, 0.1, 4 ],
    "faces": {
        "down":  { "uv": [ 7, 4, 8, 3 ], "texture": "#texture" },
        "up":    { "uv": [ 7, 3, 8, 4 ], "texture": "#texture" },
        "north": { "uv": [ 8, 3, 7, 4 ], "texture": "#texture" },
        "south": { "uv": [ 7, 4, 8, 3 ], "texture": "#texture" },
        "west":  { "uv": [ 7, 3, 8, 4 ], "rotation": 270, "texture": "#texture" },
        "east":  { "uv": [ 8, 3, 7, 4 ], "rotation": 90, "texture": "#texture" }
    }
},
{
    "__comment": "enchanting_table_circle6 x16",
    "from": [ 23, 0.1, 12 ],
    "to": [ 24, 0.1, 13 ],
    "faces": {
        "down":  { "uv": [ 7, 13, 8, 12 ], "texture": "#texture" },
        "up":    { "uv": [ 7, 12, 8, 13 ], "texture": "#texture" },
        "north": { "uv": [ 8, 12, 7, 13 ], "texture": "#texture" },
        "south": { "uv": [ 7, 13, 8, 12 ], "texture": "#texture" },
        "west":  { "uv": [ 7, 12, 8, 13 ], "rotation": 270, "texture": "#texture" },
        "east":  { "uv": [ 8, 12, 7, 13 ], "rotation": 90, "texture": "#texture" }
    }
},
{
    "__comment": "enchanting_table_circle6 x16",
    "from": [ 24, 0.1, 0 ],
    "to": [ 27, 0.1, 1 ],
    "faces": {
        "down":  { "uv": [ 8, 1, 11, 0 ], "texture": "#texture" },
        "up":    { "uv": [ 8, 0, 11, 1 ], "texture": "#texture" },
        "north": { "uv": [ 11, 0, 8, 1 ], "texture": "#texture" },
        "south": { "uv": [ 8, 1, 11, 0 ], "texture": "#texture" },
        "west":  { "uv": [ 8, 0, 9, 1 ], "rotation": 270, "texture": "#texture" },
        "east":  { "uv": [ 11, 0, 10, 1 ], "rotation": 90, "texture": "#texture" }
    }
},
{
    "__comment": "enchanting_table_circle6 x16",
    "from": [ 24, 0.1, 4 ],
    "to": [ 25, 0.1, 6 ],
    "faces": {
        "down":  { "uv": [ 8, 6, 9, 4 ], "texture": "#texture" },
        "up":    { "uv": [ 8, 4, 9, 6 ], "texture": "#texture" },
        "north": { "uv": [ 9, 4, 8, 5 ], "texture": "#texture" },
        "south": { "uv": [ 8, 6, 9, 5 ], "texture": "#texture" },
        "west":  { "uv": [ 8, 4, 9, 6 ], "rotation": 270, "texture": "#texture" },
        "east":  { "uv": [ 9, 4, 8, 6 ], "rotation": 90, "texture": "#texture" }
    }
},
{
    "__comment": "enchanting_table_circle6 x16",
    "from": [ 24, 0.1, 10 ],
    "to": [ 25, 0.1, 12 ],
    "faces": {
        "down":  { "uv": [ 8, 12, 9, 10 ], "texture": "#texture" },
        "up":    { "uv": [ 8, 10, 9, 12 ], "texture": "#texture" },
        "north": { "uv": [ 9, 10, 8, 11 ], "texture": "#texture" },
        "south": { "uv": [ 8, 12, 9, 11 ], "texture": "#texture" },
        "west":  { "uv": [ 8, 10, 9, 12 ], "rotation": 270, "texture": "#texture" },
        "east":  { "uv": [ 9, 10, 8, 12 ], "rotation": 90, "texture": "#texture" }
    }
},
{
    "__comment": "enchanting_table_circle6 x16",
    "from": [ 24, 0.1, 15 ],
    "to": [ 27, 0.1, 16 ],
    "faces": {
        "down":  { "uv": [ 8, 16, 11, 15 ], "texture": "#texture" },
        "up":    { "uv": [ 8, 15, 11, 16 ], "texture": "#texture" },
        "north": { "uv": [ 11, 15, 8, 16 ], "texture": "#texture" },
        "south": { "uv": [ 8, 16, 11, 15 ], "texture": "#texture" },
        "west":  { "uv": [ 8, 15, 9, 16 ], "rotation": 270, "texture": "#texture" },
        "east":  { "uv": [ 11, 15, 10, 16 ], "rotation": 90, "texture": "#texture" }
    }
},
{
    "__comment": "enchanting_table_circle6 x16",
    "from": [ 27, 0.1, 1 ],
    "to": [ 28, 0.1, 4 ],
    "faces": {
        "down":  { "uv": [ 11, 4, 12, 1 ], "texture": "#texture" },
        "up":    { "uv": [ 11, 1, 12, 4 ], "texture": "#texture" },
        "north": { "uv": [ 12, 1, 11, 2 ], "texture": "#texture" },
        "south": { "uv": [ 11, 4, 12, 3 ], "texture": "#texture" },
        "west":  { "uv": [ 11, 1, 12, 4 ], "rotation": 270, "texture": "#texture" },
        "east":  { "uv": [ 12, 1, 11, 4 ], "rotation": 90, "texture": "#texture" }
    }
},
{
    "__comment": "enchanting_table_circle6 x16",
    "from": [ 27, 0.1, 12 ],
    "to": [ 28, 0.1, 15 ],
    "faces": {
        "down":  { "uv": [ 11, 15, 12, 12 ], "texture": "#texture" },
        "up":    { "uv": [ 11, 12, 12, 15 ], "texture": "#texture" },
        "north": { "uv": [ 12, 12, 11, 13 ], "texture": "#texture" },
        "south": { "uv": [ 11, 15, 12, 14 ], "texture": "#texture" },
        "west":  { "uv": [ 11, 12, 12, 15 ], "rotation": 270, "texture": "#texture" },
        "east":  { "uv": [ 12, 12, 11, 15 ], "rotation": 90, "texture": "#texture" }
    }
},
{
    "__comment": "enchanting_table_circle6 x16",
    "from": [ 28, 0.1, 4 ],
    "to": [ 29, 0.1, 7 ],
    "faces": {
        "down":  { "uv": [ 12, 7, 13, 4 ], "texture": "#texture" },
        "up":    { "uv": [ 12, 4, 13, 7 ], "texture": "#texture" },
        "north": { "uv": [ 13, 4, 12, 5 ], "texture": "#texture" },
        "south": { "uv": [ 12, 7, 13, 6 ], "texture": "#texture" },
        "west":  { "uv": [ 12, 4, 13, 7 ], "rotation": 270, "texture": "#texture" },
        "east":  { "uv": [ 13, 4, 12, 7 ], "rotation": 90, "texture": "#texture" }
    }
},
{
    "__comment": "enchanting_table_circle6 x16",
    "from": [ 28, 0.1, 9 ],
    "to": [ 29, 0.1, 12 ],
    "faces": {
        "down":  { "uv": [ 12, 12, 13, 9 ], "texture": "#texture" },
        "up":    { "uv": [ 12, 9, 13, 12 ], "texture": "#texture" },
        "north": { "uv": [ 13, 9, 12, 10 ], "texture": "#texture" },
        "south": { "uv": [ 12, 12, 13, 11 ], "texture": "#texture" },
        "west":  { "uv": [ 12, 9, 13, 12 ], "rotation": 270, "texture": "#texture" },
        "east":  { "uv": [ 13, 9, 12, 12 ], "rotation": 90, "texture": "#texture" }
    }
},
{
    "__comment": "enchanting_table_circle6 x16",
    "from": [ 30, 0.1, 0 ],
    "to": [ 31, 0.1, 4 ],
    "faces": {
        "down":  { "uv": [ 14, 4, 15, 0 ], "texture": "#texture" },
        "up":    { "uv": [ 14, 0, 15, 4 ], "texture": "#texture" },
        "north": { "uv": [ 15, 0, 14, 1 ], "texture": "#texture" },
        "south": { "uv": [ 14, 4, 15, 3 ], "texture": "#texture" },
        "west":  { "uv": [ 14, 0, 15, 4 ], "rotation": 270, "texture": "#texture" },
        "east":  { "uv": [ 15, 0, 14, 4 ], "rotation": 90, "texture": "#texture" }
    }
},
{
    "__comment": "enchanting_table_circle6 x16",
    "from": [ 30, 0.1, 12 ],
    "to": [ 31, 0.1, 16 ],
    "faces": {
        "down":  { "uv": [ 14, 16, 15, 12 ], "texture": "#texture" },
        "up":    { "uv": [ 14, 12, 15, 16 ], "texture": "#texture" },
        "north": { "uv": [ 15, 12, 14, 13 ], "texture": "#texture" },
        "south": { "uv": [ 14, 16, 15, 15 ], "texture": "#texture" },
        "west":  { "uv": [ 14, 12, 15, 16 ], "rotation": 270, "texture": "#texture" },
        "east":  { "uv": [ 15, 12, 14, 16 ], "rotation": 90, "texture": "#texture" }
    }
},
{
    "__comment": "enchanting_table_circle6 x16",
    "from": [ 31, 0.1, 4 ],
    "to": [ 32, 0.1, 7 ],
    "faces": {
        "down":  { "uv": [ 15, 7, 16, 4 ], "texture": "#texture" },
        "up":    { "uv": [ 15, 4, 16, 7 ], "texture": "#texture" },
        "north": { "uv": [ 16, 4, 15, 5 ], "texture": "#texture" },
        "south": { "uv": [ 15, 7, 16, 6 ], "texture": "#texture" },
        "west":  { "uv": [ 15, 4, 16, 7 ], "rotation": 270, "texture": "#texture" },
        "east":  { "uv": [ 16, 4, 15, 7 ], "rotation": 90, "texture": "#texture" }
    }
},
{
    "__comment": "enchanting_table_circle6 x16",
    "from": [ 31, 0.1, 9 ],
    "to": [ 32, 0.1, 12 ],
    "faces": {
        "down":  { "uv": [ 15, 12, 16, 9 ], "texture": "#texture" },
        "up":    { "uv": [ 15, 9, 16, 12 ], "texture": "#texture" },
        "north": { "uv": [ 16, 9, 15, 10 ], "texture": "#texture" },
        "south": { "uv": [ 15, 12, 16, 11 ], "texture": "#texture" },
        "west":  { "uv": [ 15, 9, 16, 12 ], "rotation": 270, "texture": "#texture" },
        "east":  { "uv": [ 16, 9, 15, 12 ], "rotation": 90, "texture": "#texture" }
    }
}
]
}