{
"__comment": "Designed by tomaxed with Cubik",
"textures": {
    "texture": "blocks/enchanting_table_circle4"
},
"elements": [ 
{
    "__comment": "enchanting_table_circle4 x16",
    "from": [ -16, 0.1, 4 ],
    "to": [ -15, 0.1, 12 ],
    "faces": {
        "down":  { "uv": [ 0, 12, 1, 4 ], "texture": "#texture" },
        "up":    { "uv": [ 0, 4, 1, 12 ], "texture": "#texture" },
        "north": { "uv": [ 1, 4, 0, 5 ], "texture": "#texture" },
        "south": { "uv": [ 0, 12, 1, 11 ], "texture": "#texture" },
        "west":  { "uv": [ 0, 4, 1, 12 ], "rotation": 270, "texture": "#texture" },
        "east":  { "uv": [ 1, 4, 0, 12 ], "rotation": 90, "texture": "#texture" }
    }
},
{
    "__comment": "enchanting_table_circle4 x16",
    "from": [ -15, 0.1, 0 ],
    "to": [ -14, 0.1, 4 ],
    "faces": {
        "down":  { "uv": [ 1, 4, 2, 0 ], "texture": "#texture" },
        "up":    { "uv": [ 1, 0, 2, 4 ], "texture": "#texture" },
        "north": { "uv": [ 2, 0, 1, 1 ], "texture": "#texture" },
        "south": { "uv": [ 1, 4, 2, 3 ], "texture": "#texture" },
        "west":  { "uv": [ 1, 0, 2, 4 ], "rotation": 270, "texture": "#texture" },
        "east":  { "uv": [ 2, 0, 1, 4 ], "rotation": 90, "texture": "#texture" }
    }
},
{
    "__comment": "enchanting_table_circle4 x16",
    "from": [ -15, 0.1, 7 ],
    "to": [ 0, 0.1, 9 ],
    "faces": {
        "down":  { "uv": [ 1, 9, 16, 7 ], "texture": "#texture" },
        "up":    { "uv": [ 1, 7, 16, 9 ], "texture": "#texture" },
        "north": { "uv": [ 16, 7, 1, 8 ], "texture": "#texture" },
        "south": { "uv": [ 1, 9, 16, 8 ], "texture": "#texture" },
        "west":  { "uv": [ 1, 7, 2, 9 ], "rotation": 270, "texture": "#texture" },
        "east":  { "uv": [ 16, 7, 15, 9 ], "rotation": 90, "texture": "#texture" }
    }
},
{
    "__comment": "enchanting_table_circle4 x16",
    "from": [ -15, 0.1, 12 ],
    "to": [ -14, 0.1, 16 ],
    "faces": {
        "down":  { "uv": [ 1, 16, 2, 12 ], "texture": "#texture" },
        "up":    { "uv": [ 1, 12, 2, 16 ], "texture": "#texture" },
        "north": { "uv": [ 2, 12, 1, 13 ], "texture": "#texture" },
        "south": { "uv": [ 1, 16, 2, 15 ], "texture": "#texture" },
        "west":  { "uv": [ 1, 12, 2, 16 ], "rotation": 270, "texture": "#texture" },
        "east":  { "uv": [ 2, 12, 1, 16 ], "rotation": 90, "texture": "#texture" }
    }
},
{
    "__comment": "enchanting_table_circle4 x16",
    "from": [ -13, 0.1, 4 ],
    "to": [ -12, 0.1, 7 ],
    "faces": {
        "down":  { "uv": [ 3, 7, 4, 4 ], "texture": "#texture" },
        "up":    { "uv": [ 3, 4, 4, 7 ], "texture": "#texture" },
        "north": { "uv": [ 4, 4, 3, 5 ], "texture": "#texture" },
        "south": { "uv": [ 3, 7, 4, 6 ], "texture": "#texture" },
        "west":  { "uv": [ 3, 4, 4, 7 ], "rotation": 270, "texture": "#texture" },
        "east":  { "uv": [ 4, 4, 3, 7 ], "rotation": 90, "texture": "#texture" }
    }
},
{
    "__comment": "enchanting_table_circle4 x16",
    "from": [ -13, 0.1, 9 ],
    "to": [ -12, 0.1, 12 ],
    "faces": {
        "down":  { "uv": [ 3, 12, 4, 9 ], "texture": "#texture" },
        "up":    { "uv": [ 3, 9, 4, 12 ], "texture": "#texture" },
        "north": { "uv": [ 4, 9, 3, 10 ], "texture": "#texture" },
        "south": { "uv": [ 3, 12, 4, 11 ], "texture": "#texture" },
        "west":  { "uv": [ 3, 9, 4, 12 ], "rotation": 270, "texture": "#texture" },
        "east":  { "uv": [ 4, 9, 3, 12 ], "rotation": 90, "texture": "#texture" }
    }
},
{
    "__comment": "enchanting_table_circle4 x16",
    "from": [ -12, 0.1, 1 ],
    "to": [ -11, 0.1, 4 ],
    "faces": {
        "down":  { "uv": [ 4, 4, 5, 1 ], "texture": "#texture" },
        "up":    { "uv": [ 4, 1, 5, 4 ], "texture": "#texture" },
        "north": { "uv": [ 5, 1, 4, 2 ], "texture": "#texture" },
        "south": { "uv": [ 4, 4, 5, 3 ], "texture": "#texture" },
        "west":  { "uv": [ 4, 1, 5, 4 ], "rotation": 270, "texture": "#texture" },
        "east":  { "uv": [ 5, 1, 4, 4 ], "rotation": 90, "texture": "#texture" }
    }
},
{
    "__comment": "enchanting_table_circle4 x16",
    "from": [ -12, 0.1, 12 ],
    "to": [ -11, 0.1, 15 ],
    "faces": {
        "down":  { "uv": [ 4, 15, 5, 12 ], "texture": "#texture" },
        "up":    { "uv": [ 4, 12, 5, 15 ], "texture": "#texture" },
        "north": { "uv": [ 5, 12, 4, 13 ], "texture": "#texture" },
        "south": { "uv": [ 4, 15, 5, 14 ], "texture": "#texture" },
        "west":  { "uv": [ 4, 12, 5, 15 ], "rotation": 270, "texture": "#texture" },
        "east":  { "uv": [ 5, 12, 4, 15 ], "rotation": 90, "texture": "#texture" }
    }
},
{
    "__comment": "enchanting_table_circle4 x16",
    "from": [ -11, 0.1, 0 ],
    "to": [ -8, 0.1, 1 ],
    "faces": {
        "down":  { "uv": [ 5, 1, 8, 0 ], "texture": "#texture" },
        "up":    { "uv": [ 5, 0, 8, 1 ], "texture": "#texture" },
        "north": { "uv": [ 8, 0, 5, 1 ], "texture": "#texture" },
        "south": { "uv": [ 5, 1, 8, 0 ], "texture": "#texture" },
        "west":  { "uv": [ 5, 0, 6, 1 ], "rotation": 270, "texture": "#texture" },
        "east":  { "uv": [ 8, 0, 7, 1 ], "rotation": 90, "texture": "#texture" }
    }
},
{
    "__comment": "enchanting_table_circle4 x16",
    "from": [ -11, 0.1, 15 ],
    "to": [ -8, 0.1, 16 ],
    "faces": {
        "down":  { "uv": [ 5, 16, 8, 15 ], "texture": "#texture" },
        "up":    { "uv": [ 5, 15, 8, 16 ], "texture": "#texture" },
        "north": { "uv": [ 8, 15, 5, 16 ], "texture": "#texture" },
        "south": { "uv": [ 5, 16, 8, 15 ], "texture": "#texture" },
        "west":  { "uv": [ 5, 15, 6, 16 ], "rotation": 270, "texture": "#texture" },
        "east":  { "uv": [ 8, 15, 7, 16 ], "rotation": 90, "texture": "#texture" }
    }
},
{
    "__comment": "enchanting_table_circle4 x16",
    "from": [ -9, 0.1, 4 ],
    "to": [ -8, 0.1, 6 ],
    "faces": {
        "down":  { "uv": [ 7, 6, 8, 4 ], "texture": "#texture" },
        "up":    { "uv": [ 7, 4, 8, 6 ], "texture": "#texture" },
        "north": { "uv": [ 8, 4, 7, 5 ], "texture": "#texture" },
        "south": { "uv": [ 7, 6, 8, 5 ], "texture": "#texture" },
        "west":  { "uv": [ 7, 4, 8, 6 ], "rotation": 270, "texture": "#texture" },
        "east":  { "uv": [ 8, 4, 7, 6 ], "rotation": 90, "texture": "#texture" }
    }
},
{
    "__comment": "enchanting_table_circle4 x16",
    "from": [ -9, 0.1, 10 ],
    "to": [ -8, 0.1, 12 ],
    "faces": {
        "down":  { "uv": [ 7, 12, 8, 10 ], "texture": "#texture" },
        "up":    { "uv": [ 7, 10, 8, 12 ], "texture": "#texture" },
        "north": { "uv": [ 8, 10, 7, 11 ], "texture": "#texture" },
        "south": { "uv": [ 7, 12, 8, 11 ], "texture": "#texture" },
        "west":  { "uv": [ 7, 10, 8, 12 ], "rotation": 270, "texture": "#texture" },
        "east":  { "uv": [ 8, 10, 7, 12 ], "rotation": 90, "texture": "#texture" }
    }
},
{
    "__comment": "enchanting_table_circle4 x16",
    "from": [ -8, 0.1, 1 ],
    "to": [ -5, 0.1, 2 ],
    "faces": {
        "down":  { "uv": [ 8, 2, 11, 1 ], "texture": "#texture" },
        "up":    { "uv": [ 8, 1, 11, 2 ], "texture": "#texture" },
        "north": { "uv": [ 11, 1, 8, 2 ], "texture": "#texture" },
        "south": { "uv": [ 8, 2, 11, 1 ], "texture": "#texture" },
        "west":  { "uv": [ 8, 1, 9, 2 ], "rotation": 270, "texture": "#texture" },
        "east":  { "uv": [ 11, 1, 10, 2 ], "rotation": 90, "texture": "#texture" }
    }
},
{
    "__comment": "enchanting_table_circle4 x16",
    "from": [ -8, 0.1, 3 ],
    "to": [ -7, 0.1, 4 ],
    "faces": {
        "down":  { "uv": [ 8, 4, 9, 3 ], "texture": "#texture" },
        "up":    { "uv": [ 8, 3, 9, 4 ], "texture": "#texture" },
        "north": { "uv": [ 9, 3, 8, 4 ], "texture": "#texture" },
        "south": { "uv": [ 8, 4, 9, 3 ], "texture": "#texture" },
        "west":  { "uv": [ 8, 3, 9, 4 ], "rotation": 270, "texture": "#texture" },
        "east":  { "uv": [ 9, 3, 8, 4 ], "rotation": 90, "texture": "#texture" }
    }
},
{
    "__comment": "enchanting_table_circle4 x16",
    "from": [ -8, 0.1, 12 ],
    "to": [ -7, 0.1, 13 ],
    "faces": {
        "down":  { "uv": [ 8, 13, 9, 12 ], "texture": "#texture" },
        "up":    { "uv": [ 8, 12, 9, 13 ], "texture": "#texture" },
        "north": { "uv": [ 9, 12, 8, 13 ], "texture": "#texture" },
        "south": { "uv": [ 8, 13, 9, 12 ], "texture": "#texture" },
        "west":  { "uv": [ 8, 12, 9, 13 ], "rotation": 270, "texture": "#texture" },
        "east":  { "uv": [ 9, 12, 8, 13 ], "rotation": 90, "texture": "#texture" }
    }
},
{
    "__comment": "enchanting_table_circle4 x16",
    "from": [ -8, 0.1, 14 ],
    "to": [ -5, 0.1, 15 ],
    "faces": {
        "down":  { "uv": [ 8, 15, 11, 14 ], "texture": "#texture" },
        "up":    { "uv": [ 8, 14, 11, 15 ], "texture": "#texture" },
        "north": { "uv": [ 11, 14, 8, 15 ], "texture": "#texture" },
        "south": { "uv": [ 8, 15, 11, 14 ], "texture": "#texture" },
        "west":  { "uv": [ 8, 14, 9, 15 ], "rotation": 270, "texture": "#texture" },
        "east":  { "uv": [ 11, 14, 10, 15 ], "rotation": 90, "texture": "#texture" }
    }
},
{
    "__comment": "enchanting_table_circle4 x16",
    "from": [ -6, 0.1, 5 ],
    "to": [ -5, 0.1, 7 ],
    "faces": {
        "down":  { "uv": [ 10, 7, 11, 5 ], "texture": "#texture" },
        "up":    { "uv": [ 10, 5, 11, 7 ], "texture": "#texture" },
        "north": { "uv": [ 11, 5, 10, 6 ], "texture": "#texture" },
        "south": { "uv": [ 10, 7, 11, 6 ], "texture": "#texture" },
        "west":  { "uv": [ 10, 5, 11, 7 ], "rotation": 270, "texture": "#texture" },
        "east":  { "uv": [ 11, 5, 10, 7 ], "rotation": 90, "texture": "#texture" }
    }
},
{
    "__comment": "enchanting_table_circle4 x16",
    "from": [ -6, 0.1, 9 ],
    "to": [ -5, 0.1, 11 ],
    "faces": {
        "down":  { "uv": [ 10, 11, 11, 9 ], "texture": "#texture" },
        "up":    { "uv": [ 10, 9, 11, 11 ], "texture": "#texture" },
        "north": { "uv": [ 11, 9, 10, 10 ], "texture": "#texture" },
        "south": { "uv": [ 10, 11, 11, 10 ], "texture": "#texture" },
        "west":  { "uv": [ 10, 9, 11, 11 ], "rotation": 270, "texture": "#texture" },
        "east":  { "uv": [ 11, 9, 10, 11 ], "rotation": 90, "texture": "#texture" }
    }
},
{
    "__comment": "enchanting_table_circle4 x16",
    "from": [ -5, 0.1, 2 ],
    "to": [ -4, 0.1, 5 ],
    "faces": {
        "down":  { "uv": [ 11, 5, 12, 2 ], "texture": "#texture" },
        "up":    { "uv": [ 11, 2, 12, 5 ], "texture": "#texture" },
        "north": { "uv": [ 12, 2, 11, 3 ], "texture": "#texture" },
        "south": { "uv": [ 11, 5, 12, 4 ], "texture": "#texture" },
        "west":  { "uv": [ 11, 2, 12, 5 ], "rotation": 270, "texture": "#texture" },
        "east":  { "uv": [ 12, 2, 11, 5 ], "rotation": 90, "texture": "#texture" }
    }
},
{
    "__comment": "enchanting_table_circle4 x16",
    "from": [ -5, 0.1, 11 ],
    "to": [ -4, 0.1, 14 ],
    "faces": {
        "down":  { "uv": [ 11, 14, 12, 11 ], "texture": "#texture" },
        "up":    { "uv": [ 11, 11, 12, 14 ], "texture": "#texture" },
        "north": { "uv": [ 12, 11, 11, 12 ], "texture": "#texture" },
        "south": { "uv": [ 11, 14, 12, 13 ], "texture": "#texture" },
        "west":  { "uv": [ 11, 11, 12, 14 ], "rotation": 270, "texture": "#texture" },
        "east":  { "uv": [ 12, 11, 11, 14 ], "rotation": 90, "texture": "#texture" }
    }
},
{
    "__comment": "enchanting_table_circle4 x16",
    "from": [ -4, 0.1, 0 ],
    "to": [ -3, 0.1, 3 ],
    "faces": {
        "down":  { "uv": [ 12, 3, 13, 0 ], "texture": "#texture" },
        "up":    { "uv": [ 12, 0, 13, 3 ], "texture": "#texture" },
        "north": { "uv": [ 13, 0, 12, 1 ], "texture": "#texture" },
        "south": { "uv": [ 12, 3, 13, 2 ], "texture": "#texture" },
        "west":  { "uv": [ 12, 0, 13, 3 ], "rotation": 270, "texture": "#texture" },
        "east":  { "uv": [ 13, 0, 12, 3 ], "rotation": 90, "texture": "#texture" }
    }
},
{
    "__comment": "enchanting_table_circle4 x16",
    "from": [ -4, 0.1, 13 ],
    "to": [ -3, 0.1, 16 ],
    "faces": {
        "down":  { "uv": [ 12, 16, 13, 13 ], "texture": "#texture" },
        "up":    { "uv": [ 12, 13, 13, 16 ], "texture": "#texture" },
        "north": { "uv": [ 13, 13, 12, 14 ], "texture": "#texture" },
        "south": { "uv": [ 12, 16, 13, 15 ], "texture": "#texture" },
        "west":  { "uv": [ 12, 13, 13, 16 ], "rotation": 270, "texture": "#texture" },
        "east":  { "uv": [ 13, 13, 12, 16 ], "rotation": 90, "texture": "#texture" }
    }
},
{
    "__comment": "enchanting_table_circle4 x16",
    "from": [ -3, 0.1, 3 ],
    "to": [ -1, 0.1, 4 ],
    "faces": {
        "down":  { "uv": [ 13, 4, 15, 3 ], "texture": "#texture" },
        "up":    { "uv": [ 13, 3, 15, 4 ], "texture": "#texture" },
        "north": { "uv": [ 15, 3, 13, 4 ], "texture": "#texture" },
        "south": { "uv": [ 13, 4, 15, 3 ], "texture": "#texture" },
        "west":  { "uv": [ 13, 3, 14, 4 ], "rotation": 270, "texture": "#texture" },
        "east":  { "uv": [ 15, 3, 14, 4 ], "rotation": 90, "texture": "#texture" }
    }
},
{
    "__comment": "enchanting_table_circle4 x16",
    "from": [ -3, 0.1, 12 ],
    "to": [ -1, 0.1, 13 ],
    "faces": {
        "down":  { "uv": [ 13, 13, 15, 12 ], "texture": "#texture" },
        "up":    { "uv": [ 13, 12, 15, 13 ], "texture": "#texture" },
        "north": { "uv": [ 15, 12, 13, 13 ], "texture": "#texture" },
        "south": { "uv": [ 13, 13, 15, 12 ], "texture": "#texture" },
        "west":  { "uv": [ 13, 12, 14, 13 ], "rotation": 270, "texture": "#texture" },
        "east":  { "uv": [ 15, 12, 14, 13 ], "rotation": 90, "texture": "#texture" }
    }
},
{
    "__comment": "enchanting_table_circle4 x16",
    "from": [ -1, 0.1, 4 ],
    "to": [ 0, 0.1, 5 ],
    "faces": {
        "down":  { "uv": [ 15, 5, 16, 4 ], "texture": "#texture" },
        "up":    { "uv": [ 15, 4, 16, 5 ], "texture": "#texture" },
        "north": { "uv": [ 16, 4, 15, 5 ], "texture": "#texture" },
        "south": { "uv": [ 15, 5, 16, 4 ], "texture": "#texture" },
        "west":  { "uv": [ 15, 4, 16, 5 ], "rotation": 270, "texture": "#texture" },
        "east":  { "uv": [ 16, 4, 15, 5 ], "rotation": 90, "texture": "#texture" }
    }
},
{
    "__comment": "enchanting_table_circle4 x16",
    "from": [ -1, 0.1, 11 ],
    "to": [ 0, 0.1, 12 ],
    "faces": {
        "down":  { "uv": [ 15, 12, 16, 11 ], "texture": "#texture" },
        "up":    { "uv": [ 15, 11, 16, 12 ], "texture": "#texture" },
        "north": { "uv": [ 16, 11, 15, 12 ], "texture": "#texture" },
        "south": { "uv": [ 15, 12, 16, 11 ], "texture": "#texture" },
        "west":  { "uv": [ 15, 11, 16, 12 ], "rotation": 270, "texture": "#texture" },
        "east":  { "uv": [ 16, 11, 15, 12 ], "rotation": 90, "texture": "#texture" }
    }
}
]
}