{
"__comment": "Designed by tomaxed with Cubik",
"textures": {
    "texture": "blocks/enchanting_table_circle1"
},
"elements": [ 
{
    "__comment": "enchanting_table_circle1 x16",
    "from": [ -14, 0.1, -2 ],
    "to": [ -13, 0.1, 0 ],
    "faces": {
        "down":  { "uv": [ 2, 16, 3, 14 ], "texture": "#texture" },
        "up":    { "uv": [ 2, 14, 3, 16 ], "texture": "#texture" },
        "north": { "uv": [ 3, 14, 2, 15 ], "texture": "#texture" },
        "south": { "uv": [ 2, 16, 3, 15 ], "texture": "#texture" },
        "west":  { "uv": [ 2, 14, 3, 16 ], "rotation": 270, "texture": "#texture" },
        "east":  { "uv": [ 3, 14, 2, 16 ], "rotation": 90, "texture": "#texture" }
    }
},
{
    "__comment": "enchanting_table_circle1 x16",
    "from": [ -13, 0.1, -4 ],
    "to": [ -12, 0.1, -1 ],
    "faces": {
        "down":  { "uv": [ 3, 15, 4, 12 ], "texture": "#texture" },
        "up":    { "uv": [ 3, 12, 4, 15 ], "texture": "#texture" },
        "north": { "uv": [ 4, 12, 3, 13 ], "texture": "#texture" },
        "south": { "uv": [ 3, 15, 4, 14 ], "texture": "#texture" },
        "west":  { "uv": [ 3, 12, 4, 15 ], "rotation": 270, "texture": "#texture" },
        "east":  { "uv": [ 4, 12, 3, 15 ], "rotation": 90, "texture": "#texture" }
    }
},
{
    "__comment": "enchanting_table_circle1 x16",
    "from": [ -12, 0.1, -6 ],
    "to": [ -11, 0.1, -4 ],
    "faces": {
        "down":  { "uv": [ 4, 12, 5, 10 ], "texture": "#texture" },
        "up":    { "uv": [ 4, 10, 5, 12 ], "texture": "#texture" },
        "north": { "uv": [ 5, 10, 4, 11 ], "texture": "#texture" },
        "south": { "uv": [ 4, 12, 5, 11 ], "texture": "#texture" },
        "west":  { "uv": [ 4, 10, 5, 12 ], "rotation": 270, "texture": "#texture" },
        "east":  { "uv": [ 5, 10, 4, 12 ], "rotation": 90, "texture": "#texture" }
    }
},
{
    "__comment": "enchanting_table_circle1 x16",
    "from": [ -12, 0.1, -1 ],
    "to": [ -10, 0.1, 0 ],
    "faces": {
        "down":  { "uv": [ 4, 16, 6, 15 ], "texture": "#texture" },
        "up":    { "uv": [ 4, 15, 6, 16 ], "texture": "#texture" },
        "north": { "uv": [ 6, 15, 4, 16 ], "texture": "#texture" },
        "south": { "uv": [ 4, 16, 6, 15 ], "texture": "#texture" },
        "west":  { "uv": [ 4, 15, 5, 16 ], "rotation": 270, "texture": "#texture" },
        "east":  { "uv": [ 6, 15, 5, 16 ], "rotation": 90, "texture": "#texture" }
    }
},
{
    "__comment": "enchanting_table_circle1 x16",
    "from": [ -11, 0.1, -7 ],
    "to": [ -10, 0.1, -6 ],
    "faces": {
        "down":  { "uv": [ 5, 10, 6, 9 ], "texture": "#texture" },
        "up":    { "uv": [ 5, 9, 6, 10 ], "texture": "#texture" },
        "north": { "uv": [ 6, 9, 5, 10 ], "texture": "#texture" },
        "south": { "uv": [ 5, 10, 6, 9 ], "texture": "#texture" },
        "west":  { "uv": [ 5, 9, 6, 10 ], "rotation": 270, "texture": "#texture" },
        "east":  { "uv": [ 6, 9, 5, 10 ], "rotation": 90, "texture": "#texture" }
    }
},
{
    "__comment": "enchanting_table_circle1 x16",
    "from": [ -11, 0.1, -2 ],
    "to": [ -10, 0.1, -1 ],
    "faces": {
        "down":  { "uv": [ 5, 15, 6, 14 ], "texture": "#texture" },
        "up":    { "uv": [ 5, 14, 6, 15 ], "texture": "#texture" },
        "north": { "uv": [ 6, 14, 5, 15 ], "texture": "#texture" },
        "south": { "uv": [ 5, 15, 6, 14 ], "texture": "#texture" },
        "west":  { "uv": [ 5, 14, 6, 15 ], "rotation": 270, "texture": "#texture" },
        "east":  { "uv": [ 6, 14, 5, 15 ], "rotation": 90, "texture": "#texture" }
    }
},
{
    "__comment": "enchanting_table_circle1 x16",
    "from": [ -10, 0.1, -8 ],
    "to": [ -9, 0.1, -7 ],
    "faces": {
        "down":  { "uv": [ 6, 9, 7, 8 ], "texture": "#texture" },
        "up":    { "uv": [ 6, 8, 7, 9 ], "texture": "#texture" },
        "north": { "uv": [ 7, 8, 6, 9 ], "texture": "#texture" },
        "south": { "uv": [ 6, 9, 7, 8 ], "texture": "#texture" },
        "west":  { "uv": [ 6, 8, 7, 9 ], "rotation": 270, "texture": "#texture" },
        "east":  { "uv": [ 7, 8, 6, 9 ], "rotation": 90, "texture": "#texture" }
    }
},
{
    "__comment": "enchanting_table_circle1 x16",
    "from": [ -10, 0.1, -3 ],
    "to": [ -9, 0.1, -2 ],
    "faces": {
        "down":  { "uv": [ 6, 14, 7, 13 ], "texture": "#texture" },
        "up":    { "uv": [ 6, 13, 7, 14 ], "texture": "#texture" },
        "north": { "uv": [ 7, 13, 6, 14 ], "texture": "#texture" },
        "south": { "uv": [ 6, 14, 7, 13 ], "texture": "#texture" },
        "west":  { "uv": [ 6, 13, 7, 14 ], "rotation": 270, "texture": "#texture" },
        "east":  { "uv": [ 7, 13, 6, 14 ], "rotation": 90, "texture": "#texture" }
    }
},
{
    "__comment": "enchanting_table_circle1 x16",
    "from": [ -9, 0.1, -9 ],
    "to": [ -8, 0.1, -8 ],
    "faces": {
        "down":  { "uv": [ 7, 8, 8, 7 ], "texture": "#texture" },
        "up":    { "uv": [ 7, 7, 8, 8 ], "texture": "#texture" },
        "north": { "uv": [ 8, 7, 7, 8 ], "texture": "#texture" },
        "south": { "uv": [ 7, 8, 8, 7 ], "texture": "#texture" },
        "west":  { "uv": [ 7, 7, 8, 8 ], "rotation": 270, "texture": "#texture" },
        "east":  { "uv": [ 8, 7, 7, 8 ], "rotation": 90, "texture": "#texture" }
    }
},
{
    "__comment": "enchanting_table_circle1 x16",
    "from": [ -9, 0.1, -5 ],
    "to": [ -8, 0.1, -3 ],
    "faces": {
        "down":  { "uv": [ 7, 13, 8, 11 ], "texture": "#texture" },
        "up":    { "uv": [ 7, 11, 8, 13 ], "texture": "#texture" },
        "north": { "uv": [ 8, 11, 7, 12 ], "texture": "#texture" },
        "south": { "uv": [ 7, 13, 8, 12 ], "texture": "#texture" },
        "west":  { "uv": [ 7, 11, 8, 13 ], "rotation": 270, "texture": "#texture" },
        "east":  { "uv": [ 8, 11, 7, 13 ], "rotation": 90, "texture": "#texture" }
    }
},
{
    "__comment": "enchanting_table_circle1 x16",
    "from": [ -8, 0.1, -10 ],
    "to": [ -7, 0.1, -9 ],
    "faces": {
        "down":  { "uv": [ 8, 7, 9, 6 ], "texture": "#texture" },
        "up":    { "uv": [ 8, 6, 9, 7 ], "texture": "#texture" },
        "north": { "uv": [ 9, 6, 8, 7 ], "texture": "#texture" },
        "south": { "uv": [ 8, 7, 9, 6 ], "texture": "#texture" },
        "west":  { "uv": [ 8, 6, 9, 7 ], "rotation": 270, "texture": "#texture" },
        "east":  { "uv": [ 9, 6, 8, 7 ], "rotation": 90, "texture": "#texture" }
    }
},
{
    "__comment": "enchanting_table_circle1 x16",
    "from": [ -8, 0.1, -8 ],
    "to": [ -7, 0.1, -7 ],
    "faces": {
        "down":  { "uv": [ 8, 9, 9, 8 ], "texture": "#texture" },
        "up":    { "uv": [ 8, 8, 9, 9 ], "texture": "#texture" },
        "north": { "uv": [ 9, 8, 8, 9 ], "texture": "#texture" },
        "south": { "uv": [ 8, 9, 9, 8 ], "texture": "#texture" },
        "west":  { "uv": [ 8, 8, 9, 9 ], "rotation": 270, "texture": "#texture" },
        "east":  { "uv": [ 9, 8, 8, 9 ], "rotation": 90, "texture": "#texture" }
    }
},
{
    "__comment": "enchanting_table_circle1 x16",
    "from": [ -8, 0.1, -6 ],
    "to": [ -7, 0.1, -5 ],
    "faces": {
        "down":  { "uv": [ 8, 11, 9, 10 ], "texture": "#texture" },
        "up":    { "uv": [ 8, 10, 9, 11 ], "texture": "#texture" },
        "north": { "uv": [ 9, 10, 8, 11 ], "texture": "#texture" },
        "south": { "uv": [ 8, 11, 9, 10 ], "texture": "#texture" },
        "west":  { "uv": [ 8, 10, 9, 11 ], "rotation": 270, "texture": "#texture" },
        "east":  { "uv": [ 9, 10, 8, 11 ], "rotation": 90, "texture": "#texture" }
    }
},
{
    "__comment": "enchanting_table_circle1 x16",
    "from": [ -7, 0.1, -11 ],
    "to": [ -6, 0.1, -10 ],
    "faces": {
        "down":  { "uv": [ 9, 6, 10, 5 ], "texture": "#texture" },
        "up":    { "uv": [ 9, 5, 10, 6 ], "texture": "#texture" },
        "north": { "uv": [ 10, 5, 9, 6 ], "texture": "#texture" },
        "south": { "uv": [ 9, 6, 10, 5 ], "texture": "#texture" },
        "west":  { "uv": [ 9, 5, 10, 6 ], "rotation": 270, "texture": "#texture" },
        "east":  { "uv": [ 10, 5, 9, 6 ], "rotation": 90, "texture": "#texture" }
    }
},
{
    "__comment": "enchanting_table_circle1 x16",
    "from": [ -7, 0.1, -7 ],
    "to": [ -6, 0.1, -6 ],
    "faces": {
        "down":  { "uv": [ 9, 10, 10, 9 ], "texture": "#texture" },
        "up":    { "uv": [ 9, 9, 10, 10 ], "texture": "#texture" },
        "north": { "uv": [ 10, 9, 9, 10 ], "texture": "#texture" },
        "south": { "uv": [ 9, 10, 10, 9 ], "texture": "#texture" },
        "west":  { "uv": [ 9, 9, 10, 10 ], "rotation": 270, "texture": "#texture" },
        "east":  { "uv": [ 10, 9, 9, 10 ], "rotation": 90, "texture": "#texture" }
    }
},
{
    "__comment": "enchanting_table_circle1 x16",
    "from": [ -7, 0.1, -2 ],
    "to": [ -6, 0.1, 0 ],
    "faces": {
        "down":  { "uv": [ 9, 16, 10, 14 ], "texture": "#texture" },
        "up":    { "uv": [ 9, 14, 10, 16 ], "texture": "#texture" },
        "north": { "uv": [ 10, 14, 9, 15 ], "texture": "#texture" },
        "south": { "uv": [ 9, 16, 10, 15 ], "texture": "#texture" },
        "west":  { "uv": [ 9, 14, 10, 16 ], "rotation": 270, "texture": "#texture" },
        "east":  { "uv": [ 10, 14, 9, 16 ], "rotation": 90, "texture": "#texture" }
    }
},
{
    "__comment": "enchanting_table_circle1 x16",
    "from": [ -6, 0.1, -12 ],
    "to": [ -4, 0.1, -11 ],
    "faces": {
        "down":  { "uv": [ 10, 5, 12, 4 ], "texture": "#texture" },
        "up":    { "uv": [ 10, 4, 12, 5 ], "texture": "#texture" },
        "north": { "uv": [ 12, 4, 10, 5 ], "texture": "#texture" },
        "south": { "uv": [ 10, 5, 12, 4 ], "texture": "#texture" },
        "west":  { "uv": [ 10, 4, 11, 5 ], "rotation": 270, "texture": "#texture" },
        "east":  { "uv": [ 12, 4, 11, 5 ], "rotation": 90, "texture": "#texture" }
    }
},
{
    "__comment": "enchanting_table_circle1 x16",
    "from": [ -6, 0.1, -8 ],
    "to": [ -5, 0.1, -7 ],
    "faces": {
        "down":  { "uv": [ 10, 9, 11, 8 ], "texture": "#texture" },
        "up":    { "uv": [ 10, 8, 11, 9 ], "texture": "#texture" },
        "north": { "uv": [ 11, 8, 10, 9 ], "texture": "#texture" },
        "south": { "uv": [ 10, 9, 11, 8 ], "texture": "#texture" },
        "west":  { "uv": [ 10, 8, 11, 9 ], "rotation": 270, "texture": "#texture" },
        "east":  { "uv": [ 11, 8, 10, 9 ], "rotation": 90, "texture": "#texture" }
    }
},
{
    "__comment": "enchanting_table_circle1 x16",
    "from": [ -6, 0.1, -6 ],
    "to": [ -5, 0.1, -5 ],
    "faces": {
        "down":  { "uv": [ 10, 11, 11, 10 ], "texture": "#texture" },
        "up":    { "uv": [ 10, 10, 11, 11 ], "texture": "#texture" },
        "north": { "uv": [ 11, 10, 10, 11 ], "texture": "#texture" },
        "south": { "uv": [ 10, 11, 11, 10 ], "texture": "#texture" },
        "west":  { "uv": [ 10, 10, 11, 11 ], "rotation": 270, "texture": "#texture" },
        "east":  { "uv": [ 11, 10, 10, 11 ], "rotation": 90, "texture": "#texture" }
    }
},
{
    "__comment": "enchanting_table_circle1 x16",
    "from": [ -6, 0.1, -3 ],
    "to": [ -5, 0.1, -2 ],
    "faces": {
        "down":  { "uv": [ 10, 14, 11, 13 ], "texture": "#texture" },
        "up":    { "uv": [ 10, 13, 11, 14 ], "texture": "#texture" },
        "north": { "uv": [ 11, 13, 10, 14 ], "texture": "#texture" },
        "south": { "uv": [ 10, 14, 11, 13 ], "texture": "#texture" },
        "west":  { "uv": [ 10, 13, 11, 14 ], "rotation": 270, "texture": "#texture" },
        "east":  { "uv": [ 11, 13, 10, 14 ], "rotation": 90, "texture": "#texture" }
    }
},
{
    "__comment": "enchanting_table_circle1 x16",
    "from": [ -5, 0.1, -9 ],
    "to": [ -3, 0.1, -8 ],
    "faces": {
        "down":  { "uv": [ 11, 8, 13, 7 ], "texture": "#texture" },
        "up":    { "uv": [ 11, 7, 13, 8 ], "texture": "#texture" },
        "north": { "uv": [ 13, 7, 11, 8 ], "texture": "#texture" },
        "south": { "uv": [ 11, 8, 13, 7 ], "texture": "#texture" },
        "west":  { "uv": [ 11, 7, 12, 8 ], "rotation": 270, "texture": "#texture" },
        "east":  { "uv": [ 13, 7, 12, 8 ], "rotation": 90, "texture": "#texture" }
    }
},
{
    "__comment": "enchanting_table_circle1 x16",
    "from": [ -5, 0.1, -5 ],
    "to": [ -4, 0.1, -4 ],
    "faces": {
        "down":  { "uv": [ 11, 12, 12, 11 ], "texture": "#texture" },
        "up":    { "uv": [ 11, 11, 12, 12 ], "texture": "#texture" },
        "north": { "uv": [ 12, 11, 11, 12 ], "texture": "#texture" },
        "south": { "uv": [ 11, 12, 12, 11 ], "texture": "#texture" },
        "west":  { "uv": [ 11, 11, 12, 12 ], "rotation": 270, "texture": "#texture" },
        "east":  { "uv": [ 12, 11, 11, 12 ], "rotation": 90, "texture": "#texture" }
    }
},
{
    "__comment": "enchanting_table_circle1 x16",
    "from": [ -4, 0.1, -13 ],
    "to": [ -1, 0.1, -12 ],
    "faces": {
        "down":  { "uv": [ 12, 4, 15, 3 ], "texture": "#texture" },
        "up":    { "uv": [ 12, 3, 15, 4 ], "texture": "#texture" },
        "north": { "uv": [ 15, 3, 12, 4 ], "texture": "#texture" },
        "south": { "uv": [ 12, 4, 15, 3 ], "texture": "#texture" },
        "west":  { "uv": [ 12, 3, 13, 4 ], "rotation": 270, "texture": "#texture" },
        "east":  { "uv": [ 15, 3, 14, 4 ], "rotation": 90, "texture": "#texture" }
    }
},
{
    "__comment": "enchanting_table_circle1 x16",
    "from": [ -4, 0.1, -4 ],
    "to": [ -3, 0.1, -3 ],
    "faces": {
        "down":  { "uv": [ 12, 13, 13, 12 ], "texture": "#texture" },
        "up":    { "uv": [ 12, 12, 13, 13 ], "texture": "#texture" },
        "north": { "uv": [ 13, 12, 12, 13 ], "texture": "#texture" },
        "south": { "uv": [ 12, 13, 13, 12 ], "texture": "#texture" },
        "west":  { "uv": [ 12, 12, 13, 13 ], "rotation": 270, "texture": "#texture" },
        "east":  { "uv": [ 13, 12, 12, 13 ], "rotation": 90, "texture": "#texture" }
    }
},
{
    "__comment": "enchanting_table_circle1 x16",
    "from": [ -3, 0.1, -10 ],
    "to": [ -2, 0.1, -9 ],
    "faces": {
        "down":  { "uv": [ 13, 7, 14, 6 ], "texture": "#texture" },
        "up":    { "uv": [ 13, 6, 14, 7 ], "texture": "#texture" },
        "north": { "uv": [ 14, 6, 13, 7 ], "texture": "#texture" },
        "south": { "uv": [ 13, 7, 14, 6 ], "texture": "#texture" },
        "west":  { "uv": [ 13, 6, 14, 7 ], "rotation": 270, "texture": "#texture" },
        "east":  { "uv": [ 14, 6, 13, 7 ], "rotation": 90, "texture": "#texture" }
    }
},
{
    "__comment": "enchanting_table_circle1 x16",
    "from": [ -3, 0.1, -6 ],
    "to": [ -2, 0.1, -5 ],
    "faces": {
        "down":  { "uv": [ 13, 11, 14, 10 ], "texture": "#texture" },
        "up":    { "uv": [ 13, 10, 14, 11 ], "texture": "#texture" },
        "north": { "uv": [ 14, 10, 13, 11 ], "texture": "#texture" },
        "south": { "uv": [ 13, 11, 14, 10 ], "texture": "#texture" },
        "west":  { "uv": [ 13, 10, 14, 11 ], "rotation": 270, "texture": "#texture" },
        "east":  { "uv": [ 14, 10, 13, 11 ], "rotation": 90, "texture": "#texture" }
    }
},
{
    "__comment": "enchanting_table_circle1 x16",
    "from": [ -3, 0.1, -3 ],
    "to": [ -2, 0.1, -2 ],
    "faces": {
        "down":  { "uv": [ 13, 14, 14, 13 ], "texture": "#texture" },
        "up":    { "uv": [ 13, 13, 14, 14 ], "texture": "#texture" },
        "north": { "uv": [ 14, 13, 13, 14 ], "texture": "#texture" },
        "south": { "uv": [ 13, 14, 14, 13 ], "texture": "#texture" },
        "west":  { "uv": [ 13, 13, 14, 14 ], "rotation": 270, "texture": "#texture" },
        "east":  { "uv": [ 14, 13, 13, 14 ], "rotation": 90, "texture": "#texture" }
    }
},
{
    "__comment": "enchanting_table_circle1 x16",
    "from": [ -3, 0.1, -1 ],
    "to": [ -2, 0.1, 0 ],
    "faces": {
        "down":  { "uv": [ 13, 16, 14, 15 ], "texture": "#texture" },
        "up":    { "uv": [ 13, 15, 14, 16 ], "texture": "#texture" },
        "north": { "uv": [ 14, 15, 13, 16 ], "texture": "#texture" },
        "south": { "uv": [ 13, 16, 14, 15 ], "texture": "#texture" },
        "west":  { "uv": [ 13, 15, 14, 16 ], "rotation": 270, "texture": "#texture" },
        "east":  { "uv": [ 14, 15, 13, 16 ], "rotation": 90, "texture": "#texture" }
    }
},
{
    "__comment": "enchanting_table_circle1 x16",
    "from": [ -2, 0.1, -14 ],
    "to": [ 0, 0.1, -13 ],
    "faces": {
        "down":  { "uv": [ 14, 3, 16, 2 ], "texture": "#texture" },
        "up":    { "uv": [ 14, 2, 16, 3 ], "texture": "#texture" },
        "north": { "uv": [ 16, 2, 14, 3 ], "texture": "#texture" },
        "south": { "uv": [ 14, 3, 16, 2 ], "texture": "#texture" },
        "west":  { "uv": [ 14, 2, 15, 3 ], "rotation": 270, "texture": "#texture" },
        "east":  { "uv": [ 16, 2, 15, 3 ], "rotation": 90, "texture": "#texture" }
    }
},
{
    "__comment": "enchanting_table_circle1 x16",
    "from": [ -2, 0.1, -11 ],
    "to": [ 0, 0.1, -10 ],
    "faces": {
        "down":  { "uv": [ 14, 6, 16, 5 ], "texture": "#texture" },
        "up":    { "uv": [ 14, 5, 16, 6 ], "texture": "#texture" },
        "north": { "uv": [ 16, 5, 14, 6 ], "texture": "#texture" },
        "south": { "uv": [ 14, 6, 16, 5 ], "texture": "#texture" },
        "west":  { "uv": [ 14, 5, 15, 6 ], "rotation": 270, "texture": "#texture" },
        "east":  { "uv": [ 16, 5, 15, 6 ], "rotation": 90, "texture": "#texture" }
    }
},
{
    "__comment": "enchanting_table_circle1 x16",
    "from": [ -2, 0.1, -7 ],
    "to": [ 0, 0.1, -6 ],
    "faces": {
        "down":  { "uv": [ 14, 10, 16, 9 ], "texture": "#texture" },
        "up":    { "uv": [ 14, 9, 16, 10 ], "texture": "#texture" },
        "north": { "uv": [ 16, 9, 14, 10 ], "texture": "#texture" },
        "south": { "uv": [ 14, 10, 16, 9 ], "texture": "#texture" },
        "west":  { "uv": [ 14, 9, 15, 10 ], "rotation": 270, "texture": "#texture" },
        "east":  { "uv": [ 16, 9, 15, 10 ], "rotation": 90, "texture": "#texture" }
    }
},
{
    "__comment": "enchanting_table_circle1 x16",
    "from": [ -2, 0.1, -2 ],
    "to": [ -1, 0.1, -1 ],
    "faces": {
        "down":  { "uv": [ 14, 15, 15, 14 ], "texture": "#texture" },
        "up":    { "uv": [ 14, 14, 15, 15 ], "texture": "#texture" },
        "north": { "uv": [ 15, 14, 14, 15 ], "texture": "#texture" },
        "south": { "uv": [ 14, 15, 15, 14 ], "texture": "#texture" },
        "west":  { "uv": [ 14, 14, 15, 15 ], "rotation": 270, "texture": "#texture" },
        "east":  { "uv": [ 15, 14, 14, 15 ], "rotation": 90, "texture": "#texture" }
    }
},
{
    "__comment": "enchanting_table_circle1 x16",
    "from": [ -1, 0.1, -12 ],
    "to": [ 0, 0.1, -11 ],
    "faces": {
        "down":  { "uv": [ 15, 5, 16, 4 ], "texture": "#texture" },
        "up":    { "uv": [ 15, 4, 16, 5 ], "texture": "#texture" },
        "north": { "uv": [ 16, 4, 15, 5 ], "texture": "#texture" },
        "south": { "uv": [ 15, 5, 16, 4 ], "texture": "#texture" },
        "west":  { "uv": [ 15, 4, 16, 5 ], "rotation": 270, "texture": "#texture" },
        "east":  { "uv": [ 16, 4, 15, 5 ], "rotation": 90, "texture": "#texture" }
    }
},
{
    "__comment": "enchanting_table_circle1 x16",
    "from": [ -1, 0.1, -3 ],
    "to": [ 0, 0.1, -2 ],
    "faces": {
        "down":  { "uv": [ 15, 14, 16, 13 ], "texture": "#texture" },
        "up":    { "uv": [ 15, 13, 16, 14 ], "texture": "#texture" },
        "north": { "uv": [ 16, 13, 15, 14 ], "texture": "#texture" },
        "south": { "uv": [ 15, 14, 16, 13 ], "texture": "#texture" },
        "west":  { "uv": [ 15, 13, 16, 14 ], "rotation": 270, "texture": "#texture" },
        "east":  { "uv": [ 16, 13, 15, 14 ], "rotation": 90, "texture": "#texture" }
    }
},
{
    "__comment": "enchanting_table_circle1 x16",
    "from": [ -1, 0.1, -1 ],
    "to": [ 0, 0.1, 0 ],
    "faces": {
        "down":  { "uv": [ 15, 16, 16, 15 ], "texture": "#texture" },
        "up":    { "uv": [ 15, 15, 16, 16 ], "texture": "#texture" },
        "north": { "uv": [ 16, 15, 15, 16 ], "texture": "#texture" },
        "south": { "uv": [ 15, 16, 16, 15 ], "texture": "#texture" },
        "west":  { "uv": [ 15, 15, 16, 16 ], "rotation": 270, "texture": "#texture" },
        "east":  { "uv": [ 16, 15, 15, 16 ], "rotation": 90, "texture": "#texture" }
    }
}
]
}