{
"__comment": "Designed by tomaxed with Cubik",
"textures": {
    "texture": "blocks/enchanting_table_circle3"
},
"elements": [ 
{
    "__comment": "enchanting_table_circle3 x16",
    "from": [ 16, 0.1, -14 ],
    "to": [ 18, 0.1, -13 ],
    "faces": {
        "down":  { "uv": [ 0, 3, 2, 2 ], "texture": "#texture" },
        "up":    { "uv": [ 0, 2, 2, 3 ], "texture": "#texture" },
        "north": { "uv": [ 2, 2, 0, 3 ], "texture": "#texture" },
        "south": { "uv": [ 0, 3, 2, 2 ], "texture": "#texture" },
        "west":  { "uv": [ 0, 2, 1, 3 ], "rotation": 270, "texture": "#texture" },
        "east":  { "uv": [ 2, 2, 1, 3 ], "rotation": 90, "texture": "#texture" }
    }
},
{
    "__comment": "enchanting_table_circle3 x16",
    "from": [ 16, 0.1, -12 ],
    "to": [ 17, 0.1, -10 ],
    "faces": {
        "down":  { "uv": [ 0, 6, 1, 4 ], "texture": "#texture" },
        "up":    { "uv": [ 0, 4, 1, 6 ], "texture": "#texture" },
        "north": { "uv": [ 1, 4, 0, 5 ], "texture": "#texture" },
        "south": { "uv": [ 0, 6, 1, 5 ], "texture": "#texture" },
        "west":  { "uv": [ 0, 4, 1, 6 ], "rotation": 270, "texture": "#texture" },
        "east":  { "uv": [ 1, 4, 0, 6 ], "rotation": 90, "texture": "#texture" }
    }
},
{
    "__comment": "enchanting_table_circle3 x16",
    "from": [ 16, 0.1, -7 ],
    "to": [ 18, 0.1, -6 ],
    "faces": {
        "down":  { "uv": [ 0, 10, 2, 9 ], "texture": "#texture" },
        "up":    { "uv": [ 0, 9, 2, 10 ], "texture": "#texture" },
        "north": { "uv": [ 2, 9, 0, 10 ], "texture": "#texture" },
        "south": { "uv": [ 0, 10, 2, 9 ], "texture": "#texture" },
        "west":  { "uv": [ 0, 9, 1, 10 ], "rotation": 270, "texture": "#texture" },
        "east":  { "uv": [ 2, 9, 1, 10 ], "rotation": 90, "texture": "#texture" }
    }
},
{
    "__comment": "enchanting_table_circle3 x16",
    "from": [ 16, 0.1, -3 ],
    "to": [ 17, 0.1, -2 ],
    "faces": {
        "down":  { "uv": [ 0, 14, 1, 13 ], "texture": "#texture" },
        "up":    { "uv": [ 0, 13, 1, 14 ], "texture": "#texture" },
        "north": { "uv": [ 1, 13, 0, 14 ], "texture": "#texture" },
        "south": { "uv": [ 0, 14, 1, 13 ], "texture": "#texture" },
        "west":  { "uv": [ 0, 13, 1, 14 ], "rotation": 270, "texture": "#texture" },
        "east":  { "uv": [ 1, 13, 0, 14 ], "rotation": 90, "texture": "#texture" }
    }
},
{
    "__comment": "enchanting_table_circle3 x16",
    "from": [ 16, 0.1, -1 ],
    "to": [ 17, 0.1, 0 ],
    "faces": {
        "down":  { "uv": [ 0, 16, 1, 15 ], "texture": "#texture" },
        "up":    { "uv": [ 0, 15, 1, 16 ], "texture": "#texture" },
        "north": { "uv": [ 1, 15, 0, 16 ], "texture": "#texture" },
        "south": { "uv": [ 0, 16, 1, 15 ], "texture": "#texture" },
        "west":  { "uv": [ 0, 15, 1, 16 ], "rotation": 270, "texture": "#texture" },
        "east":  { "uv": [ 1, 15, 0, 16 ], "rotation": 90, "texture": "#texture" }
    }
},
{
    "__comment": "enchanting_table_circle3 x16",
    "from": [ 17, 0.1, -13 ],
    "to": [ 20, 0.1, -12 ],
    "faces": {
        "down":  { "uv": [ 1, 4, 4, 3 ], "texture": "#texture" },
        "up":    { "uv": [ 1, 3, 4, 4 ], "texture": "#texture" },
        "north": { "uv": [ 4, 3, 1, 4 ], "texture": "#texture" },
        "south": { "uv": [ 1, 4, 4, 3 ], "texture": "#texture" },
        "west":  { "uv": [ 1, 3, 2, 4 ], "rotation": 270, "texture": "#texture" },
        "east":  { "uv": [ 4, 3, 3, 4 ], "rotation": 90, "texture": "#texture" }
    }
},
{
    "__comment": "enchanting_table_circle3 x16",
    "from": [ 17, 0.1, -11 ],
    "to": [ 18, 0.1, -10 ],
    "faces": {
        "down":  { "uv": [ 1, 6, 2, 5 ], "texture": "#texture" },
        "up":    { "uv": [ 1, 5, 2, 6 ], "texture": "#texture" },
        "north": { "uv": [ 2, 5, 1, 6 ], "texture": "#texture" },
        "south": { "uv": [ 1, 6, 2, 5 ], "texture": "#texture" },
        "west":  { "uv": [ 1, 5, 2, 6 ], "rotation": 270, "texture": "#texture" },
        "east":  { "uv": [ 2, 5, 1, 6 ], "rotation": 90, "texture": "#texture" }
    }
},
{
    "__comment": "enchanting_table_circle3 x16",
    "from": [ 17, 0.1, -2 ],
    "to": [ 18, 0.1, -1 ],
    "faces": {
        "down":  { "uv": [ 1, 15, 2, 14 ], "texture": "#texture" },
        "up":    { "uv": [ 1, 14, 2, 15 ], "texture": "#texture" },
        "north": { "uv": [ 2, 14, 1, 15 ], "texture": "#texture" },
        "south": { "uv": [ 1, 15, 2, 14 ], "texture": "#texture" },
        "west":  { "uv": [ 1, 14, 2, 15 ], "rotation": 270, "texture": "#texture" },
        "east":  { "uv": [ 2, 14, 1, 15 ], "rotation": 90, "texture": "#texture" }
    }
},
{
    "__comment": "enchanting_table_circle3 x16",
    "from": [ 18, 0.1, -10 ],
    "to": [ 19, 0.1, -9 ],
    "faces": {
        "down":  { "uv": [ 2, 7, 3, 6 ], "texture": "#texture" },
        "up":    { "uv": [ 2, 6, 3, 7 ], "texture": "#texture" },
        "north": { "uv": [ 3, 6, 2, 7 ], "texture": "#texture" },
        "south": { "uv": [ 2, 7, 3, 6 ], "texture": "#texture" },
        "west":  { "uv": [ 2, 6, 3, 7 ], "rotation": 270, "texture": "#texture" },
        "east":  { "uv": [ 3, 6, 2, 7 ], "rotation": 90, "texture": "#texture" }
    }
},
{
    "__comment": "enchanting_table_circle3 x16",
    "from": [ 18, 0.1, -6 ],
    "to": [ 19, 0.1, -5 ],
    "faces": {
        "down":  { "uv": [ 2, 11, 3, 10 ], "texture": "#texture" },
        "up":    { "uv": [ 2, 10, 3, 11 ], "texture": "#texture" },
        "north": { "uv": [ 3, 10, 2, 11 ], "texture": "#texture" },
        "south": { "uv": [ 2, 11, 3, 10 ], "texture": "#texture" },
        "west":  { "uv": [ 2, 10, 3, 11 ], "rotation": 270, "texture": "#texture" },
        "east":  { "uv": [ 3, 10, 2, 11 ], "rotation": 90, "texture": "#texture" }
    }
},
{
    "__comment": "enchanting_table_circle3 x16",
    "from": [ 18, 0.1, -3 ],
    "to": [ 19, 0.1, -2 ],
    "faces": {
        "down":  { "uv": [ 2, 14, 3, 13 ], "texture": "#texture" },
        "up":    { "uv": [ 2, 13, 3, 14 ], "texture": "#texture" },
        "north": { "uv": [ 3, 13, 2, 14 ], "texture": "#texture" },
        "south": { "uv": [ 2, 14, 3, 13 ], "texture": "#texture" },
        "west":  { "uv": [ 2, 13, 3, 14 ], "rotation": 270, "texture": "#texture" },
        "east":  { "uv": [ 3, 13, 2, 14 ], "rotation": 90, "texture": "#texture" }
    }
},
{
    "__comment": "enchanting_table_circle3 x16",
    "from": [ 18, 0.1, -1 ],
    "to": [ 19, 0.1, 0 ],
    "faces": {
        "down":  { "uv": [ 2, 16, 3, 15 ], "texture": "#texture" },
        "up":    { "uv": [ 2, 15, 3, 16 ], "texture": "#texture" },
        "north": { "uv": [ 3, 15, 2, 16 ], "texture": "#texture" },
        "south": { "uv": [ 2, 16, 3, 15 ], "texture": "#texture" },
        "west":  { "uv": [ 2, 15, 3, 16 ], "rotation": 270, "texture": "#texture" },
        "east":  { "uv": [ 3, 15, 2, 16 ], "rotation": 90, "texture": "#texture" }
    }
},
{
    "__comment": "enchanting_table_circle3 x16",
    "from": [ 19, 0.1, -9 ],
    "to": [ 21, 0.1, -8 ],
    "faces": {
        "down":  { "uv": [ 3, 8, 5, 7 ], "texture": "#texture" },
        "up":    { "uv": [ 3, 7, 5, 8 ], "texture": "#texture" },
        "north": { "uv": [ 5, 7, 3, 8 ], "texture": "#texture" },
        "south": { "uv": [ 3, 8, 5, 7 ], "texture": "#texture" },
        "west":  { "uv": [ 3, 7, 4, 8 ], "rotation": 270, "texture": "#texture" },
        "east":  { "uv": [ 5, 7, 4, 8 ], "rotation": 90, "texture": "#texture" }
    }
},
{
    "__comment": "enchanting_table_circle3 x16",
    "from": [ 19, 0.1, -4 ],
    "to": [ 20, 0.1, -3 ],
    "faces": {
        "down":  { "uv": [ 3, 13, 4, 12 ], "texture": "#texture" },
        "up":    { "uv": [ 3, 12, 4, 13 ], "texture": "#texture" },
        "north": { "uv": [ 4, 12, 3, 13 ], "texture": "#texture" },
        "south": { "uv": [ 3, 13, 4, 12 ], "texture": "#texture" },
        "west":  { "uv": [ 3, 12, 4, 13 ], "rotation": 270, "texture": "#texture" },
        "east":  { "uv": [ 4, 12, 3, 13 ], "rotation": 90, "texture": "#texture" }
    }
},
{
    "__comment": "enchanting_table_circle3 x16",
    "from": [ 20, 0.1, -12 ],
    "to": [ 22, 0.1, -11 ],
    "faces": {
        "down":  { "uv": [ 4, 5, 6, 4 ], "texture": "#texture" },
        "up":    { "uv": [ 4, 4, 6, 5 ], "texture": "#texture" },
        "north": { "uv": [ 6, 4, 4, 5 ], "texture": "#texture" },
        "south": { "uv": [ 4, 5, 6, 4 ], "texture": "#texture" },
        "west":  { "uv": [ 4, 4, 5, 5 ], "rotation": 270, "texture": "#texture" },
        "east":  { "uv": [ 6, 4, 5, 5 ], "rotation": 90, "texture": "#texture" }
    }
},
{
    "__comment": "enchanting_table_circle3 x16",
    "from": [ 20, 0.1, -5 ],
    "to": [ 21, 0.1, -4 ],
    "faces": {
        "down":  { "uv": [ 4, 12, 5, 11 ], "texture": "#texture" },
        "up":    { "uv": [ 4, 11, 5, 12 ], "texture": "#texture" },
        "north": { "uv": [ 5, 11, 4, 12 ], "texture": "#texture" },
        "south": { "uv": [ 4, 12, 5, 11 ], "texture": "#texture" },
        "west":  { "uv": [ 4, 11, 5, 12 ], "rotation": 270, "texture": "#texture" },
        "east":  { "uv": [ 5, 11, 4, 12 ], "rotation": 90, "texture": "#texture" }
    }
},
{
    "__comment": "enchanting_table_circle3 x16",
    "from": [ 21, 0.1, -8 ],
    "to": [ 22, 0.1, -7 ],
    "faces": {
        "down":  { "uv": [ 5, 9, 6, 8 ], "texture": "#texture" },
        "up":    { "uv": [ 5, 8, 6, 9 ], "texture": "#texture" },
        "north": { "uv": [ 6, 8, 5, 9 ], "texture": "#texture" },
        "south": { "uv": [ 5, 9, 6, 8 ], "texture": "#texture" },
        "west":  { "uv": [ 5, 8, 6, 9 ], "rotation": 270, "texture": "#texture" },
        "east":  { "uv": [ 6, 8, 5, 9 ], "rotation": 90, "texture": "#texture" }
    }
},
{
    "__comment": "enchanting_table_circle3 x16",
    "from": [ 21, 0.1, -6 ],
    "to": [ 22, 0.1, -5 ],
    "faces": {
        "down":  { "uv": [ 5, 11, 6, 10 ], "texture": "#texture" },
        "up":    { "uv": [ 5, 10, 6, 11 ], "texture": "#texture" },
        "north": { "uv": [ 6, 10, 5, 11 ], "texture": "#texture" },
        "south": { "uv": [ 5, 11, 6, 10 ], "texture": "#texture" },
        "west":  { "uv": [ 5, 10, 6, 11 ], "rotation": 270, "texture": "#texture" },
        "east":  { "uv": [ 6, 10, 5, 11 ], "rotation": 90, "texture": "#texture" }
    }
},
{
    "__comment": "enchanting_table_circle3 x16",
    "from": [ 21, 0.1, -3 ],
    "to": [ 22, 0.1, -2 ],
    "faces": {
        "down":  { "uv": [ 5, 14, 6, 13 ], "texture": "#texture" },
        "up":    { "uv": [ 5, 13, 6, 14 ], "texture": "#texture" },
        "north": { "uv": [ 6, 13, 5, 14 ], "texture": "#texture" },
        "south": { "uv": [ 5, 14, 6, 13 ], "texture": "#texture" },
        "west":  { "uv": [ 5, 13, 6, 14 ], "rotation": 270, "texture": "#texture" },
        "east":  { "uv": [ 6, 13, 5, 14 ], "rotation": 90, "texture": "#texture" }
    }
},
{
    "__comment": "enchanting_table_circle3 x16",
    "from": [ 22, 0.1, -11 ],
    "to": [ 23, 0.1, -10 ],
    "faces": {
        "down":  { "uv": [ 6, 6, 7, 5 ], "texture": "#texture" },
        "up":    { "uv": [ 6, 5, 7, 6 ], "texture": "#texture" },
        "north": { "uv": [ 7, 5, 6, 6 ], "texture": "#texture" },
        "south": { "uv": [ 6, 6, 7, 5 ], "texture": "#texture" },
        "west":  { "uv": [ 6, 5, 7, 6 ], "rotation": 270, "texture": "#texture" },
        "east":  { "uv": [ 7, 5, 6, 6 ], "rotation": 90, "texture": "#texture" }
    }
},
{
    "__comment": "enchanting_table_circle3 x16",
    "from": [ 22, 0.1, -7 ],
    "to": [ 23, 0.1, -6 ],
    "faces": {
        "down":  { "uv": [ 6, 10, 7, 9 ], "texture": "#texture" },
        "up":    { "uv": [ 6, 9, 7, 10 ], "texture": "#texture" },
        "north": { "uv": [ 7, 9, 6, 10 ], "texture": "#texture" },
        "south": { "uv": [ 6, 10, 7, 9 ], "texture": "#texture" },
        "west":  { "uv": [ 6, 9, 7, 10 ], "rotation": 270, "texture": "#texture" },
        "east":  { "uv": [ 7, 9, 6, 10 ], "rotation": 90, "texture": "#texture" }
    }
},
{
    "__comment": "enchanting_table_circle3 x16",
    "from": [ 22, 0.1, -2 ],
    "to": [ 23, 0.1, 0 ],
    "faces": {
        "down":  { "uv": [ 6, 16, 7, 14 ], "texture": "#texture" },
        "up":    { "uv": [ 6, 14, 7, 16 ], "texture": "#texture" },
        "north": { "uv": [ 7, 14, 6, 15 ], "texture": "#texture" },
        "south": { "uv": [ 6, 16, 7, 15 ], "texture": "#texture" },
        "west":  { "uv": [ 6, 14, 7, 16 ], "rotation": 270, "texture": "#texture" },
        "east":  { "uv": [ 7, 14, 6, 16 ], "rotation": 90, "texture": "#texture" }
    }
},
{
    "__comment": "enchanting_table_circle3 x16",
    "from": [ 23, 0.1, -10 ],
    "to": [ 24, 0.1, -9 ],
    "faces": {
        "down":  { "uv": [ 7, 7, 8, 6 ], "texture": "#texture" },
        "up":    { "uv": [ 7, 6, 8, 7 ], "texture": "#texture" },
        "north": { "uv": [ 8, 6, 7, 7 ], "texture": "#texture" },
        "south": { "uv": [ 7, 7, 8, 6 ], "texture": "#texture" },
        "west":  { "uv": [ 7, 6, 8, 7 ], "rotation": 270, "texture": "#texture" },
        "east":  { "uv": [ 8, 6, 7, 7 ], "rotation": 90, "texture": "#texture" }
    }
},
{
    "__comment": "enchanting_table_circle3 x16",
    "from": [ 23, 0.1, -8 ],
    "to": [ 24, 0.1, -7 ],
    "faces": {
        "down":  { "uv": [ 7, 9, 8, 8 ], "texture": "#texture" },
        "up":    { "uv": [ 7, 8, 8, 9 ], "texture": "#texture" },
        "north": { "uv": [ 8, 8, 7, 9 ], "texture": "#texture" },
        "south": { "uv": [ 7, 9, 8, 8 ], "texture": "#texture" },
        "west":  { "uv": [ 7, 8, 8, 9 ], "rotation": 270, "texture": "#texture" },
        "east":  { "uv": [ 8, 8, 7, 9 ], "rotation": 90, "texture": "#texture" }
    }
},
{
    "__comment": "enchanting_table_circle3 x16",
    "from": [ 23, 0.1, -6 ],
    "to": [ 24, 0.1, -5 ],
    "faces": {
        "down":  { "uv": [ 7, 11, 8, 10 ], "texture": "#texture" },
        "up":    { "uv": [ 7, 10, 8, 11 ], "texture": "#texture" },
        "north": { "uv": [ 8, 10, 7, 11 ], "texture": "#texture" },
        "south": { "uv": [ 7, 11, 8, 10 ], "texture": "#texture" },
        "west":  { "uv": [ 7, 10, 8, 11 ], "rotation": 270, "texture": "#texture" },
        "east":  { "uv": [ 8, 10, 7, 11 ], "rotation": 90, "texture": "#texture" }
    }
},
{
    "__comment": "enchanting_table_circle3 x16",
    "from": [ 24, 0.1, -9 ],
    "to": [ 25, 0.1, -8 ],
    "faces": {
        "down":  { "uv": [ 8, 8, 9, 7 ], "texture": "#texture" },
        "up":    { "uv": [ 8, 7, 9, 8 ], "texture": "#texture" },
        "north": { "uv": [ 9, 7, 8, 8 ], "texture": "#texture" },
        "south": { "uv": [ 8, 8, 9, 7 ], "texture": "#texture" },
        "west":  { "uv": [ 8, 7, 9, 8 ], "rotation": 270, "texture": "#texture" },
        "east":  { "uv": [ 9, 7, 8, 8 ], "rotation": 90, "texture": "#texture" }
    }
},
{
    "__comment": "enchanting_table_circle3 x16",
    "from": [ 24, 0.1, -5 ],
    "to": [ 25, 0.1, -3 ],
    "faces": {
        "down":  { "uv": [ 8, 13, 9, 11 ], "texture": "#texture" },
        "up":    { "uv": [ 8, 11, 9, 13 ], "texture": "#texture" },
        "north": { "uv": [ 9, 11, 8, 12 ], "texture": "#texture" },
        "south": { "uv": [ 8, 13, 9, 12 ], "texture": "#texture" },
        "west":  { "uv": [ 8, 11, 9, 13 ], "rotation": 270, "texture": "#texture" },
        "east":  { "uv": [ 9, 11, 8, 13 ], "rotation": 90, "texture": "#texture" }
    }
},
{
    "__comment": "enchanting_table_circle3 x16",
    "from": [ 25, 0.1, -8 ],
    "to": [ 26, 0.1, -7 ],
    "faces": {
        "down":  { "uv": [ 9, 9, 10, 8 ], "texture": "#texture" },
        "up":    { "uv": [ 9, 8, 10, 9 ], "texture": "#texture" },
        "north": { "uv": [ 10, 8, 9, 9 ], "texture": "#texture" },
        "south": { "uv": [ 9, 9, 10, 8 ], "texture": "#texture" },
        "west":  { "uv": [ 9, 8, 10, 9 ], "rotation": 270, "texture": "#texture" },
        "east":  { "uv": [ 10, 8, 9, 9 ], "rotation": 90, "texture": "#texture" }
    }
},
{
    "__comment": "enchanting_table_circle3 x16",
    "from": [ 25, 0.1, -3 ],
    "to": [ 26, 0.1, -2 ],
    "faces": {
        "down":  { "uv": [ 9, 14, 10, 13 ], "texture": "#texture" },
        "up":    { "uv": [ 9, 13, 10, 14 ], "texture": "#texture" },
        "north": { "uv": [ 10, 13, 9, 14 ], "texture": "#texture" },
        "south": { "uv": [ 9, 14, 10, 13 ], "texture": "#texture" },
        "west":  { "uv": [ 9, 13, 10, 14 ], "rotation": 270, "texture": "#texture" },
        "east":  { "uv": [ 10, 13, 9, 14 ], "rotation": 90, "texture": "#texture" }
    }
},
{
    "__comment": "enchanting_table_circle3 x16",
    "from": [ 26, 0.1, -7 ],
    "to": [ 27, 0.1, -6 ],
    "faces": {
        "down":  { "uv": [ 10, 10, 11, 9 ], "texture": "#texture" },
        "up":    { "uv": [ 10, 9, 11, 10 ], "texture": "#texture" },
        "north": { "uv": [ 11, 9, 10, 10 ], "texture": "#texture" },
        "south": { "uv": [ 10, 10, 11, 9 ], "texture": "#texture" },
        "west":  { "uv": [ 10, 9, 11, 10 ], "rotation": 270, "texture": "#texture" },
        "east":  { "uv": [ 11, 9, 10, 10 ], "rotation": 90, "texture": "#texture" }
    }
},
{
    "__comment": "enchanting_table_circle3 x16",
    "from": [ 26, 0.1, -2 ],
    "to": [ 27, 0.1, 0 ],
    "faces": {
        "down":  { "uv": [ 10, 16, 11, 14 ], "texture": "#texture" },
        "up":    { "uv": [ 10, 14, 11, 16 ], "texture": "#texture" },
        "north": { "uv": [ 11, 14, 10, 15 ], "texture": "#texture" },
        "south": { "uv": [ 10, 16, 11, 15 ], "texture": "#texture" },
        "west":  { "uv": [ 10, 14, 11, 16 ], "rotation": 270, "texture": "#texture" },
        "east":  { "uv": [ 11, 14, 10, 16 ], "rotation": 90, "texture": "#texture" }
    }
},
{
    "__comment": "enchanting_table_circle3 x16",
    "from": [ 27, 0.1, -6 ],
    "to": [ 28, 0.1, -4 ],
    "faces": {
        "down":  { "uv": [ 11, 12, 12, 10 ], "texture": "#texture" },
        "up":    { "uv": [ 11, 10, 12, 12 ], "texture": "#texture" },
        "north": { "uv": [ 12, 10, 11, 11 ], "texture": "#texture" },
        "south": { "uv": [ 11, 12, 12, 11 ], "texture": "#texture" },
        "west":  { "uv": [ 11, 10, 12, 12 ], "rotation": 270, "texture": "#texture" },
        "east":  { "uv": [ 12, 10, 11, 12 ], "rotation": 90, "texture": "#texture" }
    }
},
{
    "__comment": "enchanting_table_circle3 x16",
    "from": [ 27, 0.1, -1 ],
    "to": [ 28, 0.1, 0 ],
    "faces": {
        "down":  { "uv": [ 11, 16, 12, 15 ], "texture": "#texture" },
        "up":    { "uv": [ 11, 15, 12, 16 ], "texture": "#texture" },
        "north": { "uv": [ 12, 15, 11, 16 ], "texture": "#texture" },
        "south": { "uv": [ 11, 16, 12, 15 ], "texture": "#texture" },
        "west":  { "uv": [ 11, 15, 12, 16 ], "rotation": 270, "texture": "#texture" },
        "east":  { "uv": [ 12, 15, 11, 16 ], "rotation": 90, "texture": "#texture" }
    }
},
{
    "__comment": "enchanting_table_circle3 x16",
    "from": [ 28, 0.1, -4 ],
    "to": [ 29, 0.1, -1 ],
    "faces": {
        "down":  { "uv": [ 12, 15, 13, 12 ], "texture": "#texture" },
        "up":    { "uv": [ 12, 12, 13, 15 ], "texture": "#texture" },
        "north": { "uv": [ 13, 12, 12, 13 ], "texture": "#texture" },
        "south": { "uv": [ 12, 15, 13, 14 ], "texture": "#texture" },
        "west":  { "uv": [ 12, 12, 13, 15 ], "rotation": 270, "texture": "#texture" },
        "east":  { "uv": [ 13, 12, 12, 15 ], "rotation": 90, "texture": "#texture" }
    }
},
{
    "__comment": "enchanting_table_circle3 x16",
    "from": [ 29, 0.1, -2 ],
    "to": [ 30, 0.1, 0 ],
    "faces": {
        "down":  { "uv": [ 13, 16, 14, 14 ], "texture": "#texture" },
        "up":    { "uv": [ 13, 14, 14, 16 ], "texture": "#texture" },
        "north": { "uv": [ 14, 14, 13, 15 ], "texture": "#texture" },
        "south": { "uv": [ 13, 16, 14, 15 ], "texture": "#texture" },
        "west":  { "uv": [ 13, 14, 14, 16 ], "rotation": 270, "texture": "#texture" },
        "east":  { "uv": [ 14, 14, 13, 16 ], "rotation": 90, "texture": "#texture" }
    }
}
]
}