{
"__comment": "Designed by tomaxed with Cubik",
"textures": {
    "texture": "blocks/enchanting_table_circle7"
},
"elements": [ 
{
    "__comment": "enchanting_table_circle7 x16",
    "from": [ -14, 0.1, 16 ],
    "to": [ -13, 0.1, 18 ],
    "faces": {
        "down":  { "uv": [ 2, 2, 3, 0 ], "texture": "#texture" },
        "up":    { "uv": [ 2, 0, 3, 2 ], "texture": "#texture" },
        "north": { "uv": [ 3, 0, 2, 1 ], "texture": "#texture" },
        "south": { "uv": [ 2, 2, 3, 1 ], "texture": "#texture" },
        "west":  { "uv": [ 2, 0, 3, 2 ], "rotation": 270, "texture": "#texture" },
        "east":  { "uv": [ 3, 0, 2, 2 ], "rotation": 90, "texture": "#texture" }
    }
},
{
    "__comment": "enchanting_table_circle7 x16",
    "from": [ -13, 0.1, 17 ],
    "to": [ -12, 0.1, 20 ],
    "faces": {
        "down":  { "uv": [ 3, 4, 4, 1 ], "texture": "#texture" },
        "up":    { "uv": [ 3, 1, 4, 4 ], "texture": "#texture" },
        "north": { "uv": [ 4, 1, 3, 2 ], "texture": "#texture" },
        "south": { "uv": [ 3, 4, 4, 3 ], "texture": "#texture" },
        "west":  { "uv": [ 3, 1, 4, 4 ], "rotation": 270, "texture": "#texture" },
        "east":  { "uv": [ 4, 1, 3, 4 ], "rotation": 90, "texture": "#texture" }
    }
},
{
    "__comment": "enchanting_table_circle7 x16",
    "from": [ -12, 0.1, 16 ],
    "to": [ -10, 0.1, 17 ],
    "faces": {
        "down":  { "uv": [ 4, 1, 6, 0 ], "texture": "#texture" },
        "up":    { "uv": [ 4, 0, 6, 1 ], "texture": "#texture" },
        "north": { "uv": [ 6, 0, 4, 1 ], "texture": "#texture" },
        "south": { "uv": [ 4, 1, 6, 0 ], "texture": "#texture" },
        "west":  { "uv": [ 4, 0, 5, 1 ], "rotation": 270, "texture": "#texture" },
        "east":  { "uv": [ 6, 0, 5, 1 ], "rotation": 90, "texture": "#texture" }
    }
},
{
    "__comment": "enchanting_table_circle7 x16",
    "from": [ -12, 0.1, 20 ],
    "to": [ -11, 0.1, 22 ],
    "faces": {
        "down":  { "uv": [ 4, 6, 5, 4 ], "texture": "#texture" },
        "up":    { "uv": [ 4, 4, 5, 6 ], "texture": "#texture" },
        "north": { "uv": [ 5, 4, 4, 5 ], "texture": "#texture" },
        "south": { "uv": [ 4, 6, 5, 5 ], "texture": "#texture" },
        "west":  { "uv": [ 4, 4, 5, 6 ], "rotation": 270, "texture": "#texture" },
        "east":  { "uv": [ 5, 4, 4, 6 ], "rotation": 90, "texture": "#texture" }
    }
},
{
    "__comment": "enchanting_table_circle7 x16",
    "from": [ -11, 0.1, 17 ],
    "to": [ -10, 0.1, 18 ],
    "faces": {
        "down":  { "uv": [ 5, 2, 6, 1 ], "texture": "#texture" },
        "up":    { "uv": [ 5, 1, 6, 2 ], "texture": "#texture" },
        "north": { "uv": [ 6, 1, 5, 2 ], "texture": "#texture" },
        "south": { "uv": [ 5, 2, 6, 1 ], "texture": "#texture" },
        "west":  { "uv": [ 5, 1, 6, 2 ], "rotation": 270, "texture": "#texture" },
        "east":  { "uv": [ 6, 1, 5, 2 ], "rotation": 90, "texture": "#texture" }
    }
},
{
    "__comment": "enchanting_table_circle7 x16",
    "from": [ -11, 0.1, 22 ],
    "to": [ -10, 0.1, 23 ],
    "faces": {
        "down":  { "uv": [ 5, 7, 6, 6 ], "texture": "#texture" },
        "up":    { "uv": [ 5, 6, 6, 7 ], "texture": "#texture" },
        "north": { "uv": [ 6, 6, 5, 7 ], "texture": "#texture" },
        "south": { "uv": [ 5, 7, 6, 6 ], "texture": "#texture" },
        "west":  { "uv": [ 5, 6, 6, 7 ], "rotation": 270, "texture": "#texture" },
        "east":  { "uv": [ 6, 6, 5, 7 ], "rotation": 90, "texture": "#texture" }
    }
},
{
    "__comment": "enchanting_table_circle7 x16",
    "from": [ -10, 0.1, 18 ],
    "to": [ -9, 0.1, 19 ],
    "faces": {
        "down":  { "uv": [ 6, 3, 7, 2 ], "texture": "#texture" },
        "up":    { "uv": [ 6, 2, 7, 3 ], "texture": "#texture" },
        "north": { "uv": [ 7, 2, 6, 3 ], "texture": "#texture" },
        "south": { "uv": [ 6, 3, 7, 2 ], "texture": "#texture" },
        "west":  { "uv": [ 6, 2, 7, 3 ], "rotation": 270, "texture": "#texture" },
        "east":  { "uv": [ 7, 2, 6, 3 ], "rotation": 90, "texture": "#texture" }
    }
},
{
    "__comment": "enchanting_table_circle7 x16",
    "from": [ -10, 0.1, 23 ],
    "to": [ -9, 0.1, 24 ],
    "faces": {
        "down":  { "uv": [ 6, 8, 7, 7 ], "texture": "#texture" },
        "up":    { "uv": [ 6, 7, 7, 8 ], "texture": "#texture" },
        "north": { "uv": [ 7, 7, 6, 8 ], "texture": "#texture" },
        "south": { "uv": [ 6, 8, 7, 7 ], "texture": "#texture" },
        "west":  { "uv": [ 6, 7, 7, 8 ], "rotation": 270, "texture": "#texture" },
        "east":  { "uv": [ 7, 7, 6, 8 ], "rotation": 90, "texture": "#texture" }
    }
},
{
    "__comment": "enchanting_table_circle7 x16",
    "from": [ -9, 0.1, 19 ],
    "to": [ -8, 0.1, 21 ],
    "faces": {
        "down":  { "uv": [ 7, 5, 8, 3 ], "texture": "#texture" },
        "up":    { "uv": [ 7, 3, 8, 5 ], "texture": "#texture" },
        "north": { "uv": [ 8, 3, 7, 4 ], "texture": "#texture" },
        "south": { "uv": [ 7, 5, 8, 4 ], "texture": "#texture" },
        "west":  { "uv": [ 7, 3, 8, 5 ], "rotation": 270, "texture": "#texture" },
        "east":  { "uv": [ 8, 3, 7, 5 ], "rotation": 90, "texture": "#texture" }
    }
},
{
    "__comment": "enchanting_table_circle7 x16",
    "from": [ -9, 0.1, 24 ],
    "to": [ -8, 0.1, 25 ],
    "faces": {
        "down":  { "uv": [ 7, 9, 8, 8 ], "texture": "#texture" },
        "up":    { "uv": [ 7, 8, 8, 9 ], "texture": "#texture" },
        "north": { "uv": [ 8, 8, 7, 9 ], "texture": "#texture" },
        "south": { "uv": [ 7, 9, 8, 8 ], "texture": "#texture" },
        "west":  { "uv": [ 7, 8, 8, 9 ], "rotation": 270, "texture": "#texture" },
        "east":  { "uv": [ 8, 8, 7, 9 ], "rotation": 90, "texture": "#texture" }
    }
},
{
    "__comment": "enchanting_table_circle7 x16",
    "from": [ -8, 0.1, 21 ],
    "to": [ -7, 0.1, 22 ],
    "faces": {
        "down":  { "uv": [ 8, 6, 9, 5 ], "texture": "#texture" },
        "up":    { "uv": [ 8, 5, 9, 6 ], "texture": "#texture" },
        "north": { "uv": [ 9, 5, 8, 6 ], "texture": "#texture" },
        "south": { "uv": [ 8, 6, 9, 5 ], "texture": "#texture" },
        "west":  { "uv": [ 8, 5, 9, 6 ], "rotation": 270, "texture": "#texture" },
        "east":  { "uv": [ 9, 5, 8, 6 ], "rotation": 90, "texture": "#texture" }
    }
},
{
    "__comment": "enchanting_table_circle7 x16",
    "from": [ -8, 0.1, 23 ],
    "to": [ -7, 0.1, 24 ],
    "faces": {
        "down":  { "uv": [ 8, 8, 9, 7 ], "texture": "#texture" },
        "up":    { "uv": [ 8, 7, 9, 8 ], "texture": "#texture" },
        "north": { "uv": [ 9, 7, 8, 8 ], "texture": "#texture" },
        "south": { "uv": [ 8, 8, 9, 7 ], "texture": "#texture" },
        "west":  { "uv": [ 8, 7, 9, 8 ], "rotation": 270, "texture": "#texture" },
        "east":  { "uv": [ 9, 7, 8, 8 ], "rotation": 90, "texture": "#texture" }
    }
},
{
    "__comment": "enchanting_table_circle7 x16",
    "from": [ -8, 0.1, 25 ],
    "to": [ -7, 0.1, 26 ],
    "faces": {
        "down":  { "uv": [ 8, 10, 9, 9 ], "texture": "#texture" },
        "up":    { "uv": [ 8, 9, 9, 10 ], "texture": "#texture" },
        "north": { "uv": [ 9, 9, 8, 10 ], "texture": "#texture" },
        "south": { "uv": [ 8, 10, 9, 9 ], "texture": "#texture" },
        "west":  { "uv": [ 8, 9, 9, 10 ], "rotation": 270, "texture": "#texture" },
        "east":  { "uv": [ 9, 9, 8, 10 ], "rotation": 90, "texture": "#texture" }
    }
},
{
    "__comment": "enchanting_table_circle7 x16",
    "from": [ -7, 0.1, 16 ],
    "to": [ -6, 0.1, 18 ],
    "faces": {
        "down":  { "uv": [ 9, 2, 10, 0 ], "texture": "#texture" },
        "up":    { "uv": [ 9, 0, 10, 2 ], "texture": "#texture" },
        "north": { "uv": [ 10, 0, 9, 1 ], "texture": "#texture" },
        "south": { "uv": [ 9, 2, 10, 1 ], "texture": "#texture" },
        "west":  { "uv": [ 9, 0, 10, 2 ], "rotation": 270, "texture": "#texture" },
        "east":  { "uv": [ 10, 0, 9, 2 ], "rotation": 90, "texture": "#texture" }
    }
},
{
    "__comment": "enchanting_table_circle7 x16",
    "from": [ -7, 0.1, 22 ],
    "to": [ -6, 0.1, 23 ],
    "faces": {
        "down":  { "uv": [ 9, 7, 10, 6 ], "texture": "#texture" },
        "up":    { "uv": [ 9, 6, 10, 7 ], "texture": "#texture" },
        "north": { "uv": [ 10, 6, 9, 7 ], "texture": "#texture" },
        "south": { "uv": [ 9, 7, 10, 6 ], "texture": "#texture" },
        "west":  { "uv": [ 9, 6, 10, 7 ], "rotation": 270, "texture": "#texture" },
        "east":  { "uv": [ 10, 6, 9, 7 ], "rotation": 90, "texture": "#texture" }
    }
},
{
    "__comment": "enchanting_table_circle7 x16",
    "from": [ -7, 0.1, 26 ],
    "to": [ -6, 0.1, 27 ],
    "faces": {
        "down":  { "uv": [ 9, 11, 10, 10 ], "texture": "#texture" },
        "up":    { "uv": [ 9, 10, 10, 11 ], "texture": "#texture" },
        "north": { "uv": [ 10, 10, 9, 11 ], "texture": "#texture" },
        "south": { "uv": [ 9, 11, 10, 10 ], "texture": "#texture" },
        "west":  { "uv": [ 9, 10, 10, 11 ], "rotation": 270, "texture": "#texture" },
        "east":  { "uv": [ 10, 10, 9, 11 ], "rotation": 90, "texture": "#texture" }
    }
},
{
    "__comment": "enchanting_table_circle7 x16",
    "from": [ -6, 0.1, 18 ],
    "to": [ -5, 0.1, 19 ],
    "faces": {
        "down":  { "uv": [ 10, 3, 11, 2 ], "texture": "#texture" },
        "up":    { "uv": [ 10, 2, 11, 3 ], "texture": "#texture" },
        "north": { "uv": [ 11, 2, 10, 3 ], "texture": "#texture" },
        "south": { "uv": [ 10, 3, 11, 2 ], "texture": "#texture" },
        "west":  { "uv": [ 10, 2, 11, 3 ], "rotation": 270, "texture": "#texture" },
        "east":  { "uv": [ 11, 2, 10, 3 ], "rotation": 90, "texture": "#texture" }
    }
},
{
    "__comment": "enchanting_table_circle7 x16",
    "from": [ -6, 0.1, 21 ],
    "to": [ -5, 0.1, 22 ],
    "faces": {
        "down":  { "uv": [ 10, 6, 11, 5 ], "texture": "#texture" },
        "up":    { "uv": [ 10, 5, 11, 6 ], "texture": "#texture" },
        "north": { "uv": [ 11, 5, 10, 6 ], "texture": "#texture" },
        "south": { "uv": [ 10, 6, 11, 5 ], "texture": "#texture" },
        "west":  { "uv": [ 10, 5, 11, 6 ], "rotation": 270, "texture": "#texture" },
        "east":  { "uv": [ 11, 5, 10, 6 ], "rotation": 90, "texture": "#texture" }
    }
},
{
    "__comment": "enchanting_table_circle7 x16",
    "from": [ -6, 0.1, 23 ],
    "to": [ -5, 0.1, 24 ],
    "faces": {
        "down":  { "uv": [ 10, 8, 11, 7 ], "texture": "#texture" },
        "up":    { "uv": [ 10, 7, 11, 8 ], "texture": "#texture" },
        "north": { "uv": [ 11, 7, 10, 8 ], "texture": "#texture" },
        "south": { "uv": [ 10, 8, 11, 7 ], "texture": "#texture" },
        "west":  { "uv": [ 10, 7, 11, 8 ], "rotation": 270, "texture": "#texture" },
        "east":  { "uv": [ 11, 7, 10, 8 ], "rotation": 90, "texture": "#texture" }
    }
},
{
    "__comment": "enchanting_table_circle7 x16",
    "from": [ -6, 0.1, 27 ],
    "to": [ -4, 0.1, 28 ],
    "faces": {
        "down":  { "uv": [ 10, 12, 12, 11 ], "texture": "#texture" },
        "up":    { "uv": [ 10, 11, 12, 12 ], "texture": "#texture" },
        "north": { "uv": [ 12, 11, 10, 12 ], "texture": "#texture" },
        "south": { "uv": [ 10, 12, 12, 11 ], "texture": "#texture" },
        "west":  { "uv": [ 10, 11, 11, 12 ], "rotation": 270, "texture": "#texture" },
        "east":  { "uv": [ 12, 11, 11, 12 ], "rotation": 90, "texture": "#texture" }
    }
},
{
    "__comment": "enchanting_table_circle7 x16",
    "from": [ -5, 0.1, 20 ],
    "to": [ -4, 0.1, 21 ],
    "faces": {
        "down":  { "uv": [ 11, 5, 12, 4 ], "texture": "#texture" },
        "up":    { "uv": [ 11, 4, 12, 5 ], "texture": "#texture" },
        "north": { "uv": [ 12, 4, 11, 5 ], "texture": "#texture" },
        "south": { "uv": [ 11, 5, 12, 4 ], "texture": "#texture" },
        "west":  { "uv": [ 11, 4, 12, 5 ], "rotation": 270, "texture": "#texture" },
        "east":  { "uv": [ 12, 4, 11, 5 ], "rotation": 90, "texture": "#texture" }
    }
},
{
    "__comment": "enchanting_table_circle7 x16",
    "from": [ -5, 0.1, 24 ],
    "to": [ -3, 0.1, 25 ],
    "faces": {
        "down":  { "uv": [ 11, 9, 13, 8 ], "texture": "#texture" },
        "up":    { "uv": [ 11, 8, 13, 9 ], "texture": "#texture" },
        "north": { "uv": [ 13, 8, 11, 9 ], "texture": "#texture" },
        "south": { "uv": [ 11, 9, 13, 8 ], "texture": "#texture" },
        "west":  { "uv": [ 11, 8, 12, 9 ], "rotation": 270, "texture": "#texture" },
        "east":  { "uv": [ 13, 8, 12, 9 ], "rotation": 90, "texture": "#texture" }
    }
},
{
    "__comment": "enchanting_table_circle7 x16",
    "from": [ -4, 0.1, 19 ],
    "to": [ -3, 0.1, 20 ],
    "faces": {
        "down":  { "uv": [ 12, 4, 13, 3 ], "texture": "#texture" },
        "up":    { "uv": [ 12, 3, 13, 4 ], "texture": "#texture" },
        "north": { "uv": [ 13, 3, 12, 4 ], "texture": "#texture" },
        "south": { "uv": [ 12, 4, 13, 3 ], "texture": "#texture" },
        "west":  { "uv": [ 12, 3, 13, 4 ], "rotation": 270, "texture": "#texture" },
        "east":  { "uv": [ 13, 3, 12, 4 ], "rotation": 90, "texture": "#texture" }
    }
},
{
    "__comment": "enchanting_table_circle7 x16",
    "from": [ -4, 0.1, 28 ],
    "to": [ -1, 0.1, 29 ],
    "faces": {
        "down":  { "uv": [ 12, 13, 15, 12 ], "texture": "#texture" },
        "up":    { "uv": [ 12, 12, 15, 13 ], "texture": "#texture" },
        "north": { "uv": [ 15, 12, 12, 13 ], "texture": "#texture" },
        "south": { "uv": [ 12, 13, 15, 12 ], "texture": "#texture" },
        "west":  { "uv": [ 12, 12, 13, 13 ], "rotation": 270, "texture": "#texture" },
        "east":  { "uv": [ 15, 12, 14, 13 ], "rotation": 90, "texture": "#texture" }
    }
},
{
    "__comment": "enchanting_table_circle7 x16",
    "from": [ -3, 0.1, 16 ],
    "to": [ -2, 0.1, 17 ],
    "faces": {
        "down":  { "uv": [ 13, 1, 14, 0 ], "texture": "#texture" },
        "up":    { "uv": [ 13, 0, 14, 1 ], "texture": "#texture" },
        "north": { "uv": [ 14, 0, 13, 1 ], "texture": "#texture" },
        "south": { "uv": [ 13, 1, 14, 0 ], "texture": "#texture" },
        "west":  { "uv": [ 13, 0, 14, 1 ], "rotation": 270, "texture": "#texture" },
        "east":  { "uv": [ 14, 0, 13, 1 ], "rotation": 90, "texture": "#texture" }
    }
},
{
    "__comment": "enchanting_table_circle7 x16",
    "from": [ -3, 0.1, 18 ],
    "to": [ -2, 0.1, 19 ],
    "faces": {
        "down":  { "uv": [ 13, 3, 14, 2 ], "texture": "#texture" },
        "up":    { "uv": [ 13, 2, 14, 3 ], "texture": "#texture" },
        "north": { "uv": [ 14, 2, 13, 3 ], "texture": "#texture" },
        "south": { "uv": [ 13, 3, 14, 2 ], "texture": "#texture" },
        "west":  { "uv": [ 13, 2, 14, 3 ], "rotation": 270, "texture": "#texture" },
        "east":  { "uv": [ 14, 2, 13, 3 ], "rotation": 90, "texture": "#texture" }
    }
},
{
    "__comment": "enchanting_table_circle7 x16",
    "from": [ -3, 0.1, 21 ],
    "to": [ -2, 0.1, 22 ],
    "faces": {
        "down":  { "uv": [ 13, 6, 14, 5 ], "texture": "#texture" },
        "up":    { "uv": [ 13, 5, 14, 6 ], "texture": "#texture" },
        "north": { "uv": [ 14, 5, 13, 6 ], "texture": "#texture" },
        "south": { "uv": [ 13, 6, 14, 5 ], "texture": "#texture" },
        "west":  { "uv": [ 13, 5, 14, 6 ], "rotation": 270, "texture": "#texture" },
        "east":  { "uv": [ 14, 5, 13, 6 ], "rotation": 90, "texture": "#texture" }
    }
},
{
    "__comment": "enchanting_table_circle7 x16",
    "from": [ -3, 0.1, 25 ],
    "to": [ -2, 0.1, 26 ],
    "faces": {
        "down":  { "uv": [ 13, 10, 14, 9 ], "texture": "#texture" },
        "up":    { "uv": [ 13, 9, 14, 10 ], "texture": "#texture" },
        "north": { "uv": [ 14, 9, 13, 10 ], "texture": "#texture" },
        "south": { "uv": [ 13, 10, 14, 9 ], "texture": "#texture" },
        "west":  { "uv": [ 13, 9, 14, 10 ], "rotation": 270, "texture": "#texture" },
        "east":  { "uv": [ 14, 9, 13, 10 ], "rotation": 90, "texture": "#texture" }
    }
},
{
    "__comment": "enchanting_table_circle7 x16",
    "from": [ -2, 0.1, 17 ],
    "to": [ -1, 0.1, 18 ],
    "faces": {
        "down":  { "uv": [ 14, 2, 15, 1 ], "texture": "#texture" },
        "up":    { "uv": [ 14, 1, 15, 2 ], "texture": "#texture" },
        "north": { "uv": [ 15, 1, 14, 2 ], "texture": "#texture" },
        "south": { "uv": [ 14, 2, 15, 1 ], "texture": "#texture" },
        "west":  { "uv": [ 14, 1, 15, 2 ], "rotation": 270, "texture": "#texture" },
        "east":  { "uv": [ 15, 1, 14, 2 ], "rotation": 90, "texture": "#texture" }
    }
},
{
    "__comment": "enchanting_table_circle7 x16",
    "from": [ -2, 0.1, 22 ],
    "to": [ 0, 0.1, 23 ],
    "faces": {
        "down":  { "uv": [ 14, 7, 16, 6 ], "texture": "#texture" },
        "up":    { "uv": [ 14, 6, 16, 7 ], "texture": "#texture" },
        "north": { "uv": [ 16, 6, 14, 7 ], "texture": "#texture" },
        "south": { "uv": [ 14, 7, 16, 6 ], "texture": "#texture" },
        "west":  { "uv": [ 14, 6, 15, 7 ], "rotation": 270, "texture": "#texture" },
        "east":  { "uv": [ 16, 6, 15, 7 ], "rotation": 90, "texture": "#texture" }
    }
},
{
    "__comment": "enchanting_table_circle7 x16",
    "from": [ -2, 0.1, 26 ],
    "to": [ 0, 0.1, 27 ],
    "faces": {
        "down":  { "uv": [ 14, 11, 16, 10 ], "texture": "#texture" },
        "up":    { "uv": [ 14, 10, 16, 11 ], "texture": "#texture" },
        "north": { "uv": [ 16, 10, 14, 11 ], "texture": "#texture" },
        "south": { "uv": [ 14, 11, 16, 10 ], "texture": "#texture" },
        "west":  { "uv": [ 14, 10, 15, 11 ], "rotation": 270, "texture": "#texture" },
        "east":  { "uv": [ 16, 10, 15, 11 ], "rotation": 90, "texture": "#texture" }
    }
},
{
    "__comment": "enchanting_table_circle7 x16",
    "from": [ -2, 0.1, 29 ],
    "to": [ 0, 0.1, 30 ],
    "faces": {
        "down":  { "uv": [ 14, 14, 16, 13 ], "texture": "#texture" },
        "up":    { "uv": [ 14, 13, 16, 14 ], "texture": "#texture" },
        "north": { "uv": [ 16, 13, 14, 14 ], "texture": "#texture" },
        "south": { "uv": [ 14, 14, 16, 13 ], "texture": "#texture" },
        "west":  { "uv": [ 14, 13, 15, 14 ], "rotation": 270, "texture": "#texture" },
        "east":  { "uv": [ 16, 13, 15, 14 ], "rotation": 90, "texture": "#texture" }
    }
},
{
    "__comment": "enchanting_table_circle7 x16",
    "from": [ -1, 0.1, 16 ],
    "to": [ 0, 0.1, 17 ],
    "faces": {
        "down":  { "uv": [ 15, 1, 16, 0 ], "texture": "#texture" },
        "up":    { "uv": [ 15, 0, 16, 1 ], "texture": "#texture" },
        "north": { "uv": [ 16, 0, 15, 1 ], "texture": "#texture" },
        "south": { "uv": [ 15, 1, 16, 0 ], "texture": "#texture" },
        "west":  { "uv": [ 15, 0, 16, 1 ], "rotation": 270, "texture": "#texture" },
        "east":  { "uv": [ 16, 0, 15, 1 ], "rotation": 90, "texture": "#texture" }
    }
},
{
    "__comment": "enchanting_table_circle7 x16",
    "from": [ -1, 0.1, 18 ],
    "to": [ 0, 0.1, 19 ],
    "faces": {
        "down":  { "uv": [ 15, 3, 16, 2 ], "texture": "#texture" },
        "up":    { "uv": [ 15, 2, 16, 3 ], "texture": "#texture" },
        "north": { "uv": [ 16, 2, 15, 3 ], "texture": "#texture" },
        "south": { "uv": [ 15, 3, 16, 2 ], "texture": "#texture" },
        "west":  { "uv": [ 15, 2, 16, 3 ], "rotation": 270, "texture": "#texture" },
        "east":  { "uv": [ 16, 2, 15, 3 ], "rotation": 90, "texture": "#texture" }
    }
},
{
    "__comment": "enchanting_table_circle7 x16",
    "from": [ -1, 0.1, 27 ],
    "to": [ 0, 0.1, 28 ],
    "faces": {
        "down":  { "uv": [ 15, 12, 16, 11 ], "texture": "#texture" },
        "up":    { "uv": [ 15, 11, 16, 12 ], "texture": "#texture" },
        "north": { "uv": [ 16, 11, 15, 12 ], "texture": "#texture" },
        "south": { "uv": [ 15, 12, 16, 11 ], "texture": "#texture" },
        "west":  { "uv": [ 15, 11, 16, 12 ], "rotation": 270, "texture": "#texture" },
        "east":  { "uv": [ 16, 11, 15, 12 ], "rotation": 90, "texture": "#texture" }
    }
}
]
}