{
"__comment": "Designed by tomaxed with Cubik",
"textures": {
    "enchanting_table_circle9": "blocks/enchanting_table_circle9"
},
"elements": [ 
{
    "__comment": "enchanting_table_circle9 x16",
    "from": [ 16, 0.1, 16 ],
    "to": [ 17, 0.1, 17 ],
    "faces": {
        "down":  { "uv": [ 0, 1, 1, 0 ], "texture": "#texture" },
        "up":    { "uv": [ 0, 0, 1, 1 ], "texture": "#texture" },
        "north": { "uv": [ 1, 0, 0, 1 ], "texture": "#texture" },
        "south": { "uv": [ 0, 1, 1, 0 ], "texture": "#texture" },
        "west":  { "uv": [ 0, 0, 1, 1 ], "rotation": 270, "texture": "#texture" },
        "east":  { "uv": [ 1, 0, 0, 1 ], "rotation": 90, "texture": "#texture" }
    }
},
{
    "__comment": "enchanting_table_circle9 x16",
    "from": [ 16, 0.1, 18 ],
    "to": [ 17, 0.1, 19 ],
    "faces": {
        "down":  { "uv": [ 0, 3, 1, 2 ], "texture": "#texture" },
        "up":    { "uv": [ 0, 2, 1, 3 ], "texture": "#texture" },
        "north": { "uv": [ 1, 2, 0, 3 ], "texture": "#texture" },
        "south": { "uv": [ 0, 3, 1, 2 ], "texture": "#texture" },
        "west":  { "uv": [ 0, 2, 1, 3 ], "rotation": 270, "texture": "#texture" },
        "east":  { "uv": [ 1, 2, 0, 3 ], "rotation": 90, "texture": "#texture" }
    }
},
{
    "__comment": "enchanting_table_circle9 x16",
    "from": [ 16, 0.1, 22 ],
    "to": [ 18, 0.1, 23 ],
    "faces": {
        "down":  { "uv": [ 0, 7, 2, 6 ], "texture": "#texture" },
        "up":    { "uv": [ 0, 6, 2, 7 ], "texture": "#texture" },
        "north": { "uv": [ 2, 6, 0, 7 ], "texture": "#texture" },
        "south": { "uv": [ 0, 7, 2, 6 ], "texture": "#texture" },
        "west":  { "uv": [ 0, 6, 1, 7 ], "rotation": 270, "texture": "#texture" },
        "east":  { "uv": [ 2, 6, 1, 7 ], "rotation": 90, "texture": "#texture" }
    }
},
{
    "__comment": "enchanting_table_circle9 x16",
    "from": [ 16, 0.1, 26 ],
    "to": [ 17, 0.1, 28 ],
    "faces": {
        "down":  { "uv": [ 0, 12, 1, 10 ], "texture": "#texture" },
        "up":    { "uv": [ 0, 10, 1, 12 ], "texture": "#texture" },
        "north": { "uv": [ 1, 10, 0, 11 ], "texture": "#texture" },
        "south": { "uv": [ 0, 12, 1, 11 ], "texture": "#texture" },
        "west":  { "uv": [ 0, 10, 1, 12 ], "rotation": 270, "texture": "#texture" },
        "east":  { "uv": [ 1, 10, 0, 12 ], "rotation": 90, "texture": "#texture" }
    }
},
{
    "__comment": "enchanting_table_circle9 x16",
    "from": [ 16, 0.1, 29 ],
    "to": [ 18, 0.1, 30 ],
    "faces": {
        "down":  { "uv": [ 0, 14, 2, 13 ], "texture": "#texture" },
        "up":    { "uv": [ 0, 13, 2, 14 ], "texture": "#texture" },
        "north": { "uv": [ 2, 13, 0, 14 ], "texture": "#texture" },
        "south": { "uv": [ 0, 14, 2, 13 ], "texture": "#texture" },
        "west":  { "uv": [ 0, 13, 1, 14 ], "rotation": 270, "texture": "#texture" },
        "east":  { "uv": [ 2, 13, 1, 14 ], "rotation": 90, "texture": "#texture" }
    }
},
{
    "__comment": "enchanting_table_circle9 x16",
    "from": [ 17, 0.1, 17 ],
    "to": [ 18, 0.1, 18 ],
    "faces": {
        "down":  { "uv": [ 1, 2, 2, 1 ], "texture": "#texture" },
        "up":    { "uv": [ 1, 1, 2, 2 ], "texture": "#texture" },
        "north": { "uv": [ 2, 1, 1, 2 ], "texture": "#texture" },
        "south": { "uv": [ 1, 2, 2, 1 ], "texture": "#texture" },
        "west":  { "uv": [ 1, 1, 2, 2 ], "rotation": 270, "texture": "#texture" },
        "east":  { "uv": [ 2, 1, 1, 2 ], "rotation": 90, "texture": "#texture" }
    }
},
{
    "__comment": "enchanting_table_circle9 x16",
    "from": [ 17, 0.1, 26 ],
    "to": [ 18, 0.1, 27 ],
    "faces": {
        "down":  { "uv": [ 1, 11, 2, 10 ], "texture": "#texture" },
        "up":    { "uv": [ 1, 10, 2, 11 ], "texture": "#texture" },
        "north": { "uv": [ 2, 10, 1, 11 ], "texture": "#texture" },
        "south": { "uv": [ 1, 11, 2, 10 ], "texture": "#texture" },
        "west":  { "uv": [ 1, 10, 2, 11 ], "rotation": 270, "texture": "#texture" },
        "east":  { "uv": [ 2, 10, 1, 11 ], "rotation": 90, "texture": "#texture" }
    }
},
{
    "__comment": "enchanting_table_circle9 x16",
    "from": [ 17, 0.1, 28 ],
    "to": [ 20, 0.1, 29 ],
    "faces": {
        "down":  { "uv": [ 1, 13, 4, 12 ], "texture": "#texture" },
        "up":    { "uv": [ 1, 12, 4, 13 ], "texture": "#texture" },
        "north": { "uv": [ 4, 12, 1, 13 ], "texture": "#texture" },
        "south": { "uv": [ 1, 13, 4, 12 ], "texture": "#texture" },
        "west":  { "uv": [ 1, 12, 2, 13 ], "rotation": 270, "texture": "#texture" },
        "east":  { "uv": [ 4, 12, 3, 13 ], "rotation": 90, "texture": "#texture" }
    }
},
{
    "__comment": "enchanting_table_circle9 x16",
    "from": [ 18, 0.1, 16 ],
    "to": [ 19, 0.1, 17 ],
    "faces": {
        "down":  { "uv": [ 2, 1, 3, 0 ], "texture": "#texture" },
        "up":    { "uv": [ 2, 0, 3, 1 ], "texture": "#texture" },
        "north": { "uv": [ 3, 0, 2, 1 ], "texture": "#texture" },
        "south": { "uv": [ 2, 1, 3, 0 ], "texture": "#texture" },
        "west":  { "uv": [ 2, 0, 3, 1 ], "rotation": 270, "texture": "#texture" },
        "east":  { "uv": [ 3, 0, 2, 1 ], "rotation": 90, "texture": "#texture" }
    }
},
{
    "__comment": "enchanting_table_circle9 x16",
    "from": [ 18, 0.1, 18 ],
    "to": [ 19, 0.1, 19 ],
    "faces": {
        "down":  { "uv": [ 2, 3, 3, 2 ], "texture": "#texture" },
        "up":    { "uv": [ 2, 2, 3, 3 ], "texture": "#texture" },
        "north": { "uv": [ 3, 2, 2, 3 ], "texture": "#texture" },
        "south": { "uv": [ 2, 3, 3, 2 ], "texture": "#texture" },
        "west":  { "uv": [ 2, 2, 3, 3 ], "rotation": 270, "texture": "#texture" },
        "east":  { "uv": [ 3, 2, 2, 3 ], "rotation": 90, "texture": "#texture" }
    }
},
{
    "__comment": "enchanting_table_circle9 x16",
    "from": [ 18, 0.1, 21 ],
    "to": [ 19, 0.1, 22 ],
    "faces": {
        "down":  { "uv": [ 2, 6, 3, 5 ], "texture": "#texture" },
        "up":    { "uv": [ 2, 5, 3, 6 ], "texture": "#texture" },
        "north": { "uv": [ 3, 5, 2, 6 ], "texture": "#texture" },
        "south": { "uv": [ 2, 6, 3, 5 ], "texture": "#texture" },
        "west":  { "uv": [ 2, 5, 3, 6 ], "rotation": 270, "texture": "#texture" },
        "east":  { "uv": [ 3, 5, 2, 6 ], "rotation": 90, "texture": "#texture" }
    }
},
{
    "__comment": "enchanting_table_circle9 x16",
    "from": [ 18, 0.1, 25 ],
    "to": [ 19, 0.1, 26 ],
    "faces": {
        "down":  { "uv": [ 2, 10, 3, 9 ], "texture": "#texture" },
        "up":    { "uv": [ 2, 9, 3, 10 ], "texture": "#texture" },
        "north": { "uv": [ 3, 9, 2, 10 ], "texture": "#texture" },
        "south": { "uv": [ 2, 10, 3, 9 ], "texture": "#texture" },
        "west":  { "uv": [ 2, 9, 3, 10 ], "rotation": 270, "texture": "#texture" },
        "east":  { "uv": [ 3, 9, 2, 10 ], "rotation": 90, "texture": "#texture" }
    }
},
{
    "__comment": "enchanting_table_circle9 x16",
    "from": [ 19, 0.1, 19 ],
    "to": [ 20, 0.1, 20 ],
    "faces": {
        "down":  { "uv": [ 3, 4, 4, 3 ], "texture": "#texture" },
        "up":    { "uv": [ 3, 3, 4, 4 ], "texture": "#texture" },
        "north": { "uv": [ 4, 3, 3, 4 ], "texture": "#texture" },
        "south": { "uv": [ 3, 4, 4, 3 ], "texture": "#texture" },
        "west":  { "uv": [ 3, 3, 4, 4 ], "rotation": 270, "texture": "#texture" },
        "east":  { "uv": [ 4, 3, 3, 4 ], "rotation": 90, "texture": "#texture" }
    }
},
{
    "__comment": "enchanting_table_circle9 x16",
    "from": [ 19, 0.1, 24 ],
    "to": [ 21, 0.1, 25 ],
    "faces": {
        "down":  { "uv": [ 3, 9, 5, 8 ], "texture": "#texture" },
        "up":    { "uv": [ 3, 8, 5, 9 ], "texture": "#texture" },
        "north": { "uv": [ 5, 8, 3, 9 ], "texture": "#texture" },
        "south": { "uv": [ 3, 9, 5, 8 ], "texture": "#texture" },
        "west":  { "uv": [ 3, 8, 4, 9 ], "rotation": 270, "texture": "#texture" },
        "east":  { "uv": [ 5, 8, 4, 9 ], "rotation": 90, "texture": "#texture" }
    }
},
{
    "__comment": "enchanting_table_circle9 x16",
    "from": [ 20, 0.1, 20 ],
    "to": [ 21, 0.1, 21 ],
    "faces": {
        "down":  { "uv": [ 4, 5, 5, 4 ], "texture": "#texture" },
        "up":    { "uv": [ 4, 4, 5, 5 ], "texture": "#texture" },
        "north": { "uv": [ 5, 4, 4, 5 ], "texture": "#texture" },
        "south": { "uv": [ 4, 5, 5, 4 ], "texture": "#texture" },
        "west":  { "uv": [ 4, 4, 5, 5 ], "rotation": 270, "texture": "#texture" },
        "east":  { "uv": [ 5, 4, 4, 5 ], "rotation": 90, "texture": "#texture" }
    }
},
{
    "__comment": "enchanting_table_circle9 x16",
    "from": [ 20, 0.1, 27 ],
    "to": [ 22, 0.1, 28 ],
    "faces": {
        "down":  { "uv": [ 4, 12, 6, 11 ], "texture": "#texture" },
        "up":    { "uv": [ 4, 11, 6, 12 ], "texture": "#texture" },
        "north": { "uv": [ 6, 11, 4, 12 ], "texture": "#texture" },
        "south": { "uv": [ 4, 12, 6, 11 ], "texture": "#texture" },
        "west":  { "uv": [ 4, 11, 5, 12 ], "rotation": 270, "texture": "#texture" },
        "east":  { "uv": [ 6, 11, 5, 12 ], "rotation": 90, "texture": "#texture" }
    }
},
{
    "__comment": "enchanting_table_circle9 x16",
    "from": [ 21, 0.1, 18 ],
    "to": [ 22, 0.1, 19 ],
    "faces": {
        "down":  { "uv": [ 5, 3, 6, 2 ], "texture": "#texture" },
        "up":    { "uv": [ 5, 2, 6, 3 ], "texture": "#texture" },
        "north": { "uv": [ 6, 2, 5, 3 ], "texture": "#texture" },
        "south": { "uv": [ 5, 3, 6, 2 ], "texture": "#texture" },
        "west":  { "uv": [ 5, 2, 6, 3 ], "rotation": 270, "texture": "#texture" },
        "east":  { "uv": [ 6, 2, 5, 3 ], "rotation": 90, "texture": "#texture" }
    }
},
{
    "__comment": "enchanting_table_circle9 x16",
    "from": [ 21, 0.1, 21 ],
    "to": [ 22, 0.1, 22 ],
    "faces": {
        "down":  { "uv": [ 5, 6, 6, 5 ], "texture": "#texture" },
        "up":    { "uv": [ 5, 5, 6, 6 ], "texture": "#texture" },
        "north": { "uv": [ 6, 5, 5, 6 ], "texture": "#texture" },
        "south": { "uv": [ 5, 6, 6, 5 ], "texture": "#texture" },
        "west":  { "uv": [ 5, 5, 6, 6 ], "rotation": 270, "texture": "#texture" },
        "east":  { "uv": [ 6, 5, 5, 6 ], "rotation": 90, "texture": "#texture" }
    }
},
{
    "__comment": "enchanting_table_circle9 x16",
    "from": [ 21, 0.1, 23 ],
    "to": [ 22, 0.1, 24 ],
    "faces": {
        "down":  { "uv": [ 5, 8, 6, 7 ], "texture": "#texture" },
        "up":    { "uv": [ 5, 7, 6, 8 ], "texture": "#texture" },
        "north": { "uv": [ 6, 7, 5, 8 ], "texture": "#texture" },
        "south": { "uv": [ 5, 8, 6, 7 ], "texture": "#texture" },
        "west":  { "uv": [ 5, 7, 6, 8 ], "rotation": 270, "texture": "#texture" },
        "east":  { "uv": [ 6, 7, 5, 8 ], "rotation": 90, "texture": "#texture" }
    }
},
{
    "__comment": "enchanting_table_circle9 x16",
    "from": [ 22, 0.1, 16 ],
    "to": [ 23, 0.1, 18 ],
    "faces": {
        "down":  { "uv": [ 6, 2, 7, 0 ], "texture": "#texture" },
        "up":    { "uv": [ 6, 0, 7, 2 ], "texture": "#texture" },
        "north": { "uv": [ 7, 0, 6, 1 ], "texture": "#texture" },
        "south": { "uv": [ 6, 2, 7, 1 ], "texture": "#texture" },
        "west":  { "uv": [ 6, 0, 7, 2 ], "rotation": 270, "texture": "#texture" },
        "east":  { "uv": [ 7, 0, 6, 2 ], "rotation": 90, "texture": "#texture" }
    }
},
{
    "__comment": "enchanting_table_circle9 x16",
    "from": [ 22, 0.1, 22 ],
    "to": [ 23, 0.1, 23 ],
    "faces": {
        "down":  { "uv": [ 6, 7, 7, 6 ], "texture": "#texture" },
        "up":    { "uv": [ 6, 6, 7, 7 ], "texture": "#texture" },
        "north": { "uv": [ 7, 6, 6, 7 ], "texture": "#texture" },
        "south": { "uv": [ 6, 7, 7, 6 ], "texture": "#texture" },
        "west":  { "uv": [ 6, 6, 7, 7 ], "rotation": 270, "texture": "#texture" },
        "east":  { "uv": [ 7, 6, 6, 7 ], "rotation": 90, "texture": "#texture" }
    }
},
{
    "__comment": "enchanting_table_circle9 x16",
    "from": [ 22, 0.1, 26 ],
    "to": [ 23, 0.1, 27 ],
    "faces": {
        "down":  { "uv": [ 6, 11, 7, 10 ], "texture": "#texture" },
        "up":    { "uv": [ 6, 10, 7, 11 ], "texture": "#texture" },
        "north": { "uv": [ 7, 10, 6, 11 ], "texture": "#texture" },
        "south": { "uv": [ 6, 11, 7, 10 ], "texture": "#texture" },
        "west":  { "uv": [ 6, 10, 7, 11 ], "rotation": 270, "texture": "#texture" },
        "east":  { "uv": [ 7, 10, 6, 11 ], "rotation": 90, "texture": "#texture" }
    }
},
{
    "__comment": "enchanting_table_circle9 x16",
    "from": [ 23, 0.1, 21 ],
    "to": [ 24, 0.1, 22 ],
    "faces": {
        "down":  { "uv": [ 7, 6, 8, 5 ], "texture": "#texture" },
        "up":    { "uv": [ 7, 5, 8, 6 ], "texture": "#texture" },
        "north": { "uv": [ 8, 5, 7, 6 ], "texture": "#texture" },
        "south": { "uv": [ 7, 6, 8, 5 ], "texture": "#texture" },
        "west":  { "uv": [ 7, 5, 8, 6 ], "rotation": 270, "texture": "#texture" },
        "east":  { "uv": [ 8, 5, 7, 6 ], "rotation": 90, "texture": "#texture" }
    }
},
{
    "__comment": "enchanting_table_circle9 x16",
    "from": [ 23, 0.1, 23 ],
    "to": [ 24, 0.1, 24 ],
    "faces": {
        "down":  { "uv": [ 7, 8, 8, 7 ], "texture": "#texture" },
        "up":    { "uv": [ 7, 7, 8, 8 ], "texture": "#texture" },
        "north": { "uv": [ 8, 7, 7, 8 ], "texture": "#texture" },
        "south": { "uv": [ 7, 8, 8, 7 ], "texture": "#texture" },
        "west":  { "uv": [ 7, 7, 8, 8 ], "rotation": 270, "texture": "#texture" },
        "east":  { "uv": [ 8, 7, 7, 8 ], "rotation": 90, "texture": "#texture" }
    }
},
{
    "__comment": "enchanting_table_circle9 x16",
    "from": [ 23, 0.1, 25 ],
    "to": [ 24, 0.1, 26 ],
    "faces": {
        "down":  { "uv": [ 7, 10, 8, 9 ], "texture": "#texture" },
        "up":    { "uv": [ 7, 9, 8, 10 ], "texture": "#texture" },
        "north": { "uv": [ 8, 9, 7, 10 ], "texture": "#texture" },
        "south": { "uv": [ 7, 10, 8, 9 ], "texture": "#texture" },
        "west":  { "uv": [ 7, 9, 8, 10 ], "rotation": 270, "texture": "#texture" },
        "east":  { "uv": [ 8, 9, 7, 10 ], "rotation": 90, "texture": "#texture" }
    }
},
{
    "__comment": "enchanting_table_circle9 x16",
    "from": [ 24, 0.1, 19 ],
    "to": [ 25, 0.1, 21 ],
    "faces": {
        "down":  { "uv": [ 8, 5, 9, 3 ], "texture": "#texture" },
        "up":    { "uv": [ 8, 3, 9, 5 ], "texture": "#texture" },
        "north": { "uv": [ 9, 3, 8, 4 ], "texture": "#texture" },
        "south": { "uv": [ 8, 5, 9, 4 ], "texture": "#texture" },
        "west":  { "uv": [ 8, 3, 9, 5 ], "rotation": 270, "texture": "#texture" },
        "east":  { "uv": [ 9, 3, 8, 5 ], "rotation": 90, "texture": "#texture" }
    }
},
{
    "__comment": "enchanting_table_circle9 x16",
    "from": [ 24, 0.1, 24 ],
    "to": [ 25, 0.1, 25 ],
    "faces": {
        "down":  { "uv": [ 8, 9, 9, 8 ], "texture": "#texture" },
        "up":    { "uv": [ 8, 8, 9, 9 ], "texture": "#texture" },
        "north": { "uv": [ 9, 8, 8, 9 ], "texture": "#texture" },
        "south": { "uv": [ 8, 9, 9, 8 ], "texture": "#texture" },
        "west":  { "uv": [ 8, 8, 9, 9 ], "rotation": 270, "texture": "#texture" },
        "east":  { "uv": [ 9, 8, 8, 9 ], "rotation": 90, "texture": "#texture" }
    }
},
{
    "__comment": "enchanting_table_circle9 x16",
    "from": [ 25, 0.1, 18 ],
    "to": [ 26, 0.1, 19 ],
    "faces": {
        "down":  { "uv": [ 9, 3, 10, 2 ], "texture": "#texture" },
        "up":    { "uv": [ 9, 2, 10, 3 ], "texture": "#texture" },
        "north": { "uv": [ 10, 2, 9, 3 ], "texture": "#texture" },
        "south": { "uv": [ 9, 3, 10, 2 ], "texture": "#texture" },
        "west":  { "uv": [ 9, 2, 10, 3 ], "rotation": 270, "texture": "#texture" },
        "east":  { "uv": [ 10, 2, 9, 3 ], "rotation": 90, "texture": "#texture" }
    }
},
{
    "__comment": "enchanting_table_circle9 x16",
    "from": [ 25, 0.1, 23 ],
    "to": [ 26, 0.1, 24 ],
    "faces": {
        "down":  { "uv": [ 9, 8, 10, 7 ], "texture": "#texture" },
        "up":    { "uv": [ 9, 7, 10, 8 ], "texture": "#texture" },
        "north": { "uv": [ 10, 7, 9, 8 ], "texture": "#texture" },
        "south": { "uv": [ 9, 8, 10, 7 ], "texture": "#texture" },
        "west":  { "uv": [ 9, 7, 10, 8 ], "rotation": 270, "texture": "#texture" },
        "east":  { "uv": [ 10, 7, 9, 8 ], "rotation": 90, "texture": "#texture" }
    }
},
{
    "__comment": "enchanting_table_circle9 x16",
    "from": [ 26, 0.1, 16 ],
    "to": [ 27, 0.1, 18 ],
    "faces": {
        "down":  { "uv": [ 10, 2, 11, 0 ], "texture": "#texture" },
        "up":    { "uv": [ 10, 0, 11, 2 ], "texture": "#texture" },
        "north": { "uv": [ 11, 0, 10, 1 ], "texture": "#texture" },
        "south": { "uv": [ 10, 2, 11, 1 ], "texture": "#texture" },
        "west":  { "uv": [ 10, 0, 11, 2 ], "rotation": 270, "texture": "#texture" },
        "east":  { "uv": [ 11, 0, 10, 2 ], "rotation": 90, "texture": "#texture" }
    }
},
{
    "__comment": "enchanting_table_circle9 x16",
    "from": [ 26, 0.1, 22 ],
    "to": [ 27, 0.1, 23 ],
    "faces": {
        "down":  { "uv": [ 10, 7, 11, 6 ], "texture": "#texture" },
        "up":    { "uv": [ 10, 6, 11, 7 ], "texture": "#texture" },
        "north": { "uv": [ 11, 6, 10, 7 ], "texture": "#texture" },
        "south": { "uv": [ 10, 7, 11, 6 ], "texture": "#texture" },
        "west":  { "uv": [ 10, 6, 11, 7 ], "rotation": 270, "texture": "#texture" },
        "east":  { "uv": [ 11, 6, 10, 7 ], "rotation": 90, "texture": "#texture" }
    }
},
{
    "__comment": "enchanting_table_circle9 x16",
    "from": [ 27, 0.1, 16 ],
    "to": [ 28, 0.1, 17 ],
    "faces": {
        "down":  { "uv": [ 11, 1, 12, 0 ], "texture": "#texture" },
        "up":    { "uv": [ 11, 0, 12, 1 ], "texture": "#texture" },
        "north": { "uv": [ 12, 0, 11, 1 ], "texture": "#texture" },
        "south": { "uv": [ 11, 1, 12, 0 ], "texture": "#texture" },
        "west":  { "uv": [ 11, 0, 12, 1 ], "rotation": 270, "texture": "#texture" },
        "east":  { "uv": [ 12, 0, 11, 1 ], "rotation": 90, "texture": "#texture" }
    }
},
{
    "__comment": "enchanting_table_circle9 x16",
    "from": [ 27, 0.1, 20 ],
    "to": [ 28, 0.1, 22 ],
    "faces": {
        "down":  { "uv": [ 11, 6, 12, 4 ], "texture": "#texture" },
        "up":    { "uv": [ 11, 4, 12, 6 ], "texture": "#texture" },
        "north": { "uv": [ 12, 4, 11, 5 ], "texture": "#texture" },
        "south": { "uv": [ 11, 6, 12, 5 ], "texture": "#texture" },
        "west":  { "uv": [ 11, 4, 12, 6 ], "rotation": 270, "texture": "#texture" },
        "east":  { "uv": [ 12, 4, 11, 6 ], "rotation": 90, "texture": "#texture" }
    }
},
{
    "__comment": "enchanting_table_circle9 x16",
    "from": [ 28, 0.1, 17 ],
    "to": [ 29, 0.1, 20 ],
    "faces": {
        "down":  { "uv": [ 12, 4, 13, 1 ], "texture": "#texture" },
        "up":    { "uv": [ 12, 1, 13, 4 ], "texture": "#texture" },
        "north": { "uv": [ 13, 1, 12, 2 ], "texture": "#texture" },
        "south": { "uv": [ 12, 4, 13, 3 ], "texture": "#texture" },
        "west":  { "uv": [ 12, 1, 13, 4 ], "rotation": 270, "texture": "#texture" },
        "east":  { "uv": [ 13, 1, 12, 4 ], "rotation": 90, "texture": "#texture" }
    }
},
{
    "__comment": "enchanting_table_circle9 x16",
    "from": [ 29, 0.1, 16 ],
    "to": [ 30, 0.1, 18 ],
    "faces": {
        "down":  { "uv": [ 13, 2, 14, 0 ], "texture": "#texture" },
        "up":    { "uv": [ 13, 0, 14, 2 ], "texture": "#texture" },
        "north": { "uv": [ 14, 0, 13, 1 ], "texture": "#texture" },
        "south": { "uv": [ 13, 2, 14, 1 ], "texture": "#texture" },
        "west":  { "uv": [ 13, 0, 14, 2 ], "rotation": 270, "texture": "#texture" },
        "east":  { "uv": [ 14, 0, 13, 2 ], "rotation": 90, "texture": "#texture" }
    }
}
]
}