{
"__comment": "Designed by tomaxed with Cubik",
"textures": {
    "particle": "blocks/fern3",
    "texture": "blocks/fern3"
},
"elements": [ 
{
    "from": [ 8, 0, 0.8 ],
    "to": [ 8, 16, 15.2 ],
    "rotation": { "origin": [ 8, 8, 8 ], "axis": "y", "angle": 45, "rescale": true },
	"shade": false,
    "faces": {
        "west":  { "uv": [ 0, 0, 16, 16 ], "texture": "#texture", "tintindex": 0  },
        "east":  { "uv": [ 16, 0, 0, 16 ], "texture": "#texture", "tintindex": 0  }
    }
},
{
    "from": [ 8, 0, 0.8 ],
    "to": [ 8, 16, 15.2 ],
    "rotation": { "origin": [ 8, 8, 8 ], "axis": "y", "angle": -45, "rescale": true },
	"shade": false,
    "faces": {
        "west":  { "uv": [ 0, 0, 16, 16 ], "texture": "#texture", "tintindex": 0  },
        "east":  { "uv": [ 16, 0, 0, 16 ], "texture": "#texture", "tintindex": 0  }
    }
},
{
    "from": [ 8, 0, 0 ],
    "to": [ 8.0625, 16, 16 ],
	"shade": false,
    "faces": {
        "west":  { "uv": [ 0, 0, 16, 16 ], "texture": "#texture", "tintindex": 0  },
        "east":  { "uv": [ 16, 0, 0, 16 ], "texture": "#texture", "tintindex": 0  }
    }
},
{
    "from": [ 0, 0, 8 ],
    "to": [ 16, 16, 8.0625 ],
	"shade": false,
    "faces": {
        "north": { "uv": [ 0, 0, 16, 16 ], "texture": "#texture", "tintindex": 0  },
        "south": { "uv": [ 16, 0, 0, 16 ], "texture": "#texture", "tintindex": 0  }
    }
}
]
}