{
"__comment": "Designed by tomaxed with Cubik",
"textures": {
    "particle": "blocks/candle",
    "texture": "blocks/candle"
},
"elements": [ 
{
    "from": [ 7, 3, 7 ],
    "to": [ 9, 10, 9 ],
    "faces": {
        "down":  { "uv": [ 10, 6, 12, 8 ], "texture": "#texture" },
        "up":    { "uv": [ 10, 6, 12, 8 ], "texture": "#texture" },
        "north": { "uv": [ 7, 6, 9, 13 ], "texture": "#texture" },
        "south": { "uv": [ 9, 6, 7, 13 ], "texture": "#texture" },
        "west":  { "uv": [ 7, 6, 9, 13 ], "texture": "#texture" },
        "east":  { "uv": [ 9, 6, 7, 13 ], "texture": "#texture" }
    }
},
{
    "from": [ 6, 2, 6 ],
    "to": [ 10, 3, 10 ],
    "faces": {
        "down":  { "uv": [ 0, 0, 4, 4 ], "texture": "#texture" },
        "up":    { "uv": [ 0, 5, 4, 9 ], "texture": "#texture" },
        "north": { "uv": [ 6, 13, 10, 14 ], "texture": "#texture" },
        "south": { "uv": [ 10, 13, 6, 14 ], "texture": "#texture" },
        "west":  { "uv": [ 6, 13, 10, 14 ], "texture": "#texture" },
        "east":  { "uv": [ 10, 13, 6, 14 ], "texture": "#texture" }
    }
},
{
    "from": [ 6, 0, 6 ],
    "to": [ 10, 1, 10 ],
    "faces": {
        "down":  { "uv": [ 0, 0, 4, 4 ], "texture": "#texture" },
        "up":    { "uv": [ 0, 5, 4, 9 ], "texture": "#texture" },
        "north": { "uv": [ 6, 15, 10, 16 ], "texture": "#texture" },
        "south": { "uv": [ 10, 15, 6, 16 ], "texture": "#texture" },
        "west":  { "uv": [ 6, 15, 10, 16 ], "texture": "#texture" },
        "east":  { "uv": [ 10, 15, 6, 16 ], "texture": "#texture" }
    }
},
{
    "from": [ 7, 1, 7 ],
    "to": [ 9, 2, 9 ],
    "faces": {
        "down":  { "uv": [ 9, 9, 7, 7 ], "texture": "#texture" },
        "up":    { "uv": [ 7, 7, 9, 9 ], "texture": "#texture" },
        "north": { "uv": [ 7, 14, 9, 15 ], "texture": "#texture" },
        "south": { "uv": [ 9, 14, 7, 15 ], "texture": "#texture" },
        "west":  { "uv": [ 7, 14, 9, 15 ], "texture": "#texture" },
        "east":  { "uv": [ 9, 14, 7, 15 ], "texture": "#texture" }
    }
},
{
    "from": [ 8, 10, 6.5 ],
    "to": [ 8.0625, 14, 9.5 ],
    "faces": {
        "west":  { "uv": [ 6, 0, 11, 5 ], "texture": "#texture" },
        "east":  { "uv": [ 11, 0, 6, 5 ], "texture": "#texture" }
    }
},
{
    "from": [ 6.5, 10, 8 ],
    "to": [ 9.5, 14, 8.0625 ],
    "faces": {
        "north": { "uv": [ 6, 0, 11, 5 ], "texture": "#texture" },
        "south": { "uv": [ 11, 0, 6, 5 ], "texture": "#texture" }
    }
}
]
}