{
"__comment": "Designed by tomaxed with Cubik",
"textures": {
    "particle": "blocks/furnace_top",
    "front": "blocks/furnace_front_off",
    "side": "blocks/furnace_side",
    "top": "blocks/furnace_top"
},
"elements": [ 
{
    "from": [ 0, 0, 1 ],
    "to": [ 16, 16, 16 ],
    "faces": {
        "down":  { "uv": [ 16, 16, 0, 1 ], "texture": "#top", "cullface": "down" },
        "up":    { "uv": [ 0, 1, 16, 16 ], "texture": "#top", "cullface": "up" },
        "north": { "uv": [ 0, 0, 16, 16 ], "texture": "#front" },
        "south": { "uv": [ 0, 0, 16, 16 ], "texture": "#side", "cullface": "south" },
        "west":  { "uv": [ 1, 0, 16, 16 ], "texture": "#side", "cullface": "west" },
        "east":  { "uv": [ 0, 0, 15, 16 ], "texture": "#side", "cullface": "east" }
    }
},
{
    "from": [ 0, 11, 0 ],
    "to": [ 16, 16, 1 ],
    "faces": {
        "down":  { "uv": [ 16, 1, 0, 0 ], "texture": "#top" },
        "up":    { "uv": [ 0, 0, 16, 1 ], "texture": "#top", "cullface": "up" },
        "north": { "uv": [ 0, 0, 16, 5 ], "texture": "#front", "cullface": "north" },
        "west":  { "uv": [ 0, 0, 1, 5 ], "texture": "#front", "cullface": "west" },
        "east":  { "uv": [ 15, 0, 16, 5 ], "texture": "#front", "cullface": "east" }
    }
},
{
    "from": [ 0, 0, 0 ],
    "to": [ 16, 6, 1 ],
    "faces": {
        "down":  { "uv": [ 16, 1, 0, 0 ], "texture": "#top", "cullface": "down" },
        "up":    { "uv": [ 0, 0, 16, 1 ], "texture": "#top" },
        "north": { "uv": [ 0, 10, 16, 16 ], "texture": "#front", "cullface": "north" },
        "west":  { "uv": [ 0, 10, 1, 16 ], "texture": "#front", "cullface": "west" },
        "east":  { "uv": [ 15, 10, 16, 16 ], "texture": "#front", "cullface": "east" }
    }
},
{
    "from": [ 0, 6, 0 ],
    "to": [ 3, 11, 1 ],
    "faces": {
        "north": { "uv": [ 13, 5, 16, 10 ], "texture": "#front", "cullface": "north" },
        "west":  { "uv": [ 15, 5, 16, 10 ], "texture": "#front", "cullface": "west" },
        "east":  { "uv": [ 13, 5, 14, 10 ], "texture": "#front" }
    }
},
{
    "from": [ 13, 6, 0 ],
    "to": [ 16, 11, 1 ],
    "faces": {
        "north": { "uv": [ 0, 5, 3, 10 ], "texture": "#front", "cullface": "north" },
        "west":  { "uv": [ 2, 5, 3, 10 ], "texture": "#front" },
        "east":  { "uv": [ 15, 5, 16, 10 ], "texture": "#front", "cullface": "east" }
    }
},
{
    "from": [ 3, 10, 0 ],
    "to": [ 5, 11, 1 ],
    "faces": {
        "down":  { "uv": [ 13, 6, 11, 5 ], "texture": "#front" },
        "north": { "uv": [ 11, 5, 13, 6 ], "texture": "#front", "cullface": "north" },
        "east":  { "uv": [ 11, 5, 12, 6 ], "texture": "#front" }
    }
},
{
    "from": [ 11, 10, 0 ],
    "to": [ 13, 11, 1 ],
    "faces": {
        "down":  { "uv": [ 5, 6, 3, 5 ], "texture": "#front" },
        "north": { "uv": [ 3, 5, 5, 6 ], "texture": "#front", "cullface": "north" },
        "west":  { "uv": [ 4, 5, 5, 6 ], "texture": "#front" }
    }
},
{
    "from": [ 4, 6, 0 ],
    "to": [ 5, 10, 1 ],
    "faces": {
        "north": { "uv": [ 11, 6, 12, 10 ], "texture": "#front", "cullface": "north" },
        "west":  { "uv": [ 11, 6, 12, 10 ], "texture": "#front" },
        "east":  { "uv": [ 11, 6, 12, 10 ], "texture": "#front" }
    }
},
{
    "from": [ 11, 6, 0 ],
    "to": [ 12, 10, 1 ],
    "faces": {
        "north": { "uv": [ 4, 6, 5, 10 ], "texture": "#front", "cullface": "north" },
        "west":  { "uv": [ 4, 6, 5, 10 ], "texture": "#front" },
        "east":  { "uv": [ 4, 6, 5, 10 ], "texture": "#front" }
    }
},
{
    "from": [ 6, 6, 0 ],
    "to": [ 7, 11, 1 ],
    "faces": {
        "north": { "uv": [ 9, 5, 10, 10 ], "texture": "#front", "cullface": "north" },
        "west":  { "uv": [ 9, 5, 10, 10 ], "texture": "#front" },
        "east":  { "uv": [ 9, 5, 10, 10 ], "texture": "#front" }
    }
},
{
    "from": [ 9, 6, 0 ],
    "to": [ 10, 11, 1 ],
    "faces": {
        "north": { "uv": [ 6, 5, 7, 10 ], "texture": "#front", "cullface": "north" },
        "west":  { "uv": [ 6, 5, 7, 10 ], "texture": "#front" },
        "east":  { "uv": [ 6, 5, 7, 10 ], "texture": "#front" }
    }
}
],
    "display": {
        "gui": {
            "rotation": [ 30, 225, 0 ],
            "translation": [ 0, 0, 0],
            "scale":[ 0.625, 0.625, 0.625 ]
        },
        "ground": {
            "rotation": [ 0, 0, 0 ],
            "translation": [ 0, 3, 0],
            "scale":[ 0.25, 0.25, 0.25 ]
        },
        "fixed": {
            "rotation": [ 0, 0, 0 ],
            "translation": [ 0, 0, 0],
            "scale":[ 0.5, 0.5, 0.5 ]
        },
        "thirdperson_righthand": {
            "rotation": [ 75, 45, 0 ],
            "translation": [ 0, 2.5, 0],
            "scale": [ 0.375, 0.375, 0.375 ]
        },
        "firstperson_righthand": {
            "rotation": [ 0, 45, 0 ],
            "translation": [ 0, 0, 0 ],
            "scale": [ 0.40, 0.40, 0.40 ]
        },
        "firstperson_lefthand": {
            "rotation": [ 0, 225, 0 ],
            "translation": [ 0, 0, 0 ],
            "scale": [ 0.40, 0.40, 0.40 ]
        }
    }
}