{
"__comment": "Designed by tomaxed with Cubik",
"textures": {
    "texture_mushroom": "blocks/redstone_lamp_on",
	"cross": "blocks/mushroom_brown"
},
"elements": [ 
{
    "from": [ 0, 0, 0 ],
    "to": [ 16, 16, 16.5 ],
    "faces": {
        "down":  { "uv": [ 16, 16, 0, 0 ], "texture": "#texture_mushroom", "cullface": "down" },
        "up":    { "uv": [ 0, 0, 16, 16 ], "texture": "#texture_mushroom", "cullface": "down" },
        "north": { "uv": [ 0, 0, 16, 16 ], "texture": "#texture_mushroom", "cullface": "down" },
        "south": { "uv": [ 0, 0, 16, 16 ], "texture": "#texture_mushroom", "cullface": "down" },
        "west":  { "uv": [ 0, 0, 16, 16 ], "texture": "#texture_mushroom", "cullface": "down" },
        "east":  { "uv": [ 0, 0, 16, 16 ], "texture": "#texture_mushroom", "cullface": "down" }
    }
},


{   "from": [ 0.8, 0, 8 ],
            "to": [ 15.2, 16, 8 ],
            "rotation": { "origin": [ 8, 8, 8 ], "axis": "y", "angle": 45, "rescale": true },
            "shade": false,
            "faces": {
                "north": { "uv": [ 16, 0, 0, 16 ], "texture": "#cross" },
                "south": { "uv": [ 0, 0, 16, 16 ], "texture": "#cross" }
            }
        },
        {   "from": [ 8, 0, 0.8 ],
            "to": [ 8, 16, 15.2 ],
            "rotation": { "origin": [ 8, 8, 8 ], "axis": "y", "angle": 45, "rescale": true },
            "shade": false,
            "faces": {
                "west": { "uv": [ 0, 0, 16, 16 ], "texture": "#cross" },
                "east": { "uv": [ 16, 0, 0, 16 ], "texture": "#cross" }
            }
        }
]
}