{
"__comment": "Designed by tomaxed with Cubik",
"ambientocclusion": false,
"textures": {
    "particle": "blocks/flower_houstonia",
    "texture": "blocks/flower_houstonia_leaf",
    "inside": "blocks/flower_houstonia"
},
"elements": [ 
{
    "from": [ 0.5, 10.9375, -3 ],
    "to": [ 16.5, 11, 13 ],
    "rotation": { "origin": [ 0.5, 11, -3 ], "axis": "x", "angle": 45 },
	"shade": false,
    "faces": {
        "down":  { "uv": [ 16, 16, 0, 0 ], "texture": "#texture" },
        "up":    { "uv": [ 0, 0, 16, 16 ], "texture": "#texture" }
    }
},
{
    "from": [ 0, -0.0011875, 8 ],
    "to": [ 16, 0.0613125, 24 ],
    "rotation": { "origin": [ 0, 0.0613125, 8 ], "axis": "x", "angle": -45 },
	"shade": false,
    "faces": {
        "down":  { "uv": [ 0, 0, 16, 16 ], "texture": "#texture" },
        "up":    { "uv": [ 16, 16, 0, 0 ], "texture": "#texture" }
    }
},
{
    "from": [ 19.5, -5, 0 ],
    "to": [ 19.5625, 11, 16 ],
    "rotation": { "origin": [ 19.5, 11, 0 ], "axis": "z", "angle": -45 },
	"shade": false,
    "faces": {
        "west":  { "uv": [ 0, 0, 16, 16 ], "texture": "#texture" },
        "east":  { "uv": [ 0, 0, 16, 16 ], "texture": "#texture" }
    }
},
{
    "from": [ -3.5, 10.9375, 0.5 ],
    "to": [ 12.5, 11, 16.5 ],
    "rotation": { "origin": [ -3.5, 11, 0.5 ], "axis": "z", "angle": -45 },
	"shade": false,
    "faces": {
        "down":  { "uv": [ 0, 0, 16, 16 ], "rotation": 270, "texture": "#texture" },
        "up":    { "uv": [ 0, 0, 16, 16 ], "rotation": 270, "texture": "#texture" }
    }
},
{
    "from": [ 13.5637, 0, 2.375 ],
    "to": [ 13.6262, 16, 18.375 ],
    "rotation": { "origin": [ 13.5637, 0, 2.375 ], "axis": "y", "angle": -45 },
	"shade": false,
    "faces": {
        "west":  { "uv": [ 0, 0, 16, 16 ], "texture": "#inside" },
        "east":  { "uv": [ 0, 0, 16, 16 ], "texture": "#inside" }
    }
},
{
    "from": [ 2.5, 0, 2.48169 ],
    "to": [ 2.5625, 16, 18.4817 ],
    "rotation": { "origin": [ 2.5, 0, 2.48169 ], "axis": "y", "angle": 45 },
	"shade": false,
    "faces": {
        "west":  { "uv": [ 0, 0, 16, 16 ], "texture": "#inside" },
        "east":  { "uv": [ 0, 0, 16, 16 ], "texture": "#inside" }
    }
}
]
}