{
"__comment": "Designed by tomaxed with Cubik",
"textures": {
    "particle": "blocks/jukebox_side",
    "top": "blocks/jukebox_top",
    "side": "blocks/jukebox_side"
},
"elements": [ 
{
    "from": [ 0, 0, 0 ],
    "to": [ 16, 15, 16 ],
    "faces": {
        "down":  { "uv": [ 16, 16, 0, 0 ], "texture": "#side" },
        "up":    { "uv": [ 0, 0, 16, 16 ], "texture": "#top" },
        "north": { "uv": [ 0, 1, 16, 16 ], "texture": "#side" },
        "south": { "uv": [ 0, 1, 16, 16 ], "texture": "#side" },
        "west":  { "uv": [ 0, 1, 16, 16 ], "texture": "#side" },
        "east":  { "uv": [ 0, 1, 16, 16 ], "texture": "#side" }
    }
},
{
    "from": [ 0, 15, 0 ],
    "to": [ 16, 16, 3 ],
    "faces": {
        "up":    { "uv": [ 0, 0, 16, 3 ], "texture": "#top" },
        "north": { "uv": [ 0, 0, 16, 1 ], "texture": "#side" },
        "south": { "uv": [ 0, 2, 16, 3 ], "texture": "#side" },
        "west":  { "uv": [ 0, 0, 3, 1 ], "texture": "#side" },
        "east":  { "uv": [ 0, 0, 3, 1 ], "texture": "#side" }
    }
},
{
    "from": [ 0, 15, 13 ],
    "to": [ 16, 16, 16 ],
    "faces": {
        "up":    { "uv": [ 0, 13, 16, 16 ], "texture": "#top" },
        "north": { "uv": [ 0, 2, 16, 3 ], "texture": "#side" },
        "south": { "uv": [ 0, 0, 16, 1 ], "texture": "#side" },
        "west":  { "uv": [ 13, 0, 16, 1 ], "texture": "#side" },
        "east":  { "uv": [ 13, 0, 16, 1 ], "texture": "#side" }
    }
},
{
    "from": [ 0, 15, 3 ],
    "to": [ 7, 16, 13 ],
    "faces": {
        "up":    { "uv": [ 0, 3, 7, 13 ], "texture": "#top" },
        "west":  { "uv": [ 3, 0, 13, 1 ], "texture": "#side" },
        "east":  { "uv": [ 3, 2, 13, 3 ], "texture": "#side" }
    }
},
{
    "from": [ 9, 15, 3 ],
    "to": [ 16, 16, 13 ],
    "faces": {
        "up":    { "uv": [ 9, 3, 16, 13 ], "texture": "#top" },
        "west":  { "uv": [ 3, 2, 13, 3 ], "texture": "#side" },
        "east":  { "uv": [ 3, 0, 13, 1 ], "texture": "#side" }
    }
}
],
    "display": {
        "gui": {
            "rotation": [ 30, 225, 0 ],
            "translation": [ 0, 0, 0],
            "scale":[ 0.625, 0.625, 0.625 ]
        },
        "ground": {
            "rotation": [ 0, 0, 0 ],
            "translation": [ 0, 3, 0],
            "scale":[ 0.25, 0.25, 0.25 ]
        },
        "fixed": {
            "rotation": [ 0, 0, 0 ],
            "translation": [ 0, 0, 0],
            "scale":[ 0.5, 0.5, 0.5 ]
        },
        "thirdperson_righthand": {
            "rotation": [ 75, 45, 0 ],
            "translation": [ 0, 2.5, 0],
            "scale": [ 0.375, 0.375, 0.375 ]
        },
        "firstperson_righthand": {
            "rotation": [ 0, 45, 0 ],
            "translation": [ 0, 0, 0 ],
            "scale": [ 0.40, 0.40, 0.40 ]
        },
        "firstperson_lefthand": {
            "rotation": [ 0, 225, 0 ],
            "translation": [ 0, 0, 0 ],
            "scale": [ 0.40, 0.40, 0.40 ]
        }
    }
}