{
"__comment": "Designed by tomaxed with Cubik",
"textures": {
    "particle": "blocks/fence_jungle",
    "texture": "blocks/fence_jungle"
},
"elements": [ 
{
    "from": [ 7.5, 11, 0 ],
    "to": [ 8.5, 12, 4 ],
    "faces": {
        "down":  { "uv": [ 0, 4, 4, 5 ], "rotation": 270, "texture": "#texture" },
        "up":    { "uv": [ 0, 4, 4, 5 ], "rotation": 90, "texture": "#texture" },
        "north": { "uv": [ 0, 4, 1, 5 ], "texture": "#texture" },
        "south": { "uv": [ 3, 4, 4, 5 ], "texture": "#texture" },
        "west":  { "uv": [ 0, 4, 4, 5 ], "texture": "#texture" },
        "east":  { "uv": [ 4, 4, 0, 5 ], "texture": "#texture" }
    }
},
{
    "from": [ 7.5, 12, 0 ],
    "to": [ 8.5, 13, 8 ],
    "faces": {
        "down":  { "uv": [ 0, 3, 8, 4 ], "rotation": 270, "texture": "#texture" },
        "up":    { "uv": [ 0, 3, 8, 4 ], "rotation": 90, "texture": "#texture" },
        "north": { "uv": [ 0, 3, 1, 4 ], "texture": "#texture" },
        "south": { "uv": [ 7, 3, 8, 4 ], "texture": "#texture" },
        "west":  { "uv": [ 0, 3, 8, 4 ], "texture": "#texture" },
        "east":  { "uv": [ 8, 3, 0, 4 ], "texture": "#texture" }
    }
},
{
    "from": [ 7.5, 13, 3 ],
    "to": [ 8.5, 14, 8 ],
    "faces": {
        "down":  { "uv": [ 3, 2, 8, 3 ], "rotation": 270, "texture": "#texture" },
        "up":    { "uv": [ 3, 2, 8, 3 ], "rotation": 90, "texture": "#texture" },
        "north": { "uv": [ 3, 2, 4, 3 ], "texture": "#texture" },
        "south": { "uv": [ 7, 2, 8, 3 ], "texture": "#texture" },
        "west":  { "uv": [ 3, 2, 8, 3 ], "texture": "#texture" },
        "east":  { "uv": [ 8, 2, 3, 3 ], "texture": "#texture" }
    }
},
{
    "from": [ 7.5, 6, 0 ],
    "to": [ 8.5, 7, 4 ],
    "faces": {
        "down":  { "uv": [ 0, 9, 4, 10 ], "rotation": 270, "texture": "#texture" },
        "up":    { "uv": [ 0, 9, 4, 10 ], "rotation": 90, "texture": "#texture" },
        "north": { "uv": [ 0, 9, 1, 10 ], "texture": "#texture" },
        "south": { "uv": [ 3, 9, 4, 10 ], "texture": "#texture" },
        "west":  { "uv": [ 0, 9, 4, 10 ], "texture": "#texture" },
        "east":  { "uv": [ 4, 9, 0, 10 ], "texture": "#texture" }
    }
},
{
    "from": [ 7.5, 7, 0 ],
    "to": [ 8.5, 8, 8 ],
    "faces": {
        "down":  { "uv": [ 0, 8, 8, 9 ], "rotation": 270, "texture": "#texture" },
        "up":    { "uv": [ 0, 8, 8, 9 ], "rotation": 90, "texture": "#texture" },
        "north": { "uv": [ 0, 8, 1, 9 ], "texture": "#texture" },
        "south": { "uv": [ 7, 8, 8, 9 ], "texture": "#texture" },
        "west":  { "uv": [ 0, 8, 8, 9 ], "texture": "#texture" },
        "east":  { "uv": [ 8, 8, 0, 9 ], "texture": "#texture" }
    }
},
{
    "from": [ 7.5, 8, 3 ],
    "to": [ 8.5, 9, 8 ],
    "faces": {
        "down":  { "uv": [ 3, 7, 8, 8 ], "rotation": 270, "texture": "#texture" },
        "up":    { "uv": [ 3, 7, 8, 8 ], "rotation": 90, "texture": "#texture" },
        "north": { "uv": [ 3, 7, 4, 8 ], "texture": "#texture" },
        "south": { "uv": [ 7, 7, 8, 8 ], "texture": "#texture" },
        "west":  { "uv": [ 3, 7, 8, 8 ], "texture": "#texture" },
        "east":  { "uv": [ 8, 7, 3, 8 ], "texture": "#texture" }
    }
}
]
}