{
"__comment": "Designed by tomaxed with Cubik",
"textures": {
    "particle": "blocks/fence_gate_jungle",
    "texture": "blocks/fence_gate_jungle"
},
"elements": [ 
{
    "from": [ 0, 0, 6 ],
    "to": [ 2, 16, 10 ],
    "faces": {
        "down":  { "uv": [ 7, 12, 9, 16 ], "texture": "#texture" },
        "up":    { "uv": [ 7, 12, 9, 16 ], "texture": "#texture" },
        "north": { "uv": [ 1, 0, 3, 16 ], "texture": "#texture" },
        "south": { "uv": [ 1, 0, 3, 16 ], "texture": "#texture" },
        "west":  { "uv": [ 0, 0, 4, 16 ], "texture": "#texture" },
        "east":  { "uv": [ 0, 0, 4, 16 ], "texture": "#texture" }
    }
},
{
    "from": [ 14, 0, 6 ],
    "to": [ 16, 16, 10 ],
    "faces": {
        "down":  { "uv": [ 7, 12, 9, 16 ], "texture": "#texture" },
        "up":    { "uv": [ 7, 12, 9, 16 ], "texture": "#texture" },
        "north": { "uv": [ 1, 0, 3, 16 ], "texture": "#texture" },
        "south": { "uv": [ 1, 0, 3, 16 ], "texture": "#texture" },
        "west":  { "uv": [ 0, 0, 4, 16 ], "texture": "#texture" },
        "east":  { "uv": [ 0, 0, 4, 16 ], "texture": "#texture" }
    }
},
{
    "from": [ 2, 12, 7.5 ],
    "to": [ 6, 14, 8.5 ],
    "faces": {
        "down":  { "uv": [ 4, 3, 8, 4 ], "texture": "#texture" },
        "up":    { "uv": [ 4, 2, 8, 3 ], "texture": "#texture" },
        "north": { "uv": [ 8, 2, 4, 4 ], "texture": "#texture" },
        "south": { "uv": [ 4, 2, 8, 4 ], "texture": "#texture" },
        "west":  { "uv": [ 4, 2, 5, 4 ], "texture": "#texture" },
        "east":  { "uv": [ 7, 2, 8, 4 ], "texture": "#texture" }
    }
},
{
    "from": [ 10, 12, 7.5 ],
    "to": [ 14, 14, 8.5 ],
    "faces": {
        "down":  { "uv": [ 12, 3, 16, 4 ], "texture": "#texture" },
        "up":    { "uv": [ 12, 2, 16, 3 ], "texture": "#texture" },
        "north": { "uv": [ 16, 2, 12, 4 ], "texture": "#texture" },
        "south": { "uv": [ 12, 2, 16, 4 ], "texture": "#texture" },
        "west":  { "uv": [ 12, 2, 13, 4 ], "texture": "#texture" },
        "east":  { "uv": [ 15, 2, 16, 4 ], "texture": "#texture" }
    }
},
{
    "from": [ 5, 11, 7.5 ],
    "to": [ 11, 13, 8.5 ],
    "faces": {
        "down":  { "uv": [ 7, 4, 13, 5 ], "texture": "#texture" },
        "up":    { "uv": [ 7, 3, 13, 4 ], "texture": "#texture" },
        "north": { "uv": [ 13, 3, 7, 5 ], "texture": "#texture" },
        "south": { "uv": [ 7, 3, 13, 5 ], "texture": "#texture" },
        "west":  { "uv": [ 7, 3, 8, 5 ], "texture": "#texture" },
        "east":  { "uv": [ 12, 3, 13, 5 ], "texture": "#texture" }
    }
},
{
    "from": [ 2, 7, 7.5 ],
    "to": [ 6, 9, 8.5 ],
    "faces": {
        "down":  { "uv": [ 4, 8, 8, 9 ], "texture": "#texture" },
        "up":    { "uv": [ 4, 7, 8, 8 ], "texture": "#texture" },
        "north": { "uv": [ 8, 7, 4, 9 ], "texture": "#texture" },
        "south": { "uv": [ 4, 7, 8, 9 ], "texture": "#texture" },
        "west":  { "uv": [ 4, 7, 5, 9 ], "texture": "#texture" },
        "east":  { "uv": [ 7, 7, 8, 9 ], "texture": "#texture" }
    }
},
{
    "from": [ 10, 7, 7.5 ],
    "to": [ 14, 9, 8.5 ],
    "faces": {
        "down":  { "uv": [ 12, 8, 16, 9 ], "texture": "#texture" },
        "up":    { "uv": [ 12, 7, 16, 8 ], "texture": "#texture" },
        "north": { "uv": [ 16, 7, 12, 9 ], "texture": "#texture" },
        "south": { "uv": [ 12, 7, 16, 9 ], "texture": "#texture" },
        "west":  { "uv": [ 12, 7, 13, 9 ], "texture": "#texture" },
        "east":  { "uv": [ 15, 7, 16, 9 ], "texture": "#texture" }
    }
},
{
    "from": [ 5, 6, 7.5 ],
    "to": [ 11, 8, 8.5 ],
    "faces": {
        "down":  { "uv": [ 7, 9, 13, 10 ], "texture": "#texture" },
        "up":    { "uv": [ 7, 8, 13, 9 ], "texture": "#texture" },
        "north": { "uv": [ 13, 8, 7, 10 ], "texture": "#texture" },
        "south": { "uv": [ 7, 8, 13, 10 ], "texture": "#texture" },
        "west":  { "uv": [ 7, 8, 8, 10 ], "texture": "#texture" },
        "east":  { "uv": [ 12, 8, 13, 10 ], "texture": "#texture" }
    }
}
],
"display": {
    "thirdperson_righthand": {
        "rotation": [ 75, 45, 0 ],
        "translation": [ 0, 2.5, 0 ],
        "scale": [ 0.5, 0.5, 0.5 ]
    },
    "ground": {
        "rotation": [ 0, 0, 0 ],
        "translation": [ 0, 3, 0 ],
        "scale": [ 0.25, 0.25, 0.25 ]
    },
    "firstperson_righthand": {
        "rotation": [ 0, 45, 0 ],
        "translation": [ 0, 0, 0 ],
        "scale": [ 0.4, 0.4, 0.4 ]
    },
    "gui": {
        "rotation": [ 30, 225, 0 ],
        "translation": [ 0, 0, 0 ],
        "scale": [ 0.625, 0.625, 0.625 ]
    }
}
}