{
"textures": {
    "particle": "blocks/fence_jungle",
    "texture": "blocks/fence_jungle"
},
"elements": [ 
{
    "__comment": "Center post",
    "from": [ 6, 0, 6 ],
    "to": [ 10, 16, 10 ],
    "faces": {
        "down":  { "uv": [ 12, 12, 16, 16 ], "texture": "#texture", "cullface": "down" },
        "up":    { "uv": [ 12, 12, 16, 16 ], "texture": "#texture", "cullface": "up" },
        "north": { "uv": [ 6, 0, 10, 16 ], "texture": "#texture" },
        "south": { "uv": [ 6, 0, 10, 16 ], "texture": "#texture" },
        "west":  { "uv": [ 6, 0, 10, 16 ], "texture": "#texture" },
        "east":  { "uv": [ 6, 0, 10, 16 ], "texture": "#texture" }
    }
}
]
}