{
"__comment": "Designed by tomaxed with Cubik",
"textures": {
    "particle": "blocks/fence_gate_jungle",
    "texture": "blocks/fence_gate_jungle"
},
"elements": [ 
{
    "from": [ 0, 0, 6 ],
    "to": [ 2, 16, 10 ],
    "faces": {
        "down":  { "uv": [ 7, 12, 9, 16 ], "texture": "#texture" },
        "up":    { "uv": [ 7, 12, 9, 16 ], "texture": "#texture" },
        "north": { "uv": [ 1, 0, 3, 16 ], "texture": "#texture" },
        "south": { "uv": [ 1, 0, 3, 16 ], "texture": "#texture" },
        "west":  { "uv": [ 0, 0, 4, 16 ], "texture": "#texture" },
        "east":  { "uv": [ 0, 0, 4, 16 ], "texture": "#texture" }
    }
},
{
    "from": [ 14, 0, 6 ],
    "to": [ 16, 16, 10 ],
    "faces": {
        "down":  { "uv": [ 7, 12, 9, 16 ], "texture": "#texture" },
        "up":    { "uv": [ 7, 12, 9, 16 ], "texture": "#texture" },
        "north": { "uv": [ 1, 0, 3, 16 ], "texture": "#texture" },
        "south": { "uv": [ 1, 0, 3, 16 ], "texture": "#texture" },
        "west":  { "uv": [ 0, 0, 4, 16 ], "texture": "#texture" },
        "east":  { "uv": [ 0, 0, 4, 16 ], "texture": "#texture" }
    }
},
{
    "from": [ 12.5, 11.5, 7.5 ],
    "to": [ 14.5, 13.5, 8.5 ],
    "rotation": { "origin": [ 12.5, 13.5, 7.5 ], "axis": "z", "angle": 22.5 },
    "faces": {
        "down":  { "uv": [ 14, 3, 16, 4 ], "texture": "#texture" },
        "up":    { "uv": [ 14, 2, 16, 3 ], "texture": "#texture" },
        "north": { "uv": [ 16, 2, 14, 4 ], "texture": "#texture" },
        "south": { "uv": [ 14, 2, 16, 4 ], "texture": "#texture" },
        "west":  { "uv": [ 14, 2, 15, 4 ], "texture": "#texture" },
        "east":  { "uv": [ 15, 2, 16, 4 ], "texture": "#texture" }
    }
},
{
    "from": [ 1.5, 7.75, 7.5 ],
    "to": [ 5.5, 9.75, 8.5 ],
    "rotation": { "origin": [ 1.5, 9.75, 7.5 ], "axis": "z", "angle": -45 },
    "faces": {
        "down":  { "uv": [ 4, 8, 8, 9 ], "texture": "#texture" },
        "up":    { "uv": [ 4, 7, 8, 8 ], "texture": "#texture" },
        "north": { "uv": [ 8, 7, 4, 9 ], "texture": "#texture" },
        "south": { "uv": [ 4, 7, 8, 9 ], "texture": "#texture" },
        "west":  { "uv": [ 4, 7, 5, 9 ], "texture": "#texture" },
        "east":  { "uv": [ 7, 7, 8, 9 ], "texture": "#texture" }
    }
},
{
    "from": [ 11.5, 5, 7.5 ],
    "to": [ 15.5, 7, 8.5 ],
    "rotation": { "origin": [ 11.5, 7, 7.5 ], "axis": "z", "angle": 45 },
    "faces": {
        "down":  { "uv": [ 12, 8, 16, 9 ], "texture": "#texture" },
        "up":    { "uv": [ 12, 7, 16, 8 ], "texture": "#texture" },
        "north": { "uv": [ 16, 7, 12, 9 ], "texture": "#texture" },
        "south": { "uv": [ 12, 7, 16, 9 ], "texture": "#texture" },
        "west":  { "uv": [ 12, 7, 13, 9 ], "texture": "#texture" },
        "east":  { "uv": [ 15, 7, 16, 9 ], "texture": "#texture" }
    }
},
{
    "from": [ 11.5, 1, 7.5003 ],
    "to": [ 13.5, 7, 8.5003 ],
    "faces": {
        "down":  { "uv": [ 9, 9, 11, 10 ], "rotation": 90, "texture": "#texture" },
        "up":    { "uv": [ 9, 8, 11, 9 ], "rotation": 90, "texture": "#texture" },
        "north": { "uv": [ 13, 8, 7, 10 ], "rotation": 90, "texture": "#texture" },
        "south": { "uv": [ 7, 8, 13, 10 ], "rotation": 270, "texture": "#texture" },
        "west":  { "uv": [ 7, 9, 13, 10 ], "rotation": 90, "texture": "#texture" },
        "east":  { "uv": [ 7, 9, 13, 10 ], "rotation": 90, "texture": "#texture" }
    }
}
]
}