{
"__comment": "Designed by tomaxed with Cubik",
"ambientocclusion": false,
"textures": {
    "particle": "blocks/ladder",
    "texture": "blocks/ladder"
},
"elements": [ 
{
    "from": [ 2, 0, 15.1875 ],
    "to": [ 4, 16, 16.0625 ],
    "faces": {
        "down":  { "uv": [ 14, 16, 12, 15.1875 ], "texture": "#texture" },
        "up":    { "uv": [ 2, 15.1875, 4, 16 ], "texture": "#texture" },
        "north": { "uv": [ 12, 0, 14, 16 ], "texture": "#texture" },
        "south": { "uv": [ 2, 0, 4, 16 ], "texture": "#texture" },
        "west":  { "uv": [ 3, 0, 3.8125, 16 ], "texture": "#texture" },
        "east":  { "uv": [ 2, 0, 2.8125, 16 ], "texture": "#texture" }
    }
},
{
    "from": [ 12, 0, 15.1875 ],
    "to": [ 14, 16, 16.0625 ],
    "faces": {
        "down":  { "uv": [ 4, 16, 2, 15.1875 ], "texture": "#texture" },
        "up":    { "uv": [ 12, 15.1875, 14, 16 ], "texture": "#texture" },
        "north": { "uv": [ 2, 0, 4, 16 ], "texture": "#texture" },
        "south": { "uv": [ 12, 0, 14, 16 ], "texture": "#texture" },
        "west":  { "uv": [ 13, 0, 13.8125, 16 ], "texture": "#texture" },
        "east":  { "uv": [ 12, 0, 12.8125, 16 ], "texture": "#texture" }
    }
},
{
    "from": [ 1, 11, 15.1875 ],
    "to": [ 15, 14, 16.0625 ],
    "faces": {
        "down":  { "uv": [ 15, 5, 1, 4.1875 ], "texture": "#texture" },
        "up":    { "uv": [ 1, 2, 15, 2.8125 ], "texture": "#texture" },
        "north": { "uv": [ 1, 2, 15, 5 ], "texture": "#texture" },
        "south": { "uv": [ 1, 2, 15, 5 ], "texture": "#texture" },
        "west":  { "uv": [ 14.1875, 2, 15, 5 ], "texture": "#texture" },
        "east":  { "uv": [ 1, 2, 1.8125, 5 ], "texture": "#texture" }
    }
},
{
    "from": [ 1, 3, 15.1875 ],
    "to": [ 15, 6, 16.0625 ],
    "faces": {
        "down":  { "uv": [ 15, 13, 1, 12.1875 ], "texture": "#texture" },
        "up":    { "uv": [ 1, 10.1875, 15, 11 ], "texture": "#texture" },
        "north": { "uv": [ 1, 10, 15, 13 ], "texture": "#texture" },
        "south": { "uv": [ 1, 10, 15, 13 ], "texture": "#texture" },
        "west":  { "uv": [ 14.1875, 10, 15, 13 ], "texture": "#texture" },
        "east":  { "uv": [ 1, 10, 1.8125, 13 ], "texture": "#texture" }
    }
}
],
    "display": {
        "gui": {
            "rotation": [ 30, 225, 0 ],
            "translation": [ 0, 0, 0],
            "scale":[ 0.625, 0.625, 0.625 ]
        },
        "ground": {
            "rotation": [ 0, 0, 0 ],
            "translation": [ 0, 3, 0],
            "scale":[ 0.25, 0.25, 0.25 ]
        },
        "fixed": {
            "rotation": [ 0, 0, 0 ],
            "translation": [ 0, 0, 0],
            "scale":[ 0.5, 0.5, 0.5 ]
        },
        "thirdperson_righthand": {
            "rotation": [ 75, 45, 0 ],
            "translation": [ 0, 2.5, 0],
            "scale": [ 0.375, 0.375, 0.375 ]
        },
        "firstperson_righthand": {
            "rotation": [ 0, 45, 0 ],
            "translation": [ 0, 0, 0 ],
            "scale": [ 0.40, 0.40, 0.40 ]
        },
        "firstperson_lefthand": {
            "rotation": [ 0, 225, 0 ],
            "translation": [ 0, 0, 0 ],
            "scale": [ 0.40, 0.40, 0.40 ]
        }
    }
}