{
"__comment": "Designed by tomaxed with Cubik",
"textures": {
    "particle": "blocks/gold_pressure_plate",
    "texture": "blocks/gold_pressure_plate"
},
"elements": [ 
{
    "from": [ 1, 0, 1 ],
    "to": [ 15, 0.5, 15 ],
    "faces": {
        "down":  { "uv": [ 15, 15, 1, 1 ], "texture": "#texture" },
        "up":    { "uv": [ 1, 1, 15, 15 ], "texture": "#texture" },
        "north": { "uv": [ 1, 0, 15, 0.5 ], "texture": "#texture" },
        "south": { "uv": [ 1, 15.5, 15, 16 ], "texture": "#texture" },
        "west":  { "uv": [ 0, 1, 0.5, 15 ], "rotation": 90, "texture": "#texture" },
        "east":  { "uv": [ 15.5, 1, 16, 15 ], "rotation": 90, "texture": "#texture" }
    }
}
]
}