{
"textures": {
    "particle": "blocks/snow",
    "texture": "blocks/snow"
},
"elements": [ 
{
    "from": [ 0, 0, 0 ],
    "to": [ 16, 2, 16 ],
    "faces": {
        "down":  { "uv": [ 0, 0, 16, 16 ], "texture": "#texture", "cullface": "down" },
        "up":    { "uv": [ 0, 0, 16, 16 ], "texture": "#texture" },
        "north": { "uv": [ 0, 14, 16, 16 ], "texture": "#texture", "cullface": "north" },
        "south": { "uv": [ 0, 14, 16, 16 ], "texture": "#texture", "cullface": "south" },
        "west":  { "uv": [ 0, 14, 16, 16 ], "texture": "#texture", "cullface": "west" },
        "east":  { "uv": [ 0, 14, 16, 16 ], "texture": "#texture", "cullface": "east" }
    }
},
{
    "from": [ 16, -1, 0 ],
    "to": [ 16.0625, 0, 8 ],
    "faces": {
        "west":  { "uv": [ 0, 0, 8, 1 ], "texture": "#texture" },
        "east":  { "uv": [ 0, 0, 8, 1 ], "texture": "#texture" }
    }
},
{
    "from": [ 16, -1, 13 ],
    "to": [ 16.0625, 0, 16 ],
    "faces": {
        "west":  { "uv": [ 13, 0, 16, 1 ], "texture": "#texture" },
        "east":  { "uv": [ 13, 0, 16, 1 ], "texture": "#texture" }
    }
},
{
    "from": [ 16, -2, 2 ],
    "to": [ 16.0625, -1, 7 ],
    "faces": {
        "west":  { "uv": [ 2, 1, 7, 2 ], "texture": "#texture" },
        "east":  { "uv": [ 2, 1, 7, 2 ], "texture": "#texture" }
    }
},
{
    "from": [ 16, -2, 14 ],
    "to": [ 16.0625, -1, 15 ],
    "faces": {
        "west":  { "uv": [ 14, 1, 15, 2 ], "texture": "#texture" },
        "east":  { "uv": [ 14, 1, 15, 2 ], "texture": "#texture" }
    }
},
{
    "from": [ -0.0625, -1, 0 ],
    "to": [ 0, 0, 8 ],
    "faces": {
        "west":  { "uv": [ 0, 0, 8, 1 ], "texture": "#texture" },
        "east":  { "uv": [ 0, 0, 8, 1 ], "texture": "#texture" }
    }
},
{
    "from": [ -0.0625, -1, 13 ],
    "to": [ 0, 0, 16 ],
    "faces": {
        "west":  { "uv": [ 13, 0, 16, 1 ], "texture": "#texture" },
        "east":  { "uv": [ 13, 0, 16, 1 ], "texture": "#texture" }
    }
},
{
    "from": [ -0.0625, -2, 2 ],
    "to": [ 0, -1, 7 ],
    "faces": {
        "west":  { "uv": [ 2, 1, 7, 2 ], "texture": "#texture" },
        "east":  { "uv": [ 2, 1, 7, 2 ], "texture": "#texture" }
    }
},
{
    "from": [ -0.0625, -2, 14 ],
    "to": [ 0, -1, 15 ],
    "faces": {
        "west":  { "uv": [ 14, 1, 15, 2 ], "texture": "#texture" },
        "east":  { "uv": [ 14, 1, 15, 2 ], "texture": "#texture" }
    }
},
{
    "from": [ 0, -1, 16 ],
    "to": [ 4, 0, 16.0625 ],
    "faces": {
        "north": { "uv": [ 0, 0, 4, 1 ], "texture": "#texture" },
        "south": { "uv": [ 0, 0, 4, 1 ], "texture": "#texture" }
    }
},
{
    "from": [ 15, -1, 16 ],
    "to": [ 16, 0, 16.0625 ],
    "faces": {
        "north": { "uv": [ 15, 0, 16, 1 ], "texture": "#texture" },
        "south": { "uv": [ 15, 0, 16, 1 ], "texture": "#texture" }
    }
},
{
    "from": [ 7, -1, 16 ],
    "to": [ 10, 0, 16.0625 ],
    "faces": {
        "north": { "uv": [ 7, 0, 10, 1 ], "texture": "#texture" },
        "south": { "uv": [ 7, 0, 10, 1 ], "texture": "#texture" }
    }
},
{
    "from": [ 12, -1, 16 ],
    "to": [ 13, 0, 16.0625 ],
    "faces": {
        "north": { "uv": [ 12, 0, 13, 1 ], "texture": "#texture" },
        "south": { "uv": [ 12, 0, 13, 1 ], "texture": "#texture" }
    }
},
{
    "from": [ 1, -2, 16 ],
    "to": [ 3, -1, 16.0625 ],
    "faces": {
        "north": { "uv": [ 1, 1, 3, 2 ], "texture": "#texture" },
        "south": { "uv": [ 1, 1, 3, 2 ], "texture": "#texture" }
    }
},
{
    "from": [ 0, -1, -0.0625 ],
    "to": [ 4, 0, 0 ],
    "faces": {
        "north": { "uv": [ 0, 0, 4, 1 ], "texture": "#texture" },
        "south": { "uv": [ 0, 0, 4, 1 ], "texture": "#texture" }
    }
},
{
    "from": [ 15, -1, -0.0625 ],
    "to": [ 16, 0, 0 ],
    "faces": {
        "north": { "uv": [ 15, 0, 16, 1 ], "texture": "#texture" },
        "south": { "uv": [ 15, 0, 16, 1 ], "texture": "#texture" }
    }
},
{
    "from": [ 7, -1, -0.0625 ],
    "to": [ 10, 0, 0 ],
    "faces": {
        "north": { "uv": [ 7, 0, 10, 1 ], "texture": "#texture" },
        "south": { "uv": [ 7, 0, 10, 1 ], "texture": "#texture" }
    }
},
{
    "from": [ 12, -1, -0.0625 ],
    "to": [ 13, 0, 0 ],
    "faces": {
        "north": { "uv": [ 12, 0, 13, 1 ], "texture": "#texture" },
        "south": { "uv": [ 12, 0, 13, 1 ], "texture": "#texture" }
    }
},
{
    "from": [ 1, -2, -0.0625 ],
    "to": [ 3, -1, 0 ],
    "faces": {
        "north": { "uv": [ 1, 1, 3, 2 ], "texture": "#texture" },
        "south": { "uv": [ 1, 1, 3, 2 ], "texture": "#texture" }
    }
},
{
    "from": [ -0.0625, 0, 0 ],
    "to": [ 0, 1, 16 ],
    "faces": {
        "west":  { "uv": [ 0, 15, 16, 16 ], "texture": "#texture" },
        "east":  { "uv": [ 0, 15, 16, 16 ], "texture": "#texture" }
    }
},
{
    "from": [ 16.0625, 0, 0 ],
    "to": [ 16.125, 1, 16 ],
    "faces": {
        "west":  { "uv": [ 0, 15, 16, 16 ], "texture": "#texture" },
        "east":  { "uv": [ 0, 15, 16, 16 ], "texture": "#texture" }
    }
},
{
    "from": [ 0, 0, -0.0625 ],
    "to": [ 16, 1, 0 ],
    "faces": {
        "north": { "uv": [ 0, 15, 16, 16 ], "texture": "#texture" },
        "south": { "uv": [ 0, 15, 16, 16 ], "texture": "#texture" }
    }
},
{
    "from": [ 0, 0, 16.0625 ],
    "to": [ 16, 1, 16.125 ],
    "faces": {
        "north": { "uv": [ 0, 15, 16, 16 ], "texture": "#texture" },
        "south": { "uv": [ 0, 15, 16, 16 ], "texture": "#texture" }
    }
}
],
"display": {
    "thirdperson_righthand": {
        "rotation": [ 75, 45, 0 ],
        "translation": [ 0, 2.5, 3.02 ],
        "scale": [ 0.5, 0.5, 0.5 ]
    },
    "ground": {
        "rotation": [ 0, 0, 0 ],
        "translation": [ 0, 3, 0 ],
        "scale": [ 0.25, 0.25, 0.25 ]
    },
    "firstperson_righthand": {
        "rotation": [ 0, 45, 0 ],
        "translation": [ 0, 2.83, 0 ],
        "scale": [ 0.4, 0.4, 0.4 ]
    },
    "gui": {
        "rotation": [ 30, 225, 0 ],
        "translation": [ 0, 1.89, 0 ],
        "scale": [ 0.62, 0.62, 0.62 ]
    }
}
}