{
"__comment": "Designed by tomaxed with Cubik",
"textures": {
    "particle": "blocks/fence_spruce",
    "top": "blocks/fence_spruce_top",
    "side": "blocks/fence_spruce"
},
"elements": [ 
{
    "from": [ 0, 11, 7 ],
    "to": [ 5.5, 14, 9 ],
    "faces": {
        "down":  { "uv": [ 0, 7, 5.5, 9 ], "texture": "#top" },
        "up":    { "uv": [ 0, 7, 5.5, 9 ], "texture": "#top" },
        "north": { "uv": [ 0, 2, 5.5, 5 ], "texture": "#side" },
        "south": { "uv": [ 0, 2, 5.5, 5 ], "texture": "#side" },
        "west":  { "uv": [ 1, 13, 3, 16 ], "texture": "#side" },
        "east":  { "uv": [ 1, 13, 3, 16 ], "texture": "#side" }
    }
},
{
    "from": [ 0, 7, 7 ],
    "to": [ 5.5, 10, 9 ],
    "faces": {
        "down":  { "uv": [ 0, 7, 5.5, 9 ], "texture": "#top" },
        "up":    { "uv": [ 0, 7, 5.5, 9 ], "texture": "#top" },
        "north": { "uv": [ 0, 6, 5.5, 9 ], "texture": "#side" },
        "south": { "uv": [ 0, 6, 5.5, 9 ], "texture": "#side" },
        "west":  { "uv": [ 1, 13, 3, 16 ], "texture": "#side" },
        "east":  { "uv": [ 1, 13, 3, 16 ], "texture": "#side" }
    }
},
{
    "from": [ 0, 3, 7 ],
    "to": [ 5.5, 6, 9 ],
    "faces": {
        "down":  { "uv": [ 0, 7, 5.5, 9 ], "texture": "#top" },
        "up":    { "uv": [ 0, 7, 5.5, 9 ], "texture": "#top" },
        "north": { "uv": [ 0, 10, 5.5, 13 ], "texture": "#side" },
        "south": { "uv": [ 0, 10, 5.5, 13 ], "texture": "#side" },
        "west":  { "uv": [ 1, 13, 3, 16 ], "texture": "#side" },
        "east":  { "uv": [ 1, 13, 3, 16 ], "texture": "#side" }
    }
},
{
    "from": [ 5.5, 3, 7 ],
    "to": [ 7.5, 14, 9 ],
    "faces": {
        "down":  { "uv": [ 7, 7, 9, 9 ], "texture": "#top" },
        "up":    { "uv": [ 7, 7, 9, 9 ], "texture": "#top" },
        "north": { "uv": [ 8, 2, 10, 13 ], "texture": "#side" },
        "south": { "uv": [ 8, 2, 10, 13 ], "texture": "#side" },
        "west":  { "uv": [ 8, 2, 10, 13 ], "texture": "#side" },
        "east":  { "uv": [ 8, 2, 10, 13 ], "texture": "#side" }
    }
},
{
    "from": [ 8.5, 3, 7 ],
    "to": [ 10.5, 14, 9 ],
    "faces": {
        "down":  { "uv": [ 7, 7, 9, 9 ], "texture": "#top" },
        "up":    { "uv": [ 7, 7, 9, 9 ], "texture": "#top" },
        "north": { "uv": [ 8, 2, 10, 13 ], "texture": "#side" },
        "south": { "uv": [ 8, 2, 10, 13 ], "texture": "#side" },
        "west":  { "uv": [ 8, 2, 10, 13 ], "texture": "#side" },
        "east":  { "uv": [ 8, 2, 10, 13 ], "texture": "#side" }
    }
},
{
    "from": [ 10.5, 3, 7 ],
    "to": [ 16, 6, 9 ],
    "faces": {
        "down":  { "uv": [ 10.5, 7, 16, 9 ], "texture": "#top" },
        "up":    { "uv": [ 10.5, 7, 16, 9 ], "texture": "#top" },
        "north": { "uv": [ 10.5, 10, 16, 13 ], "texture": "#side" },
        "south": { "uv": [ 10.5, 10, 16, 13 ], "texture": "#side" },
        "west":  { "uv": [ 1, 13, 3, 16 ], "texture": "#side" },
        "east":  { "uv": [ 1, 13, 3, 16 ], "texture": "#side" }
    }
},
{
    "from": [ 10.5, 7, 7 ],
    "to": [ 16, 10, 9 ],
    "faces": {
        "down":  { "uv": [ 10.5, 7, 16, 9 ], "texture": "#top" },
        "up":    { "uv": [ 10.5, 7, 16, 9 ], "texture": "#top" },
        "north": { "uv": [ 10.5, 6, 16, 9 ], "texture": "#side" },
        "south": { "uv": [ 10.5, 6, 16, 9 ], "texture": "#side" },
        "west":  { "uv": [ 1, 13, 3, 16 ], "texture": "#side" },
        "east":  { "uv": [ 1, 13, 3, 16 ], "texture": "#side" }
    }
},
{
    "from": [ 10.5, 11, 7 ],
    "to": [ 16, 14, 9 ],
    "faces": {
        "down":  { "uv": [ 10.5, 7, 16, 9 ], "texture": "#top" },
        "up":    { "uv": [ 10.5, 7, 16, 9 ], "texture": "#top" },
        "north": { "uv": [ 10.5, 2, 16, 5 ], "texture": "#side" },
        "south": { "uv": [ 10.5, 2, 16, 5 ], "texture": "#side" },
        "west":  { "uv": [ 1, 13, 3, 16 ], "texture": "#side" },
        "east":  { "uv": [ 1, 13, 3, 16 ], "texture": "#side" }
    }
}
],
"display": {
    "thirdperson_righthand": {
        "rotation": [ 75, 45, 0 ],
        "translation": [ 0, 2.5, 0 ],
        "scale": [ 0.5, 0.5, 0.5 ]
    },
    "ground": {
        "rotation": [ 0, 0, 0 ],
        "translation": [ 0, 3, 0 ],
        "scale": [ 0.25, 0.25, 0.25 ]
    },
    "firstperson_righthand": {
        "rotation": [ 0, 45, 0 ],
        "translation": [ 0, 0, 0 ],
        "scale": [ 0.4, 0.4, 0.4 ]
    },
    "gui": {
        "rotation": [ 30, 225, 0 ],
        "translation": [ 0, 0, 0 ],
        "scale": [ 0.625, 0.625, 0.625 ]
    }
}
}