{
"textures": {
    "particle": "blocks/fence_spruce",
    "top": "blocks/fence_spruce_top",
    "side": "blocks/fence_spruce"
},
"elements": [ 
{
    "__comment": "Center post",
    "from": [ 6, 0, 6 ],
    "to": [ 10, 16, 10 ],
    "faces": {
        "down":  { "uv": [ 6, 6, 10, 10 ], "texture": "#top", "cullface": "down" },
        "up":    { "uv": [ 6, 6, 10, 10 ], "texture": "#top", "cullface": "up" },
        "north": { "uv": [ 6, 0, 10, 16 ], "texture": "#side" },
        "south": { "uv": [ 6, 0, 10, 16 ], "texture": "#side" },
        "west":  { "uv": [ 6, 0, 10, 16 ], "texture": "#side" },
        "east":  { "uv": [ 6, 0, 10, 16 ], "texture": "#side" }
    }
}
]
}