{
"__comment": "Designed by tomaxed with Cubik",
"textures": {
    "particle": "blocks/fence_spruce",
    "side": "blocks/fence_spruce",
    "top": "blocks/fence_spruce_top"
},
"elements": [ 
{
    "from": [ 0, 3, 12.5 ],
    "to": [ 2, 14, 14.5 ],
    "faces": {
        "down":  { "uv": [ 7, 7, 9, 9 ], "texture": "#top" },
        "up":    { "uv": [ 7, 7, 9, 9 ], "texture": "#top" },
        "north": { "uv": [ 8, 1.5, 10, 12.5 ], "texture": "#side" },
        "south": { "uv": [ 8, 1.5, 10, 12.5 ], "texture": "#side" },
        "west":  { "uv": [ 8, 2, 10, 13 ], "texture": "#side" },
        "east":  { "uv": [ 8, 2, 10, 13 ], "texture": "#side" }
    }
},
{
    "from": [ 14, 3, 12.5 ],
    "to": [ 16, 14, 14.5 ],
    "faces": {
        "down":  { "uv": [ 7, 7, 9, 9 ], "texture": "#top" },
        "up":    { "uv": [ 7, 7, 9, 9 ], "texture": "#top" },
        "north": { "uv": [ 8, 2, 10, 13 ], "texture": "#side" },
        "south": { "uv": [ 8, 2, 10, 13 ], "texture": "#side" },
        "west":  { "uv": [ 8, 2, 10, 13 ], "texture": "#side" },
        "east":  { "uv": [ 8, 2, 10, 13 ], "texture": "#side" }
    }
},
{
    "from": [ 0, 11, 7 ],
    "to": [ 2, 14, 12.5 ],
    "faces": {
        "down":  { "uv": [ 7, 0, 9, 6 ], "texture": "#top" },
        "up":    { "uv": [ 7, 0, 9, 6 ], "texture": "#top" },
        "north": { "uv": [ 0, 2, 2, 5 ], "texture": "#side" },
        "south": { "uv": [ 0, 2, 2, 5 ], "texture": "#side" },
        "west":  { "uv": [ 0, 2, 6, 5 ], "texture": "#side" },
        "east":  { "uv": [ 0, 2, 6, 5 ], "texture": "#side" }
    }
},
{
    "from": [ 14, 11, 7 ],
    "to": [ 16, 14, 12.5 ],
    "faces": {
        "down":  { "uv": [ 7, 10, 9, 16 ], "texture": "#top" },
        "up":    { "uv": [ 7, 10, 9, 16 ], "texture": "#top" },
        "north": { "uv": [ 14, 2, 16, 5 ], "texture": "#side" },
        "south": { "uv": [ 14, 2, 16, 5 ], "texture": "#side" },
        "west":  { "uv": [ 10, 2, 16, 5 ], "texture": "#side" },
        "east":  { "uv": [ 10, 2, 16, 5 ], "texture": "#side" }
    }
},
{
    "from": [ 0, 7, 7 ],
    "to": [ 2, 10, 12.5 ],
    "faces": {
        "down":  { "uv": [ 7, 0, 9, 6 ], "texture": "#top" },
        "up":    { "uv": [ 7, 0, 9, 6 ], "texture": "#top" },
        "north": { "uv": [ 0, 6, 2, 9 ], "texture": "#side" },
        "south": { "uv": [ 0, 6, 2, 9 ], "texture": "#side" },
        "west":  { "uv": [ 0, 6, 6, 9 ], "texture": "#side" },
        "east":  { "uv": [ 0, 6, 6, 9 ], "texture": "#side" }
    }
},
{
    "from": [ 0, 3, 7 ],
    "to": [ 2, 6, 12.5 ],
    "faces": {
        "down":  { "uv": [ 7, 0, 9, 6 ], "texture": "#top" },
        "up":    { "uv": [ 7, 0, 9, 6 ], "texture": "#top" },
        "north": { "uv": [ 0, 10, 2, 13 ], "texture": "#side" },
        "south": { "uv": [ 0, 10, 2, 13 ], "texture": "#side" },
        "west":  { "uv": [ 0, 10, 6, 13 ], "texture": "#side" },
        "east":  { "uv": [ 0, 10, 6, 13 ], "texture": "#side" }
    }
},
{
    "from": [ 14, 7, 7 ],
    "to": [ 16, 10, 12.5 ],
    "faces": {
        "down":  { "uv": [ 7, 10, 9, 16 ], "texture": "#top" },
        "up":    { "uv": [ 7, 10, 9, 16 ], "texture": "#top" },
        "north": { "uv": [ 14, 6, 16, 9 ], "texture": "#side" },
        "south": { "uv": [ 14, 6, 16, 9 ], "texture": "#side" },
        "west":  { "uv": [ 10, 6, 16, 9 ], "texture": "#side" },
        "east":  { "uv": [ 10, 6, 16, 9 ], "texture": "#side" }
    }
},
{
    "from": [ 14, 3, 7 ],
    "to": [ 16, 6, 12.5 ],
    "faces": {
        "down":  { "uv": [ 7, 10, 9, 16 ], "texture": "#top" },
        "up":    { "uv": [ 7, 10, 9, 16 ], "texture": "#top" },
        "north": { "uv": [ 0, 10, 2, 13 ], "texture": "#side" },
        "south": { "uv": [ 14, 10, 16, 13 ], "texture": "#side" },
        "west":  { "uv": [ 10, 10, 16, 13 ], "texture": "#side" },
        "east":  { "uv": [ 10, 10, 16, 13 ], "texture": "#side" }
    }
}
]
}