{
"textures": {
    "particle": "blocks/fence_spruce",
    "top": "blocks/fence_spruce_top",
    "side": "blocks/fence_spruce"
},
"elements": [ 
{
    "__comment": "North top bar",
    "from": [ 7, 11, 0 ],
    "to": [ 9, 14, 8 ],
    "faces": {
        "down":  { "uv": [ 7, 0, 9, 9 ], "texture": "#top" },
        "up":    { "uv": [ 7, 0, 9, 9 ], "texture": "#top" },
        "north": { "uv": [ 1, 13, 3, 16 ], "texture": "#side", "cullface": "north" },
        "west":  { "uv": [ 0, 2, 8, 5 ], "texture": "#side" },
        "east":  { "uv": [ 8, 2, 0, 5 ], "texture": "#side" }
    }
},
{
    "__comment": "North lower bar",
    "from": [ 7, 7, 0 ],
    "to": [ 9, 10, 8 ],
    "faces": {
        "down":  { "uv": [ 7, 0, 9, 9 ], "texture": "#top" },
        "up":    { "uv": [ 7, 0, 9, 9 ], "texture": "#top" },
        "north": { "uv": [ 1, 13, 3, 16 ], "texture": "#side", "cullface": "north" },
        "west":  { "uv": [ 0, 6, 8, 9 ], "texture": "#side" },
        "east":  { "uv": [ 8, 6, 0, 9 ], "texture": "#side" }
    }
},
{
    "__comment": "North lower bar*",
    "from": [ 7, 3, 0 ],
    "to": [ 9, 6, 8 ],
    "faces": {
        "down":  { "uv": [ 7, 0, 9, 9 ], "texture": "#top" },
        "up":    { "uv": [ 7, 0, 9, 9 ], "texture": "#top" },
        "north": { "uv": [ 1, 13, 3, 16 ], "texture": "#side", "cullface": "north" },
        "west":  { "uv": [ 0, 10, 8, 13 ], "texture": "#side" },
        "east":  { "uv": [ 8, 10, 0, 13 ], "texture": "#side" }
    }
}
]
}