{
"textures": {
    "particle": "blocks/stone_button",
    "texture": "blocks/stone_button"
},
"elements": [ 
{
    "from": [ 5, 0, 5 ],
    "to": [ 11, 1, 11 ],
    "faces": {
        "down":  { "uv": [ 0, 0, 6, 6 ], "rotation": 180, "texture": "#texture", "cullface": "down" },
        "up":    { "uv": [ 0, 0, 6, 6 ], "rotation": 180, "texture": "#texture" },
        "north": { "uv": [ 0, 8, 6, 9 ], "texture": "#texture" },
        "south": { "uv": [ 0, 8, 6, 9 ], "texture": "#texture" },
        "west":  { "uv": [ 8, 0, 9, 6 ], "rotation": 90, "texture": "#texture" },
        "east":  { "uv": [ 8, 0, 9, 6 ], "rotation": 90, "texture": "#texture" }
    }
}
]
}