{
"textures": {
    "particle": "blocks/stone_button",
    "texture": "blocks/stone_button"
},
"elements": [ 
{
    "from": [ 5, 0, 5 ],
    "to": [ 11, 2, 11 ],
    "faces": {
        "down":  { "uv": [ 0, 0, 6, 6 ], "rotation": 180, "texture": "#texture", "cullface": "down" },
        "up":    { "uv": [ 0, 0, 6, 6 ], "rotation": 180, "texture": "#texture" },
        "north": { "uv": [ 0, 7, 6, 9 ], "texture": "#texture" },
        "south": { "uv": [ 0, 7, 6, 9 ], "texture": "#texture" },
        "west":  { "uv": [ 7, 0, 9, 6 ], "rotation": 90, "texture": "#texture" },
        "east":  { "uv": [ 7, 0, 9, 6 ], "texture": "#texture" }
    }
}
],
"display": {
    "thirdperson_righthand": {
        "rotation": [ 75, 45, 0 ],
        "translation": [ 0, 2.08, 2.83 ],
        "scale": [ 0.5, 0.5, 0.5 ]
    },
    "ground": {
        "rotation": [ 0, 0, 0 ],
        "translation": [ 0, 3, 0 ],
        "scale": [ 0.25, 0.25, 0.25 ]
    },
    "firstperson_righthand": {
        "rotation": [ 0, 45, 0 ],
        "translation": [ 0.94, 2.08, 0 ],
        "scale": [ 0.4, 0.4, 0.4 ]
    },
    "firstperson_lefthand": {
        "rotation": [ 0, 225, 0 ],
        "translation": [ 0, 0, 0 ],
        "scale": [ 0.4, 0.4, 0.4 ]
    },
    "gui": {
        "rotation": [ 30, 225, 0 ],
        "translation": [ 0, 4, 0 ],
        "scale": [ 0.7, 0.7, 0.7 ]
    }
}
}