{
"__comment": "Designed by tomaxed with Cubik",
"ambientocclusion": false,
"textures": {
    "particle": "blocks/vine",
    "vine": "blocks/vine_all",
	"up": "blocks/vine"
},
"elements": [
{   "from": [ 0, 15.2, 0 ],
            "to": [ 16, 15.2, 16 ],
            "shade": false,
            "faces": {
                "down":  { "uv": [ 0, 0, 16, 16 ], "texture": "#up", "tintindex": 0 },
                "up":    { "uv": [ 0, 0, 16, 16 ], "texture": "#up", "tintindex": 0 }
            }
        }, 
{
    "from": [ -16, -16, 15.1875 ],
    "to": [ 32, 32, 15.25 ],
    "shade": false,
    "faces": {
        "north": { "uv": [ 0, 0, 16, 16 ], "texture": "#vine", "tintindex": 0 },
        "south": { "uv": [ 0, 0, 16, 16 ], "texture": "#vine", "tintindex": 0 }
    }
}
]
}