{
"__comment": "Designed by tomaxed with Cubik",
"textures": {
    "particle": "blocks/waterlily_better",
    "texture": "blocks/waterlily_better"
},
"elements": [ 
{
    "from": [ 0, -0.0625, 0 ],
    "to": [ 16, 0, 16 ],
    "faces": {
        "down":  { "uv": [ 0, 8, 8, 0 ], "texture": "#texture", "tintindex": 0 },
        "up":    { "uv": [ 0, 0, 8, 8 ], "texture": "#texture", "tintindex": 0 }
    }
},
{
	    "__comment": "root",
    "from": [ 2.375, -16, 2.4375 ],
    "to": [ 2.4375, 0, 18.4375 ],
    "rotation": { "origin": [ 2.375, -16, 2.4375 ], "axis": "y", "angle": 45 },
    "faces": {
        "west":  { "uv": [ 8, 8, 16, 16 ], "texture": "#texture" },
        "east":  { "uv": [ 16, 8, 8, 16 ], "texture": "#texture" }
    }
},
{
	"__comment": "root",
    "from": [ 13.6875, -16, 2.4375 ],
    "to": [ 13.75, 0, 18.4375 ],
    "rotation": { "origin": [ 13.6875, -16, 2.4375 ], "axis": "y", "angle": -45 },
    "faces": {
        "west":  { "uv": [ 8, 8, 16, 16 ], "texture": "#texture" },
        "east":  { "uv": [ 16, 8, 8, 16 ], "texture": "#texture" }
    }
},
{
    "__comment": "flower",
    "from": [ 2.3125, 0, 2.5 ],
    "to": [ 2.375, 16, 18.5 ],
    "rotation": { "origin": [ 2.3125, 0, 2.5 ], "axis": "y", "angle": 45 },
    "faces": {
        "west":  { "uv": [ 0, 8, 8, 16 ], "texture": "#texture" },
        "east":  { "uv": [ 8, 8, 0, 16 ], "texture": "#texture" }
    }
},
{
    "__comment": "flower",
    "from": [ 13.5625, 0, 2.4375 ],
    "to": [ 13.625, 16, 18.4375 ],
    "rotation": { "origin": [ 13.5625, 0, 2.4375 ], "axis": "y", "angle": -45 },
    "faces": {
        "west":  { "uv": [ 0, 8, 8, 16 ], "texture": "#texture" },
        "east":  { "uv": [ 8, 8, 0, 16 ], "texture": "#texture" }
    }
}
]
}