{
    "ambientocclusion": false,
    "textures": {
        "particle": "blocks/web_top",
		"cross_full": "blocks/web_better"
    },
    "elements": [
        {   "from": [ 0.8, 0, 8 ],
            "to": [ 15.2, 16, 8 ],
            "rotation": { "origin": [ 8, 8, 8 ], "axis": "y", "angle": 45, "rescale": true },
            "shade": false,
            "faces": {
                "north": { "uv": [ 8, 0, 0, 8 ], "texture": "#cross_full" },
                "south": { "uv": [ 0, 0, 8, 8 ], "texture": "#cross_full" }
            }
        },
        {   "from": [ 8, 0, 0.8 ],
            "to": [ 8, 16, 15.2 ],
            "rotation": { "origin": [ 8, 8, 8 ], "axis": "y", "angle": 45, "rescale": true },
            "shade": false,
            "faces": {
                "west": { "uv": [ 0, 0, 8, 8 ], "texture": "#cross_full" },
                "east": { "uv": [ 8, 0, 0, 8 ], "texture": "#cross_full" }
            }
        },
		
		
		
		{   "from": [ 0.8, 0, 8 ],
            "to": [ 15.2, 16.003, 8 ],
            "rotation": { "origin": [ 8, 8, 8 ], "axis": "y", "angle": 45, "rescale": true },
            "shade": false,
            "faces": {
                "north": { "uv": [ 16, 8, 8, 16 ], "texture": "#cross_full", "cullface": "up" },
                "south": { "uv": [ 8, 8, 16, 16 ], "texture": "#cross_full", "cullface": "up" }
            }
        },
        {   "from": [ 8, 0, 0.8 ],
            "to": [ 8, 16.003, 15.2 ],
            "rotation": { "origin": [ 8, 8, 8 ], "axis": "y", "angle": 45, "rescale": true },
            "shade": false,
            "faces": {
                "west": { "uv": [ 8, 8, 16, 16 ], "texture": "#cross_full", "cullface": "up" },
                "east": { "uv": [ 16, 8, 8, 16 ], "texture": "#cross_full", "cullface": "up" }
            }
        }
    ]
}
