{
    "ambientocclusion": false,
"textures": {
    "particle": "#crop",
    "crop": "blocks/wheat_stage_7_full1"
},
"elements": [ 
{
    "from": [ 4, 15, 0 ],
    "to": [ 4.0625, 31, 16 ],
    "shade": false,
    "faces": {
        "west":  { "uv": [ 0, 0, 8, 8 ], "texture": "#crop" },
        "east":  { "uv": [ 0, 0, 8, 8 ], "texture": "#crop" }
    }
},
{
    "from": [ 12, 15, 0 ],
    "to": [ 12.0625, 31, 16 ],
    "shade": false,
    "faces": {
        "west":  { "uv": [ 0, 0, 8, 8 ], "texture": "#crop" },
        "east":  { "uv": [ 0, 0, 8, 8 ], "texture": "#crop" }
    }
},
{
    "from": [ 0, 15, 4 ],
    "to": [ 16, 31, 4.0625 ],
    "shade": false,
    "faces": {
        "north": { "uv": [ 0, 0, 8, 8 ], "texture": "#crop" },
        "south": { "uv": [ 0, 0, 8, 8 ], "texture": "#crop" }
    }
},
{
    "from": [ 0, 15, 12 ],
    "to": [ 16, 31, 12.0625 ],
    "shade": false,
    "faces": {
        "north": { "uv": [ 0, 0, 8, 8 ], "texture": "#crop" },
        "south": { "uv": [ 0, 0, 8, 8 ], "texture": "#crop" }
    }
},
{
    "from": [ 4, -1, 0 ],
    "to": [ 4.0625, 15, 16 ],
	"shade": false,
    "faces": {
        "west":  { "uv": [ 0, 8, 8, 16 ], "texture": "#crop" },
        "east":  { "uv": [ 0, 8, 8, 16 ], "texture": "#crop" }
    }
},
{
    "from": [ 12, -1, 0 ],
    "to": [ 12.0625, 15, 16 ],
	"shade": false,
    "faces": {
        "west":  { "uv": [ 0, 8, 8, 16 ], "texture": "#crop" },
        "east":  { "uv": [ 0, 8, 8, 16 ], "texture": "#crop" }
    }
},
{
    "from": [ 0, -1, 4 ],
    "to": [ 16, 15, 4.0625 ],
	"shade": false,
    "faces": {
        "north": { "uv": [ 0, 8, 8, 16 ], "texture": "#crop" },
        "south": { "uv": [ 0, 8, 8, 16 ], "texture": "#crop" }
    }
},
{
    "from": [ 0, -1, 12 ],
    "to": [ 16, 15, 12.0625 ],
	"shade": false,
    "faces": {
        "north": { "uv": [ 0, 8, 8, 16 ], "texture": "#crop" },
        "south": { "uv": [ 0, 8, 8, 16 ], "texture": "#crop" }
    }
}
]
}