{"credit":"Made with Blockbench","textures":{"2":"iceandfire:custom/texturedasteaxess","3":"iceandfire:custom/raddadste","5":"iceandfire:custom/obsidian14","6":"iceandfire:custom/amphithere_feather","7":"iceandfire:custom/planks_oak","8":"iceandfire:custom/amphithere_macuahuitl","particle":"iceandfire:custom/texturedasteaxess"},"elements":[{"from":[8,-4,7],"to":[9,-1.5,8],"rotation":{"angle":0,"axis":"y","origin":[8.5,-2.75,7.5]},"faces":{"north":{"uv":[0,0,16,16],"texture":"#3"},"east":{"uv":[0,0,16,16],"texture":"#3"},"south":{"uv":[0,0,16,16],"texture":"#3"},"west":{"uv":[0,0,16,16],"texture":"#3"},"up":{"uv":[0,0,16,16],"texture":"#3"},"down":{"uv":[0,0,16,16],"texture":"#3"}}},{"from":[8,3,7],"to":[9,16.5,8],"rotation":{"angle":0,"axis":"y","origin":[8.5,12.75,7.5]},"faces":{"north":{"uv":[0,0,16,16],"texture":"#3"},"east":{"uv":[0,0,16,16],"texture":"#3"},"south":{"uv":[0,0,16,16],"texture":"#3"},"west":{"uv":[0,0,16,16],"texture":"#3"},"up":{"uv":[0,0,16,16],"texture":"#3"},"down":{"uv":[0,0,16,16],"texture":"#3"}}},{"from":[8.075,-1.925,7.075],"to":[8.925,3.925,7.925],"rotation":{"angle":0,"axis":"y","origin":[8.5,1,7.5]},"faces":{"north":{"uv":[0,0,16,16],"texture":"#2"},"east":{"uv":[0,0,16,16],"texture":"#2"},"south":{"uv":[0,0,16,16],"texture":"#2"},"west":{"uv":[0,0,16,16],"texture":"#2"},"up":{"uv":[0,0,16,16],"texture":"#2"},"down":{"uv":[0,0,16,16],"texture":"#2"}}},{"from":[7.96,16.5,6.96],"to":[9.04,17.08,8.04],"rotation":{"angle":0,"axis":"y","origin":[8.5,16.79,7.5]},"faces":{"north":{"uv":[0,0,16,16],"texture":"#3"},"east":{"uv":[0,0,16,16],"texture":"#3"},"south":{"uv":[0,0,16,16],"texture":"#3"},"west":{"uv":[0,0,16,16],"texture":"#3"},"up":{"uv":[0,0,16,16],"texture":"#3"},"down":{"uv":[0,0,16,16],"texture":"#3"}}},{"from":[7.75,9.25,5],"to":[9.25,15.75,10],"rotation":{"angle":0,"axis":"y","origin":[8.5,12.5,7.5]},"faces":{"north":{"uv":[0,0,3,6],"texture":"#7"},"east":{"uv":[0,0,3,6],"texture":"#7"},"south":{"uv":[0,0,3,6],"texture":"#7"},"west":{"uv":[0,0,3,6],"texture":"#7"},"up":{"uv":[0,0,3,6],"texture":"#7"},"down":{"uv":[0,0,3,6],"texture":"#7"}}},{"from":[7.75,15.75,6],"to":[9.25,16.25,9],"rotation":{"angle":0,"axis":"y","origin":[8.5,18.5,7.5]},"faces":{"north":{"uv":[0,0,3,1],"texture":"#7"},"east":{"uv":[0,0,3,1],"texture":"#7"},"south":{"uv":[0,0,3,1],"texture":"#7"},"west":{"uv":[0,0,3,1],"texture":"#7"},"up":{"uv":[0,0,3,1],"texture":"#7"},"down":{"uv":[0,0,3,1],"texture":"#7"}}},{"from":[7.75,8.75,6],"to":[9.25,9.25,9],"rotation":{"angle":0,"axis":"y","origin":[8.5,9,7.5]},"faces":{"north":{"uv":[4,10,7,10.999],"texture":"#7"},"east":{"uv":[4,10,7,10.999],"texture":"#7"},"south":{"uv":[4,10,7,10.999],"texture":"#7"},"west":{"uv":[4,10,7,10.999],"texture":"#7"},"up":{"uv":[4,10,7,10.999],"texture":"#7"},"down":{"uv":[4,10,7,10.999],"texture":"#7"}}},{"from":[7.5,-5,6.5],"to":[9.5,-4,8.5],"rotation":{"angle":0,"axis":"y","origin":[8.5,-3.5,7.5]},"faces":{"north":{"uv":[5,1,8,2.999],"texture":"#7"},"east":{"uv":[5,1,8,2.999],"texture":"#7"},"south":{"uv":[5,1,8,2.999],"texture":"#7"},"west":{"uv":[5,1,8,2.999],"texture":"#7"},"up":{"uv":[5,1,8,2.999],"texture":"#7"},"down":{"uv":[5,1,8,2.999],"texture":"#7"}}},{"from":[7.7,-5.3,6.7],"to":[9.3,-4.7,8.3],"rotation":{"angle":0,"axis":"y","origin":[8.5,-4.5,7.5]},"faces":{"north":{"uv":[5,1,8,2.999],"texture":"#7"},"east":{"uv":[5,1,8,2.999],"texture":"#7"},"south":{"uv":[5,1,8,2.999],"texture":"#7"},"west":{"uv":[5,1,8,2.999],"texture":"#7"},"up":{"uv":[5,1,8,2.999],"texture":"#7"},"down":{"uv":[5,1,8,2.999],"texture":"#7"}}},{"from":[8,14,9.5],"to":[9,15,10.5],"rotation":{"angle":45,"axis":"x","origin":[8.5,14.5,10]},"faces":{"north":{"uv":[1,3,2.998,4.999],"texture":"#5"},"east":{"uv":[1,3,2.998,4.999],"rotation":180,"texture":"#5"},"south":{"uv":[1.998,3,2.997,4.999],"rotation":180,"texture":"#5"},"west":{"uv":[1,3,2.998,4.999],"rotation":270,"texture":"#5"},"up":{"uv":[1.998,3,2.997,4.999],"texture":"#5"},"down":{"uv":[1,3,2.998,4.999],"texture":"#5"}}},{"from":[8.05,16.05,6.55],"to":[8.95,16.95,7.45],"rotation":{"angle":45,"axis":"x","origin":[8.5,16.5,7]},"faces":{"north":{"uv":[8.125,2,8.871,2.747],"rotation":180,"texture":"#5"},"east":{"uv":[8.125,2,8.871,2.747],"rotation":180,"texture":"#5"},"south":{"uv":[8.125,2,8.871,2.747],"rotation":180,"texture":"#5"},"west":{"uv":[8.125,2,8.871,2.747],"rotation":180,"texture":"#5"},"up":{"uv":[8.125,2,8.871,2.747],"rotation":180,"texture":"#5"},"down":{"uv":[8.125,2,8.871,2.747],"rotation":180,"texture":"#5"}}},{"from":[8.05,16.05,7.55],"to":[8.95,16.95,8.45],"rotation":{"angle":45,"axis":"x","origin":[8.5,16.5,8]},"faces":{"north":{"uv":[8.125,2,8.871,2.747],"rotation":180,"texture":"#5"},"east":{"uv":[8.125,2,8.871,2.747],"rotation":180,"texture":"#5"},"south":{"uv":[8.125,2,8.871,2.747],"rotation":180,"texture":"#5"},"west":{"uv":[8.125,2,8.871,2.747],"rotation":180,"texture":"#5"},"up":{"uv":[8.125,2,8.871,2.747],"rotation":180,"texture":"#5"},"down":{"uv":[8.125,2,8.871,2.747],"rotation":180,"texture":"#5"}}},{"from":[8,14,4.5],"to":[9,15,5.5],"rotation":{"angle":45,"axis":"x","origin":[8.5,14.5,5]},"faces":{"north":{"uv":[1.998,3,2.997,4.999],"texture":"#5"},"east":{"uv":[1,3,2.998,4.999],"texture":"#5"},"south":{"uv":[1,3,2.998,4.999],"rotation":180,"texture":"#5"},"west":{"uv":[1,3,2.998,4.999],"rotation":90,"texture":"#5"},"up":{"uv":[1,3,2.998,4.999],"texture":"#5"},"down":{"uv":[1.998,3,2.997,4.999],"texture":"#5"}}},{"from":[8,13,4.5],"to":[9,14,5.5],"rotation":{"angle":45,"axis":"x","origin":[8.5,13.5,5]},"faces":{"north":{"uv":[1.998,3,2.997,4.999],"texture":"#5"},"east":{"uv":[1,3,2.998,4.999],"texture":"#5"},"south":{"uv":[1,3,2.998,4.999],"rotation":180,"texture":"#5"},"west":{"uv":[1,3,2.998,4.999],"rotation":90,"texture":"#5"},"up":{"uv":[1,3,2.998,4.999],"texture":"#5"},"down":{"uv":[1.998,3,2.997,4.999],"texture":"#5"}}},{"from":[8,12,4.5],"to":[9,13,5.5],"rotation":{"angle":45,"axis":"x","origin":[8.5,12.5,5]},"faces":{"north":{"uv":[1.998,3,2.997,4.999],"texture":"#5"},"east":{"uv":[1,3,2.998,4.999],"texture":"#5"},"south":{"uv":[1,3,2.998,4.999],"rotation":180,"texture":"#5"},"west":{"uv":[1,3,2.998,4.999],"rotation":90,"texture":"#5"},"up":{"uv":[1,3,2.998,4.999],"texture":"#5"},"down":{"uv":[1.998,3,2.997,4.999],"texture":"#5"}}},{"from":[8,11,4.5],"to":[9,12,5.5],"rotation":{"angle":45,"axis":"x","origin":[8.5,11.5,5]},"faces":{"north":{"uv":[1.998,3,2.997,4.999],"texture":"#5"},"east":{"uv":[1,3,2.998,4.999],"texture":"#5"},"south":{"uv":[1,3,2.998,4.999],"rotation":180,"texture":"#5"},"west":{"uv":[1,3,2.998,4.999],"rotation":90,"texture":"#5"},"up":{"uv":[1,3,2.998,4.999],"texture":"#5"},"down":{"uv":[1.998,3,2.997,4.999],"texture":"#5"}}},{"from":[8,10,4.5],"to":[9,11,5.5],"rotation":{"angle":45,"axis":"x","origin":[8.5,10.5,5]},"faces":{"north":{"uv":[1.998,3,2.997,4.999],"texture":"#5"},"east":{"uv":[1,3,2.998,4.999],"texture":"#5"},"south":{"uv":[1,3,2.998,4.999],"rotation":180,"texture":"#5"},"west":{"uv":[1,3,2.998,4.999],"rotation":90,"texture":"#5"},"up":{"uv":[1,3,2.998,4.999],"texture":"#5"},"down":{"uv":[1.998,3,2.997,4.999],"texture":"#5"}}},{"from":[7.625,10,7],"to":[9.375,11,8],"rotation":{"angle":45,"axis":"x","origin":[8.5,10.5,7.5]},"faces":{"north":{"uv":[0,0,16,16],"texture":"#3"},"east":{"uv":[0,0,16,16],"texture":"#3"},"south":{"uv":[0,0,16,16],"texture":"#3"},"west":{"uv":[0,0,16,16],"texture":"#3"},"up":{"uv":[0,0,16,16],"texture":"#3"},"down":{"uv":[0,0,16,16],"texture":"#3"}}},{"from":[7.625,12,7],"to":[9.375,13,8],"rotation":{"angle":45,"axis":"x","origin":[8.5,12.5,7.5]},"faces":{"north":{"uv":[0,0,16,16],"texture":"#3"},"east":{"uv":[0,0,16,16],"texture":"#3"},"south":{"uv":[0,0,16,16],"texture":"#3"},"west":{"uv":[0,0,16,16],"texture":"#3"},"up":{"uv":[0,0,16,16],"texture":"#3"},"down":{"uv":[0,0,16,16],"texture":"#3"}}},{"from":[7.625,14,7],"to":[9.375,15,8],"rotation":{"angle":45,"axis":"x","origin":[8.5,14.5,7.5]},"faces":{"north":{"uv":[0,0,16,16],"texture":"#3"},"east":{"uv":[0,0,16,16],"texture":"#3"},"south":{"uv":[0,0,16,16],"texture":"#3"},"west":{"uv":[0,0,16,16],"texture":"#3"},"up":{"uv":[0,0,16,16],"texture":"#3"},"down":{"uv":[0,0,16,16],"texture":"#3"}}},{"from":[8,13,9.5],"to":[9,14,10.5],"rotation":{"angle":45,"axis":"x","origin":[8.5,13.5,10]},"faces":{"north":{"uv":[1,3,2.998,4.999],"texture":"#5"},"east":{"uv":[1,3,2.998,4.999],"rotation":180,"texture":"#5"},"south":{"uv":[1.998,3,2.997,4.999],"rotation":180,"texture":"#5"},"west":{"uv":[1,3,2.998,4.999],"rotation":270,"texture":"#5"},"up":{"uv":[1.998,3,2.997,4.999],"texture":"#5"},"down":{"uv":[1,3,2.998,4.999],"texture":"#5"}}},{"from":[7.95,7.05,7.05],"to":[9.05,7.95,7.95],"rotation":{"angle":-45,"axis":"x","origin":[8.5,7.5,7.5]},"faces":{"north":{"uv":[1.998,3,2.997,4.999],"texture":"#5"},"east":{"uv":[1,3,2.998,4.999],"texture":"#5"},"south":{"uv":[1,3,2.998,4.999],"rotation":180,"texture":"#5"},"west":{"uv":[1,3,2.998,4.999],"rotation":90,"texture":"#5"},"up":{"uv":[1,3,2.998,4.999],"texture":"#5"},"down":{"uv":[1.998,3,2.997,4.999],"texture":"#5"}}},{"from":[7.95,5.05,7.05],"to":[9.05,5.95,7.95],"rotation":{"angle":-45,"axis":"x","origin":[8.5,5.5,7.5]},"faces":{"north":{"uv":[1.998,3,2.997,4.999],"texture":"#5"},"east":{"uv":[1,3,2.998,4.999],"texture":"#5"},"south":{"uv":[1,3,2.998,4.999],"rotation":180,"texture":"#5"},"west":{"uv":[1,3,2.998,4.999],"rotation":90,"texture":"#5"},"up":{"uv":[1,3,2.998,4.999],"texture":"#5"},"down":{"uv":[1.998,3,2.997,4.999],"texture":"#5"}}},{"from":[7.95,3.05,7.05],"to":[9.05,3.95,7.95],"rotation":{"angle":-45,"axis":"x","origin":[8.5,3.5,7.5]},"faces":{"north":{"uv":[1.998,3,2.997,4.999],"texture":"#5"},"east":{"uv":[1,3,2.998,4.999],"texture":"#5"},"south":{"uv":[1,3,2.998,4.999],"rotation":180,"texture":"#5"},"west":{"uv":[1,3,2.998,4.999],"rotation":90,"texture":"#5"},"up":{"uv":[1,3,2.998,4.999],"texture":"#5"},"down":{"uv":[1.998,3,2.997,4.999],"texture":"#5"}}},{"from":[7.95,-2.95,7.05],"to":[9.05,-2.05,7.95],"rotation":{"angle":-45,"axis":"x","origin":[8.5,-2.5,7.5]},"faces":{"north":{"uv":[1.998,3,2.997,4.999],"texture":"#5"},"east":{"uv":[1,3,2.998,4.999],"texture":"#5"},"south":{"uv":[1,3,2.998,4.999],"rotation":180,"texture":"#5"},"west":{"uv":[1,3,2.998,4.999],"rotation":90,"texture":"#5"},"up":{"uv":[1,3,2.998,4.999],"texture":"#5"},"down":{"uv":[1.998,3,2.997,4.999],"texture":"#5"}}},{"from":[8,12,9.5],"to":[9,13,10.5],"rotation":{"angle":45,"axis":"x","origin":[8.5,12.5,10]},"faces":{"north":{"uv":[1,3,2.998,4.999],"texture":"#5"},"east":{"uv":[1,3,2.998,4.999],"rotation":180,"texture":"#5"},"south":{"uv":[1.998,3,2.997,4.999],"rotation":180,"texture":"#5"},"west":{"uv":[1,3,2.998,4.999],"rotation":270,"texture":"#5"},"up":{"uv":[1.998,3,2.997,4.999],"texture":"#5"},"down":{"uv":[1,3,2.998,4.999],"texture":"#5"}}},{"from":[8,11,9.5],"to":[9,12,10.5],"rotation":{"angle":45,"axis":"x","origin":[8.5,11.5,10]},"faces":{"north":{"uv":[1,3,2.998,4.999],"texture":"#5"},"east":{"uv":[1,3,2.998,4.999],"rotation":180,"texture":"#5"},"south":{"uv":[1.998,3,2.997,4.999],"rotation":180,"texture":"#5"},"west":{"uv":[1,3,2.998,4.999],"rotation":270,"texture":"#5"},"up":{"uv":[1.998,3,2.997,4.999],"texture":"#5"},"down":{"uv":[1,3,2.998,4.999],"texture":"#5"}}},{"from":[8,10,9.5],"to":[9,11,10.5],"rotation":{"angle":45,"axis":"x","origin":[8.5,10.5,10]},"faces":{"north":{"uv":[1,3,2.998,4.999],"texture":"#5"},"east":{"uv":[1,3,2.998,4.999],"rotation":180,"texture":"#5"},"south":{"uv":[1.998,3,2.997,4.999],"rotation":180,"texture":"#5"},"west":{"uv":[1,3,2.998,4.999],"rotation":270,"texture":"#5"},"up":{"uv":[1.998,3,2.997,4.999],"texture":"#5"},"down":{"uv":[1,3,2.998,4.999],"texture":"#5"}}},{"from":[8.495,9,2.5],"to":[8.505,13,5.5],"rotation":{"angle":0,"axis":"y","origin":[8.5,11,4]},"faces":{"north":{"uv":[0,10,0.997,10.996],"rotation":90,"texture":"#8"},"east":{"uv":[3.995,2,0,9.995],"texture":"#8"},"south":{"uv":[0,10,0.997,10.996],"rotation":90,"texture":"#8"},"west":{"uv":[0,2,3.997,9.995],"texture":"#8"},"up":{"uv":[0,10,0.997,10.996],"rotation":90,"texture":"#8"},"down":{"uv":[0,10,0.997,10.996],"rotation":90,"texture":"#8"}}},{"from":[8.495,-7,5],"to":[8.505,-4,8],"rotation":{"angle":0,"axis":"z","origin":[8.5,-5.5,6.5]},"faces":{"north":{"uv":[4.744,2,4,2.869],"rotation":180,"texture":"#6"},"east":{"uv":[14.999,1,1,14.999],"rotation":180,"texture":"#6"},"south":{"uv":[4.744,2,4,2.869],"rotation":180,"texture":"#6"},"west":{"uv":[1,1,14.999,14.999],"rotation":180,"texture":"#6"},"up":{"uv":[4.744,2,4,2.869],"rotation":180,"texture":"#6"},"down":{"uv":[4.744,2,4,2.869],"rotation":180,"texture":"#6"}}},{"from":[8.495,-7,7],"to":[8.505,-4,10],"rotation":{"angle":0,"axis":"y","origin":[8.5,-5.5,8.5]},"faces":{"north":{"uv":[4.744,2,4,2.869],"rotation":180,"texture":"#6"},"east":{"uv":[1,1,14.999,14.999],"rotation":180,"texture":"#6"},"south":{"uv":[4.744,2,4,2.869],"rotation":180,"texture":"#6"},"west":{"uv":[14.999,1,1,14.999],"rotation":180,"texture":"#6"},"up":{"uv":[4.744,2,4,2.869],"texture":"#6"},"down":{"uv":[4.744,2,4,2.869],"texture":"#6"}}},{"from":[8.495,9,9.5],"to":[8.505,13,12.5],"rotation":{"angle":0,"axis":"y","origin":[8.5,11,11]},"faces":{"north":{"uv":[0,10,0.997,10.996],"rotation":90,"texture":"#8"},"east":{"uv":[0,2,3.997,9.995],"texture":"#8"},"south":{"uv":[0,10,0.997,10.996],"rotation":90,"texture":"#8"},"west":{"uv":[3.995,2,0,9.995],"texture":"#8"},"up":{"uv":[0,10,0.997,10.996],"rotation":270,"texture":"#8"},"down":{"uv":[0,10,0.997,10.996],"rotation":270,"texture":"#8"}}},{"from":[8.495,15,9.5],"to":[8.505,17,11.5],"rotation":{"angle":0,"axis":"y","origin":[8.5,16,10.5]},"faces":{"north":{"uv":[0,10,0.997,10.996],"rotation":90,"texture":"#8"},"east":{"uv":[3.125,0,6.993,3.87],"texture":"#8"},"south":{"uv":[0,10,0.997,10.996],"rotation":90,"texture":"#8"},"west":{"uv":[6.992,0,3.25,3.868],"texture":"#8"},"up":{"uv":[0,10,0.997,10.996],"rotation":270,"texture":"#8"},"down":{"uv":[0,10,0.997,10.996],"rotation":270,"texture":"#8"}}},{"from":[8.495,15,3.5],"to":[8.505,17,5.5],"rotation":{"angle":0,"axis":"y","origin":[8.5,16,4.5]},"faces":{"north":{"uv":[0,10,0.997,10.996],"rotation":90,"texture":"#8"},"east":{"uv":[6.992,0,3.25,3.868],"texture":"#8"},"south":{"uv":[0,10,0.997,10.996],"rotation":90,"texture":"#8"},"west":{"uv":[3.125,0,6.993,3.87],"texture":"#8"},"up":{"uv":[0,10,0.997,10.996],"rotation":90,"texture":"#8"},"down":{"uv":[0,10,0.997,10.996],"rotation":90,"texture":"#8"}}},{"from":[8.25,16,6.5],"to":[8.75,17.25,8.5],"rotation":{"angle":0,"axis":"y","origin":[8.5,16.5,7.5]},"faces":{"north":{"uv":[14,1,14.998,1.25],"texture":"#8"},"east":{"uv":[14,1,14.998,1.25],"texture":"#8"},"south":{"uv":[14,1,14.998,1.25],"texture":"#8"},"west":{"uv":[14,1,14.998,1.25],"texture":"#8"},"up":{"uv":[14,1,14.998,1.25],"texture":"#8"},"down":{"uv":[14,1,14.998,1.25],"texture":"#8"}}}],"display":{"thirdperson_righthand":{"translation":[-1,6.5,1.5],"scale":[1.2,1.2,1.2]},"thirdperson_lefthand":{"translation":[0.25,6.5,1.5],"scale":[1.2,1.2,1.2]},"firstperson_righthand":{"rotation":[-5,0,0],"translation":[3.5,5.5,-0.75],"scale":[1.2,1.2,1.2]},"firstperson_lefthand":{"rotation":[-5,0,0],"translation":[3.5,5.5,-0.75],"scale":[1.2,1.2,1.2]},"ground":{"translation":[0,11,0],"scale":[1.2,1.2,1.2]},"gui":{"rotation":[-45,-41,-62],"translation":[1.25,3,0]},"head":{"rotation":[-80,0,0],"translation":[-0.25,9.75,0],"scale":[1.2,-1.2,1.2]},"fixed":{"rotation":[0,90,0],"translation":[1,5.25,-0.5],"scale":[1.2,1.2,1.2]}}}