{"credit":"Made with Blockbench","textures":{"4":"iceandfire:custom/cyclops_eye"},"elements":[{"from":[6,2,5],"to":[11,7,10],"rotation":{"angle":0,"axis":"y","origin":[8.5,4.5,7.5]},"faces":{"north":{"uv":[6,3,6.998,3.998],"texture":"#4"},"east":{"uv":[6,3,6.998,3.998],"texture":"#4"},"south":{"uv":[6,3,6.998,3.998],"texture":"#4"},"west":{"uv":[6,3,6.998,3.998],"texture":"#4"},"up":{"uv":[6,3,6.998,3.998],"texture":"#4"},"down":{"uv":[6,3,6.998,3.998],"texture":"#4"}}},{"from":[7,3,4.5],"to":[10,6,5],"rotation":{"angle":0,"axis":"y","origin":[8.5,4.5,4.75]},"faces":{"north":{"uv":[11,2,11.998,2.998],"texture":"#4"},"east":{"uv":[11,2,11.998,2.998],"texture":"#4"},"south":{"uv":[11,2,11.998,2.998],"texture":"#4"},"west":{"uv":[11,2,11.998,2.998],"texture":"#4"},"up":{"uv":[11,2,11.998,2.998],"texture":"#4"},"down":{"uv":[11,2,11.998,2.998],"texture":"#4"}}},{"from":[7,3,10],"to":[10,6,10.5],"rotation":{"angle":0,"axis":"y","origin":[8.5,4.5,10.25]},"faces":{"north":{"uv":[11,2,11.998,2.998],"texture":"#4"},"east":{"uv":[11,2,11.998,2.998],"texture":"#4"},"south":{"uv":[11,2,11.998,2.998],"texture":"#4"},"west":{"uv":[11,2,11.998,2.998],"texture":"#4"},"up":{"uv":[11,2,11.998,2.998],"texture":"#4"},"down":{"uv":[11,2,11.998,2.998],"texture":"#4"}}},{"from":[7,7,6],"to":[10,7.5,9],"rotation":{"angle":0,"axis":"x","origin":[8.5,7.25,7.5]},"faces":{"north":{"uv":[11,2,11.998,2.998],"rotation":180,"texture":"#4"},"east":{"uv":[11,2,11.998,2.998],"rotation":270,"texture":"#4"},"south":{"uv":[11,2,11.998,2.998],"texture":"#4"},"west":{"uv":[11,2,11.998,2.998],"rotation":90,"texture":"#4"},"up":{"uv":[11,2,11.998,2.998],"rotation":180,"texture":"#4"},"down":{"uv":[11,2,11.998,2.998],"texture":"#4"}}},{"from":[7,1.5,6],"to":[10,2,9],"rotation":{"angle":0,"axis":"x","origin":[8.5,1.75,7.5]},"faces":{"north":{"uv":[11,2,11.998,2.998],"rotation":180,"texture":"#4"},"east":{"uv":[11,2,11.998,2.998],"rotation":270,"texture":"#4"},"south":{"uv":[11,2,11.998,2.998],"texture":"#4"},"west":{"uv":[11,2,11.998,2.998],"rotation":90,"texture":"#4"},"up":{"uv":[11,2,11.998,2.998],"rotation":180,"texture":"#4"},"down":{"uv":[11,2,11.998,2.998],"texture":"#4"}}},{"from":[11,2.5,5.5],"to":[11.5,6.5,9.5],"rotation":{"angle":0,"axis":"y","origin":[11.25,4.5,7.5]},"faces":{"north":{"uv":[3,3,3.996,12.997],"texture":"#4"},"east":{"uv":[3,3,12.996,12.997],"texture":"#4"},"south":{"uv":[3,3,3.996,12.997],"texture":"#4"},"west":{"uv":[3,3,3.996,12.997],"texture":"#4"},"up":{"uv":[3,3,3.996,12.997],"texture":"#4"},"down":{"uv":[3,3,3.996,12.997],"texture":"#4"}}},{"from":[5.5,2.5,5.5],"to":[6,6.5,9.5],"rotation":{"angle":0,"axis":"y","origin":[5.4375,4.5,7.5]},"faces":{"north":{"uv":[3,3,3.996,12.997],"texture":"#4"},"east":{"uv":[3,3,3.996,12.997],"texture":"#4"},"south":{"uv":[3,3,3.996,12.997],"texture":"#4"},"west":{"uv":[3,3,12.996,12.997],"texture":"#4"},"up":{"uv":[3,3,3.996,12.997],"rotation":180,"texture":"#4"},"down":{"uv":[3,3,3.996,12.997],"rotation":180,"texture":"#4"}}},{"from":[11.5,3,6],"to":[11.75,6,9],"rotation":{"angle":0,"axis":"y","origin":[11.625,4.5,7.5]},"faces":{"north":{"uv":[5,5,10.994,10.996],"texture":"#4"},"east":{"uv":[5,5,10.994,10.996],"texture":"#4"},"south":{"uv":[5,5,10.994,10.996],"texture":"#4"},"west":{"uv":[5,5,10.994,10.996],"texture":"#4"},"up":{"uv":[5,5,10.994,10.996],"texture":"#4"},"down":{"uv":[5,5,10.994,10.996],"texture":"#4"}}},{"from":[5.25,3,6],"to":[5.5,6,9],"rotation":{"angle":0,"axis":"y","origin":[5.375,4.5,7.5]},"faces":{"north":{"uv":[5,5,10.994,10.996],"texture":"#4"},"east":{"uv":[5,5,10.994,10.996],"texture":"#4"},"south":{"uv":[5,5,10.994,10.996],"texture":"#4"},"west":{"uv":[5,5,10.994,10.996],"texture":"#4"},"up":{"uv":[5,5,10.994,10.996],"rotation":180,"texture":"#4"},"down":{"uv":[5,5,10.994,10.996],"rotation":180,"texture":"#4"}}}],"display":{"thirdperson_righthand":{"rotation":[-11,0,90],"translation":[-2,-0.5,1],"scale":[0.55,0.55,0.55]},"thirdperson_lefthand":{"rotation":[-11,0,90],"translation":[-2,0.25,1],"scale":[0.55,0.55,0.55]},"firstperson_righthand":{"rotation":[0,46,0],"translation":[2,6.25,0]},"firstperson_lefthand":{"rotation":[0,46,0],"translation":[2,6.25,0]},"ground":{"translation":[0,2,0]},"gui":{"rotation":[30,225,0],"translation":[0,5.25,0],"scale":[1.5,1.5,1.5]},"head":{"rotation":[0,90,0],"translation":[1.75,-10.75,1],"scale":[4,-4,4]},"fixed":{"rotation":[0,90,0],"translation":[0,4,0]}}}