{"credit":"Made with Blockbench","textures":{"3":"iceandfire:custom/dragonforge_ice_core","4":"iceandfire:custom/dragonsteel_ice_axe","5":"iceandfire:custom/dragonforge_ice_brick"},"elements":[{"from":[8,-4,7],"to":[9,-1.5,8],"rotation":{"angle":0,"axis":"y","origin":[8.5,-2.75,7.5]},"faces":{"north":{"uv":[11,5.5,11.5,6],"texture":"#4"},"east":{"uv":[11,5.5,11.5,6],"texture":"#4"},"south":{"uv":[11,5.5,11.5,6],"texture":"#4"},"west":{"uv":[11,5.5,11.5,6],"texture":"#4"},"up":{"uv":[11,5.5,11.5,6],"texture":"#4"},"down":{"uv":[11,5.5,11.5,6],"texture":"#4"}}},{"from":[8,3,7],"to":[9,11.5,8],"rotation":{"angle":0,"axis":"y","origin":[8.5,7.75,7.5]},"faces":{"north":{"uv":[11.1,5.6,11.5,6],"texture":"#4"},"east":{"uv":[11.1,5.6,11.5,6],"texture":"#4"},"south":{"uv":[11.1,5.6,11.5,6],"texture":"#4"},"west":{"uv":[11.1,5.6,11.5,6],"texture":"#4"},"up":{"uv":[11.1,5.6,11.5,6],"texture":"#4"},"down":{"uv":[11.1,5.6,11.5,6],"texture":"#4"}}},{"from":[7.8,10,7.25],"to":[9.2,10.5,7.75],"rotation":{"angle":45,"axis":"x","origin":[8.5,10.25,7.5]},"faces":{"north":{"uv":[0,0,16,16],"rotation":180,"texture":"#3"},"east":{"uv":[0,0,16,16],"rotation":270,"texture":"#3"},"south":{"uv":[0,0,16,16],"texture":"#3"},"west":{"uv":[0,0,16,16],"rotation":90,"texture":"#3"},"up":{"uv":[0,0,16,16],"rotation":180,"texture":"#3"},"down":{"uv":[0,0,16,16],"texture":"#3"}}},{"from":[7.8,9,7.25],"to":[9.2,9.5,7.75],"rotation":{"angle":45,"axis":"x","origin":[8.5,9.25,7.5]},"faces":{"north":{"uv":[0,0,16,16],"rotation":180,"texture":"#3"},"east":{"uv":[0,0,16,16],"rotation":270,"texture":"#3"},"south":{"uv":[0,0,16,16],"texture":"#3"},"west":{"uv":[0,0,16,16],"rotation":90,"texture":"#3"},"up":{"uv":[0,0,16,16],"rotation":180,"texture":"#3"},"down":{"uv":[0,0,16,16],"texture":"#3"}}},{"from":[7.8,8,7.25],"to":[9.2,8.5,7.75],"rotation":{"angle":45,"axis":"x","origin":[8.5,8.25,7.5]},"faces":{"north":{"uv":[0,0,16,16],"rotation":180,"texture":"#3"},"east":{"uv":[0,0,16,16],"rotation":270,"texture":"#3"},"south":{"uv":[0,0,16,16],"texture":"#3"},"west":{"uv":[0,0,16,16],"rotation":90,"texture":"#3"},"up":{"uv":[0,0,16,16],"rotation":180,"texture":"#3"},"down":{"uv":[0,0,16,16],"texture":"#3"}}},{"from":[8.25,7.75,6],"to":[8.75,10.75,7],"rotation":{"angle":0,"axis":"y","origin":[8.5,9.25,6.5]},"faces":{"north":{"uv":[13,4,15.999,9.999],"texture":"#5"},"east":{"uv":[0,4,3,9.999],"texture":"#5"},"south":{"uv":[6,4,8.998,9.999],"texture":"#5"},"west":{"uv":[3,4,5.998,9.999],"texture":"#5"},"up":{"uv":[4,5,6.999,7.998],"texture":"#5"},"down":{"uv":[10,7,12.999,9.999],"texture":"#5"}}},{"from":[8.25,7.75,8],"to":[8.75,10.75,9],"rotation":{"angle":0,"axis":"y","origin":[8.5,9.25,8.5]},"faces":{"north":{"uv":[13,4,15.999,9.999],"texture":"#5"},"east":{"uv":[0,4,3,9.999],"texture":"#5"},"south":{"uv":[6,4,8.998,9.999],"texture":"#5"},"west":{"uv":[3,4,5.998,9.999],"texture":"#5"},"up":{"uv":[4,5,6.999,7.998],"texture":"#5"},"down":{"uv":[10,7,12.999,9.999],"texture":"#5"}}},{"from":[8.25,6.25,5],"to":[8.75,11.25,6],"rotation":{"angle":0,"axis":"y","origin":[8.5,9.75,5.5]},"faces":{"north":{"uv":[0,3,2.999,10.997],"texture":"#5"},"east":{"uv":[7,3,9.999,10.998],"texture":"#5"},"south":{"uv":[4,3,6.999,10.997],"texture":"#5"},"west":{"uv":[12,3,14.998,11.996],"texture":"#5"},"up":{"uv":[7,4,9.999,6.997],"texture":"#5"},"down":{"uv":[7,8,9.999,10.997],"texture":"#5"}}},{"from":[8.25,6.25,9],"to":[8.75,11.25,10],"rotation":{"angle":0,"axis":"y","origin":[8.5,9.75,9.5]},"faces":{"north":{"uv":[0,3,2.999,10.997],"texture":"#5"},"east":{"uv":[7,3,9.999,10.998],"texture":"#5"},"south":{"uv":[4,3,6.999,10.997],"texture":"#5"},"west":{"uv":[12,3,14.998,11.996],"texture":"#5"},"up":{"uv":[7,4,9.999,6.997],"texture":"#5"},"down":{"uv":[7,8,9.999,10.997],"texture":"#5"}}},{"from":[8.35,4.75,4.5],"to":[8.6,11.75,5],"rotation":{"angle":0,"axis":"y","origin":[8.475,9.75,4.75]},"faces":{"north":{"uv":[13,2,14.998,11.997],"texture":"#5"},"east":{"uv":[7,2,8.997,11.997],"texture":"#5"},"south":{"uv":[0,2,1.998,11.997],"texture":"#5"},"west":{"uv":[4,2,5.998,11.997],"texture":"#5"},"up":{"uv":[4,2,5.997,3.996],"texture":"#5"},"down":{"uv":[4,10,5.997,11.997],"texture":"#5"}}},{"from":[8.35,4.75,10],"to":[8.6,11.75,10.5],"rotation":{"angle":0,"axis":"y","origin":[8.475,9.75,9.75]},"faces":{"north":{"uv":[13,2,14.998,11.997],"texture":"#5"},"east":{"uv":[7,2,8.997,11.997],"texture":"#5"},"south":{"uv":[0,2,1.998,11.997],"texture":"#5"},"west":{"uv":[4,2,5.998,11.997],"texture":"#5"},"up":{"uv":[4,2,5.997,3.996],"texture":"#5"},"down":{"uv":[4,10,5.997,11.997],"texture":"#5"}}},{"from":[8.35,11.75,4.75],"to":[8.6,12,5],"rotation":{"angle":0,"axis":"y","origin":[8.475,11.875,4.875]},"faces":{"north":{"uv":[2,1,2.995,1.996],"texture":"#5"},"east":{"uv":[2,1,2.995,1.996],"texture":"#5"},"south":{"uv":[2,1,2.995,1.996],"texture":"#5"},"west":{"uv":[2,1,2.995,1.996],"texture":"#5"},"up":{"uv":[2,1,2.995,1.996],"texture":"#5"},"down":{"uv":[2,1,2.995,1.996],"texture":"#5"}}},{"from":[8.35,11.75,10],"to":[8.6,12,10.25],"rotation":{"angle":0,"axis":"y","origin":[8.475,11.875,9.875]},"faces":{"north":{"uv":[2,1,2.995,1.996],"texture":"#5"},"east":{"uv":[2,1,2.995,1.996],"texture":"#5"},"south":{"uv":[2,1,2.995,1.996],"texture":"#5"},"west":{"uv":[2,1,2.995,1.996],"texture":"#5"},"up":{"uv":[2,1,2.995,1.996],"texture":"#5"},"down":{"uv":[2,1,2.995,1.996],"texture":"#5"}}},{"from":[8.35,11.25,4.25],"to":[8.6,11.5,4.5],"rotation":{"angle":0,"axis":"y","origin":[8.475,11.375,4.375]},"faces":{"north":{"uv":[3,11,3.995,11.997],"texture":"#5"},"east":{"uv":[3,11,3.995,11.997],"texture":"#5"},"south":{"uv":[3,11,3.995,11.997],"texture":"#5"},"west":{"uv":[3,11,3.995,11.997],"texture":"#5"},"up":{"uv":[3,11,3.995,11.997],"texture":"#5"},"down":{"uv":[3,11,3.995,11.997],"texture":"#5"}}},{"from":[8.35,11.25,10.5],"to":[8.6,11.5,10.75],"rotation":{"angle":0,"axis":"y","origin":[8.475,11.375,10.625]},"faces":{"north":{"uv":[3,11,3.995,11.997],"texture":"#5"},"east":{"uv":[3,11,3.995,11.997],"texture":"#5"},"south":{"uv":[3,11,3.995,11.997],"texture":"#5"},"west":{"uv":[3,11,3.995,11.997],"texture":"#5"},"up":{"uv":[3,11,3.995,11.997],"texture":"#5"},"down":{"uv":[3,11,3.995,11.997],"texture":"#5"}}},{"from":[8.35,12.25,5.25],"to":[8.6,12.5,5.5],"rotation":{"angle":0,"axis":"y","origin":[8.475,12.375,5.375]},"faces":{"north":{"uv":[3,11,3.995,11.997],"texture":"#5"},"east":{"uv":[3,11,3.995,11.997],"texture":"#5"},"south":{"uv":[3,11,3.995,11.997],"texture":"#5"},"west":{"uv":[3,11,3.995,11.997],"texture":"#5"},"up":{"uv":[3,11,3.995,11.997],"texture":"#5"},"down":{"uv":[3,11,3.995,11.997],"texture":"#5"}}},{"from":[8.35,12.25,9.5],"to":[8.6,12.5,9.75],"rotation":{"angle":0,"axis":"y","origin":[8.475,12.375,9.625]},"faces":{"north":{"uv":[3,11,3.995,11.997],"texture":"#5"},"east":{"uv":[3,11,3.995,11.997],"texture":"#5"},"south":{"uv":[3,11,3.995,11.997],"texture":"#5"},"west":{"uv":[3,11,3.995,11.997],"texture":"#5"},"up":{"uv":[3,11,3.995,11.997],"texture":"#5"},"down":{"uv":[3,11,3.995,11.997],"texture":"#5"}}},{"from":[8.35,11.25,5.5],"to":[8.6,11.5,5.75],"rotation":{"angle":0,"axis":"y","origin":[8.475,11.375,5.625]},"faces":{"north":{"uv":[3,11,3.995,11.997],"texture":"#5"},"east":{"uv":[3,11,3.995,11.997],"texture":"#5"},"south":{"uv":[3,11,3.995,11.997],"texture":"#5"},"west":{"uv":[3,11,3.995,11.997],"texture":"#5"},"up":{"uv":[3,11,3.995,11.997],"texture":"#5"},"down":{"uv":[3,11,3.995,11.997],"texture":"#5"}}},{"from":[8.35,11.25,9.25],"to":[8.6,11.5,9.5],"rotation":{"angle":0,"axis":"y","origin":[8.475,11.375,9.375]},"faces":{"north":{"uv":[3,11,3.995,11.997],"texture":"#5"},"east":{"uv":[3,11,3.995,11.997],"texture":"#5"},"south":{"uv":[3,11,3.995,11.997],"texture":"#5"},"west":{"uv":[3,11,3.995,11.997],"texture":"#5"},"up":{"uv":[3,11,3.995,11.997],"texture":"#5"},"down":{"uv":[3,11,3.995,11.997],"texture":"#5"}}},{"from":[8.35,5.25,5.5],"to":[8.6,6.25,5.75],"rotation":{"angle":0,"axis":"y","origin":[8.35,5.75,5.625]},"faces":{"north":{"uv":[3,11,3.995,11.997],"texture":"#5"},"east":{"uv":[3,11,3.995,11.997],"texture":"#5"},"south":{"uv":[3,11,3.995,11.997],"texture":"#5"},"west":{"uv":[3,11,3.995,11.997],"texture":"#5"},"up":{"uv":[3,11,3.995,11.997],"texture":"#5"},"down":{"uv":[3,11,3.995,11.997],"texture":"#5"}}},{"from":[8.35,5.25,9.25],"to":[8.6,6.25,9.5],"rotation":{"angle":0,"axis":"y","origin":[8.35,5.75,9.375]},"faces":{"north":{"uv":[3,11,3.995,11.997],"texture":"#5"},"east":{"uv":[3,11,3.995,11.997],"texture":"#5"},"south":{"uv":[3,11,3.995,11.997],"texture":"#5"},"west":{"uv":[3,11,3.995,11.997],"texture":"#5"},"up":{"uv":[3,11,3.995,11.997],"texture":"#5"},"down":{"uv":[3,11,3.995,11.997],"texture":"#5"}}},{"from":[8.35,5,4.25],"to":[8.6,5.25,4.5],"rotation":{"angle":0,"axis":"y","origin":[8.475,5.125,4.375]},"faces":{"north":{"uv":[3,10,3.994,10.997],"texture":"#5"},"east":{"uv":[3,10,3.994,10.997],"texture":"#5"},"south":{"uv":[3,10,3.994,10.997],"texture":"#5"},"west":{"uv":[3,10,3.994,10.997],"texture":"#5"},"up":{"uv":[3,10,3.994,10.997],"texture":"#5"},"down":{"uv":[3,10,3.994,10.997],"texture":"#5"}}},{"from":[8.35,5,10.5],"to":[8.6,5.25,10.75],"rotation":{"angle":0,"axis":"y","origin":[8.475,5.125,10.625]},"faces":{"north":{"uv":[3,10,3.994,10.997],"texture":"#5"},"east":{"uv":[3,10,3.994,10.997],"texture":"#5"},"south":{"uv":[3,10,3.994,10.997],"texture":"#5"},"west":{"uv":[3,10,3.994,10.997],"texture":"#5"},"up":{"uv":[3,10,3.994,10.997],"texture":"#5"},"down":{"uv":[3,10,3.994,10.997],"texture":"#5"}}},{"from":[8.35,4,5.25],"to":[8.6,4.25,5.5],"rotation":{"angle":0,"axis":"y","origin":[8.475,4.125,5.375]},"faces":{"north":{"uv":[3,10,3.994,10.997],"texture":"#5"},"east":{"uv":[3,10,3.994,10.997],"texture":"#5"},"south":{"uv":[3,10,3.994,10.997],"texture":"#5"},"west":{"uv":[3,10,3.994,10.997],"texture":"#5"},"up":{"uv":[3,10,3.994,10.997],"texture":"#5"},"down":{"uv":[3,10,3.994,10.997],"texture":"#5"}}},{"from":[8.35,4,9.5],"to":[8.6,4.25,9.75],"rotation":{"angle":0,"axis":"y","origin":[8.475,4.125,9.625]},"faces":{"north":{"uv":[3,10,3.994,10.997],"texture":"#5"},"east":{"uv":[3,10,3.994,10.997],"texture":"#5"},"south":{"uv":[3,10,3.994,10.997],"texture":"#5"},"west":{"uv":[3,10,3.994,10.997],"texture":"#5"},"up":{"uv":[3,10,3.994,10.997],"texture":"#5"},"down":{"uv":[3,10,3.994,10.997],"texture":"#5"}}},{"from":[8.35,4.5,4.75],"to":[8.6,4.75,5],"rotation":{"angle":0,"axis":"y","origin":[8.475,4.625,4.875]},"faces":{"north":{"uv":[7,5,7.994,5.997],"texture":"#5"},"east":{"uv":[7,5,7.994,5.997],"texture":"#5"},"south":{"uv":[7,5,7.994,5.997],"texture":"#5"},"west":{"uv":[7,5,7.994,5.997],"texture":"#5"},"up":{"uv":[7,5,7.994,5.997],"texture":"#5"},"down":{"uv":[7,5,7.994,5.997],"texture":"#5"}}},{"from":[8.35,4.5,10],"to":[8.6,4.75,10.25],"rotation":{"angle":0,"axis":"y","origin":[8.475,4.625,9.875]},"faces":{"north":{"uv":[7,5,7.994,5.997],"texture":"#5"},"east":{"uv":[7,5,7.994,5.997],"texture":"#5"},"south":{"uv":[7,5,7.994,5.997],"texture":"#5"},"west":{"uv":[7,5,7.994,5.997],"texture":"#5"},"up":{"uv":[7,5,7.994,5.997],"texture":"#5"},"down":{"uv":[7,5,7.994,5.997],"texture":"#5"}}},{"from":[8.35,5.25,4],"to":[8.6,11.25,4.5],"rotation":{"angle":0,"axis":"y","origin":[8.475,9.25,4.25]},"faces":{"north":{"uv":[15,3,15.999,10.996],"texture":"#5"},"east":{"uv":[12,3,12.999,10.996],"texture":"#5"},"south":{"uv":[2,3,3,10.996],"texture":"#5"},"west":{"uv":[8,3,9,10.996],"texture":"#5"},"up":{"uv":[8,3,9,3.995],"texture":"#5"},"down":{"uv":[8,9.996,9,10.996],"texture":"#5"}}},{"from":[8.35,5.25,10.5],"to":[8.6,11.25,11],"rotation":{"angle":0,"axis":"y","origin":[8.475,9.25,11.25]},"faces":{"north":{"uv":[15,3,15.999,10.996],"texture":"#5"},"east":{"uv":[12,3,12.999,10.996],"texture":"#5"},"south":{"uv":[2,3,3,10.996],"texture":"#5"},"west":{"uv":[8,3,9,10.996],"texture":"#5"},"up":{"uv":[8,3,9,3.995],"texture":"#5"},"down":{"uv":[8,9.996,9,10.996],"texture":"#5"}}},{"from":[8.35,5.75,3.75],"to":[8.6,10.75,4],"rotation":{"angle":0,"axis":"y","origin":[8.475,9.25,3.875]},"faces":{"north":{"uv":[11.998,4,12.998,9.995],"texture":"#5"},"east":{"uv":[11.998,4,12.998,9.995],"texture":"#5"},"south":{"uv":[11.998,4,12.998,9.995],"texture":"#5"},"west":{"uv":[11.998,4,12.998,9.995],"texture":"#5"},"up":{"uv":[11.998,4,12.998,4.995],"texture":"#5"},"down":{"uv":[11.998,8.995,12.997,9.994],"texture":"#5"}}},{"from":[8.35,5.75,11],"to":[8.6,10.75,11.25],"rotation":{"angle":0,"axis":"y","origin":[8.475,8.25,11.125]},"faces":{"north":{"uv":[11.998,4,12.998,9.995],"texture":"#5"},"east":{"uv":[11.998,4,12.998,9.995],"texture":"#5"},"south":{"uv":[11.998,4,12.998,9.995],"texture":"#5"},"west":{"uv":[11.998,4,12.998,9.995],"texture":"#5"},"up":{"uv":[11.998,4,12.998,4.995],"texture":"#5"},"down":{"uv":[11.998,8.995,12.997,9.994],"texture":"#5"}}},{"from":[8.35,6.125,3.5],"to":[8.6,10.375,3.75],"rotation":{"angle":0,"axis":"y","origin":[8.475,9.25,3.625]},"faces":{"north":{"uv":[11.998,4,12.998,9.995],"texture":"#5"},"east":{"uv":[11.998,4,12.998,9.995],"texture":"#5"},"south":{"uv":[11.998,4,12.998,9.995],"texture":"#5"},"west":{"uv":[11.998,4,12.998,9.995],"texture":"#5"},"up":{"uv":[11.998,4,12.998,4.995],"texture":"#5"},"down":{"uv":[11.998,8.995,12.997,9.994],"texture":"#5"}}},{"from":[8.35,6.125,11.25],"to":[8.6,10.375,11.5],"rotation":{"angle":0,"axis":"y","origin":[8.475,8.25,11.375]},"faces":{"north":{"uv":[11.998,4,12.998,9.995],"texture":"#5"},"east":{"uv":[11.998,4,12.998,9.995],"texture":"#5"},"south":{"uv":[11.998,4,12.998,9.995],"texture":"#5"},"west":{"uv":[11.998,4,12.998,9.995],"texture":"#5"},"up":{"uv":[11.998,4,12.998,4.995],"texture":"#5"},"down":{"uv":[11.998,8.995,12.997,9.994],"texture":"#5"}}},{"from":[8.35,4.25,5],"to":[8.6,6.25,5.5],"rotation":{"angle":0,"axis":"y","origin":[8.475,6.75,5.25]},"faces":{"north":{"uv":[1,4,2.997,6.995],"texture":"#5"},"east":{"uv":[1,4,2.997,6.995],"texture":"#5"},"south":{"uv":[1,4,2.997,6.995],"texture":"#5"},"west":{"uv":[1,4,2.997,6.995],"texture":"#5"},"up":{"uv":[1,4,2.997,6.995],"texture":"#5"},"down":{"uv":[1,4,2.997,6.995],"texture":"#5"}}},{"from":[8.35,4.25,9.5],"to":[8.6,6.25,10],"rotation":{"angle":0,"axis":"y","origin":[8.475,5.25,9.75]},"faces":{"north":{"uv":[1,4,2.997,6.995],"texture":"#5"},"east":{"uv":[1,4,2.997,6.995],"texture":"#5"},"south":{"uv":[1,4,2.997,6.995],"texture":"#5"},"west":{"uv":[1,4,2.997,6.995],"texture":"#5"},"up":{"uv":[1,4,2.997,6.995],"texture":"#5"},"down":{"uv":[1,4,2.997,6.995],"texture":"#5"}}},{"from":[8.35,11.25,5],"to":[8.6,12.25,5.5],"rotation":{"angle":0,"axis":"y","origin":[8.475,9.75,4.75]},"faces":{"north":{"uv":[1,4,2.997,6.996],"texture":"#5"},"east":{"uv":[9,4,10.996,6.996],"texture":"#5"},"south":{"uv":[6,4,7.997,6.996],"texture":"#5"},"west":{"uv":[5,4,6.996,6.996],"texture":"#5"},"up":{"uv":[6,4,7.996,4.995],"texture":"#5"},"down":{"uv":[6,5.995,7.996,6.995],"texture":"#5"}}},{"from":[8.35,11.25,9.5],"to":[8.6,12.25,10],"rotation":{"angle":0,"axis":"y","origin":[8.475,9.75,9.75]},"faces":{"north":{"uv":[1,4,2.997,6.996],"texture":"#5"},"east":{"uv":[9,4,10.996,6.996],"texture":"#5"},"south":{"uv":[6,4,7.997,6.996],"texture":"#5"},"west":{"uv":[5,4,6.996,6.996],"texture":"#5"},"up":{"uv":[6,4,7.996,4.995],"texture":"#5"},"down":{"uv":[6,5.995,7.996,6.995],"texture":"#5"}}},{"from":[7.9,7.4,6.9],"to":[9.1,11.1,8.1],"rotation":{"angle":0,"axis":"y","origin":[8.5,9.75,7.5]},"faces":{"north":{"uv":[4,3,8,8.999],"texture":"#5"},"east":{"uv":[4,3,8,8.999],"texture":"#5"},"south":{"uv":[4,3,8,8.999],"texture":"#5"},"west":{"uv":[4,3,8,8.999],"texture":"#5"},"up":{"uv":[4,3,8,8.999],"texture":"#5"},"down":{"uv":[4,3,8,8.999],"texture":"#5"}}},{"from":[7.91,-4.59,6.91],"to":[9.09,-3.91,8.09],"rotation":{"angle":45,"axis":"y","origin":[8.5,-4.25,7.5]},"faces":{"north":{"uv":[5,7,9.998,11.997],"texture":"#5"},"east":{"uv":[5,7,9.998,11.997],"texture":"#5"},"south":{"uv":[5,7,9.998,11.997],"texture":"#5"},"west":{"uv":[5,7,9.998,11.997],"texture":"#5"},"up":{"uv":[5,7,9.998,11.997],"texture":"#5"},"down":{"uv":[5,7,9.998,11.997],"texture":"#5"}}},{"from":[7.9,-4.6,6.9],"to":[9.1,-3.9,8.1],"rotation":{"angle":0,"axis":"y","origin":[8.5,-4.25,7.5]},"faces":{"north":{"uv":[5,7,9.998,11.997],"texture":"#5"},"east":{"uv":[5,7,9.998,11.997],"texture":"#5"},"south":{"uv":[5,7,9.998,11.997],"texture":"#5"},"west":{"uv":[5,7,9.998,11.997],"texture":"#5"},"up":{"uv":[5,7,9.998,11.997],"rotation":270,"texture":"#5"},"down":{"uv":[5,7,9.998,11.997],"rotation":90,"texture":"#5"}}},{"from":[8.075,-1.925,7.075],"to":[8.925,3.925,7.925],"rotation":{"angle":0,"axis":"y","origin":[8.5,1,7.5]},"faces":{"north":{"uv":[6,9.5,6.5,10],"texture":"#4"},"east":{"uv":[6,9.5,6.5,10],"texture":"#4"},"south":{"uv":[6,9.5,6.5,10],"texture":"#4"},"west":{"uv":[6,9.5,6.5,10],"texture":"#4"},"up":{"uv":[6,9.5,6.5,10],"texture":"#4"},"down":{"uv":[6,9.5,6.5,10],"texture":"#4"}}},{"from":[7.96,-4.5,6.96],"to":[9.04,-3.92,8.04],"rotation":{"angle":0,"axis":"y","origin":[8.5,-4.21,7.5]},"faces":{"north":{"uv":[0,0,16,16],"texture":"#3"},"east":{"uv":[0,0,16,16],"texture":"#3"},"south":{"uv":[0,0,16,16],"texture":"#3"},"west":{"uv":[0,0,16,16],"texture":"#3"},"up":{"uv":[0,0,16,16],"texture":"#3"},"down":{"uv":[0,0,16,16],"texture":"#3"}}},{"from":[7.96,11.5,6.96],"to":[9.04,12.08,8.04],"rotation":{"angle":0,"axis":"y","origin":[8.5,11.79,7.5]},"faces":{"north":{"uv":[13.5,2,14,2.5],"texture":"#4"},"east":{"uv":[13.5,2,14,2.5],"texture":"#4"},"south":{"uv":[13.5,2,14,2.5],"texture":"#4"},"west":{"uv":[13.5,2,14,2.5],"texture":"#4"},"up":{"uv":[13.5,2,14,2.5],"texture":"#4"},"down":{"uv":[13.5,2,14,2.5],"texture":"#4"}}}],"display":{"thirdperson_righthand":{"translation":[-1.25,8,1.75],"scale":[1.4,1.4,1.4]},"thirdperson_lefthand":{"translation":[0,8,1.75],"scale":[1.4,1.4,1.4]},"firstperson_righthand":{"rotation":[-5,0,0],"translation":[3.5,6.75,-0.75],"scale":[1.4,1.4,1.4]},"firstperson_lefthand":{"rotation":[-5,0,0],"translation":[3.5,6.75,-0.75],"scale":[1.4,1.4,1.4]},"ground":{"translation":[0,13,0],"scale":[1.4,1.4,1.4]},"gui":{"rotation":[-45,-41,-62],"translation":[2.5,5,0],"scale":[1.2,1.2,1.2]},"head":{"rotation":[-80,0,0],"translation":[-0.25,9.75,0],"scale":[1.4,-1.4,1.4]},"fixed":{"rotation":[0,90,0],"translation":[1,5.25,-0.5],"scale":[1.4,1.4,1.4]}}}