{"credit":"Made with Blockbench","textures":{"4":"iceandfire:custom/dragon_shovel","particle":"iceandfire:custom/texturedasteaxess"},"elements":[{"from":[8,-4,7],"to":[9,-1.5,8],"rotation":{"angle":0,"axis":"y","origin":[8.5,-2.75,7.5]},"faces":{"north":{"uv":[3,14,3.998,14.998],"texture":"#4"},"east":{"uv":[3,14,3.998,14.998],"texture":"#4"},"south":{"uv":[3,14,3.998,14.998],"texture":"#4"},"west":{"uv":[3,14,3.998,14.998],"texture":"#4"},"up":{"uv":[3,14,3.998,14.998],"texture":"#4"},"down":{"uv":[3,14,3.998,14.998],"texture":"#4"}}},{"from":[8,3,7],"to":[9,10.5,8],"rotation":{"angle":0,"axis":"y","origin":[8.5,7.75,7.5]},"faces":{"north":{"uv":[8,8,8.998,8.998],"texture":"#4"},"east":{"uv":[8,8,8.998,8.998],"texture":"#4"},"south":{"uv":[8,8,8.998,8.998],"texture":"#4"},"west":{"uv":[8,8,8.998,8.998],"texture":"#4"},"up":{"uv":[8,8,8.998,8.998],"texture":"#4"},"down":{"uv":[8,8,8.998,8.998],"texture":"#4"}}},{"from":[7.8,10,7.25],"to":[9.2,10.5,7.75],"rotation":{"angle":45,"axis":"x","origin":[8.5,10.25,7.5]},"faces":{"north":{"uv":[10,5,10.996,5.996],"rotation":90,"texture":"#4"},"east":{"uv":[10,5,10.996,5.996],"rotation":90,"texture":"#4"},"south":{"uv":[10,5,10.996,5.996],"rotation":90,"texture":"#4"},"west":{"uv":[10,5,10.996,5.996],"rotation":90,"texture":"#4"},"up":{"uv":[10,5,10.996,5.996],"rotation":90,"texture":"#4"},"down":{"uv":[10,5,10.996,5.996],"rotation":90,"texture":"#4"}}},{"from":[7.8,9,7.25],"to":[9.2,9.5,7.75],"rotation":{"angle":45,"axis":"x","origin":[8.5,9.25,7.5]},"faces":{"north":{"uv":[10.999,6,11.997,6.997],"rotation":90,"texture":"#4"},"east":{"uv":[10.999,6,11.997,6.997],"rotation":90,"texture":"#4"},"south":{"uv":[10.999,6,11.997,6.997],"rotation":90,"texture":"#4"},"west":{"uv":[10.999,6,11.997,6.997],"rotation":90,"texture":"#4"},"up":{"uv":[10.999,6,11.997,6.997],"rotation":90,"texture":"#4"},"down":{"uv":[10.999,6,11.997,6.997],"rotation":90,"texture":"#4"}}},{"from":[7.8,8,7.25],"to":[9.2,8.5,7.75],"rotation":{"angle":45,"axis":"x","origin":[8.5,8.25,7.5]},"faces":{"north":{"uv":[10,7,10.997,7.997],"rotation":90,"texture":"#4"},"east":{"uv":[10,7,10.997,7.997],"rotation":90,"texture":"#4"},"south":{"uv":[10,7,10.997,7.997],"rotation":90,"texture":"#4"},"west":{"uv":[10,7,10.997,7.997],"rotation":90,"texture":"#4"},"up":{"uv":[10,7,10.997,7.997],"rotation":90,"texture":"#4"},"down":{"uv":[10,7,10.997,7.997],"rotation":90,"texture":"#4"}}},{"from":[6.5,9.75,6.25],"to":[10.5,15.75,6.75],"rotation":{"angle":0,"axis":"x","origin":[8.5,14.25,6.5]},"faces":{"north":{"uv":[12,2,13.995,4.995],"rotation":270,"texture":"#4"},"east":{"uv":[12,2,13.995,4.995],"rotation":270,"texture":"#4"},"south":{"uv":[12,2,13.995,4.995],"rotation":270,"texture":"#4"},"west":{"uv":[12,2,13.995,4.995],"rotation":270,"texture":"#4"},"up":{"uv":[12,2,13.995,4.995],"rotation":270,"texture":"#4"},"down":{"uv":[12,2,13.995,4.995],"rotation":270,"texture":"#4"}}},{"from":[6,15.75,6.35],"to":[11,16.25,6.6],"rotation":{"angle":0,"axis":"x","origin":[8.5,14.25,6.5]},"faces":{"north":{"uv":[13,3,13.998,3.998],"texture":"#4"},"east":{"uv":[13,3,13.998,3.998],"texture":"#4"},"south":{"uv":[13,3,13.998,3.998],"texture":"#4"},"west":{"uv":[13,3,13.998,3.998],"texture":"#4"},"up":{"uv":[13,3,13.998,3.998],"texture":"#4"},"down":{"uv":[13,3,13.998,3.998],"texture":"#4"}}},{"from":[5.75,15.75,6.35],"to":[6,16,6.85],"rotation":{"angle":0,"axis":"x","origin":[8.5,14.25,6.5]},"faces":{"north":{"uv":[12.1,2.1,12.9,2.9],"rotation":270,"texture":"#4"},"east":{"uv":[12.1,2.1,12.9,2.9],"rotation":270,"texture":"#4"},"south":{"uv":[12.1,2.1,12.9,2.9],"rotation":270,"texture":"#4"},"west":{"uv":[12.1,2.1,12.9,2.9],"rotation":270,"texture":"#4"},"up":{"uv":[12.1,2.1,12.9,2.9],"rotation":270,"texture":"#4"},"down":{"uv":[12.1,2.1,12.9,2.9],"rotation":270,"texture":"#4"}}},{"from":[6.25,16.25,6.35],"to":[6.5,16.5,6.6],"rotation":{"angle":0,"axis":"x","origin":[8.5,14.25,6.5]},"faces":{"north":{"uv":[13,3,13.998,3.998],"texture":"#4"},"east":{"uv":[13,3,13.998,3.998],"texture":"#4"},"south":{"uv":[13,3,13.998,3.998],"texture":"#4"},"west":{"uv":[13,3,13.998,3.998],"texture":"#4"},"up":{"uv":[13,3,13.998,3.998],"texture":"#4"},"down":{"uv":[13,3,13.998,3.998],"texture":"#4"}}},{"from":[10.5,16.25,6.35],"to":[10.75,16.5,6.6],"rotation":{"angle":0,"axis":"x","origin":[8.5,14.25,6.5]},"faces":{"north":{"uv":[13,3,13.998,3.998],"texture":"#4"},"east":{"uv":[13,3,13.998,3.998],"texture":"#4"},"south":{"uv":[13,3,13.998,3.998],"texture":"#4"},"west":{"uv":[13,3,13.998,3.998],"texture":"#4"},"up":{"uv":[13,3,13.998,3.998],"texture":"#4"},"down":{"uv":[13,3,13.998,3.998],"texture":"#4"}}},{"from":[11,15.75,6.35],"to":[11.25,16,6.85],"rotation":{"angle":0,"axis":"x","origin":[8.5,14.25,6.5]},"faces":{"north":{"uv":[12,2,12.993,2.996],"rotation":270,"texture":"#4"},"east":{"uv":[12,2,12.993,2.996],"rotation":270,"texture":"#4"},"south":{"uv":[12,2,12.993,2.996],"rotation":270,"texture":"#4"},"west":{"uv":[12,2,12.993,2.996],"rotation":270,"texture":"#4"},"up":{"uv":[12,2,12.993,2.996],"rotation":270,"texture":"#4"},"down":{"uv":[12,2,12.993,2.996],"rotation":270,"texture":"#4"}}},{"from":[6.5,16.25,6.35],"to":[10.5,16.75,6.6],"rotation":{"angle":0,"axis":"x","origin":[8.5,14.25,6.5]},"faces":{"north":{"uv":[13,3,13.998,3.998],"texture":"#4"},"east":{"uv":[13,3,13.998,3.998],"texture":"#4"},"south":{"uv":[13,3,13.998,3.998],"texture":"#4"},"west":{"uv":[13,3,13.998,3.998],"texture":"#4"},"up":{"uv":[13,3,13.998,3.998],"texture":"#4"},"down":{"uv":[13,3,13.998,3.998],"texture":"#4"}}},{"from":[7,16.75,6.35],"to":[10,17,6.6],"rotation":{"angle":0,"axis":"x","origin":[8.5,14.25,6.5]},"faces":{"north":{"uv":[14.1,2.1,14.9,2.9],"texture":"#4"},"east":{"uv":[14.1,2.1,14.9,2.9],"texture":"#4"},"south":{"uv":[14.1,2.1,14.9,2.9],"texture":"#4"},"west":{"uv":[14.1,2.1,14.9,2.9],"texture":"#4"},"up":{"uv":[14.1,2.1,14.9,2.9],"texture":"#4"},"down":{"uv":[14.1,2.1,14.9,2.9],"texture":"#4"}}},{"from":[7.375,17,6.35],"to":[9.625,17.25,6.6],"rotation":{"angle":0,"axis":"x","origin":[8.5,14.25,6.5]},"faces":{"north":{"uv":[14.1,2.1,14.9,2.9],"texture":"#4"},"east":{"uv":[14.1,2.1,14.9,2.9],"texture":"#4"},"south":{"uv":[14.1,2.1,14.9,2.9],"texture":"#4"},"west":{"uv":[14.1,2.1,14.9,2.9],"texture":"#4"},"up":{"uv":[14.1,2.1,14.9,2.9],"texture":"#4"},"down":{"uv":[14.1,2.1,14.9,2.9],"texture":"#4"}}},{"from":[10.5,10.25,6.35],"to":[11.5,15.75,7.35],"rotation":{"angle":0,"axis":"x","origin":[8.5,14.25,6.5]},"faces":{"north":{"uv":[10,3,11.996,3.995],"rotation":270,"texture":"#4"},"east":{"uv":[10,3,11.996,3.995],"rotation":270,"texture":"#4"},"south":{"uv":[10,3,11.996,3.995],"rotation":270,"texture":"#4"},"west":{"uv":[10,3,11.996,3.995],"rotation":270,"texture":"#4"},"up":{"uv":[10,3,11.996,3.995],"rotation":270,"texture":"#4"},"down":{"uv":[10,3,11.996,3.995],"rotation":270,"texture":"#4"}}},{"from":[6.25,9.5,6.35],"to":[10.75,10.5,7.35],"rotation":{"angle":0,"axis":"z","origin":[9,10,6.85]},"faces":{"north":{"uv":[10,3,10.996,3.995],"rotation":180,"texture":"#4"},"east":{"uv":[10,3,10.996,3.995],"rotation":180,"texture":"#4"},"south":{"uv":[10,3,10.996,3.995],"rotation":180,"texture":"#4"},"west":{"uv":[10,3,10.996,3.995],"rotation":180,"texture":"#4"},"up":{"uv":[10,3,10.996,3.995],"rotation":180,"texture":"#4"},"down":{"uv":[10,3,10.996,3.995],"rotation":180,"texture":"#4"}}},{"from":[5.5,10.25,6.35],"to":[6.5,15.75,7.35],"rotation":{"angle":0,"axis":"x","origin":[8.5,14.25,6.5]},"faces":{"north":{"uv":[10,3,11.995,3.994],"texture":"#4"},"east":{"uv":[10,3,11.995,3.994],"texture":"#4"},"south":{"uv":[10,3,11.995,3.994],"texture":"#4"},"west":{"uv":[10,3,11.995,3.994],"texture":"#4"},"up":{"uv":[10,3,11.995,3.994],"texture":"#4"},"down":{"uv":[10,3,11.995,3.994],"texture":"#4"}}},{"from":[7.9,7.4,6.9],"to":[9.1,11.1,8.1],"rotation":{"angle":0,"axis":"y","origin":[8.5,9.75,7.5]},"faces":{"north":{"uv":[10.999,5,11.996,5.995],"texture":"#4"},"east":{"uv":[10.999,5,11.996,5.995],"texture":"#4"},"south":{"uv":[10.999,5,11.996,5.995],"texture":"#4"},"west":{"uv":[10.999,5,11.996,5.995],"texture":"#4"},"up":{"uv":[10.999,5,11.996,5.995],"texture":"#4"},"down":{"uv":[10.999,5,11.996,5.995],"texture":"#4"}}},{"from":[7.9,-4.6,6.9],"to":[9.1,-3.9,8.1],"rotation":{"angle":0,"axis":"y","origin":[8.5,-4.25,7.5]},"faces":{"north":{"uv":[1,14,1.999,14.996],"texture":"#4"},"east":{"uv":[1,14,1.999,14.996],"texture":"#4"},"south":{"uv":[1,14,1.999,14.996],"texture":"#4"},"west":{"uv":[1,14,1.999,14.996],"texture":"#4"},"up":{"uv":[1,14,1.999,14.996],"texture":"#4"},"down":{"uv":[1,14,1.999,14.996],"texture":"#4"}}},{"from":[7.9,-4.6,6.9],"to":[9.1,-3.9,8.1],"rotation":{"angle":45,"axis":"y","origin":[8.5,-4.25,7.5]},"faces":{"north":{"uv":[1,14,1.999,14.996],"texture":"#4"},"east":{"uv":[1,14,1.999,14.996],"texture":"#4"},"south":{"uv":[1,14,1.999,14.996],"texture":"#4"},"west":{"uv":[1,14,1.999,14.996],"texture":"#4"},"up":{"uv":[1,14,1.999,14.996],"texture":"#4"},"down":{"uv":[1,14,1.999,14.996],"texture":"#4"}}},{"from":[8.075,-1.925,7.075],"to":[8.925,3.925,7.925],"rotation":{"angle":0,"axis":"y","origin":[8.5,1,7.5]},"faces":{"north":{"uv":[5,11,5.998,11.998],"texture":"#4"},"east":{"uv":[5,11,5.998,11.998],"texture":"#4"},"south":{"uv":[5,11,5.998,11.998],"texture":"#4"},"west":{"uv":[5,11,5.998,11.998],"texture":"#4"},"up":{"uv":[5,11,5.998,11.998],"texture":"#4"},"down":{"uv":[5,11,5.998,11.998],"texture":"#4"}}}],"display":{"thirdperson_righthand":{"translation":[-1.25,8,2],"scale":[1.4,1.4,1.4]},"thirdperson_lefthand":{"translation":[0,8,2],"scale":[1.4,1.4,1.4]},"firstperson_righthand":{"rotation":[-5,0,0],"translation":[3.5,6.75,-0.75],"scale":[1.4,1.4,1.4]},"firstperson_lefthand":{"rotation":[-5,0,0],"translation":[3.5,6.75,-0.75],"scale":[1.4,1.4,1.4]},"ground":{"translation":[0,13,0],"scale":[1.4,1.4,1.4]},"gui":{"rotation":[-45,-41,-62],"translation":[2.5,5,0],"scale":[1.2,1.2,1.2]},"head":{"rotation":[-80,0,0],"translation":[-0.25,9.75,-7.5],"scale":[1.4,-1.4,1.4]},"fixed":{"rotation":[0,-180,0],"translation":[1,3.5,-2],"scale":[1.2,1.2,1.2]}}}