{"credit":"Made with Blockbench","textures":{"1":"iceandfire:custom/dragonforge_fire_core","2":"iceandfire:custom/dragonforge_fire_input_active","3":"iceandfire:custom/fire_0","4":"iceandfire:custom/dragon_sword_fire","particle":"iceandfire:custom/dragonforge_fire_core"},"elements":[{"from":[8.075,-1.925,7.075],"to":[8.925,2.925,7.925],"rotation":{"angle":0,"axis":"y","origin":[8.5,0.5,7.5]},"faces":{"north":{"uv":[3.5,11.5,3.997,11.999],"texture":"#4"},"east":{"uv":[3.5,11.5,3.997,11.999],"texture":"#4"},"south":{"uv":[3.5,11.5,3.997,11.999],"texture":"#4"},"west":{"uv":[3.5,11.5,3.997,11.999],"texture":"#4"},"up":{"uv":[3.5,11.5,3.997,11.999],"texture":"#4"},"down":{"uv":[3.5,11.5,3.997,11.999],"texture":"#4"}}},{"from":[7.98,-0.52,7.23],"to":[9.02,0.02,7.77],"rotation":{"angle":45,"axis":"x","origin":[8.5,-0.25,7.5]},"faces":{"north":{"uv":[3.5,12,4,12.499],"texture":"#4"},"east":{"uv":[3.5,12,4,12.499],"texture":"#4"},"south":{"uv":[3.5,12,4,12.499],"texture":"#4"},"west":{"uv":[3.5,12,4,12.499],"texture":"#4"},"up":{"uv":[3.5,12,4,12.499],"texture":"#4"},"down":{"uv":[3.5,12,4,12.499],"texture":"#4"}}},{"from":[7.98,0.48,7.23],"to":[9.02,1.02,7.77],"rotation":{"angle":45,"axis":"x","origin":[8.5,0.75,7.5]},"faces":{"north":{"uv":[3.498,11.999,3.998,12.498],"texture":"#4"},"east":{"uv":[3.498,11.999,3.998,12.498],"texture":"#4"},"south":{"uv":[3.498,11.999,3.998,12.498],"texture":"#4"},"west":{"uv":[3.498,11.999,3.998,12.498],"texture":"#4"},"up":{"uv":[3.498,11.999,3.998,12.498],"texture":"#4"},"down":{"uv":[3.498,11.999,3.998,12.498],"texture":"#4"}}},{"from":[7.98,1.48,7.23],"to":[9.02,2.02,7.77],"rotation":{"angle":45,"axis":"x","origin":[8.5,1.75,7.5]},"faces":{"north":{"uv":[4.5,11,5,11.499],"texture":"#4"},"east":{"uv":[4.5,11,5,11.499],"texture":"#4"},"south":{"uv":[4.5,11,5,11.499],"texture":"#4"},"west":{"uv":[4.5,11,5,11.499],"texture":"#4"},"up":{"uv":[4.5,11,5,11.499],"texture":"#4"},"down":{"uv":[4.5,11,5,11.499],"texture":"#4"}}},{"from":[7.98,-1.52,7.23],"to":[9.02,-0.98,7.77],"rotation":{"angle":45,"axis":"x","origin":[8.5,-1.25,7.5]},"faces":{"north":{"uv":[3,12.5,3.498,12.999],"texture":"#4"},"east":{"uv":[3,12.5,3.498,12.999],"texture":"#4"},"south":{"uv":[3,12.5,3.498,12.999],"texture":"#4"},"west":{"uv":[3,12.5,3.498,12.999],"texture":"#4"},"up":{"uv":[3,12.5,3.498,12.999],"texture":"#4"},"down":{"uv":[3,12.5,3.498,12.999],"texture":"#4"}}},{"from":[7.9,2.5,7],"to":[9.1,3.4,8],"rotation":{"angle":0,"axis":"x","origin":[8.5,3.45,7]},"faces":{"north":{"uv":[5,10,5.299,10.299],"texture":"#4"},"east":{"uv":[5,10,5.299,10.299],"texture":"#4"},"south":{"uv":[5,10,5.299,10.299],"texture":"#4"},"west":{"uv":[5,10,5.299,10.299],"texture":"#4"},"up":{"uv":[5,10,5.299,10.299],"texture":"#4"},"down":{"uv":[5,10,5.299,10.299],"texture":"#4"}}},{"from":[7.9,3,7.5],"to":[9.1,3.9,10.5],"rotation":{"angle":-22.5,"axis":"x","origin":[8.5,3.45,9]},"faces":{"north":{"uv":[4.5,10,4.799,10.799],"rotation":90,"texture":"#4"},"east":{"uv":[4.5,10,4.799,10.799],"rotation":270,"texture":"#4"},"south":{"uv":[4.5,10,4.799,10.298],"rotation":90,"texture":"#4"},"west":{"uv":[4.5,10,4.799,10.799],"rotation":90,"texture":"#4"},"up":{"uv":[4.5,10,4.799,10.799],"rotation":180,"texture":"#4"},"down":{"uv":[4.5,10,4.799,10.799],"texture":"#4"}}},{"from":[7.9,3,4.5],"to":[9.1,3.9,7.5],"rotation":{"angle":22.5,"axis":"x","origin":[8.5,3.45,6]},"faces":{"north":{"uv":[4.5,10,4.799,10.298],"rotation":270,"texture":"#4"},"east":{"uv":[4.5,10,4.799,10.799],"rotation":90,"texture":"#4"},"south":{"uv":[4.5,10,4.799,10.799],"rotation":270,"texture":"#4"},"west":{"uv":[4.5,10,4.799,10.798],"rotation":270,"texture":"#4"},"up":{"uv":[4.5,10,4.799,10.799],"texture":"#4"},"down":{"uv":[4.5,10,4.799,10.799],"rotation":180,"texture":"#4"}}},{"from":[7.85,3.45,10.1],"to":[9.15,4.75,11.4],"rotation":{"angle":22.5,"axis":"x","origin":[8.5,4.1,10.75]},"faces":{"north":{"uv":[7.5,11.5,8,12],"rotation":270,"texture":"#4"},"east":{"uv":[6.5,11.5,7.798,12.798],"rotation":180,"texture":"#4"},"south":{"uv":[7.5,11.5,8,12],"rotation":90,"texture":"#4"},"west":{"uv":[6.5,11.5,7.798,12.798],"rotation":270,"texture":"#4"},"up":{"uv":[7.5,11.5,8,12],"rotation":90,"texture":"#4"},"down":{"uv":[7.5,11.5,8,12],"rotation":270,"texture":"#4"}}},{"from":[7.85,3.45,3.6],"to":[9.15,4.75,4.9],"rotation":{"angle":-22.5,"axis":"x","origin":[8.5,4.1,4.25]},"faces":{"north":{"uv":[7.5,11.5,8,12],"rotation":270,"texture":"#4"},"east":{"uv":[6.5,11.5,7.798,12.798],"rotation":270,"texture":"#4"},"south":{"uv":[7.5,11.5,8,12],"rotation":270,"texture":"#4"},"west":{"uv":[6.5,11.5,7.798,12.798],"rotation":180,"texture":"#4"},"up":{"uv":[7.5,11.5,8,12],"rotation":90,"texture":"#4"},"down":{"uv":[7.5,11.5,8,12],"rotation":90,"texture":"#4"}}},{"from":[7.8,3.3,6.8],"to":[9.2,4.7,8.2],"rotation":{"angle":0,"axis":"x","origin":[8.5,4,7.5]},"faces":{"north":{"uv":[5,10.5,5.497,11.494],"texture":"#4"},"east":{"uv":[5,10.5,5.497,11.494],"texture":"#4"},"south":{"uv":[5,10.5,5.497,11.494],"texture":"#4"},"west":{"uv":[5,10.5,5.497,11.494],"texture":"#4"},"up":{"uv":[5,10.5,5.496,10.993],"texture":"#4"},"down":{"uv":[5,10.5,5.497,11.494],"texture":"#4"}}},{"from":[7.7,3.5,7],"to":[9.3,4.5,8],"rotation":{"angle":45,"axis":"x","origin":[8.5,4,7.5]},"faces":{"north":{"uv":[0,0,16,16],"texture":"#1"},"east":{"uv":[0,0,16,16],"texture":"#1"},"south":{"uv":[0,0,16,16],"texture":"#1"},"west":{"uv":[0,0,16,16],"texture":"#1"},"up":{"uv":[0,0,16,16],"texture":"#1"},"down":{"uv":[0,0,16,16],"texture":"#1"}}},{"from":[7.81,3.31,6.81],"to":[9.19,4.69,8.19],"rotation":{"angle":45,"axis":"x","origin":[8.5,4,7.5]},"faces":{"north":{"uv":[6.495,12.5,6.994,13],"rotation":90,"texture":"#4"},"east":{"uv":[6.495,12.5,6.994,13],"rotation":90,"texture":"#4"},"south":{"uv":[6.495,12.5,6.994,13],"rotation":90,"texture":"#4"},"west":{"uv":[6.495,12.5,6.994,13],"rotation":90,"texture":"#4"},"up":{"uv":[6.495,12.5,6.994,13],"rotation":90,"texture":"#4"},"down":{"uv":[6.495,12.5,6.994,13],"rotation":90,"texture":"#4"}}},{"from":[7.9,-2.3,7.2],"to":[9.1,-1.7,7.8],"rotation":{"angle":45,"axis":"x","origin":[8.5,-2,7.5]},"faces":{"north":{"uv":[0,0,16,16],"texture":"#2"},"east":{"uv":[0,0,16,16],"texture":"#2"},"south":{"uv":[0,0,16,16],"texture":"#2"},"west":{"uv":[0,0,16,16],"texture":"#2"},"up":{"uv":[0,0,16,16],"texture":"#2"},"down":{"uv":[0,0,16,16],"texture":"#2"}}},{"from":[7.9,4.15,7.15],"to":[9.1,5.05,7.85],"rotation":{"angle":0,"axis":"x","origin":[8.5,4.6,7.5]},"faces":{"north":{"uv":[5,10.5,5.496,10.993],"texture":"#4"},"east":{"uv":[5,10.5,5.496,10.993],"texture":"#4"},"south":{"uv":[5,10.5,5.496,10.993],"texture":"#4"},"west":{"uv":[5,10.5,5.496,10.993],"texture":"#4"},"up":{"uv":[5,10.5,5.496,10.993],"texture":"#4"},"down":{"uv":[5,10.5,5.496,10.993],"texture":"#4"}}},{"from":[7.96,-2.5,6.96],"to":[9.04,-1.5,8.04],"rotation":{"angle":45,"axis":"x","origin":[8.5,-2,7.5]},"faces":{"north":{"uv":[2.996,13.497,3.496,13.996],"texture":"#4"},"east":{"uv":[2,12.5,3.497,13.998],"texture":"#4"},"south":{"uv":[2,12.5,2.499,13],"texture":"#4"},"west":{"uv":[2,12.5,3.497,13.998],"rotation":270,"texture":"#4"},"up":{"uv":[2.996,13.497,3.496,13.996],"texture":"#4"},"down":{"uv":[2,12.5,2.495,12.997],"texture":"#4"}}},{"from":[8.25,3.5,5],"to":[8.75,8.5,10],"rotation":{"angle":45,"axis":"x","origin":[8.5,6,7.5]},"faces":{"north":{"uv":[5.5,8.5,6,10.492],"rotation":180,"texture":"#4"},"east":{"uv":[5.5,8.5,7.497,10.493],"rotation":180,"texture":"#4"},"south":{"uv":[5.5,8.5,5.999,10.491],"texture":"#4"},"west":{"uv":[5.5,8.5,7.497,10.493],"rotation":90,"texture":"#4"},"up":{"uv":[6.997,8.5,7.497,10.492],"texture":"#4"},"down":{"uv":[6.997,8.5,7.497,10.492],"texture":"#4"}}},{"from":[8.35,4.6,5.1],"to":[8.65,9.4,9.9],"rotation":{"angle":45,"axis":"x","origin":[8.5,7,7.5]},"faces":{"north":{"uv":[5.5,8.5,6,10.492],"rotation":180,"texture":"#4"},"east":{"uv":[5.5,8.5,7.497,10.493],"rotation":180,"texture":"#4"},"south":{"uv":[5.5,8.5,5.999,10.491],"texture":"#4"},"west":{"uv":[5.5,8.5,7.497,10.493],"rotation":90,"texture":"#4"},"up":{"uv":[6.997,8.5,7.497,10.492],"texture":"#4"},"down":{"uv":[6.997,8.5,7.497,10.492],"texture":"#4"}}},{"from":[8.255,6.5,5],"to":[8.705,11.5,10],"rotation":{"angle":45,"axis":"x","origin":[8.48,9,7.5]},"faces":{"north":{"uv":[8,7.5,8.496,9.491],"texture":"#4"},"east":{"uv":[6.5,7.5,8.497,9.492],"rotation":180,"texture":"#4"},"south":{"uv":[6.5,7.5,6.999,9.491],"texture":"#4"},"west":{"uv":[6.5,7.5,8.497,9.492],"rotation":90,"texture":"#4"},"up":{"uv":[6.5,7.5,7,9.491],"rotation":180,"texture":"#4"},"down":{"uv":[8,7.5,8.496,9.491],"texture":"#4"}}},{"from":[8.355,7.6,5.1],"to":[8.605,12.4,9.9],"rotation":{"angle":45,"axis":"x","origin":[8.48,10,7.5]},"faces":{"north":{"uv":[8,7.5,8.496,9.491],"texture":"#4"},"east":{"uv":[6.5,7.5,8.497,9.492],"rotation":180,"texture":"#4"},"south":{"uv":[6.5,7.5,6.999,9.491],"texture":"#4"},"west":{"uv":[6.5,7.5,8.497,9.492],"rotation":90,"texture":"#4"},"up":{"uv":[6.5,7.5,7,9.491],"rotation":180,"texture":"#4"},"down":{"uv":[8,7.5,8.496,9.491],"texture":"#4"}}},{"from":[8.3,9.5,5],"to":[8.7,14.5,10],"rotation":{"angle":-45,"axis":"x","origin":[8.5,12,7.5]},"faces":{"north":{"uv":[8.994,6.5,9.494,8.491],"rotation":180,"texture":"#4"},"east":{"uv":[7.5,6.5,9.495,8.491],"rotation":90,"texture":"#4"},"south":{"uv":[8.994,6.5,9.494,8.491],"texture":"#4"},"west":{"uv":[7.5,6.5,9.495,8.491],"rotation":180,"texture":"#4"},"up":{"uv":[7.5,6.5,8,8.491],"texture":"#4"},"down":{"uv":[7.5,6.5,7.994,8.491],"texture":"#4"}}},{"from":[8.4,10.6,5.1],"to":[8.6,15.4,9.9],"rotation":{"angle":-45,"axis":"x","origin":[8.5,13,7.5]},"faces":{"north":{"uv":[8.994,6.5,9.494,8.491],"rotation":180,"texture":"#4"},"east":{"uv":[7.5,6.5,9.495,8.491],"rotation":90,"texture":"#4"},"south":{"uv":[8.994,6.5,9.494,8.491],"texture":"#4"},"west":{"uv":[7.5,6.5,9.495,8.491],"rotation":180,"texture":"#4"},"up":{"uv":[7.5,6.5,8,8.491],"texture":"#4"},"down":{"uv":[7.5,6.5,7.994,8.491],"texture":"#4"}}},{"from":[8.35,12.55,5.05],"to":[8.65,17.45,9.95],"rotation":{"angle":45,"axis":"x","origin":[8.5,15,7.5]},"faces":{"north":{"uv":[8.5,5.5,8.994,7.491],"rotation":180,"texture":"#4"},"east":{"uv":[8.5,5.5,10.495,7.491],"texture":"#4"},"south":{"uv":[8.5,5.5,8.994,7.491],"texture":"#4"},"west":{"uv":[8.5,5.5,10.495,7.491],"rotation":90,"texture":"#4"},"up":{"uv":[9.994,5.5,10.494,7.491],"texture":"#4"},"down":{"uv":[9.994,5.5,10.494,7.491],"texture":"#4"}}},{"from":[8.45,13.65,5.15],"to":[8.55,18.35,9.85],"rotation":{"angle":45,"axis":"x","origin":[8.5,16,7.5]},"faces":{"north":{"uv":[8.5,5.5,8.994,7.491],"rotation":180,"texture":"#4"},"east":{"uv":[8.5,5.5,10.495,7.491],"texture":"#4"},"south":{"uv":[8.5,5.5,8.994,7.491],"texture":"#4"},"west":{"uv":[8.5,5.5,10.495,7.491],"rotation":90,"texture":"#4"},"up":{"uv":[9.994,5.5,10.494,7.491],"texture":"#4"},"down":{"uv":[9.994,5.5,10.494,7.491],"texture":"#4"}}},{"from":[8.4,15.6,5.1],"to":[8.6,20.4,9.9],"rotation":{"angle":45,"axis":"x","origin":[8.5,18,7.5]},"faces":{"north":{"uv":[9.5,4.5,9.993,6.491],"rotation":180,"texture":"#4"},"east":{"uv":[9.5,4.5,11.494,6.491],"rotation":180,"texture":"#4"},"south":{"uv":[10.993,4.5,11.493,6.491],"rotation":180,"texture":"#4"},"west":{"uv":[9.5,4.5,11.494,6.491],"rotation":90,"texture":"#4"},"up":{"uv":[9.5,4.5,9.993,6.491],"rotation":180,"texture":"#4"},"down":{"uv":[9.5,4.5,9.993,6.491],"rotation":180,"texture":"#4"}}},{"from":[8.5,16.7,5.2],"to":[8.5,21.3,9.8],"rotation":{"angle":45,"axis":"x","origin":[8.5,19,7.5]},"faces":{"north":{"uv":[9.5,4.5,9.993,6.491],"rotation":180,"texture":"#4"},"east":{"uv":[9.5,4.5,11.494,6.491],"rotation":180,"texture":"#4"},"south":{"uv":[10.993,4.5,11.493,6.491],"rotation":180,"texture":"#4"},"west":{"uv":[9.5,4.5,11.494,6.491],"rotation":90,"texture":"#4"},"up":{"uv":[9.5,4.5,9.993,6.491],"rotation":180,"texture":"#4"},"down":{"uv":[9.5,4.5,9.993,6.491],"rotation":180,"texture":"#4"}}},{"from":[8.45,18.65,5.15],"to":[8.55,23.35,9.85],"rotation":{"angle":45,"axis":"x","origin":[8.5,21,7.5]},"faces":{"north":{"uv":[10.5,3.5,12.495,5.491],"rotation":90,"texture":"#4"},"east":{"uv":[10.5,3.5,12.495,5.491],"rotation":180,"texture":"#4"},"south":{"uv":[10.5,3.5,12.495,5.491],"rotation":90,"texture":"#4"},"west":{"uv":[10.5,3.5,12.495,5.491],"rotation":90,"texture":"#4"},"up":{"uv":[10.5,3.5,12.495,5.491],"rotation":90,"texture":"#4"},"down":{"uv":[10.5,3.5,12.495,5.491],"rotation":90,"texture":"#4"}}},{"from":[8.495,20.65,5.15],"to":[8.505,25.35,9.85],"rotation":{"angle":45,"axis":"x","origin":[8.5,23,7.5]},"faces":{"north":{"uv":[10.5,3.5,12.495,5.491],"rotation":90,"texture":"#4"},"east":{"uv":[10.5,3.5,12.495,5.491],"rotation":180,"texture":"#4"},"south":{"uv":[10.5,3.5,12.495,5.491],"rotation":90,"texture":"#4"},"west":{"uv":[10.5,3.5,12.495,5.491],"rotation":90,"texture":"#4"},"up":{"uv":[10.5,3.5,12.495,5.491],"rotation":90,"texture":"#4"},"down":{"uv":[10.5,3.5,12.495,5.491],"rotation":90,"texture":"#4"}}},{"from":[8.46,21.66,5.16],"to":[8.54,26.34,9.84],"rotation":{"angle":45,"axis":"x","origin":[8.5,24,7.5]},"faces":{"north":{"uv":[11.5,2.5,13.495,4.489],"rotation":90,"texture":"#4"},"east":{"uv":[11.5,2.5,13.495,4.489],"texture":"#4"},"south":{"uv":[11.5,2.5,13.495,4.489],"rotation":90,"texture":"#4"},"west":{"uv":[11.5,2.5,13.495,4.489],"rotation":270,"texture":"#4"},"up":{"uv":[11.5,2.5,13.495,4.489],"rotation":90,"texture":"#4"},"down":{"uv":[11.5,2.5,13.495,4.489],"rotation":90,"texture":"#4"}}},{"from":[8.498,23.75,4.5],"to":[8.498,31.25,10.5],"rotation":{"angle":0,"axis":"y","origin":[8.5,26.75,7.5]},"faces":{"north":{"uv":[0,0,0.999,0.997],"texture":"#3"},"east":{"uv":[0,1,16,15.998],"texture":"#3"},"south":{"uv":[0,0,0.998,0.997],"texture":"#3"},"west":{"uv":[0,1,16,15.998],"texture":"#3"},"up":{"uv":[0,0,0.999,0.997],"texture":"#3"},"down":{"uv":[0,0,1,1],"texture":"#3"}}}],"display":{"thirdperson_righthand":{"translation":[-1,6.75,1.75],"scale":[1.2,1.2,1.2]},"thirdperson_lefthand":{"translation":[0,6.75,1.75],"scale":[1.2,1.2,1.2]},"firstperson_righthand":{"rotation":[-5,0,0],"translation":[0,3.25,-0.75]},"firstperson_lefthand":{"rotation":[-5,0,0],"translation":[0,3.25,-0.75]},"ground":{"translation":[0,8,0],"scale":[1.2,1.2,1.2]},"gui":{"rotation":[-45,-41,-62],"translation":[-2,-0.5,0]},"head":{"translation":[-0.25,6.5,0.75],"scale":[1.2,-1.2,1.2]},"fixed":{"rotation":[0,90,0],"translation":[1,-1.25,-0.5],"scale":[1.2,1.2,1.2]}}}