{"credit":"Made with Blockbench","textures":{"1":"iceandfire:custom/dragonforge_ice_core","4":"iceandfire:custom/dragonsteel_ice_pickaxe","particle":"iceandfire:custom/dragonsteel_ice_pickaxe"},"elements":[{"from":[8,-4,7],"to":[9,-1.5,8],"rotation":{"angle":0,"axis":"y","origin":[8.5,-2.75,7.5]},"faces":{"north":{"uv":[14,2,14.997,2.997],"texture":"#4"},"east":{"uv":[14,2,14.997,2.997],"texture":"#4"},"south":{"uv":[14,2,14.997,2.997],"texture":"#4"},"west":{"uv":[14,2,14.997,2.997],"texture":"#4"},"up":{"uv":[14,2,14.997,2.997],"texture":"#4"},"down":{"uv":[14,2,14.997,2.997],"texture":"#4"}}},{"from":[8,3,7],"to":[9,6,8],"rotation":{"angle":0,"axis":"x","origin":[8.5,5.75,7.5]},"faces":{"north":{"uv":[12.1,2.1,14.9,3.9],"rotation":180,"texture":"#4"},"east":{"uv":[12.1,2.1,14.9,3.9],"rotation":180,"texture":"#4"},"south":{"uv":[12.1,2.1,14.9,3.9],"rotation":180,"texture":"#4"},"west":{"uv":[12.1,2.1,14.9,3.9],"rotation":180,"texture":"#4"},"up":{"uv":[12.1,2.1,14.9,3.9],"rotation":180,"texture":"#4"},"down":{"uv":[12.1,2.1,14.9,3.9],"rotation":180,"texture":"#4"}}},{"from":[8,6,7],"to":[9,11.5,8],"rotation":{"angle":0,"axis":"y","origin":[8.5,7.75,7.5]},"faces":{"north":{"uv":[12.1,2.1,14.9,3.9],"texture":"#4"},"east":{"uv":[12.1,2.1,14.9,3.9],"texture":"#4"},"south":{"uv":[12.1,2.1,14.9,3.9],"texture":"#4"},"west":{"uv":[12.1,2.1,14.9,3.9],"texture":"#4"},"up":{"uv":[12.1,2.1,14.9,3.9],"texture":"#4"},"down":{"uv":[12.1,2.1,14.9,3.9],"texture":"#4"}}},{"from":[7.8,10,7.25],"to":[9.2,10.5,7.75],"rotation":{"angle":45,"axis":"x","origin":[8.5,10.25,7.5]},"faces":{"north":{"uv":[0,0,16,16],"texture":"#1"},"east":{"uv":[0,0,16,16],"texture":"#1"},"south":{"uv":[0,0,16,16],"texture":"#1"},"west":{"uv":[0,0,16,16],"texture":"#1"},"up":{"uv":[0,0,16,16],"texture":"#1"},"down":{"uv":[0,0,16,16],"texture":"#1"}}},{"from":[7.8,9,7.25],"to":[9.2,9.5,7.75],"rotation":{"angle":45,"axis":"x","origin":[8.5,9.25,7.5]},"faces":{"north":{"uv":[0,0,16,16],"rotation":90,"texture":"#1"},"east":{"uv":[0,0,16,16],"rotation":90,"texture":"#1"},"south":{"uv":[0,0,16,16],"rotation":90,"texture":"#1"},"west":{"uv":[0,0,16,16],"rotation":90,"texture":"#1"},"up":{"uv":[0,0,16,16],"rotation":90,"texture":"#1"},"down":{"uv":[0,0,16,16],"rotation":90,"texture":"#1"}}},{"from":[7.8,8,7.25],"to":[9.2,8.5,7.75],"rotation":{"angle":45,"axis":"x","origin":[8.5,8.25,7.5]},"faces":{"north":{"uv":[0,0,16,16],"rotation":270,"texture":"#1"},"east":{"uv":[0,0,16,16],"rotation":270,"texture":"#1"},"south":{"uv":[0,0,16,16],"rotation":270,"texture":"#1"},"west":{"uv":[0,0,16,16],"rotation":270,"texture":"#1"},"up":{"uv":[0,0,16,16],"rotation":270,"texture":"#1"},"down":{"uv":[0,0,16,16],"rotation":270,"texture":"#1"}}},{"from":[7.9,7.4,6.9],"to":[9.1,11.1,8.1],"rotation":{"angle":0,"axis":"y","origin":[8.5,9.75,7.5]},"faces":{"north":{"uv":[10.999,5,11.998,5.994],"texture":"#4"},"east":{"uv":[10.999,5,11.998,5.994],"texture":"#4"},"south":{"uv":[10.999,5,11.998,5.994],"texture":"#4"},"west":{"uv":[10.999,5,11.998,5.994],"texture":"#4"},"up":{"uv":[10.999,5,11.998,5.994],"texture":"#4"},"down":{"uv":[10.999,5,11.998,5.994],"texture":"#4"}}},{"from":[7.9,8.4,8.1],"to":[9.1,10.4,9.1],"rotation":{"angle":0,"axis":"y","origin":[8.5,9.4,8.6]},"faces":{"north":{"uv":[9.992,3,10.992,4.99],"texture":"#4"},"east":{"uv":[9.992,3,10.992,4.99],"texture":"#4"},"south":{"uv":[9.992,3,10.992,4.99],"texture":"#4"},"west":{"uv":[9.992,3,10.992,4.99],"texture":"#4"},"up":{"uv":[9.992,3,10.991,3.989],"texture":"#4"},"down":{"uv":[9.992,3.989,10.991,4.989],"texture":"#4"}}},{"from":[8,7.9,8.1],"to":[9,8.4,8.6],"rotation":{"angle":0,"axis":"y","origin":[8.5,8.15,8.35]},"faces":{"north":{"uv":[10,4,10.995,4.994],"texture":"#4"},"east":{"uv":[10,4,10.995,4.994],"texture":"#4"},"south":{"uv":[10,4,10.995,4.994],"texture":"#4"},"west":{"uv":[10,4,10.995,4.994],"texture":"#4"},"up":{"uv":[10,4,10.995,4.994],"texture":"#4"},"down":{"uv":[10,4,10.995,4.994],"texture":"#4"}}},{"from":[8,7.9,6.4],"to":[9,8.4,6.9],"rotation":{"angle":0,"axis":"y","origin":[8.5,8.15,6.65]},"faces":{"north":{"uv":[12,6,12.999,6.998],"texture":"#4"},"east":{"uv":[12,6,12.999,6.998],"texture":"#4"},"south":{"uv":[12,6,12.999,6.998],"texture":"#4"},"west":{"uv":[12,6,12.999,6.998],"texture":"#4"},"up":{"uv":[12,6,12.999,6.998],"texture":"#4"},"down":{"uv":[12,6,12.999,6.998],"texture":"#4"}}},{"from":[7.86,9.16,9.06],"to":[9.14,10.24,11.64],"rotation":{"angle":0,"axis":"y","origin":[8.5,9.7,10.35]},"faces":{"north":{"uv":[9,3,10.995,3.995],"rotation":270,"texture":"#4"},"east":{"uv":[9,3,10.995,3.995],"rotation":270,"texture":"#4"},"south":{"uv":[9,3,10.995,3.995],"rotation":270,"texture":"#4"},"west":{"uv":[9,3,10.995,3.995],"rotation":270,"texture":"#4"},"up":{"uv":[10,3,10.994,3.995],"rotation":270,"texture":"#4"},"down":{"uv":[9,3,9.995,3.995],"rotation":270,"texture":"#4"}}},{"from":[7.87,10.17,9.27],"to":[9.13,10.73,10.83],"rotation":{"angle":0,"axis":"y","origin":[8.5,10.45,10.05]},"faces":{"north":{"uv":[13,6,13.993,6.993],"texture":"#4"},"east":{"uv":[13,6,13.993,6.993],"texture":"#4"},"south":{"uv":[13,6,13.993,6.993],"texture":"#4"},"west":{"uv":[13,6,13.993,6.993],"texture":"#4"},"up":{"uv":[13,6,13.993,6.993],"texture":"#4"},"down":{"uv":[13,6,13.993,6.993],"texture":"#4"}}},{"from":[7.87,10.17,4.07],"to":[9.13,10.73,5.63],"rotation":{"angle":0,"axis":"y","origin":[8.5,10.45,4.85]},"faces":{"north":{"uv":[10,3,10.994,3.994],"texture":"#4"},"east":{"uv":[10,3,10.994,3.994],"texture":"#4"},"south":{"uv":[10,3,10.994,3.994],"texture":"#4"},"west":{"uv":[10,3,10.994,3.994],"texture":"#4"},"up":{"uv":[10,3,10.994,3.994],"texture":"#4"},"down":{"uv":[10,3,10.994,3.994],"texture":"#4"}}},{"from":[7.86,9.16,3.36],"to":[9.14,10.24,5.94],"rotation":{"angle":0,"axis":"y","origin":[8.5,9.7,4.65]},"faces":{"north":{"uv":[9,3,10.995,3.995],"rotation":270,"texture":"#4"},"east":{"uv":[9,3,10.995,3.995],"rotation":270,"texture":"#4"},"south":{"uv":[9,3,10.995,3.995],"rotation":270,"texture":"#4"},"west":{"uv":[9,3,10.995,3.995],"rotation":270,"texture":"#4"},"up":{"uv":[9.995,2.995,10.994,3.994],"rotation":270,"texture":"#4"},"down":{"uv":[9,3,9.995,3.995],"rotation":270,"texture":"#4"}}},{"from":[7.9,8.8,2.9],"to":[9.1,9.8,3.9],"rotation":{"angle":0,"axis":"y","origin":[8.5,9.3,3.4]},"faces":{"north":{"uv":[9,3,9.995,3.998],"texture":"#4"},"east":{"uv":[9,3,9.995,3.998],"texture":"#4"},"south":{"uv":[9,3,9.995,3.998],"texture":"#4"},"west":{"uv":[9,3,9.995,3.998],"texture":"#4"},"up":{"uv":[9,3,9.995,3.998],"texture":"#4"},"down":{"uv":[9,3,9.995,3.998],"texture":"#4"}}},{"from":[7.9,8.8,11.1],"to":[9.1,9.8,12.1],"rotation":{"angle":0,"axis":"y","origin":[8.5,9.3,11.6]},"faces":{"north":{"uv":[9,3,9.996,3.995],"texture":"#4"},"east":{"uv":[9,3,9.996,3.995],"texture":"#4"},"south":{"uv":[9,3,9.996,3.995],"texture":"#4"},"west":{"uv":[9,3,9.996,3.995],"texture":"#4"},"up":{"uv":[9,3,9.996,3.995],"texture":"#4"},"down":{"uv":[9,3,9.996,3.995],"texture":"#4"}}},{"from":[7.94,8.34,11.54],"to":[9.06,9.26,12.46],"rotation":{"angle":0,"axis":"y","origin":[8.5,8.8,12]},"faces":{"north":{"uv":[7,3,7.996,3.994],"texture":"#4"},"east":{"uv":[7,3,7.996,3.994],"texture":"#4"},"south":{"uv":[7,3,7.996,3.994],"texture":"#4"},"west":{"uv":[7,3,7.996,3.994],"texture":"#4"},"up":{"uv":[7,3,7.996,3.994],"texture":"#4"},"down":{"uv":[7,3,7.996,3.994],"texture":"#4"}}},{"from":[8,7.9,12.1],"to":[9,8.7,12.9],"rotation":{"angle":0,"axis":"y","origin":[8.5,8.3,12.5]},"faces":{"north":{"uv":[8,3,8.994,3.994],"texture":"#4"},"east":{"uv":[8,3,8.994,3.994],"texture":"#4"},"south":{"uv":[8,3,8.994,3.994],"texture":"#4"},"west":{"uv":[8,3,8.994,3.994],"texture":"#4"},"up":{"uv":[8,3,8.994,3.994],"texture":"#4"},"down":{"uv":[8,3,8.994,3.994],"texture":"#4"}}},{"from":[8.1,7.75,12.7],"to":[8.9,8.35,13.3],"rotation":{"angle":0,"axis":"y","origin":[8.5,7.8,13]},"faces":{"north":{"uv":[7,3,7.994,3.994],"texture":"#4"},"east":{"uv":[7,3,7.994,3.994],"texture":"#4"},"south":{"uv":[7,3,7.994,3.994],"texture":"#4"},"west":{"uv":[7,3,7.994,3.994],"texture":"#4"},"up":{"uv":[7,3,7.994,3.994],"texture":"#4"},"down":{"uv":[7,3,7.994,3.994],"texture":"#4"}}},{"from":[8.11,7.36,13.01],"to":[8.89,7.94,13.59],"rotation":{"angle":0,"axis":"y","origin":[8.5,7.8,13]},"faces":{"north":{"uv":[6,3,6.994,3.994],"texture":"#4"},"east":{"uv":[6,3,6.994,3.994],"texture":"#4"},"south":{"uv":[6,3,6.994,3.994],"texture":"#4"},"west":{"uv":[6,3,6.994,3.994],"texture":"#4"},"up":{"uv":[6,3,6.994,3.994],"texture":"#4"},"down":{"uv":[6,3,6.994,3.994],"texture":"#4"}}},{"from":[8.1,7.75,1.7],"to":[8.9,8.35,2.3],"rotation":{"angle":0,"axis":"y","origin":[8.5,7.8,2]},"faces":{"north":{"uv":[7,3,7.991,3.992],"texture":"#4"},"east":{"uv":[7,3,7.991,3.992],"texture":"#4"},"south":{"uv":[7,3,7.991,3.992],"texture":"#4"},"west":{"uv":[7,3,7.991,3.992],"texture":"#4"},"up":{"uv":[7,3,7.991,3.992],"texture":"#4"},"down":{"uv":[7,3,7.991,3.992],"texture":"#4"}}},{"from":[8.1,7.35,1.4],"to":[8.9,7.95,2],"rotation":{"angle":0,"axis":"y","origin":[8.5,7.8,2]},"faces":{"north":{"uv":[6,3,6.991,3.992],"texture":"#4"},"east":{"uv":[6,3,6.991,3.992],"texture":"#4"},"south":{"uv":[6,3,6.991,3.992],"texture":"#4"},"west":{"uv":[6,3,6.991,3.992],"texture":"#4"},"up":{"uv":[6,3,6.991,3.992],"texture":"#4"},"down":{"uv":[6,3,6.991,3.992],"texture":"#4"}}},{"from":[8,7.9,2.1],"to":[9,8.7,2.9],"rotation":{"angle":0,"axis":"y","origin":[8.5,8.3,2.5]},"faces":{"north":{"uv":[8,3,8.994,3.992],"texture":"#4"},"east":{"uv":[8,3,8.994,3.992],"texture":"#4"},"south":{"uv":[8,3,8.994,3.992],"texture":"#4"},"west":{"uv":[8,3,8.994,3.992],"texture":"#4"},"up":{"uv":[8,3,8.994,3.992],"texture":"#4"},"down":{"uv":[8,3,8.994,3.992],"texture":"#4"}}},{"from":[7.94,8.34,2.54],"to":[9.06,9.26,3.46],"rotation":{"angle":0,"axis":"y","origin":[8.5,8.8,3]},"faces":{"north":{"uv":[7,3,7.999,3.999],"texture":"#4"},"east":{"uv":[7,3,7.999,3.999],"texture":"#4"},"south":{"uv":[7,3,7.999,3.999],"texture":"#4"},"west":{"uv":[7,3,7.999,3.999],"texture":"#4"},"up":{"uv":[7,3,7.999,3.999],"texture":"#4"},"down":{"uv":[7,3,7.999,3.999],"texture":"#4"}}},{"from":[7.9,8.4,5.9],"to":[9.1,10.4,6.9],"rotation":{"angle":0,"axis":"y","origin":[8.5,9.4,6.4]},"faces":{"north":{"uv":[12,6,13.994,6.995],"rotation":270,"texture":"#4"},"east":{"uv":[12,6,13.994,6.995],"rotation":270,"texture":"#4"},"south":{"uv":[12,6,13.994,6.995],"rotation":270,"texture":"#4"},"west":{"uv":[12,6,13.994,6.995],"rotation":270,"texture":"#4"},"up":{"uv":[12.993,5.995,13.993,6.994],"rotation":270,"texture":"#4"},"down":{"uv":[12,6,12.993,6.995],"rotation":270,"texture":"#4"}}},{"from":[8.075,-1.925,7.075],"to":[8.925,4.925,7.925],"rotation":{"angle":0,"axis":"y","origin":[8.5,1,7.5]},"faces":{"north":{"uv":[7,9,7.997,9.997],"texture":"#4"},"east":{"uv":[7,9,7.997,9.997],"texture":"#4"},"south":{"uv":[7,9,7.997,9.997],"texture":"#4"},"west":{"uv":[7,9,7.997,9.997],"texture":"#4"},"up":{"uv":[7,9,7.997,9.997],"texture":"#4"},"down":{"uv":[7,9,7.997,9.997],"texture":"#4"}}},{"from":[7.92,-4.54,6.92],"to":[9.08,-3.88,8.08],"rotation":{"angle":-45,"axis":"y","origin":[8.5,-4.21,7.5]},"faces":{"north":{"uv":[2,13,2.998,13.998],"rotation":90,"texture":"#4"},"east":{"uv":[2,13,2.998,13.998],"rotation":90,"texture":"#4"},"south":{"uv":[2,13,2.998,13.998],"rotation":90,"texture":"#4"},"west":{"uv":[2,13,2.998,13.998],"rotation":90,"texture":"#4"},"up":{"uv":[2,13,2.998,13.998],"rotation":90,"texture":"#4"},"down":{"uv":[2,13,2.998,13.998],"rotation":90,"texture":"#4"}}},{"from":[7.92,-4.54,6.92],"to":[9.08,-3.88,8.08],"rotation":{"angle":0,"axis":"y","origin":[8.5,-4.21,7.5]},"faces":{"north":{"uv":[2,13,2.998,13.998],"rotation":90,"texture":"#4"},"east":{"uv":[2,13,2.998,13.998],"rotation":90,"texture":"#4"},"south":{"uv":[2,13,2.998,13.998],"rotation":90,"texture":"#4"},"west":{"uv":[2,13,2.998,13.998],"rotation":90,"texture":"#4"},"up":{"uv":[2,13,2.998,13.998],"rotation":90,"texture":"#4"},"down":{"uv":[2,13,2.998,13.998],"rotation":90,"texture":"#4"}}},{"from":[7.96,11.5,6.96],"to":[9.04,12.08,8.04],"rotation":{"angle":0,"axis":"y","origin":[8.5,11.79,7.5]},"faces":{"north":{"uv":[12,2,14.997,3.997],"texture":"#4"},"east":{"uv":[12,2,14.997,3.997],"texture":"#4"},"south":{"uv":[12,2,14.997,3.997],"texture":"#4"},"west":{"uv":[12,2,14.997,3.997],"texture":"#4"},"up":{"uv":[12,2,14.997,2.996],"texture":"#4"},"down":{"uv":[12,2,14.997,3.997],"texture":"#4"}}}],"display":{"thirdperson_righthand":{"translation":[-1,8,2],"scale":[1.4,1.4,1.4]},"thirdperson_lefthand":{"translation":[0.25,8,2],"scale":[1.4,1.4,1.4]},"firstperson_righthand":{"rotation":[-5,0,0],"translation":[3.5,7,-0.75],"scale":[1.4,1.4,1.4]},"firstperson_lefthand":{"rotation":[-5,0,0],"translation":[3.5,7,-0.75],"scale":[1.4,1.4,1.4]},"ground":{"translation":[0,13,0],"scale":[1.4,1.4,1.4]},"gui":{"rotation":[-45,-41,-62],"translation":[2.5,5,0],"scale":[1.2,1.2,1.2]},"head":{"rotation":[-80,0,0],"translation":[-0.25,11.75,0],"scale":[1.4,-1.4,1.4]},"fixed":{"rotation":[0,90,0],"translation":[1,6.75,-0.5],"scale":[1.4,1.4,1.4]}}}