{"credit":"Made with Blockbench","textures":{"4":"iceandfire:custom/dragon_axe"},"elements":[{"from":[8,-4,7],"to":[9,-1.5,8],"rotation":{"angle":0,"axis":"y","origin":[8.5,-2.75,7.5]},"faces":{"north":{"uv":[5.01,12.01,5.81,12.81],"texture":"#4"},"east":{"uv":[5.01,12.01,5.81,12.81],"texture":"#4"},"south":{"uv":[5.01,12.01,5.81,12.81],"texture":"#4"},"west":{"uv":[5.01,12.01,5.81,12.81],"texture":"#4"},"up":{"uv":[5.01,12.01,5.81,12.81],"texture":"#4"},"down":{"uv":[5.01,12.01,5.81,12.81],"texture":"#4"}}},{"from":[8,3,7],"to":[9,11.5,8],"rotation":{"angle":0,"axis":"y","origin":[8.5,7.25,7.5]},"faces":{"north":{"uv":[12.01,5.01,12.81,5.81],"texture":"#4"},"east":{"uv":[12.01,5.01,12.81,5.81],"texture":"#4"},"south":{"uv":[12.01,5.01,12.81,5.81],"texture":"#4"},"west":{"uv":[12.01,5.01,12.81,5.81],"texture":"#4"},"up":{"uv":[12.01,5.01,12.81,5.81],"texture":"#4"},"down":{"uv":[12.01,5.01,12.81,5.81],"texture":"#4"}}},{"from":[7.8,10,7.25],"to":[9.2,10.5,7.75],"rotation":{"angle":45,"axis":"x","origin":[8.5,10.25,7.5]},"faces":{"north":{"uv":[9,7,9.999,7.999],"rotation":90,"texture":"#4"},"east":{"uv":[9,7,9.999,7.999],"rotation":90,"texture":"#4"},"south":{"uv":[9,7,9.999,7.999],"rotation":90,"texture":"#4"},"west":{"uv":[9,7,9.999,7.999],"rotation":90,"texture":"#4"},"up":{"uv":[9,7,9.999,7.999],"rotation":90,"texture":"#4"},"down":{"uv":[9,7,9.999,7.999],"rotation":90,"texture":"#4"}}},{"from":[7.8,9,7.25],"to":[9.2,9.5,7.75],"rotation":{"angle":45,"axis":"x","origin":[8.5,9.25,7.5]},"faces":{"north":{"uv":[8,8,8.998,8.998],"rotation":90,"texture":"#4"},"east":{"uv":[8,8,8.998,8.998],"rotation":90,"texture":"#4"},"south":{"uv":[8,8,8.998,8.998],"rotation":90,"texture":"#4"},"west":{"uv":[8,8,8.998,8.998],"rotation":90,"texture":"#4"},"up":{"uv":[8,8,8.998,8.998],"rotation":90,"texture":"#4"},"down":{"uv":[8,8,8.998,8.998],"rotation":90,"texture":"#4"}}},{"from":[7.8,8,7.25],"to":[9.2,8.5,7.75],"rotation":{"angle":45,"axis":"x","origin":[8.5,8.25,7.5]},"faces":{"north":{"uv":[7.1,9.1,7.9,9.9],"rotation":90,"texture":"#4"},"east":{"uv":[7.1,9.1,7.9,9.9],"rotation":90,"texture":"#4"},"south":{"uv":[7.1,9.1,7.9,9.9],"rotation":90,"texture":"#4"},"west":{"uv":[7.1,9.1,7.9,9.9],"rotation":90,"texture":"#4"},"up":{"uv":[7.1,9.1,7.9,9.9],"rotation":90,"texture":"#4"},"down":{"uv":[7.1,9.1,7.9,9.9],"rotation":90,"texture":"#4"}}},{"from":[8.15,8.025,7.9],"to":[8.85,10.475,8.6],"rotation":{"angle":0,"axis":"y","origin":[8.5,9.25,8.25]},"faces":{"north":{"uv":[12,7,12.999,7.999],"texture":"#4"},"east":{"uv":[12,7,12.999,7.999],"texture":"#4"},"south":{"uv":[12,7,12.999,7.999],"texture":"#4"},"west":{"uv":[12,7,12.999,7.999],"texture":"#4"},"up":{"uv":[12,7,12.999,7.999],"texture":"#4"},"down":{"uv":[12,7,12.999,7.999],"texture":"#4"}}},{"from":[8.15,7.65,5.9],"to":[8.85,10.85,7.1],"rotation":{"angle":0,"axis":"y","origin":[8.5,9.25,6.5]},"faces":{"north":{"uv":[9,4,9.999,4.999],"texture":"#4"},"east":{"uv":[9,4,9.999,4.999],"texture":"#4"},"south":{"uv":[9,4,9.999,4.999],"texture":"#4"},"west":{"uv":[9,4,9.999,4.999],"texture":"#4"},"up":{"uv":[9,4,9.999,4.999],"texture":"#4"},"down":{"uv":[9,4,9.999,4.999],"texture":"#4"}}},{"from":[7.9,7.4,6.9],"to":[9.1,11.1,8.1],"rotation":{"angle":0,"axis":"y","origin":[8.5,9.25,7.5]},"faces":{"north":{"uv":[10,6,10.997,6.996],"texture":"#4"},"east":{"uv":[10,6,10.997,6.996],"texture":"#4"},"south":{"uv":[10,6,10.997,6.996],"texture":"#4"},"west":{"uv":[10,6,10.997,6.996],"texture":"#4"},"up":{"uv":[10,6,10.997,6.996],"texture":"#4"},"down":{"uv":[10,6,10.997,6.996],"texture":"#4"}}},{"from":[7.9,-4.6,6.9],"to":[9.1,-3.9,8.1],"rotation":{"angle":0,"axis":"y","origin":[8.5,-4.25,7.5]},"faces":{"north":{"uv":[2,14,2.999,14.999],"texture":"#4"},"east":{"uv":[2,14,2.999,14.999],"texture":"#4"},"south":{"uv":[2,14,2.999,14.999],"texture":"#4"},"west":{"uv":[2,14,2.999,14.999],"texture":"#4"},"up":{"uv":[2,14,2.999,14.999],"texture":"#4"},"down":{"uv":[2,14,2.999,14.999],"texture":"#4"}}},{"from":[7.9,-4.6,6.9],"to":[9.1,-3.9,8.1],"rotation":{"angle":45,"axis":"y","origin":[8.5,-4.25,7.5]},"faces":{"north":{"uv":[2,14,2.999,14.999],"texture":"#4"},"east":{"uv":[2,14,2.999,14.999],"texture":"#4"},"south":{"uv":[2,14,2.999,14.999],"texture":"#4"},"west":{"uv":[2,14,2.999,14.999],"texture":"#4"},"up":{"uv":[2,14,2.999,14.999],"texture":"#4"},"down":{"uv":[2,14,2.999,14.999],"texture":"#4"}}},{"from":[8.075,-1.925,7.075],"to":[8.925,3.925,7.925],"rotation":{"angle":0,"axis":"y","origin":[8.5,1,7.5]},"faces":{"north":{"uv":[9,7,9.999,7.999],"texture":"#4"},"east":{"uv":[9,7,9.999,7.999],"texture":"#4"},"south":{"uv":[9,7,9.999,7.999],"texture":"#4"},"west":{"uv":[9,7,9.999,7.999],"texture":"#4"},"up":{"uv":[9,7,9.999,7.999],"texture":"#4"},"down":{"uv":[9,7,9.999,7.999],"texture":"#4"}}},{"from":[7.96,-4.5,6.96],"to":[9.04,-3.92,8.04],"rotation":{"angle":0,"axis":"y","origin":[8.5,-4.21,7.5]},"color":4,"faces":{"north":{"uv":[0,0,16,16],"texture":"#missing"},"east":{"uv":[0,0,16,16],"texture":"#missing"},"south":{"uv":[0,0,16,16],"texture":"#missing"},"west":{"uv":[0,0,16,16],"texture":"#missing"},"up":{"uv":[0,0,16,16],"texture":"#missing"},"down":{"uv":[0,0,16,16],"texture":"#missing"}}},{"from":[7.96,11.5,6.96],"to":[9.04,12.08,8.04],"rotation":{"angle":0,"axis":"y","origin":[8.5,11.79,7.5]},"faces":{"north":{"uv":[13.1,3.1,13.9,3.9],"texture":"#4"},"east":{"uv":[13.1,3.1,13.9,3.9],"texture":"#4"},"south":{"uv":[13.1,3.1,13.9,3.9],"texture":"#4"},"west":{"uv":[13.1,3.1,13.9,3.9],"texture":"#4"},"up":{"uv":[13.1,3.1,13.9,3.9],"texture":"#4"},"down":{"uv":[13.1,3.1,13.9,3.9],"texture":"#4"}}},{"from":[8.2,7.65,3.9],"to":[8.8,10.85,7.1],"rotation":{"angle":45,"axis":"x","origin":[8.5,9.25,5.5]},"faces":{"north":{"uv":[8,3,10.999,5.999],"texture":"#4"},"east":{"uv":[8,3,10.999,5.999],"texture":"#4"},"south":{"uv":[8,3,10.999,5.999],"texture":"#4"},"west":{"uv":[8,3,10.999,5.999],"texture":"#4"},"up":{"uv":[8,3,10.999,5.999],"texture":"#4"},"down":{"uv":[8,3,10.999,5.999],"texture":"#4"}}},{"from":[8.4,7.85,8.1],"to":[8.6,10.65,10.9],"rotation":{"angle":45,"axis":"x","origin":[8.5,9.25,9.5]},"faces":{"north":{"uv":[11.1,6.1,11.9,9.9],"rotation":180,"texture":"#4"},"east":{"uv":[11.1,6.1,14.9,9.9],"rotation":180,"texture":"#4"},"south":{"uv":[11.1,9.1,14.9,9.9],"rotation":90,"texture":"#4"},"west":{"uv":[11.1,6.1,14.9,9.9],"rotation":270,"texture":"#4"},"up":{"uv":[14.1,6.1,14.9,9.9],"texture":"#4"},"down":{"uv":[11.1,6.1,11.9,9.9],"rotation":180,"texture":"#4"}}},{"from":[8.4,9.85,2.1],"to":[8.6,12.65,4.9],"rotation":{"angle":45,"axis":"x","origin":[8.5,11.25,3.5]},"faces":{"north":{"uv":[11.1,0.1,11.9,2.9],"texture":"#4"},"east":{"uv":[9.1,0.1,11.9,2.9],"texture":"#4"},"south":{"uv":[9.1,0.1,11.9,2.9],"rotation":270,"texture":"#4"},"west":{"uv":[9.1,0.1,11.9,2.9],"rotation":270,"texture":"#4"},"up":{"uv":[11.1,0.1,11.9,2.9],"texture":"#4"},"down":{"uv":[10.1,0.1,10.9,2.9],"rotation":180,"texture":"#4"}}},{"from":[8.4,5.85,2.1],"to":[8.6,8.65,4.9],"rotation":{"angle":45,"axis":"x","origin":[8.5,7.25,3.5]},"faces":{"north":{"uv":[6.1,4.1,6.9,6.9],"rotation":180,"texture":"#4"},"east":{"uv":[6.1,4.1,8.9,6.9],"texture":"#4"},"south":{"uv":[6.1,4.1,6.9,6.9],"texture":"#4"},"west":{"uv":[6.1,4.1,8.9,6.9],"rotation":270,"texture":"#4"},"up":{"uv":[6,4,8.998,6.998],"texture":"#4"},"down":{"uv":[6.1,4.1,6.9,6.9],"rotation":180,"texture":"#4"}}},{"from":[8.35,7.05,2.05],"to":[8.65,9.95,4.95],"rotation":{"angle":45,"axis":"x","origin":[8.5,8.5,3.5]},"faces":{"north":{"uv":[7,2,7.999,4.997],"rotation":180,"texture":"#4"},"east":{"uv":[7,2,9.998,4.998],"rotation":180,"texture":"#4"},"south":{"uv":[7,2,9.998,4.998],"rotation":270,"texture":"#4"},"west":{"uv":[7,2,9.998,4.998],"rotation":270,"texture":"#4"},"up":{"uv":[7,2,9.998,4.998],"rotation":270,"texture":"#4"},"down":{"uv":[7,2,7.996,4.997],"rotation":180,"texture":"#4"}}},{"from":[8.36,8.31,2.06],"to":[8.64,11.19,4.94],"rotation":{"angle":45,"axis":"x","origin":[8.5,9.75,3.5]},"faces":{"north":{"uv":[8,1,8.996,3.997],"rotation":180,"texture":"#4"},"east":{"uv":[8,1,10.998,3.998],"rotation":180,"texture":"#4"},"south":{"uv":[8,1,10.998,3.998],"texture":"#4"},"west":{"uv":[8,1,10.998,3.998],"rotation":270,"texture":"#4"},"up":{"uv":[8,1,10.998,3.998],"texture":"#4"},"down":{"uv":[8,1,8.996,3.997],"rotation":180,"texture":"#4"}}}],"display":{"thirdperson_righthand":{"translation":[-1.25,8,2],"scale":[1.4,1.4,1.4]},"thirdperson_lefthand":{"translation":[0.25,8,2],"scale":[1.4,1.4,1.4]},"firstperson_righthand":{"rotation":[-5,0,0],"translation":[3.5,6.75,-0.75],"scale":[1.4,1.4,1.4]},"firstperson_lefthand":{"rotation":[-5,0,0],"translation":[3.5,6.75,-0.75],"scale":[1.4,1.4,1.4]},"ground":{"translation":[0,13,0],"scale":[1.4,1.4,1.4]},"gui":{"rotation":[-45,-41,-62],"translation":[2.5,5,0],"scale":[1.2,1.2,1.2]},"head":{"rotation":[-80,0,0],"translation":[-0.25,9.75,0],"scale":[1.2,-1.2,1.2]},"fixed":{"rotation":[0,90,0],"translation":[1,5.25,-0.5],"scale":[1.4,1.4,1.4]}}}