{"credit":"Made with Blockbench","textures":{"5":"iceandfire:custom/dread_queen_staff","particle":"iceandfire:custom/dread_queen_sword"},"elements":[{"from":[8,-10,7],"to":[9,-1.5,8],"rotation":{"angle":0,"axis":"y","origin":[8.5,-2.75,7.5]},"faces":{"north":{"uv":[8,7,8.499,7.5],"texture":"#5"},"east":{"uv":[8,7,8.499,7.5],"texture":"#5"},"south":{"uv":[8,7,8.499,7.5],"texture":"#5"},"west":{"uv":[8,7,8.499,7.5],"texture":"#5"},"up":{"uv":[8,7,8.499,7.5],"texture":"#5"},"down":{"uv":[8,7,8.499,7.5],"texture":"#5"}}},{"from":[8,3,7],"to":[9,11.5,8],"rotation":{"angle":0,"axis":"x","origin":[8.5,12.75,7.5]},"faces":{"north":{"uv":[8,7,8.499,7.5],"texture":"#5"},"east":{"uv":[8,7,8.499,7.5],"texture":"#5"},"south":{"uv":[8,7,8.499,7.5],"texture":"#5"},"west":{"uv":[8,7,8.499,7.5],"texture":"#5"},"up":{"uv":[8,7,8.499,7.5],"texture":"#5"},"down":{"uv":[8,7,8.499,7.5],"texture":"#5"}}},{"from":[7.9,9.1,7.1],"to":[9.1,9.9,7.9],"rotation":{"angle":45,"axis":"x","origin":[8.5,9.5,7.5]},"faces":{"north":{"uv":[8.5,7,8.999,7.5],"texture":"#5"},"east":{"uv":[8.5,7,8.999,7.5],"texture":"#5"},"south":{"uv":[8.5,7,8.999,7.5],"texture":"#5"},"west":{"uv":[8.5,7,8.999,7.5],"texture":"#5"},"up":{"uv":[8.5,7,8.999,7.5],"texture":"#5"},"down":{"uv":[8.5,7,8.999,7.5],"texture":"#5"}}},{"from":[7.9,7.1,7.1],"to":[9.1,7.9,7.9],"rotation":{"angle":45,"axis":"x","origin":[8.5,7.5,7.5]},"faces":{"north":{"uv":[8,7.5,8.499,7.999],"texture":"#5"},"east":{"uv":[8,7.5,8.499,7.999],"texture":"#5"},"south":{"uv":[8,7.5,8.499,7.999],"texture":"#5"},"west":{"uv":[8,7.5,8.499,7.999],"texture":"#5"},"up":{"uv":[8,7.5,8.499,7.999],"texture":"#5"},"down":{"uv":[8,7.5,8.499,7.999],"texture":"#5"}}},{"from":[7.9,5.1,7.1],"to":[9.1,5.9,7.9],"rotation":{"angle":45,"axis":"x","origin":[8.5,5.5,7.5]},"faces":{"north":{"uv":[7.5,8,7.999,8.499],"texture":"#5"},"east":{"uv":[7.5,8,7.999,8.499],"texture":"#5"},"south":{"uv":[7.5,8,7.999,8.499],"texture":"#5"},"west":{"uv":[7.5,8,7.999,8.499],"texture":"#5"},"up":{"uv":[7.5,8,7.999,8.499],"texture":"#5"},"down":{"uv":[7.5,8,7.999,8.499],"texture":"#5"}}},{"from":[7.9,3.1,7.1],"to":[9.1,3.9,7.9],"rotation":{"angle":45,"axis":"x","origin":[8.5,3.5,7.5]},"faces":{"north":{"uv":[7,8.5,7.499,8.999],"texture":"#5"},"east":{"uv":[7,8.5,7.499,8.999],"texture":"#5"},"south":{"uv":[7,8.5,7.499,8.999],"texture":"#5"},"west":{"uv":[7,8.5,7.499,8.999],"texture":"#5"},"up":{"uv":[7,8.5,7.499,8.999],"texture":"#5"},"down":{"uv":[7,8.5,7.499,8.999],"texture":"#5"}}},{"from":[7.9,-2.9,7.1],"to":[9.1,-2.1,7.9],"rotation":{"angle":45,"axis":"x","origin":[8.5,-2.5,7.5]},"faces":{"north":{"uv":[4,11.5,4.499,11.999],"texture":"#5"},"east":{"uv":[4,11.5,4.499,11.999],"texture":"#5"},"south":{"uv":[4,11.5,4.499,11.999],"texture":"#5"},"west":{"uv":[4,11.5,4.499,11.999],"texture":"#5"},"up":{"uv":[4,11.5,4.499,11.999],"texture":"#5"},"down":{"uv":[4,11.5,4.499,11.999],"texture":"#5"}}},{"from":[7.9,-4.9,7.1],"to":[9.1,-4.1,7.9],"rotation":{"angle":45,"axis":"x","origin":[8.5,-4.5,7.5]},"faces":{"north":{"uv":[3.5,12,3.999,12.499],"texture":"#5"},"east":{"uv":[3.5,12,3.999,12.499],"texture":"#5"},"south":{"uv":[3.5,12,3.999,12.499],"texture":"#5"},"west":{"uv":[3.5,12,3.999,12.499],"texture":"#5"},"up":{"uv":[3.5,12,3.999,12.499],"texture":"#5"},"down":{"uv":[3.5,12,3.999,12.499],"texture":"#5"}}},{"from":[7.9,-6.9,7.1],"to":[9.1,-6.1,7.9],"rotation":{"angle":45,"axis":"x","origin":[8.5,-6.5,7.5]},"faces":{"north":{"uv":[3,12.5,3.499,12.999],"texture":"#5"},"east":{"uv":[3,12.5,3.499,12.999],"texture":"#5"},"south":{"uv":[3,12.5,3.499,12.999],"texture":"#5"},"west":{"uv":[3,12.5,3.499,12.999],"texture":"#5"},"up":{"uv":[3,12.5,3.499,12.999],"texture":"#5"},"down":{"uv":[3,12.5,3.499,12.999],"texture":"#5"}}},{"from":[8.075,-1.925,7.075],"to":[8.925,3.925,7.925],"rotation":{"angle":0,"axis":"y","origin":[8.5,1,7.5]},"faces":{"north":{"uv":[5.5,10,5.999,10.499],"texture":"#5"},"east":{"uv":[5.5,10,5.999,10.499],"texture":"#5"},"south":{"uv":[5.5,10,5.999,10.499],"texture":"#5"},"west":{"uv":[5.5,10,5.999,10.499],"texture":"#5"},"up":{"uv":[5.5,10,5.999,10.499],"texture":"#5"},"down":{"uv":[5.5,10,5.999,10.499],"texture":"#5"}}},{"from":[7.5,-11,6.5],"to":[9.5,-9,8.5],"rotation":{"angle":45,"axis":"x","origin":[8.5,-10,7.5]},"faces":{"north":{"uv":[0,14,2,14.498],"rotation":270,"texture":"#5"},"east":{"uv":[0,14,2,15.999],"texture":"#5"},"south":{"uv":[0,15.499,2,15.998],"rotation":270,"texture":"#5"},"west":{"uv":[0,14,2,15.999],"rotation":270,"texture":"#5"},"up":{"uv":[0,14,2,14.498],"rotation":270,"texture":"#5"},"down":{"uv":[0,15.499,2,15.998],"rotation":90,"texture":"#5"}}},{"from":[7.99,10.99,5.99],"to":[9.01,14.01,9.01],"rotation":{"angle":45,"axis":"x","origin":[8.5,12.5,7.5]},"faces":{"north":{"uv":[9.5,5.997,12,6.497],"rotation":270,"texture":"#5"},"east":{"uv":[9.5,4,12,6.498],"texture":"#5"},"south":{"uv":[9.5,3.998,9.999,6.497],"texture":"#5"},"west":{"uv":[9.5,4,12,6.498],"rotation":270,"texture":"#5"},"up":{"uv":[9.5,4,9.999,6.498],"texture":"#5"},"down":{"uv":[9.5,5.997,12,6.497],"rotation":90,"texture":"#5"}}},{"from":[7.99,12.99,4.99],"to":[9.01,13.51,6.01],"rotation":{"angle":45,"axis":"x","origin":[8.5,12.5,7.5]},"faces":{"north":{"uv":[12,4.5,12.5,5],"rotation":270,"texture":"#5"},"east":{"uv":[12,4.5,12.5,5],"rotation":270,"texture":"#5"},"south":{"uv":[12,4.5,12.5,5],"rotation":270,"texture":"#5"},"west":{"uv":[12,4.5,12.5,5],"rotation":270,"texture":"#5"},"up":{"uv":[12,4.5,12.5,5],"rotation":270,"texture":"#5"},"down":{"uv":[12,4.5,12.5,5],"rotation":270,"texture":"#5"}}},{"from":[7.99,15.99,5.09],"to":[9.01,17.01,5.61],"rotation":{"angle":45,"axis":"x","origin":[8.5,14.5,4.5]},"faces":{"north":{"uv":[12,4.5,12.5,5],"rotation":90,"texture":"#5"},"east":{"uv":[12,4.5,12.5,5],"rotation":180,"texture":"#5"},"south":{"uv":[12,4.5,12.5,5],"rotation":270,"texture":"#5"},"west":{"uv":[12,4.5,12.5,5],"texture":"#5"},"up":{"uv":[12,4.5,12.5,5],"rotation":90,"texture":"#5"},"down":{"uv":[12,4.5,12.5,5],"rotation":270,"texture":"#5"}}},{"from":[7.99,13.99,6.49],"to":[9.01,15.01,7.01],"rotation":{"angle":45,"axis":"x","origin":[8.5,12.5,7.5]},"faces":{"north":{"uv":[12,4.5,12.5,5],"rotation":90,"texture":"#5"},"east":{"uv":[12,4.5,12.5,5],"rotation":180,"texture":"#5"},"south":{"uv":[12,4.5,12.5,5],"rotation":270,"texture":"#5"},"west":{"uv":[12,4.5,12.5,5],"texture":"#5"},"up":{"uv":[12,4.5,12.5,5],"rotation":90,"texture":"#5"},"down":{"uv":[12,4.5,12.5,5],"rotation":270,"texture":"#5"}}},{"from":[7.99,15.99,9.39],"to":[9.01,17.01,9.91],"rotation":{"angle":-45,"axis":"x","origin":[8.5,14.5,10.5]},"faces":{"north":{"uv":[12,4.5,12.5,5],"rotation":90,"texture":"#5"},"east":{"uv":[12,4.5,12.5,5],"rotation":180,"texture":"#5"},"south":{"uv":[12,4.5,12.5,5],"rotation":270,"texture":"#5"},"west":{"uv":[12,4.5,12.5,5],"texture":"#5"},"up":{"uv":[12,4.5,12.5,5],"rotation":90,"texture":"#5"},"down":{"uv":[12,4.5,12.5,5],"rotation":270,"texture":"#5"}}},{"from":[7.99,10.49,7.82],"to":[9.01,11.01,9.84],"rotation":{"angle":45,"axis":"x","origin":[8.5,12.5,12.5]},"faces":{"north":{"uv":[12,5,12.5,5.499],"rotation":270,"texture":"#5"},"east":{"uv":[12,5,12.5,5.499],"rotation":270,"texture":"#5"},"south":{"uv":[12,5,12.5,5.499],"rotation":270,"texture":"#5"},"west":{"uv":[12,5,12.5,5.499],"rotation":270,"texture":"#5"},"up":{"uv":[12,5,12.5,5.499],"rotation":270,"texture":"#5"},"down":{"uv":[12,5,12.5,5.499],"rotation":270,"texture":"#5"}}},{"from":[7.99,12.49,3.49],"to":[9.01,14.51,4.01],"rotation":{"angle":45,"axis":"x","origin":[8.5,10.5,5.5]},"faces":{"north":{"uv":[12,5,12.5,5.499],"rotation":90,"texture":"#5"},"east":{"uv":[12,5,12.5,5.499],"rotation":180,"texture":"#5"},"south":{"uv":[12,5,12.5,5.499],"rotation":270,"texture":"#5"},"west":{"uv":[12,5,12.5,5.499],"texture":"#5"},"up":{"uv":[12,5,12.5,5.499],"rotation":90,"texture":"#5"},"down":{"uv":[12,5,12.5,5.499],"rotation":270,"texture":"#5"}}},{"from":[8,13,4],"to":[9,15,5],"rotation":{"angle":-45,"axis":"x","origin":[8.5,14.5,5.5]},"faces":{"north":{"uv":[12,4.5,12.499,4.997],"rotation":90,"texture":"#5"},"east":{"uv":[12,4.5,12.499,4.997],"rotation":90,"texture":"#5"},"south":{"uv":[12,4.5,12.499,4.997],"rotation":90,"texture":"#5"},"west":{"uv":[12,4.5,12.499,4.997],"rotation":90,"texture":"#5"},"up":{"uv":[12,4.5,12.499,4.997],"rotation":270,"texture":"#5"},"down":{"uv":[12,4.5,12.499,4.997],"rotation":270,"texture":"#5"}}},{"from":[8,15,4.5],"to":[9,16,5],"rotation":{"angle":-45,"axis":"x","origin":[8.5,14.5,5.5]},"faces":{"north":{"uv":[12,4.5,12.499,4.997],"rotation":90,"texture":"#5"},"east":{"uv":[12,4.5,12.499,4.997],"rotation":90,"texture":"#5"},"south":{"uv":[12,4.5,12.499,4.997],"rotation":90,"texture":"#5"},"west":{"uv":[12,4.5,12.499,4.997],"rotation":90,"texture":"#5"},"up":{"uv":[12,4.5,12.499,4.997],"rotation":270,"texture":"#5"},"down":{"uv":[12,4.5,12.499,4.997],"rotation":270,"texture":"#5"}}},{"from":[8.25,13,5],"to":[8.75,15.5,6],"rotation":{"angle":-45,"axis":"x","origin":[8.5,14.5,5.5]},"faces":{"north":{"uv":[13,4.5,14.999,4.997],"rotation":270,"texture":"#5"},"east":{"uv":[13,4.5,14.999,4.997],"rotation":270,"texture":"#5"},"south":{"uv":[13,4.5,14.999,4.997],"rotation":270,"texture":"#5"},"west":{"uv":[13,4.5,14.999,4.997],"rotation":270,"texture":"#5"},"up":{"uv":[13,4.5,14.999,4.997],"rotation":270,"texture":"#5"},"down":{"uv":[13,4.5,14.999,4.997],"rotation":270,"texture":"#5"}}},{"from":[8.25,15.5,5],"to":[8.75,17,5.5],"rotation":{"angle":-45,"axis":"x","origin":[8.5,14.5,5.5]},"faces":{"north":{"uv":[13.5,4.496,14.999,4.996],"rotation":270,"texture":"#5"},"east":{"uv":[13.5,4.496,14.999,4.996],"rotation":270,"texture":"#5"},"south":{"uv":[13.5,4.496,14.999,4.996],"rotation":270,"texture":"#5"},"west":{"uv":[13.5,4.496,14.999,4.996],"rotation":270,"texture":"#5"},"up":{"uv":[13.5,4.496,14.999,4.996],"rotation":270,"texture":"#5"},"down":{"uv":[13.5,4.496,14.999,4.996],"rotation":270,"texture":"#5"}}},{"from":[8,13,10],"to":[9,15,11],"rotation":{"angle":45,"axis":"x","origin":[8.5,14.5,9.5]},"faces":{"north":{"uv":[12,4.5,12.499,4.997],"rotation":90,"texture":"#5"},"east":{"uv":[12,4.5,12.499,4.997],"texture":"#5"},"south":{"uv":[12,4.5,12.499,4.997],"rotation":270,"texture":"#5"},"west":{"uv":[12,4.5,12.499,4.997],"rotation":180,"texture":"#5"},"up":{"uv":[12,4.5,12.499,4.997],"rotation":270,"texture":"#5"},"down":{"uv":[12,4.5,12.499,4.997],"rotation":90,"texture":"#5"}}},{"from":[8,15,10],"to":[9,16,10.5],"rotation":{"angle":45,"axis":"x","origin":[8.5,14.5,9.5]},"faces":{"north":{"uv":[12,4.5,12.499,4.997],"rotation":90,"texture":"#5"},"east":{"uv":[12,4.5,12.499,4.997],"texture":"#5"},"south":{"uv":[12,4.5,12.499,4.997],"rotation":270,"texture":"#5"},"west":{"uv":[12,4.5,12.499,4.997],"rotation":180,"texture":"#5"},"up":{"uv":[12,4.5,12.499,4.997],"rotation":270,"texture":"#5"},"down":{"uv":[12,4.5,12.499,4.997],"rotation":90,"texture":"#5"}}},{"from":[8.25,13,9],"to":[8.75,15.5,10],"rotation":{"angle":45,"axis":"x","origin":[8.5,14.5,9.5]},"faces":{"north":{"uv":[13,4.5,14.999,4.997],"rotation":270,"texture":"#5"},"east":{"uv":[13,4.5,14.999,4.997],"rotation":270,"texture":"#5"},"south":{"uv":[13,4.5,14.999,4.997],"rotation":270,"texture":"#5"},"west":{"uv":[13,4.5,14.999,4.997],"rotation":270,"texture":"#5"},"up":{"uv":[13,4.5,14.999,4.997],"rotation":270,"texture":"#5"},"down":{"uv":[13,4.5,14.999,4.997],"rotation":270,"texture":"#5"}}},{"from":[8.25,15.5,9.5],"to":[8.75,17,10],"rotation":{"angle":45,"axis":"x","origin":[8.5,14.5,9.5]},"faces":{"north":{"uv":[13.5,4.496,14.999,4.996],"rotation":270,"texture":"#5"},"east":{"uv":[13.5,4.496,14.999,4.996],"rotation":270,"texture":"#5"},"south":{"uv":[13.5,4.496,14.999,4.996],"rotation":270,"texture":"#5"},"west":{"uv":[13.5,4.496,14.999,4.996],"rotation":270,"texture":"#5"},"up":{"uv":[13.5,4.496,14.999,4.996],"rotation":270,"texture":"#5"},"down":{"uv":[13.5,4.496,14.999,4.996],"rotation":270,"texture":"#5"}}},{"from":[8.1,13.9,5.9],"to":[8.7,17.1,9.1],"rotation":{"angle":45,"axis":"x","origin":[8.4,15.5,7.5]},"faces":{"north":{"uv":[12,2,14,3.999],"texture":"#5"},"east":{"uv":[12,2,14,3.999],"texture":"#5"},"south":{"uv":[12,2,14,3.999],"texture":"#5"},"west":{"uv":[12,2,14,3.999],"rotation":270,"texture":"#5"},"up":{"uv":[12,2,14,3.999],"texture":"#5"},"down":{"uv":[12,2,14,3.999],"texture":"#5"}}},{"from":[8.15,15.95,5.95],"to":[8.65,19.05,9.05],"rotation":{"angle":45,"axis":"x","origin":[8.4,17.5,7.5]},"faces":{"north":{"uv":[12,2,14,3.999],"texture":"#5"},"east":{"uv":[12,2,14,3.999],"texture":"#5"},"south":{"uv":[12,2,14,3.999],"texture":"#5"},"west":{"uv":[12,2,14,3.999],"rotation":270,"texture":"#5"},"up":{"uv":[12,2,14,3.999],"texture":"#5"},"down":{"uv":[12,2,14,3.999],"texture":"#5"}}},{"from":[8.25,18.05,6.05],"to":[8.55,20.95,8.95],"rotation":{"angle":45,"axis":"x","origin":[8.4,19.5,7.5]},"faces":{"north":{"uv":[13,1,15,2.999],"rotation":270,"texture":"#5"},"east":{"uv":[13,1,15,2.999],"texture":"#5"},"south":{"uv":[13,1,15,2.999],"rotation":270,"texture":"#5"},"west":{"uv":[13,1,15,2.999],"rotation":270,"texture":"#5"},"up":{"uv":[13,1,15,2.999],"rotation":270,"texture":"#5"},"down":{"uv":[13,1,15,2.999],"rotation":270,"texture":"#5"}}},{"from":[8.3,20.6,6.1],"to":[8.5,23.4,8.9],"rotation":{"angle":45,"axis":"x","origin":[8.4,22,7.5]},"faces":{"north":{"uv":[15.5,0,15.999,1.999],"texture":"#5"},"east":{"uv":[14,0,15.999,1.998],"texture":"#5"},"south":{"uv":[14,1.499,16,1.998],"rotation":270,"texture":"#5"},"west":{"uv":[14,0,16,1.999],"rotation":270,"texture":"#5"},"up":{"uv":[15.5,0,15.999,1.999],"texture":"#5"},"down":{"uv":[15.5,0,15.999,1.999],"texture":"#5"}}},{"from":[8.3,20.6,8.1],"to":[8.5,21.4,8.9],"rotation":{"angle":45,"axis":"x","origin":[8.4,19.5,7.5]},"faces":{"north":{"uv":[15,2.5,15.499,2.999],"texture":"#5"},"east":{"uv":[15,2.5,15.499,2.999],"texture":"#5"},"south":{"uv":[15,2.5,15.499,2.999],"texture":"#5"},"west":{"uv":[15,2.5,15.499,2.999],"texture":"#5"},"up":{"uv":[15,2.5,15.499,2.999],"texture":"#5"},"down":{"uv":[15,2.5,15.499,2.999],"texture":"#5"}}},{"from":[8.3,18.1,5.6],"to":[8.5,18.9,6.4],"rotation":{"angle":45,"axis":"x","origin":[8.4,19.5,7.5]},"faces":{"north":{"uv":[15,2.5,15.499,2.999],"texture":"#5"},"east":{"uv":[15,2.5,15.499,2.999],"texture":"#5"},"south":{"uv":[15,2.5,15.499,2.999],"texture":"#5"},"west":{"uv":[15,2.5,15.499,2.999],"texture":"#5"},"up":{"uv":[15,2.5,15.499,2.999],"texture":"#5"},"down":{"uv":[15,2.5,15.499,2.999],"texture":"#5"}}}],"display":{"thirdperson_righthand":{"translation":[-1,6.5,1.5],"scale":[1.2,1.2,1.2]},"thirdperson_lefthand":{"translation":[0.25,6.5,1.5],"scale":[1.2,1.2,1.2]},"firstperson_righthand":{"rotation":[-5,0,0],"translation":[3.5,6,-0.75],"scale":[1.2,1.2,1.2]},"firstperson_lefthand":{"rotation":[-5,0,0],"translation":[3.5,6,-0.75],"scale":[1.2,1.2,1.2]},"ground":{"translation":[0,18.25,0],"scale":[1.2,1.2,1.2]},"gui":{"rotation":[-45,-41,-62],"translation":[3.25,5.75,0]},"head":{"rotation":[-63,0,0],"translation":[-0.25,10,-14.25],"scale":[1.2,-1.2,1.2]},"fixed":{"rotation":[0,90,0],"translation":[1,5.75,-0.5],"scale":[1.2,1.2,1.2]}}}