{"credit":"Made with Blockbench","textures":{"2":"iceandfire:custom/raddadste","3":"iceandfire:custom/dread_stone_tile","particle":"iceandfire:custom/raddadste"},"elements":[{"from":[8.075,-1.925,7.075],"to":[8.925,2.925,7.925],"rotation":{"angle":0,"axis":"y","origin":[8.5,0.5,7.5]},"faces":{"north":{"uv":[0,0,16,16],"texture":"#2"},"east":{"uv":[0,0,16,16],"texture":"#2"},"south":{"uv":[0,0,16,16],"texture":"#2"},"west":{"uv":[0,0,16,16],"texture":"#2"},"up":{"uv":[0,0,16,16],"texture":"#2"},"down":{"uv":[0,0,16,16],"texture":"#2"}}},{"from":[7.98,-0.52,7.23],"to":[9.02,0.02,7.77],"rotation":{"angle":45,"axis":"x","origin":[8.5,-0.25,7.5]},"faces":{"north":{"uv":[4,4,6,6],"texture":"#3"},"east":{"uv":[4,4,6,6],"texture":"#3"},"south":{"uv":[4,4,6,6],"texture":"#3"},"west":{"uv":[4,4,6,6],"texture":"#3"},"up":{"uv":[4,4,6,6],"texture":"#3"},"down":{"uv":[4,4,6,6],"texture":"#3"}}},{"from":[7.98,0.48,7.23],"to":[9.02,1.02,7.77],"rotation":{"angle":45,"axis":"x","origin":[8.5,0.75,7.5]},"faces":{"north":{"uv":[4,4,6,6],"texture":"#3"},"east":{"uv":[4,4,6,6],"texture":"#3"},"south":{"uv":[4,4,6,6],"texture":"#3"},"west":{"uv":[4,4,6,6],"texture":"#3"},"up":{"uv":[4,4,6,6],"texture":"#3"},"down":{"uv":[4,4,6,6],"texture":"#3"}}},{"from":[7.98,2.48,7.23],"to":[9.02,3.02,7.77],"rotation":{"angle":45,"axis":"x","origin":[8.5,2.75,7.5]},"faces":{"north":{"uv":[4,4,6,6],"texture":"#3"},"east":{"uv":[4,4,6,6],"texture":"#3"},"south":{"uv":[4,4,6,6],"texture":"#3"},"west":{"uv":[4,4,6,6],"texture":"#3"},"up":{"uv":[4,4,6,6],"texture":"#3"},"down":{"uv":[4,4,6,6],"texture":"#3"}}},{"from":[7.98,1.48,7.23],"to":[9.02,2.02,7.77],"rotation":{"angle":45,"axis":"x","origin":[8.5,1.75,7.5]},"faces":{"north":{"uv":[8,8,10,10],"texture":"#3"},"east":{"uv":[8,8,10,10],"texture":"#3"},"south":{"uv":[8,8,10,10],"texture":"#3"},"west":{"uv":[8,8,10,10],"texture":"#3"},"up":{"uv":[8,8,10,10],"texture":"#3"},"down":{"uv":[8,8,10,10],"texture":"#3"}}},{"from":[7.98,-1.52,7.23],"to":[9.02,-0.98,7.77],"rotation":{"angle":45,"axis":"x","origin":[8.5,-1.25,7.5]},"faces":{"north":{"uv":[4,4,6,6],"texture":"#3"},"east":{"uv":[4,4,6,6],"texture":"#3"},"south":{"uv":[4,4,6,6],"texture":"#3"},"west":{"uv":[4,4,6,6],"texture":"#3"},"up":{"uv":[4,4,6,6],"texture":"#3"},"down":{"uv":[4,4,6,6],"texture":"#3"}}},{"from":[7.96,2.96,5.5],"to":[9.04,4.04,9.5],"rotation":{"angle":0,"axis":"y","origin":[8.5,3.5,7.5]},"faces":{"north":{"uv":[15,14,15.999,14.999],"texture":"#3"},"east":{"uv":[15,14,15.999,14.999],"texture":"#3"},"south":{"uv":[15,14,15.999,14.999],"texture":"#3"},"west":{"uv":[15,14,15.999,14.999],"texture":"#3"},"up":{"uv":[15,14,15.999,14.999],"texture":"#3"},"down":{"uv":[15,14,15.999,14.999],"texture":"#3"}}},{"from":[8,3.5,7],"to":[9,6.5,8],"rotation":{"angle":0,"axis":"z","origin":[8.5,4,7.5]},"faces":{"north":{"uv":[3,15,4,16],"texture":"#3"},"east":{"uv":[3,15,4,16],"texture":"#3"},"south":{"uv":[3,15,4,16],"texture":"#3"},"west":{"uv":[3,15,4,16],"texture":"#3"},"up":{"uv":[3,15,4,16],"texture":"#3"},"down":{"uv":[3,15,4,16],"texture":"#3"}}},{"from":[7.96,-2.5,6.96],"to":[9.04,-1.5,8.04],"rotation":{"angle":45,"axis":"x","origin":[8.5,-2,7.5]},"faces":{"north":{"uv":[15,14,15.998,14.999],"texture":"#3"},"east":{"uv":[15,14,15.998,14.999],"texture":"#3"},"south":{"uv":[15,14,15.998,14.999],"texture":"#3"},"west":{"uv":[15,14,15.998,14.999],"texture":"#3"},"up":{"uv":[15,14,15.998,14.999],"texture":"#3"},"down":{"uv":[15,14,15.998,14.999],"texture":"#3"}}},{"from":[8.375,4,7.25],"to":[8.625,14,7.75],"rotation":{"angle":0,"axis":"y","origin":[8.5,9,7.5]},"faces":{"north":{"uv":[3,8,3.998,15.996],"texture":"#3"},"east":{"uv":[3,8,3.998,15.996],"texture":"#3"},"south":{"uv":[3,8,3.998,15.996],"texture":"#3"},"west":{"uv":[3,8,3.998,15.996],"texture":"#3"},"up":{"uv":[3,8,3.998,15.996],"texture":"#3"},"down":{"uv":[3,8,3.998,15.996],"texture":"#3"}}},{"from":[8.375,4,6.25],"to":[8.625,14,6.5],"rotation":{"angle":0,"axis":"y","origin":[8.5,9,6.375]},"faces":{"north":{"uv":[1,8,1.998,15.996],"texture":"#3"},"east":{"uv":[1,8,1.998,15.996],"texture":"#3"},"south":{"uv":[1,8,1.998,15.996],"texture":"#3"},"west":{"uv":[1,8,1.998,15.996],"texture":"#3"},"up":{"uv":[1,8,1.998,15.996],"texture":"#3"},"down":{"uv":[1,8,1.998,15.996],"texture":"#3"}}},{"from":[8.375,4,8.5],"to":[8.625,14,8.75],"rotation":{"angle":0,"axis":"y","origin":[8.5,9,8.625]},"faces":{"north":{"uv":[5,8,5.998,15.995],"texture":"#3"},"east":{"uv":[5,8,5.998,15.995],"texture":"#3"},"south":{"uv":[5,8,5.998,15.995],"texture":"#3"},"west":{"uv":[5,8,5.998,15.995],"texture":"#3"},"up":{"uv":[5,8,5.998,15.995],"texture":"#3"},"down":{"uv":[5,8,5.998,15.995],"texture":"#3"}}},{"from":[8.375,14,7.25],"to":[8.625,27,7.75],"rotation":{"angle":0,"axis":"y","origin":[8.48778,17.50173,7.51049]},"faces":{"north":{"uv":[3,1,3.997,7.997],"texture":"#3"},"east":{"uv":[3,1,3.997,7.997],"texture":"#3"},"south":{"uv":[3,1,3.997,7.997],"texture":"#3"},"west":{"uv":[3,1,3.997,7.997],"texture":"#3"},"up":{"uv":[3,1,3.997,7.997],"texture":"#3"},"down":{"uv":[3,1,3.997,7.997],"texture":"#3"}}},{"from":[8.375,22,6.25],"to":[8.625,27,6.5],"rotation":{"angle":0,"axis":"y","origin":[8.5,24.5,6.375]},"faces":{"north":{"uv":[1,1,1.994,3.993],"texture":"#3"},"east":{"uv":[1,1,1.994,3.993],"texture":"#3"},"south":{"uv":[1,1,1.994,3.993],"texture":"#3"},"west":{"uv":[1,1,1.994,3.993],"texture":"#3"},"up":{"uv":[1,1,1.994,3.993],"texture":"#3"},"down":{"uv":[1,1,1.994,3.993],"texture":"#3"}}},{"from":[8.375,15,6.25],"to":[8.625,20,6.5],"rotation":{"angle":0,"axis":"y","origin":[8.5,17.5,6.375]},"faces":{"north":{"uv":[1,4,1.994,6.992],"texture":"#3"},"east":{"uv":[1,4,1.994,6.992],"texture":"#3"},"south":{"uv":[1,4,1.994,6.992],"texture":"#3"},"west":{"uv":[1,4,1.994,6.992],"texture":"#3"},"up":{"uv":[1,4,1.994,6.992],"texture":"#3"},"down":{"uv":[1,4,1.994,6.992],"texture":"#3"}}},{"from":[8.375,14,8.5],"to":[8.625,27,8.75],"rotation":{"angle":0,"axis":"y","origin":[8.5,20.5,8.625]},"faces":{"north":{"uv":[6,1,6.998,7.995],"texture":"#3"},"east":{"uv":[6,1,6.998,7.995],"texture":"#3"},"south":{"uv":[6,1,6.998,7.995],"texture":"#3"},"west":{"uv":[8,1,8.998,7.994],"texture":"#3"},"up":{"uv":[6,1,6.998,7.995],"texture":"#3"},"down":{"uv":[6,1,6.998,7.995],"texture":"#3"}}},{"from":[8.375,6.5,8.75],"to":[8.625,26.5,9],"rotation":{"angle":0,"axis":"y","origin":[8.5,20.5,8.875]},"faces":{"north":{"uv":[13,1,13.996,14.993],"texture":"#3"},"east":{"uv":[13,1,13.996,14.993],"texture":"#3"},"south":{"uv":[13,1,13.996,14.993],"texture":"#3"},"west":{"uv":[13,1,13.996,14.993],"texture":"#3"},"up":{"uv":[13,1,13.996,14.993],"texture":"#3"},"down":{"uv":[13,1,13.996,14.993],"texture":"#3"}}},{"from":[8.375,23.5,6],"to":[8.625,26.5,6.25],"rotation":{"angle":0,"axis":"y","origin":[8.5,20.5,5.875]},"faces":{"north":{"uv":[13,1,13.995,2.991],"texture":"#3"},"east":{"uv":[13,1,13.995,2.991],"texture":"#3"},"south":{"uv":[13,1,13.995,2.991],"texture":"#3"},"west":{"uv":[13,1,13.995,2.991],"texture":"#3"},"up":{"uv":[13,1,13.995,2.991],"texture":"#3"},"down":{"uv":[13,1,13.995,2.991],"texture":"#3"}}},{"from":[8.375,6.5,6],"to":[8.625,18.5,6.25],"rotation":{"angle":0,"axis":"y","origin":[8.5,13,6.125]},"faces":{"north":{"uv":[12.995,6,13.994,14.99],"texture":"#3"},"east":{"uv":[12.995,6,13.994,14.99],"texture":"#3"},"south":{"uv":[12.995,6,13.994,14.99],"texture":"#3"},"west":{"uv":[12.995,6,13.994,14.99],"texture":"#3"},"up":{"uv":[12.995,6,13.994,14.99],"texture":"#3"},"down":{"uv":[12.995,6,13.994,14.99],"texture":"#3"}}},{"from":[8.375,27,7.25],"to":[8.625,27.25,7.75],"rotation":{"angle":0,"axis":"y","origin":[8.46924,28.12669,7.52907]},"faces":{"north":{"uv":[10,3,10.997,3.998],"texture":"#3"},"east":{"uv":[10,3,10.997,3.998],"texture":"#3"},"south":{"uv":[10,3,10.997,3.998],"texture":"#3"},"west":{"uv":[10,3,10.997,3.998],"texture":"#3"},"up":{"uv":[10,3,10.997,3.998],"texture":"#3"},"down":{"uv":[10,3,10.997,3.998],"texture":"#3"}}},{"from":[8.25,27,6.75],"to":[8.75,27.375,7.25],"rotation":{"angle":0,"axis":"y","origin":[8.5,27.1875,7]},"faces":{"north":{"uv":[7,3,7.998,3.998],"texture":"#3"},"east":{"uv":[7,3,7.998,3.998],"texture":"#3"},"south":{"uv":[7,3,7.998,3.998],"texture":"#3"},"west":{"uv":[7,3,7.998,3.998],"texture":"#3"},"up":{"uv":[7,3,7.998,3.998],"texture":"#3"},"down":{"uv":[7,3,7.998,3.998],"texture":"#3"}}},{"from":[8.375,27.375,6.75],"to":[8.625,27.75,7.25],"rotation":{"angle":0,"axis":"y","origin":[8.5,28.5625,7]},"faces":{"north":{"uv":[6,10,7.997,10.998],"texture":"#3"},"east":{"uv":[6,10,7.997,10.998],"texture":"#3"},"south":{"uv":[6,10,7.997,10.998],"texture":"#3"},"west":{"uv":[6,10,7.997,10.998],"texture":"#3"},"up":{"uv":[6,10,7.997,10.998],"texture":"#3"},"down":{"uv":[6,10,7.997,10.998],"texture":"#3"}}},{"from":[8.25,27,7.75],"to":[8.75,27.375,8.25],"rotation":{"angle":0,"axis":"y","origin":[8.5,27.1875,8]},"faces":{"north":{"uv":[7,3,7.998,3.998],"texture":"#3"},"east":{"uv":[7,3,7.998,3.998],"texture":"#3"},"south":{"uv":[7,3,7.998,3.998],"texture":"#3"},"west":{"uv":[7,3,7.998,3.998],"texture":"#3"},"up":{"uv":[7,3,7.998,3.998],"texture":"#3"},"down":{"uv":[7,3,7.998,3.998],"texture":"#3"}}},{"from":[8.375,27,6.5],"to":[8.625,27.375,6.75],"rotation":{"angle":0,"axis":"y","origin":[8.5,27.1875,6.625]},"faces":{"north":{"uv":[5,9,5.998,9.998],"texture":"#3"},"east":{"uv":[5,9,5.998,9.998],"texture":"#3"},"south":{"uv":[5,9,5.998,9.998],"texture":"#3"},"west":{"uv":[5,9,5.998,9.998],"texture":"#3"},"up":{"uv":[5,9,5.998,9.998],"texture":"#3"},"down":{"uv":[5,9,5.998,9.998],"texture":"#3"}}},{"from":[8.375,27.75,7],"to":[8.625,28.125,7.25],"rotation":{"angle":0,"axis":"y","origin":[8.46716,28.93985,7.15549]},"faces":{"north":{"uv":[4,6,4.997,6.998],"texture":"#3"},"east":{"uv":[4,6,4.997,6.998],"texture":"#3"},"south":{"uv":[4,6,4.997,6.998],"texture":"#3"},"west":{"uv":[4,6,4.997,6.998],"texture":"#3"},"up":{"uv":[4,6,4.997,6.998],"texture":"#3"},"down":{"uv":[4,6,4.997,6.998],"texture":"#3"}}},{"from":[8.375,27.25,7.25],"to":[8.625,28.5,7.75],"rotation":{"angle":0,"axis":"y","origin":[8.5,27.625,7.5]},"faces":{"north":{"uv":[14,9,14.995,11.996],"texture":"#3"},"east":{"uv":[14,9,14.995,11.996],"texture":"#3"},"south":{"uv":[14,9,14.995,11.996],"texture":"#3"},"west":{"uv":[14,9,14.995,11.996],"texture":"#3"},"up":{"uv":[14,9,14.995,9.996],"texture":"#3"},"down":{"uv":[14,9,14.995,11.996],"texture":"#3"}}},{"from":[8.25,4,7.75],"to":[8.75,14,8.5],"rotation":{"angle":0,"axis":"y","origin":[8.5,14.5,8]},"faces":{"north":{"uv":[4,8,4.998,15.995],"texture":"#3"},"east":{"uv":[4,8,4.998,15.995],"texture":"#3"},"south":{"uv":[4,8,4.998,15.995],"texture":"#3"},"west":{"uv":[4,8,4.998,15.995],"texture":"#3"},"up":{"uv":[4,8,4.998,15.995],"texture":"#3"},"down":{"uv":[4,8,4.998,15.995],"texture":"#3"}}},{"from":[8.25,14,7.75],"to":[8.75,27,8.5],"rotation":{"angle":0,"axis":"y","origin":[8.5,22,8.125]},"faces":{"north":{"uv":[5,1,5.995,7.995],"texture":"#3"},"east":{"uv":[5,1,5.995,7.995],"texture":"#3"},"south":{"uv":[5,1,5.995,7.995],"texture":"#3"},"west":{"uv":[5,1,5.995,7.995],"texture":"#3"},"up":{"uv":[5,1,5.995,7.995],"texture":"#3"},"down":{"uv":[5,1,5.995,7.995],"texture":"#3"}}},{"from":[8.25,21.5,6.5],"to":[8.75,27,7.25],"rotation":{"angle":0,"axis":"y","origin":[8.5,24.25,6.875]},"faces":{"north":{"uv":[2,1,2.995,3.992],"texture":"#3"},"east":{"uv":[2,1,2.995,3.992],"texture":"#3"},"south":{"uv":[2,1,2.995,3.992],"texture":"#3"},"west":{"uv":[2,1,2.995,3.992],"texture":"#3"},"up":{"uv":[2,1,2.995,3.992],"texture":"#3"},"down":{"uv":[2,1,2.995,3.992],"texture":"#3"}}},{"from":[8.25,14,6.5],"to":[8.75,19,7.25],"rotation":{"angle":0,"axis":"y","origin":[8.5,16.5,6.875]},"faces":{"north":{"uv":[2,5,2.999,7.993],"texture":"#3"},"east":{"uv":[2,5,2.999,7.993],"texture":"#3"},"south":{"uv":[2,5,2.999,7.993],"texture":"#3"},"west":{"uv":[2,5,2.999,7.993],"texture":"#3"},"up":{"uv":[2,5,2.999,7.993],"texture":"#3"},"down":{"uv":[2,5,2.999,7.993],"texture":"#3"}}},{"from":[8.25,4,6.5],"to":[8.75,14,7.25],"rotation":{"angle":0,"axis":"y","origin":[8.5,9,6.875]},"faces":{"north":{"uv":[2,8,2.998,15.996],"texture":"#3"},"east":{"uv":[2,8,2.998,15.996],"texture":"#3"},"south":{"uv":[2,8,2.998,15.996],"texture":"#3"},"west":{"uv":[2,8,2.998,15.996],"texture":"#3"},"up":{"uv":[2,8,2.998,15.996],"texture":"#3"},"down":{"uv":[2,8,2.998,15.996],"texture":"#3"}}}],"display":{"thirdperson_righthand":{"translation":[-1,5.25,1.25]},"thirdperson_lefthand":{"translation":[0,5.25,1.5]},"firstperson_righthand":{"rotation":[-5,0,0],"translation":[0,3.25,-0.75],"scale":[0.8,0.8,0.8]},"firstperson_lefthand":{"rotation":[-5,0,0],"translation":[0,3.25,-0.75],"scale":[0.8,0.8,0.8]},"ground":{"translation":[0,6,0]},"gui":{"rotation":[-45,-41,-62],"translation":[-2.25,-1.75,0],"scale":[0.8,0.8,0.8]},"head":{"translation":[-0.75,6.5,0],"scale":[1,-1,1]},"fixed":{"rotation":[0,90,0],"translation":[1,-1.25,-0.5]}}}