{"credit":"Made with Blockbench","textures":{"1":"iceandfire:custom/dread_queen_sword","5":"iceandfire:custom/dread_queen_staff","particle":"iceandfire:custom/dread_queen_sword"},"elements":[{"from":[8,0.2,7.2],"to":[9,0.8,7.8],"rotation":{"angle":45,"axis":"x","origin":[8.5,0.5,7.5]},"faces":{"north":{"uv":[3,12.5,3.499,12.999],"texture":"#1"},"east":{"uv":[3,12.5,3.499,12.999],"texture":"#1"},"south":{"uv":[3,12.5,3.499,12.999],"texture":"#1"},"west":{"uv":[3,12.5,3.499,12.999],"texture":"#1"},"up":{"uv":[3,12.5,3.499,12.999],"texture":"#1"},"down":{"uv":[3,12.5,3.499,12.999],"texture":"#1"}}},{"from":[8,-0.8,7.2],"to":[9,-0.2,7.8],"rotation":{"angle":45,"axis":"x","origin":[8.5,-0.5,7.5]},"faces":{"north":{"uv":[3,12.5,3.499,12.999],"texture":"#1"},"east":{"uv":[3,12.5,3.499,12.999],"texture":"#1"},"south":{"uv":[3,12.5,3.499,12.999],"texture":"#1"},"west":{"uv":[3,12.5,3.499,12.999],"texture":"#1"},"up":{"uv":[3,12.5,3.499,12.999],"texture":"#1"},"down":{"uv":[3,12.5,3.499,12.999],"texture":"#1"}}},{"from":[8,1.2,7.2],"to":[9,1.8,7.8],"rotation":{"angle":45,"axis":"x","origin":[8.5,1.5,7.5]},"faces":{"north":{"uv":[3,12.5,3.499,12.999],"texture":"#1"},"east":{"uv":[3,12.5,3.499,12.999],"texture":"#1"},"south":{"uv":[3,12.5,3.499,12.999],"texture":"#1"},"west":{"uv":[3,12.5,3.499,12.999],"texture":"#1"},"up":{"uv":[3,12.5,3.499,12.999],"texture":"#1"},"down":{"uv":[3,12.5,3.499,12.999],"texture":"#1"}}},{"from":[8,2.2,7.2],"to":[9,2.8,7.8],"rotation":{"angle":45,"axis":"x","origin":[8.5,2.5,7.5]},"faces":{"north":{"uv":[3,12.5,3.499,12.999],"texture":"#1"},"east":{"uv":[3,12.5,3.499,12.999],"texture":"#1"},"south":{"uv":[3,12.5,3.499,12.999],"texture":"#1"},"west":{"uv":[3,12.5,3.499,12.999],"texture":"#1"},"up":{"uv":[3,12.5,3.499,12.999],"texture":"#1"},"down":{"uv":[3,12.5,3.499,12.999],"texture":"#1"}}},{"from":[8.075,-1.925,7.075],"to":[8.925,3.925,7.925],"rotation":{"angle":0,"axis":"y","origin":[8.5,1,7.5]},"faces":{"north":{"uv":[2.5,12.5,2.999,12.999],"texture":"#1"},"east":{"uv":[2.5,12.5,2.999,12.999],"texture":"#1"},"south":{"uv":[2.5,12.5,2.999,12.999],"texture":"#1"},"west":{"uv":[2.5,12.5,2.999,12.999],"texture":"#1"},"up":{"uv":[2.5,12.5,2.999,12.999],"texture":"#1"},"down":{"uv":[2.5,12.5,2.999,12.999],"texture":"#1"}}},{"from":[7.8,-2.7,6.8],"to":[9.2,-1.3,8.2],"rotation":{"angle":45,"axis":"x","origin":[8.5,-2,7.5]},"faces":{"north":{"uv":[1,13.5,1.499,13.998],"texture":"#1"},"east":{"uv":[1,13.5,2.498,14.997],"texture":"#1"},"south":{"uv":[1,13.5,1.499,13.998],"texture":"#1"},"west":{"uv":[1,13.5,2.498,14.997],"texture":"#1"},"up":{"uv":[1,13.5,1.499,13.998],"texture":"#1"},"down":{"uv":[1,13.5,1.499,13.998],"texture":"#1"}}},{"from":[7.99,3.99,5.99],"to":[9.01,7.01,9.01],"rotation":{"angle":45,"axis":"x","origin":[8.5,5.5,7.5]},"faces":{"north":{"uv":[9.5,5.997,12,6.497],"rotation":270,"texture":"#5"},"east":{"uv":[9.5,4,12,6.498],"texture":"#5"},"south":{"uv":[9.5,3.998,9.999,6.497],"texture":"#5"},"west":{"uv":[9.5,4,12,6.498],"rotation":270,"texture":"#5"},"up":{"uv":[9.5,4,9.999,6.498],"texture":"#5"},"down":{"uv":[9.5,5.997,12,6.497],"rotation":90,"texture":"#5"}}},{"from":[7.99,5.99,4.99],"to":[9.01,6.51,6.01],"rotation":{"angle":45,"axis":"x","origin":[8.5,5.5,7.5]},"faces":{"north":{"uv":[12,4.5,12.5,5],"rotation":270,"texture":"#5"},"east":{"uv":[12,4.5,12.5,5],"rotation":270,"texture":"#5"},"south":{"uv":[12,4.5,12.5,5],"rotation":270,"texture":"#5"},"west":{"uv":[12,4.5,12.5,5],"rotation":270,"texture":"#5"},"up":{"uv":[12,4.5,12.5,5],"rotation":270,"texture":"#5"},"down":{"uv":[12,4.5,12.5,5],"rotation":270,"texture":"#5"}}},{"from":[7.99,8.99,5.09],"to":[9.01,10.01,5.61],"rotation":{"angle":45,"axis":"x","origin":[8.5,7.5,4.5]},"faces":{"north":{"uv":[12,4.5,12.5,5],"rotation":90,"texture":"#5"},"east":{"uv":[12,4.5,12.5,5],"rotation":180,"texture":"#5"},"south":{"uv":[12,4.5,12.5,5],"rotation":270,"texture":"#5"},"west":{"uv":[12,4.5,12.5,5],"texture":"#5"},"up":{"uv":[12,4.5,12.5,5],"rotation":90,"texture":"#5"},"down":{"uv":[12,4.5,12.5,5],"rotation":270,"texture":"#5"}}},{"from":[7.99,6.99,6.49],"to":[9.01,8.01,7.01],"rotation":{"angle":45,"axis":"x","origin":[8.5,5.5,7.5]},"faces":{"north":{"uv":[12,4.5,12.5,5],"rotation":90,"texture":"#5"},"east":{"uv":[12,4.5,12.5,5],"rotation":180,"texture":"#5"},"south":{"uv":[12,4.5,12.5,5],"rotation":270,"texture":"#5"},"west":{"uv":[12,4.5,12.5,5],"texture":"#5"},"up":{"uv":[12,4.5,12.5,5],"rotation":90,"texture":"#5"},"down":{"uv":[12,4.5,12.5,5],"rotation":270,"texture":"#5"}}},{"from":[7.99,8.99,9.39],"to":[9.01,10.01,9.91],"rotation":{"angle":-45,"axis":"x","origin":[8.5,7.5,10.5]},"faces":{"north":{"uv":[12,4.5,12.5,5],"rotation":90,"texture":"#5"},"east":{"uv":[12,4.5,12.5,5],"rotation":180,"texture":"#5"},"south":{"uv":[12,4.5,12.5,5],"rotation":270,"texture":"#5"},"west":{"uv":[12,4.5,12.5,5],"texture":"#5"},"up":{"uv":[12,4.5,12.5,5],"rotation":90,"texture":"#5"},"down":{"uv":[12,4.5,12.5,5],"rotation":270,"texture":"#5"}}},{"from":[7.99,3.49,7.82],"to":[9.01,4.01,9.84],"rotation":{"angle":45,"axis":"x","origin":[8.5,5.5,12.5]},"faces":{"north":{"uv":[12,5,12.5,5.499],"rotation":270,"texture":"#5"},"east":{"uv":[12,5,12.5,5.499],"rotation":270,"texture":"#5"},"south":{"uv":[12,5,12.5,5.499],"rotation":270,"texture":"#5"},"west":{"uv":[12,5,12.5,5.499],"rotation":270,"texture":"#5"},"up":{"uv":[12,5,12.5,5.499],"rotation":270,"texture":"#5"},"down":{"uv":[12,5,12.5,5.499],"rotation":270,"texture":"#5"}}},{"from":[7.99,5.49,3.49],"to":[9.01,7.51,4.01],"rotation":{"angle":45,"axis":"x","origin":[8.5,3.5,5.5]},"faces":{"north":{"uv":[12,5,12.5,5.499],"rotation":90,"texture":"#5"},"east":{"uv":[12,5,12.5,5.499],"rotation":180,"texture":"#5"},"south":{"uv":[12,5,12.5,5.499],"rotation":270,"texture":"#5"},"west":{"uv":[12,5,12.5,5.499],"texture":"#5"},"up":{"uv":[12,5,12.5,5.499],"rotation":90,"texture":"#5"},"down":{"uv":[12,5,12.5,5.499],"rotation":270,"texture":"#5"}}},{"from":[8.25,7,5.5],"to":[8.75,11,9.5],"rotation":{"angle":-45,"axis":"x","origin":[8.5,9,7.5]},"faces":{"north":{"uv":[7.5,6.5,9.499,8.499],"texture":"#1"},"east":{"uv":[7.5,6.5,9.499,8.499],"rotation":270,"texture":"#1"},"south":{"uv":[7.5,6.5,9.499,8.499],"texture":"#1"},"west":{"uv":[7.5,6.5,9.499,8.499],"texture":"#1"},"up":{"uv":[7.5,6.5,9.499,8.499],"texture":"#1"},"down":{"uv":[7.5,6.5,9.499,8.499],"texture":"#1"}}},{"from":[8.3,10,5.5],"to":[8.7,14,9.5],"rotation":{"angle":-45,"axis":"x","origin":[8.5,12,7.5]},"faces":{"north":{"uv":[8.5,5.5,10.499,7.498],"texture":"#1"},"east":{"uv":[8.5,5.5,10.499,7.498],"rotation":90,"texture":"#1"},"south":{"uv":[8.5,5.5,10.499,7.498],"texture":"#1"},"west":{"uv":[8.5,5.5,10.499,7.498],"texture":"#1"},"up":{"uv":[8.5,5.5,10.499,7.498],"texture":"#1"},"down":{"uv":[8.5,5.5,10.499,7.498],"texture":"#1"}}},{"from":[8.31,15.01,5.51],"to":[8.69,18.99,9.49],"rotation":{"angle":-45,"axis":"x","origin":[8.5,17,7.5]},"faces":{"north":{"uv":[10.5,3.5,12.498,5.497],"texture":"#1"},"east":{"uv":[10.5,3.5,12.498,5.497],"rotation":270,"texture":"#1"},"south":{"uv":[10.5,3.5,12.498,5.497],"texture":"#1"},"west":{"uv":[10.5,3.5,12.498,5.497],"texture":"#1"},"up":{"uv":[10.5,3.5,12.498,5.497],"texture":"#1"},"down":{"uv":[10.5,3.5,12.498,5.497],"texture":"#1"}}},{"from":[8.4,20,5.5],"to":[8.6,24,9.5],"rotation":{"angle":-45,"axis":"x","origin":[8.5,22,7.5]},"faces":{"north":{"uv":[12.5,1.5,14.497,3.497],"texture":"#1"},"east":{"uv":[12.5,1.5,14.497,3.497],"rotation":270,"texture":"#1"},"south":{"uv":[12.5,1.5,14.497,3.497],"texture":"#1"},"west":{"uv":[12.5,1.5,14.497,3.497],"texture":"#1"},"up":{"uv":[12.5,1.5,14.497,3.497],"texture":"#1"},"down":{"uv":[12.5,1.5,14.497,3.497],"texture":"#1"}}},{"from":[8.35,12.5,6],"to":[8.65,15.5,9],"rotation":{"angle":45,"axis":"x","origin":[8.5,14,7.5]},"faces":{"north":{"uv":[9.5,5,10.999,6.497],"texture":"#1"},"east":{"uv":[9.5,5,10.999,6.497],"texture":"#1"},"south":{"uv":[9.5,5,10.999,6.497],"texture":"#1"},"west":{"uv":[9.5,5,10.999,6.497],"texture":"#1"},"up":{"uv":[9.5,5,10.999,6.497],"texture":"#1"},"down":{"uv":[9.5,5,10.999,6.497],"texture":"#1"}}},{"from":[8.35,18.5,6],"to":[8.65,21.5,9],"rotation":{"angle":45,"axis":"x","origin":[8.5,20,7.5]},"faces":{"north":{"uv":[12,2.5,13.499,3.996],"texture":"#1"},"east":{"uv":[12,2.5,13.499,3.996],"texture":"#1"},"south":{"uv":[12,2.5,13.499,3.996],"texture":"#1"},"west":{"uv":[12,2.5,13.499,3.996],"texture":"#1"},"up":{"uv":[12,2.5,13.499,3.996],"texture":"#1"},"down":{"uv":[12,2.5,13.499,3.996],"texture":"#1"}}},{"from":[8.425,22.5,6],"to":[8.575,25.5,9],"rotation":{"angle":45,"axis":"x","origin":[8.5,24,7.5]},"faces":{"north":{"uv":[13.5,1,14.999,2.495],"texture":"#1"},"east":{"uv":[13.5,1,14.999,2.495],"texture":"#1"},"south":{"uv":[13.5,1,14.999,2.495],"texture":"#1"},"west":{"uv":[13.5,1,14.999,2.495],"rotation":270,"texture":"#1"},"up":{"uv":[13.5,1,14.999,2.495],"texture":"#1"},"down":{"uv":[13.5,1,14.999,2.495],"texture":"#1"}}},{"from":[8.45,24.5,6],"to":[8.55,27.5,9],"rotation":{"angle":45,"axis":"x","origin":[8.5,26,7.5]},"faces":{"north":{"uv":[14,0.5,15.499,1.995],"rotation":270,"texture":"#1"},"east":{"uv":[14,0.5,15.499,1.995],"texture":"#1"},"south":{"uv":[14,0.5,15.499,1.995],"rotation":270,"texture":"#1"},"west":{"uv":[14,0.5,15.499,1.995],"rotation":270,"texture":"#1"},"up":{"uv":[14,0.5,15.499,1.995],"rotation":270,"texture":"#1"},"down":{"uv":[14,0.5,15.499,1.995],"rotation":270,"texture":"#1"}}},{"from":[8.325,13.5,6],"to":[8.675,16.5,9],"rotation":{"angle":45,"axis":"x","origin":[8.5,15,7.5]},"faces":{"north":{"uv":[10,4.5,11.498,5.997],"texture":"#1"},"east":{"uv":[10,4.5,11.498,5.997],"texture":"#1"},"south":{"uv":[10,4.5,11.498,5.997],"texture":"#1"},"west":{"uv":[10,4.5,11.498,5.997],"texture":"#1"},"up":{"uv":[10,4.5,11.498,5.997],"texture":"#1"},"down":{"uv":[10,4.5,11.498,5.997],"texture":"#1"}}},{"from":[8.325,17.5,6],"to":[8.675,20.5,9],"rotation":{"angle":45,"axis":"x","origin":[8.5,19,7.5]},"faces":{"north":{"uv":[11.5,3,12.998,4.496],"texture":"#1"},"east":{"uv":[11.5,3,12.998,4.496],"texture":"#1"},"south":{"uv":[11.5,3,12.998,4.496],"texture":"#1"},"west":{"uv":[11.5,3,12.998,4.496],"texture":"#1"},"up":{"uv":[11.5,3,12.998,4.496],"texture":"#1"},"down":{"uv":[11.5,3,12.998,4.496],"texture":"#1"}}},{"from":[8.275,8,5.5],"to":[8.725,12,9.5],"rotation":{"angle":-45,"axis":"x","origin":[8.5,10,7.5]},"faces":{"north":{"uv":[7.5,6.5,9.499,8.499],"texture":"#1"},"east":{"uv":[7.5,6.5,9.499,8.499],"rotation":270,"texture":"#1"},"south":{"uv":[7.5,6.5,9.499,8.499],"texture":"#1"},"west":{"uv":[8.5,5.5,10.499,7.497],"texture":"#1"},"up":{"uv":[7.5,6.5,9.499,8.499],"texture":"#1"},"down":{"uv":[7.5,6.5,9.499,8.499],"texture":"#1"}}},{"from":[8,5.2,4],"to":[9,6.2,6],"rotation":{"angle":45,"axis":"x","origin":[8.5,6,5.5]},"faces":{"north":{"uv":[5.5,7.5,4.5,8.497],"rotation":90,"texture":"#1"},"east":{"uv":[5.5,7.5,4.5,8.998],"rotation":90,"texture":"#1"},"south":{"uv":[5.5,7.5,4.5,8.998],"rotation":90,"texture":"#1"},"west":{"uv":[4.5,7.5,5.5,8.998],"rotation":270,"texture":"#1"},"up":{"uv":[5.499,7.5,5,8.998],"texture":"#1"},"down":{"uv":[4.999,7.5,4.5,8.998],"rotation":180,"texture":"#1"}}},{"from":[8,6.2,4],"to":[9,6.7,6],"rotation":{"angle":45,"axis":"x","origin":[8.5,6,5.5]},"faces":{"north":{"uv":[5.499,9,5,9.496],"rotation":90,"texture":"#1"},"east":{"uv":[5.499,9,5,9.496],"rotation":90,"texture":"#1"},"south":{"uv":[5.499,9,5,9.496],"rotation":90,"texture":"#1"},"west":{"uv":[5.499,9,5,9.496],"rotation":90,"texture":"#1"},"up":{"uv":[5.499,9,5,9.496],"rotation":90,"texture":"#1"},"down":{"uv":[5.499,9,5,9.496],"rotation":90,"texture":"#1"}}},{"from":[8,5.7,3],"to":[9,6.7,4],"rotation":{"angle":45,"axis":"x","origin":[8.5,6,5.5]},"faces":{"north":{"uv":[5.999,6.5,5,7.497],"rotation":90,"texture":"#1"},"east":{"uv":[5.999,6.5,5,7.497],"rotation":90,"texture":"#1"},"south":{"uv":[5.999,6.5,5,7.497],"rotation":90,"texture":"#1"},"west":{"uv":[5.999,6.5,5,7.497],"rotation":90,"texture":"#1"},"up":{"uv":[5.999,6.5,5,7.497],"rotation":90,"texture":"#1"},"down":{"uv":[5.999,6.5,5,7.497],"rotation":90,"texture":"#1"}}},{"from":[8,5.7,2.5],"to":[9,7.2,3],"rotation":{"angle":45,"axis":"x","origin":[8.5,6,5.5]},"faces":{"north":{"uv":[5.999,6.5,5,7.497],"rotation":90,"texture":"#1"},"east":{"uv":[5.999,6.5,5,7.497],"rotation":90,"texture":"#1"},"south":{"uv":[5.999,6.5,5,7.497],"rotation":90,"texture":"#1"},"west":{"uv":[5.999,6.5,5,7.497],"rotation":90,"texture":"#1"},"up":{"uv":[5.999,6.5,5,7.497],"rotation":90,"texture":"#1"},"down":{"uv":[5.999,6.5,5,7.497],"rotation":90,"texture":"#1"}}},{"from":[8,4.2,10],"to":[9,6.2,11],"rotation":{"angle":45,"axis":"x","origin":[8.5,6,11.5]},"faces":{"north":{"uv":[5.499,7.5,5,8.998],"texture":"#1"},"east":{"uv":[4.5,7.5,5.5,8.998],"texture":"#1"},"south":{"uv":[5,7.5,4.5,8.496],"rotation":270,"texture":"#1"},"west":{"uv":[5.5,7.5,4.5,8.998],"texture":"#1"},"up":{"uv":[5.499,7.498,4.5,7.997],"rotation":90,"texture":"#1"},"down":{"uv":[5.499,7.5,5,8.998],"texture":"#1"}}},{"from":[8,4.2,9.5],"to":[9,6.2,10],"rotation":{"angle":45,"axis":"x","origin":[8.5,6,11.5]},"faces":{"north":{"uv":[5,9.5,5.499,9.998],"texture":"#1"},"east":{"uv":[5,9.5,5.499,9.998],"texture":"#1"},"south":{"uv":[5,9.5,5.499,9.998],"texture":"#1"},"west":{"uv":[5,9.5,5.499,9.998],"texture":"#1"},"up":{"uv":[5,9.5,5.499,9.998],"texture":"#1"},"down":{"uv":[5,9.5,5.499,9.998],"texture":"#1"}}},{"from":[8,6.2,9.5],"to":[9,7.2,10.5],"rotation":{"angle":45,"axis":"x","origin":[8.5,6,11.5]},"faces":{"north":{"uv":[5,6.5,5.999,7.498],"texture":"#1"},"east":{"uv":[5,6.5,5.999,7.498],"texture":"#1"},"south":{"uv":[5,6.5,5.999,7.498],"texture":"#1"},"west":{"uv":[5,6.5,5.999,7.498],"texture":"#1"},"up":{"uv":[5,6.5,5.999,7.498],"texture":"#1"},"down":{"uv":[5,6.5,5.999,7.498],"texture":"#1"}}},{"from":[8,7.2,9],"to":[9,7.7,10.5],"rotation":{"angle":45,"axis":"x","origin":[8.5,6,11.5]},"faces":{"north":{"uv":[5,6.5,5.999,7.498],"texture":"#1"},"east":{"uv":[5,6.5,5.999,7.498],"texture":"#1"},"south":{"uv":[5,6.5,5.999,7.498],"texture":"#1"},"west":{"uv":[5,6.5,5.999,7.498],"texture":"#1"},"up":{"uv":[5,6.5,5.999,7.498],"texture":"#1"},"down":{"uv":[5,6.5,5.999,7.498],"texture":"#1"}}}],"display":{"thirdperson_righthand":{"translation":[-1,5.5,1.5],"scale":[1.2,1.2,1.2]},"thirdperson_lefthand":{"translation":[0,5.5,1.5],"scale":[1.2,1.2,1.2]},"firstperson_righthand":{"rotation":[-5,0,0],"translation":[2.5,2.25,-0.75],"scale":[1.2,1.2,1.2]},"firstperson_lefthand":{"rotation":[-5,0,0],"translation":[2.5,2.25,-0.75],"scale":[1.2,1.2,1.2]},"ground":{"translation":[0,8.5,0],"scale":[1.2,1.2,1.2]},"gui":{"rotation":[-45,-41,-62],"translation":[-1.75,0,0]},"head":{"translation":[-0.25,14.25,0.75],"scale":[1.2,-1.2,1.2]},"fixed":{"rotation":[0,90,0],"translation":[1,-0.25,-0.5],"scale":[1.2,1.2,1.2]}}}