{"credit":"Made with Blockbench","textures":{"1":"iceandfire:custom/fire_dragon_blood","particle":"iceandfire:custom/ptps","main":"iceandfire:custom/ptps"},"elements":[{"from":[5.5,1,5.5],"to":[10.5,6.75,10.5],"faces":{"north":{"uv":[9.999,9,7,11.999],"texture":"#1","tintindex":0},"east":{"uv":[9.999,9,7,11.999],"texture":"#1","tintindex":0},"south":{"uv":[9.999,9,7,11.999],"texture":"#1","tintindex":0},"west":{"uv":[9.999,9,7,11.999],"texture":"#1","tintindex":0},"up":{"uv":[9.999,9,7,11.999],"texture":"#1","tintindex":0},"down":{"uv":[9.999,9,7,11.999],"texture":"#1","tintindex":0}}},{"from":[5.5,2,4.5],"to":[10.5,6,11.5],"faces":{"north":{"uv":[9.999,9,7,11.999],"texture":"#1","tintindex":0},"east":{"uv":[9.999,9,7,11.999],"texture":"#1","tintindex":0},"south":{"uv":[9.999,9,7,11.999],"texture":"#1","tintindex":0},"west":{"uv":[9.999,9,7,11.999],"texture":"#1","tintindex":0},"up":{"uv":[9.999,9,7,11.999],"texture":"#1","tintindex":0},"down":{"uv":[9.999,9,7,11.999],"texture":"#1","tintindex":0}}},{"from":[4.5,2,5.5],"to":[11.5,6,10.5],"faces":{"north":{"uv":[9.999,9,7,11.999],"texture":"#1","tintindex":0},"east":{"uv":[9.999,9,7,11.999],"texture":"#1","tintindex":0},"south":{"uv":[9.999,9,7,11.999],"texture":"#1","tintindex":0},"west":{"uv":[9.999,9,7,11.999],"texture":"#1","tintindex":0},"up":{"uv":[9.999,9,7,11.999],"texture":"#1","tintindex":0},"down":{"uv":[9.999,9,7,11.999],"texture":"#1","tintindex":0}}},{"from":[5.5,0,5.5],"to":[10.5,1,10.5],"faces":{"north":{"uv":[15,15,16,16],"texture":"#main"},"east":{"uv":[15,15,16,16],"texture":"#main"},"south":{"uv":[15,15,16,16],"texture":"#main"},"west":{"uv":[15,15,16,16],"texture":"#main"},"down":{"uv":[15,15,16,16],"texture":"#main"}}},{"from":[5.5,1,4.5],"to":[10.5,2,5.5],"faces":{"east":{"uv":[15,15,16,16],"texture":"#main"},"west":{"uv":[15,15,16,16],"texture":"#main"},"down":{"uv":[15,15,16,16],"texture":"#main"}}},{"from":[10.5,1,5.5],"to":[11.5,2,10.5],"faces":{"north":{"uv":[15,15,16,16],"texture":"#main"},"south":{"uv":[15,15,16,16],"texture":"#main"},"down":{"uv":[15,15,16,16],"texture":"#main"}}},{"from":[5.5,1,10.5],"to":[10.5,2,11.5],"faces":{"east":{"uv":[15,15,16,16],"texture":"#main"},"west":{"uv":[15,15,16,16],"texture":"#main"},"down":{"uv":[15,15,16,16],"texture":"#main"}}},{"from":[4.5,1,5.5],"to":[5.5,2,10.5],"faces":{"north":{"uv":[15,15,16,16],"texture":"#main"},"south":{"uv":[15,15,16,16],"texture":"#main"},"down":{"uv":[15,15,16,16],"texture":"#main"}}},{"from":[5.5,1,3.5],"to":[10.5,6,4.5],"faces":{"north":{"uv":[15,15,16,16],"texture":"#main"},"east":{"uv":[15,15,16,16],"texture":"#main"},"west":{"uv":[15,15,16,16],"texture":"#main"},"up":{"uv":[15,15,16,16],"texture":"#main"},"down":{"uv":[15,15,16,16],"texture":"#main"}}},{"from":[11.5,1,5.5],"to":[12.5,6,10.5],"faces":{"north":{"uv":[15,15,16,16],"texture":"#main"},"east":{"uv":[15,15,16,16],"texture":"#main"},"south":{"uv":[15,15,16,16],"texture":"#main"},"up":{"uv":[15,15,16,16],"texture":"#main"},"down":{"uv":[15,15,16,16],"texture":"#main"}}},{"from":[5.5,1,11.5],"to":[10.5,6,12.5],"faces":{"east":{"uv":[15,15,16,16],"texture":"#main"},"south":{"uv":[15,15,16,16],"texture":"#main"},"west":{"uv":[15,15,16,16],"texture":"#main"},"up":{"uv":[15,15,16,16],"texture":"#main"},"down":{"uv":[15,15,16,16],"texture":"#main"}}},{"from":[3.5,1,5.5],"to":[4.5,6,10.5],"faces":{"north":{"uv":[15,15,16,16],"texture":"#main"},"south":{"uv":[15,15,16,16],"texture":"#main"},"west":{"uv":[15,15,16,16],"texture":"#main"},"up":{"uv":[15,15,16,16],"texture":"#main"},"down":{"uv":[15,15,16,16],"texture":"#main"}}},{"from":[4.5,2,4.5],"to":[5.5,6,5.5],"faces":{"north":{"uv":[15,15,16,16],"texture":"#main"},"west":{"uv":[15,15,16,16],"texture":"#main"},"up":{"uv":[15,15,16,16],"texture":"#main"},"down":{"uv":[15,15,16,16],"texture":"#main"}}},{"from":[10.5,2,4.5],"to":[11.5,6,5.5],"faces":{"north":{"uv":[15,15,16,16],"texture":"#main"},"east":{"uv":[15,15,16,16],"texture":"#main"},"up":{"uv":[15,15,16,16],"texture":"#main"},"down":{"uv":[15,15,16,16],"texture":"#main"}}},{"from":[10.5,2,10.5],"to":[11.5,6,11.5],"faces":{"east":{"uv":[15,15,16,16],"texture":"#main"},"south":{"uv":[15,15,16,16],"texture":"#main"},"up":{"uv":[15,15,16,16],"texture":"#main"},"down":{"uv":[15,15,16,16],"texture":"#main"}}},{"from":[4.5,2,10.5],"to":[5.5,6,11.5],"faces":{"south":{"uv":[15,15,16,16],"texture":"#main"},"west":{"uv":[15,15,16,16],"texture":"#main"},"up":{"uv":[15,15,16,16],"texture":"#main"},"down":{"uv":[15,15,16,16],"texture":"#main"}}},{"from":[5.5,6,10.5],"to":[10.5,7,11.5],"faces":{"east":{"uv":[15,15,16,16],"texture":"#main"},"south":{"uv":[15,15,16,16],"texture":"#main"},"west":{"uv":[15,15,16,16],"texture":"#main"},"up":{"uv":[15,15,16,16],"texture":"#main"}}},{"from":[10.5,6,5.5],"to":[11.5,7,10.5],"faces":{"north":{"uv":[15,15,16,16],"texture":"#main"},"east":{"uv":[15,15,16,16],"texture":"#main"},"south":{"uv":[15,15,16,16],"texture":"#main"},"up":{"uv":[15,15,16,16],"texture":"#main"}}},{"from":[5.5,6,4.5],"to":[10.5,7,5.5],"faces":{"north":{"uv":[15,15,16,16],"texture":"#main"},"east":{"uv":[15,15,16,16],"texture":"#main"},"west":{"uv":[15,15,16,16],"texture":"#main"},"up":{"uv":[15,15,16,16],"texture":"#main"}}},{"from":[4.5,6,5.5],"to":[5.5,7,10.5],"faces":{"north":{"uv":[15,15,16,16],"texture":"#main"},"south":{"uv":[15,15,16,16],"texture":"#main"},"west":{"uv":[15,15,16,16],"texture":"#main"},"up":{"uv":[15,15,16,16],"texture":"#main"}}},{"from":[5.5,6,5.5],"to":[6.5,7,6.5],"faces":{"up":{"uv":[15,15,16,16],"texture":"#main"}}},{"from":[9.5,6,5.5],"to":[10.5,7,6.5],"faces":{"up":{"uv":[15,15,16,16],"texture":"#main"}}},{"from":[9.5,6,9.5],"to":[10.5,7,10.5],"faces":{"up":{"uv":[15,15,16,16],"texture":"#main"}}},{"from":[5.5,6,9.5],"to":[6.5,7,10.5],"faces":{"up":{"uv":[15,15,16,16],"texture":"#main"}}},{"from":[6.5,7,5.5],"to":[9.5,8,6.5],"faces":{"north":{"uv":[15,15,16,16],"texture":"#main"},"east":{"uv":[15,15,16,16],"texture":"#main"},"west":{"uv":[15,15,16,16],"texture":"#main"},"up":{"uv":[15,15,16,16],"texture":"#main"}}},{"from":[9.5,7,6.5],"to":[10.5,8,9.5],"faces":{"north":{"uv":[15,15,16,16],"texture":"#main"},"east":{"uv":[15,15,16,16],"texture":"#main"},"south":{"uv":[15,15,16,16],"texture":"#main"},"up":{"uv":[15,15,16,16],"texture":"#main"}}},{"from":[6.5,7,9.5],"to":[9.5,8,10.5],"faces":{"east":{"uv":[15,15,16,16],"texture":"#main"},"south":{"uv":[15,15,16,16],"texture":"#main"},"west":{"uv":[15,15,16,16],"texture":"#main"},"up":{"uv":[15,15,16,16],"texture":"#main"}}},{"from":[5.5,7,6.5],"to":[6.5,8,9.5],"faces":{"north":{"uv":[15,15,16,16],"texture":"#main"},"south":{"uv":[15,15,16,16],"texture":"#main"},"west":{"uv":[15,15,16,16],"texture":"#main"},"up":{"uv":[15,15,16,16],"texture":"#main"}}},{"from":[6.5,7,6.5],"to":[7.5,8,7.5],"faces":{"up":{"uv":[15,15,16,16],"texture":"#main"}}},{"from":[8.5,7,6.5],"to":[9.5,8,7.5],"faces":{"up":{"uv":[15,15,16,16],"texture":"#main"}}},{"from":[8.5,7,8.5],"to":[9.5,8,9.5],"faces":{"up":{"uv":[15,15,16,16],"texture":"#main"}}},{"from":[6.5,7,8.5],"to":[7.5,8,9.5],"faces":{"up":{"uv":[15,15,16,16],"texture":"#main"}}},{"from":[7.5,8,6.5],"to":[8.5,10,7.5],"faces":{"north":{"uv":[15,15,16,16],"texture":"#main"},"east":{"uv":[15,15,16,16],"texture":"#main"},"south":{"uv":[15,15,16,16],"texture":"#main"},"west":{"uv":[15,15,16,16],"texture":"#main"}}},{"from":[8.5,8,7.5],"to":[9.5,10,8.5],"faces":{"north":{"uv":[15,15,16,16],"texture":"#main"},"east":{"uv":[15,15,16,16],"texture":"#main"},"south":{"uv":[15,15,16,16],"texture":"#main"},"west":{"uv":[15,15,16,16],"texture":"#main"}}},{"from":[7.5,8,8.5],"to":[8.5,10,9.5],"faces":{"north":{"uv":[15,15,16,16],"texture":"#main"},"east":{"uv":[15,15,16,16],"texture":"#main"},"south":{"uv":[15,15,16,16],"texture":"#main"},"west":{"uv":[15,15,16,16],"texture":"#main"}}},{"from":[6.5,8,7.5],"to":[7.5,10,8.5],"faces":{"north":{"uv":[15,15,16,16],"texture":"#main"},"east":{"uv":[15,15,16,16],"texture":"#main"},"south":{"uv":[15,15,16,16],"texture":"#main"},"west":{"uv":[15,15,16,16],"texture":"#main"}}},{"from":[6.5,11,5.5],"to":[9.5,12,6.5],"faces":{"north":{"uv":[15,15,16,16],"texture":"#main"},"east":{"uv":[15,15,16,16],"texture":"#main"},"west":{"uv":[15,15,16,16],"texture":"#main"},"up":{"uv":[15,15,16,16],"texture":"#main"},"down":{"uv":[15,15,16,16],"texture":"#main"}}},{"from":[9.5,11,6.5],"to":[10.5,12,9.5],"faces":{"north":{"uv":[15,15,16,16],"texture":"#main"},"east":{"uv":[15,15,16,16],"texture":"#main"},"south":{"uv":[15,15,16,16],"texture":"#main"},"up":{"uv":[15,15,16,16],"texture":"#main"},"down":{"uv":[15,15,16,16],"texture":"#main"}}},{"from":[6.5,11,9.5],"to":[9.5,12,10.5],"faces":{"east":{"uv":[15,15,16,16],"texture":"#main"},"south":{"uv":[15,15,16,16],"texture":"#main"},"west":{"uv":[15,15,16,16],"texture":"#main"},"up":{"uv":[15,15,16,16],"texture":"#main"},"down":{"uv":[15,15,16,16],"texture":"#main"}}},{"from":[5.5,11,6.5],"to":[6.5,12,9.5],"faces":{"north":{"uv":[15,15,16,16],"texture":"#main"},"south":{"uv":[15,15,16,16],"texture":"#main"},"west":{"uv":[15,15,16,16],"texture":"#main"},"up":{"uv":[15,15,16,16],"texture":"#main"},"down":{"uv":[15,15,16,16],"texture":"#main"}}},{"from":[6.498,10,6.498],"to":[9.502,13,9.502],"faces":{"north":{"uv":[0.01,0.01,2.99,2.99],"texture":"#main"},"east":{"uv":[2.99,0.01,0.01,2.99],"texture":"#main"},"south":{"uv":[0.01,0.99,2.99,2.99],"texture":"#main"},"west":{"uv":[2.99,0.01,0.01,2.99],"texture":"#main"},"up":{"uv":[3.01,0.01,5.99,2.99],"rotation":90,"texture":"#main"},"down":{"uv":[6.01,0.01,8.99,2.99],"rotation":90,"texture":"#main"}}},{"from":[6.45,9.95,6.45],"to":[9.55,11.05,9.55],"rotation":{"angle":0,"axis":"y","origin":[8,10.5,8]},"faces":{"north":{"uv":[15.1,15.1,15.9,15.9],"texture":"#main"},"east":{"uv":[15.1,15.1,15.9,15.9],"texture":"#main"},"south":{"uv":[15.1,15.1,15.9,15.9],"texture":"#main"},"west":{"uv":[15.1,15.1,15.9,15.9],"texture":"#main"},"up":{"uv":[15.1,15.1,15.9,15.9],"texture":"#main"},"down":{"uv":[15.1,15.1,15.9,15.9],"texture":"#main"}}}],"display":{"thirdperson_righthand":{"rotation":[49,0,0],"translation":[0,0.25,0.5],"scale":[0.5,0.5,0.5]},"thirdperson_lefthand":{"rotation":[49,0,0],"translation":[0,0.25,0.5],"scale":[0.5,0.5,0.5]},"firstperson_righthand":{"rotation":[0,35,0],"translation":[-1.25,3.5,4],"scale":[0.4,0.4,0.4]},"firstperson_lefthand":{"rotation":[0,35,0],"translation":[-1.25,3.5,4],"scale":[0.4,0.4,0.4]},"ground":{"translation":[0,3,0],"scale":[0.5,0.5,0.5]},"gui":{"rotation":[-43,-53,-63],"translation":[1.5,1.75,0]},"head":{"rotation":[0,180,0],"translation":[0,12.5,0],"scale":[2.76758,2.56641,2.85938]},"fixed":{"translation":[-0.25,2,-0.25],"scale":[1.125,1.125,1.125]}}}