{"credit":"Made with Blockbench","textures":{"2":"iceandfire:custom/raddadste","4":"iceandfire:custom/hippogryph_sword","5":"iceandfire:custom/hippogryph_talon","particle":"iceandfire:custom/raddadste"},"elements":[{"from":[8.075,-1.925,7.075],"to":[8.925,2.925,7.925],"rotation":{"angle":0,"axis":"y","origin":[8.5,0.5,7.5]},"faces":{"north":{"uv":[0,0,16,16],"texture":"#2"},"east":{"uv":[0,0,16,16],"texture":"#2"},"south":{"uv":[0,0,16,16],"texture":"#2"},"west":{"uv":[0,0,16,16],"texture":"#2"},"up":{"uv":[0,0,16,16],"texture":"#2"},"down":{"uv":[0,0,16,16],"texture":"#2"}}},{"from":[7.96,2.96,5.5],"to":[9.04,4.04,9.5],"rotation":{"angle":0,"axis":"y","origin":[8.5,3.5,7.5]},"faces":{"north":{"uv":[5,10,5.998,10.999],"texture":"#4"},"east":{"uv":[5,10,5.998,10.999],"texture":"#4"},"south":{"uv":[5,10,5.998,10.999],"texture":"#4"},"west":{"uv":[5,10,5.998,10.999],"texture":"#4"},"up":{"uv":[5,10,5.998,10.999],"texture":"#4"},"down":{"uv":[5,10,5.998,10.999],"texture":"#4"}}},{"from":[7.96,3.5,4.5],"to":[9.04,4.58,5.5],"rotation":{"angle":0,"axis":"y","origin":[8.5,3.5,3.5]},"faces":{"north":{"uv":[7,11,7.997,11.999],"texture":"#4"},"east":{"uv":[7,11,7.997,11.999],"texture":"#4"},"south":{"uv":[7,11,7.997,11.999],"texture":"#4"},"west":{"uv":[7,11,7.997,11.999],"texture":"#4"},"up":{"uv":[7,11,7.997,11.999],"texture":"#4"},"down":{"uv":[7,11,7.997,11.999],"texture":"#4"}}},{"from":[7.96,3.5,9.5],"to":[9.04,4.58,10.5],"rotation":{"angle":0,"axis":"y","origin":[8.5,3.5,8.5]},"faces":{"north":{"uv":[7,11,7.997,11.999],"texture":"#4"},"east":{"uv":[7,11,7.997,11.999],"texture":"#4"},"south":{"uv":[7,11,7.997,11.999],"texture":"#4"},"west":{"uv":[7,11,7.997,11.999],"texture":"#4"},"up":{"uv":[7,11,7.997,11.999],"texture":"#4"},"down":{"uv":[7,11,7.997,11.999],"texture":"#4"}}},{"from":[8.06,4.1,4.1],"to":[8.94,4.98,4.9],"rotation":{"angle":0,"axis":"x","origin":[8.5,4.5,5]},"faces":{"north":{"uv":[7,11,7.997,11.999],"texture":"#4"},"east":{"uv":[7,11,7.997,11.999],"texture":"#4"},"south":{"uv":[7,11,7.997,11.999],"texture":"#4"},"west":{"uv":[7,11,7.997,11.999],"texture":"#4"},"up":{"uv":[7,11,7.997,11.999],"texture":"#4"},"down":{"uv":[7,11,7.997,11.999],"texture":"#4"}}},{"from":[8.06,4.1,10.1],"to":[8.94,4.98,10.9],"rotation":{"angle":0,"axis":"x","origin":[8.5,4.5,11]},"faces":{"north":{"uv":[7,11,7.997,11.999],"texture":"#4"},"east":{"uv":[7,11,7.997,11.999],"texture":"#4"},"south":{"uv":[7,11,7.997,11.999],"texture":"#4"},"west":{"uv":[7,11,7.997,11.999],"texture":"#4"},"up":{"uv":[7,11,7.997,11.999],"texture":"#4"},"down":{"uv":[7,11,7.997,11.999],"texture":"#4"}}},{"from":[8,3.5,7],"to":[9,5.5,8],"rotation":{"angle":0,"axis":"z","origin":[8.5,4,7.5]},"faces":{"north":{"uv":[8,6,8.998,6.994],"texture":"#4"},"east":{"uv":[8,6,8.998,6.994],"texture":"#4"},"south":{"uv":[8,6,8.998,6.994],"texture":"#4"},"west":{"uv":[8,6,8.998,6.994],"texture":"#4"},"up":{"uv":[8,6,8.998,6.994],"texture":"#4"},"down":{"uv":[8,6,8.998,6.994],"texture":"#4"}}},{"from":[7.96,-2.5,6.96],"to":[9.04,-1.5,8.04],"rotation":{"angle":45,"axis":"x","origin":[8.5,-2,7.5]},"faces":{"north":{"uv":[1,14,1.997,14.998],"texture":"#4"},"east":{"uv":[1,14,1.997,14.998],"texture":"#4"},"south":{"uv":[1,14,1.997,14.998],"texture":"#4"},"west":{"uv":[1,14,1.997,14.998],"texture":"#4"},"up":{"uv":[1,14,1.997,14.998],"texture":"#4"},"down":{"uv":[1,14,1.997,14.998],"texture":"#4"}}},{"from":[8.375,4,7.25],"to":[8.625,14,7.75],"rotation":{"angle":0,"axis":"y","origin":[8.5,9,7.5]},"faces":{"north":{"uv":[7.998,6.996,8.997,7.996],"texture":"#4"},"east":{"uv":[7.998,6.996,8.997,7.996],"texture":"#4"},"south":{"uv":[7.998,6.996,8.997,7.996],"texture":"#4"},"west":{"uv":[7.998,6.996,8.997,7.996],"texture":"#4"},"up":{"uv":[7.998,6.996,8.997,7.996],"texture":"#4"},"down":{"uv":[7.998,6.996,8.997,7.996],"texture":"#4"}}},{"from":[8.375,4,6.25],"to":[8.625,14,6.5],"rotation":{"angle":0,"axis":"y","origin":[8.5,9,6.375]},"faces":{"north":{"uv":[12,1,12.996,1.993],"texture":"#4"},"east":{"uv":[12,1,12.996,1.993],"texture":"#4"},"south":{"uv":[12,1,12.996,1.993],"texture":"#4"},"west":{"uv":[12,1,12.996,1.993],"texture":"#4"},"up":{"uv":[12,1,12.996,1.993],"texture":"#4"},"down":{"uv":[12,1,12.996,1.993],"texture":"#4"}}},{"from":[8.375,4,8.5],"to":[8.625,14,8.75],"rotation":{"angle":0,"axis":"y","origin":[8.5,9,8.625]},"faces":{"north":{"uv":[12,1,12.996,1.993],"texture":"#4"},"east":{"uv":[12,1,12.996,1.993],"texture":"#4"},"south":{"uv":[12,1,12.996,1.993],"texture":"#4"},"west":{"uv":[12,1,12.996,1.993],"texture":"#4"},"up":{"uv":[12,1,12.996,1.993],"texture":"#4"},"down":{"uv":[12,1,12.996,1.993],"texture":"#4"}}},{"from":[8.375,14,7.25],"to":[8.625,23,7.75],"rotation":{"angle":0,"axis":"y","origin":[8.48778,13.50173,7.51049]},"faces":{"north":{"uv":[12,3,12.997,3.996],"texture":"#4"},"east":{"uv":[12,3,12.997,3.996],"texture":"#4"},"south":{"uv":[12,3,12.997,3.996],"texture":"#4"},"west":{"uv":[12,3,12.997,3.996],"texture":"#4"},"up":{"uv":[12,3,12.997,3.996],"texture":"#4"},"down":{"uv":[12,3,12.997,3.996],"texture":"#4"}}},{"from":[8.375,14,6.25],"to":[8.625,23,6.5],"rotation":{"angle":0,"axis":"y","origin":[8.5,18,6.125]},"faces":{"north":{"uv":[12,1,12.996,1.993],"texture":"#4"},"east":{"uv":[12,1,12.996,1.993],"texture":"#4"},"south":{"uv":[12,1,12.996,1.993],"texture":"#4"},"west":{"uv":[12,1,12.996,1.993],"texture":"#4"},"up":{"uv":[12,1,12.996,1.993],"texture":"#4"},"down":{"uv":[12,1,12.996,1.993],"texture":"#4"}}},{"from":[8.375,14,8.5],"to":[8.625,23,8.75],"rotation":{"angle":0,"axis":"y","origin":[8.5,16.5,8.625]},"faces":{"north":{"uv":[12,1,12.996,1.993],"texture":"#4"},"east":{"uv":[12,1,12.996,1.993],"texture":"#4"},"south":{"uv":[12,1,12.996,1.993],"texture":"#4"},"west":{"uv":[12,1,12.996,1.993],"texture":"#4"},"up":{"uv":[12,1,12.996,1.993],"texture":"#4"},"down":{"uv":[12,1,12.996,1.993],"texture":"#4"}}},{"from":[8.375,23,7.25],"to":[8.625,23.25,7.75],"rotation":{"angle":0,"axis":"y","origin":[8.5,23.125,7.5]},"faces":{"north":{"uv":[12,2,12.997,2.997],"texture":"#4"},"east":{"uv":[12,2,12.997,2.997],"texture":"#4"},"south":{"uv":[12,2,12.997,2.997],"texture":"#4"},"west":{"uv":[12,2,12.997,2.997],"texture":"#4"},"up":{"uv":[12,2,12.997,2.997],"texture":"#4"},"down":{"uv":[12,2,12.997,2.997],"texture":"#4"}}},{"from":[8.25,23,6.75],"to":[8.75,23.375,7.25],"rotation":{"angle":0,"axis":"y","origin":[8.5,23.1875,7]},"faces":{"north":{"uv":[12,1,12.996,1.993],"texture":"#4"},"east":{"uv":[12,1,12.996,1.993],"texture":"#4"},"south":{"uv":[12,1,12.996,1.993],"texture":"#4"},"west":{"uv":[12,1,12.996,1.993],"texture":"#4"},"up":{"uv":[12,1,12.996,1.993],"texture":"#4"},"down":{"uv":[12,1,12.996,1.993],"texture":"#4"}}},{"from":[8.375,23.375,6.75],"to":[8.625,23.75,7.25],"rotation":{"angle":0,"axis":"y","origin":[8.5,24.5625,7]},"faces":{"north":{"uv":[12,1,12.996,1.993],"texture":"#4"},"east":{"uv":[12,1,12.996,1.993],"texture":"#4"},"south":{"uv":[12,1,12.996,1.993],"texture":"#4"},"west":{"uv":[12,1,12.996,1.993],"texture":"#4"},"up":{"uv":[12,1,12.996,1.993],"texture":"#4"},"down":{"uv":[12,1,12.996,1.993],"texture":"#4"}}},{"from":[8.25,23,7.75],"to":[8.75,23.375,8.25],"rotation":{"angle":0,"axis":"y","origin":[8.5,23.1875,8]},"faces":{"north":{"uv":[12,1,12.996,1.993],"texture":"#4"},"east":{"uv":[12,1,12.996,1.993],"texture":"#4"},"south":{"uv":[12,1,12.996,1.993],"texture":"#4"},"west":{"uv":[12,1,12.996,1.993],"texture":"#4"},"up":{"uv":[12,1,12.996,1.993],"texture":"#4"},"down":{"uv":[12,1,12.996,1.993],"texture":"#4"}}},{"from":[8.375,23,8.25],"to":[8.625,23.375,8.5],"rotation":{"angle":0,"axis":"y","origin":[8.5,23.1875,8.375]},"faces":{"north":{"uv":[12,1,12.996,1.993],"texture":"#4"},"east":{"uv":[12,1,12.996,1.993],"texture":"#4"},"south":{"uv":[12,1,12.996,1.993],"texture":"#4"},"west":{"uv":[12,1,12.996,1.993],"texture":"#4"},"up":{"uv":[12,1,12.996,1.993],"texture":"#4"},"down":{"uv":[12,1,12.996,1.993],"texture":"#4"}}},{"from":[8.375,23,6.5],"to":[8.625,23.375,6.75],"rotation":{"angle":0,"axis":"y","origin":[8.5,23.1875,6.625]},"faces":{"north":{"uv":[12,1,12.996,1.993],"texture":"#4"},"east":{"uv":[12,1,12.996,1.993],"texture":"#4"},"south":{"uv":[12,1,12.996,1.993],"texture":"#4"},"west":{"uv":[12,1,12.996,1.993],"texture":"#4"},"up":{"uv":[12,1,12.996,1.993],"texture":"#4"},"down":{"uv":[12,1,12.996,1.993],"texture":"#4"}}},{"from":[8.375,23.375,7.75],"to":[8.625,23.75,8.25],"rotation":{"angle":0,"axis":"y","origin":[8.5,24.5625,8]},"faces":{"north":{"uv":[12,1,12.996,1.993],"texture":"#4"},"east":{"uv":[12,1,12.996,1.993],"texture":"#4"},"south":{"uv":[12,1,12.996,1.993],"texture":"#4"},"west":{"uv":[12,1,12.996,1.993],"texture":"#4"},"up":{"uv":[12,1,12.996,1.993],"texture":"#4"},"down":{"uv":[12,1,12.996,1.993],"texture":"#4"}}},{"from":[8.375,23.75,7],"to":[8.625,24.125,7.25],"rotation":{"angle":0,"axis":"y","origin":[8.46716,24.93985,7.15549]},"faces":{"north":{"uv":[12,1,12.996,1.993],"texture":"#4"},"east":{"uv":[12,1,12.996,1.993],"texture":"#4"},"south":{"uv":[12,1,12.996,1.993],"texture":"#4"},"west":{"uv":[12,1,12.996,1.993],"texture":"#4"},"up":{"uv":[12,1,12.996,1.993],"texture":"#4"},"down":{"uv":[12,1,12.996,1.993],"texture":"#4"}}},{"from":[8.375,23.75,7.75],"to":[8.625,24.125,8],"rotation":{"angle":0,"axis":"y","origin":[8.5,23.9375,7.875]},"faces":{"north":{"uv":[12,1,12.996,1.993],"texture":"#4"},"east":{"uv":[12,1,12.996,1.993],"texture":"#4"},"south":{"uv":[12,1,12.996,1.993],"texture":"#4"},"west":{"uv":[12,1,12.996,1.993],"texture":"#4"},"up":{"uv":[12,1,12.996,1.993],"texture":"#4"},"down":{"uv":[12,1,12.996,1.993],"texture":"#4"}}},{"from":[8.375,23.25,7.25],"to":[8.625,24.5,7.75],"rotation":{"angle":0,"axis":"y","origin":[8.5,23.625,7.5]},"faces":{"north":{"uv":[10,5,10.995,5.995],"texture":"#4"},"east":{"uv":[10,5,10.995,5.995],"texture":"#4"},"south":{"uv":[10,5,10.995,5.995],"texture":"#4"},"west":{"uv":[10,5,10.995,5.995],"texture":"#4"},"up":{"uv":[10,5,10.995,5.995],"texture":"#4"},"down":{"uv":[10,5,10.995,5.995],"texture":"#4"}}},{"from":[8.25,4,7.75],"to":[8.75,14,8.5],"rotation":{"angle":0,"axis":"y","origin":[8.5,14.5,8]},"faces":{"north":{"uv":[9,6,9.997,6.994],"texture":"#4"},"east":{"uv":[9,6,9.997,6.994],"texture":"#4"},"south":{"uv":[9,6,9.997,6.994],"texture":"#4"},"west":{"uv":[9,6,9.997,6.994],"texture":"#4"},"up":{"uv":[9,6,9.997,6.994],"texture":"#4"},"down":{"uv":[9,6,9.997,6.994],"texture":"#4"}}},{"from":[8.25,14,7.75],"to":[8.75,23,8.5],"rotation":{"angle":0,"axis":"y","origin":[8.5,18,8.125]},"faces":{"north":{"uv":[12,2,12.995,2.995],"texture":"#4"},"east":{"uv":[12,2,12.995,2.995],"texture":"#4"},"south":{"uv":[12,2,12.995,2.995],"texture":"#4"},"west":{"uv":[12,2,12.995,2.995],"texture":"#4"},"up":{"uv":[12,2,12.995,2.995],"texture":"#4"},"down":{"uv":[12,2,12.995,2.995],"texture":"#4"}}},{"from":[8.25,14,6.5],"to":[8.75,23,7.25],"rotation":{"angle":0,"axis":"y","origin":[8.5,18,6.875]},"faces":{"north":{"uv":[12,1,12.997,1.993],"texture":"#4"},"east":{"uv":[12,1,12.997,1.993],"texture":"#4"},"south":{"uv":[12,1,12.997,1.993],"texture":"#4"},"west":{"uv":[12,1,12.997,1.993],"texture":"#4"},"up":{"uv":[12,1,12.997,1.993],"texture":"#4"},"down":{"uv":[12,1,12.997,1.993],"texture":"#4"}}},{"from":[8.25,4,6.5],"to":[8.75,14,7.25],"rotation":{"angle":0,"axis":"y","origin":[8.5,9,6.875]},"faces":{"north":{"uv":[9,6,9.997,6.999],"texture":"#4"},"east":{"uv":[9,6,9.997,6.999],"texture":"#4"},"south":{"uv":[9,6,9.997,6.999],"texture":"#4"},"west":{"uv":[9,6,9.997,6.999],"texture":"#4"},"up":{"uv":[9,6,9.997,6.999],"texture":"#4"},"down":{"uv":[9,6,9.997,6.999],"texture":"#4"}}},{"from":[8.495,23,5],"to":[8.505,26,8],"rotation":{"angle":0,"axis":"y","origin":[8.5,24.5,6.5]},"faces":{"north":{"uv":[15,0,15.999,1],"rotation":270,"texture":"#5"},"east":{"uv":[15.999,0,0,15.998],"rotation":90,"texture":"#5"},"south":{"uv":[15,0,15.999,1],"rotation":270,"texture":"#5"},"west":{"uv":[0,0,15.999,15.999],"rotation":270,"texture":"#5"},"up":{"uv":[15,0,15.999,1],"rotation":270,"texture":"#5"},"down":{"uv":[15,0,15.999,1],"rotation":270,"texture":"#5"}}},{"from":[8.495,20,5],"to":[8.505,23,8],"rotation":{"angle":0,"axis":"y","origin":[8.5,21.5,6.5]},"faces":{"north":{"uv":[15,0,15.999,1],"rotation":270,"texture":"#5"},"east":{"uv":[15.999,0,0,15.998],"rotation":90,"texture":"#5"},"south":{"uv":[15,0,15.999,1],"rotation":270,"texture":"#5"},"west":{"uv":[0,0,15.999,15.999],"rotation":270,"texture":"#5"},"up":{"uv":[15,0,15.999,1],"rotation":270,"texture":"#5"},"down":{"uv":[15,0,15.999,1],"rotation":270,"texture":"#5"}}},{"from":[8.495,17,5],"to":[8.505,20,8],"rotation":{"angle":0,"axis":"y","origin":[8.5,18.5,6.5]},"faces":{"north":{"uv":[15,0,15.999,1],"rotation":270,"texture":"#5"},"east":{"uv":[15.999,0,0,15.998],"rotation":90,"texture":"#5"},"south":{"uv":[15,0,15.999,1],"rotation":270,"texture":"#5"},"west":{"uv":[0,0,15.999,15.999],"rotation":270,"texture":"#5"},"up":{"uv":[15,0,15.999,1],"rotation":270,"texture":"#5"},"down":{"uv":[15,0,15.999,1],"rotation":270,"texture":"#5"}}},{"from":[8.495,14,5],"to":[8.505,17,8],"rotation":{"angle":0,"axis":"y","origin":[8.5,15.5,6.5]},"faces":{"north":{"uv":[15,0,15.999,1],"rotation":270,"texture":"#5"},"east":{"uv":[15.999,0,0,15.998],"rotation":90,"texture":"#5"},"south":{"uv":[15,0,15.999,1],"rotation":270,"texture":"#5"},"west":{"uv":[0,0,15.999,15.999],"rotation":270,"texture":"#5"},"up":{"uv":[15,0,15.999,1],"rotation":270,"texture":"#5"},"down":{"uv":[15,0,15.999,1],"rotation":270,"texture":"#5"}}},{"from":[8.495,11,5],"to":[8.505,14,8],"rotation":{"angle":0,"axis":"y","origin":[8.5,12.5,6.5]},"faces":{"north":{"uv":[15,0,15.999,1],"rotation":270,"texture":"#5"},"east":{"uv":[15.999,0,0,15.998],"rotation":90,"texture":"#5"},"south":{"uv":[15,0,15.999,1],"rotation":270,"texture":"#5"},"west":{"uv":[0,0,15.999,15.999],"rotation":270,"texture":"#5"},"up":{"uv":[15,0,15.999,1],"rotation":270,"texture":"#5"},"down":{"uv":[15,0,15.999,1],"rotation":270,"texture":"#5"}}},{"from":[8.495,8,5],"to":[8.505,11,8],"rotation":{"angle":0,"axis":"y","origin":[8.5,9.5,6.5]},"faces":{"north":{"uv":[15,0,15.999,1],"rotation":270,"texture":"#5"},"east":{"uv":[15.999,0,0,15.998],"rotation":90,"texture":"#5"},"south":{"uv":[15,0,15.999,1],"rotation":270,"texture":"#5"},"west":{"uv":[0,0,15.999,15.999],"rotation":270,"texture":"#5"},"up":{"uv":[15,0,15.999,1],"rotation":270,"texture":"#5"},"down":{"uv":[15,0,15.999,1],"rotation":270,"texture":"#5"}}},{"from":[8.495,5,5],"to":[8.505,8,8],"rotation":{"angle":0,"axis":"y","origin":[8.5,6.5,6.5]},"faces":{"north":{"uv":[15,0,15.999,1],"rotation":270,"texture":"#5"},"east":{"uv":[15.999,0,0,15.998],"rotation":90,"texture":"#5"},"south":{"uv":[15,0,15.999,1],"rotation":270,"texture":"#5"},"west":{"uv":[0,0,15.999,15.999],"rotation":270,"texture":"#5"},"up":{"uv":[15,0,15.999,1],"rotation":270,"texture":"#5"},"down":{"uv":[15,0,15.999,1],"rotation":270,"texture":"#5"}}}],"display":{"thirdperson_righthand":{"translation":[-1,5.25,1.25]},"thirdperson_lefthand":{"translation":[0,5.25,1.5]},"firstperson_righthand":{"rotation":[-5,0,0],"translation":[0,3.25,-0.75],"scale":[0.8,0.8,0.8]},"firstperson_lefthand":{"rotation":[-5,0,0],"translation":[0,3.25,-0.75],"scale":[0.8,0.8,0.8]},"ground":{"translation":[0,6,0]},"gui":{"rotation":[-45,-41,-62],"translation":[-2,-0.5,0],"scale":[0.8,0.8,0.8]},"head":{"translation":[-0.75,6.5,0],"scale":[1,-1,1]},"fixed":{"rotation":[0,90,0],"translation":[1,-1.25,-0.5]}}}