{"credit":"Made with Blockbench","textures":{"2":"iceandfire:custom/raddadste","3":"iceandfire:custom/myrmex_jungle_resin_all","4":"iceandfire:custom/myrmex_jungle_sword_venom","particle":"iceandfire:custom/raddadste"},"elements":[{"from":[8.075,-1.925,7.075],"to":[8.925,2.925,7.925],"rotation":{"angle":0,"axis":"y","origin":[8.5,0.5,7.5]},"faces":{"north":{"uv":[0,0,16,16],"texture":"#2"},"east":{"uv":[0,0,16,16],"texture":"#2"},"south":{"uv":[0,0,16,16],"texture":"#2"},"west":{"uv":[0,0,16,16],"texture":"#2"},"up":{"uv":[0,0,16,16],"texture":"#2"},"down":{"uv":[0,0,16,16],"texture":"#2"}}},{"from":[7.98,-0.52,7.23],"to":[9.02,0.02,7.77],"rotation":{"angle":45,"axis":"x","origin":[8.5,-0.25,7.5]},"faces":{"north":{"uv":[4,4,6,6],"texture":"#3"},"east":{"uv":[4,4,6,6],"texture":"#3"},"south":{"uv":[4,4,6,6],"texture":"#3"},"west":{"uv":[4,4,6,6],"texture":"#3"},"up":{"uv":[4,4,6,6],"texture":"#3"},"down":{"uv":[4,4,6,6],"texture":"#3"}}},{"from":[7.98,0.48,7.23],"to":[9.02,1.02,7.77],"rotation":{"angle":45,"axis":"x","origin":[8.5,0.75,7.5]},"faces":{"north":{"uv":[4,4,6,6],"texture":"#3"},"east":{"uv":[4,4,6,6],"texture":"#3"},"south":{"uv":[4,4,6,6],"texture":"#3"},"west":{"uv":[4,4,6,6],"texture":"#3"},"up":{"uv":[4,4,6,6],"texture":"#3"},"down":{"uv":[4,4,6,6],"texture":"#3"}}},{"from":[7.98,2.48,7.23],"to":[9.02,3.02,7.77],"rotation":{"angle":45,"axis":"x","origin":[8.5,2.75,7.5]},"faces":{"north":{"uv":[4,4,6,6],"texture":"#3"},"east":{"uv":[4,4,6,6],"texture":"#3"},"south":{"uv":[4,4,6,6],"texture":"#3"},"west":{"uv":[4,4,6,6],"texture":"#3"},"up":{"uv":[4,4,6,6],"texture":"#3"},"down":{"uv":[4,4,6,6],"texture":"#3"}}},{"from":[8.2,6.48,7.23],"to":[8.8,7.02,7.77],"rotation":{"angle":45,"axis":"x","origin":[8.5,6.75,7.5]},"faces":{"north":{"uv":[5.999,8.999,6.999,9.999],"texture":"#4"},"east":{"uv":[5.999,8.999,6.999,9.999],"texture":"#4"},"south":{"uv":[5.999,8.999,6.999,9.999],"texture":"#4"},"west":{"uv":[5.999,8.999,6.999,9.999],"texture":"#4"},"up":{"uv":[5.999,8.999,6.999,9.999],"texture":"#4"},"down":{"uv":[5.999,8.999,6.999,9.999],"texture":"#4"}}},{"from":[8.2,7.48,7.23],"to":[8.8,8.02,7.77],"rotation":{"angle":45,"axis":"x","origin":[8.5,7.75,7.5]},"faces":{"north":{"uv":[5.999,8.999,6.999,9.999],"texture":"#4"},"east":{"uv":[5.999,8.999,6.999,9.999],"texture":"#4"},"south":{"uv":[5.999,8.999,6.999,9.999],"texture":"#4"},"west":{"uv":[5.999,8.999,6.999,9.999],"texture":"#4"},"up":{"uv":[5.999,8.999,6.999,9.999],"texture":"#4"},"down":{"uv":[5.999,8.999,6.999,9.999],"texture":"#4"}}},{"from":[8.2,8.48,7.23],"to":[8.8,9.02,7.77],"rotation":{"angle":45,"axis":"x","origin":[8.5,8.75,7.5]},"faces":{"north":{"uv":[5.999,8.999,6.999,9.999],"texture":"#4"},"east":{"uv":[5.999,8.999,6.999,9.999],"texture":"#4"},"south":{"uv":[5.999,8.999,6.999,9.999],"texture":"#4"},"west":{"uv":[5.999,8.999,6.999,9.999],"texture":"#4"},"up":{"uv":[5.999,8.999,6.999,9.999],"texture":"#4"},"down":{"uv":[5.999,8.999,6.999,9.999],"texture":"#4"}}},{"from":[8.2,9.48,7.23],"to":[8.8,10.02,7.77],"rotation":{"angle":45,"axis":"x","origin":[8.5,9.75,7.5]},"faces":{"north":{"uv":[5.999,8.999,6.999,9.999],"texture":"#4"},"east":{"uv":[5.999,8.999,6.999,9.999],"texture":"#4"},"south":{"uv":[5.999,8.999,6.999,9.999],"texture":"#4"},"west":{"uv":[5.999,8.999,6.999,9.999],"texture":"#4"},"up":{"uv":[5.999,8.999,6.999,9.999],"texture":"#4"},"down":{"uv":[5.999,8.999,6.999,9.999],"texture":"#4"}}},{"from":[8.2,10.48,7.23],"to":[8.8,11.02,7.77],"rotation":{"angle":45,"axis":"x","origin":[8.5,10.75,7.5]},"faces":{"north":{"uv":[5.999,8.999,6.999,9.999],"texture":"#4"},"east":{"uv":[5.999,8.999,6.999,9.999],"texture":"#4"},"south":{"uv":[5.999,8.999,6.999,9.999],"texture":"#4"},"west":{"uv":[5.999,8.999,6.999,9.999],"texture":"#4"},"up":{"uv":[5.999,8.999,6.999,9.999],"texture":"#4"},"down":{"uv":[5.999,8.999,6.999,9.999],"texture":"#4"}}},{"from":[8.2,5.48,7.23],"to":[8.8,6.02,7.77],"rotation":{"angle":45,"axis":"x","origin":[8.5,5.75,7.5]},"faces":{"north":{"uv":[5.999,8.999,6.999,9.999],"texture":"#4"},"east":{"uv":[5.999,8.999,6.999,9.999],"texture":"#4"},"south":{"uv":[5.999,8.999,6.999,9.999],"texture":"#4"},"west":{"uv":[5.999,8.999,6.999,9.999],"texture":"#4"},"up":{"uv":[5.999,8.999,6.999,9.999],"texture":"#4"},"down":{"uv":[5.999,8.999,6.999,9.999],"texture":"#4"}}},{"from":[8.2,11.48,7.23],"to":[8.8,12.02,7.77],"rotation":{"angle":45,"axis":"x","origin":[8.5,11.75,7.5]},"faces":{"north":{"uv":[5.999,8.999,6.999,9.999],"texture":"#4"},"east":{"uv":[5.999,8.999,6.999,9.999],"texture":"#4"},"south":{"uv":[5.999,8.999,6.999,9.999],"texture":"#4"},"west":{"uv":[5.999,8.999,6.999,9.999],"texture":"#4"},"up":{"uv":[5.999,8.999,6.999,9.999],"texture":"#4"},"down":{"uv":[5.999,8.999,6.999,9.999],"texture":"#4"}}},{"from":[8.2,12.48,7.23],"to":[8.8,13.02,7.77],"rotation":{"angle":45,"axis":"x","origin":[8.5,12.75,7.5]},"faces":{"north":{"uv":[5.999,8.999,6.999,9.999],"texture":"#4"},"east":{"uv":[5.999,8.999,6.999,9.999],"texture":"#4"},"south":{"uv":[5.999,8.999,6.999,9.999],"texture":"#4"},"west":{"uv":[5.999,8.999,6.999,9.999],"texture":"#4"},"up":{"uv":[5.999,8.999,6.999,9.999],"texture":"#4"},"down":{"uv":[5.999,8.999,6.999,9.999],"texture":"#4"}}},{"from":[8.2,13.48,7.23],"to":[8.8,14.02,7.77],"rotation":{"angle":45,"axis":"x","origin":[8.5,13.75,7.5]},"faces":{"north":{"uv":[5.999,8.999,6.999,9.999],"texture":"#4"},"east":{"uv":[5.999,8.999,6.999,9.999],"texture":"#4"},"south":{"uv":[5.999,8.999,6.999,9.999],"texture":"#4"},"west":{"uv":[5.999,8.999,6.999,9.999],"texture":"#4"},"up":{"uv":[5.999,8.999,6.999,9.999],"texture":"#4"},"down":{"uv":[5.999,8.999,6.999,9.999],"texture":"#4"}}},{"from":[8.2,14.48,7.23],"to":[8.8,15.02,7.77],"rotation":{"angle":45,"axis":"x","origin":[8.5,14.75,7.5]},"faces":{"north":{"uv":[5.999,8.999,6.999,9.999],"texture":"#4"},"east":{"uv":[5.999,8.999,6.999,9.999],"texture":"#4"},"south":{"uv":[5.999,8.999,6.999,9.999],"texture":"#4"},"west":{"uv":[5.999,8.999,6.999,9.999],"texture":"#4"},"up":{"uv":[5.999,8.999,6.999,9.999],"texture":"#4"},"down":{"uv":[5.999,8.999,6.999,9.999],"texture":"#4"}}},{"from":[8.2,15.48,7.23],"to":[8.8,16.02,7.77],"rotation":{"angle":45,"axis":"x","origin":[8.5,15.75,7.5]},"faces":{"north":{"uv":[5.999,8.999,6.999,9.999],"texture":"#4"},"east":{"uv":[5.999,8.999,6.999,9.999],"texture":"#4"},"south":{"uv":[5.999,8.999,6.999,9.999],"texture":"#4"},"west":{"uv":[5.999,8.999,6.999,9.999],"texture":"#4"},"up":{"uv":[5.999,8.999,6.999,9.999],"texture":"#4"},"down":{"uv":[5.999,8.999,6.999,9.999],"texture":"#4"}}},{"from":[8.2,16.48,7.23],"to":[8.8,17.02,7.77],"rotation":{"angle":45,"axis":"x","origin":[8.5,16.75,7.5]},"faces":{"north":{"uv":[5.999,8.999,6.999,9.999],"texture":"#4"},"east":{"uv":[5.999,8.999,6.999,9.999],"texture":"#4"},"south":{"uv":[5.999,8.999,6.999,9.999],"texture":"#4"},"west":{"uv":[5.999,8.999,6.999,9.999],"texture":"#4"},"up":{"uv":[5.999,8.999,6.999,9.999],"texture":"#4"},"down":{"uv":[5.999,8.999,6.999,9.999],"texture":"#4"}}},{"from":[8.2,17.48,7.23],"to":[8.8,18.02,7.77],"rotation":{"angle":45,"axis":"x","origin":[8.5,17.75,7.5]},"faces":{"north":{"uv":[5.999,8.999,6.999,9.999],"texture":"#4"},"east":{"uv":[5.999,8.999,6.999,9.999],"texture":"#4"},"south":{"uv":[5.999,8.999,6.999,9.999],"texture":"#4"},"west":{"uv":[5.999,8.999,6.999,9.999],"texture":"#4"},"up":{"uv":[5.999,8.999,6.999,9.999],"texture":"#4"},"down":{"uv":[5.999,8.999,6.999,9.999],"texture":"#4"}}},{"from":[8.4,17.48,8.23],"to":[8.6,18.02,8.77],"rotation":{"angle":45,"axis":"x","origin":[8.5,17.75,8.5]},"faces":{"north":{"uv":[11,5,11.999,5.999],"texture":"#4"},"east":{"uv":[11,5,11.999,5.999],"texture":"#4"},"south":{"uv":[11,5,11.999,5.999],"texture":"#4"},"west":{"uv":[11,5,11.999,5.999],"texture":"#4"},"up":{"uv":[11,5,11.999,5.999],"texture":"#4"},"down":{"uv":[11,5,11.999,5.999],"texture":"#4"}}},{"from":[8.4,20.48,8.23],"to":[8.6,21.02,8.77],"rotation":{"angle":45,"axis":"x","origin":[8.5,20.75,8.5]},"faces":{"north":{"uv":[11,5,11.999,5.999],"texture":"#4"},"east":{"uv":[11,5,11.999,5.999],"texture":"#4"},"south":{"uv":[11,5,11.999,5.999],"texture":"#4"},"west":{"uv":[11,5,11.999,5.999],"texture":"#4"},"up":{"uv":[11,5,11.999,5.999],"texture":"#4"},"down":{"uv":[11,5,11.999,5.999],"texture":"#4"}}},{"from":[8.4,17.48,6.23],"to":[8.6,18.02,6.77],"rotation":{"angle":45,"axis":"x","origin":[8.5,17.75,6.5]},"faces":{"north":{"uv":[11,5,11.999,5.999],"texture":"#4"},"east":{"uv":[11,5,11.999,5.999],"texture":"#4"},"south":{"uv":[11,5,11.999,5.999],"texture":"#4"},"west":{"uv":[11,5,11.999,5.999],"texture":"#4"},"up":{"uv":[11,5,11.999,5.999],"texture":"#4"},"down":{"uv":[11,5,11.999,5.999],"texture":"#4"}}},{"from":[8.4,14.48,6.23],"to":[8.6,15.02,6.77],"rotation":{"angle":45,"axis":"x","origin":[8.5,14.75,6.5]},"faces":{"north":{"uv":[11,5,11.999,5.999],"texture":"#4"},"east":{"uv":[11,5,11.999,5.999],"texture":"#4"},"south":{"uv":[11,5,11.999,5.999],"texture":"#4"},"west":{"uv":[11,5,11.999,5.999],"texture":"#4"},"up":{"uv":[11,5,11.999,5.999],"texture":"#4"},"down":{"uv":[11,5,11.999,5.999],"texture":"#4"}}},{"from":[8.4,11.48,6.23],"to":[8.6,12.02,6.77],"rotation":{"angle":45,"axis":"x","origin":[8.5,11.75,6.5]},"faces":{"north":{"uv":[11,5,11.999,5.999],"texture":"#4"},"east":{"uv":[11,5,11.999,5.999],"texture":"#4"},"south":{"uv":[11,5,11.999,5.999],"texture":"#4"},"west":{"uv":[11,5,11.999,5.999],"texture":"#4"},"up":{"uv":[11,5,11.999,5.999],"texture":"#4"},"down":{"uv":[11,5,11.999,5.999],"texture":"#4"}}},{"from":[8.4,8.48,6.23],"to":[8.6,9.02,6.77],"rotation":{"angle":45,"axis":"x","origin":[8.5,8.75,6.5]},"faces":{"north":{"uv":[11,5,11.999,5.999],"texture":"#4"},"east":{"uv":[11,5,11.999,5.999],"texture":"#4"},"south":{"uv":[11,5,11.999,5.999],"texture":"#4"},"west":{"uv":[11,5,11.999,5.999],"texture":"#4"},"up":{"uv":[11,5,11.999,5.999],"texture":"#4"},"down":{"uv":[11,5,11.999,5.999],"texture":"#4"}}},{"from":[8.4,5.48,6.23],"to":[8.6,6.02,6.77],"rotation":{"angle":45,"axis":"x","origin":[8.5,5.75,6.5]},"faces":{"north":{"uv":[11,5,11.999,5.999],"texture":"#4"},"east":{"uv":[11,5,11.999,5.999],"texture":"#4"},"south":{"uv":[11,5,11.999,5.999],"texture":"#4"},"west":{"uv":[11,5,11.999,5.999],"texture":"#4"},"up":{"uv":[11,5,11.999,5.999],"texture":"#4"},"down":{"uv":[11,5,11.999,5.999],"texture":"#4"}}},{"from":[8.4,14.48,8.23],"to":[8.6,15.02,8.77],"rotation":{"angle":45,"axis":"x","origin":[8.5,14.75,8.5]},"faces":{"north":{"uv":[11,5,11.999,5.999],"texture":"#4"},"east":{"uv":[11,5,11.999,5.999],"texture":"#4"},"south":{"uv":[11,5,11.999,5.999],"texture":"#4"},"west":{"uv":[11,5,11.999,5.999],"texture":"#4"},"up":{"uv":[11,5,11.999,5.999],"texture":"#4"},"down":{"uv":[11,5,11.999,5.999],"texture":"#4"}}},{"from":[8.4,11.48,8.23],"to":[8.6,12.02,8.77],"rotation":{"angle":45,"axis":"x","origin":[8.5,11.75,8.5]},"faces":{"north":{"uv":[11,5,11.999,5.999],"texture":"#4"},"east":{"uv":[11,5,11.999,5.999],"texture":"#4"},"south":{"uv":[11,5,11.999,5.999],"texture":"#4"},"west":{"uv":[11,5,11.999,5.999],"texture":"#4"},"up":{"uv":[11,5,11.999,5.999],"texture":"#4"},"down":{"uv":[11,5,11.999,5.999],"texture":"#4"}}},{"from":[8.4,8.48,8.23],"to":[8.6,9.02,8.77],"rotation":{"angle":45,"axis":"x","origin":[8.5,8.75,8.5]},"faces":{"north":{"uv":[11,5,11.999,5.999],"texture":"#4"},"east":{"uv":[11,5,11.999,5.999],"texture":"#4"},"south":{"uv":[11,5,11.999,5.999],"texture":"#4"},"west":{"uv":[11,5,11.999,5.999],"texture":"#4"},"up":{"uv":[11,5,11.999,5.999],"texture":"#4"},"down":{"uv":[11,5,11.999,5.999],"texture":"#4"}}},{"from":[8.4,5.48,8.23],"to":[8.6,6.02,8.77],"rotation":{"angle":45,"axis":"x","origin":[8.5,5.75,8.5]},"faces":{"north":{"uv":[11,5,11.999,5.999],"texture":"#4"},"east":{"uv":[11,5,11.999,5.999],"texture":"#4"},"south":{"uv":[11,5,11.999,5.999],"texture":"#4"},"west":{"uv":[11,5,11.999,5.999],"texture":"#4"},"up":{"uv":[11,5,11.999,5.999],"texture":"#4"},"down":{"uv":[11,5,11.999,5.999],"texture":"#4"}}},{"from":[8.2,18.48,7.23],"to":[8.8,19.02,7.77],"rotation":{"angle":45,"axis":"x","origin":[8.5,18.75,7.5]},"faces":{"north":{"uv":[5.999,8.999,6.999,9.999],"texture":"#4"},"east":{"uv":[5.999,8.999,6.999,9.999],"texture":"#4"},"south":{"uv":[5.999,8.999,6.999,9.999],"texture":"#4"},"west":{"uv":[5.999,8.999,6.999,9.999],"texture":"#4"},"up":{"uv":[5.999,8.999,6.999,9.999],"texture":"#4"},"down":{"uv":[5.999,8.999,6.999,9.999],"texture":"#4"}}},{"from":[8.3,19.48,7.23],"to":[8.7,20.02,7.77],"rotation":{"angle":45,"axis":"x","origin":[8.5,19.75,7.5]},"faces":{"north":{"uv":[8,9,8.999,10],"texture":"#4"},"east":{"uv":[8,9,8.999,10],"texture":"#4"},"south":{"uv":[8,9,8.999,10],"texture":"#4"},"west":{"uv":[8,9,8.999,10],"texture":"#4"},"up":{"uv":[8,9,8.999,10],"texture":"#4"},"down":{"uv":[8,9,8.999,10],"texture":"#4"}}},{"from":[7.98,1.48,7.23],"to":[9.02,2.02,7.77],"rotation":{"angle":45,"axis":"x","origin":[8.5,1.75,7.5]},"faces":{"north":{"uv":[4,4,6,6],"texture":"#3"},"east":{"uv":[4,4,6,6],"texture":"#3"},"south":{"uv":[4,4,6,6],"texture":"#3"},"west":{"uv":[4,4,6,6],"texture":"#3"},"up":{"uv":[4,4,6,6],"texture":"#3"},"down":{"uv":[4,4,6,6],"texture":"#3"}}},{"from":[7.98,-1.52,7.23],"to":[9.02,-0.98,7.77],"rotation":{"angle":45,"axis":"x","origin":[8.5,-1.25,7.5]},"faces":{"north":{"uv":[4,4,6,6],"texture":"#3"},"east":{"uv":[4,4,6,6],"texture":"#3"},"south":{"uv":[4,4,6,6],"texture":"#3"},"west":{"uv":[4,4,6,6],"texture":"#3"},"up":{"uv":[4,4,6,6],"texture":"#3"},"down":{"uv":[4,4,6,6],"texture":"#3"}}},{"from":[7.96,2.96,5.5],"to":[9.04,4.04,9.5],"rotation":{"angle":0,"axis":"y","origin":[8.5,3.5,7.5]},"faces":{"north":{"uv":[6,11,6.999,11.999],"texture":"#4"},"east":{"uv":[6,11,6.999,11.999],"texture":"#4"},"south":{"uv":[6,11,6.999,11.999],"texture":"#4"},"west":{"uv":[6,11,6.999,11.999],"texture":"#4"},"up":{"uv":[6,11,6.999,11.999],"texture":"#4"},"down":{"uv":[6,11,6.999,11.999],"texture":"#4"}}},{"from":[7.96,2.96,4.5],"to":[9.04,4.04,6.5],"rotation":{"angle":22.5,"axis":"x","origin":[8.5,3.5,5.5]},"faces":{"north":{"uv":[6,11,6.999,11.999],"texture":"#4"},"east":{"uv":[6,11,6.999,11.999],"texture":"#4"},"south":{"uv":[6,11,6.999,11.999],"texture":"#4"},"west":{"uv":[6,11,6.999,11.999],"texture":"#4"},"up":{"uv":[6,11,6.999,11.999],"texture":"#4"},"down":{"uv":[6,11,6.999,11.999],"texture":"#4"}}},{"from":[7.96,3.96,4.5],"to":[9.04,5.04,5.5],"rotation":{"angle":22.5,"axis":"x","origin":[8.5,4.5,5.5]},"faces":{"north":{"uv":[6,11,6.999,11.999],"texture":"#4"},"east":{"uv":[6,11,6.999,11.999],"texture":"#4"},"south":{"uv":[6,11,6.999,11.999],"texture":"#4"},"west":{"uv":[6,11,6.999,11.999],"texture":"#4"},"up":{"uv":[6,11,6.999,11.999],"texture":"#4"},"down":{"uv":[6,11,6.999,11.999],"texture":"#4"}}},{"from":[7.96,2.96,8.5],"to":[9.04,4.04,10.5],"rotation":{"angle":-22.5,"axis":"x","origin":[8.5,3.5,9.5]},"faces":{"north":{"uv":[6,11,6.999,11.999],"rotation":180,"texture":"#4"},"east":{"uv":[6,11,6.999,11.999],"rotation":180,"texture":"#4"},"south":{"uv":[6,11,6.999,11.999],"rotation":180,"texture":"#4"},"west":{"uv":[6,11,6.999,11.999],"rotation":180,"texture":"#4"},"up":{"uv":[6,11,6.999,11.999],"texture":"#4"},"down":{"uv":[6,11,6.999,11.999],"texture":"#4"}}},{"from":[7.96,3.96,9.5],"to":[9.04,5.04,10.5],"rotation":{"angle":-22.5,"axis":"x","origin":[8.5,4.5,9.5]},"faces":{"north":{"uv":[6,11,6.999,11.999],"rotation":180,"texture":"#4"},"east":{"uv":[6,11,6.999,11.999],"rotation":180,"texture":"#4"},"south":{"uv":[6,11,6.999,11.999],"rotation":180,"texture":"#4"},"west":{"uv":[6,11,6.999,11.999],"rotation":180,"texture":"#4"},"up":{"uv":[6,11,6.999,11.999],"texture":"#4"},"down":{"uv":[6,11,6.999,11.999],"texture":"#4"}}},{"from":[8,3.5,7],"to":[9,5.5,8],"rotation":{"angle":0,"axis":"z","origin":[8.5,4,7.5]},"faces":{"north":{"uv":[6,9,6.999,9.995],"texture":"#4"},"east":{"uv":[6,9,6.999,9.995],"texture":"#4"},"south":{"uv":[6,9,6.999,9.995],"texture":"#4"},"west":{"uv":[6,9,6.999,9.995],"texture":"#4"},"up":{"uv":[6,9,6.999,9.995],"texture":"#4"},"down":{"uv":[6,9,6.999,9.995],"texture":"#4"}}},{"from":[7.96,-2.5,6.96],"to":[9.04,-1.5,8.04],"rotation":{"angle":45,"axis":"x","origin":[8.5,-2,7.5]},"faces":{"north":{"uv":[15,14,15.998,14.999],"texture":"#3"},"east":{"uv":[15,14,15.998,14.999],"texture":"#3"},"south":{"uv":[15,14,15.998,14.999],"texture":"#3"},"west":{"uv":[15,14,15.998,14.999],"texture":"#3"},"up":{"uv":[15,14,15.998,14.999],"texture":"#3"},"down":{"uv":[15,14,15.998,14.999],"texture":"#3"}}},{"from":[8.375,5,7.25],"to":[8.625,19,7.75],"rotation":{"angle":0,"axis":"y","origin":[8.48778,17.50173,7.51049]},"faces":{"north":{"uv":[14,1,14.997,7.997],"texture":"#3"},"east":{"uv":[14,1,14.997,7.997],"texture":"#3"},"south":{"uv":[14,1,14.997,7.997],"texture":"#3"},"west":{"uv":[14,1,14.997,7.997],"texture":"#3"},"up":{"uv":[14,1,14.997,7.997],"texture":"#3"},"down":{"uv":[14,1,14.997,7.997],"texture":"#3"}}},{"from":[8.375,4,6.25],"to":[8.625,18,6.5],"rotation":{"angle":0,"axis":"y","origin":[8.5,11.5,6.375]},"faces":{"north":{"uv":[11,1,11.996,7.994],"texture":"#3"},"east":{"uv":[11,1,11.996,7.994],"texture":"#3"},"south":{"uv":[11,1,11.996,7.994],"texture":"#3"},"west":{"uv":[11,1,11.996,7.994],"texture":"#3"},"up":{"uv":[11,1,11.996,7.994],"texture":"#3"},"down":{"uv":[11,1,11.996,7.994],"texture":"#3"}}},{"from":[8.375,18,6.25],"to":[8.625,19,6.5],"rotation":{"angle":0,"axis":"y","origin":[8.5,25.5,6.375]},"faces":{"north":{"uv":[10,3,10.995,3.993],"texture":"#4"},"east":{"uv":[10,3,10.995,3.993],"texture":"#4"},"south":{"uv":[10,3,10.995,3.993],"texture":"#4"},"west":{"uv":[10,3,10.995,3.993],"texture":"#4"},"up":{"uv":[10,3,10.995,3.993],"texture":"#4"},"down":{"uv":[10,3,10.995,3.993],"texture":"#4"}}},{"from":[8.375,4,8.5],"to":[8.625,19,8.75],"rotation":{"angle":0,"axis":"y","origin":[8.5,20.5,8.625]},"faces":{"north":{"uv":[12,1,12.998,7.996],"texture":"#3"},"east":{"uv":[12,1,12.998,7.996],"texture":"#3"},"south":{"uv":[12,1,12.998,7.996],"texture":"#3"},"west":{"uv":[12,1,12.998,7.996],"texture":"#3"},"up":{"uv":[12,1,12.998,7.996],"texture":"#3"},"down":{"uv":[12,1,12.998,7.996],"texture":"#3"}}},{"from":[8.375,19,7.25],"to":[8.625,19.25,7.75],"rotation":{"angle":0,"axis":"y","origin":[8.5,19.125,7.5]},"faces":{"north":{"uv":[12,2,12.996,2.998],"texture":"#4"},"east":{"uv":[12,2,12.996,2.998],"texture":"#4"},"south":{"uv":[12,2,12.996,2.998],"texture":"#4"},"west":{"uv":[12,2,12.996,2.998],"texture":"#4"},"up":{"uv":[12,2,12.996,2.998],"texture":"#4"},"down":{"uv":[12,2,12.996,2.998],"texture":"#4"}}},{"from":[8.25,19,6.75],"to":[8.75,19.375,7.25],"rotation":{"angle":0,"axis":"y","origin":[8.5,19.1875,7]},"faces":{"north":{"uv":[11,2,11.998,2.998],"texture":"#4"},"east":{"uv":[11,2,11.998,2.998],"texture":"#4"},"south":{"uv":[11,2,11.998,2.998],"texture":"#4"},"west":{"uv":[11,2,11.998,2.998],"texture":"#4"},"up":{"uv":[11,2,11.998,2.998],"texture":"#4"},"down":{"uv":[11,2,11.998,2.998],"texture":"#4"}}},{"from":[8.375,19.375,6.75],"to":[8.625,19.75,7.25],"rotation":{"angle":0,"axis":"y","origin":[8.5,20.5625,7]},"faces":{"north":{"uv":[13,0,13.998,1],"texture":"#4"},"east":{"uv":[13,0,13.998,1],"texture":"#4"},"south":{"uv":[13,0,13.998,1],"texture":"#4"},"west":{"uv":[13,0,13.998,1],"texture":"#4"},"up":{"uv":[13,0,13.998,1],"texture":"#4"},"down":{"uv":[13,0,13.998,1],"texture":"#4"}}},{"from":[8.375,19,6.5],"to":[8.625,19.375,6.75],"rotation":{"angle":0,"axis":"y","origin":[8.5,19.1875,6.625]},"faces":{"north":{"uv":[13,0,13.998,1],"texture":"#4"},"east":{"uv":[13,0,13.998,1],"texture":"#4"},"south":{"uv":[13,0,13.998,1],"texture":"#4"},"west":{"uv":[13,0,13.998,1],"texture":"#4"},"up":{"uv":[13,0,13.998,1],"texture":"#4"},"down":{"uv":[13,0,13.998,1],"texture":"#4"}}},{"from":[8.375,19.375,7.75],"to":[8.625,21,8.25],"rotation":{"angle":0,"axis":"y","origin":[8.5,20.1875,8]},"faces":{"north":{"uv":[13,0,13.998,1],"texture":"#4"},"east":{"uv":[13,0,13.998,1],"texture":"#4"},"south":{"uv":[13,0,13.998,1],"texture":"#4"},"west":{"uv":[13,0,13.998,1],"texture":"#4"},"up":{"uv":[13,0,13.998,1],"texture":"#4"},"down":{"uv":[13,0,13.998,1],"texture":"#4"}}},{"from":[8.375,19.75,7],"to":[8.625,20.125,7.25],"rotation":{"angle":0,"axis":"y","origin":[8.46716,20.93985,7.15549]},"faces":{"north":{"uv":[13,0,13.998,1],"texture":"#4"},"east":{"uv":[13,0,13.998,1],"texture":"#4"},"south":{"uv":[13,0,13.998,1],"texture":"#4"},"west":{"uv":[13,0,13.998,1],"texture":"#4"},"up":{"uv":[13,0,13.998,1],"texture":"#4"},"down":{"uv":[13,0,13.998,1],"texture":"#4"}}},{"from":[8.375,21,8],"to":[8.625,21.25,8.25],"rotation":{"angle":0,"axis":"y","origin":[8.5,21.125,8.125]},"faces":{"north":{"uv":[13,0,13.998,1],"texture":"#4"},"east":{"uv":[13,0,13.998,1],"texture":"#4"},"south":{"uv":[13,0,13.998,1],"texture":"#4"},"west":{"uv":[13,0,13.998,1],"texture":"#4"},"up":{"uv":[13,0,13.998,1],"texture":"#4"},"down":{"uv":[13,0,13.998,1],"texture":"#4"}}},{"from":[8.375,19.25,7.25],"to":[8.625,20.5,7.5],"rotation":{"angle":0,"axis":"y","origin":[8.5,19.875,7.375]},"faces":{"north":{"uv":[13,0,13.998,1],"texture":"#4"},"east":{"uv":[13,0,13.998,1],"texture":"#4"},"south":{"uv":[13,0,13.998,1],"texture":"#4"},"west":{"uv":[13,0,13.998,1],"texture":"#4"},"up":{"uv":[13,0,13.998,1],"texture":"#4"},"down":{"uv":[13,0,13.998,1],"texture":"#4"}}},{"from":[8.375,19.25,7.5],"to":[8.625,20.75,7.75],"rotation":{"angle":0,"axis":"y","origin":[8.5,20,7.625]},"faces":{"north":{"uv":[13,0,13.998,1],"texture":"#4"},"east":{"uv":[13,0,13.998,1],"texture":"#4"},"south":{"uv":[13,0,13.998,1],"texture":"#4"},"west":{"uv":[13,0,13.998,1],"texture":"#4"},"up":{"uv":[13,0,13.998,1],"texture":"#4"},"down":{"uv":[13,0,13.998,1],"texture":"#4"}}},{"from":[8.375,19,8.25],"to":[8.625,21.5,8.75],"rotation":{"angle":0,"axis":"y","origin":[8.5,20.25,8.5]},"faces":{"north":{"uv":[13,0,13.998,1],"texture":"#4"},"east":{"uv":[13,0,13.998,1],"texture":"#4"},"south":{"uv":[13,0,13.998,1],"texture":"#4"},"west":{"uv":[13,0,13.998,1],"texture":"#4"},"up":{"uv":[13,0,13.998,1],"texture":"#4"},"down":{"uv":[13,0,13.998,1],"texture":"#4"}}},{"from":[8.25,4,7.75],"to":[8.75,19.375,8.5],"rotation":{"angle":0,"axis":"y","origin":[8.5,16.6875,8.125]},"faces":{"north":{"uv":[13,1,13.995,7.996],"texture":"#3"},"east":{"uv":[13,1,13.995,7.996],"texture":"#3"},"south":{"uv":[13,1,13.995,7.996],"texture":"#3"},"west":{"uv":[13,1,13.995,7.996],"texture":"#3"},"up":{"uv":[13,1,13.995,7.996],"texture":"#3"},"down":{"uv":[13,1,13.995,7.996],"texture":"#3"}}},{"from":[8.25,4,6.5],"to":[8.75,19,7.25],"rotation":{"angle":0,"axis":"y","origin":[8.5,22,6.875]},"faces":{"north":{"uv":[12,1,12.997,7.994],"texture":"#3"},"east":{"uv":[12,1,12.997,7.994],"texture":"#3"},"south":{"uv":[12,1,12.997,7.994],"texture":"#3"},"west":{"uv":[12,1,12.997,7.994],"texture":"#3"},"up":{"uv":[12,1,12.997,7.994],"texture":"#3"},"down":{"uv":[12,1,12.997,7.994],"texture":"#3"}}},{"from":[8.2,18,7.9],"to":[8.8,19,8.4],"rotation":{"angle":0,"axis":"y","origin":[8.5,18.5,8.15]},"faces":{"north":{"uv":[14,3,14.499,4],"texture":"#4"},"east":{"uv":[14,3,14.499,4],"texture":"#4"},"south":{"uv":[14,3,14.499,4],"texture":"#4"},"west":{"uv":[14,3,14.499,4],"texture":"#4"},"up":{"uv":[14,3,14.499,4],"texture":"#4"},"down":{"uv":[14,3,14.499,4],"texture":"#4"}}},{"from":[8.2,16,6.5],"to":[8.8,17,7],"rotation":{"angle":0,"axis":"y","origin":[8.5,16.5,6.75]},"faces":{"north":{"uv":[14,3,14.499,4],"texture":"#4"},"east":{"uv":[14,3,14.499,4],"texture":"#4"},"south":{"uv":[14,3,14.499,4],"texture":"#4"},"west":{"uv":[14,3,14.499,4],"texture":"#4"},"up":{"uv":[14,3,14.499,4],"texture":"#4"},"down":{"uv":[14,3,14.499,4],"texture":"#4"}}},{"from":[8.245,14,7.5],"to":[8.795,15,8],"rotation":{"angle":0,"axis":"y","origin":[8.5,14.5,7.75]},"faces":{"north":{"uv":[14,3,14.499,4],"texture":"#4"},"east":{"uv":[14,3,14.499,4],"texture":"#4"},"south":{"uv":[14,3,14.499,4],"texture":"#4"},"west":{"uv":[14,3,14.499,4],"texture":"#4"},"up":{"uv":[14,3,14.499,4],"texture":"#4"},"down":{"uv":[14,3,14.499,4],"texture":"#4"}}}],"display":{"thirdperson_righthand":{"translation":[-1,5.25,1.25]},"thirdperson_lefthand":{"translation":[0,5.25,1.5]},"firstperson_righthand":{"rotation":[-5,0,0],"translation":[0,3.25,-0.75],"scale":[0.8,0.8,0.8]},"firstperson_lefthand":{"rotation":[-5,0,0],"translation":[0,3.25,-0.75],"scale":[0.8,0.8,0.8]},"ground":{"translation":[0,6,0]},"gui":{"rotation":[-45,-41,-62],"translation":[-1.25,0.25,0],"scale":[0.8,0.8,0.8]},"head":{"translation":[-0.75,6.5,0],"scale":[1,-1,1]},"fixed":{"rotation":[0,90,0],"translation":[1,-1.25,-0.5]}}}