{"credit":"Made with Blockbench","textures":{"4":"iceandfire:custom/myrmex_jungle_pickaxe","5":"iceandfire:custom/myrmex_jungle_resin_all","particle":"iceandfire:custom/myrmex_jungle_pickaxe"},"elements":[{"from":[8,-4,7],"to":[9,-1.5,8],"rotation":{"angle":0,"axis":"y","origin":[8.5,-2.75,7.5]},"faces":{"north":{"uv":[5,10,5.999,10.998],"texture":"#4"},"east":{"uv":[5,10,5.999,10.998],"texture":"#4"},"south":{"uv":[5,10,5.999,10.998],"texture":"#4"},"west":{"uv":[5,10,5.999,10.998],"texture":"#4"},"up":{"uv":[5,10,5.999,10.998],"texture":"#4"},"down":{"uv":[5,10,5.999,10.998],"texture":"#4"}}},{"from":[8,3,7],"to":[9,11.5,8],"rotation":{"angle":0,"axis":"y","origin":[8.5,7.75,7.5]},"faces":{"north":{"uv":[10.1,5.1,10.9,5.9],"texture":"#4"},"east":{"uv":[10.1,5.1,10.9,5.9],"texture":"#4"},"south":{"uv":[10.1,5.1,10.9,5.9],"texture":"#4"},"west":{"uv":[10.1,5.1,10.9,5.9],"texture":"#4"},"up":{"uv":[10.1,5.1,10.9,5.9],"texture":"#4"},"down":{"uv":[10.1,5.1,10.9,5.9],"texture":"#4"}}},{"from":[7.8,10,7.25],"to":[9.2,10.5,7.75],"rotation":{"angle":45,"axis":"x","origin":[8.5,10.25,7.5]},"faces":{"north":{"uv":[12,3,12.999,3.998],"rotation":90,"texture":"#4"},"east":{"uv":[12,3,12.999,3.998],"rotation":90,"texture":"#4"},"south":{"uv":[12,3,12.999,3.998],"rotation":90,"texture":"#4"},"west":{"uv":[12,3,12.999,3.998],"rotation":90,"texture":"#4"},"up":{"uv":[12,3,12.999,3.998],"rotation":90,"texture":"#4"},"down":{"uv":[12,3,12.999,3.998],"rotation":90,"texture":"#4"}}},{"from":[7.8,9,7.25],"to":[9.2,9.5,7.75],"rotation":{"angle":45,"axis":"x","origin":[8.5,9.25,7.5]},"faces":{"north":{"uv":[13,3,13.998,3.999],"texture":"#4"},"east":{"uv":[13,3,13.998,3.999],"texture":"#4"},"south":{"uv":[13,3,13.998,3.999],"texture":"#4"},"west":{"uv":[13,3,13.998,3.999],"texture":"#4"},"up":{"uv":[13,3,13.998,3.999],"texture":"#4"},"down":{"uv":[13,3,13.998,3.999],"texture":"#4"}}},{"from":[7.8,8,7.25],"to":[9.2,8.5,7.75],"rotation":{"angle":45,"axis":"x","origin":[8.5,8.25,7.5]},"faces":{"north":{"uv":[10,6,10.998,6.999],"rotation":90,"texture":"#4"},"east":{"uv":[10,6,10.998,6.999],"rotation":90,"texture":"#4"},"south":{"uv":[10,6,10.998,6.999],"rotation":90,"texture":"#4"},"west":{"uv":[10,6,10.998,6.999],"rotation":90,"texture":"#4"},"up":{"uv":[10,6,10.998,6.999],"rotation":90,"texture":"#4"},"down":{"uv":[10,6,10.998,6.999],"rotation":90,"texture":"#4"}}},{"from":[7.8,6,7.25],"to":[9.2,6.5,7.75],"rotation":{"angle":45,"axis":"x","origin":[8.5,6.25,7.5]},"faces":{"north":{"uv":[1,1,3,3],"texture":"#5"},"east":{"uv":[1,1,3,3],"texture":"#5"},"south":{"uv":[1,1,3,3],"texture":"#5"},"west":{"uv":[1,1,3,3],"texture":"#5"},"up":{"uv":[1,1,3,3],"texture":"#5"},"down":{"uv":[1,1,3,3],"texture":"#5"}}},{"from":[7.8,5,7.25],"to":[9.2,5.5,7.75],"rotation":{"angle":45,"axis":"x","origin":[8.5,5.25,7.5]},"faces":{"north":{"uv":[6,2,7.999,3.999],"texture":"#5"},"east":{"uv":[6,2,7.999,3.999],"texture":"#5"},"south":{"uv":[6,2,7.999,3.999],"texture":"#5"},"west":{"uv":[6,2,7.999,3.999],"texture":"#5"},"up":{"uv":[6,2,7.999,3.999],"texture":"#5"},"down":{"uv":[6,2,7.999,3.999],"texture":"#5"}}},{"from":[7.8,4,7.25],"to":[9.2,4.5,7.75],"rotation":{"angle":45,"axis":"x","origin":[8.5,4.25,7.5]},"faces":{"north":{"uv":[7,4,8.999,5.999],"texture":"#5"},"east":{"uv":[7,4,8.999,5.999],"texture":"#5"},"south":{"uv":[7,4,8.999,5.999],"texture":"#5"},"west":{"uv":[7,4,8.999,5.999],"texture":"#5"},"up":{"uv":[7,4,8.999,5.999],"texture":"#5"},"down":{"uv":[7,4,8.999,5.999],"texture":"#5"}}},{"from":[7.9,7.4,6.9],"to":[9.1,11.1,8.1],"rotation":{"angle":0,"axis":"y","origin":[8.5,9.75,7.5]},"faces":{"north":{"uv":[14.999,7,15.998,12.998],"texture":"#5"},"east":{"uv":[14.999,7,15.998,12.998],"texture":"#5"},"south":{"uv":[14.999,7,15.998,12.998],"texture":"#5"},"west":{"uv":[14.999,7,15.998,12.998],"texture":"#5"},"up":{"uv":[14.999,7,15.998,12.998],"texture":"#5"},"down":{"uv":[14.999,7,15.998,12.998],"texture":"#5"}}},{"from":[7.87,10.17,3.07],"to":[9.13,10.73,6.63],"rotation":{"angle":0,"axis":"y","origin":[8.5,10.45,3.85]},"faces":{"north":{"uv":[5,4,8.995,5.995],"texture":"#5"},"east":{"uv":[5,4,8.995,5.995],"texture":"#5"},"south":{"uv":[5,4,8.995,5.995],"texture":"#5"},"west":{"uv":[5,4,8.995,5.995],"texture":"#5"},"up":{"uv":[5,4,8.995,5.995],"texture":"#5"},"down":{"uv":[5,4,8.995,5.995],"texture":"#5"}}},{"from":[7.86,9.16,2.36],"to":[9.14,10.24,6.94],"rotation":{"angle":0,"axis":"y","origin":[8.5,9.7,3.65]},"faces":{"north":{"uv":[1,8,7.997,10.996],"texture":"#5"},"east":{"uv":[1,8,7.997,10.996],"texture":"#5"},"south":{"uv":[1,8,7.997,10.996],"texture":"#5"},"west":{"uv":[1,8,7.997,10.996],"texture":"#5"},"up":{"uv":[1,8,7.997,10.996],"texture":"#5"},"down":{"uv":[1,8,7.997,10.996],"texture":"#5"}}},{"from":[7.9,8.8,1.9],"to":[9.1,9.8,2.9],"rotation":{"angle":0,"axis":"y","origin":[8.5,9.3,2.4]},"faces":{"north":{"uv":[4,12,7.998,14.995],"texture":"#5"},"east":{"uv":[4,12,7.998,14.995],"texture":"#5"},"south":{"uv":[4,12,7.998,14.995],"texture":"#5"},"west":{"uv":[4,12,7.998,14.995],"texture":"#5"},"up":{"uv":[4,12,7.998,14.995],"texture":"#5"},"down":{"uv":[4,12,7.998,14.995],"texture":"#5"}}},{"from":[8.1,7.75,0.7],"to":[8.9,8.35,1.3],"rotation":{"angle":0,"axis":"y","origin":[8.5,7.8,1]},"faces":{"north":{"uv":[6,8,7.993,9.994],"texture":"#5"},"east":{"uv":[6,8,7.993,9.994],"texture":"#5"},"south":{"uv":[6,8,7.993,9.994],"texture":"#5"},"west":{"uv":[6,8,7.993,9.994],"texture":"#5"},"up":{"uv":[6,8,7.993,9.994],"texture":"#5"},"down":{"uv":[6,8,7.993,9.994],"texture":"#5"}}},{"from":[8.11,7.66,0.41],"to":[8.89,8.24,0.99],"rotation":{"angle":0,"axis":"y","origin":[8.5,7.8,1]},"faces":{"north":{"uv":[6,8,7.993,9.994],"texture":"#5"},"east":{"uv":[6,8,7.993,9.994],"texture":"#5"},"south":{"uv":[6,8,7.993,9.994],"texture":"#5"},"west":{"uv":[6,8,7.993,9.994],"texture":"#5"},"up":{"uv":[6,8,7.993,9.994],"texture":"#5"},"down":{"uv":[6,8,7.993,9.994],"texture":"#5"}}},{"from":[8,7.9,1.1],"to":[9,8.7,1.9],"rotation":{"angle":0,"axis":"y","origin":[8.5,8.3,1.5]},"faces":{"north":{"uv":[2,8,4.995,9.994],"texture":"#5"},"east":{"uv":[2,8,4.995,9.994],"texture":"#5"},"south":{"uv":[2,8,4.995,9.994],"texture":"#5"},"west":{"uv":[2,8,4.995,9.994],"texture":"#5"},"up":{"uv":[2,8,4.995,9.994],"texture":"#5"},"down":{"uv":[2,8,4.995,9.994],"texture":"#5"}}},{"from":[7.94,8.34,1.54],"to":[9.06,9.26,2.46],"rotation":{"angle":0,"axis":"y","origin":[8.5,8.8,2]},"faces":{"north":{"uv":[5,0,8.997,2.996],"texture":"#5"},"east":{"uv":[5,0,8.997,2.996],"texture":"#5"},"south":{"uv":[5,0,8.997,2.996],"texture":"#5"},"west":{"uv":[5,0,8.997,2.996],"texture":"#5"},"up":{"uv":[5,0,8.997,2.996],"texture":"#5"},"down":{"uv":[5,0,8.997,2.996],"texture":"#5"}}},{"from":[8.075,-1.925,7.075],"to":[8.925,3.925,7.925],"rotation":{"angle":0,"axis":"y","origin":[8.5,1,7.5]},"faces":{"north":{"uv":[4,12,4.998,12.999],"texture":"#4"},"east":{"uv":[4,12,4.998,12.999],"texture":"#4"},"south":{"uv":[4,12,4.998,12.999],"texture":"#4"},"west":{"uv":[4,12,4.998,12.999],"texture":"#4"},"up":{"uv":[4,12,4.998,12.999],"texture":"#4"},"down":{"uv":[4,12,4.998,12.999],"texture":"#4"}}},{"from":[7.93,-4.53,6.93],"to":[9.07,-3.89,8.07],"rotation":{"angle":0,"axis":"y","origin":[8.5,-4.21,7.5]},"faces":{"north":{"uv":[2,1,6,3],"texture":"#5"},"east":{"uv":[2,1,6,3],"texture":"#5"},"south":{"uv":[2,1,6,3],"texture":"#5"},"west":{"uv":[2,1,6,3],"texture":"#5"},"up":{"uv":[2,1,6,3],"texture":"#5"},"down":{"uv":[2,1,6,3],"texture":"#5"}}},{"from":[7.92,-4.54,6.92],"to":[9.08,-3.88,8.08],"rotation":{"angle":-45,"axis":"y","origin":[8.5,-4.21,7.5]},"faces":{"north":{"uv":[2,1,6,3],"texture":"#5"},"east":{"uv":[2,1,6,3],"texture":"#5"},"south":{"uv":[2,1,6,3],"texture":"#5"},"west":{"uv":[2,1,6,3],"texture":"#5"},"up":{"uv":[2,1,6,3],"rotation":270,"texture":"#5"},"down":{"uv":[2,1,6,3],"rotation":90,"texture":"#5"}}},{"from":[7.96,11.5,6.96],"to":[9.04,12.08,8.04],"rotation":{"angle":0,"axis":"y","origin":[8.5,11.79,7.5]},"faces":{"north":{"uv":[13,4,13.997,4.999],"texture":"#4"},"east":{"uv":[13,4,13.997,4.999],"texture":"#4"},"south":{"uv":[13,4,13.997,4.999],"texture":"#4"},"west":{"uv":[13,4,13.997,4.999],"texture":"#4"},"up":{"uv":[13,4,13.997,4.999],"texture":"#4"},"down":{"uv":[13,4,13.997,4.999],"texture":"#4"}}},{"from":[7.75,7.5,7.375],"to":[9.25,11,7.625],"rotation":{"angle":22.5,"axis":"x","origin":[8.5,9.25,7.5]},"faces":{"north":{"uv":[5,3,5.999,4],"rotation":180,"texture":"#4"},"east":{"uv":[5,3,5.999,4],"rotation":270,"texture":"#4"},"south":{"uv":[5,3,5.999,4],"texture":"#4"},"west":{"uv":[5,3,5.999,4],"rotation":90,"texture":"#4"},"up":{"uv":[5,3,5.999,4],"rotation":180,"texture":"#4"},"down":{"uv":[5,3,5.999,4],"texture":"#4"}}},{"from":[7.75,7.5,7.375],"to":[9.25,11,7.625],"rotation":{"angle":-22.5,"axis":"x","origin":[8.5,9.25,7.5]},"faces":{"north":{"uv":[5,3,5.999,4],"rotation":180,"texture":"#4"},"east":{"uv":[5,3,5.999,4],"rotation":270,"texture":"#4"},"south":{"uv":[5,3,5.999,4],"texture":"#4"},"west":{"uv":[5,3,5.999,4],"rotation":90,"texture":"#4"},"up":{"uv":[5,3,5.999,4],"rotation":180,"texture":"#4"},"down":{"uv":[5,3,5.999,4],"texture":"#4"}}}],"display":{"thirdperson_righthand":{"translation":[-1,6.5,1.5],"scale":[1.2,1.2,1.2]},"thirdperson_lefthand":{"translation":[0.25,6.5,1.5],"scale":[1.2,1.2,1.2]},"firstperson_righthand":{"rotation":[-5,0,0],"translation":[3.5,5.5,-0.75],"scale":[1.2,1.2,1.2]},"firstperson_lefthand":{"rotation":[-5,0,0],"translation":[3.5,5.5,-0.75],"scale":[1.2,1.2,1.2]},"ground":{"translation":[0,11,0],"scale":[1.2,1.2,1.2]},"gui":{"rotation":[-45,-41,-62],"translation":[1.25,3,0]},"head":{"rotation":[-80,0,0],"translation":[-0.25,9.75,0],"scale":[1.2,-1.2,1.2]},"fixed":{"rotation":[0,90,0],"translation":[1,5.25,-0.5],"scale":[1.2,1.2,1.2]}}}