{"credit":"Made with Blockbench","textures":{"5":"iceandfire:custom/myrmex_desert_staff","particle":"iceandfire:custom/myrmex_desert_staff"},"elements":[{"from":[8,-8,8],"to":[9,-0.5,9],"rotation":{"angle":0,"axis":"y","origin":[8.5,-2.75,8.5]},"faces":{"north":{"uv":[9,7,9.5,7.5],"texture":"#5"},"east":{"uv":[9,7,9.5,7.5],"texture":"#5"},"south":{"uv":[9,7,9.5,7.5],"texture":"#5"},"west":{"uv":[9,7,9.5,7.5],"texture":"#5"},"up":{"uv":[9,7,9.5,7.5],"texture":"#5"},"down":{"uv":[9,7,9.5,7.5],"texture":"#5"}}},{"from":[8,-10,8],"to":[9,-7.5,9],"rotation":{"angle":-22.5,"axis":"x","origin":[8.5,-7.75,8.5]},"faces":{"north":{"uv":[9,7,9.5,7.5],"texture":"#5"},"east":{"uv":[9,7,9.5,7.5],"texture":"#5"},"south":{"uv":[9,7,9.5,7.5],"texture":"#5"},"west":{"uv":[9,7,9.5,7.5],"texture":"#5"},"up":{"uv":[9,7,9.5,7.5],"texture":"#5"},"down":{"uv":[9,7,9.5,7.5],"texture":"#5"}}},{"from":[8,-10,9.75],"to":[9,-7.5,10.75],"rotation":{"angle":45,"axis":"x","origin":[8.5,-8.75,10.25]},"faces":{"north":{"uv":[9,7,9.5,7.5],"texture":"#5"},"east":{"uv":[9,7,9.5,7.5],"texture":"#5"},"south":{"uv":[9,7,9.5,7.5],"texture":"#5"},"west":{"uv":[9,7,9.5,7.5],"texture":"#5"},"up":{"uv":[9,7,9.5,7.5],"texture":"#5"},"down":{"uv":[9,7,9.5,7.5],"texture":"#5"}}},{"from":[8,14.2,8],"to":[9,17.2,9],"rotation":{"angle":0,"axis":"y","origin":[8.5,16,8.5]},"faces":{"north":{"uv":[9,7,9.5,7.5],"texture":"#5"},"east":{"uv":[9,7,9.5,7.5],"texture":"#5"},"south":{"uv":[9,7,9.5,7.5],"texture":"#5"},"west":{"uv":[9,7,9.5,7.5],"texture":"#5"},"up":{"uv":[9,7,9.5,7.5],"texture":"#5"},"down":{"uv":[9,7,9.5,7.5],"texture":"#5"}}},{"from":[8,12,8],"to":[9,14.5,9],"rotation":{"angle":22.5,"axis":"x","origin":[8.5,14.25,8.5]},"faces":{"north":{"uv":[9,7,9.5,7.5],"texture":"#5"},"east":{"uv":[9,7,9.5,7.5],"texture":"#5"},"south":{"uv":[9,7,9.5,7.5],"texture":"#5"},"west":{"uv":[9,7,9.5,7.5],"texture":"#5"},"up":{"uv":[9,7,9.5,7.5],"texture":"#5"},"down":{"uv":[9,7,9.5,7.5],"texture":"#5"}}},{"from":[8,10,7],"to":[9,12.5,8],"rotation":{"angle":-22.5,"axis":"x","origin":[8.5,12.25,7.5]},"faces":{"north":{"uv":[9,7,9.5,7.5],"texture":"#5"},"east":{"uv":[9,7,9.5,7.5],"texture":"#5"},"south":{"uv":[9,7,9.5,7.5],"texture":"#5"},"west":{"uv":[9,7,9.5,7.5],"texture":"#5"},"up":{"uv":[9,7,9.5,7.5],"texture":"#5"},"down":{"uv":[9,7,9.5,7.5],"texture":"#5"}}},{"from":[8,4,8],"to":[9,10.75,9],"rotation":{"angle":0,"axis":"y","origin":[8.5,7.5,8.5]},"faces":{"north":{"uv":[9,7,9.499,7.5],"texture":"#5"},"east":{"uv":[9,7,9.499,7.5],"texture":"#5"},"south":{"uv":[9,7,9.499,7.5],"texture":"#5"},"west":{"uv":[9,7,9.499,7.5],"texture":"#5"},"up":{"uv":[9,7,9.499,7.5],"texture":"#5"},"down":{"uv":[9,7,9.499,7.5],"texture":"#5"}}},{"from":[8.075,-0.925,8.075],"to":[8.925,4.925,8.925],"rotation":{"angle":0,"axis":"y","origin":[8.5,2,8.5]},"faces":{"north":{"uv":[5.5,9.5,5.999,9.999],"texture":"#5"},"east":{"uv":[5.5,9.5,5.999,9.999],"texture":"#5"},"south":{"uv":[5.5,9.5,5.999,9.999],"texture":"#5"},"west":{"uv":[5.5,9.5,5.999,9.999],"texture":"#5"},"up":{"uv":[5.5,9.5,5.999,9.999],"texture":"#5"},"down":{"uv":[5.5,9.5,5.999,9.999],"texture":"#5"}}},{"from":[7.875,3.8,7.875],"to":[9.125,4.7,9.125],"rotation":{"angle":0,"axis":"y","origin":[8.5,4.25,8.5]},"faces":{"north":{"uv":[6,10,6.499,10.499],"texture":"#5"},"east":{"uv":[6,10,6.499,10.499],"texture":"#5"},"south":{"uv":[6,10,6.499,10.499],"texture":"#5"},"west":{"uv":[6,10,6.499,10.499],"texture":"#5"},"up":{"uv":[6,10,6.499,10.499],"texture":"#5"},"down":{"uv":[6,10,6.499,10.499],"texture":"#5"}}},{"from":[7.875,-1.2,7.875],"to":[9.125,-0.3,9.125],"rotation":{"angle":0,"axis":"y","origin":[8.5,-0.75,8.5]},"faces":{"north":{"uv":[6,10,6.499,10.499],"texture":"#5"},"east":{"uv":[6,10,6.499,10.499],"texture":"#5"},"south":{"uv":[6,10,6.499,10.499],"texture":"#5"},"west":{"uv":[6,10,6.499,10.499],"texture":"#5"},"up":{"uv":[6,10,6.499,10.499],"texture":"#5"},"down":{"uv":[6,10,6.499,10.499],"texture":"#5"}}},{"from":[5.5,15.5,6.5],"to":[11.5,20.5,14.5],"rotation":{"angle":0,"axis":"y","origin":[8.5,18,10.5]},"faces":{"north":{"uv":[11.5,4,13.997,6.499],"texture":"#5"},"east":{"uv":[10.5,4.5,14.999,7],"texture":"#5"},"south":{"uv":[11,5,15.497,6.998],"texture":"#5"},"west":{"uv":[14.999,4.5,10.5,7],"texture":"#5"},"up":{"uv":[12,4.5,14.999,7],"rotation":90,"texture":"#5"},"down":{"uv":[12,4.5,14.999,7],"rotation":270,"texture":"#5"}}},{"from":[6.5,16.5,3.5],"to":[10.5,19.5,9.5],"rotation":{"angle":0,"axis":"y","origin":[8.5,18,6.5]},"faces":{"north":{"uv":[10.5,3.5,12.998,5.499],"texture":"#5"},"east":{"uv":[10.5,3.5,12.998,5.499],"texture":"#5"},"south":{"uv":[10.5,3.5,12.998,5.499],"texture":"#5"},"west":{"uv":[10.5,3.5,12.998,5.499],"texture":"#5"},"up":{"uv":[10.5,3.5,12.998,5.499],"texture":"#5"},"down":{"uv":[10.5,3.5,12.998,5.499],"texture":"#5"}}},{"from":[8.2,17.2,-0.1],"to":[8.8,18.3,3.5],"rotation":{"angle":0,"axis":"z","origin":[8.5,17.75,1.7]},"faces":{"north":{"uv":[8.5,2,8.996,2.498],"rotation":180,"texture":"#5"},"east":{"uv":[8.5,2,8.997,3.999],"rotation":90,"texture":"#5"},"south":{"uv":[8.5,2,8.997,3.999],"texture":"#5"},"west":{"uv":[8.5,2,8.997,3.999],"rotation":270,"texture":"#5"},"up":{"uv":[8.5,2,8.997,3.999],"texture":"#5"},"down":{"uv":[8.5,2,8.997,3.999],"rotation":180,"texture":"#5"}}},{"from":[8.4,17.4,-1.9],"to":[8.6,18.1,1.3],"rotation":{"angle":0,"axis":"z","origin":[8.5,17.75,-0.3]},"faces":{"north":{"uv":[6.996,0.5,7.495,1.498],"rotation":90,"texture":"#5"},"east":{"uv":[6.996,0.5,7.495,1.498],"rotation":90,"texture":"#5"},"south":{"uv":[6.996,0.5,7.495,1.498],"rotation":90,"texture":"#5"},"west":{"uv":[6.996,0.5,7.495,1.498],"rotation":90,"texture":"#5"},"up":{"uv":[6.996,0.5,7.495,1.498],"rotation":90,"texture":"#5"},"down":{"uv":[6.996,0.5,7.495,1.498],"rotation":90,"texture":"#5"}}}],"display":{"thirdperson_righthand":{"translation":[-1,5.25,0.75],"scale":[1.2,1.2,1.2]},"thirdperson_lefthand":{"translation":[0,5.25,0.75],"scale":[1.2,1.2,1.2]},"firstperson_righthand":{"rotation":[-5,0,0],"translation":[3.5,5.25,-0.75],"scale":[1.2,1.2,1.2]},"firstperson_lefthand":{"rotation":[-5,0,0],"translation":[3.5,5.25,-0.75],"scale":[1.2,1.2,1.2]},"ground":{"translation":[0,16.5,0],"scale":[1.2,1.2,1.2]},"gui":{"rotation":[-45,-41,-62],"translation":[1.25,3,0]},"head":{"translation":[0,4.5,0],"scale":[1.2,1.2,1.2]},"fixed":{"rotation":[0,90,0],"translation":[1,3,-0.5],"scale":[1.2,1.2,1.2]}}}