{"credit":"Made with Blockbench","textures":{"2":"iceandfire:custom/myrmex_jungle_swarm"},"elements":[{"from":[8.075,-1.925,7.075],"to":[8.925,5.925,7.925],"rotation":{"angle":0,"axis":"y","origin":[8.5,2,7.5]},"faces":{"north":{"uv":[3,13,3.998,13.998],"texture":"#2"},"east":{"uv":[3,13,3.998,13.998],"texture":"#2"},"south":{"uv":[3,13,3.998,13.998],"texture":"#2"},"west":{"uv":[3,13,3.998,13.998],"texture":"#2"},"up":{"uv":[3,13,3.998,13.998],"texture":"#2"},"down":{"uv":[3,13,3.998,13.998],"texture":"#2"}}},{"from":[7.98,-0.52,7.23],"to":[9.02,0.02,7.77],"rotation":{"angle":45,"axis":"x","origin":[8.5,-0.25,7.5]},"faces":{"north":{"uv":[1,14,1.999,14.999],"texture":"#2"},"east":{"uv":[1,14,1.999,14.999],"texture":"#2"},"south":{"uv":[1,14,1.999,14.999],"texture":"#2"},"west":{"uv":[1,14,1.999,14.999],"texture":"#2"},"up":{"uv":[1,14,1.999,14.999],"texture":"#2"},"down":{"uv":[1,14,1.999,14.999],"texture":"#2"}}},{"from":[7.98,0.48,7.23],"to":[9.02,1.02,7.77],"rotation":{"angle":45,"axis":"x","origin":[8.5,0.75,7.5]},"faces":{"north":{"uv":[1,14,1.999,14.999],"texture":"#2"},"east":{"uv":[1,14,1.999,14.999],"texture":"#2"},"south":{"uv":[1,14,1.999,14.999],"texture":"#2"},"west":{"uv":[1,14,1.999,14.999],"texture":"#2"},"up":{"uv":[1,14,1.999,14.999],"texture":"#2"},"down":{"uv":[1,14,1.999,14.999],"texture":"#2"}}},{"from":[7.98,2.48,7.23],"to":[9.02,3.02,7.77],"rotation":{"angle":45,"axis":"x","origin":[8.5,2.75,7.5]},"faces":{"north":{"uv":[1,14,1.999,14.999],"texture":"#2"},"east":{"uv":[1,14,1.999,14.999],"texture":"#2"},"south":{"uv":[1,14,1.999,14.999],"texture":"#2"},"west":{"uv":[1,14,1.999,14.999],"texture":"#2"},"up":{"uv":[1,14,1.999,14.999],"texture":"#2"},"down":{"uv":[1,14,1.999,14.999],"texture":"#2"}}},{"from":[7.98,3.48,7.23],"to":[9.02,4.02,7.77],"rotation":{"angle":45,"axis":"x","origin":[8.5,3.75,7.5]},"faces":{"north":{"uv":[1,14,1.999,14.999],"texture":"#2"},"east":{"uv":[1,14,1.999,14.999],"texture":"#2"},"south":{"uv":[1,14,1.999,14.999],"texture":"#2"},"west":{"uv":[1,14,1.999,14.999],"texture":"#2"},"up":{"uv":[1,14,1.999,14.999],"texture":"#2"},"down":{"uv":[1,14,1.999,14.999],"texture":"#2"}}},{"from":[7.98,4.48,7.23],"to":[9.02,5.02,7.77],"rotation":{"angle":45,"axis":"x","origin":[8.5,4.75,7.5]},"faces":{"north":{"uv":[1,14,1.999,14.999],"texture":"#2"},"east":{"uv":[1,14,1.999,14.999],"texture":"#2"},"south":{"uv":[1,14,1.999,14.999],"texture":"#2"},"west":{"uv":[1,14,1.999,14.999],"texture":"#2"},"up":{"uv":[1,14,1.999,14.999],"texture":"#2"},"down":{"uv":[1,14,1.999,14.999],"texture":"#2"}}},{"from":[7.98,1.48,7.23],"to":[9.02,2.02,7.77],"rotation":{"angle":45,"axis":"x","origin":[8.5,1.75,7.5]},"faces":{"north":{"uv":[1,14,1.999,14.999],"texture":"#2"},"east":{"uv":[1,14,1.999,14.999],"texture":"#2"},"south":{"uv":[1,14,1.999,14.999],"texture":"#2"},"west":{"uv":[1,14,1.999,14.999],"texture":"#2"},"up":{"uv":[1,14,1.999,14.999],"texture":"#2"},"down":{"uv":[1,14,1.999,14.999],"texture":"#2"}}},{"from":[7.98,-1.52,7.23],"to":[9.02,-0.98,7.77],"rotation":{"angle":45,"axis":"x","origin":[8.5,-1.25,7.5]},"faces":{"north":{"uv":[1,14,1.999,14.999],"texture":"#2"},"east":{"uv":[1,14,1.999,14.999],"texture":"#2"},"south":{"uv":[1,14,1.999,14.999],"texture":"#2"},"west":{"uv":[1,14,1.999,14.999],"texture":"#2"},"up":{"uv":[1,14,1.999,14.999],"texture":"#2"},"down":{"uv":[1,14,1.999,14.999],"texture":"#2"}}},{"from":[7.96,-2.5,6.96],"to":[9.04,-1.5,8.04],"rotation":{"angle":45,"axis":"x","origin":[8.5,-2,7.5]},"faces":{"north":{"uv":[1,15,1.996,15.998],"texture":"#2"},"east":{"uv":[1,15,1.996,15.998],"texture":"#2"},"south":{"uv":[1,15,1.996,15.998],"texture":"#2"},"west":{"uv":[1,15,1.996,15.998],"texture":"#2"},"up":{"uv":[1,15,1.996,15.998],"texture":"#2"},"down":{"uv":[1,15,1.996,15.998],"texture":"#2"}}},{"from":[6,5,5],"to":[11,10,10],"rotation":{"angle":0,"axis":"y","origin":[8.5,7.5,7.5]},"faces":{"north":{"uv":[2,5,7,7.999],"texture":"#2"},"east":{"uv":[2,5,7,7.999],"texture":"#2"},"south":{"uv":[2,5,7,7.999],"texture":"#2"},"west":{"uv":[2,5,7,7.999],"texture":"#2"},"up":{"uv":[2,5,7,7.999],"texture":"#2"},"down":{"uv":[2,5,7,7.999],"texture":"#2"}}},{"from":[9.5,6,4.5],"to":[10,8,5],"rotation":{"angle":0,"axis":"y","origin":[9.75,7,4.5]},"faces":{"north":{"uv":[2,3,2.5,5],"texture":"#2"},"east":{"uv":[2,3,2.5,5],"texture":"#2"},"south":{"uv":[2,3,2.5,5],"texture":"#2"},"west":{"uv":[2,3,2.5,5],"texture":"#2"},"up":{"uv":[2,3,2.5,5],"texture":"#2"},"down":{"uv":[2,3,2.5,5],"texture":"#2"}}},{"from":[8.5,6,10],"to":[9,8,10.5],"rotation":{"angle":0,"axis":"y","origin":[8.75,7,10.5]},"faces":{"north":{"uv":[2,3,2.5,5],"texture":"#2"},"east":{"uv":[2,3,2.5,5],"texture":"#2"},"south":{"uv":[2,3,2.5,5],"texture":"#2"},"west":{"uv":[2,3,2.5,5],"texture":"#2"},"up":{"uv":[2,3,2.5,5],"texture":"#2"},"down":{"uv":[2,3,2.5,5],"texture":"#2"}}},{"from":[8.5,10,6.225],"to":[9,10.5,8.225],"rotation":{"angle":0,"axis":"x","origin":[8,10,7.225]},"faces":{"north":{"uv":[2,3,2.5,5],"rotation":180,"texture":"#2"},"east":{"uv":[2,3,2.5,5],"rotation":90,"texture":"#2"},"south":{"uv":[2,3,2.5,5],"texture":"#2"},"west":{"uv":[2,3,2.5,5],"rotation":270,"texture":"#2"},"up":{"uv":[2,3,2.5,5],"texture":"#2"},"down":{"uv":[2,3,2.5,5],"rotation":180,"texture":"#2"}}},{"from":[11,6,6.225],"to":[11.5,8,6.725],"rotation":{"angle":0,"axis":"y","origin":[11.225,7,7.225]},"faces":{"north":{"uv":[2,3,2.5,5],"texture":"#2"},"east":{"uv":[2,3,2.5,5],"texture":"#2"},"south":{"uv":[2,3,2.5,5],"texture":"#2"},"west":{"uv":[2,3,2.5,5],"texture":"#2"},"up":{"uv":[2,3,2.5,5],"rotation":270,"texture":"#2"},"down":{"uv":[2,3,2.5,5],"rotation":90,"texture":"#2"}}},{"from":[5.5,6,5.225],"to":[6,8,5.725],"rotation":{"angle":0,"axis":"y","origin":[5.725,7,6.225]},"faces":{"north":{"uv":[2,3,2.5,5],"texture":"#2"},"east":{"uv":[2,3,2.5,5],"texture":"#2"},"south":{"uv":[2,3,2.5,5],"texture":"#2"},"west":{"uv":[2,3,2.5,5],"texture":"#2"},"up":{"uv":[2,3,2.5,5],"rotation":270,"texture":"#2"},"down":{"uv":[2,3,2.5,5],"rotation":90,"texture":"#2"}}},{"from":[8,8,4.5],"to":[10,8.5,5],"rotation":{"angle":0,"axis":"z","origin":[9,8.25,4.75]},"faces":{"north":{"uv":[2,2,4.5,3],"rotation":270,"texture":"#2"},"east":{"uv":[2,2,4.5,3],"rotation":270,"texture":"#2"},"south":{"uv":[2,2,4.5,3],"rotation":270,"texture":"#2"},"west":{"uv":[2,2,4.5,3],"rotation":270,"texture":"#2"},"up":{"uv":[2,2,4.5,3],"rotation":270,"texture":"#2"},"down":{"uv":[2,2,4.5,3],"rotation":270,"texture":"#2"}}},{"from":[7,8,10],"to":[9,8.5,10.5],"rotation":{"angle":0,"axis":"z","origin":[8,8.25,10.75]},"faces":{"north":{"uv":[2,2,4.5,3],"rotation":270,"texture":"#2"},"east":{"uv":[2,2,4.5,3],"rotation":270,"texture":"#2"},"south":{"uv":[2,2,4.5,3],"rotation":270,"texture":"#2"},"west":{"uv":[2,2,4.5,3],"rotation":270,"texture":"#2"},"up":{"uv":[2,2,4.5,3],"rotation":270,"texture":"#2"},"down":{"uv":[2,2,4.5,3],"rotation":270,"texture":"#2"}}},{"from":[7,10,5.725],"to":[9,10.5,6.225],"rotation":{"angle":0,"axis":"x","origin":[8,10,7.225]},"faces":{"north":{"uv":[2,2,4.5,3],"rotation":90,"texture":"#2"},"east":{"uv":[2,2,4.5,3],"texture":"#2"},"south":{"uv":[2,2,4.5,3],"rotation":270,"texture":"#2"},"west":{"uv":[2,2,4.5,3],"rotation":180,"texture":"#2"},"up":{"uv":[2,2,4.5,3],"rotation":270,"texture":"#2"},"down":{"uv":[2,2,4.5,3],"rotation":90,"texture":"#2"}}},{"from":[11,8,6.225],"to":[11.5,8.5,8.225],"rotation":{"angle":0,"axis":"y","origin":[11.225,7,7.225]},"faces":{"north":{"uv":[2,2,4.5,3],"rotation":270,"texture":"#2"},"east":{"uv":[2,2,4.5,3],"rotation":270,"texture":"#2"},"south":{"uv":[2,2,4.5,3],"rotation":270,"texture":"#2"},"west":{"uv":[2,2,4.5,3],"rotation":270,"texture":"#2"},"up":{"uv":[2,2,4.5,3],"rotation":180,"texture":"#2"},"down":{"uv":[2,2,4.5,3],"texture":"#2"}}},{"from":[5.5,8,5.225],"to":[6,8.5,7.225],"rotation":{"angle":0,"axis":"y","origin":[5.725,7,6.225]},"faces":{"north":{"uv":[2,2,4.5,3],"rotation":270,"texture":"#2"},"east":{"uv":[2,2,4.5,3],"rotation":270,"texture":"#2"},"south":{"uv":[2,2,4.5,3],"rotation":270,"texture":"#2"},"west":{"uv":[2,2,4.5,3],"rotation":270,"texture":"#2"},"up":{"uv":[2,2,4.5,3],"rotation":180,"texture":"#2"},"down":{"uv":[2,2,4.5,3],"texture":"#2"}}},{"from":[8,5.5,4.5],"to":[10,6,5],"rotation":{"angle":0,"axis":"z","origin":[9,5.75,4.75]},"faces":{"north":{"uv":[2,2,4.5,3],"rotation":270,"texture":"#2"},"east":{"uv":[2,2,4.5,3],"rotation":270,"texture":"#2"},"south":{"uv":[2,2,4.5,3],"rotation":270,"texture":"#2"},"west":{"uv":[2,2,4.5,3],"rotation":270,"texture":"#2"},"up":{"uv":[2,2,4.5,3],"rotation":270,"texture":"#2"},"down":{"uv":[2,2,4.5,3],"rotation":270,"texture":"#2"}}},{"from":[7,5.5,10],"to":[9,6,10.5],"rotation":{"angle":0,"axis":"z","origin":[8,5.75,10.75]},"faces":{"north":{"uv":[2,2,4.5,3],"rotation":270,"texture":"#2"},"east":{"uv":[2,2,4.5,3],"rotation":270,"texture":"#2"},"south":{"uv":[2,2,4.5,3],"rotation":270,"texture":"#2"},"west":{"uv":[2,2,4.5,3],"rotation":270,"texture":"#2"},"up":{"uv":[2,2,4.5,3],"rotation":270,"texture":"#2"},"down":{"uv":[2,2,4.5,3],"rotation":270,"texture":"#2"}}},{"from":[7,10,8.225],"to":[9,10.5,8.725],"rotation":{"angle":0,"axis":"x","origin":[8,10,7.225]},"faces":{"north":{"uv":[2,2,4.5,3],"rotation":90,"texture":"#2"},"east":{"uv":[2,2,4.5,3],"texture":"#2"},"south":{"uv":[2,2,4.5,3],"rotation":270,"texture":"#2"},"west":{"uv":[2,2,4.5,3],"rotation":180,"texture":"#2"},"up":{"uv":[2,2,4.5,3],"rotation":270,"texture":"#2"},"down":{"uv":[2,2,4.5,3],"rotation":90,"texture":"#2"}}},{"from":[11,5.5,6.225],"to":[11.5,6,8.225],"rotation":{"angle":0,"axis":"y","origin":[11.225,7,7.225]},"faces":{"north":{"uv":[2,2,4.5,3],"rotation":270,"texture":"#2"},"east":{"uv":[2,2,4.5,3],"rotation":270,"texture":"#2"},"south":{"uv":[2,2,4.5,3],"rotation":270,"texture":"#2"},"west":{"uv":[2,2,4.5,3],"rotation":270,"texture":"#2"},"up":{"uv":[2,2,4.5,3],"rotation":180,"texture":"#2"},"down":{"uv":[2,2,4.5,3],"texture":"#2"}}},{"from":[5.5,5.5,5.225],"to":[6,6,7.225],"rotation":{"angle":0,"axis":"y","origin":[5.725,7,6.225]},"faces":{"north":{"uv":[2,2,4.5,3],"rotation":270,"texture":"#2"},"east":{"uv":[2,2,4.5,3],"rotation":270,"texture":"#2"},"south":{"uv":[2,2,4.5,3],"rotation":270,"texture":"#2"},"west":{"uv":[2,2,4.5,3],"rotation":270,"texture":"#2"},"up":{"uv":[2,2,4.5,3],"rotation":180,"texture":"#2"},"down":{"uv":[2,2,4.5,3],"texture":"#2"}}},{"from":[8.5,6,4.75],"to":[9.5,8,5],"rotation":{"angle":0,"axis":"z","origin":[9,7,4.875]},"faces":{"north":{"uv":[3,3,3.999,4.998],"texture":"#2"},"east":{"uv":[3,3,3.999,4.998],"texture":"#2"},"south":{"uv":[3,3,3.999,4.998],"texture":"#2"},"west":{"uv":[3,3,3.999,4.998],"texture":"#2"},"up":{"uv":[3,3,3.999,4.998],"texture":"#2"},"down":{"uv":[3,3,3.999,4.998],"texture":"#2"}}},{"from":[7.5,6,10],"to":[8.5,8,10.25],"rotation":{"angle":0,"axis":"z","origin":[8,7,10.875]},"faces":{"north":{"uv":[3,3,3.999,4.998],"texture":"#2"},"east":{"uv":[3,3,3.999,4.998],"texture":"#2"},"south":{"uv":[3,3,3.999,4.998],"texture":"#2"},"west":{"uv":[3,3,3.999,4.998],"texture":"#2"},"up":{"uv":[3,3,3.999,4.998],"texture":"#2"},"down":{"uv":[3,3,3.999,4.998],"texture":"#2"}}},{"from":[7.5,10,6.225],"to":[8.5,10.25,8.225],"rotation":{"angle":0,"axis":"x","origin":[8,10,7.225]},"faces":{"north":{"uv":[3,3,3.999,4.998],"rotation":180,"texture":"#2"},"east":{"uv":[3,3,3.999,4.998],"rotation":90,"texture":"#2"},"south":{"uv":[3,3,3.999,4.998],"texture":"#2"},"west":{"uv":[3,3,3.999,4.998],"rotation":270,"texture":"#2"},"up":{"uv":[3,3,3.999,4.998],"texture":"#2"},"down":{"uv":[3,3,3.999,4.998],"rotation":180,"texture":"#2"}}},{"from":[11,6,6.725],"to":[11.25,8,7.725],"rotation":{"angle":0,"axis":"y","origin":[11.225,7,7.225]},"faces":{"north":{"uv":[3,3,3.999,4.998],"texture":"#2"},"east":{"uv":[3,3,3.999,4.998],"texture":"#2"},"south":{"uv":[3,3,3.999,4.998],"texture":"#2"},"west":{"uv":[3,3,3.999,4.998],"texture":"#2"},"up":{"uv":[3,3,3.999,4.998],"rotation":270,"texture":"#2"},"down":{"uv":[3,3,3.999,4.998],"rotation":90,"texture":"#2"}}},{"from":[5.75,6,5.725],"to":[6,8,6.725],"rotation":{"angle":0,"axis":"y","origin":[5.875,7,6.225]},"faces":{"north":{"uv":[3,3,3.999,4.998],"texture":"#2"},"east":{"uv":[3,3,3.999,4.998],"texture":"#2"},"south":{"uv":[3,3,3.999,4.998],"texture":"#2"},"west":{"uv":[3,3,3.999,4.998],"texture":"#2"},"up":{"uv":[3,3,3.999,4.998],"rotation":270,"texture":"#2"},"down":{"uv":[3,3,3.999,4.998],"rotation":90,"texture":"#2"}}},{"from":[8,6,4.5],"to":[8.5,8,5],"rotation":{"angle":0,"axis":"y","origin":[8.25,7,4.75]},"faces":{"north":{"uv":[2,3,2.5,5],"texture":"#2"},"east":{"uv":[2,3,2.5,5],"texture":"#2"},"south":{"uv":[2,3,2.5,5],"texture":"#2"},"west":{"uv":[2,3,2.5,5],"texture":"#2"},"up":{"uv":[2,3,2.5,5],"texture":"#2"},"down":{"uv":[2,3,2.5,5],"texture":"#2"}}},{"from":[7,6,10],"to":[7.5,8,10.5],"rotation":{"angle":0,"axis":"y","origin":[7.25,7,10.75]},"faces":{"north":{"uv":[2,3,2.5,5],"texture":"#2"},"east":{"uv":[2,3,2.5,5],"texture":"#2"},"south":{"uv":[2,3,2.5,5],"texture":"#2"},"west":{"uv":[2,3,2.5,5],"texture":"#2"},"up":{"uv":[2,3,2.5,5],"texture":"#2"},"down":{"uv":[2,3,2.5,5],"texture":"#2"}}},{"from":[7,10,6.225],"to":[7.5,10.5,8.225],"rotation":{"angle":0,"axis":"x","origin":[8,10,7.225]},"faces":{"north":{"uv":[2,3,2.5,5],"rotation":180,"texture":"#2"},"east":{"uv":[2,3,2.5,5],"rotation":90,"texture":"#2"},"south":{"uv":[2,3,2.5,5],"texture":"#2"},"west":{"uv":[2,3,2.5,5],"rotation":270,"texture":"#2"},"up":{"uv":[2,3,2.5,5],"texture":"#2"},"down":{"uv":[2,3,2.5,5],"rotation":180,"texture":"#2"}}},{"from":[11,6,7.725],"to":[11.5,8,8.225],"rotation":{"angle":0,"axis":"y","origin":[11.225,7,7.225]},"faces":{"north":{"uv":[2,3,2.5,5],"texture":"#2"},"east":{"uv":[2,3,2.5,5],"texture":"#2"},"south":{"uv":[2,3,2.5,5],"texture":"#2"},"west":{"uv":[2,3,2.5,5],"texture":"#2"},"up":{"uv":[2,3,2.5,5],"rotation":270,"texture":"#2"},"down":{"uv":[2,3,2.5,5],"rotation":90,"texture":"#2"}}},{"from":[5.5,6,6.725],"to":[6,8,7.225],"rotation":{"angle":0,"axis":"y","origin":[5.725,7,6.225]},"faces":{"north":{"uv":[2,3,2.5,5],"texture":"#2"},"east":{"uv":[2,3,2.5,5],"texture":"#2"},"south":{"uv":[2,3,2.5,5],"texture":"#2"},"west":{"uv":[2,3,2.5,5],"texture":"#2"},"up":{"uv":[2,3,2.5,5],"rotation":270,"texture":"#2"},"down":{"uv":[2,3,2.5,5],"rotation":90,"texture":"#2"}}},{"from":[6,4,10],"to":[11,5,10.01],"rotation":{"angle":0,"axis":"y","origin":[8.5,4.5,10.005]},"faces":{"north":{"uv":[0,11,12.996,12.8],"texture":"#2"},"east":{"uv":[14,13,15,14.999],"texture":"#2"},"south":{"uv":[0,11,12.996,12.8],"texture":"#2"},"west":{"uv":[13,13,14,14],"texture":"#2"},"up":{"uv":[13,12,14,13.999],"texture":"#2"},"down":{"uv":[13,12,14,13.999],"texture":"#2"}}},{"from":[6,4,5],"to":[11,5,5.01],"rotation":{"angle":0,"axis":"y","origin":[8.5,4.5,5.005]},"faces":{"north":{"uv":[0,11,12.996,12.8],"texture":"#2"},"east":{"uv":[14,13,15,14.999],"texture":"#2"},"south":{"uv":[0,11,12.996,12.8],"texture":"#2"},"west":{"uv":[13,13,14,14],"texture":"#2"},"up":{"uv":[13,12,14,13.999],"texture":"#2"},"down":{"uv":[13,12,14,13.999],"texture":"#2"}}},{"from":[11,4,5],"to":[11.01,5,10],"rotation":{"angle":0,"axis":"y","origin":[11.005,4.5,7.5]},"faces":{"north":{"uv":[14,13,15,14.999],"texture":"#2"},"east":{"uv":[0,11,12.996,12.8],"texture":"#2"},"south":{"uv":[13,13,14,14],"texture":"#2"},"west":{"uv":[0,11,12.996,12.8],"texture":"#2"},"up":{"uv":[13,12,14,13.999],"rotation":270,"texture":"#2"},"down":{"uv":[13,12,14,13.999],"rotation":90,"texture":"#2"}}},{"from":[6,4,5],"to":[6.01,5,10],"rotation":{"angle":0,"axis":"y","origin":[6.005,4.5,7.5]},"faces":{"north":{"uv":[14,13,15,14.999],"texture":"#2"},"east":{"uv":[0,11,12.996,12.8],"texture":"#2"},"south":{"uv":[13,13,14,14],"texture":"#2"},"west":{"uv":[0,11,12.996,12.8],"texture":"#2"},"up":{"uv":[13,12,14,13.999],"rotation":270,"texture":"#2"},"down":{"uv":[13,12,14,13.999],"rotation":90,"texture":"#2"}}}],"display":{"thirdperson_righthand":{"translation":[-1.25,5,2],"scale":[1.2,1.2,1.2]},"thirdperson_lefthand":{"translation":[0.25,5,2],"scale":[1.2,1.2,1.2]},"firstperson_righthand":{"rotation":[-5,0,0],"translation":[2.25,5,-0.75]},"firstperson_lefthand":{"rotation":[-5,0,0],"translation":[2.25,5,-0.75]},"ground":{"translation":[0,8.25,0],"scale":[1.2,1.2,1.2]},"gui":{"rotation":[-45,-41,-62],"translation":[1,2.5,0]},"head":{"translation":[-0.75,11,0],"scale":[1.2,1.2,1.2]},"fixed":{"rotation":[0,90,0],"translation":[1,4.25,-0.5],"scale":[1.2,1.2,1.2]}}}