{"credit":"Made with Blockbench","textures":{"main":"iceandfire:custom/blzpx"},"elements":[{"from":[8,-4,7],"to":[9,-1.5,8],"rotation":{"angle":0,"axis":"y","origin":[8.5,-2.75,7.5]},"faces":{"north":{"uv":[0.5,3,0.7495,3.24975],"texture":"#main"},"east":{"uv":[0.5,3,0.7495,3.24975],"texture":"#main"},"south":{"uv":[0.5,3,0.7495,3.24975],"texture":"#main"},"west":{"uv":[0.5,3,0.7495,3.24975],"texture":"#main"},"up":{"uv":[0.5,3,0.7495,3.24975],"texture":"#main"},"down":{"uv":[0.5,3,0.7495,3.24975],"texture":"#main"}}},{"from":[7.9,-4.3,6.9],"to":[9.1,-3.1,8.1],"rotation":{"angle":45,"axis":"x","origin":[8.5,-3.7,7.5]},"faces":{"north":{"uv":[0.5,3.25,0.7495,3.49975],"texture":"#main"},"east":{"uv":[0.5,3.25,0.7495,3.49975],"texture":"#main"},"south":{"uv":[0.5,3.25,0.7495,3.49975],"texture":"#main"},"west":{"uv":[0.5,3.25,0.7495,3.49975],"texture":"#main"},"up":{"uv":[0.5,3.25,0.7495,3.49975],"texture":"#main"},"down":{"uv":[0.5,3.25,0.7495,3.49975],"texture":"#main"}}},{"from":[7.5,9.5,6.5],"to":[9.5,11.5,8.5],"rotation":{"angle":0,"axis":"x","origin":[8.5,10.5,7.5]},"faces":{"north":{"uv":[0.25,3.24975,0.749,3.4995],"rotation":270,"texture":"#main"},"east":{"uv":[0.25,3.24975,0.749,3.4995],"rotation":270,"texture":"#main"},"south":{"uv":[0.25,3.24975,0.749,3.4995],"rotation":270,"texture":"#main"},"west":{"uv":[0.25,3.24975,0.749,3.4995],"rotation":270,"texture":"#main"},"up":{"uv":[0.49875,3.24925,0.7485,3.49925],"rotation":270,"texture":"#main"},"down":{"uv":[0.25,3.24975,0.49875,3.49925],"rotation":270,"texture":"#main"}}},{"from":[7.125,11.5,6.125],"to":[9.875,14.5,8.875],"rotation":{"angle":0,"axis":"x","origin":[8.5,13,7.5]},"faces":{"north":{"uv":[1,5,2.99975,7.24975],"texture":"#main"},"east":{"uv":[1,5,2.99975,7.24975],"texture":"#main"},"south":{"uv":[1,5,2.99975,7.24975],"texture":"#main"},"west":{"uv":[1,5,2.99975,7.24975],"texture":"#main"},"up":{"uv":[1.25,5,2.74975,5.7495],"texture":"#main"},"down":{"uv":[1,5,2.99975,7.24975],"texture":"#main"}}},{"from":[7.5,14.5,6.5],"to":[9.5,15,8.5],"rotation":{"angle":0,"axis":"x","origin":[8.5,14.75,7.5]},"faces":{"north":{"uv":[1.25,4.7495,2.74975,4.9995],"texture":"#main"},"east":{"uv":[1.25,4.7495,2.74975,4.9995],"texture":"#main"},"south":{"uv":[1.25,4.7495,2.74975,4.9995],"texture":"#main"},"west":{"uv":[1.25,4.7495,2.74975,4.9995],"texture":"#main"},"up":{"uv":[1.5,5.75,2.49975,7.2495],"texture":"#main"},"down":{"uv":[1.25,4.7495,2.74975,4.9995],"texture":"#main"}}},{"from":[8,15,7],"to":[9,15.3,8],"rotation":{"angle":0,"axis":"x","origin":[8.5,15.25,7.5]},"faces":{"north":{"uv":[1.5,4.5,2.4995,4.74975],"texture":"#main"},"east":{"uv":[1.5,4.5,2.4995,4.74975],"texture":"#main"},"south":{"uv":[1.5,4.5,2.4995,4.74975],"texture":"#main"},"west":{"uv":[1.5,4.5,2.4995,4.74975],"texture":"#main"},"up":{"uv":[1.5,4.5,2.4995,4.74975],"texture":"#main"},"down":{"uv":[1.5,4.5,2.4995,4.74975],"texture":"#main"}}},{"from":[8,3,7],"to":[9,11.5,8],"rotation":{"angle":0,"axis":"y","origin":[8.5,7.25,7.5]},"faces":{"north":{"uv":[1.5,2,1.74925,2.24975],"texture":"#main"},"east":{"uv":[1.5,2,1.74925,2.24975],"texture":"#main"},"south":{"uv":[1.5,2,1.74925,2.24975],"texture":"#main"},"west":{"uv":[1.5,2,1.74925,2.24975],"texture":"#main"},"up":{"uv":[1.5,2,1.74925,2.24975],"texture":"#main"},"down":{"uv":[1.5,2,1.74925,2.24975],"texture":"#main"}}},{"from":[8.075,-1.925,7.075],"to":[8.925,3.925,7.925],"rotation":{"angle":0,"axis":"y","origin":[8.5,1,7.5]},"faces":{"north":{"uv":[1.25,2.25,1.4995,2.49975],"texture":"#main"},"east":{"uv":[1.25,2.25,1.4995,2.49975],"texture":"#main"},"south":{"uv":[1.25,2.25,1.4995,2.49975],"texture":"#main"},"west":{"uv":[1.25,2.25,1.4995,2.49975],"texture":"#main"},"up":{"uv":[1.25,2.25,1.4995,2.49975],"texture":"#main"},"down":{"uv":[1.25,2.25,1.4995,2.49975],"texture":"#main"}}},{"from":[7,11,6],"to":[10,14,9],"rotation":{"angle":45,"axis":"x","origin":[8.5,12.5,7.5]},"faces":{"north":{"uv":[0.5,0.75,0.7495,0.99975],"texture":"#main"},"east":{"uv":[2.025,0.775,3.225,1.975],"texture":"#main"},"south":{"uv":[0.5,0.75,0.7495,0.99975],"texture":"#main"},"west":{"uv":[2.025,0.775,3.225,1.975],"rotation":270,"texture":"#main"},"up":{"uv":[0.5,0.75,0.7495,0.99975],"texture":"#main"},"down":{"uv":[0.5,0.75,0.7495,0.99975],"texture":"#main"}}},{"from":[7,11,6],"to":[10,14,9],"rotation":{"angle":-45,"axis":"z","origin":[8.5,12.5,7.5]},"faces":{"north":{"uv":[2.025,0.775,3.225,1.975],"texture":"#main"},"east":{"uv":[0.5,0.75,0.7495,0.99975],"texture":"#main"},"south":{"uv":[2.025,0.775,3.225,1.975],"rotation":270,"texture":"#main"},"west":{"uv":[0.5,0.75,0.7495,0.99975],"texture":"#main"},"up":{"uv":[0.5,0.75,0.7495,0.99975],"rotation":270,"texture":"#main"},"down":{"uv":[0.5,0.75,0.7495,0.99975],"rotation":90,"texture":"#main"}}},{"from":[8.495,7,8],"to":[8.505,11,13],"rotation":{"angle":0,"axis":"y","origin":[8.5,8.5,7.5]},"faces":{"north":{"uv":[5.75,1.75,7.9995,2.99975],"texture":"#main"},"east":{"uv":[7.99975,1.75,5.75,2.99975],"texture":"#main"},"south":{"uv":[5.75,1.75,7.9995,2.99975],"texture":"#main"},"west":{"uv":[5.75,1.75,7.9995,2.99975],"texture":"#main"},"up":{"uv":[5.75,1.75,7.9995,2.99975],"texture":"#main"},"down":{"uv":[5.75,1.75,7.9995,2.99975],"texture":"#main"}}},{"from":[8.495,7,2],"to":[8.505,11,7],"rotation":{"angle":0,"axis":"y","origin":[8.5,8.5,7.5]},"faces":{"north":{"uv":[5.75,1.75,7.9995,2.99975],"texture":"#main"},"east":{"uv":[5.75,1.75,7.9995,2.99975],"texture":"#main"},"south":{"uv":[5.75,1.75,7.9995,2.99975],"texture":"#main"},"west":{"uv":[7.99975,1.75,5.75,2.99975],"texture":"#main"},"up":{"uv":[5.75,1.75,7.9995,2.99975],"rotation":180,"texture":"#main"},"down":{"uv":[5.75,1.75,7.9995,2.99975],"rotation":180,"texture":"#main"}}},{"from":[8,-4,7],"to":[9,-1.5,8],"rotation":{"angle":0,"axis":"y","origin":[8.5,-2.75,7.5]},"faces":{"north":{"uv":[8.5,3,8.7495,3.24975],"texture":"#main"},"east":{"uv":[8.5,3,8.7495,3.24975],"texture":"#main"},"south":{"uv":[8.5,3,8.7495,3.24975],"texture":"#main"},"west":{"uv":[8.5,3,8.7495,3.24975],"texture":"#main"},"up":{"uv":[8.5,3,8.7495,3.24975],"texture":"#main"},"down":{"uv":[8.5,3,8.7495,3.24975],"texture":"#main"}}},{"from":[7.9,-4.3,6.9],"to":[9.1,-3.1,8.1],"rotation":{"angle":45,"axis":"x","origin":[8.5,-3.7,7.5]},"faces":{"north":{"uv":[8.5,3.25,8.7495,3.49975],"texture":"#main"},"east":{"uv":[8.5,3.25,8.7495,3.49975],"texture":"#main"},"south":{"uv":[8.5,3.25,8.7495,3.49975],"texture":"#main"},"west":{"uv":[8.5,3.25,8.7495,3.49975],"texture":"#main"},"up":{"uv":[8.5,3.25,8.7495,3.49975],"texture":"#main"},"down":{"uv":[8.5,3.25,8.7495,3.49975],"texture":"#main"}}},{"from":[7.5,9.5,6.5],"to":[9.5,11.5,8.5],"rotation":{"angle":0,"axis":"x","origin":[8.5,10.5,7.5]},"faces":{"north":{"uv":[8.25,3.24975,8.749,3.4995],"rotation":270,"texture":"#main"},"east":{"uv":[8.25,3.24975,8.749,3.4995],"rotation":270,"texture":"#main"},"south":{"uv":[8.25,3.24975,8.749,3.4995],"rotation":270,"texture":"#main"},"west":{"uv":[8.25,3.24975,8.749,3.4995],"rotation":270,"texture":"#main"},"up":{"uv":[8.49875,3.24925,8.7485,3.49925],"rotation":270,"texture":"#main"},"down":{"uv":[8.25,3.24975,8.49875,3.49925],"rotation":270,"texture":"#main"}}},{"from":[7.125,11.5,6.125],"to":[9.875,14.5,8.875],"rotation":{"angle":0,"axis":"x","origin":[8.5,13,7.5]},"faces":{"north":{"uv":[9,5,10.99975,7.24975],"texture":"#main"},"east":{"uv":[9,5,10.99975,7.24975],"texture":"#main"},"south":{"uv":[9,5,10.99975,7.24975],"texture":"#main"},"west":{"uv":[9,5,10.99975,7.24975],"texture":"#main"},"up":{"uv":[9.25,5,10.74975,5.7495],"texture":"#main"},"down":{"uv":[9,5,10.99975,7.24975],"texture":"#main"}}},{"from":[7.5,14.5,6.5],"to":[9.5,15,8.5],"rotation":{"angle":0,"axis":"x","origin":[8.5,14.75,7.5]},"faces":{"north":{"uv":[9.25,4.7495,10.74975,4.9995],"texture":"#main"},"east":{"uv":[9.25,4.7495,10.74975,4.9995],"texture":"#main"},"south":{"uv":[9.25,4.7495,10.74975,4.9995],"texture":"#main"},"west":{"uv":[9.25,4.7495,10.74975,4.9995],"texture":"#main"},"up":{"uv":[9.5,5.75,10.49975,7.2495],"texture":"#main"},"down":{"uv":[9.25,4.7495,10.74975,4.9995],"texture":"#main"}}},{"from":[8,15,7],"to":[9,15.3,8],"rotation":{"angle":0,"axis":"x","origin":[8.5,15.25,7.5]},"faces":{"north":{"uv":[9.5,4.5,10.4995,4.74975],"texture":"#main"},"east":{"uv":[9.5,4.5,10.4995,4.74975],"texture":"#main"},"south":{"uv":[9.5,4.5,10.4995,4.74975],"texture":"#main"},"west":{"uv":[9.5,4.5,10.4995,4.74975],"texture":"#main"},"up":{"uv":[9.5,4.5,10.4995,4.74975],"texture":"#main"},"down":{"uv":[9.5,4.5,10.4995,4.74975],"texture":"#main"}}},{"from":[8,3,7],"to":[9,11.5,8],"rotation":{"angle":0,"axis":"y","origin":[8.5,7.25,7.5]},"faces":{"north":{"uv":[9.5,2,9.74925,2.24975],"texture":"#main"},"east":{"uv":[9.5,2,9.74925,2.24975],"texture":"#main"},"south":{"uv":[9.5,2,9.74925,2.24975],"texture":"#main"},"west":{"uv":[9.5,2,9.74925,2.24975],"texture":"#main"},"up":{"uv":[9.5,2,9.74925,2.24975],"texture":"#main"},"down":{"uv":[9.5,2,9.74925,2.24975],"texture":"#main"}}},{"from":[8.075,-1.925,7.075],"to":[8.925,3.925,7.925],"rotation":{"angle":0,"axis":"y","origin":[8.5,1,7.5]},"faces":{"north":{"uv":[9.25,2.25,9.4995,2.49975],"texture":"#main"},"east":{"uv":[9.25,2.25,9.4995,2.49975],"texture":"#main"},"south":{"uv":[9.25,2.25,9.4995,2.49975],"texture":"#main"},"west":{"uv":[9.25,2.25,9.4995,2.49975],"texture":"#main"},"up":{"uv":[9.25,2.25,9.4995,2.49975],"texture":"#main"},"down":{"uv":[9.25,2.25,9.4995,2.49975],"texture":"#main"}}},{"from":[7,11,6],"to":[10,14,9],"rotation":{"angle":45,"axis":"x","origin":[8.5,12.5,7.5]},"faces":{"north":{"uv":[8.5,0.75,8.7495,0.99975],"texture":"#main"},"east":{"uv":[10.025,0.775,11.225,1.975],"texture":"#main"},"south":{"uv":[8.5,0.75,8.7495,0.99975],"texture":"#main"},"west":{"uv":[10.025,0.775,11.225,1.975],"rotation":270,"texture":"#main"},"up":{"uv":[8.5,0.75,8.7495,0.99975],"texture":"#main"},"down":{"uv":[8.5,0.75,8.7495,0.99975],"texture":"#main"}}},{"from":[7,11,6],"to":[10,14,9],"rotation":{"angle":-45,"axis":"z","origin":[8.5,12.5,7.5]},"faces":{"north":{"uv":[10.025,0.775,11.225,1.975],"texture":"#main"},"east":{"uv":[8.5,0.75,8.7495,0.99975],"texture":"#main"},"south":{"uv":[10.025,0.775,11.225,1.975],"rotation":270,"texture":"#main"},"west":{"uv":[8.5,0.75,8.7495,0.99975],"texture":"#main"},"up":{"uv":[8.5,0.75,8.7495,0.99975],"rotation":270,"texture":"#main"},"down":{"uv":[8.5,0.75,8.7495,0.99975],"rotation":90,"texture":"#main"}}},{"from":[8.495,7,8],"to":[8.505,11,13],"rotation":{"angle":-22.5,"axis":"y","origin":[8.5,8.5,7.5]},"faces":{"north":{"uv":[13.75,1.75,15.9995,2.99975],"texture":"#main"},"east":{"uv":[15.99975,1.75,13.75,2.99975],"texture":"#main"},"south":{"uv":[13.75,1.75,15.9995,2.99975],"texture":"#main"},"west":{"uv":[13.75,1.75,15.9995,2.99975],"texture":"#main"},"up":{"uv":[13.75,1.75,15.9995,2.99975],"texture":"#main"},"down":{"uv":[13.75,1.75,15.9995,2.99975],"texture":"#main"}}},{"from":[8.495,7,2],"to":[8.505,11,7],"rotation":{"angle":22.5,"axis":"y","origin":[8.5,8.5,7.5]},"faces":{"north":{"uv":[13.75,1.75,15.9995,2.99975],"texture":"#main"},"east":{"uv":[13.75,1.75,15.9995,2.99975],"texture":"#main"},"south":{"uv":[13.75,1.75,15.9995,2.99975],"texture":"#main"},"west":{"uv":[15.99975,1.75,13.75,2.99975],"texture":"#main"},"up":{"uv":[13.75,1.75,15.9995,2.99975],"rotation":180,"texture":"#main"},"down":{"uv":[13.75,1.75,15.9995,2.99975],"rotation":180,"texture":"#main"}}},{"from":[8,-4,7],"to":[9,-1.5,8],"rotation":{"angle":0,"axis":"y","origin":[8.5,-2.75,7.5]},"faces":{"north":{"uv":[0.5,11,0.7495,11.24975],"texture":"#main"},"east":{"uv":[0.5,11,0.7495,11.24975],"texture":"#main"},"south":{"uv":[0.5,11,0.7495,11.24975],"texture":"#main"},"west":{"uv":[0.5,11,0.7495,11.24975],"texture":"#main"},"up":{"uv":[0.5,11,0.7495,11.24975],"texture":"#main"},"down":{"uv":[0.5,11,0.7495,11.24975],"texture":"#main"}}},{"from":[7.9,-4.3,6.9],"to":[9.1,-3.1,8.1],"rotation":{"angle":45,"axis":"x","origin":[8.5,-3.7,7.5]},"faces":{"north":{"uv":[0.5,11.25,0.7495,11.49975],"texture":"#main"},"east":{"uv":[0.5,11.25,0.7495,11.49975],"texture":"#main"},"south":{"uv":[0.5,11.25,0.7495,11.49975],"texture":"#main"},"west":{"uv":[0.5,11.25,0.7495,11.49975],"texture":"#main"},"up":{"uv":[0.5,11.25,0.7495,11.49975],"texture":"#main"},"down":{"uv":[0.5,11.25,0.7495,11.49975],"texture":"#main"}}},{"from":[7.5,9.5,6.5],"to":[9.5,11.5,8.5],"rotation":{"angle":0,"axis":"x","origin":[8.5,10.5,7.5]},"faces":{"north":{"uv":[0.25,11.24975,0.749,11.4995],"rotation":270,"texture":"#main"},"east":{"uv":[0.25,11.24975,0.749,11.4995],"rotation":270,"texture":"#main"},"south":{"uv":[0.25,11.24975,0.749,11.4995],"rotation":270,"texture":"#main"},"west":{"uv":[0.25,11.24975,0.749,11.4995],"rotation":270,"texture":"#main"},"up":{"uv":[0.49875,11.24925,0.7485,11.49925],"rotation":270,"texture":"#main"},"down":{"uv":[0.25,11.24975,0.49875,11.49925],"rotation":270,"texture":"#main"}}},{"from":[7.125,11.5,6.125],"to":[9.875,14.5,8.875],"rotation":{"angle":0,"axis":"x","origin":[8.5,13,7.5]},"faces":{"north":{"uv":[1,13,2.99975,15.24975],"texture":"#main"},"east":{"uv":[1,13,2.99975,15.24975],"texture":"#main"},"south":{"uv":[1,13,2.99975,15.24975],"texture":"#main"},"west":{"uv":[1,13,2.99975,15.24975],"texture":"#main"},"up":{"uv":[1.25,13,2.74975,13.7495],"texture":"#main"},"down":{"uv":[1,13,2.99975,15.24975],"texture":"#main"}}},{"from":[7.5,14.5,6.5],"to":[9.5,15,8.5],"rotation":{"angle":0,"axis":"x","origin":[8.5,14.75,7.5]},"faces":{"north":{"uv":[1.25,12.7495,2.74975,12.9995],"texture":"#main"},"east":{"uv":[1.25,12.7495,2.74975,12.9995],"texture":"#main"},"south":{"uv":[1.25,12.7495,2.74975,12.9995],"texture":"#main"},"west":{"uv":[1.25,12.7495,2.74975,12.9995],"texture":"#main"},"up":{"uv":[1.5,13.75,2.49975,15.2495],"texture":"#main"},"down":{"uv":[1.25,12.7495,2.74975,12.9995],"texture":"#main"}}},{"from":[8,15,7],"to":[9,15.3,8],"rotation":{"angle":0,"axis":"x","origin":[8.5,15.25,7.5]},"faces":{"north":{"uv":[1.5,12.5,2.4995,12.74975],"texture":"#main"},"east":{"uv":[1.5,12.5,2.4995,12.74975],"texture":"#main"},"south":{"uv":[1.5,12.5,2.4995,12.74975],"texture":"#main"},"west":{"uv":[1.5,12.5,2.4995,12.74975],"texture":"#main"},"up":{"uv":[1.5,12.5,2.4995,12.74975],"texture":"#main"},"down":{"uv":[1.5,12.5,2.4995,12.74975],"texture":"#main"}}},{"from":[8,3,7],"to":[9,11.5,8],"rotation":{"angle":0,"axis":"y","origin":[8.5,7.25,7.5]},"faces":{"north":{"uv":[1.5,10,1.74925,10.24975],"texture":"#main"},"east":{"uv":[1.5,10,1.74925,10.24975],"texture":"#main"},"south":{"uv":[1.5,10,1.74925,10.24975],"texture":"#main"},"west":{"uv":[1.5,10,1.74925,10.24975],"texture":"#main"},"up":{"uv":[1.5,10,1.74925,10.24975],"texture":"#main"},"down":{"uv":[1.5,10,1.74925,10.24975],"texture":"#main"}}},{"from":[8.075,-1.925,7.075],"to":[8.925,3.925,7.925],"rotation":{"angle":0,"axis":"y","origin":[8.5,1,7.5]},"faces":{"north":{"uv":[1.25,10.25,1.4995,10.49975],"texture":"#main"},"east":{"uv":[1.25,10.25,1.4995,10.49975],"texture":"#main"},"south":{"uv":[1.25,10.25,1.4995,10.49975],"texture":"#main"},"west":{"uv":[1.25,10.25,1.4995,10.49975],"texture":"#main"},"up":{"uv":[1.25,10.25,1.4995,10.49975],"texture":"#main"},"down":{"uv":[1.25,10.25,1.4995,10.49975],"texture":"#main"}}},{"from":[7,11,6],"to":[10,14,9],"rotation":{"angle":45,"axis":"x","origin":[8.5,12.5,7.5]},"faces":{"north":{"uv":[0.5,8.75,0.7495,8.99975],"texture":"#main"},"east":{"uv":[2.025,8.775,3.225,9.975],"texture":"#main"},"south":{"uv":[0.5,8.75,0.7495,8.99975],"texture":"#main"},"west":{"uv":[2.025,8.775,3.225,9.975],"rotation":270,"texture":"#main"},"up":{"uv":[0.5,8.75,0.7495,8.99975],"texture":"#main"},"down":{"uv":[0.5,8.75,0.7495,8.99975],"texture":"#main"}}},{"from":[7,11,6],"to":[10,14,9],"rotation":{"angle":-45,"axis":"z","origin":[8.5,12.5,7.5]},"faces":{"north":{"uv":[2.025,8.775,3.225,9.975],"texture":"#main"},"east":{"uv":[0.5,8.75,0.7495,8.99975],"texture":"#main"},"south":{"uv":[2.025,8.775,3.225,9.975],"rotation":270,"texture":"#main"},"west":{"uv":[0.5,8.75,0.7495,8.99975],"texture":"#main"},"up":{"uv":[0.5,8.75,0.7495,8.99975],"rotation":270,"texture":"#main"},"down":{"uv":[0.5,8.75,0.7495,8.99975],"rotation":90,"texture":"#main"}}},{"from":[8.495,7,8],"to":[8.505,11,13],"rotation":{"angle":22.5,"axis":"y","origin":[8.5,8.5,7.5]},"faces":{"north":{"uv":[5.75,9.75,7.9995,10.99975],"texture":"#main"},"east":{"uv":[7.99975,9.75,5.75,10.99975],"texture":"#main"},"south":{"uv":[5.75,9.75,7.9995,10.99975],"texture":"#main"},"west":{"uv":[5.75,9.75,7.9995,10.99975],"texture":"#main"},"up":{"uv":[5.75,9.75,7.9995,10.99975],"texture":"#main"},"down":{"uv":[5.75,9.75,7.9995,10.99975],"texture":"#main"}}},{"from":[8.495,7,2],"to":[8.505,11,7],"rotation":{"angle":-22.5,"axis":"y","origin":[8.5,8.5,7.5]},"faces":{"north":{"uv":[5.75,9.75,7.9995,10.99975],"texture":"#main"},"east":{"uv":[5.75,9.75,7.9995,10.99975],"texture":"#main"},"south":{"uv":[5.75,9.75,7.9995,10.99975],"texture":"#main"},"west":{"uv":[7.99975,9.75,5.75,10.99975],"texture":"#main"},"up":{"uv":[5.75,9.75,7.9995,10.99975],"rotation":180,"texture":"#main"},"down":{"uv":[5.75,9.75,7.9995,10.99975],"rotation":180,"texture":"#main"}}}],"display":{"thirdperson_righthand":{"translation":[-1,6.5,1.5],"scale":[1.2,1.2,1.2]},"thirdperson_lefthand":{"translation":[0.25,6.5,1.5],"scale":[1.2,1.2,1.2]},"firstperson_righthand":{"rotation":[-5,0,0],"translation":[4.75,5.5,-0.75],"scale":[1.2,1.2,1.2]},"firstperson_lefthand":{"rotation":[-5,0,0],"translation":[6,5.5,-0.75],"scale":[1.2,1.2,1.2]},"ground":{"translation":[0,9.25,0],"scale":[1.2,1.2,1.2]},"gui":{"rotation":[-45,-41,-62],"translation":[1.25,3,0]},"head":{"translation":[-0.25,9.75,0],"scale":[1.2,1.2,1.2]},"fixed":{"rotation":[0,90,0],"translation":[1,5.25,-0.5],"scale":[1.2,1.2,1.2]}}}