{"credit":"Made with Blockbench","textures":{"main":"iceandfire:custom/nbmg"},"elements":[{"from":[9.7,1.7,5.7],"to":[12.3,4.3,8.3],"rotation":{"angle":22.5,"axis":"x","origin":[11,3,7]},"faces":{"north":{"uv":[0,0,2,1],"texture":"#main"},"east":{"uv":[0,0,2,1],"texture":"#main"},"south":{"uv":[0,0,2,1],"texture":"#main"},"west":{"uv":[0,0,2,1],"texture":"#main"},"up":{"uv":[0,0,2,1],"texture":"#main"},"down":{"uv":[0,0,2,1],"texture":"#main"}}},{"from":[7.95,2,13],"to":[8.05,3,15],"rotation":{"angle":0,"axis":"y","origin":[8,2.5,8]},"faces":{"north":{"uv":[2.375,1.5,2.49975,1.62463],"texture":"#main"},"east":{"uv":[2.375,1.5,2.49975,1.62463],"texture":"#main"},"south":{"uv":[2.375,1.5,2.49975,1.62463],"texture":"#main"},"west":{"uv":[2.375,1.5,2.49975,1.62463],"texture":"#main"},"up":{"uv":[2.375,1.5,2.49975,1.62463],"texture":"#main"},"down":{"uv":[2.375,1.5,2.49975,1.62463],"texture":"#main"}}},{"from":[7.95,2,13],"to":[8.05,3,15],"rotation":{"angle":45,"axis":"y","origin":[8,2.5,8]},"faces":{"north":{"uv":[2.375,1.5,2.49975,1.62463],"texture":"#main"},"east":{"uv":[2.375,1.5,2.49975,1.62463],"texture":"#main"},"south":{"uv":[2.375,1.5,2.49975,1.62463],"texture":"#main"},"west":{"uv":[2.375,1.5,2.49975,1.62463],"texture":"#main"},"up":{"uv":[2.375,1.5,2.49975,1.62463],"texture":"#main"},"down":{"uv":[2.375,1.5,2.49975,1.62463],"texture":"#main"}}},{"from":[13,2,7.95],"to":[15,3,8.05],"rotation":{"angle":0,"axis":"y","origin":[8,2.5,8]},"faces":{"north":{"uv":[2.375,1.5,2.49975,1.62463],"texture":"#main"},"east":{"uv":[2.375,1.5,2.49975,1.62463],"texture":"#main"},"south":{"uv":[2.375,1.5,2.49975,1.62463],"texture":"#main"},"west":{"uv":[2.375,1.5,2.49975,1.62463],"texture":"#main"},"up":{"uv":[2.375,1.5,2.49975,1.62463],"rotation":270,"texture":"#main"},"down":{"uv":[2.375,1.5,2.49975,1.62463],"rotation":90,"texture":"#main"}}},{"from":[13,2,7.95],"to":[15,3,8.05],"rotation":{"angle":45,"axis":"y","origin":[8,2.5,8]},"faces":{"north":{"uv":[2.375,1.5,2.49975,1.62463],"texture":"#main"},"east":{"uv":[2.375,1.5,2.49975,1.62463],"texture":"#main"},"south":{"uv":[2.375,1.5,2.49975,1.62463],"texture":"#main"},"west":{"uv":[2.375,1.5,2.49975,1.62463],"texture":"#main"},"up":{"uv":[2.375,1.5,2.49975,1.62463],"rotation":270,"texture":"#main"},"down":{"uv":[2.375,1.5,2.49975,1.62463],"rotation":90,"texture":"#main"}}},{"from":[7.95,2,1],"to":[8.05,3,3],"rotation":{"angle":0,"axis":"y","origin":[8,2.5,8]},"faces":{"north":{"uv":[2.375,1.5,2.49975,1.62463],"texture":"#main"},"east":{"uv":[2.375,1.5,2.49975,1.62463],"texture":"#main"},"south":{"uv":[2.375,1.5,2.49975,1.62463],"texture":"#main"},"west":{"uv":[2.375,1.5,2.49975,1.62463],"texture":"#main"},"up":{"uv":[2.375,1.5,2.49975,1.62463],"rotation":180,"texture":"#main"},"down":{"uv":[2.375,1.5,2.49975,1.62463],"rotation":180,"texture":"#main"}}},{"from":[7.95,2,1],"to":[8.05,3,3],"rotation":{"angle":45,"axis":"y","origin":[8,2.5,8]},"faces":{"north":{"uv":[2.375,1.5,2.49975,1.62463],"texture":"#main"},"east":{"uv":[2.375,1.5,2.49975,1.62463],"texture":"#main"},"south":{"uv":[2.375,1.5,2.49975,1.62463],"texture":"#main"},"west":{"uv":[2.375,1.5,2.49975,1.62463],"texture":"#main"},"up":{"uv":[2.375,1.5,2.49975,1.62463],"rotation":180,"texture":"#main"},"down":{"uv":[2.375,1.5,2.49975,1.62463],"rotation":180,"texture":"#main"}}},{"from":[1,2,7.95],"to":[3,3,8.05],"rotation":{"angle":0,"axis":"y","origin":[8,2.5,8]},"faces":{"north":{"uv":[2.375,1.5,2.49975,1.62463],"texture":"#main"},"east":{"uv":[2.375,1.5,2.49975,1.62463],"texture":"#main"},"south":{"uv":[2.375,1.5,2.49975,1.62463],"texture":"#main"},"west":{"uv":[2.375,1.5,2.49975,1.62463],"texture":"#main"},"up":{"uv":[2.375,1.5,2.49975,1.62463],"rotation":90,"texture":"#main"},"down":{"uv":[2.375,1.5,2.49975,1.62463],"rotation":270,"texture":"#main"}}},{"from":[1,2,7.95],"to":[3,3,8.05],"rotation":{"angle":45,"axis":"y","origin":[8,2.5,8]},"faces":{"north":{"uv":[2.375,1.5,2.49975,1.62463],"texture":"#main"},"east":{"uv":[2.375,1.5,2.49975,1.62463],"texture":"#main"},"south":{"uv":[2.375,1.5,2.49975,1.62463],"texture":"#main"},"west":{"uv":[2.375,1.5,2.49975,1.62463],"texture":"#main"},"up":{"uv":[2.375,1.5,2.49975,1.62463],"rotation":90,"texture":"#main"},"down":{"uv":[2.375,1.5,2.49975,1.62463],"rotation":270,"texture":"#main"}}},{"from":[7.95,2.25,15],"to":[8.05,2.75,16],"rotation":{"angle":0,"axis":"y","origin":[8,2.5,8]},"faces":{"north":{"uv":[2.625,1.25,2.74963,1.37463],"texture":"#main"},"east":{"uv":[2.625,1.25,2.74963,1.37463],"texture":"#main"},"south":{"uv":[2.625,1.25,2.74963,1.37463],"texture":"#main"},"west":{"uv":[2.625,1.25,2.74963,1.37463],"texture":"#main"},"up":{"uv":[2.625,1.25,2.74963,1.37463],"texture":"#main"},"down":{"uv":[2.625,1.25,2.74963,1.37463],"texture":"#main"}}},{"from":[7.95,2.25,15],"to":[8.05,2.75,16],"rotation":{"angle":45,"axis":"y","origin":[8,2.5,8]},"faces":{"north":{"uv":[2.625,1.25,2.74963,1.37463],"texture":"#main"},"east":{"uv":[2.625,1.25,2.74963,1.37463],"texture":"#main"},"south":{"uv":[2.625,1.25,2.74963,1.37463],"texture":"#main"},"west":{"uv":[2.625,1.25,2.74963,1.37463],"texture":"#main"},"up":{"uv":[2.625,1.25,2.74963,1.37463],"texture":"#main"},"down":{"uv":[2.625,1.25,2.74963,1.37463],"texture":"#main"}}},{"from":[15,2.25,7.95],"to":[16,2.75,8.05],"rotation":{"angle":0,"axis":"y","origin":[8,2.5,8]},"faces":{"north":{"uv":[2.625,1.25,2.74963,1.37463],"texture":"#main"},"east":{"uv":[2.625,1.25,2.74963,1.37463],"texture":"#main"},"south":{"uv":[2.625,1.25,2.74963,1.37463],"texture":"#main"},"west":{"uv":[2.625,1.25,2.74963,1.37463],"texture":"#main"},"up":{"uv":[2.625,1.25,2.74963,1.37463],"rotation":270,"texture":"#main"},"down":{"uv":[2.625,1.25,2.74963,1.37463],"rotation":90,"texture":"#main"}}},{"from":[15,2.25,7.95],"to":[16,2.75,8.05],"rotation":{"angle":45,"axis":"y","origin":[8,2.5,8]},"faces":{"north":{"uv":[2.625,1.25,2.74963,1.37463],"texture":"#main"},"east":{"uv":[2.625,1.25,2.74963,1.37463],"texture":"#main"},"south":{"uv":[2.625,1.25,2.74963,1.37463],"texture":"#main"},"west":{"uv":[2.625,1.25,2.74963,1.37463],"texture":"#main"},"up":{"uv":[2.625,1.25,2.74963,1.37463],"rotation":270,"texture":"#main"},"down":{"uv":[2.625,1.25,2.74963,1.37463],"rotation":90,"texture":"#main"}}},{"from":[7.95,2.25,0],"to":[8.05,2.75,1],"rotation":{"angle":0,"axis":"y","origin":[8,2.5,8]},"faces":{"north":{"uv":[2.625,1.25,2.74963,1.37463],"texture":"#main"},"east":{"uv":[2.625,1.25,2.74963,1.37463],"texture":"#main"},"south":{"uv":[2.625,1.25,2.74963,1.37463],"texture":"#main"},"west":{"uv":[2.625,1.25,2.74963,1.37463],"texture":"#main"},"up":{"uv":[2.625,1.25,2.74963,1.37463],"rotation":180,"texture":"#main"},"down":{"uv":[2.625,1.25,2.74963,1.37463],"rotation":180,"texture":"#main"}}},{"from":[7.95,2.25,0],"to":[8.05,2.75,1],"rotation":{"angle":45,"axis":"y","origin":[8,2.5,8]},"faces":{"north":{"uv":[2.625,1.25,2.74963,1.37463],"texture":"#main"},"east":{"uv":[2.625,1.25,2.74963,1.37463],"texture":"#main"},"south":{"uv":[2.625,1.25,2.74963,1.37463],"texture":"#main"},"west":{"uv":[2.625,1.25,2.74963,1.37463],"texture":"#main"},"up":{"uv":[2.625,1.25,2.74963,1.37463],"rotation":180,"texture":"#main"},"down":{"uv":[2.625,1.25,2.74963,1.37463],"rotation":180,"texture":"#main"}}},{"from":[0,2.25,7.95],"to":[1,2.75,8.05],"rotation":{"angle":0,"axis":"y","origin":[8,2.5,8]},"faces":{"north":{"uv":[2.625,1.25,2.74963,1.37463],"texture":"#main"},"east":{"uv":[2.625,1.25,2.74963,1.37463],"texture":"#main"},"south":{"uv":[2.625,1.25,2.74963,1.37463],"texture":"#main"},"west":{"uv":[2.625,1.25,2.74963,1.37463],"texture":"#main"},"up":{"uv":[2.625,1.25,2.74963,1.37463],"rotation":90,"texture":"#main"},"down":{"uv":[2.625,1.25,2.74963,1.37463],"rotation":270,"texture":"#main"}}},{"from":[0,2.25,7.95],"to":[1,2.75,8.05],"rotation":{"angle":45,"axis":"y","origin":[8,2.5,8]},"faces":{"north":{"uv":[2.625,1.25,2.74963,1.37463],"texture":"#main"},"east":{"uv":[2.625,1.25,2.74963,1.37463],"texture":"#main"},"south":{"uv":[2.625,1.25,2.74963,1.37463],"texture":"#main"},"west":{"uv":[2.625,1.25,2.74963,1.37463],"texture":"#main"},"up":{"uv":[2.625,1.25,2.74963,1.37463],"rotation":90,"texture":"#main"},"down":{"uv":[2.625,1.25,2.74963,1.37463],"rotation":270,"texture":"#main"}}},{"from":[7.5,2.45,13],"to":[8.5,2.55,15],"rotation":{"angle":0,"axis":"z","origin":[8,2.5,8]},"faces":{"north":{"uv":[2.37438,1.37463,2.49925,1.4995],"rotation":90,"texture":"#main"},"east":{"uv":[2.375,1.375,2.6245,1.49963],"rotation":180,"texture":"#main"},"south":{"uv":[2.49938,1.37463,2.62425,1.4995],"rotation":90,"texture":"#main"},"west":{"uv":[2.375,1.375,2.6245,1.49963],"texture":"#main"},"up":{"uv":[2.375,1.375,2.6245,1.49963],"rotation":90,"texture":"#main"},"down":{"uv":[2.375,1.375,2.6245,1.49963],"rotation":90,"texture":"#main"}}},{"from":[7.5,2.45,13],"to":[8.5,2.55,15],"rotation":{"angle":45,"axis":"y","origin":[8,2.5,8]},"faces":{"north":{"uv":[2.37438,1.37463,2.49925,1.4995],"rotation":90,"texture":"#main"},"east":{"uv":[2.375,1.375,2.6245,1.49963],"rotation":180,"texture":"#main"},"south":{"uv":[2.49938,1.37463,2.62425,1.4995],"rotation":90,"texture":"#main"},"west":{"uv":[2.375,1.375,2.6245,1.49963],"texture":"#main"},"up":{"uv":[2.375,1.375,2.6245,1.49963],"rotation":90,"texture":"#main"},"down":{"uv":[2.375,1.375,2.6245,1.49963],"rotation":90,"texture":"#main"}}},{"from":[13,2.45,7.5],"to":[15,2.55,8.5],"rotation":{"angle":0,"axis":"y","origin":[8,2.5,8]},"faces":{"north":{"uv":[2.375,1.375,2.6245,1.49963],"rotation":180,"texture":"#main"},"east":{"uv":[2.49938,1.37463,2.62425,1.4995],"rotation":90,"texture":"#main"},"south":{"uv":[2.375,1.375,2.6245,1.49963],"texture":"#main"},"west":{"uv":[2.37438,1.37463,2.49925,1.4995],"rotation":90,"texture":"#main"},"up":{"uv":[2.375,1.375,2.6245,1.49963],"texture":"#main"},"down":{"uv":[2.375,1.375,2.6245,1.49963],"rotation":180,"texture":"#main"}}},{"from":[13,2.45,7.5],"to":[15,2.55,8.5],"rotation":{"angle":45,"axis":"y","origin":[8,2.5,8]},"faces":{"north":{"uv":[2.375,1.375,2.6245,1.49963],"rotation":180,"texture":"#main"},"east":{"uv":[2.49938,1.37463,2.62425,1.4995],"rotation":90,"texture":"#main"},"south":{"uv":[2.375,1.375,2.6245,1.49963],"texture":"#main"},"west":{"uv":[2.37438,1.37463,2.49925,1.4995],"rotation":90,"texture":"#main"},"up":{"uv":[2.375,1.375,2.6245,1.49963],"texture":"#main"},"down":{"uv":[2.375,1.375,2.6245,1.49963],"rotation":180,"texture":"#main"}}},{"from":[7.5,2.45,1],"to":[8.5,2.55,3],"rotation":{"angle":0,"axis":"y","origin":[8,2.5,8]},"faces":{"north":{"uv":[2.49938,1.37463,2.62425,1.4995],"rotation":90,"texture":"#main"},"east":{"uv":[2.375,1.375,2.6245,1.49963],"texture":"#main"},"south":{"uv":[2.37438,1.37463,2.49925,1.4995],"rotation":90,"texture":"#main"},"west":{"uv":[2.375,1.375,2.6245,1.49963],"rotation":180,"texture":"#main"},"up":{"uv":[2.375,1.375,2.6245,1.49963],"rotation":270,"texture":"#main"},"down":{"uv":[2.375,1.375,2.6245,1.49963],"rotation":270,"texture":"#main"}}},{"from":[7.5,2.45,1],"to":[8.5,2.55,3],"rotation":{"angle":45,"axis":"y","origin":[8,2.5,8]},"faces":{"north":{"uv":[2.49938,1.37463,2.62425,1.4995],"rotation":90,"texture":"#main"},"east":{"uv":[2.375,1.375,2.6245,1.49963],"texture":"#main"},"south":{"uv":[2.37438,1.37463,2.49925,1.4995],"rotation":90,"texture":"#main"},"west":{"uv":[2.375,1.375,2.6245,1.49963],"rotation":180,"texture":"#main"},"up":{"uv":[2.375,1.375,2.6245,1.49963],"rotation":270,"texture":"#main"},"down":{"uv":[2.375,1.375,2.6245,1.49963],"rotation":270,"texture":"#main"}}},{"from":[1,2.45,7.5],"to":[3,2.55,8.5],"rotation":{"angle":0,"axis":"y","origin":[8,2.5,8]},"faces":{"north":{"uv":[2.375,1.375,2.6245,1.49963],"texture":"#main"},"east":{"uv":[2.37438,1.37463,2.49925,1.4995],"rotation":90,"texture":"#main"},"south":{"uv":[2.375,1.375,2.6245,1.49963],"rotation":180,"texture":"#main"},"west":{"uv":[2.49938,1.37463,2.62425,1.4995],"rotation":90,"texture":"#main"},"up":{"uv":[2.375,1.375,2.6245,1.49963],"rotation":180,"texture":"#main"},"down":{"uv":[2.375,1.375,2.6245,1.49963],"texture":"#main"}}},{"from":[1,2.45,7.5],"to":[3,2.55,8.5],"rotation":{"angle":45,"axis":"y","origin":[8,2.5,8]},"faces":{"north":{"uv":[2.375,1.375,2.6245,1.49963],"texture":"#main"},"east":{"uv":[2.37438,1.37463,2.49925,1.4995],"rotation":90,"texture":"#main"},"south":{"uv":[2.375,1.375,2.6245,1.49963],"rotation":180,"texture":"#main"},"west":{"uv":[2.49938,1.37463,2.62425,1.4995],"rotation":90,"texture":"#main"},"up":{"uv":[2.375,1.375,2.6245,1.49963],"rotation":180,"texture":"#main"},"down":{"uv":[2.375,1.375,2.6245,1.49963],"texture":"#main"}}},{"from":[9.7,1.7,5.7],"to":[12.3,4.3,8.3],"rotation":{"angle":22.5,"axis":"x","origin":[11,3,7]},"faces":{"north":{"uv":[4,0,6,1],"texture":"#main"},"east":{"uv":[4,0,6,1],"texture":"#main"},"south":{"uv":[4,0,6,1],"texture":"#main"},"west":{"uv":[4,0,6,1],"texture":"#main"},"up":{"uv":[4,0,6,1],"texture":"#main"},"down":{"uv":[4,0,6,1],"texture":"#main"}}},{"from":[7.95,3,13],"to":[8.05,4,15],"rotation":{"angle":0,"axis":"y","origin":[8,3.5,8]},"faces":{"north":{"uv":[6.375,1.5,6.49975,1.62463],"texture":"#main"},"east":{"uv":[6.375,1.5,6.49975,1.62463],"texture":"#main"},"south":{"uv":[6.375,1.5,6.49975,1.62463],"texture":"#main"},"west":{"uv":[6.375,1.5,6.49975,1.62463],"texture":"#main"},"up":{"uv":[6.375,1.5,6.49975,1.62463],"texture":"#main"},"down":{"uv":[6.375,1.5,6.49975,1.62463],"texture":"#main"}}},{"from":[7.95,3,13],"to":[8.05,4,15],"rotation":{"angle":45,"axis":"y","origin":[8,3.5,8]},"faces":{"north":{"uv":[6.375,1.5,6.49975,1.62463],"texture":"#main"},"east":{"uv":[6.375,1.5,6.49975,1.62463],"texture":"#main"},"south":{"uv":[6.375,1.5,6.49975,1.62463],"texture":"#main"},"west":{"uv":[6.375,1.5,6.49975,1.62463],"texture":"#main"},"up":{"uv":[6.375,1.5,6.49975,1.62463],"texture":"#main"},"down":{"uv":[6.375,1.5,6.49975,1.62463],"texture":"#main"}}},{"from":[13,3,7.95],"to":[15,4,8.05],"rotation":{"angle":0,"axis":"y","origin":[8,3.5,8]},"faces":{"north":{"uv":[6.375,1.5,6.49975,1.62463],"texture":"#main"},"east":{"uv":[6.375,1.5,6.49975,1.62463],"texture":"#main"},"south":{"uv":[6.375,1.5,6.49975,1.62463],"texture":"#main"},"west":{"uv":[6.375,1.5,6.49975,1.62463],"texture":"#main"},"up":{"uv":[6.375,1.5,6.49975,1.62463],"rotation":270,"texture":"#main"},"down":{"uv":[6.375,1.5,6.49975,1.62463],"rotation":90,"texture":"#main"}}},{"from":[13,3,7.95],"to":[15,4,8.05],"rotation":{"angle":45,"axis":"y","origin":[8,3.5,8]},"faces":{"north":{"uv":[6.375,1.5,6.49975,1.62463],"texture":"#main"},"east":{"uv":[6.375,1.5,6.49975,1.62463],"texture":"#main"},"south":{"uv":[6.375,1.5,6.49975,1.62463],"texture":"#main"},"west":{"uv":[6.375,1.5,6.49975,1.62463],"texture":"#main"},"up":{"uv":[6.375,1.5,6.49975,1.62463],"rotation":270,"texture":"#main"},"down":{"uv":[6.375,1.5,6.49975,1.62463],"rotation":90,"texture":"#main"}}},{"from":[7.95,3,1],"to":[8.05,4,3],"rotation":{"angle":0,"axis":"y","origin":[8,3.5,8]},"faces":{"north":{"uv":[6.375,1.5,6.49975,1.62463],"texture":"#main"},"east":{"uv":[6.375,1.5,6.49975,1.62463],"texture":"#main"},"south":{"uv":[6.375,1.5,6.49975,1.62463],"texture":"#main"},"west":{"uv":[6.375,1.5,6.49975,1.62463],"texture":"#main"},"up":{"uv":[6.375,1.5,6.49975,1.62463],"rotation":180,"texture":"#main"},"down":{"uv":[6.375,1.5,6.49975,1.62463],"rotation":180,"texture":"#main"}}},{"from":[7.95,3,1],"to":[8.05,4,3],"rotation":{"angle":45,"axis":"y","origin":[8,3.5,8]},"faces":{"north":{"uv":[6.375,1.5,6.49975,1.62463],"texture":"#main"},"east":{"uv":[6.375,1.5,6.49975,1.62463],"texture":"#main"},"south":{"uv":[6.375,1.5,6.49975,1.62463],"texture":"#main"},"west":{"uv":[6.375,1.5,6.49975,1.62463],"texture":"#main"},"up":{"uv":[6.375,1.5,6.49975,1.62463],"rotation":180,"texture":"#main"},"down":{"uv":[6.375,1.5,6.49975,1.62463],"rotation":180,"texture":"#main"}}},{"from":[1,3,7.95],"to":[3,4,8.05],"rotation":{"angle":0,"axis":"y","origin":[8,3.5,8]},"faces":{"north":{"uv":[6.375,1.5,6.49975,1.62463],"texture":"#main"},"east":{"uv":[6.375,1.5,6.49975,1.62463],"texture":"#main"},"south":{"uv":[6.375,1.5,6.49975,1.62463],"texture":"#main"},"west":{"uv":[6.375,1.5,6.49975,1.62463],"texture":"#main"},"up":{"uv":[6.375,1.5,6.49975,1.62463],"rotation":90,"texture":"#main"},"down":{"uv":[6.375,1.5,6.49975,1.62463],"rotation":270,"texture":"#main"}}},{"from":[1,3,7.95],"to":[3,4,8.05],"rotation":{"angle":45,"axis":"y","origin":[8,3.5,8]},"faces":{"north":{"uv":[6.375,1.5,6.49975,1.62463],"texture":"#main"},"east":{"uv":[6.375,1.5,6.49975,1.62463],"texture":"#main"},"south":{"uv":[6.375,1.5,6.49975,1.62463],"texture":"#main"},"west":{"uv":[6.375,1.5,6.49975,1.62463],"texture":"#main"},"up":{"uv":[6.375,1.5,6.49975,1.62463],"rotation":90,"texture":"#main"},"down":{"uv":[6.375,1.5,6.49975,1.62463],"rotation":270,"texture":"#main"}}},{"from":[7.95,3.25,15],"to":[8.05,3.75,16],"rotation":{"angle":0,"axis":"y","origin":[8,3.5,8]},"faces":{"north":{"uv":[6.625,1.25,6.74963,1.37463],"texture":"#main"},"east":{"uv":[6.625,1.25,6.74963,1.37463],"texture":"#main"},"south":{"uv":[6.625,1.25,6.74963,1.37463],"texture":"#main"},"west":{"uv":[6.625,1.25,6.74963,1.37463],"texture":"#main"},"up":{"uv":[6.625,1.25,6.74963,1.37463],"texture":"#main"},"down":{"uv":[6.625,1.25,6.74963,1.37463],"texture":"#main"}}},{"from":[7.95,3.25,15],"to":[8.05,3.75,16],"rotation":{"angle":45,"axis":"y","origin":[8,3.5,8]},"faces":{"north":{"uv":[6.625,1.25,6.74963,1.37463],"texture":"#main"},"east":{"uv":[6.625,1.25,6.74963,1.37463],"texture":"#main"},"south":{"uv":[6.625,1.25,6.74963,1.37463],"texture":"#main"},"west":{"uv":[6.625,1.25,6.74963,1.37463],"texture":"#main"},"up":{"uv":[6.625,1.25,6.74963,1.37463],"texture":"#main"},"down":{"uv":[6.625,1.25,6.74963,1.37463],"texture":"#main"}}},{"from":[15,3.25,7.95],"to":[16,3.75,8.05],"rotation":{"angle":0,"axis":"y","origin":[8,3.5,8]},"faces":{"north":{"uv":[6.625,1.25,6.74963,1.37463],"texture":"#main"},"east":{"uv":[6.625,1.25,6.74963,1.37463],"texture":"#main"},"south":{"uv":[6.625,1.25,6.74963,1.37463],"texture":"#main"},"west":{"uv":[6.625,1.25,6.74963,1.37463],"texture":"#main"},"up":{"uv":[6.625,1.25,6.74963,1.37463],"rotation":270,"texture":"#main"},"down":{"uv":[6.625,1.25,6.74963,1.37463],"rotation":90,"texture":"#main"}}},{"from":[15,3.25,7.95],"to":[16,3.75,8.05],"rotation":{"angle":45,"axis":"y","origin":[8,3.5,8]},"faces":{"north":{"uv":[6.625,1.25,6.74963,1.37463],"texture":"#main"},"east":{"uv":[6.625,1.25,6.74963,1.37463],"texture":"#main"},"south":{"uv":[6.625,1.25,6.74963,1.37463],"texture":"#main"},"west":{"uv":[6.625,1.25,6.74963,1.37463],"texture":"#main"},"up":{"uv":[6.625,1.25,6.74963,1.37463],"rotation":270,"texture":"#main"},"down":{"uv":[6.625,1.25,6.74963,1.37463],"rotation":90,"texture":"#main"}}},{"from":[7.95,3.25,0],"to":[8.05,3.75,1],"rotation":{"angle":0,"axis":"y","origin":[8,3.5,8]},"faces":{"north":{"uv":[6.625,1.25,6.74963,1.37463],"texture":"#main"},"east":{"uv":[6.625,1.25,6.74963,1.37463],"texture":"#main"},"south":{"uv":[6.625,1.25,6.74963,1.37463],"texture":"#main"},"west":{"uv":[6.625,1.25,6.74963,1.37463],"texture":"#main"},"up":{"uv":[6.625,1.25,6.74963,1.37463],"rotation":180,"texture":"#main"},"down":{"uv":[6.625,1.25,6.74963,1.37463],"rotation":180,"texture":"#main"}}},{"from":[7.95,3.25,0],"to":[8.05,3.75,1],"rotation":{"angle":45,"axis":"y","origin":[8,3.5,8]},"faces":{"north":{"uv":[6.625,1.25,6.74963,1.37463],"texture":"#main"},"east":{"uv":[6.625,1.25,6.74963,1.37463],"texture":"#main"},"south":{"uv":[6.625,1.25,6.74963,1.37463],"texture":"#main"},"west":{"uv":[6.625,1.25,6.74963,1.37463],"texture":"#main"},"up":{"uv":[6.625,1.25,6.74963,1.37463],"rotation":180,"texture":"#main"},"down":{"uv":[6.625,1.25,6.74963,1.37463],"rotation":180,"texture":"#main"}}},{"from":[0,3.25,7.95],"to":[1,3.75,8.05],"rotation":{"angle":0,"axis":"y","origin":[8,3.5,8]},"faces":{"north":{"uv":[6.625,1.25,6.74963,1.37463],"texture":"#main"},"east":{"uv":[6.625,1.25,6.74963,1.37463],"texture":"#main"},"south":{"uv":[6.625,1.25,6.74963,1.37463],"texture":"#main"},"west":{"uv":[6.625,1.25,6.74963,1.37463],"texture":"#main"},"up":{"uv":[6.625,1.25,6.74963,1.37463],"rotation":90,"texture":"#main"},"down":{"uv":[6.625,1.25,6.74963,1.37463],"rotation":270,"texture":"#main"}}},{"from":[0,3.25,7.95],"to":[1,3.75,8.05],"rotation":{"angle":45,"axis":"y","origin":[8,3.5,8]},"faces":{"north":{"uv":[6.625,1.25,6.74963,1.37463],"texture":"#main"},"east":{"uv":[6.625,1.25,6.74963,1.37463],"texture":"#main"},"south":{"uv":[6.625,1.25,6.74963,1.37463],"texture":"#main"},"west":{"uv":[6.625,1.25,6.74963,1.37463],"texture":"#main"},"up":{"uv":[6.625,1.25,6.74963,1.37463],"rotation":90,"texture":"#main"},"down":{"uv":[6.625,1.25,6.74963,1.37463],"rotation":270,"texture":"#main"}}},{"from":[7.5,3.45,13],"to":[8.5,3.55,15],"rotation":{"angle":0,"axis":"z","origin":[8,3.5,8]},"faces":{"north":{"uv":[6.37438,1.37463,6.49925,1.4995],"rotation":90,"texture":"#main"},"east":{"uv":[6.375,1.375,6.6245,1.49963],"rotation":180,"texture":"#main"},"south":{"uv":[6.49938,1.37463,6.62425,1.4995],"rotation":90,"texture":"#main"},"west":{"uv":[6.375,1.375,6.6245,1.49963],"texture":"#main"},"up":{"uv":[6.375,1.375,6.6245,1.49963],"rotation":90,"texture":"#main"},"down":{"uv":[6.375,1.375,6.6245,1.49963],"rotation":90,"texture":"#main"}}},{"from":[7.5,3.45,13],"to":[8.5,3.55,15],"rotation":{"angle":45,"axis":"y","origin":[8,3.5,8]},"faces":{"north":{"uv":[6.37438,1.37463,6.49925,1.4995],"rotation":90,"texture":"#main"},"east":{"uv":[6.375,1.375,6.6245,1.49963],"rotation":180,"texture":"#main"},"south":{"uv":[6.49938,1.37463,6.62425,1.4995],"rotation":90,"texture":"#main"},"west":{"uv":[6.375,1.375,6.6245,1.49963],"texture":"#main"},"up":{"uv":[6.375,1.375,6.6245,1.49963],"rotation":90,"texture":"#main"},"down":{"uv":[6.375,1.375,6.6245,1.49963],"rotation":90,"texture":"#main"}}},{"from":[13,3.45,7.5],"to":[15,3.55,8.5],"rotation":{"angle":0,"axis":"y","origin":[8,3.5,8]},"faces":{"north":{"uv":[6.375,1.375,6.6245,1.49963],"rotation":180,"texture":"#main"},"east":{"uv":[6.49938,1.37463,6.62425,1.4995],"rotation":90,"texture":"#main"},"south":{"uv":[6.375,1.375,6.6245,1.49963],"texture":"#main"},"west":{"uv":[6.37438,1.37463,6.49925,1.4995],"rotation":90,"texture":"#main"},"up":{"uv":[6.375,1.375,6.6245,1.49963],"texture":"#main"},"down":{"uv":[6.375,1.375,6.6245,1.49963],"rotation":180,"texture":"#main"}}},{"from":[13,3.45,7.5],"to":[15,3.55,8.5],"rotation":{"angle":45,"axis":"y","origin":[8,3.5,8]},"faces":{"north":{"uv":[6.375,1.375,6.6245,1.49963],"rotation":180,"texture":"#main"},"east":{"uv":[6.49938,1.37463,6.62425,1.4995],"rotation":90,"texture":"#main"},"south":{"uv":[6.375,1.375,6.6245,1.49963],"texture":"#main"},"west":{"uv":[6.37438,1.37463,6.49925,1.4995],"rotation":90,"texture":"#main"},"up":{"uv":[6.375,1.375,6.6245,1.49963],"texture":"#main"},"down":{"uv":[6.375,1.375,6.6245,1.49963],"rotation":180,"texture":"#main"}}},{"from":[7.5,3.45,1],"to":[8.5,3.55,3],"rotation":{"angle":0,"axis":"y","origin":[8,3.5,8]},"faces":{"north":{"uv":[6.49938,1.37463,6.62425,1.4995],"rotation":90,"texture":"#main"},"east":{"uv":[6.375,1.375,6.6245,1.49963],"texture":"#main"},"south":{"uv":[6.37438,1.37463,6.49925,1.4995],"rotation":90,"texture":"#main"},"west":{"uv":[6.375,1.375,6.6245,1.49963],"rotation":180,"texture":"#main"},"up":{"uv":[6.375,1.375,6.6245,1.49963],"rotation":270,"texture":"#main"},"down":{"uv":[6.375,1.375,6.6245,1.49963],"rotation":270,"texture":"#main"}}},{"from":[7.5,3.45,1],"to":[8.5,3.55,3],"rotation":{"angle":45,"axis":"y","origin":[8,3.5,8]},"faces":{"north":{"uv":[6.49938,1.37463,6.62425,1.4995],"rotation":90,"texture":"#main"},"east":{"uv":[6.375,1.375,6.6245,1.49963],"texture":"#main"},"south":{"uv":[6.37438,1.37463,6.49925,1.4995],"rotation":90,"texture":"#main"},"west":{"uv":[6.375,1.375,6.6245,1.49963],"rotation":180,"texture":"#main"},"up":{"uv":[6.375,1.375,6.6245,1.49963],"rotation":270,"texture":"#main"},"down":{"uv":[6.375,1.375,6.6245,1.49963],"rotation":270,"texture":"#main"}}},{"from":[1,3.45,7.5],"to":[3,3.55,8.5],"rotation":{"angle":0,"axis":"y","origin":[8,3.5,8]},"faces":{"north":{"uv":[6.375,1.375,6.6245,1.49963],"texture":"#main"},"east":{"uv":[6.37438,1.37463,6.49925,1.4995],"rotation":90,"texture":"#main"},"south":{"uv":[6.375,1.375,6.6245,1.49963],"rotation":180,"texture":"#main"},"west":{"uv":[6.49938,1.37463,6.62425,1.4995],"rotation":90,"texture":"#main"},"up":{"uv":[6.375,1.375,6.6245,1.49963],"rotation":180,"texture":"#main"},"down":{"uv":[6.375,1.375,6.6245,1.49963],"texture":"#main"}}},{"from":[1,3.45,7.5],"to":[3,3.55,8.5],"rotation":{"angle":45,"axis":"y","origin":[8,3.5,8]},"faces":{"north":{"uv":[6.375,1.375,6.6245,1.49963],"texture":"#main"},"east":{"uv":[6.37438,1.37463,6.49925,1.4995],"rotation":90,"texture":"#main"},"south":{"uv":[6.375,1.375,6.6245,1.49963],"rotation":180,"texture":"#main"},"west":{"uv":[6.49938,1.37463,6.62425,1.4995],"rotation":90,"texture":"#main"},"up":{"uv":[6.375,1.375,6.6245,1.49963],"rotation":180,"texture":"#main"},"down":{"uv":[6.375,1.375,6.6245,1.49963],"texture":"#main"}}},{"from":[9.7,1.7,5.7],"to":[12.3,4.3,8.3],"rotation":{"angle":22.5,"axis":"x","origin":[11,3,7]},"faces":{"north":{"uv":[8,0,10,1],"texture":"#main"},"east":{"uv":[8,0,10,1],"texture":"#main"},"south":{"uv":[8,0,10,1],"texture":"#main"},"west":{"uv":[8,0,10,1],"texture":"#main"},"up":{"uv":[8,0,10,1],"texture":"#main"},"down":{"uv":[8,0,10,1],"texture":"#main"}}},{"from":[7.95,2.5,13],"to":[8.05,3.5,15],"rotation":{"angle":0,"axis":"y","origin":[8,3.5,8]},"faces":{"north":{"uv":[10.375,1.5,10.49975,1.62463],"texture":"#main"},"east":{"uv":[10.375,1.5,10.49975,1.62463],"texture":"#main"},"south":{"uv":[10.375,1.5,10.49975,1.62463],"texture":"#main"},"west":{"uv":[10.375,1.5,10.49975,1.62463],"texture":"#main"},"up":{"uv":[10.375,1.5,10.49975,1.62463],"texture":"#main"},"down":{"uv":[10.375,1.5,10.49975,1.62463],"texture":"#main"}}},{"from":[7.95,2.5,13],"to":[8.05,3.5,15],"rotation":{"angle":45,"axis":"y","origin":[8,3.5,8]},"faces":{"north":{"uv":[10.375,1.5,10.49975,1.62463],"texture":"#main"},"east":{"uv":[10.375,1.5,10.49975,1.62463],"texture":"#main"},"south":{"uv":[10.375,1.5,10.49975,1.62463],"texture":"#main"},"west":{"uv":[10.375,1.5,10.49975,1.62463],"texture":"#main"},"up":{"uv":[10.375,1.5,10.49975,1.62463],"texture":"#main"},"down":{"uv":[10.375,1.5,10.49975,1.62463],"texture":"#main"}}},{"from":[13,2.5,7.95],"to":[15,3.5,8.05],"rotation":{"angle":0,"axis":"y","origin":[8,3.5,8]},"faces":{"north":{"uv":[10.375,1.5,10.49975,1.62463],"texture":"#main"},"east":{"uv":[10.375,1.5,10.49975,1.62463],"texture":"#main"},"south":{"uv":[10.375,1.5,10.49975,1.62463],"texture":"#main"},"west":{"uv":[10.375,1.5,10.49975,1.62463],"texture":"#main"},"up":{"uv":[10.375,1.5,10.49975,1.62463],"rotation":270,"texture":"#main"},"down":{"uv":[10.375,1.5,10.49975,1.62463],"rotation":90,"texture":"#main"}}},{"from":[13,2.5,7.95],"to":[15,3.5,8.05],"rotation":{"angle":45,"axis":"y","origin":[8,3.5,8]},"faces":{"north":{"uv":[10.375,1.5,10.49975,1.62463],"texture":"#main"},"east":{"uv":[10.375,1.5,10.49975,1.62463],"texture":"#main"},"south":{"uv":[10.375,1.5,10.49975,1.62463],"texture":"#main"},"west":{"uv":[10.375,1.5,10.49975,1.62463],"texture":"#main"},"up":{"uv":[10.375,1.5,10.49975,1.62463],"rotation":270,"texture":"#main"},"down":{"uv":[10.375,1.5,10.49975,1.62463],"rotation":90,"texture":"#main"}}},{"from":[7.95,2.5,1],"to":[8.05,3.5,3],"rotation":{"angle":0,"axis":"y","origin":[8,3.5,8]},"faces":{"north":{"uv":[10.375,1.5,10.49975,1.62463],"texture":"#main"},"east":{"uv":[10.375,1.5,10.49975,1.62463],"texture":"#main"},"south":{"uv":[10.375,1.5,10.49975,1.62463],"texture":"#main"},"west":{"uv":[10.375,1.5,10.49975,1.62463],"texture":"#main"},"up":{"uv":[10.375,1.5,10.49975,1.62463],"rotation":180,"texture":"#main"},"down":{"uv":[10.375,1.5,10.49975,1.62463],"rotation":180,"texture":"#main"}}},{"from":[7.95,2.5,1],"to":[8.05,3.5,3],"rotation":{"angle":45,"axis":"y","origin":[8,3.5,8]},"faces":{"north":{"uv":[10.375,1.5,10.49975,1.62463],"texture":"#main"},"east":{"uv":[10.375,1.5,10.49975,1.62463],"texture":"#main"},"south":{"uv":[10.375,1.5,10.49975,1.62463],"texture":"#main"},"west":{"uv":[10.375,1.5,10.49975,1.62463],"texture":"#main"},"up":{"uv":[10.375,1.5,10.49975,1.62463],"rotation":180,"texture":"#main"},"down":{"uv":[10.375,1.5,10.49975,1.62463],"rotation":180,"texture":"#main"}}},{"from":[1,2.5,7.95],"to":[3,3.5,8.05],"rotation":{"angle":0,"axis":"y","origin":[8,3.5,8]},"faces":{"north":{"uv":[10.375,1.5,10.49975,1.62463],"texture":"#main"},"east":{"uv":[10.375,1.5,10.49975,1.62463],"texture":"#main"},"south":{"uv":[10.375,1.5,10.49975,1.62463],"texture":"#main"},"west":{"uv":[10.375,1.5,10.49975,1.62463],"texture":"#main"},"up":{"uv":[10.375,1.5,10.49975,1.62463],"rotation":90,"texture":"#main"},"down":{"uv":[10.375,1.5,10.49975,1.62463],"rotation":270,"texture":"#main"}}},{"from":[1,2.5,7.95],"to":[3,3.5,8.05],"rotation":{"angle":45,"axis":"y","origin":[8,3.5,8]},"faces":{"north":{"uv":[10.375,1.5,10.49975,1.62463],"texture":"#main"},"east":{"uv":[10.375,1.5,10.49975,1.62463],"texture":"#main"},"south":{"uv":[10.375,1.5,10.49975,1.62463],"texture":"#main"},"west":{"uv":[10.375,1.5,10.49975,1.62463],"texture":"#main"},"up":{"uv":[10.375,1.5,10.49975,1.62463],"rotation":90,"texture":"#main"},"down":{"uv":[10.375,1.5,10.49975,1.62463],"rotation":270,"texture":"#main"}}},{"from":[7.95,2.5,15],"to":[8.05,3,16],"rotation":{"angle":0,"axis":"y","origin":[8,3.5,8]},"faces":{"north":{"uv":[10.625,1.25,10.74963,1.37463],"texture":"#main"},"east":{"uv":[10.625,1.25,10.74963,1.37463],"texture":"#main"},"south":{"uv":[10.625,1.25,10.74963,1.37463],"texture":"#main"},"west":{"uv":[10.625,1.25,10.74963,1.37463],"texture":"#main"},"up":{"uv":[10.625,1.25,10.74963,1.37463],"texture":"#main"},"down":{"uv":[10.625,1.25,10.74963,1.37463],"texture":"#main"}}},{"from":[7.95,2.5,15],"to":[8.05,3,16],"rotation":{"angle":45,"axis":"y","origin":[8,3.5,8]},"faces":{"north":{"uv":[10.625,1.25,10.74963,1.37463],"texture":"#main"},"east":{"uv":[10.625,1.25,10.74963,1.37463],"texture":"#main"},"south":{"uv":[10.625,1.25,10.74963,1.37463],"texture":"#main"},"west":{"uv":[10.625,1.25,10.74963,1.37463],"texture":"#main"},"up":{"uv":[10.625,1.25,10.74963,1.37463],"texture":"#main"},"down":{"uv":[10.625,1.25,10.74963,1.37463],"texture":"#main"}}},{"from":[15,2.5,7.95],"to":[16,3,8.05],"rotation":{"angle":0,"axis":"y","origin":[8,3.5,8]},"faces":{"north":{"uv":[10.625,1.25,10.74963,1.37463],"texture":"#main"},"east":{"uv":[10.625,1.25,10.74963,1.37463],"texture":"#main"},"south":{"uv":[10.625,1.25,10.74963,1.37463],"texture":"#main"},"west":{"uv":[10.625,1.25,10.74963,1.37463],"texture":"#main"},"up":{"uv":[10.625,1.25,10.74963,1.37463],"rotation":270,"texture":"#main"},"down":{"uv":[10.625,1.25,10.74963,1.37463],"rotation":90,"texture":"#main"}}},{"from":[15,2.5,7.95],"to":[16,3,8.05],"rotation":{"angle":45,"axis":"y","origin":[8,3.5,8]},"faces":{"north":{"uv":[10.625,1.25,10.74963,1.37463],"texture":"#main"},"east":{"uv":[10.625,1.25,10.74963,1.37463],"texture":"#main"},"south":{"uv":[10.625,1.25,10.74963,1.37463],"texture":"#main"},"west":{"uv":[10.625,1.25,10.74963,1.37463],"texture":"#main"},"up":{"uv":[10.625,1.25,10.74963,1.37463],"rotation":270,"texture":"#main"},"down":{"uv":[10.625,1.25,10.74963,1.37463],"rotation":90,"texture":"#main"}}},{"from":[7.95,2.5,0],"to":[8.05,3,1],"rotation":{"angle":0,"axis":"y","origin":[8,3.5,8]},"faces":{"north":{"uv":[10.625,1.25,10.74963,1.37463],"texture":"#main"},"east":{"uv":[10.625,1.25,10.74963,1.37463],"texture":"#main"},"south":{"uv":[10.625,1.25,10.74963,1.37463],"texture":"#main"},"west":{"uv":[10.625,1.25,10.74963,1.37463],"texture":"#main"},"up":{"uv":[10.625,1.25,10.74963,1.37463],"rotation":180,"texture":"#main"},"down":{"uv":[10.625,1.25,10.74963,1.37463],"rotation":180,"texture":"#main"}}},{"from":[7.95,2.5,0],"to":[8.05,3,1],"rotation":{"angle":45,"axis":"y","origin":[8,3.5,8]},"faces":{"north":{"uv":[10.625,1.25,10.74963,1.37463],"texture":"#main"},"east":{"uv":[10.625,1.25,10.74963,1.37463],"texture":"#main"},"south":{"uv":[10.625,1.25,10.74963,1.37463],"texture":"#main"},"west":{"uv":[10.625,1.25,10.74963,1.37463],"texture":"#main"},"up":{"uv":[10.625,1.25,10.74963,1.37463],"rotation":180,"texture":"#main"},"down":{"uv":[10.625,1.25,10.74963,1.37463],"rotation":180,"texture":"#main"}}},{"from":[0,2.5,7.95],"to":[1,3,8.05],"rotation":{"angle":0,"axis":"y","origin":[8,3.5,8]},"faces":{"north":{"uv":[10.625,1.25,10.74963,1.37463],"texture":"#main"},"east":{"uv":[10.625,1.25,10.74963,1.37463],"texture":"#main"},"south":{"uv":[10.625,1.25,10.74963,1.37463],"texture":"#main"},"west":{"uv":[10.625,1.25,10.74963,1.37463],"texture":"#main"},"up":{"uv":[10.625,1.25,10.74963,1.37463],"rotation":90,"texture":"#main"},"down":{"uv":[10.625,1.25,10.74963,1.37463],"rotation":270,"texture":"#main"}}},{"from":[0,2.5,7.95],"to":[1,3,8.05],"rotation":{"angle":45,"axis":"y","origin":[8,3.5,8]},"faces":{"north":{"uv":[10.625,1.25,10.74963,1.37463],"texture":"#main"},"east":{"uv":[10.625,1.25,10.74963,1.37463],"texture":"#main"},"south":{"uv":[10.625,1.25,10.74963,1.37463],"texture":"#main"},"west":{"uv":[10.625,1.25,10.74963,1.37463],"texture":"#main"},"up":{"uv":[10.625,1.25,10.74963,1.37463],"rotation":90,"texture":"#main"},"down":{"uv":[10.625,1.25,10.74963,1.37463],"rotation":270,"texture":"#main"}}},{"from":[7.5,2.5,13],"to":[8.5,2.6,15],"rotation":{"angle":0,"axis":"z","origin":[8,3.5,8]},"faces":{"north":{"uv":[10.37438,1.37463,10.49925,1.4995],"rotation":90,"texture":"#main"},"east":{"uv":[10.375,1.375,10.6245,1.49963],"rotation":180,"texture":"#main"},"south":{"uv":[10.49938,1.37463,10.62425,1.4995],"rotation":90,"texture":"#main"},"west":{"uv":[10.375,1.375,10.6245,1.49963],"texture":"#main"},"up":{"uv":[10.375,1.375,10.6245,1.49963],"rotation":90,"texture":"#main"},"down":{"uv":[10.375,1.375,10.6245,1.49963],"rotation":90,"texture":"#main"}}},{"from":[7.5,2.5,13],"to":[8.5,2.6,15],"rotation":{"angle":45,"axis":"y","origin":[8,3.5,8]},"faces":{"north":{"uv":[10.37438,1.37463,10.49925,1.4995],"rotation":90,"texture":"#main"},"east":{"uv":[10.375,1.375,10.6245,1.49963],"rotation":180,"texture":"#main"},"south":{"uv":[10.49938,1.37463,10.62425,1.4995],"rotation":90,"texture":"#main"},"west":{"uv":[10.375,1.375,10.6245,1.49963],"texture":"#main"},"up":{"uv":[10.375,1.375,10.6245,1.49963],"rotation":90,"texture":"#main"},"down":{"uv":[10.375,1.375,10.6245,1.49963],"rotation":90,"texture":"#main"}}},{"from":[13,2.5,7.5],"to":[15,2.6,8.5],"rotation":{"angle":0,"axis":"y","origin":[8,3.5,8]},"faces":{"north":{"uv":[10.375,1.375,10.6245,1.49963],"rotation":180,"texture":"#main"},"east":{"uv":[10.49938,1.37463,10.62425,1.4995],"rotation":90,"texture":"#main"},"south":{"uv":[10.375,1.375,10.6245,1.49963],"texture":"#main"},"west":{"uv":[10.37438,1.37463,10.49925,1.4995],"rotation":90,"texture":"#main"},"up":{"uv":[10.375,1.375,10.6245,1.49963],"texture":"#main"},"down":{"uv":[10.375,1.375,10.6245,1.49963],"rotation":180,"texture":"#main"}}},{"from":[13,2.5,7.5],"to":[15,2.6,8.5],"rotation":{"angle":45,"axis":"y","origin":[8,3.5,8]},"faces":{"north":{"uv":[10.375,1.375,10.6245,1.49963],"rotation":180,"texture":"#main"},"east":{"uv":[10.49938,1.37463,10.62425,1.4995],"rotation":90,"texture":"#main"},"south":{"uv":[10.375,1.375,10.6245,1.49963],"texture":"#main"},"west":{"uv":[10.37438,1.37463,10.49925,1.4995],"rotation":90,"texture":"#main"},"up":{"uv":[10.375,1.375,10.6245,1.49963],"texture":"#main"},"down":{"uv":[10.375,1.375,10.6245,1.49963],"rotation":180,"texture":"#main"}}},{"from":[7.5,2.5,1],"to":[8.5,2.6,3],"rotation":{"angle":0,"axis":"y","origin":[8,3.5,8]},"faces":{"north":{"uv":[10.49938,1.37463,10.62425,1.4995],"rotation":90,"texture":"#main"},"east":{"uv":[10.375,1.375,10.6245,1.49963],"texture":"#main"},"south":{"uv":[10.37438,1.37463,10.49925,1.4995],"rotation":90,"texture":"#main"},"west":{"uv":[10.375,1.375,10.6245,1.49963],"rotation":180,"texture":"#main"},"up":{"uv":[10.375,1.375,10.6245,1.49963],"rotation":270,"texture":"#main"},"down":{"uv":[10.375,1.375,10.6245,1.49963],"rotation":270,"texture":"#main"}}},{"from":[7.5,2.5,1],"to":[8.5,2.6,3],"rotation":{"angle":45,"axis":"y","origin":[8,3.5,8]},"faces":{"north":{"uv":[10.49938,1.37463,10.62425,1.4995],"rotation":90,"texture":"#main"},"east":{"uv":[10.375,1.375,10.6245,1.49963],"texture":"#main"},"south":{"uv":[10.37438,1.37463,10.49925,1.4995],"rotation":90,"texture":"#main"},"west":{"uv":[10.375,1.375,10.6245,1.49963],"rotation":180,"texture":"#main"},"up":{"uv":[10.375,1.375,10.6245,1.49963],"rotation":270,"texture":"#main"},"down":{"uv":[10.375,1.375,10.6245,1.49963],"rotation":270,"texture":"#main"}}},{"from":[1,2.5,7.5],"to":[3,2.6,8.5],"rotation":{"angle":0,"axis":"y","origin":[8,3.5,8]},"faces":{"north":{"uv":[10.375,1.375,10.6245,1.49963],"texture":"#main"},"east":{"uv":[10.37438,1.37463,10.49925,1.4995],"rotation":90,"texture":"#main"},"south":{"uv":[10.375,1.375,10.6245,1.49963],"rotation":180,"texture":"#main"},"west":{"uv":[10.49938,1.37463,10.62425,1.4995],"rotation":90,"texture":"#main"},"up":{"uv":[10.375,1.375,10.6245,1.49963],"rotation":180,"texture":"#main"},"down":{"uv":[10.375,1.375,10.6245,1.49963],"texture":"#main"}}},{"from":[1,2.5,7.5],"to":[3,2.6,8.5],"rotation":{"angle":45,"axis":"y","origin":[8,3.5,8]},"faces":{"north":{"uv":[10.375,1.375,10.6245,1.49963],"texture":"#main"},"east":{"uv":[10.37438,1.37463,10.49925,1.4995],"rotation":90,"texture":"#main"},"south":{"uv":[10.375,1.375,10.6245,1.49963],"rotation":180,"texture":"#main"},"west":{"uv":[10.49938,1.37463,10.62425,1.4995],"rotation":90,"texture":"#main"},"up":{"uv":[10.375,1.375,10.6245,1.49963],"rotation":180,"texture":"#main"},"down":{"uv":[10.375,1.375,10.6245,1.49963],"texture":"#main"}}},{"from":[9.7,1.7,5.7],"to":[12.3,4.3,8.3],"rotation":{"angle":22.5,"axis":"x","origin":[11,3,7]},"faces":{"north":{"uv":[12,0,14,1],"texture":"#main"},"east":{"uv":[12,0,14,1],"texture":"#main"},"south":{"uv":[12,0,14,1],"texture":"#main"},"west":{"uv":[12,0,14,1],"texture":"#main"},"up":{"uv":[12,0,14,1],"texture":"#main"},"down":{"uv":[12,0,14,1],"texture":"#main"}}},{"from":[7.95,1.5,13],"to":[8.05,2.5,15],"rotation":{"angle":0,"axis":"y","origin":[8,2.5,8]},"faces":{"north":{"uv":[14.375,1.5,14.49975,1.62463],"texture":"#main"},"east":{"uv":[14.375,1.5,14.49975,1.62463],"texture":"#main"},"south":{"uv":[14.375,1.5,14.49975,1.62463],"texture":"#main"},"west":{"uv":[14.375,1.5,14.49975,1.62463],"texture":"#main"},"up":{"uv":[14.375,1.5,14.49975,1.62463],"texture":"#main"},"down":{"uv":[14.375,1.5,14.49975,1.62463],"texture":"#main"}}},{"from":[7.95,1.5,13],"to":[8.05,2.5,15],"rotation":{"angle":45,"axis":"y","origin":[8,2.5,8]},"faces":{"north":{"uv":[14.375,1.5,14.49975,1.62463],"texture":"#main"},"east":{"uv":[14.375,1.5,14.49975,1.62463],"texture":"#main"},"south":{"uv":[14.375,1.5,14.49975,1.62463],"texture":"#main"},"west":{"uv":[14.375,1.5,14.49975,1.62463],"texture":"#main"},"up":{"uv":[14.375,1.5,14.49975,1.62463],"texture":"#main"},"down":{"uv":[14.375,1.5,14.49975,1.62463],"texture":"#main"}}},{"from":[13,1.5,7.95],"to":[15,2.5,8.05],"rotation":{"angle":0,"axis":"y","origin":[8,2.5,8]},"faces":{"north":{"uv":[14.375,1.5,14.49975,1.62463],"texture":"#main"},"east":{"uv":[14.375,1.5,14.49975,1.62463],"texture":"#main"},"south":{"uv":[14.375,1.5,14.49975,1.62463],"texture":"#main"},"west":{"uv":[14.375,1.5,14.49975,1.62463],"texture":"#main"},"up":{"uv":[14.375,1.5,14.49975,1.62463],"rotation":270,"texture":"#main"},"down":{"uv":[14.375,1.5,14.49975,1.62463],"rotation":90,"texture":"#main"}}},{"from":[13,1.5,7.95],"to":[15,2.5,8.05],"rotation":{"angle":45,"axis":"y","origin":[8,2.5,8]},"faces":{"north":{"uv":[14.375,1.5,14.49975,1.62463],"texture":"#main"},"east":{"uv":[14.375,1.5,14.49975,1.62463],"texture":"#main"},"south":{"uv":[14.375,1.5,14.49975,1.62463],"texture":"#main"},"west":{"uv":[14.375,1.5,14.49975,1.62463],"texture":"#main"},"up":{"uv":[14.375,1.5,14.49975,1.62463],"rotation":270,"texture":"#main"},"down":{"uv":[14.375,1.5,14.49975,1.62463],"rotation":90,"texture":"#main"}}},{"from":[7.95,1.5,1],"to":[8.05,2.5,3],"rotation":{"angle":0,"axis":"y","origin":[8,2.5,8]},"faces":{"north":{"uv":[14.375,1.5,14.49975,1.62463],"texture":"#main"},"east":{"uv":[14.375,1.5,14.49975,1.62463],"texture":"#main"},"south":{"uv":[14.375,1.5,14.49975,1.62463],"texture":"#main"},"west":{"uv":[14.375,1.5,14.49975,1.62463],"texture":"#main"},"up":{"uv":[14.375,1.5,14.49975,1.62463],"rotation":180,"texture":"#main"},"down":{"uv":[14.375,1.5,14.49975,1.62463],"rotation":180,"texture":"#main"}}},{"from":[7.95,1.5,1],"to":[8.05,2.5,3],"rotation":{"angle":45,"axis":"y","origin":[8,2.5,8]},"faces":{"north":{"uv":[14.375,1.5,14.49975,1.62463],"texture":"#main"},"east":{"uv":[14.375,1.5,14.49975,1.62463],"texture":"#main"},"south":{"uv":[14.375,1.5,14.49975,1.62463],"texture":"#main"},"west":{"uv":[14.375,1.5,14.49975,1.62463],"texture":"#main"},"up":{"uv":[14.375,1.5,14.49975,1.62463],"rotation":180,"texture":"#main"},"down":{"uv":[14.375,1.5,14.49975,1.62463],"rotation":180,"texture":"#main"}}},{"from":[1,1.5,7.95],"to":[3,2.5,8.05],"rotation":{"angle":0,"axis":"y","origin":[8,2.5,8]},"faces":{"north":{"uv":[14.375,1.5,14.49975,1.62463],"texture":"#main"},"east":{"uv":[14.375,1.5,14.49975,1.62463],"texture":"#main"},"south":{"uv":[14.375,1.5,14.49975,1.62463],"texture":"#main"},"west":{"uv":[14.375,1.5,14.49975,1.62463],"texture":"#main"},"up":{"uv":[14.375,1.5,14.49975,1.62463],"rotation":90,"texture":"#main"},"down":{"uv":[14.375,1.5,14.49975,1.62463],"rotation":270,"texture":"#main"}}},{"from":[1,1.5,7.95],"to":[3,2.5,8.05],"rotation":{"angle":45,"axis":"y","origin":[8,2.5,8]},"faces":{"north":{"uv":[14.375,1.5,14.49975,1.62463],"texture":"#main"},"east":{"uv":[14.375,1.5,14.49975,1.62463],"texture":"#main"},"south":{"uv":[14.375,1.5,14.49975,1.62463],"texture":"#main"},"west":{"uv":[14.375,1.5,14.49975,1.62463],"texture":"#main"},"up":{"uv":[14.375,1.5,14.49975,1.62463],"rotation":90,"texture":"#main"},"down":{"uv":[14.375,1.5,14.49975,1.62463],"rotation":270,"texture":"#main"}}},{"from":[7.95,1.5,15],"to":[8.05,2,16],"rotation":{"angle":0,"axis":"y","origin":[8,2.5,8]},"faces":{"north":{"uv":[14.625,1.25,14.74963,1.37463],"texture":"#main"},"east":{"uv":[14.625,1.25,14.74963,1.37463],"texture":"#main"},"south":{"uv":[14.625,1.25,14.74963,1.37463],"texture":"#main"},"west":{"uv":[14.625,1.25,14.74963,1.37463],"texture":"#main"},"up":{"uv":[14.625,1.25,14.74963,1.37463],"texture":"#main"},"down":{"uv":[14.625,1.25,14.74963,1.37463],"texture":"#main"}}},{"from":[7.95,1.5,15],"to":[8.05,2,16],"rotation":{"angle":45,"axis":"y","origin":[8,2.5,8]},"faces":{"north":{"uv":[14.625,1.25,14.74963,1.37463],"texture":"#main"},"east":{"uv":[14.625,1.25,14.74963,1.37463],"texture":"#main"},"south":{"uv":[14.625,1.25,14.74963,1.37463],"texture":"#main"},"west":{"uv":[14.625,1.25,14.74963,1.37463],"texture":"#main"},"up":{"uv":[14.625,1.25,14.74963,1.37463],"texture":"#main"},"down":{"uv":[14.625,1.25,14.74963,1.37463],"texture":"#main"}}},{"from":[15,1.5,7.95],"to":[16,2,8.05],"rotation":{"angle":0,"axis":"y","origin":[8,2.5,8]},"faces":{"north":{"uv":[14.625,1.25,14.74963,1.37463],"texture":"#main"},"east":{"uv":[14.625,1.25,14.74963,1.37463],"texture":"#main"},"south":{"uv":[14.625,1.25,14.74963,1.37463],"texture":"#main"},"west":{"uv":[14.625,1.25,14.74963,1.37463],"texture":"#main"},"up":{"uv":[14.625,1.25,14.74963,1.37463],"rotation":270,"texture":"#main"},"down":{"uv":[14.625,1.25,14.74963,1.37463],"rotation":90,"texture":"#main"}}},{"from":[15,1.5,7.95],"to":[16,2,8.05],"rotation":{"angle":45,"axis":"y","origin":[8,2.5,8]},"faces":{"north":{"uv":[14.625,1.25,14.74963,1.37463],"texture":"#main"},"east":{"uv":[14.625,1.25,14.74963,1.37463],"texture":"#main"},"south":{"uv":[14.625,1.25,14.74963,1.37463],"texture":"#main"},"west":{"uv":[14.625,1.25,14.74963,1.37463],"texture":"#main"},"up":{"uv":[14.625,1.25,14.74963,1.37463],"rotation":270,"texture":"#main"},"down":{"uv":[14.625,1.25,14.74963,1.37463],"rotation":90,"texture":"#main"}}},{"from":[7.95,1.5,0],"to":[8.05,2,1],"rotation":{"angle":0,"axis":"y","origin":[8,2.5,8]},"faces":{"north":{"uv":[14.625,1.25,14.74963,1.37463],"texture":"#main"},"east":{"uv":[14.625,1.25,14.74963,1.37463],"texture":"#main"},"south":{"uv":[14.625,1.25,14.74963,1.37463],"texture":"#main"},"west":{"uv":[14.625,1.25,14.74963,1.37463],"texture":"#main"},"up":{"uv":[14.625,1.25,14.74963,1.37463],"rotation":180,"texture":"#main"},"down":{"uv":[14.625,1.25,14.74963,1.37463],"rotation":180,"texture":"#main"}}},{"from":[7.95,1.5,0],"to":[8.05,2,1],"rotation":{"angle":45,"axis":"y","origin":[8,2.5,8]},"faces":{"north":{"uv":[14.625,1.25,14.74963,1.37463],"texture":"#main"},"east":{"uv":[14.625,1.25,14.74963,1.37463],"texture":"#main"},"south":{"uv":[14.625,1.25,14.74963,1.37463],"texture":"#main"},"west":{"uv":[14.625,1.25,14.74963,1.37463],"texture":"#main"},"up":{"uv":[14.625,1.25,14.74963,1.37463],"rotation":180,"texture":"#main"},"down":{"uv":[14.625,1.25,14.74963,1.37463],"rotation":180,"texture":"#main"}}},{"from":[0,1.5,7.95],"to":[1,2,8.05],"rotation":{"angle":0,"axis":"y","origin":[8,2.5,8]},"faces":{"north":{"uv":[14.625,1.25,14.74963,1.37463],"texture":"#main"},"east":{"uv":[14.625,1.25,14.74963,1.37463],"texture":"#main"},"south":{"uv":[14.625,1.25,14.74963,1.37463],"texture":"#main"},"west":{"uv":[14.625,1.25,14.74963,1.37463],"texture":"#main"},"up":{"uv":[14.625,1.25,14.74963,1.37463],"rotation":90,"texture":"#main"},"down":{"uv":[14.625,1.25,14.74963,1.37463],"rotation":270,"texture":"#main"}}},{"from":[0,1.5,7.95],"to":[1,2,8.05],"rotation":{"angle":45,"axis":"y","origin":[8,2.5,8]},"faces":{"north":{"uv":[14.625,1.25,14.74963,1.37463],"texture":"#main"},"east":{"uv":[14.625,1.25,14.74963,1.37463],"texture":"#main"},"south":{"uv":[14.625,1.25,14.74963,1.37463],"texture":"#main"},"west":{"uv":[14.625,1.25,14.74963,1.37463],"texture":"#main"},"up":{"uv":[14.625,1.25,14.74963,1.37463],"rotation":90,"texture":"#main"},"down":{"uv":[14.625,1.25,14.74963,1.37463],"rotation":270,"texture":"#main"}}},{"from":[7.5,1.5,13],"to":[8.5,1.6,15],"rotation":{"angle":0,"axis":"z","origin":[8,2.5,8]},"faces":{"north":{"uv":[14.37438,1.37463,14.49925,1.4995],"rotation":90,"texture":"#main"},"east":{"uv":[14.375,1.375,14.6245,1.49963],"rotation":180,"texture":"#main"},"south":{"uv":[14.49938,1.37463,14.62425,1.4995],"rotation":90,"texture":"#main"},"west":{"uv":[14.375,1.375,14.6245,1.49963],"texture":"#main"},"up":{"uv":[14.375,1.375,14.6245,1.49963],"rotation":90,"texture":"#main"},"down":{"uv":[14.375,1.375,14.6245,1.49963],"rotation":90,"texture":"#main"}}},{"from":[7.5,1.5,13],"to":[8.5,1.6,15],"rotation":{"angle":45,"axis":"y","origin":[8,2.5,8]},"faces":{"north":{"uv":[14.37438,1.37463,14.49925,1.4995],"rotation":90,"texture":"#main"},"east":{"uv":[14.375,1.375,14.6245,1.49963],"rotation":180,"texture":"#main"},"south":{"uv":[14.49938,1.37463,14.62425,1.4995],"rotation":90,"texture":"#main"},"west":{"uv":[14.375,1.375,14.6245,1.49963],"texture":"#main"},"up":{"uv":[14.375,1.375,14.6245,1.49963],"rotation":90,"texture":"#main"},"down":{"uv":[14.375,1.375,14.6245,1.49963],"rotation":90,"texture":"#main"}}},{"from":[13,1.5,7.5],"to":[15,1.6,8.5],"rotation":{"angle":0,"axis":"y","origin":[8,2.5,8]},"faces":{"north":{"uv":[14.375,1.375,14.6245,1.49963],"rotation":180,"texture":"#main"},"east":{"uv":[14.49938,1.37463,14.62425,1.4995],"rotation":90,"texture":"#main"},"south":{"uv":[14.375,1.375,14.6245,1.49963],"texture":"#main"},"west":{"uv":[14.37438,1.37463,14.49925,1.4995],"rotation":90,"texture":"#main"},"up":{"uv":[14.375,1.375,14.6245,1.49963],"texture":"#main"},"down":{"uv":[14.375,1.375,14.6245,1.49963],"rotation":180,"texture":"#main"}}},{"from":[13,1.5,7.5],"to":[15,1.6,8.5],"rotation":{"angle":45,"axis":"y","origin":[8,2.5,8]},"faces":{"north":{"uv":[14.375,1.375,14.6245,1.49963],"rotation":180,"texture":"#main"},"east":{"uv":[14.49938,1.37463,14.62425,1.4995],"rotation":90,"texture":"#main"},"south":{"uv":[14.375,1.375,14.6245,1.49963],"texture":"#main"},"west":{"uv":[14.37438,1.37463,14.49925,1.4995],"rotation":90,"texture":"#main"},"up":{"uv":[14.375,1.375,14.6245,1.49963],"texture":"#main"},"down":{"uv":[14.375,1.375,14.6245,1.49963],"rotation":180,"texture":"#main"}}},{"from":[7.5,1.5,1],"to":[8.5,1.6,3],"rotation":{"angle":0,"axis":"y","origin":[8,2.5,8]},"faces":{"north":{"uv":[14.49938,1.37463,14.62425,1.4995],"rotation":90,"texture":"#main"},"east":{"uv":[14.375,1.375,14.6245,1.49963],"texture":"#main"},"south":{"uv":[14.37438,1.37463,14.49925,1.4995],"rotation":90,"texture":"#main"},"west":{"uv":[14.375,1.375,14.6245,1.49963],"rotation":180,"texture":"#main"},"up":{"uv":[14.375,1.375,14.6245,1.49963],"rotation":270,"texture":"#main"},"down":{"uv":[14.375,1.375,14.6245,1.49963],"rotation":270,"texture":"#main"}}},{"from":[7.5,1.5,1],"to":[8.5,1.6,3],"rotation":{"angle":45,"axis":"y","origin":[8,2.5,8]},"faces":{"north":{"uv":[14.49938,1.37463,14.62425,1.4995],"rotation":90,"texture":"#main"},"east":{"uv":[14.375,1.375,14.6245,1.49963],"texture":"#main"},"south":{"uv":[14.37438,1.37463,14.49925,1.4995],"rotation":90,"texture":"#main"},"west":{"uv":[14.375,1.375,14.6245,1.49963],"rotation":180,"texture":"#main"},"up":{"uv":[14.375,1.375,14.6245,1.49963],"rotation":270,"texture":"#main"},"down":{"uv":[14.375,1.375,14.6245,1.49963],"rotation":270,"texture":"#main"}}},{"from":[1,1.5,7.5],"to":[3,1.6,8.5],"rotation":{"angle":0,"axis":"y","origin":[8,2.5,8]},"faces":{"north":{"uv":[14.375,1.375,14.6245,1.49963],"texture":"#main"},"east":{"uv":[14.37438,1.37463,14.49925,1.4995],"rotation":90,"texture":"#main"},"south":{"uv":[14.375,1.375,14.6245,1.49963],"rotation":180,"texture":"#main"},"west":{"uv":[14.49938,1.37463,14.62425,1.4995],"rotation":90,"texture":"#main"},"up":{"uv":[14.375,1.375,14.6245,1.49963],"rotation":180,"texture":"#main"},"down":{"uv":[14.375,1.375,14.6245,1.49963],"texture":"#main"}}},{"from":[1,1.5,7.5],"to":[3,1.6,8.5],"rotation":{"angle":45,"axis":"y","origin":[8,2.5,8]},"faces":{"north":{"uv":[14.375,1.375,14.6245,1.49963],"texture":"#main"},"east":{"uv":[14.37438,1.37463,14.49925,1.4995],"rotation":90,"texture":"#main"},"south":{"uv":[14.375,1.375,14.6245,1.49963],"rotation":180,"texture":"#main"},"west":{"uv":[14.49938,1.37463,14.62425,1.4995],"rotation":90,"texture":"#main"},"up":{"uv":[14.375,1.375,14.6245,1.49963],"rotation":180,"texture":"#main"},"down":{"uv":[14.375,1.375,14.6245,1.49963],"texture":"#main"}}},{"from":[9.7,1.7,5.7],"to":[12.3,4.3,8.3],"rotation":{"angle":22.5,"axis":"x","origin":[11,3,7]},"faces":{"north":{"uv":[0,4,2,5],"texture":"#main"},"east":{"uv":[0,4,2,5],"texture":"#main"},"south":{"uv":[0,4,2,5],"texture":"#main"},"west":{"uv":[0,4,2,5],"texture":"#main"},"up":{"uv":[0,4,2,5],"texture":"#main"},"down":{"uv":[0,4,2,5],"texture":"#main"}}},{"from":[7.95,1,13],"to":[8.05,2,15],"rotation":{"angle":0,"axis":"y","origin":[8,1.5,8]},"faces":{"north":{"uv":[2.375,5.5,2.49975,5.62463],"texture":"#main"},"east":{"uv":[2.375,5.5,2.49975,5.62463],"texture":"#main"},"south":{"uv":[2.375,5.5,2.49975,5.62463],"texture":"#main"},"west":{"uv":[2.375,5.5,2.49975,5.62463],"texture":"#main"},"up":{"uv":[2.375,5.5,2.49975,5.62463],"texture":"#main"},"down":{"uv":[2.375,5.5,2.49975,5.62463],"texture":"#main"}}},{"from":[7.95,1,13],"to":[8.05,2,15],"rotation":{"angle":45,"axis":"y","origin":[8,1.5,8]},"faces":{"north":{"uv":[2.375,5.5,2.49975,5.62463],"texture":"#main"},"east":{"uv":[2.375,5.5,2.49975,5.62463],"texture":"#main"},"south":{"uv":[2.375,5.5,2.49975,5.62463],"texture":"#main"},"west":{"uv":[2.375,5.5,2.49975,5.62463],"texture":"#main"},"up":{"uv":[2.375,5.5,2.49975,5.62463],"texture":"#main"},"down":{"uv":[2.375,5.5,2.49975,5.62463],"texture":"#main"}}},{"from":[13,1,7.95],"to":[15,2,8.05],"rotation":{"angle":0,"axis":"y","origin":[8,1.5,8]},"faces":{"north":{"uv":[2.375,5.5,2.49975,5.62463],"texture":"#main"},"east":{"uv":[2.375,5.5,2.49975,5.62463],"texture":"#main"},"south":{"uv":[2.375,5.5,2.49975,5.62463],"texture":"#main"},"west":{"uv":[2.375,5.5,2.49975,5.62463],"texture":"#main"},"up":{"uv":[2.375,5.5,2.49975,5.62463],"rotation":270,"texture":"#main"},"down":{"uv":[2.375,5.5,2.49975,5.62463],"rotation":90,"texture":"#main"}}},{"from":[13,1,7.95],"to":[15,2,8.05],"rotation":{"angle":45,"axis":"y","origin":[8,1.5,8]},"faces":{"north":{"uv":[2.375,5.5,2.49975,5.62463],"texture":"#main"},"east":{"uv":[2.375,5.5,2.49975,5.62463],"texture":"#main"},"south":{"uv":[2.375,5.5,2.49975,5.62463],"texture":"#main"},"west":{"uv":[2.375,5.5,2.49975,5.62463],"texture":"#main"},"up":{"uv":[2.375,5.5,2.49975,5.62463],"rotation":270,"texture":"#main"},"down":{"uv":[2.375,5.5,2.49975,5.62463],"rotation":90,"texture":"#main"}}},{"from":[7.95,1,1],"to":[8.05,2,3],"rotation":{"angle":0,"axis":"y","origin":[8,1.5,8]},"faces":{"north":{"uv":[2.375,5.5,2.49975,5.62463],"texture":"#main"},"east":{"uv":[2.375,5.5,2.49975,5.62463],"texture":"#main"},"south":{"uv":[2.375,5.5,2.49975,5.62463],"texture":"#main"},"west":{"uv":[2.375,5.5,2.49975,5.62463],"texture":"#main"},"up":{"uv":[2.375,5.5,2.49975,5.62463],"rotation":180,"texture":"#main"},"down":{"uv":[2.375,5.5,2.49975,5.62463],"rotation":180,"texture":"#main"}}},{"from":[7.95,1,1],"to":[8.05,2,3],"rotation":{"angle":45,"axis":"y","origin":[8,1.5,8]},"faces":{"north":{"uv":[2.375,5.5,2.49975,5.62463],"texture":"#main"},"east":{"uv":[2.375,5.5,2.49975,5.62463],"texture":"#main"},"south":{"uv":[2.375,5.5,2.49975,5.62463],"texture":"#main"},"west":{"uv":[2.375,5.5,2.49975,5.62463],"texture":"#main"},"up":{"uv":[2.375,5.5,2.49975,5.62463],"rotation":180,"texture":"#main"},"down":{"uv":[2.375,5.5,2.49975,5.62463],"rotation":180,"texture":"#main"}}},{"from":[1,1,7.95],"to":[3,2,8.05],"rotation":{"angle":0,"axis":"y","origin":[8,1.5,8]},"faces":{"north":{"uv":[2.375,5.5,2.49975,5.62463],"texture":"#main"},"east":{"uv":[2.375,5.5,2.49975,5.62463],"texture":"#main"},"south":{"uv":[2.375,5.5,2.49975,5.62463],"texture":"#main"},"west":{"uv":[2.375,5.5,2.49975,5.62463],"texture":"#main"},"up":{"uv":[2.375,5.5,2.49975,5.62463],"rotation":90,"texture":"#main"},"down":{"uv":[2.375,5.5,2.49975,5.62463],"rotation":270,"texture":"#main"}}},{"from":[1,1,7.95],"to":[3,2,8.05],"rotation":{"angle":45,"axis":"y","origin":[8,1.5,8]},"faces":{"north":{"uv":[2.375,5.5,2.49975,5.62463],"texture":"#main"},"east":{"uv":[2.375,5.5,2.49975,5.62463],"texture":"#main"},"south":{"uv":[2.375,5.5,2.49975,5.62463],"texture":"#main"},"west":{"uv":[2.375,5.5,2.49975,5.62463],"texture":"#main"},"up":{"uv":[2.375,5.5,2.49975,5.62463],"rotation":90,"texture":"#main"},"down":{"uv":[2.375,5.5,2.49975,5.62463],"rotation":270,"texture":"#main"}}},{"from":[7.95,1.25,15],"to":[8.05,1.75,16],"rotation":{"angle":0,"axis":"y","origin":[8,1.5,8]},"faces":{"north":{"uv":[2.625,5.25,2.74963,5.37463],"texture":"#main"},"east":{"uv":[2.625,5.25,2.74963,5.37463],"texture":"#main"},"south":{"uv":[2.625,5.25,2.74963,5.37463],"texture":"#main"},"west":{"uv":[2.625,5.25,2.74963,5.37463],"texture":"#main"},"up":{"uv":[2.625,5.25,2.74963,5.37463],"texture":"#main"},"down":{"uv":[2.625,5.25,2.74963,5.37463],"texture":"#main"}}},{"from":[7.95,1.25,15],"to":[8.05,1.75,16],"rotation":{"angle":45,"axis":"y","origin":[8,1.5,8]},"faces":{"north":{"uv":[2.625,5.25,2.74963,5.37463],"texture":"#main"},"east":{"uv":[2.625,5.25,2.74963,5.37463],"texture":"#main"},"south":{"uv":[2.625,5.25,2.74963,5.37463],"texture":"#main"},"west":{"uv":[2.625,5.25,2.74963,5.37463],"texture":"#main"},"up":{"uv":[2.625,5.25,2.74963,5.37463],"texture":"#main"},"down":{"uv":[2.625,5.25,2.74963,5.37463],"texture":"#main"}}},{"from":[15,1.25,7.95],"to":[16,1.75,8.05],"rotation":{"angle":0,"axis":"y","origin":[8,1.5,8]},"faces":{"north":{"uv":[2.625,5.25,2.74963,5.37463],"texture":"#main"},"east":{"uv":[2.625,5.25,2.74963,5.37463],"texture":"#main"},"south":{"uv":[2.625,5.25,2.74963,5.37463],"texture":"#main"},"west":{"uv":[2.625,5.25,2.74963,5.37463],"texture":"#main"},"up":{"uv":[2.625,5.25,2.74963,5.37463],"rotation":270,"texture":"#main"},"down":{"uv":[2.625,5.25,2.74963,5.37463],"rotation":90,"texture":"#main"}}},{"from":[15,1.25,7.95],"to":[16,1.75,8.05],"rotation":{"angle":45,"axis":"y","origin":[8,1.5,8]},"faces":{"north":{"uv":[2.625,5.25,2.74963,5.37463],"texture":"#main"},"east":{"uv":[2.625,5.25,2.74963,5.37463],"texture":"#main"},"south":{"uv":[2.625,5.25,2.74963,5.37463],"texture":"#main"},"west":{"uv":[2.625,5.25,2.74963,5.37463],"texture":"#main"},"up":{"uv":[2.625,5.25,2.74963,5.37463],"rotation":270,"texture":"#main"},"down":{"uv":[2.625,5.25,2.74963,5.37463],"rotation":90,"texture":"#main"}}},{"from":[7.95,1.25,0],"to":[8.05,1.75,1],"rotation":{"angle":0,"axis":"y","origin":[8,1.5,8]},"faces":{"north":{"uv":[2.625,5.25,2.74963,5.37463],"texture":"#main"},"east":{"uv":[2.625,5.25,2.74963,5.37463],"texture":"#main"},"south":{"uv":[2.625,5.25,2.74963,5.37463],"texture":"#main"},"west":{"uv":[2.625,5.25,2.74963,5.37463],"texture":"#main"},"up":{"uv":[2.625,5.25,2.74963,5.37463],"rotation":180,"texture":"#main"},"down":{"uv":[2.625,5.25,2.74963,5.37463],"rotation":180,"texture":"#main"}}},{"from":[7.95,1.25,0],"to":[8.05,1.75,1],"rotation":{"angle":45,"axis":"y","origin":[8,1.5,8]},"faces":{"north":{"uv":[2.625,5.25,2.74963,5.37463],"texture":"#main"},"east":{"uv":[2.625,5.25,2.74963,5.37463],"texture":"#main"},"south":{"uv":[2.625,5.25,2.74963,5.37463],"texture":"#main"},"west":{"uv":[2.625,5.25,2.74963,5.37463],"texture":"#main"},"up":{"uv":[2.625,5.25,2.74963,5.37463],"rotation":180,"texture":"#main"},"down":{"uv":[2.625,5.25,2.74963,5.37463],"rotation":180,"texture":"#main"}}},{"from":[0,1.25,7.95],"to":[1,1.75,8.05],"rotation":{"angle":0,"axis":"y","origin":[8,1.5,8]},"faces":{"north":{"uv":[2.625,5.25,2.74963,5.37463],"texture":"#main"},"east":{"uv":[2.625,5.25,2.74963,5.37463],"texture":"#main"},"south":{"uv":[2.625,5.25,2.74963,5.37463],"texture":"#main"},"west":{"uv":[2.625,5.25,2.74963,5.37463],"texture":"#main"},"up":{"uv":[2.625,5.25,2.74963,5.37463],"rotation":90,"texture":"#main"},"down":{"uv":[2.625,5.25,2.74963,5.37463],"rotation":270,"texture":"#main"}}},{"from":[0,1.25,7.95],"to":[1,1.75,8.05],"rotation":{"angle":45,"axis":"y","origin":[8,1.5,8]},"faces":{"north":{"uv":[2.625,5.25,2.74963,5.37463],"texture":"#main"},"east":{"uv":[2.625,5.25,2.74963,5.37463],"texture":"#main"},"south":{"uv":[2.625,5.25,2.74963,5.37463],"texture":"#main"},"west":{"uv":[2.625,5.25,2.74963,5.37463],"texture":"#main"},"up":{"uv":[2.625,5.25,2.74963,5.37463],"rotation":90,"texture":"#main"},"down":{"uv":[2.625,5.25,2.74963,5.37463],"rotation":270,"texture":"#main"}}},{"from":[7.5,1.45,13],"to":[8.5,1.55,15],"rotation":{"angle":0,"axis":"z","origin":[8,1.5,8]},"faces":{"north":{"uv":[2.37438,5.37463,2.49925,5.4995],"rotation":90,"texture":"#main"},"east":{"uv":[2.375,5.375,2.6245,5.49963],"rotation":180,"texture":"#main"},"south":{"uv":[2.49938,5.37463,2.62425,5.4995],"rotation":90,"texture":"#main"},"west":{"uv":[2.375,5.375,2.6245,5.49963],"texture":"#main"},"up":{"uv":[2.375,5.375,2.6245,5.49963],"rotation":90,"texture":"#main"},"down":{"uv":[2.375,5.375,2.6245,5.49963],"rotation":90,"texture":"#main"}}},{"from":[7.5,1.45,13],"to":[8.5,1.55,15],"rotation":{"angle":45,"axis":"y","origin":[8,1.5,8]},"faces":{"north":{"uv":[2.37438,5.37463,2.49925,5.4995],"rotation":90,"texture":"#main"},"east":{"uv":[2.375,5.375,2.6245,5.49963],"rotation":180,"texture":"#main"},"south":{"uv":[2.49938,5.37463,2.62425,5.4995],"rotation":90,"texture":"#main"},"west":{"uv":[2.375,5.375,2.6245,5.49963],"texture":"#main"},"up":{"uv":[2.375,5.375,2.6245,5.49963],"rotation":90,"texture":"#main"},"down":{"uv":[2.375,5.375,2.6245,5.49963],"rotation":90,"texture":"#main"}}},{"from":[13,1.45,7.5],"to":[15,1.55,8.5],"rotation":{"angle":0,"axis":"y","origin":[8,1.5,8]},"faces":{"north":{"uv":[2.375,5.375,2.6245,5.49963],"rotation":180,"texture":"#main"},"east":{"uv":[2.49938,5.37463,2.62425,5.4995],"rotation":90,"texture":"#main"},"south":{"uv":[2.375,5.375,2.6245,5.49963],"texture":"#main"},"west":{"uv":[2.37438,5.37463,2.49925,5.4995],"rotation":90,"texture":"#main"},"up":{"uv":[2.375,5.375,2.6245,5.49963],"texture":"#main"},"down":{"uv":[2.375,5.375,2.6245,5.49963],"rotation":180,"texture":"#main"}}},{"from":[13,1.45,7.5],"to":[15,1.55,8.5],"rotation":{"angle":45,"axis":"y","origin":[8,1.5,8]},"faces":{"north":{"uv":[2.375,5.375,2.6245,5.49963],"rotation":180,"texture":"#main"},"east":{"uv":[2.49938,5.37463,2.62425,5.4995],"rotation":90,"texture":"#main"},"south":{"uv":[2.375,5.375,2.6245,5.49963],"texture":"#main"},"west":{"uv":[2.37438,5.37463,2.49925,5.4995],"rotation":90,"texture":"#main"},"up":{"uv":[2.375,5.375,2.6245,5.49963],"texture":"#main"},"down":{"uv":[2.375,5.375,2.6245,5.49963],"rotation":180,"texture":"#main"}}},{"from":[7.5,1.45,1],"to":[8.5,1.55,3],"rotation":{"angle":0,"axis":"y","origin":[8,1.5,8]},"faces":{"north":{"uv":[2.49938,5.37463,2.62425,5.4995],"rotation":90,"texture":"#main"},"east":{"uv":[2.375,5.375,2.6245,5.49963],"texture":"#main"},"south":{"uv":[2.37438,5.37463,2.49925,5.4995],"rotation":90,"texture":"#main"},"west":{"uv":[2.375,5.375,2.6245,5.49963],"rotation":180,"texture":"#main"},"up":{"uv":[2.375,5.375,2.6245,5.49963],"rotation":270,"texture":"#main"},"down":{"uv":[2.375,5.375,2.6245,5.49963],"rotation":270,"texture":"#main"}}},{"from":[7.5,1.45,1],"to":[8.5,1.55,3],"rotation":{"angle":45,"axis":"y","origin":[8,1.5,8]},"faces":{"north":{"uv":[2.49938,5.37463,2.62425,5.4995],"rotation":90,"texture":"#main"},"east":{"uv":[2.375,5.375,2.6245,5.49963],"texture":"#main"},"south":{"uv":[2.37438,5.37463,2.49925,5.4995],"rotation":90,"texture":"#main"},"west":{"uv":[2.375,5.375,2.6245,5.49963],"rotation":180,"texture":"#main"},"up":{"uv":[2.375,5.375,2.6245,5.49963],"rotation":270,"texture":"#main"},"down":{"uv":[2.375,5.375,2.6245,5.49963],"rotation":270,"texture":"#main"}}},{"from":[1,1.45,7.5],"to":[3,1.55,8.5],"rotation":{"angle":0,"axis":"y","origin":[8,1.5,8]},"faces":{"north":{"uv":[2.375,5.375,2.6245,5.49963],"texture":"#main"},"east":{"uv":[2.37438,5.37463,2.49925,5.4995],"rotation":90,"texture":"#main"},"south":{"uv":[2.375,5.375,2.6245,5.49963],"rotation":180,"texture":"#main"},"west":{"uv":[2.49938,5.37463,2.62425,5.4995],"rotation":90,"texture":"#main"},"up":{"uv":[2.375,5.375,2.6245,5.49963],"rotation":180,"texture":"#main"},"down":{"uv":[2.375,5.375,2.6245,5.49963],"texture":"#main"}}},{"from":[1,1.45,7.5],"to":[3,1.55,8.5],"rotation":{"angle":45,"axis":"y","origin":[8,1.5,8]},"faces":{"north":{"uv":[2.375,5.375,2.6245,5.49963],"texture":"#main"},"east":{"uv":[2.37438,5.37463,2.49925,5.4995],"rotation":90,"texture":"#main"},"south":{"uv":[2.375,5.375,2.6245,5.49963],"rotation":180,"texture":"#main"},"west":{"uv":[2.49938,5.37463,2.62425,5.4995],"rotation":90,"texture":"#main"},"up":{"uv":[2.375,5.375,2.6245,5.49963],"rotation":180,"texture":"#main"},"down":{"uv":[2.375,5.375,2.6245,5.49963],"texture":"#main"}}}],"display":{"thirdperson_righthand":{"rotation":[69,0,0],"translation":[-5.75,-0.5,11],"scale":[1.93047,1.78203,1.83281]},"thirdperson_lefthand":{"rotation":[69,0,-180],"translation":[-6.25,-7,-5.5],"scale":[1.93047,1.78203,1.83281]},"firstperson_righthand":{"translation":[-5.25,6.25,0],"scale":[3.05938,1.2,3.14648]},"firstperson_lefthand":{"rotation":[0,-180,0],"translation":[-5.25,6.25,0],"scale":[3.05938,1.2,3.14648]},"ground":{"translation":[0,3.5,0],"scale":[1.2,1.2,1.2]},"gui":{"rotation":[90,-27,-30],"translation":[2.75,-0.25,0]},"head":{"translation":[0,-4,0],"scale":[1.31719,-1.2,1.30352]},"fixed":{"rotation":[-90,90,0],"translation":[0,0.25,-8],"scale":[1.2,1.2,1.2]}}}