{"credit":"Made with Blockbench","textures":{"5":"iceandfire:custom/stymphalian_bird_dagger","particle":"iceandfire:custom/raddadste"},"elements":[{"from":[8.075,-1.925,7.075],"to":[8.925,2.925,7.925],"rotation":{"angle":0,"axis":"y","origin":[8.5,0.5,7.5]},"faces":{"north":{"uv":[2,12,2.999,12.999],"texture":"#5"},"east":{"uv":[2,12,2.999,12.999],"texture":"#5"},"south":{"uv":[2,12,2.999,12.999],"texture":"#5"},"west":{"uv":[2,12,2.999,12.999],"texture":"#5"},"up":{"uv":[2,12,2.999,12.999],"texture":"#5"},"down":{"uv":[2,12,2.999,12.999],"texture":"#5"}}},{"from":[7.98,-0.52,7.23],"to":[9.02,0.02,7.77],"rotation":{"angle":45,"axis":"x","origin":[8.5,-0.25,7.5]},"faces":{"north":{"uv":[1,14,1.999,14.999],"texture":"#5"},"east":{"uv":[1,14,1.999,14.999],"texture":"#5"},"south":{"uv":[1,14,1.999,14.999],"texture":"#5"},"west":{"uv":[1,14,1.999,14.999],"texture":"#5"},"up":{"uv":[1,14,1.999,14.999],"texture":"#5"},"down":{"uv":[1,14,1.999,14.999],"texture":"#5"}}},{"from":[7.98,0.48,7.23],"to":[9.02,1.02,7.77],"rotation":{"angle":45,"axis":"x","origin":[8.5,0.75,7.5]},"faces":{"north":{"uv":[1,14,1.999,14.999],"texture":"#5"},"east":{"uv":[1,14,1.999,14.999],"texture":"#5"},"south":{"uv":[1,14,1.999,14.999],"texture":"#5"},"west":{"uv":[1,14,1.999,14.999],"texture":"#5"},"up":{"uv":[1,14,1.999,14.999],"texture":"#5"},"down":{"uv":[1,14,1.999,14.999],"texture":"#5"}}},{"from":[7.98,2.48,7.23],"to":[9.02,3.02,7.77],"rotation":{"angle":45,"axis":"x","origin":[8.5,2.75,7.5]},"faces":{"north":{"uv":[1,14,1.999,14.999],"texture":"#5"},"east":{"uv":[1,14,1.999,14.999],"texture":"#5"},"south":{"uv":[1,14,1.999,14.999],"texture":"#5"},"west":{"uv":[1,14,1.999,14.999],"texture":"#5"},"up":{"uv":[1,14,1.999,14.999],"texture":"#5"},"down":{"uv":[1,14,1.999,14.999],"texture":"#5"}}},{"from":[7.98,1.48,7.23],"to":[9.02,2.02,7.77],"rotation":{"angle":45,"axis":"x","origin":[8.5,1.75,7.5]},"faces":{"north":{"uv":[1,14,1.999,14.999],"texture":"#5"},"east":{"uv":[1,14,1.999,14.999],"texture":"#5"},"south":{"uv":[1,14,1.999,14.999],"texture":"#5"},"west":{"uv":[1,14,1.999,14.999],"texture":"#5"},"up":{"uv":[1,14,1.999,14.999],"texture":"#5"},"down":{"uv":[1,14,1.999,14.999],"texture":"#5"}}},{"from":[7.98,-1.52,7.23],"to":[9.02,-0.98,7.77],"rotation":{"angle":45,"axis":"x","origin":[8.5,-1.25,7.5]},"faces":{"north":{"uv":[1,14,1.999,14.999],"texture":"#5"},"east":{"uv":[1,14,1.999,14.999],"texture":"#5"},"south":{"uv":[1,14,1.999,14.999],"texture":"#5"},"west":{"uv":[1,14,1.999,14.999],"texture":"#5"},"up":{"uv":[1,14,1.999,14.999],"texture":"#5"},"down":{"uv":[1,14,1.999,14.999],"texture":"#5"}}},{"from":[7.96,2.96,6],"to":[9.04,4.04,9],"rotation":{"angle":0,"axis":"y","origin":[8.5,3.5,7.5]},"faces":{"north":{"uv":[3,11,3.998,11.999],"texture":"#5"},"east":{"uv":[3,11,3.998,11.999],"texture":"#5"},"south":{"uv":[3,11,3.998,11.999],"texture":"#5"},"west":{"uv":[3,11,3.998,11.999],"texture":"#5"},"up":{"uv":[3,11,3.998,11.999],"texture":"#5"},"down":{"uv":[3,11,3.998,11.999],"texture":"#5"}}},{"from":[7.96,-2.5,6.96],"to":[9.04,-1.5,8.04],"rotation":{"angle":45,"axis":"x","origin":[8.5,-2,7.5]},"faces":{"north":{"uv":[1,15,1.997,15.999],"texture":"#5"},"east":{"uv":[1,15,1.997,15.999],"texture":"#5"},"south":{"uv":[1,15,1.997,15.999],"texture":"#5"},"west":{"uv":[1,15,1.997,15.999],"texture":"#5"},"up":{"uv":[1,15,1.997,15.999],"texture":"#5"},"down":{"uv":[1,15,1.997,15.999],"texture":"#5"}}},{"from":[8.375,4,7.25],"to":[8.625,15,7.75],"rotation":{"angle":0,"axis":"y","origin":[8.48778,17.50173,7.51049]},"faces":{"north":{"uv":[10,4,10.997,6.996],"rotation":180,"texture":"#5"},"east":{"uv":[10,4,10.997,6.996],"rotation":180,"texture":"#5"},"south":{"uv":[10,4,10.997,6.996],"rotation":180,"texture":"#5"},"west":{"uv":[10,4,10.997,6.996],"rotation":180,"texture":"#5"},"up":{"uv":[10,4,10.997,6.996],"rotation":180,"texture":"#5"},"down":{"uv":[10,4,10.997,6.996],"rotation":180,"texture":"#5"}}},{"from":[8.375,4,6.25],"to":[8.625,15,6.5],"rotation":{"angle":0,"axis":"y","origin":[8.5,22,6.125]},"faces":{"north":{"uv":[10,4,10.996,6.993],"rotation":180,"texture":"#5"},"east":{"uv":[10,4,10.996,6.993],"rotation":180,"texture":"#5"},"south":{"uv":[10,4,10.996,6.993],"rotation":180,"texture":"#5"},"west":{"uv":[10,4,10.996,6.993],"rotation":180,"texture":"#5"},"up":{"uv":[10,4,10.996,6.993],"rotation":180,"texture":"#5"},"down":{"uv":[10,4,10.996,6.993],"rotation":180,"texture":"#5"}}},{"from":[8.375,4,8.5],"to":[8.625,15,8.75],"rotation":{"angle":0,"axis":"y","origin":[8.5,20.5,8.625]},"faces":{"north":{"uv":[10,4,10.997,6.995],"rotation":180,"texture":"#5"},"east":{"uv":[10,4,10.997,6.995],"rotation":180,"texture":"#5"},"south":{"uv":[10,4,10.997,6.995],"rotation":180,"texture":"#5"},"west":{"uv":[10,4,10.997,6.995],"rotation":180,"texture":"#5"},"up":{"uv":[10,4,10.997,6.995],"rotation":180,"texture":"#5"},"down":{"uv":[10,4,10.997,6.995],"rotation":180,"texture":"#5"}}},{"from":[8.375,15,7.25],"to":[8.625,15.25,7.75],"rotation":{"angle":0,"axis":"y","origin":[8.46924,16.12669,7.52907]},"faces":{"north":{"uv":[10,5,10.997,5.997],"texture":"#5"},"east":{"uv":[10,5,10.997,5.997],"texture":"#5"},"south":{"uv":[10,5,10.997,5.997],"texture":"#5"},"west":{"uv":[10,5,10.997,5.997],"texture":"#5"},"up":{"uv":[10,5,10.997,5.997],"texture":"#5"},"down":{"uv":[10,5,10.997,5.997],"texture":"#5"}}},{"from":[8.25,15,6.75],"to":[8.75,15.375,7.25],"rotation":{"angle":0,"axis":"y","origin":[8.5,15.1875,7]},"faces":{"north":{"uv":[10,5,10.997,5.997],"texture":"#5"},"east":{"uv":[10,5,10.997,5.997],"texture":"#5"},"south":{"uv":[10,5,10.997,5.997],"texture":"#5"},"west":{"uv":[10,5,10.997,5.997],"texture":"#5"},"up":{"uv":[10,5,10.997,5.997],"texture":"#5"},"down":{"uv":[10,5,10.997,5.997],"texture":"#5"}}},{"from":[8.375,15.375,6.75],"to":[8.625,15.75,7.25],"rotation":{"angle":0,"axis":"y","origin":[8.5,16.5625,7]},"faces":{"north":{"uv":[10.997,4.997,11.996,5.996],"texture":"#5"},"east":{"uv":[10.997,4.997,11.996,5.996],"texture":"#5"},"south":{"uv":[10.997,4.997,11.996,5.996],"texture":"#5"},"west":{"uv":[10.997,4.997,11.996,5.996],"texture":"#5"},"up":{"uv":[10.997,4.997,11.996,5.996],"texture":"#5"},"down":{"uv":[10.997,4.997,11.996,5.996],"texture":"#5"}}},{"from":[8.375,15,6.5],"to":[8.625,15.375,6.75],"rotation":{"angle":0,"axis":"y","origin":[8.5,15.1875,6.625]},"faces":{"north":{"uv":[10,5,10.997,5.997],"texture":"#5"},"east":{"uv":[10,5,10.997,5.997],"texture":"#5"},"south":{"uv":[10,5,10.997,5.997],"texture":"#5"},"west":{"uv":[10,5,10.997,5.997],"texture":"#5"},"up":{"uv":[10,5,10.997,5.997],"texture":"#5"},"down":{"uv":[10,5,10.997,5.997],"texture":"#5"}}},{"from":[8.375,15.375,7.75],"to":[8.625,17,8.25],"rotation":{"angle":0,"axis":"y","origin":[8.5,16.1875,8]},"faces":{"north":{"uv":[8.997,4.997,9.997,5.996],"texture":"#5"},"east":{"uv":[8.997,4.997,9.997,5.996],"texture":"#5"},"south":{"uv":[8.997,4.997,9.997,5.996],"texture":"#5"},"west":{"uv":[8.997,4.997,9.997,5.996],"texture":"#5"},"up":{"uv":[8.997,4.997,9.997,5.996],"texture":"#5"},"down":{"uv":[8.997,4.997,9.997,5.996],"texture":"#5"}}},{"from":[8.375,15.75,7],"to":[8.625,16.125,7.25],"rotation":{"angle":0,"axis":"y","origin":[8.46716,16.93985,7.15549]},"faces":{"north":{"uv":[9,5,9.997,5.997],"texture":"#5"},"east":{"uv":[9,5,9.997,5.997],"texture":"#5"},"south":{"uv":[9,5,9.997,5.997],"texture":"#5"},"west":{"uv":[9,5,9.997,5.997],"texture":"#5"},"up":{"uv":[9,5,9.997,5.997],"texture":"#5"},"down":{"uv":[9,5,9.997,5.997],"texture":"#5"}}},{"from":[8.375,17,8],"to":[8.625,17.25,8.25],"rotation":{"angle":0,"axis":"y","origin":[8.5,17.125,8.125]},"faces":{"north":{"uv":[8,6,8.997,6.997],"texture":"#5"},"east":{"uv":[8,6,8.997,6.997],"texture":"#5"},"south":{"uv":[8,6,8.997,6.997],"texture":"#5"},"west":{"uv":[8,6,8.997,6.997],"texture":"#5"},"up":{"uv":[8,6,8.997,6.997],"texture":"#5"},"down":{"uv":[8,6,8.997,6.997],"texture":"#5"}}},{"from":[8.375,15.25,7.25],"to":[8.625,16.5,7.5],"rotation":{"angle":0,"axis":"y","origin":[8.5,15.875,7.375]},"faces":{"north":{"uv":[10,5,10.995,5.995],"texture":"#5"},"east":{"uv":[10,5,10.995,5.995],"texture":"#5"},"south":{"uv":[10,5,10.995,5.995],"texture":"#5"},"west":{"uv":[10,5,10.995,5.995],"texture":"#5"},"up":{"uv":[10,5,10.995,5.995],"texture":"#5"},"down":{"uv":[10,5,10.995,5.995],"texture":"#5"}}},{"from":[8.375,15.25,7.5],"to":[8.625,16.75,7.75],"rotation":{"angle":0,"axis":"y","origin":[8.5,16,7.625]},"faces":{"north":{"uv":[10,6,10.995,6.995],"texture":"#5"},"east":{"uv":[10,6,10.995,6.995],"texture":"#5"},"south":{"uv":[10,6,10.995,6.995],"texture":"#5"},"west":{"uv":[10,6,10.995,6.995],"texture":"#5"},"up":{"uv":[10,6,10.995,6.995],"texture":"#5"},"down":{"uv":[10,6,10.995,6.995],"texture":"#5"}}},{"from":[8.375,15,8.25],"to":[8.625,17.5,8.75],"rotation":{"angle":0,"axis":"y","origin":[8.5,16.25,8.5]},"faces":{"north":{"uv":[11,5,11.995,5.995],"texture":"#5"},"east":{"uv":[11,5,11.995,5.995],"texture":"#5"},"south":{"uv":[11,5,11.995,5.995],"texture":"#5"},"west":{"uv":[11,5,11.995,5.995],"texture":"#5"},"up":{"uv":[11,5,11.995,5.995],"texture":"#5"},"down":{"uv":[11,5,11.995,5.995],"texture":"#5"}}},{"from":[8.25,4,7.75],"to":[8.75,15.375,8.5],"rotation":{"angle":0,"axis":"y","origin":[8.5,16.6875,8.125]},"faces":{"north":{"uv":[10,4,10.999,6.994],"rotation":180,"texture":"#5"},"east":{"uv":[10,4,10.999,6.994],"rotation":180,"texture":"#5"},"south":{"uv":[10,4,10.999,6.994],"rotation":180,"texture":"#5"},"west":{"uv":[10,4,10.999,6.994],"rotation":180,"texture":"#5"},"up":{"uv":[10,4,10.999,6.994],"rotation":180,"texture":"#5"},"down":{"uv":[10,4,10.999,6.994],"rotation":180,"texture":"#5"}}},{"from":[8.25,4,6.5],"to":[8.75,15,7.25],"rotation":{"angle":0,"axis":"y","origin":[8.5,22,6.875]},"faces":{"north":{"uv":[10,4,10.997,6.993],"rotation":180,"texture":"#5"},"east":{"uv":[10,4,10.997,6.993],"rotation":180,"texture":"#5"},"south":{"uv":[10,4,10.997,6.993],"rotation":180,"texture":"#5"},"west":{"uv":[10,4,10.997,6.993],"rotation":180,"texture":"#5"},"up":{"uv":[10,4,10.997,6.993],"rotation":180,"texture":"#5"},"down":{"uv":[10,4,10.997,6.993],"rotation":180,"texture":"#5"}}}],"display":{"thirdperson_righthand":{"translation":[-1,5.25,1.25]},"thirdperson_lefthand":{"translation":[0,5.25,1.5]},"firstperson_righthand":{"rotation":[-5,0,0],"translation":[0,3.25,-0.75],"scale":[0.8,0.8,0.8]},"firstperson_lefthand":{"rotation":[-5,0,0],"translation":[0,3.25,-0.75],"scale":[0.8,0.8,0.8]},"ground":{"translation":[0,6,0]},"gui":{"rotation":[-45,-41,-62],"translation":[-0.25,1,0],"scale":[0.8,0.8,0.8]},"head":{"translation":[-0.75,5.5,0],"scale":[1,-1,1]},"fixed":{"rotation":[0,90,0],"translation":[1,1,-0.5]}}}