{"credit":"Made with Blockbench","textures":{"2":"spartanweaponry:costum/texturedasteaxess","3":"spartanweaponry:costum/raddadste","4":"spartanweaponry:costum/battleaxe_platinum","particle":"spartanweaponry:costum/texturedasteaxess"},"elements":[{"from":[8,-4,7],"to":[9,-1.5,8],"rotation":{"angle":0,"axis":"y","origin":[8.5,-2.75,7.5]},"faces":{"north":{"uv":[0,0,16,16],"texture":"#3"},"east":{"uv":[0,0,16,16],"texture":"#3"},"south":{"uv":[0,0,16,16],"texture":"#3"},"west":{"uv":[0,0,16,16],"texture":"#3"},"up":{"uv":[0,0,16,16],"texture":"#3"},"down":{"uv":[0,0,16,16],"texture":"#3"}}},{"from":[8,3,7],"to":[9,11.5,8],"rotation":{"angle":0,"axis":"y","origin":[8.5,7.75,7.5]},"faces":{"north":{"uv":[0,0,16,16],"texture":"#3"},"east":{"uv":[0,0,16,16],"texture":"#3"},"south":{"uv":[0,0,16,16],"texture":"#3"},"west":{"uv":[0,0,16,16],"texture":"#3"},"up":{"uv":[0,0,16,16],"texture":"#3"},"down":{"uv":[0,0,16,16],"texture":"#3"}}},{"from":[7.8,10,7.25],"to":[9.2,10.5,7.75],"rotation":{"angle":45,"axis":"x","origin":[8.5,10.25,7.5]},"faces":{"north":{"uv":[0,0,16,16],"texture":"#3"},"east":{"uv":[0,0,16,16],"texture":"#3"},"south":{"uv":[0,0,16,16],"texture":"#3"},"west":{"uv":[0,0,16,16],"texture":"#3"},"up":{"uv":[0,0,16,16],"texture":"#3"},"down":{"uv":[0,0,16,16],"texture":"#3"}}},{"from":[7.8,10,7.25],"to":[9.2,10.5,7.75],"rotation":{"angle":0,"axis":"x","origin":[8.5,10.25,7.5]},"faces":{"north":{"uv":[0,0,16,16],"rotation":180,"texture":"#3"},"east":{"uv":[0,0,16,16],"rotation":270,"texture":"#3"},"south":{"uv":[0,0,16,16],"texture":"#3"},"west":{"uv":[0,0,16,16],"rotation":90,"texture":"#3"},"up":{"uv":[0,0,16,16],"rotation":180,"texture":"#3"},"down":{"uv":[0,0,16,16],"texture":"#3"}}},{"from":[7.8,9,7.25],"to":[9.2,9.5,7.75],"rotation":{"angle":0,"axis":"x","origin":[8.5,9.25,7.5]},"faces":{"north":{"uv":[0,0,16,16],"rotation":180,"texture":"#3"},"east":{"uv":[0,0,16,16],"rotation":270,"texture":"#3"},"south":{"uv":[0,0,16,16],"texture":"#3"},"west":{"uv":[0,0,16,16],"rotation":90,"texture":"#3"},"up":{"uv":[0,0,16,16],"rotation":180,"texture":"#3"},"down":{"uv":[0,0,16,16],"texture":"#3"}}},{"from":[7.8,8,7.25],"to":[9.2,8.5,7.75],"rotation":{"angle":0,"axis":"x","origin":[8.5,8.25,7.5]},"faces":{"north":{"uv":[0,0,16,16],"rotation":180,"texture":"#3"},"east":{"uv":[0,0,16,16],"rotation":270,"texture":"#3"},"south":{"uv":[0,0,16,16],"texture":"#3"},"west":{"uv":[0,0,16,16],"rotation":90,"texture":"#3"},"up":{"uv":[0,0,16,16],"rotation":180,"texture":"#3"},"down":{"uv":[0,0,16,16],"texture":"#3"}}},{"from":[7.8,9,7.25],"to":[9.2,9.5,7.75],"rotation":{"angle":45,"axis":"x","origin":[8.5,9.25,7.5]},"faces":{"north":{"uv":[0,0,16,16],"texture":"#3"},"east":{"uv":[0,0,16,16],"texture":"#3"},"south":{"uv":[0,0,16,16],"texture":"#3"},"west":{"uv":[0,0,16,16],"texture":"#3"},"up":{"uv":[0,0,16,16],"texture":"#3"},"down":{"uv":[0,0,16,16],"texture":"#3"}}},{"from":[7.8,8,7.25],"to":[9.2,8.5,7.75],"rotation":{"angle":45,"axis":"x","origin":[8.5,8.25,7.5]},"faces":{"north":{"uv":[0,0,16,16],"texture":"#3"},"east":{"uv":[0,0,16,16],"texture":"#3"},"south":{"uv":[0,0,16,16],"texture":"#3"},"west":{"uv":[0,0,16,16],"texture":"#3"},"up":{"uv":[0,0,16,16],"texture":"#3"},"down":{"uv":[0,0,16,16],"texture":"#3"}}},{"from":[7.9,6,7.25],"to":[9.1,6.5,7.75],"rotation":{"angle":45,"axis":"x","origin":[8.5,6.25,7.5]},"faces":{"north":{"uv":[8.1,1.1,8.9,4.9],"texture":"#4"},"east":{"uv":[8.1,1.1,8.9,4.9],"texture":"#4"},"south":{"uv":[8.1,1.1,8.9,4.9],"texture":"#4"},"west":{"uv":[8.1,1.1,8.9,4.9],"texture":"#4"},"up":{"uv":[8.1,1.1,8.9,1.9],"texture":"#4"},"down":{"uv":[8.1,4.1,8.9,4.9],"texture":"#4"}}},{"from":[7.95,6,7.25],"to":[9.05,6.5,7.75],"rotation":{"angle":0,"axis":"x","origin":[8.5,6.25,7.5]},"faces":{"north":{"uv":[8.1,1.1,8.9,4.9],"texture":"#4"},"east":{"uv":[8.1,1.1,8.9,4.9],"texture":"#4"},"south":{"uv":[8.1,1.1,8.9,4.9],"texture":"#4"},"west":{"uv":[8.1,1.1,8.9,4.9],"texture":"#4"},"up":{"uv":[8.1,1.1,8.9,1.9],"texture":"#4"},"down":{"uv":[8.1,4.1,8.9,4.9],"texture":"#4"}}},{"from":[7.95,5,7.25],"to":[9.05,5.5,7.75],"rotation":{"angle":0,"axis":"x","origin":[8.5,5.25,7.5]},"faces":{"north":{"uv":[8.1,1.1,8.9,4.9],"texture":"#4"},"east":{"uv":[8.1,1.1,8.9,4.9],"texture":"#4"},"south":{"uv":[8.1,1.1,8.9,4.9],"texture":"#4"},"west":{"uv":[8.1,1.1,8.9,4.9],"texture":"#4"},"up":{"uv":[8.1,1.1,8.9,1.9],"texture":"#4"},"down":{"uv":[8.1,4.1,8.9,4.9],"texture":"#4"}}},{"from":[7.95,4,7.25],"to":[9.05,4.5,7.75],"rotation":{"angle":0,"axis":"x","origin":[8.5,4.25,7.5]},"faces":{"north":{"uv":[8.1,1.1,8.9,4.9],"texture":"#4"},"east":{"uv":[8.1,1.1,8.9,4.9],"texture":"#4"},"south":{"uv":[8.1,1.1,8.9,4.9],"texture":"#4"},"west":{"uv":[8.1,1.1,8.9,4.9],"texture":"#4"},"up":{"uv":[8.1,1.1,8.9,1.9],"texture":"#4"},"down":{"uv":[8.1,4.1,8.9,4.9],"texture":"#4"}}},{"from":[7.95,-3,7.25],"to":[9.05,-2.5,7.75],"rotation":{"angle":0,"axis":"x","origin":[8.5,-2.75,7.5]},"faces":{"north":{"uv":[8.1,1.1,8.9,4.9],"texture":"#4"},"east":{"uv":[8.1,1.1,8.9,4.9],"texture":"#4"},"south":{"uv":[8.1,1.1,8.9,4.9],"texture":"#4"},"west":{"uv":[8.1,1.1,8.9,4.9],"texture":"#4"},"up":{"uv":[8.1,1.1,8.9,1.9],"texture":"#4"},"down":{"uv":[8.1,4.1,8.9,4.9],"texture":"#4"}}},{"from":[7.9,5,7.25],"to":[9.1,5.5,7.75],"rotation":{"angle":45,"axis":"x","origin":[8.5,5.25,7.5]},"faces":{"north":{"uv":[8.1,1.1,8.9,4.9],"texture":"#4"},"east":{"uv":[8.1,1.1,8.9,4.9],"texture":"#4"},"south":{"uv":[8.1,1.1,8.9,4.9],"texture":"#4"},"west":{"uv":[8.1,1.1,8.9,4.9],"texture":"#4"},"up":{"uv":[8.1,1.1,8.9,1.9],"texture":"#4"},"down":{"uv":[8.1,4.1,8.9,4.9],"texture":"#4"}}},{"from":[7.9,4,7.25],"to":[9.1,4.5,7.75],"rotation":{"angle":45,"axis":"x","origin":[8.5,4.25,7.5]},"faces":{"north":{"uv":[8.1,1.1,8.9,4.9],"texture":"#4"},"east":{"uv":[8.1,1.1,8.9,4.9],"texture":"#4"},"south":{"uv":[8.1,1.1,8.9,4.9],"texture":"#4"},"west":{"uv":[8.1,1.1,8.9,4.9],"texture":"#4"},"up":{"uv":[8.1,1.1,8.9,1.9],"texture":"#4"},"down":{"uv":[8.1,4.1,8.9,4.9],"texture":"#4"}}},{"from":[7.9,-3,7.25],"to":[9.1,-2.5,7.75],"rotation":{"angle":45,"axis":"x","origin":[8.5,-2.75,7.5]},"faces":{"north":{"uv":[8.1,1.1,8.9,4.9],"texture":"#4"},"east":{"uv":[8.1,1.1,8.9,4.9],"texture":"#4"},"south":{"uv":[8.1,1.1,8.9,4.9],"texture":"#4"},"west":{"uv":[8.1,1.1,8.9,4.9],"texture":"#4"},"up":{"uv":[8.1,1.1,8.9,1.9],"texture":"#4"},"down":{"uv":[8.1,4.1,8.9,4.9],"texture":"#4"}}},{"from":[8.25,7.75,6],"to":[8.75,10.75,7],"rotation":{"angle":0,"axis":"y","origin":[8.5,9.25,6.5]},"faces":{"north":{"uv":[8.1,1.1,8.9,4.9],"texture":"#4"},"east":{"uv":[8.1,1.1,8.9,4.9],"texture":"#4"},"south":{"uv":[8.1,1.1,8.9,4.9],"texture":"#4"},"west":{"uv":[8.1,1.1,8.9,4.9],"texture":"#4"},"up":{"uv":[8.1,1.1,8.9,1.9],"texture":"#4"},"down":{"uv":[8.1,4.1,8.9,4.9],"texture":"#4"}}},{"from":[8.25,7.75,8],"to":[8.75,10.75,9],"rotation":{"angle":0,"axis":"y","origin":[8.5,9.25,8.5]},"faces":{"north":{"uv":[8.1,1.1,8.9,4.9],"texture":"#4"},"east":{"uv":[8.1,1.1,8.9,4.9],"texture":"#4"},"south":{"uv":[8.1,1.1,8.9,4.9],"texture":"#4"},"west":{"uv":[8.1,1.1,8.9,4.9],"texture":"#4"},"up":{"uv":[8.1,1.1,8.9,1.9],"texture":"#4"},"down":{"uv":[8.1,4.1,8.9,4.9],"texture":"#4"}}},{"from":[8.25,7.25,5],"to":[8.75,11.25,6],"rotation":{"angle":0,"axis":"y","origin":[8.5,9.75,5.5]},"faces":{"north":{"uv":[8.1,1.1,8.9,4.9],"texture":"#4"},"east":{"uv":[8.1,1.1,8.9,4.9],"texture":"#4"},"south":{"uv":[8.1,1.1,8.9,4.9],"texture":"#4"},"west":{"uv":[8.1,1.1,8.9,4.9],"texture":"#4"},"up":{"uv":[8.1,1.1,8.9,1.9],"texture":"#4"},"down":{"uv":[8.1,4.1,8.9,4.9],"texture":"#4"}}},{"from":[8.25,7.25,9],"to":[8.75,11.25,10],"rotation":{"angle":0,"axis":"y","origin":[8.5,9.25,8.5]},"faces":{"north":{"uv":[8.1,1.1,8.9,4.9],"texture":"#4"},"east":{"uv":[8.1,1.1,8.9,4.9],"texture":"#4"},"south":{"uv":[8.1,1.1,8.9,4.9],"texture":"#4"},"west":{"uv":[8.1,1.1,8.9,4.9],"texture":"#4"},"up":{"uv":[8.1,1.1,8.9,1.9],"texture":"#4"},"down":{"uv":[8.1,4.1,8.9,4.9],"texture":"#4"}}},{"from":[8.35,5.75,4.5],"to":[8.6,11.75,5],"rotation":{"angle":0,"axis":"y","origin":[8.475,9.75,4.75]},"faces":{"north":{"uv":[8.1,1.1,8.9,4.9],"texture":"#4"},"east":{"uv":[8.1,1.1,8.9,4.9],"texture":"#4"},"south":{"uv":[8.1,1.1,8.9,4.9],"texture":"#4"},"west":{"uv":[8.1,1.1,8.9,4.9],"texture":"#4"},"up":{"uv":[8.1,1.1,8.9,1.9],"texture":"#4"},"down":{"uv":[8.1,4.1,8.9,4.9],"texture":"#4"}}},{"from":[8.4,5.75,10],"to":[8.65,11.75,10.5],"rotation":{"angle":0,"axis":"y","origin":[8.5,9.25,8.5]},"faces":{"north":{"uv":[8.1,1.1,8.9,4.9],"texture":"#4"},"east":{"uv":[8.1,1.1,8.9,4.9],"texture":"#4"},"south":{"uv":[8.1,1.1,8.9,4.9],"texture":"#4"},"west":{"uv":[8.1,1.1,8.9,4.9],"texture":"#4"},"up":{"uv":[8.1,1.1,8.9,1.9],"texture":"#4"},"down":{"uv":[8.1,4.1,8.9,4.9],"texture":"#4"}}},{"from":[8.35,11.75,4.75],"to":[8.6,12,5],"rotation":{"angle":0,"axis":"y","origin":[8.475,11.875,4.875]},"faces":{"north":{"uv":[8.1,1.1,8.9,1.9],"texture":"#4"},"east":{"uv":[8.1,1.1,8.9,1.9],"texture":"#4"},"south":{"uv":[8.1,1.1,8.9,1.9],"texture":"#4"},"west":{"uv":[8.1,1.1,8.9,1.9],"texture":"#4"},"up":{"uv":[8.1,1.1,8.9,1.9],"texture":"#4"},"down":{"uv":[8.1,1.1,8.9,1.9],"texture":"#4"}}},{"from":[8.4,11.75,10],"to":[8.65,12,10.25],"rotation":{"angle":0,"axis":"y","origin":[8.5,9.25,8.5]},"faces":{"north":{"uv":[8.1,1.1,8.9,1.9],"texture":"#4"},"east":{"uv":[8.1,1.1,8.9,1.9],"texture":"#4"},"south":{"uv":[8.1,1.1,8.9,1.9],"texture":"#4"},"west":{"uv":[8.1,1.1,8.9,1.9],"texture":"#4"},"up":{"uv":[8.1,1.1,8.9,1.9],"texture":"#4"},"down":{"uv":[8.1,1.1,8.9,1.9],"texture":"#4"}}},{"from":[8.35,11.25,4.25],"to":[8.6,11.5,4.5],"rotation":{"angle":0,"axis":"y","origin":[8.475,11.375,4.375]},"faces":{"north":{"uv":[8.1,1.1,8.9,1.9],"texture":"#4"},"east":{"uv":[8.1,1.1,8.9,1.9],"texture":"#4"},"south":{"uv":[8.1,1.1,8.9,1.9],"texture":"#4"},"west":{"uv":[8.1,1.1,8.9,1.9],"texture":"#4"},"up":{"uv":[8.1,1.1,8.9,1.9],"texture":"#4"},"down":{"uv":[8.1,1.1,8.9,1.9],"texture":"#4"}}},{"from":[8.4,11.25,10.5],"to":[8.65,11.5,10.75],"rotation":{"angle":0,"axis":"y","origin":[8.5,9.25,8.5]},"faces":{"north":{"uv":[8.1,1.1,8.9,1.9],"texture":"#4"},"east":{"uv":[8.1,1.1,8.9,1.9],"texture":"#4"},"south":{"uv":[8.1,1.1,8.9,1.9],"texture":"#4"},"west":{"uv":[8.1,1.1,8.9,1.9],"texture":"#4"},"up":{"uv":[8.1,1.1,8.9,1.9],"texture":"#4"},"down":{"uv":[8.1,1.1,8.9,1.9],"texture":"#4"}}},{"from":[8.35,12.25,5.25],"to":[8.6,12.5,5.5],"rotation":{"angle":0,"axis":"y","origin":[8.475,12.375,5.375]},"faces":{"north":{"uv":[8.1,1.1,8.9,1.9],"texture":"#4"},"east":{"uv":[8.1,1.1,8.9,1.9],"texture":"#4"},"south":{"uv":[8.1,1.1,8.9,1.9],"texture":"#4"},"west":{"uv":[8.1,1.1,8.9,1.9],"texture":"#4"},"up":{"uv":[8.1,1.1,8.9,1.9],"texture":"#4"},"down":{"uv":[8.1,1.1,8.9,1.9],"texture":"#4"}}},{"from":[8.35,12.7,5.3],"to":[8.6,12.95,5.55],"rotation":{"angle":0,"axis":"y","origin":[8.475,12.825,5.425]},"faces":{"north":{"uv":[8.1,1.1,8.9,1.9],"texture":"#4"},"east":{"uv":[8.1,1.1,8.9,1.9],"texture":"#4"},"south":{"uv":[8.1,1.1,8.9,1.9],"texture":"#4"},"west":{"uv":[8.1,1.1,8.9,1.9],"texture":"#4"},"up":{"uv":[8.1,1.1,8.9,1.9],"texture":"#4"},"down":{"uv":[8.1,1.1,8.9,1.9],"texture":"#4"}}},{"from":[8.35,12.25,5.5],"to":[8.6,12.75,5.75],"rotation":{"angle":0,"axis":"y","origin":[8.475,12.5,5.625]},"faces":{"north":{"uv":[8.1,1.1,8.9,1.9],"texture":"#4"},"east":{"uv":[8.1,1.1,8.9,1.9],"texture":"#4"},"south":{"uv":[8.1,1.1,8.9,1.9],"texture":"#4"},"west":{"uv":[8.1,1.1,8.9,1.9],"texture":"#4"},"up":{"uv":[8.1,1.1,8.9,1.9],"texture":"#4"},"down":{"uv":[8.1,1.1,8.9,1.9],"texture":"#4"}}},{"from":[8.4,12.25,9.5],"to":[8.65,12.5,9.75],"rotation":{"angle":0,"axis":"y","origin":[8.525,12.375,9.625]},"faces":{"north":{"uv":[8.1,1.1,8.9,1.9],"texture":"#4"},"east":{"uv":[8.1,1.1,8.9,1.9],"texture":"#4"},"south":{"uv":[8.1,1.1,8.9,1.9],"texture":"#4"},"west":{"uv":[8.1,1.1,8.9,1.9],"texture":"#4"},"up":{"uv":[8.1,1.1,8.9,1.9],"texture":"#4"},"down":{"uv":[8.1,1.1,8.9,1.9],"texture":"#4"}}},{"from":[8.4,12.7,9.45],"to":[8.65,12.95,9.7],"rotation":{"angle":0,"axis":"y","origin":[8.525,12.825,9.575]},"faces":{"north":{"uv":[8.1,1.1,8.9,1.9],"texture":"#4"},"east":{"uv":[8.1,1.1,8.9,1.9],"texture":"#4"},"south":{"uv":[8.1,1.1,8.9,1.9],"texture":"#4"},"west":{"uv":[8.1,1.1,8.9,1.9],"texture":"#4"},"up":{"uv":[8.1,1.1,8.9,1.9],"texture":"#4"},"down":{"uv":[8.1,1.1,8.9,1.9],"texture":"#4"}}},{"from":[8.4,12.25,9.25],"to":[8.65,12.75,9.5],"rotation":{"angle":0,"axis":"y","origin":[8.525,12.5,9.375]},"faces":{"north":{"uv":[8.1,1.1,8.9,1.9],"texture":"#4"},"east":{"uv":[8.1,1.1,8.9,1.9],"texture":"#4"},"south":{"uv":[8.1,1.1,8.9,1.9],"texture":"#4"},"west":{"uv":[8.1,1.1,8.9,1.9],"texture":"#4"},"up":{"uv":[8.1,1.1,8.9,1.9],"texture":"#4"},"down":{"uv":[8.1,1.1,8.9,1.9],"texture":"#4"}}},{"from":[8.35,11.25,5.5],"to":[8.6,11.5,5.75],"rotation":{"angle":0,"axis":"y","origin":[8.475,11.375,5.625]},"faces":{"north":{"uv":[8.1,1.1,8.9,1.9],"texture":"#4"},"east":{"uv":[8.1,1.1,8.9,1.9],"texture":"#4"},"south":{"uv":[8.1,1.1,8.9,1.9],"texture":"#4"},"west":{"uv":[8.1,1.1,8.9,1.9],"texture":"#4"},"up":{"uv":[8.1,1.1,8.9,1.9],"texture":"#4"},"down":{"uv":[8.1,1.1,8.9,1.9],"texture":"#4"}}},{"from":[8.4,11.25,9.25],"to":[8.65,11.5,9.5],"rotation":{"angle":0,"axis":"y","origin":[8.5,9.25,8.5]},"faces":{"north":{"uv":[8.1,1.1,8.9,1.9],"texture":"#4"},"east":{"uv":[8.1,1.1,8.9,1.9],"texture":"#4"},"south":{"uv":[8.1,1.1,8.9,1.9],"texture":"#4"},"west":{"uv":[8.1,1.1,8.9,1.9],"texture":"#4"},"up":{"uv":[8.1,1.1,8.9,1.9],"texture":"#4"},"down":{"uv":[8.1,1.1,8.9,1.9],"texture":"#4"}}},{"from":[8.35,6.5,5.5],"to":[8.6,7.25,5.75],"rotation":{"angle":0,"axis":"y","origin":[8.5,6.875,7.5]},"faces":{"north":{"uv":[8.1,4.1,8.9,4.9],"texture":"#4"},"east":{"uv":[8.1,4.1,8.9,4.9],"texture":"#4"},"south":{"uv":[8.1,4.1,8.9,4.9],"texture":"#4"},"west":{"uv":[8.1,4.1,8.9,4.9],"texture":"#4"},"up":{"uv":[8.1,4.1,8.9,4.9],"texture":"#4"},"down":{"uv":[8.1,4.1,8.9,4.9],"texture":"#4"}}},{"from":[8.35,4.625,5.5],"to":[8.6,5.375,5.75],"rotation":{"angle":0,"axis":"y","origin":[8.475,5,5.625]},"faces":{"north":{"uv":[8.1,4.1,8.9,4.9],"texture":"#4"},"east":{"uv":[8.1,4.1,8.9,4.9],"texture":"#4"},"south":{"uv":[8.1,4.1,8.9,4.9],"texture":"#4"},"west":{"uv":[8.1,4.1,8.9,4.9],"texture":"#4"},"up":{"uv":[8.1,4.1,8.9,4.9],"texture":"#4"},"down":{"uv":[8.1,4.1,8.9,4.9],"texture":"#4"}}},{"from":[8.4,6.5,9.25],"to":[8.65,7.25,9.5],"rotation":{"angle":0,"axis":"y","origin":[8.5,6.875,7.5]},"faces":{"north":{"uv":[8.1,4.1,8.9,4.9],"texture":"#4"},"east":{"uv":[8.1,4.1,8.9,4.9],"texture":"#4"},"south":{"uv":[8.1,4.1,8.9,4.9],"texture":"#4"},"west":{"uv":[8.1,4.1,8.9,4.9],"texture":"#4"},"up":{"uv":[8.1,4.1,8.9,4.9],"texture":"#4"},"down":{"uv":[8.1,4.1,8.9,4.9],"texture":"#4"}}},{"from":[8.4,4.625,9.25],"to":[8.65,5.375,9.5],"rotation":{"angle":0,"axis":"y","origin":[8.5,6.875,7.5]},"faces":{"north":{"uv":[8.1,4.1,8.9,4.9],"texture":"#4"},"east":{"uv":[8.1,4.1,8.9,4.9],"texture":"#4"},"south":{"uv":[8.1,4.1,8.9,4.9],"texture":"#4"},"west":{"uv":[8.1,4.1,8.9,4.9],"texture":"#4"},"up":{"uv":[8.1,4.1,8.9,4.9],"texture":"#4"},"down":{"uv":[8.1,4.1,8.9,4.9],"texture":"#4"}}},{"from":[8.35,6,4.25],"to":[8.6,6.25,4.5],"rotation":{"angle":0,"axis":"y","origin":[8.475,6.125,4.375]},"faces":{"north":{"uv":[8.1,4.1,8.9,4.9],"texture":"#4"},"east":{"uv":[8.1,4.1,8.9,4.9],"texture":"#4"},"south":{"uv":[8.1,4.1,8.9,4.9],"texture":"#4"},"west":{"uv":[8.1,4.1,8.9,4.9],"texture":"#4"},"up":{"uv":[8.1,4.1,8.9,4.9],"texture":"#4"},"down":{"uv":[8.1,4.1,8.9,4.9],"texture":"#4"}}},{"from":[8.4,6,10.5],"to":[8.65,6.25,10.75],"rotation":{"angle":0,"axis":"y","origin":[8.5,9.25,8.5]},"faces":{"north":{"uv":[8.1,4.1,8.9,4.9],"texture":"#4"},"east":{"uv":[8.1,4.1,8.9,4.9],"texture":"#4"},"south":{"uv":[8.1,4.1,8.9,4.9],"texture":"#4"},"west":{"uv":[8.1,4.1,8.9,4.9],"texture":"#4"},"up":{"uv":[8.1,4.1,8.9,4.9],"texture":"#4"},"down":{"uv":[8.1,4.1,8.9,4.9],"texture":"#4"}}},{"from":[8.35,5,5.25],"to":[8.6,5.25,5.5],"rotation":{"angle":0,"axis":"y","origin":[8.475,5.125,5.375]},"faces":{"north":{"uv":[8.1,4.1,8.9,4.9],"texture":"#4"},"east":{"uv":[8.1,4.1,8.9,4.9],"texture":"#4"},"south":{"uv":[8.1,4.1,8.9,4.9],"texture":"#4"},"west":{"uv":[8.1,4.1,8.9,4.9],"texture":"#4"},"up":{"uv":[8.1,4.1,8.9,4.9],"texture":"#4"},"down":{"uv":[8.1,4.1,8.9,4.9],"texture":"#4"}}},{"from":[8.4,5,9.5],"to":[8.65,5.25,9.75],"rotation":{"angle":0,"axis":"y","origin":[8.5,9.25,8.5]},"faces":{"north":{"uv":[8.1,4.1,8.9,4.9],"texture":"#4"},"east":{"uv":[8.1,4.1,8.9,4.9],"texture":"#4"},"south":{"uv":[8.1,4.1,8.9,4.9],"texture":"#4"},"west":{"uv":[8.1,4.1,8.9,4.9],"texture":"#4"},"up":{"uv":[8.1,4.1,8.9,4.9],"texture":"#4"},"down":{"uv":[8.1,4.1,8.9,4.9],"texture":"#4"}}},{"from":[8.35,5.5,4.75],"to":[8.6,5.75,5],"rotation":{"angle":0,"axis":"y","origin":[8.475,5.625,4.875]},"faces":{"north":{"uv":[8.1,4.1,8.9,4.9],"texture":"#4"},"east":{"uv":[8.1,4.1,8.9,4.9],"texture":"#4"},"south":{"uv":[8.1,4.1,8.9,4.9],"texture":"#4"},"west":{"uv":[8.1,4.1,8.9,4.9],"texture":"#4"},"up":{"uv":[8.1,4.1,8.9,4.9],"texture":"#4"},"down":{"uv":[8.1,4.1,8.9,4.9],"texture":"#4"}}},{"from":[8.4,5.5,10],"to":[8.65,5.75,10.25],"rotation":{"angle":0,"axis":"y","origin":[8.5,9.25,8.5]},"faces":{"north":{"uv":[8.1,4.1,8.9,4.9],"texture":"#4"},"east":{"uv":[8.1,4.1,8.9,4.9],"texture":"#4"},"south":{"uv":[8.1,4.1,8.9,4.9],"texture":"#4"},"west":{"uv":[8.1,4.1,8.9,4.9],"texture":"#4"},"up":{"uv":[8.1,4.1,8.9,4.9],"texture":"#4"},"down":{"uv":[8.1,4.1,8.9,4.9],"texture":"#4"}}},{"from":[8.35,6.25,4],"to":[8.6,11.25,4.5],"rotation":{"angle":0,"axis":"y","origin":[8.475,9.25,4.25]},"faces":{"north":{"uv":[8.1,1.1,8.9,4.9],"texture":"#4"},"east":{"uv":[8.1,1.1,8.9,4.9],"texture":"#4"},"south":{"uv":[8.1,1.1,8.9,4.9],"texture":"#4"},"west":{"uv":[8.1,1.1,8.9,4.9],"texture":"#4"},"up":{"uv":[8.1,1.1,8.9,1.9],"texture":"#4"},"down":{"uv":[8.1,4.1,8.9,4.9],"texture":"#4"}}},{"from":[8.4,6.25,10.5],"to":[8.65,11.25,11],"rotation":{"angle":0,"axis":"y","origin":[8.5,9.25,8.5]},"faces":{"north":{"uv":[8.1,1.1,8.9,4.9],"texture":"#4"},"east":{"uv":[8.1,1.1,8.9,4.9],"texture":"#4"},"south":{"uv":[8.1,1.1,8.9,4.9],"texture":"#4"},"west":{"uv":[8.1,1.1,8.9,4.9],"texture":"#4"},"up":{"uv":[8.1,1.1,8.9,1.9],"texture":"#4"},"down":{"uv":[8.1,4.1,8.9,4.9],"texture":"#4"}}},{"from":[8.35,6.75,3.75],"to":[8.6,10.75,4],"rotation":{"angle":0,"axis":"y","origin":[8.475,9.25,3.875]},"faces":{"north":{"uv":[8.1,1.1,8.9,4.9],"texture":"#4"},"east":{"uv":[8.1,1.1,8.9,4.9],"texture":"#4"},"south":{"uv":[8.1,1.1,8.9,4.9],"texture":"#4"},"west":{"uv":[8.1,1.1,8.9,4.9],"texture":"#4"},"up":{"uv":[8.1,1.1,8.9,1.9],"texture":"#4"},"down":{"uv":[8.1,4.1,8.9,4.9],"texture":"#4"}}},{"from":[8.4,6.75,11],"to":[8.65,10.75,11.25],"rotation":{"angle":0,"axis":"y","origin":[8.5,9.25,8.5]},"faces":{"north":{"uv":[8.1,1.1,8.9,4.9],"texture":"#4"},"east":{"uv":[8.1,1.1,8.9,4.9],"texture":"#4"},"south":{"uv":[8.1,1.1,8.9,4.9],"texture":"#4"},"west":{"uv":[8.1,1.1,8.9,4.9],"texture":"#4"},"up":{"uv":[8.1,1.1,8.9,1.9],"texture":"#4"},"down":{"uv":[8.1,4.1,8.9,4.9],"texture":"#4"}}},{"from":[8.35,7.125,3.5],"to":[8.6,10.375,3.75],"rotation":{"angle":0,"axis":"y","origin":[8.475,9.25,3.625]},"faces":{"north":{"uv":[8.1,1.1,8.9,4.9],"texture":"#4"},"east":{"uv":[8.1,1.1,8.9,4.9],"texture":"#4"},"south":{"uv":[8.1,1.1,8.9,4.9],"texture":"#4"},"west":{"uv":[8.1,1.1,8.9,4.9],"texture":"#4"},"up":{"uv":[8.1,1.1,8.9,1.9],"texture":"#4"},"down":{"uv":[8.1,4.1,8.9,4.9],"texture":"#4"}}},{"from":[8.4,7.125,11.25],"to":[8.65,10.375,11.5],"rotation":{"angle":0,"axis":"y","origin":[8.5,9.25,8.5]},"faces":{"north":{"uv":[8.1,1.1,8.9,4.9],"texture":"#4"},"east":{"uv":[8.1,1.1,8.9,4.9],"texture":"#4"},"south":{"uv":[8.1,1.1,8.9,4.9],"texture":"#4"},"west":{"uv":[8.1,1.1,8.9,4.9],"texture":"#4"},"up":{"uv":[8.1,1.1,8.9,1.9],"texture":"#4"},"down":{"uv":[8.1,4.1,8.9,4.9],"texture":"#4"}}},{"from":[8.35,5.25,5],"to":[8.6,7.25,5.5],"rotation":{"angle":0,"axis":"y","origin":[8.475,6.75,5.25]},"faces":{"north":{"uv":[8.1,4.1,8.9,4.9],"texture":"#4"},"east":{"uv":[8.1,4.1,8.9,4.9],"texture":"#4"},"south":{"uv":[8.1,4.1,8.9,4.9],"texture":"#4"},"west":{"uv":[8.1,4.1,8.9,4.9],"texture":"#4"},"up":{"uv":[8.1,4.1,8.9,4.9],"texture":"#4"},"down":{"uv":[8.1,4.1,8.9,4.9],"texture":"#4"}}},{"from":[8.4,5.25,9.5],"to":[8.65,7.25,10],"rotation":{"angle":0,"axis":"y","origin":[8.5,9.25,8.5]},"faces":{"north":{"uv":[8.1,4.1,8.9,4.9],"texture":"#4"},"east":{"uv":[8.1,4.1,8.9,4.9],"texture":"#4"},"south":{"uv":[8.1,4.1,8.9,4.9],"texture":"#4"},"west":{"uv":[8.1,4.1,8.9,4.9],"texture":"#4"},"up":{"uv":[8.1,4.1,8.9,4.9],"texture":"#4"},"down":{"uv":[8.1,4.1,8.9,4.9],"texture":"#4"}}},{"from":[8.35,11.25,5],"to":[8.6,12.25,5.5],"rotation":{"angle":0,"axis":"y","origin":[8.475,9.75,4.75]},"faces":{"north":{"uv":[8.1,1.1,8.9,1.9],"texture":"#4"},"east":{"uv":[8.1,1.1,8.9,1.9],"texture":"#4"},"south":{"uv":[8.1,1.1,8.9,1.9],"texture":"#4"},"west":{"uv":[8.1,1.1,8.9,1.9],"texture":"#4"},"up":{"uv":[8.1,1.1,8.9,1.9],"texture":"#4"},"down":{"uv":[8.1,1.1,8.9,1.9],"texture":"#4"}}},{"from":[8.4,11.25,9.5],"to":[8.65,12.25,10],"rotation":{"angle":0,"axis":"y","origin":[8.5,9.25,8.5]},"faces":{"north":{"uv":[8.1,1.1,8.9,1.9],"texture":"#4"},"east":{"uv":[8.1,1.1,8.9,1.9],"texture":"#4"},"south":{"uv":[8.1,1.1,8.9,1.9],"texture":"#4"},"west":{"uv":[8.1,1.1,8.9,1.9],"texture":"#4"},"up":{"uv":[8.1,1.1,8.9,1.9],"texture":"#4"},"down":{"uv":[8.1,1.1,8.9,1.9],"texture":"#4"}}},{"from":[7.9,7.4,6.9],"to":[9.1,11.1,8.1],"rotation":{"angle":0,"axis":"y","origin":[8.5,9.75,7.5]},"faces":{"north":{"uv":[8.1,1.1,8.9,4.9],"texture":"#4"},"east":{"uv":[8.1,1.1,8.9,4.9],"texture":"#4"},"south":{"uv":[8.1,1.1,8.9,4.9],"texture":"#4"},"west":{"uv":[8.1,1.1,8.9,4.9],"texture":"#4"},"up":{"uv":[8.1,1.1,8.9,1.9],"texture":"#4"},"down":{"uv":[8.1,4.1,8.9,4.9],"texture":"#4"}}},{"from":[7.9,-4.6,6.9],"to":[9.1,-3.9,8.1],"rotation":{"angle":0,"axis":"y","origin":[8.5,-4.25,7.5]},"faces":{"north":{"uv":[8.1,1.1,8.9,4.9],"texture":"#4"},"east":{"uv":[8.1,1.1,8.9,4.9],"texture":"#4"},"south":{"uv":[8.1,1.1,8.9,4.9],"texture":"#4"},"west":{"uv":[8.1,1.1,8.9,4.9],"texture":"#4"},"up":{"uv":[8.1,1.1,8.9,1.9],"texture":"#4"},"down":{"uv":[8.1,4.1,8.9,4.9],"texture":"#4"}}},{"from":[7.91,-4.59,6.91],"to":[9.09,-3.91,8.09],"rotation":{"angle":45,"axis":"y","origin":[8.5,-4.25,7.5]},"faces":{"north":{"uv":[8.1,1.1,8.9,4.9],"texture":"#4"},"east":{"uv":[8.1,1.1,8.9,4.9],"texture":"#4"},"south":{"uv":[8.1,1.1,8.9,4.9],"texture":"#4"},"west":{"uv":[8.1,1.1,8.9,4.9],"texture":"#4"},"up":{"uv":[8.1,1.1,8.9,1.9],"texture":"#4"},"down":{"uv":[8.1,4.1,8.9,4.9],"texture":"#4"}}},{"from":[8.075,-1.925,7.075],"to":[8.925,3.925,7.925],"rotation":{"angle":0,"axis":"y","origin":[8.5,1,7.5]},"faces":{"north":{"uv":[0,0,16,16],"texture":"#2"},"east":{"uv":[0,0,16,16],"texture":"#2"},"south":{"uv":[0,0,16,16],"texture":"#2"},"west":{"uv":[0,0,16,16],"texture":"#2"},"up":{"uv":[0,0,16,16],"texture":"#2"},"down":{"uv":[0,0,16,16],"texture":"#2"}}},{"from":[7.96,-4.5,6.96],"to":[9.04,-3.92,8.04],"rotation":{"angle":0,"axis":"y","origin":[8.5,-4.21,7.5]},"faces":{"north":{"uv":[8.1,1.1,8.9,4.9],"texture":"#4"},"east":{"uv":[8.1,1.1,8.9,4.9],"texture":"#4"},"south":{"uv":[8.1,1.1,8.9,4.9],"texture":"#4"},"west":{"uv":[8.1,1.1,8.9,4.9],"texture":"#4"},"up":{"uv":[8.1,1.1,8.9,1.9],"texture":"#4"},"down":{"uv":[8.1,4.1,8.9,4.9],"texture":"#4"}}},{"from":[7.96,11.5,6.96],"to":[9.04,12.08,8.04],"rotation":{"angle":0,"axis":"y","origin":[8.5,11.79,7.5]},"faces":{"north":{"uv":[0,0,0.8,3.8],"texture":"#3"},"east":{"uv":[0,0,0.8,3.8],"texture":"#3"},"south":{"uv":[0,0,0.8,3.8],"texture":"#3"},"west":{"uv":[0,0,0.8,3.8],"texture":"#3"},"up":{"uv":[0,0,0.8,0.8],"texture":"#3"},"down":{"uv":[0,3,0.8,3.8],"texture":"#3"}}}],"display":{"thirdperson_righthand":{"translation":[-1.25,8.5,2],"scale":[1.5,1.5,1.5]},"thirdperson_lefthand":{"translation":[0.25,8.5,2],"scale":[1.5,1.5,1.5]},"firstperson_righthand":{"rotation":[-5,0,0],"translation":[2.75,7.5,-1],"scale":[1.5,1.5,1.5]},"firstperson_lefthand":{"rotation":[-5,0,0],"translation":[2.75,7.5,-1],"scale":[1.5,1.5,1.5]},"ground":{"translation":[0,14,0],"scale":[1.5,1.5,1.5]},"gui":{"rotation":[-45,-41,-62],"translation":[2.25,5,0],"scale":[1.3,1.3,1.3]},"head":{"rotation":[-80,0,0],"translation":[-0.25,9.75,0],"scale":[1.5,-1.5,1.5]},"fixed":{"rotation":[0,90,0],"translation":[1,6,-0.5],"scale":[1.5,1.5,1.5]}}}