{"credit":"Made with Blockbench","textures":{"particle":"spartanweaponry:costum/boomerang_wood"},"elements":[{"from":[9.25,3.5,7.65],"to":[11.25,9,8.15],"rotation":{"angle":0,"axis":"y","origin":[10.25,6.25,7.9]},"faces":{"north":{"uv":[5.9,6.1,2.1,13.9],"texture":"#particle"},"east":{"uv":[5.1,6.1,5.9,13.9],"texture":"#particle"},"south":{"uv":[2.1,6.1,5.9,13.9],"texture":"#particle"},"west":{"uv":[2.1,6.1,2.9,13.9],"texture":"#particle"},"up":{"uv":[2.1,6.1,5.9,13.9],"texture":"#particle"},"down":{"uv":[2.1,13.1,5.899,13.899],"texture":"#particle"}}},{"from":[9.75,3.5,7.4],"to":[10.75,9,8.4],"rotation":{"angle":0,"axis":"y","origin":[10.25,6.25,7.9]},"faces":{"north":{"uv":[4.899,6.1,3.1,13.9],"texture":"#particle"},"east":{"uv":[4.1,6.1,4.9,13.9],"texture":"#particle"},"south":{"uv":[3.1,6.1,4.898,13.9],"texture":"#particle"},"west":{"uv":[3.1,6.1,3.9,13.9],"texture":"#particle"},"up":{"uv":[3.1,6.1,4.9,6.9],"texture":"#particle"},"down":{"uv":[3.1,13.1,4.899,13.899],"texture":"#particle"}}},{"from":[3.75,9.5,7.4],"to":[9.25,10.5,8.4],"rotation":{"angle":0,"axis":"z","origin":[6.25,10.25,7.9]},"faces":{"north":{"uv":[4.899,6.1,3.1,13.9],"rotation":90,"texture":"#particle"},"east":{"uv":[3.1,13.1,4.899,13.899],"rotation":270,"texture":"#particle"},"south":{"uv":[3.1,6.1,4.898,13.9],"rotation":270,"texture":"#particle"},"west":{"uv":[3.1,6.1,4.9,6.9],"rotation":270,"texture":"#particle"},"up":{"uv":[4.1,6.1,4.9,13.9],"rotation":270,"texture":"#particle"},"down":{"uv":[3.1,6.1,3.9,13.9],"rotation":270,"texture":"#particle"}}},{"from":[3.75,9,7.65],"to":[9.25,11,8.15],"rotation":{"angle":0,"axis":"x","origin":[6.5,10,7.9]},"faces":{"north":{"uv":[2.1,6.1,5.9,13.9],"rotation":270,"texture":"#particle"},"east":{"uv":[2.1,6.1,5.9,13.9],"rotation":270,"texture":"#particle"},"south":{"uv":[5.9,6.1,2.1,13.9],"rotation":90,"texture":"#particle"},"west":{"uv":[2.1,13.1,5.899,13.899],"rotation":270,"texture":"#particle"},"up":{"uv":[5.1,6.1,5.9,13.9],"rotation":90,"texture":"#particle"},"down":{"uv":[2.1,6.1,2.9,13.9],"rotation":90,"texture":"#particle"}}},{"from":[9.25,9,7.4],"to":[10.25,10,8.4],"rotation":{"angle":0,"axis":"z","origin":[9.75,9.5,7.9]},"faces":{"north":{"uv":[4.1,4.1,5.9,5.9],"texture":"#particle"},"east":{"uv":[4.1,4.1,5.9,4.9],"rotation":90,"texture":"#particle"},"south":{"uv":[4.1,4.1,5.9,5.9],"rotation":90,"texture":"#particle"},"west":{"uv":[4.1,4.1,5.9,5.9],"rotation":270,"texture":"#particle"},"up":{"uv":[4.1,4.1,4.9,5.9],"rotation":90,"texture":"#particle"},"down":{"uv":[4.1,4.1,5.9,5.9],"rotation":270,"texture":"#particle"}}},{"from":[9.25,10,7.65],"to":[9.75,11,8.15],"rotation":{"angle":0,"axis":"z","origin":[9.5,10.5,7.9]},"faces":{"north":{"uv":[5.1,2.1,5.9,3.9],"texture":"#particle"},"east":{"uv":[5.1,2.1,5.9,3.9],"texture":"#particle"},"south":{"uv":[5.1,2.1,5.9,3.9],"texture":"#particle"},"west":{"uv":[5.1,2.1,5.9,3.9],"texture":"#particle"},"up":{"uv":[5.1,2.1,5.9,2.9],"texture":"#particle"},"down":{"uv":[5.1,2.1,5.9,3.9],"texture":"#particle"}}},{"from":[9.75,10,7.65],"to":[10.25,10.5,8.15],"rotation":{"angle":0,"axis":"z","origin":[10,10.25,7.9]},"faces":{"north":{"uv":[5.1,2.1,5.9,2.9],"texture":"#particle"},"east":{"uv":[5.1,2.1,5.9,2.9],"texture":"#particle"},"south":{"uv":[5.1,2.1,5.9,2.9],"texture":"#particle"},"west":{"uv":[5.1,2.1,5.9,2.9],"texture":"#particle"},"up":{"uv":[5.1,2.1,5.9,2.9],"texture":"#particle"},"down":{"uv":[5.1,2.1,5.9,2.9],"texture":"#particle"}}},{"from":[10.25,9.5,7.65],"to":[10.75,10,8.15],"rotation":{"angle":0,"axis":"z","origin":[10.5,9.75,7.9]},"faces":{"north":{"uv":[5.1,2.1,5.9,2.9],"texture":"#particle"},"east":{"uv":[5.1,2.1,5.9,2.9],"texture":"#particle"},"south":{"uv":[5.1,2.1,5.9,2.9],"texture":"#particle"},"west":{"uv":[5.1,2.1,5.9,2.9],"texture":"#particle"},"up":{"uv":[5.1,2.1,5.9,2.9],"texture":"#particle"},"down":{"uv":[5.1,2.1,5.9,2.9],"texture":"#particle"}}},{"from":[10.25,9,7.65],"to":[11.25,9.5,8.15],"rotation":{"angle":0,"axis":"z","origin":[10.75,9.25,7.9]},"faces":{"north":{"uv":[5.1,2.1,5.9,3.9],"rotation":270,"texture":"#particle"},"east":{"uv":[5.1,2.1,5.9,2.9],"rotation":90,"texture":"#particle"},"south":{"uv":[5.1,2.1,5.9,3.9],"rotation":90,"texture":"#particle"},"west":{"uv":[5.1,2.1,5.9,3.9],"rotation":90,"texture":"#particle"},"up":{"uv":[5.1,2.1,5.9,3.9],"rotation":90,"texture":"#particle"},"down":{"uv":[5.1,2.1,5.9,3.9],"rotation":90,"texture":"#particle"}}},{"from":[9.75,3,7.65],"to":[10.75,3.5,8.15],"rotation":{"angle":0,"axis":"y","origin":[10.25,3.25,7.9]},"faces":{"north":{"uv":[5,14,3.001,14.999],"texture":"#particle"},"east":{"uv":[3.997,13.998,4.997,14.998],"texture":"#particle"},"south":{"uv":[3,14,4.998,14.999],"texture":"#particle"},"west":{"uv":[3,14,3.997,14.999],"texture":"#particle"},"up":{"uv":[3,14,4.998,14.999],"texture":"#particle"},"down":{"uv":[3,14,4.998,14.999],"texture":"#particle"}}},{"from":[3.25,9.5,7.65],"to":[3.75,10.5,8.15],"rotation":{"angle":0,"axis":"z","origin":[3.5,10,7.9]},"faces":{"north":{"uv":[5,14,3.001,14.999],"rotation":270,"texture":"#particle"},"east":{"uv":[3,14,4.998,14.999],"rotation":90,"texture":"#particle"},"south":{"uv":[3,14,4.998,14.999],"rotation":90,"texture":"#particle"},"west":{"uv":[3,14,4.998,14.999],"rotation":90,"texture":"#particle"},"up":{"uv":[3,14,3.997,14.999],"rotation":90,"texture":"#particle"},"down":{"uv":[3.997,13.998,4.997,14.998],"rotation":90,"texture":"#particle"}}}],"display":{"thirdperson_righthand":{"rotation":[-34,90,0],"translation":[-0.5,1.75,1.75]},"thirdperson_lefthand":{"rotation":[-34,-90,0],"translation":[-1.25,1.75,1.75]},"firstperson_righthand":{"rotation":[-51,90,0],"translation":[2.5,1.75,0.5],"scale":[0.8,0.86836,0.8]},"firstperson_lefthand":{"rotation":[-51,-90,0],"translation":[2.5,1.75,0.5],"scale":[0.8,0.86836,0.8]},"ground":{"translation":[0,-0.75,0],"scale":[0.5,0.5,0.5]},"gui":{"rotation":[-42,-24,-66],"translation":[-0.5,0.25,0]},"head":{"rotation":[0,-90,0],"translation":[-0.5,-1.5,-5.75],"scale":[1,-1,1]},"fixed":{"rotation":[0,-180,0],"translation":[0,-0.5,-0.25]}}}