{"credit":"Made with Blockbench","textures":{"particle":"spartanweaponry:costum/boomerang_platinum"},"elements":[{"from":[9.25,3.5,7.65],"to":[11.25,9,8.15],"rotation":{"angle":0,"axis":"y","origin":[10.25,6.25,7.9]},"faces":{"north":{"uv":[5.9,6.1,2.1,13.9],"texture":"#particle"},"east":{"uv":[5.1,6.1,5.9,13.9],"texture":"#particle"},"south":{"uv":[2.1,6.1,5.9,13.9],"texture":"#particle"},"west":{"uv":[2.1,6.1,2.9,13.9],"texture":"#particle"},"up":{"uv":[2.1,6.1,5.9,13.9],"texture":"#particle"},"down":{"uv":[2.1,13.1,5.899,13.899],"texture":"#particle"}}},{"from":[9.75,3.5,7.4],"to":[10.75,9,8.4],"rotation":{"angle":0,"axis":"y","origin":[10.25,6.25,7.9]},"faces":{"north":{"uv":[4.899,6.1,3.1,13.9],"texture":"#particle"},"east":{"uv":[4.1,6.1,4.9,13.9],"texture":"#particle"},"south":{"uv":[3.1,6.1,4.898,13.9],"texture":"#particle"},"west":{"uv":[3.1,6.1,3.9,13.9],"texture":"#particle"},"up":{"uv":[3.1,6.1,4.9,6.9],"texture":"#particle"},"down":{"uv":[3.1,13.1,4.899,13.899],"texture":"#particle"}}},{"from":[3.75,9.5,7.4],"to":[9.25,10.5,8.4],"rotation":{"angle":0,"axis":"y","origin":[6.5,10,7.9]},"faces":{"north":{"uv":[3.1,6.1,4.898,13.9],"rotation":270,"texture":"#particle"},"east":{"uv":[3.1,6.1,4.9,6.9],"rotation":270,"texture":"#particle"},"south":{"uv":[4.899,6.1,3.1,13.9],"rotation":90,"texture":"#particle"},"west":{"uv":[3.1,13.1,4.899,13.899],"rotation":270,"texture":"#particle"},"up":{"uv":[4.1,6.1,4.9,13.9],"rotation":90,"texture":"#particle"},"down":{"uv":[3.1,6.1,3.9,13.9],"rotation":90,"texture":"#particle"}}},{"from":[3.75,9,7.65],"to":[9.25,11,8.15],"rotation":{"angle":0,"axis":"x","origin":[6.5,10,7.9]},"faces":{"north":{"uv":[2.1,6.1,5.9,13.9],"rotation":270,"texture":"#particle"},"east":{"uv":[2.1,6.1,5.9,13.9],"rotation":270,"texture":"#particle"},"south":{"uv":[5.9,6.1,2.1,13.9],"rotation":90,"texture":"#particle"},"west":{"uv":[2.1,13.1,5.899,13.899],"rotation":270,"texture":"#particle"},"up":{"uv":[5.1,6.1,5.9,13.9],"rotation":90,"texture":"#particle"},"down":{"uv":[2.1,6.1,2.9,13.9],"rotation":90,"texture":"#particle"}}},{"from":[9.1,8.85,7.25],"to":[10.4,10.15,8.55],"rotation":{"angle":0,"axis":"z","origin":[9.75,9.5,7.9]},"faces":{"north":{"uv":[4.1,4.1,5.9,5.9],"texture":"#particle"},"east":{"uv":[4.1,4.1,5.9,4.9],"rotation":90,"texture":"#particle"},"south":{"uv":[4.1,4.1,5.9,5.9],"rotation":90,"texture":"#particle"},"west":{"uv":[4.1,4.1,5.9,5.9],"rotation":270,"texture":"#particle"},"up":{"uv":[4.1,4.1,4.9,5.9],"rotation":90,"texture":"#particle"},"down":{"uv":[4.1,4.1,5.9,5.9],"rotation":270,"texture":"#particle"}}},{"from":[9.74,9.49,7.765],"to":[11.26,11.01,8.035],"rotation":{"angle":0,"axis":"z","origin":[9.25,9,7.9]},"faces":{"north":{"uv":[4.1,4.1,5.9,5.9],"texture":"#particle"},"east":{"uv":[4.1,4.1,5.9,4.9],"rotation":90,"texture":"#particle"},"south":{"uv":[4.1,4.1,5.9,5.9],"rotation":90,"texture":"#particle"},"west":{"uv":[4.1,4.1,5.9,5.9],"rotation":270,"texture":"#particle"},"up":{"uv":[4.1,4.1,4.9,5.9],"rotation":90,"texture":"#particle"},"down":{"uv":[4.1,4.1,5.9,5.9],"rotation":270,"texture":"#particle"}}},{"from":[9.15,9.9,7.55],"to":[9.85,11.1,8.25],"rotation":{"angle":0,"axis":"z","origin":[9.5,10.5,7.9]},"faces":{"north":{"uv":[5.1,2.1,5.9,3.9],"texture":"#particle"},"east":{"uv":[5.1,2.1,5.9,3.9],"texture":"#particle"},"south":{"uv":[5.1,2.1,5.9,3.9],"texture":"#particle"},"west":{"uv":[5.1,2.1,5.9,3.9],"texture":"#particle"},"up":{"uv":[5.1,2.1,5.9,2.9],"texture":"#particle"},"down":{"uv":[5.1,2.1,5.9,3.9],"texture":"#particle"}}},{"from":[9.64,9.89,7.54],"to":[10.36,10.61,8.26],"rotation":{"angle":0,"axis":"z","origin":[10,10.25,7.9]},"faces":{"north":{"uv":[5.1,2.1,5.9,2.9],"texture":"#particle"},"east":{"uv":[5.1,2.1,5.9,2.9],"texture":"#particle"},"south":{"uv":[5.1,2.1,5.9,2.9],"texture":"#particle"},"west":{"uv":[5.1,2.1,5.9,2.9],"texture":"#particle"},"up":{"uv":[5.1,2.1,5.9,2.9],"texture":"#particle"},"down":{"uv":[5.1,2.1,5.9,2.9],"texture":"#particle"}}},{"from":[10.13,9.38,7.53],"to":[10.87,10.12,8.27],"rotation":{"angle":0,"axis":"z","origin":[10.5,9.75,7.9]},"faces":{"north":{"uv":[5.1,2.1,5.9,2.9],"texture":"#particle"},"east":{"uv":[5.1,2.1,5.9,2.9],"texture":"#particle"},"south":{"uv":[5.1,2.1,5.9,2.9],"texture":"#particle"},"west":{"uv":[5.1,2.1,5.9,2.9],"texture":"#particle"},"up":{"uv":[5.1,2.1,5.9,2.9],"texture":"#particle"},"down":{"uv":[5.1,2.1,5.9,2.9],"texture":"#particle"}}},{"from":[10.12,8.87,7.52],"to":[11.38,9.63,8.28],"rotation":{"angle":0,"axis":"z","origin":[10.75,9.25,7.9]},"faces":{"north":{"uv":[5.1,2.1,5.9,3.9],"rotation":270,"texture":"#particle"},"east":{"uv":[5.1,2.1,5.9,2.9],"rotation":90,"texture":"#particle"},"south":{"uv":[5.1,2.1,5.9,3.9],"rotation":90,"texture":"#particle"},"west":{"uv":[5.1,2.1,5.9,3.9],"rotation":90,"texture":"#particle"},"up":{"uv":[5.1,2.1,5.9,3.9],"rotation":90,"texture":"#particle"},"down":{"uv":[5.1,2.1,5.9,3.9],"rotation":90,"texture":"#particle"}}},{"from":[9.75,3,7.65],"to":[10.75,3.5,8.15],"rotation":{"angle":0,"axis":"y","origin":[10.25,3.25,7.9]},"faces":{"north":{"uv":[5,14,3.001,14.999],"texture":"#particle"},"east":{"uv":[3.997,13.998,4.997,14.998],"texture":"#particle"},"south":{"uv":[3,14,4.998,14.999],"texture":"#particle"},"west":{"uv":[3,14,3.997,14.999],"texture":"#particle"},"up":{"uv":[3,14,4.998,14.999],"texture":"#particle"},"down":{"uv":[3,14,4.998,14.999],"texture":"#particle"}}},{"from":[3.25,9.5,7.65],"to":[3.75,10.5,8.15],"rotation":{"angle":0,"axis":"z","origin":[3.5,10,7.9]},"faces":{"north":{"uv":[5,14,3.001,14.999],"rotation":270,"texture":"#particle"},"east":{"uv":[3,14,4.998,14.999],"rotation":90,"texture":"#particle"},"south":{"uv":[3,14,4.998,14.999],"rotation":90,"texture":"#particle"},"west":{"uv":[3,14,4.998,14.999],"rotation":90,"texture":"#particle"},"up":{"uv":[3,14,3.997,14.999],"rotation":90,"texture":"#particle"},"down":{"uv":[3.997,13.998,4.997,14.998],"rotation":90,"texture":"#particle"}}},{"from":[8,10.5,7.775],"to":[9,11.5,8.025],"rotation":{"angle":45,"axis":"z","origin":[8.5,11,7.9]},"faces":{"north":{"uv":[3,5,3.998,5.998],"texture":"#particle"},"east":{"uv":[3,5,3.998,5.998],"texture":"#particle"},"south":{"uv":[3,5,3.998,5.998],"texture":"#particle"},"west":{"uv":[3,5,3.998,5.998],"texture":"#particle"},"up":{"uv":[3,5,3.998,5.998],"texture":"#particle"},"down":{"uv":[3,5,3.998,5.998],"texture":"#particle"}}},{"from":[9,10.5,7.775],"to":[10,11.5,8.025],"rotation":{"angle":45,"axis":"z","origin":[9.5,11,7.9]},"faces":{"north":{"uv":[3,5,3.998,5.998],"texture":"#particle"},"east":{"uv":[3,5,3.998,5.998],"texture":"#particle"},"south":{"uv":[3,5,3.998,5.998],"texture":"#particle"},"west":{"uv":[3,5,3.998,5.998],"texture":"#particle"},"up":{"uv":[3,5,3.998,5.998],"texture":"#particle"},"down":{"uv":[3,5,3.998,5.998],"texture":"#particle"}}},{"from":[9.62,10.52,7.795],"to":[10.58,11.48,8.005],"rotation":{"angle":22.5,"axis":"z","origin":[10.1,11,7.9]},"faces":{"north":{"uv":[3,5,3.998,5.998],"texture":"#particle"},"east":{"uv":[3,5,3.998,5.998],"texture":"#particle"},"south":{"uv":[3,5,3.998,5.998],"texture":"#particle"},"west":{"uv":[3,5,3.998,5.998],"texture":"#particle"},"up":{"uv":[3,5,3.998,5.998],"texture":"#particle"},"down":{"uv":[3,5,3.998,5.998],"texture":"#particle"}}},{"from":[7.51,10.51,7.785],"to":[8.49,11.49,8.015],"rotation":{"angle":45,"axis":"z","origin":[8,11,7.9]},"faces":{"north":{"uv":[3,5,3.998,5.998],"texture":"#particle"},"east":{"uv":[3,5,3.998,5.998],"texture":"#particle"},"south":{"uv":[3,5,3.998,5.998],"texture":"#particle"},"west":{"uv":[3,5,3.998,5.998],"texture":"#particle"},"up":{"uv":[3,5,3.998,5.998],"texture":"#particle"},"down":{"uv":[3,5,3.998,5.998],"texture":"#particle"}}},{"from":[8.51,10.51,7.785],"to":[9.49,11.49,8.015],"rotation":{"angle":45,"axis":"z","origin":[9,11,7.9]},"faces":{"north":{"uv":[3,5,3.998,5.998],"texture":"#particle"},"east":{"uv":[3,5,3.998,5.998],"texture":"#particle"},"south":{"uv":[3,5,3.998,5.998],"texture":"#particle"},"west":{"uv":[3,5,3.998,5.998],"texture":"#particle"},"up":{"uv":[3,5,3.998,5.998],"texture":"#particle"},"down":{"uv":[3,5,3.998,5.998],"texture":"#particle"}}},{"from":[7,10.5,7.775],"to":[8,11.5,8.025],"rotation":{"angle":45,"axis":"z","origin":[7.5,11,7.9]},"faces":{"north":{"uv":[3,5,3.998,5.998],"texture":"#particle"},"east":{"uv":[3,5,3.998,5.998],"texture":"#particle"},"south":{"uv":[3,5,3.998,5.998],"texture":"#particle"},"west":{"uv":[3,5,3.998,5.998],"texture":"#particle"},"up":{"uv":[3,5,3.998,5.998],"texture":"#particle"},"down":{"uv":[3,5,3.998,5.998],"texture":"#particle"}}},{"from":[10.75,7.5,7.775],"to":[11.75,8.5,8.025],"rotation":{"angle":45,"axis":"z","origin":[11.25,8,7.9]},"faces":{"north":{"uv":[3,5,3.998,5.998],"texture":"#particle"},"east":{"uv":[3,5,3.998,5.998],"texture":"#particle"},"south":{"uv":[3,5,3.998,5.998],"texture":"#particle"},"west":{"uv":[3,5,3.998,5.998],"texture":"#particle"},"up":{"uv":[3,5,3.998,5.998],"texture":"#particle"},"down":{"uv":[3,5,3.998,5.998],"texture":"#particle"}}},{"from":[10.75,8.5,7.775],"to":[11.75,9.5,8.025],"rotation":{"angle":45,"axis":"z","origin":[11.25,9,7.9]},"faces":{"north":{"uv":[3,5,3.998,5.998],"texture":"#particle"},"east":{"uv":[3,5,3.998,5.998],"texture":"#particle"},"south":{"uv":[3,5,3.998,5.998],"texture":"#particle"},"west":{"uv":[3,5,3.998,5.998],"texture":"#particle"},"up":{"uv":[3,5,3.998,5.998],"texture":"#particle"},"down":{"uv":[3,5,3.998,5.998],"texture":"#particle"}}},{"from":[10.77,9.12,7.795],"to":[11.73,10.08,8.005],"rotation":{"angle":-22.5,"axis":"z","origin":[11.25,9.6,7.9]},"faces":{"north":{"uv":[3,5,3.998,5.998],"rotation":90,"texture":"#particle"},"east":{"uv":[3,5,3.998,5.998],"rotation":270,"texture":"#particle"},"south":{"uv":[3,5,3.998,5.998],"rotation":270,"texture":"#particle"},"west":{"uv":[3,5,3.998,5.998],"rotation":270,"texture":"#particle"},"up":{"uv":[3,5,3.998,5.998],"rotation":270,"texture":"#particle"},"down":{"uv":[3,5,3.998,5.998],"rotation":270,"texture":"#particle"}}},{"from":[10.76,7.01,7.785],"to":[11.74,7.99,8.015],"rotation":{"angle":45,"axis":"z","origin":[11.25,7.5,7.9]},"faces":{"north":{"uv":[3,5,3.998,5.998],"texture":"#particle"},"east":{"uv":[3,5,3.998,5.998],"texture":"#particle"},"south":{"uv":[3,5,3.998,5.998],"texture":"#particle"},"west":{"uv":[3,5,3.998,5.998],"texture":"#particle"},"up":{"uv":[3,5,3.998,5.998],"texture":"#particle"},"down":{"uv":[3,5,3.998,5.998],"texture":"#particle"}}},{"from":[10.76,8.01,7.785],"to":[11.74,8.99,8.015],"rotation":{"angle":45,"axis":"z","origin":[11.25,8.5,7.9]},"faces":{"north":{"uv":[3,5,3.998,5.998],"texture":"#particle"},"east":{"uv":[3,5,3.998,5.998],"texture":"#particle"},"south":{"uv":[3,5,3.998,5.998],"texture":"#particle"},"west":{"uv":[3,5,3.998,5.998],"texture":"#particle"},"up":{"uv":[3,5,3.998,5.998],"texture":"#particle"},"down":{"uv":[3,5,3.998,5.998],"texture":"#particle"}}},{"from":[10.75,6.5,7.775],"to":[11.75,7.5,8.025],"rotation":{"angle":45,"axis":"z","origin":[11.25,7,7.9]},"faces":{"north":{"uv":[3,5,3.998,5.998],"texture":"#particle"},"east":{"uv":[3,5,3.998,5.998],"texture":"#particle"},"south":{"uv":[3,5,3.998,5.998],"texture":"#particle"},"west":{"uv":[3,5,3.998,5.998],"texture":"#particle"},"up":{"uv":[3,5,3.998,5.998],"texture":"#particle"},"down":{"uv":[3,5,3.998,5.998],"texture":"#particle"}}}],"display":{"thirdperson_righthand":{"rotation":[-34,90,0],"translation":[-0.5,1.75,1.75]},"thirdperson_lefthand":{"rotation":[-34,-90,0],"translation":[-1.25,1.75,1.75]},"firstperson_righthand":{"rotation":[-51,90,0],"translation":[2.5,1.75,0.5],"scale":[0.8,0.86836,0.8]},"firstperson_lefthand":{"rotation":[-51,-90,0],"translation":[2.5,1.75,0.5],"scale":[0.8,0.86836,0.8]},"ground":{"translation":[0,-0.75,0],"scale":[0.5,0.5,0.5]},"gui":{"rotation":[-42,-24,-66],"translation":[-0.5,0.25,0]},"head":{"rotation":[0,-90,0],"translation":[-0.5,-1.5,-5.75],"scale":[1,-1,1]},"fixed":{"rotation":[0,-180,0],"translation":[0,-0.5,-0.25]}}}