{"credit":"Made with Blockbench","textures":{"5":"spartanweaponry:costum/planks_oak","particle":"spartanweaponry:costum/texturedasteaxess"},"elements":[{"from":[7,4.7,7],"to":[10,13.2,8],"rotation":{"angle":0,"axis":"y","origin":[8.5,7.45,7.5]},"faces":{"north":{"uv":[4.1,4.1,7.9,6.9],"texture":"#5"},"east":{"uv":[4.1,4.1,7.9,6.9],"texture":"#5"},"south":{"uv":[4.1,4.1,7.9,6.9],"texture":"#5"},"west":{"uv":[4.1,4.1,7.9,6.9],"texture":"#5"},"up":{"uv":[4.1,4.1,7.9,6.9],"texture":"#5"},"down":{"uv":[4.1,4.1,7.9,6.9],"texture":"#5"}}},{"from":[7.1,12.8,7.1],"to":[9.9,13.6,7.9],"rotation":{"angle":0,"axis":"y","origin":[8.5,13.2,7.5]},"faces":{"north":{"uv":[6,5,7,5.999],"texture":"#5"},"east":{"uv":[6,5,7,5.999],"texture":"#5"},"south":{"uv":[6,5,7,5.999],"texture":"#5"},"west":{"uv":[6,5,7,5.999],"texture":"#5"},"up":{"uv":[6,5,7,5.999],"texture":"#5"},"down":{"uv":[6,5,7,5.999],"texture":"#5"}}},{"from":[7.2,12.9,7.2],"to":[9.8,14,7.8],"rotation":{"angle":0,"axis":"y","origin":[8.5,14.2,7.5]},"faces":{"north":{"uv":[6,5,7,5.999],"texture":"#5"},"east":{"uv":[6,5,7,5.999],"texture":"#5"},"south":{"uv":[6,5,7,5.999],"texture":"#5"},"west":{"uv":[6,5,7,5.999],"texture":"#5"},"up":{"uv":[6,5,7,5.999],"texture":"#5"},"down":{"uv":[6,5,7,5.999],"texture":"#5"}}},{"from":[7.3,13,7.3],"to":[9.7,14.4,7.7],"rotation":{"angle":0,"axis":"y","origin":[8.5,14.2,7.5]},"faces":{"north":{"uv":[6,5,7,5.999],"texture":"#5"},"east":{"uv":[6,5,7,5.999],"texture":"#5"},"south":{"uv":[6,5,7,5.999],"texture":"#5"},"west":{"uv":[6,5,7,5.999],"texture":"#5"},"up":{"uv":[6,5,7,5.999],"texture":"#5"},"down":{"uv":[6,5,7,5.999],"texture":"#5"}}},{"from":[7.1,3.8,7.1],"to":[9.9,5.1,7.9],"rotation":{"angle":0,"axis":"y","origin":[8.5,2.45,7.5]},"faces":{"north":{"uv":[4.1,4.1,7.9,6.9],"texture":"#5"},"east":{"uv":[4.1,4.1,7.9,6.9],"texture":"#5"},"south":{"uv":[4.1,4.1,7.9,6.9],"texture":"#5"},"west":{"uv":[4.1,4.1,7.9,6.9],"texture":"#5"},"up":{"uv":[4.1,4.1,7.9,6.9],"texture":"#5"},"down":{"uv":[4.1,4.1,7.9,6.9],"texture":"#5"}}},{"from":[7.2,2.9,7.2],"to":[9.8,4,7.8],"rotation":{"angle":0,"axis":"y","origin":[8.5,1.45,7.5]},"faces":{"north":{"uv":[4.1,4.1,7.9,6.9],"texture":"#5"},"east":{"uv":[4.1,4.1,7.9,6.9],"texture":"#5"},"south":{"uv":[4.1,4.1,7.9,6.9],"texture":"#5"},"west":{"uv":[4.1,4.1,7.9,6.9],"texture":"#5"},"up":{"uv":[4.1,4.1,7.9,6.9],"texture":"#5"},"down":{"uv":[4.1,4.1,7.9,6.9],"texture":"#5"}}},{"from":[7.3,2,7.3],"to":[9.7,3.9,7.7],"rotation":{"angle":0,"axis":"y","origin":[8.5,0.45,7.5]},"faces":{"north":{"uv":[4.1,4.1,7.9,6.9],"texture":"#5"},"east":{"uv":[4.1,4.1,7.9,6.9],"texture":"#5"},"south":{"uv":[4.1,4.1,7.9,6.9],"texture":"#5"},"west":{"uv":[4.1,4.1,7.9,6.9],"texture":"#5"},"up":{"uv":[4.1,4.1,7.9,6.9],"texture":"#5"},"down":{"uv":[4.1,4.1,7.9,6.9],"texture":"#5"}}},{"from":[8,4.7,6],"to":[9,13.2,9],"rotation":{"angle":45,"axis":"y","origin":[8.5,7.45,7.5]},"faces":{"north":{"uv":[4.1,4.1,7.9,6.9],"texture":"#5"},"east":{"uv":[4.1,4.1,7.9,6.9],"texture":"#5"},"south":{"uv":[4.1,4.1,7.9,6.9],"texture":"#5"},"west":{"uv":[4.1,4.1,7.9,6.9],"texture":"#5"},"up":{"uv":[4.1,4.1,7.9,6.9],"rotation":270,"texture":"#5"},"down":{"uv":[4.1,4.1,7.9,6.9],"rotation":90,"texture":"#5"}}},{"from":[8.1,12.8,6.1],"to":[8.9,13.6,8.9],"rotation":{"angle":45,"axis":"y","origin":[8.5,13.2,7.5]},"faces":{"north":{"uv":[6,5,7,5.999],"texture":"#5"},"east":{"uv":[6,5,7,5.999],"texture":"#5"},"south":{"uv":[6,5,7,5.999],"texture":"#5"},"west":{"uv":[6,5,7,5.999],"texture":"#5"},"up":{"uv":[6,5,7,5.999],"texture":"#5"},"down":{"uv":[6,5,7,5.999],"texture":"#5"}}},{"from":[8.2,12.9,6.2],"to":[8.8,14,8.8],"rotation":{"angle":45,"axis":"y","origin":[8.5,14.2,7.5]},"faces":{"north":{"uv":[6,5,7,5.999],"texture":"#5"},"east":{"uv":[6,5,7,5.999],"texture":"#5"},"south":{"uv":[6,5,7,5.999],"texture":"#5"},"west":{"uv":[6,5,7,5.999],"texture":"#5"},"up":{"uv":[6,5,7,5.999],"texture":"#5"},"down":{"uv":[6,5,7,5.999],"texture":"#5"}}},{"from":[8.3,13,6.3],"to":[8.7,14.4,8.7],"rotation":{"angle":45,"axis":"y","origin":[8.5,14.2,7.5]},"faces":{"north":{"uv":[6,5,7,5.999],"texture":"#5"},"east":{"uv":[6,5,7,5.999],"texture":"#5"},"south":{"uv":[6,5,7,5.999],"texture":"#5"},"west":{"uv":[6,5,7,5.999],"texture":"#5"},"up":{"uv":[6,5,7,5.999],"texture":"#5"},"down":{"uv":[6,5,7,5.999],"texture":"#5"}}},{"from":[8.1,3.8,6.1],"to":[8.9,5.1,8.9],"rotation":{"angle":45,"axis":"y","origin":[8.5,2.45,7.5]},"faces":{"north":{"uv":[4.1,4.1,7.9,6.9],"texture":"#5"},"east":{"uv":[4.1,4.1,7.9,6.9],"texture":"#5"},"south":{"uv":[4.1,4.1,7.9,6.9],"texture":"#5"},"west":{"uv":[4.1,4.1,7.9,6.9],"texture":"#5"},"up":{"uv":[4.1,4.1,7.9,6.9],"rotation":270,"texture":"#5"},"down":{"uv":[4.1,4.1,7.9,6.9],"rotation":90,"texture":"#5"}}},{"from":[8.2,2.9,6.2],"to":[8.8,4,8.8],"rotation":{"angle":45,"axis":"y","origin":[8.5,1.45,7.5]},"faces":{"north":{"uv":[4.1,4.1,7.9,6.9],"texture":"#5"},"east":{"uv":[4.1,4.1,7.9,6.9],"texture":"#5"},"south":{"uv":[4.1,4.1,7.9,6.9],"texture":"#5"},"west":{"uv":[4.1,4.1,7.9,6.9],"texture":"#5"},"up":{"uv":[4.1,4.1,7.9,6.9],"rotation":270,"texture":"#5"},"down":{"uv":[4.1,4.1,7.9,6.9],"rotation":90,"texture":"#5"}}},{"from":[8.3,2,6.3],"to":[8.7,3.9,8.7],"rotation":{"angle":45,"axis":"y","origin":[8.5,0.45,7.5]},"faces":{"north":{"uv":[4.1,4.1,7.9,6.9],"texture":"#5"},"east":{"uv":[4.1,4.1,7.9,6.9],"texture":"#5"},"south":{"uv":[4.1,4.1,7.9,6.9],"texture":"#5"},"west":{"uv":[4.1,4.1,7.9,6.9],"texture":"#5"},"up":{"uv":[4.1,4.1,7.9,6.9],"rotation":270,"texture":"#5"},"down":{"uv":[4.1,4.1,7.9,6.9],"rotation":90,"texture":"#5"}}},{"from":[7,4.7,7],"to":[10,13.2,8],"rotation":{"angle":45,"axis":"y","origin":[8.5,7.45,7.5]},"faces":{"north":{"uv":[4.1,4.1,7.9,6.9],"texture":"#5"},"east":{"uv":[4.1,4.1,7.9,6.9],"texture":"#5"},"south":{"uv":[4.1,4.1,7.9,6.9],"texture":"#5"},"west":{"uv":[4.1,4.1,7.9,6.9],"texture":"#5"},"up":{"uv":[4.1,4.1,7.9,6.9],"rotation":180,"texture":"#5"},"down":{"uv":[4.1,4.1,7.9,6.9],"rotation":180,"texture":"#5"}}},{"from":[7.1,12.8,7.1],"to":[9.9,13.6,7.9],"rotation":{"angle":45,"axis":"y","origin":[8.5,13.2,7.5]},"faces":{"north":{"uv":[6,5,7,5.999],"texture":"#5"},"east":{"uv":[6,5,7,5.999],"texture":"#5"},"south":{"uv":[6,5,7,5.999],"texture":"#5"},"west":{"uv":[6,5,7,5.999],"texture":"#5"},"up":{"uv":[6,5,7,5.999],"texture":"#5"},"down":{"uv":[6,5,7,5.999],"texture":"#5"}}},{"from":[7.2,12.9,7.2],"to":[9.8,14,7.8],"rotation":{"angle":45,"axis":"y","origin":[8.5,14.2,7.5]},"faces":{"north":{"uv":[6,5,7,5.999],"texture":"#5"},"east":{"uv":[6,5,7,5.999],"texture":"#5"},"south":{"uv":[6,5,7,5.999],"texture":"#5"},"west":{"uv":[6,5,7,5.999],"texture":"#5"},"up":{"uv":[6,5,7,5.999],"texture":"#5"},"down":{"uv":[6,5,7,5.999],"texture":"#5"}}},{"from":[7.3,13,7.3],"to":[9.7,14.4,7.7],"rotation":{"angle":45,"axis":"y","origin":[8.5,14.2,7.5]},"faces":{"north":{"uv":[6,5,7,5.999],"texture":"#5"},"east":{"uv":[6,5,7,5.999],"texture":"#5"},"south":{"uv":[6,5,7,5.999],"texture":"#5"},"west":{"uv":[6,5,7,5.999],"texture":"#5"},"up":{"uv":[6,5,7,5.999],"texture":"#5"},"down":{"uv":[6,5,7,5.999],"texture":"#5"}}},{"from":[7.1,3.8,7.1],"to":[9.9,5.1,7.9],"rotation":{"angle":45,"axis":"y","origin":[8.5,2.45,7.5]},"faces":{"north":{"uv":[4.1,4.1,7.9,6.9],"texture":"#5"},"east":{"uv":[4.1,4.1,7.9,6.9],"texture":"#5"},"south":{"uv":[4.1,4.1,7.9,6.9],"texture":"#5"},"west":{"uv":[4.1,4.1,7.9,6.9],"texture":"#5"},"up":{"uv":[4.1,4.1,7.9,6.9],"rotation":180,"texture":"#5"},"down":{"uv":[4.1,4.1,7.9,6.9],"rotation":180,"texture":"#5"}}},{"from":[7.2,2.9,7.2],"to":[9.8,4,7.8],"rotation":{"angle":45,"axis":"y","origin":[8.5,1.45,7.5]},"faces":{"north":{"uv":[4.1,4.1,7.9,6.9],"texture":"#5"},"east":{"uv":[4.1,4.1,7.9,6.9],"texture":"#5"},"south":{"uv":[4.1,4.1,7.9,6.9],"texture":"#5"},"west":{"uv":[4.1,4.1,7.9,6.9],"texture":"#5"},"up":{"uv":[4.1,4.1,7.9,6.9],"rotation":180,"texture":"#5"},"down":{"uv":[4.1,4.1,7.9,6.9],"rotation":180,"texture":"#5"}}},{"from":[7.3,2,7.3],"to":[9.7,3.9,7.7],"rotation":{"angle":45,"axis":"y","origin":[8.5,0.45,7.5]},"faces":{"north":{"uv":[4.1,4.1,7.9,6.9],"texture":"#5"},"east":{"uv":[4.1,4.1,7.9,6.9],"texture":"#5"},"south":{"uv":[4.1,4.1,7.9,6.9],"texture":"#5"},"west":{"uv":[4.1,4.1,7.9,6.9],"texture":"#5"},"up":{"uv":[4.1,4.1,7.9,6.9],"rotation":180,"texture":"#5"},"down":{"uv":[4.1,4.1,7.9,6.9],"rotation":180,"texture":"#5"}}},{"from":[8,4.7,6],"to":[9,13.2,9],"rotation":{"angle":0,"axis":"y","origin":[8.5,7.45,7.5]},"faces":{"north":{"uv":[4.1,4.1,7.9,6.9],"texture":"#5"},"east":{"uv":[4.1,4.1,7.9,6.9],"texture":"#5"},"south":{"uv":[4.1,4.1,7.9,6.9],"texture":"#5"},"west":{"uv":[4.1,4.1,7.9,6.9],"texture":"#5"},"up":{"uv":[4.1,4.1,7.9,6.9],"rotation":270,"texture":"#5"},"down":{"uv":[4.1,4.1,7.9,6.9],"rotation":90,"texture":"#5"}}},{"from":[8.1,12.8,6.1],"to":[8.9,13.6,8.9],"rotation":{"angle":0,"axis":"y","origin":[8.5,13.2,7.5]},"faces":{"north":{"uv":[6,5,7,5.999],"texture":"#5"},"east":{"uv":[6,5,7,5.999],"texture":"#5"},"south":{"uv":[6,5,7,5.999],"texture":"#5"},"west":{"uv":[6,5,7,5.999],"texture":"#5"},"up":{"uv":[6,5,7,5.999],"texture":"#5"},"down":{"uv":[6,5,7,5.999],"texture":"#5"}}},{"from":[8.2,12.9,6.2],"to":[8.8,14,8.8],"rotation":{"angle":0,"axis":"y","origin":[8.5,14.2,7.5]},"faces":{"north":{"uv":[6,5,7,5.999],"texture":"#5"},"east":{"uv":[6,5,7,5.999],"texture":"#5"},"south":{"uv":[6,5,7,5.999],"texture":"#5"},"west":{"uv":[6,5,7,5.999],"texture":"#5"},"up":{"uv":[6,5,7,5.999],"texture":"#5"},"down":{"uv":[6,5,7,5.999],"texture":"#5"}}},{"from":[8.3,13,6.3],"to":[8.7,14.4,8.7],"rotation":{"angle":0,"axis":"y","origin":[8.5,14.2,7.5]},"faces":{"north":{"uv":[6,5,7,5.999],"texture":"#5"},"east":{"uv":[6,5,7,5.999],"texture":"#5"},"south":{"uv":[6,5,7,5.999],"texture":"#5"},"west":{"uv":[6,5,7,5.999],"texture":"#5"},"up":{"uv":[6,5,7,5.999],"texture":"#5"},"down":{"uv":[6,5,7,5.999],"texture":"#5"}}},{"from":[8.1,3.8,6.1],"to":[8.9,5.1,8.9],"rotation":{"angle":0,"axis":"y","origin":[8.5,2.45,7.5]},"faces":{"north":{"uv":[4.1,4.1,7.9,6.9],"texture":"#5"},"east":{"uv":[4.1,4.1,7.9,6.9],"texture":"#5"},"south":{"uv":[4.1,4.1,7.9,6.9],"texture":"#5"},"west":{"uv":[4.1,4.1,7.9,6.9],"texture":"#5"},"up":{"uv":[4.1,4.1,7.9,6.9],"rotation":270,"texture":"#5"},"down":{"uv":[4.1,4.1,7.9,6.9],"rotation":90,"texture":"#5"}}},{"from":[8.2,2.9,6.2],"to":[8.8,4,8.8],"rotation":{"angle":0,"axis":"y","origin":[8.5,1.45,7.5]},"faces":{"north":{"uv":[4.1,4.1,7.9,6.9],"texture":"#5"},"east":{"uv":[4.1,4.1,7.9,6.9],"texture":"#5"},"south":{"uv":[4.1,4.1,7.9,6.9],"texture":"#5"},"west":{"uv":[4.1,4.1,7.9,6.9],"texture":"#5"},"up":{"uv":[4.1,4.1,7.9,6.9],"rotation":270,"texture":"#5"},"down":{"uv":[4.1,4.1,7.9,6.9],"rotation":90,"texture":"#5"}}},{"from":[8.3,2,6.3],"to":[8.7,3.9,8.7],"rotation":{"angle":0,"axis":"y","origin":[8.5,0.45,7.5]},"faces":{"north":{"uv":[4.1,4.1,7.9,6.9],"texture":"#5"},"east":{"uv":[4.1,4.1,7.9,6.9],"texture":"#5"},"south":{"uv":[4.1,4.1,7.9,6.9],"texture":"#5"},"west":{"uv":[4.1,4.1,7.9,6.9],"texture":"#5"},"up":{"uv":[4.1,4.1,7.9,6.9],"rotation":270,"texture":"#5"},"down":{"uv":[4.1,4.1,7.9,6.9],"rotation":90,"texture":"#5"}}},{"from":[8.075,-3.2,7.075],"to":[8.925,2.8,7.925],"rotation":{"angle":0,"axis":"y","origin":[8.5,0,7.5]},"faces":{"north":{"uv":[2.8,9,3.799,10.799],"texture":"#5"},"east":{"uv":[2.8,9,3.799,10.799],"texture":"#5"},"south":{"uv":[2.8,9,3.799,10.799],"texture":"#5"},"west":{"uv":[2.8,9,3.799,10.799],"texture":"#5"},"up":{"uv":[2.8,9,3.799,10.799],"texture":"#5"},"down":{"uv":[2.8,9,3.799,10.799],"texture":"#5"}}},{"from":[7.775,1.5,6.775],"to":[9.225,2.1,8.225],"rotation":{"angle":0,"axis":"x","origin":[8.5,4.2,7.5]},"faces":{"north":{"uv":[2,8,2.999,8.999],"texture":"#5"},"east":{"uv":[2,8,2.999,8.999],"texture":"#5"},"south":{"uv":[2,8,2.999,8.999],"texture":"#5"},"west":{"uv":[2,8,2.999,8.999],"texture":"#5"},"up":{"uv":[2,8,2.999,8.999],"texture":"#5"},"down":{"uv":[2,8,2.999,8.999],"texture":"#5"}}},{"from":[7.775,1.5,6.775],"to":[9.225,2.1,8.225],"rotation":{"angle":-45,"axis":"y","origin":[8.5,4.2,7.5]},"faces":{"north":{"uv":[2,8,2.999,8.999],"texture":"#5"},"east":{"uv":[2,8,2.999,8.999],"texture":"#5"},"south":{"uv":[2,8,2.999,8.999],"texture":"#5"},"west":{"uv":[2,8,2.999,8.999],"texture":"#5"},"up":{"uv":[2,8,2.999,8.999],"rotation":270,"texture":"#5"},"down":{"uv":[2,8,2.999,8.999],"rotation":90,"texture":"#5"}}},{"from":[7.875,1.2,6.875],"to":[9.125,1.6,8.125],"rotation":{"angle":0,"axis":"x","origin":[8.5,4.2,7.5]},"faces":{"north":{"uv":[2,8,2.999,8.999],"texture":"#5"},"east":{"uv":[2,8,2.999,8.999],"texture":"#5"},"south":{"uv":[2,8,2.999,8.999],"texture":"#5"},"west":{"uv":[2,8,2.999,8.999],"texture":"#5"},"up":{"uv":[2,8,2.999,8.999],"texture":"#5"},"down":{"uv":[2,8,2.999,8.999],"texture":"#5"}}},{"from":[7.875,1.2,6.875],"to":[9.125,1.6,8.125],"rotation":{"angle":-45,"axis":"y","origin":[8.5,4.2,7.5]},"faces":{"north":{"uv":[2,8,2.999,8.999],"texture":"#5"},"east":{"uv":[2,8,2.999,8.999],"texture":"#5"},"south":{"uv":[2,8,2.999,8.999],"texture":"#5"},"west":{"uv":[2,8,2.999,8.999],"texture":"#5"},"up":{"uv":[2,8,2.999,8.999],"rotation":270,"texture":"#5"},"down":{"uv":[2,8,2.999,8.999],"rotation":90,"texture":"#5"}}},{"from":[7.875,-3.5,6.875],"to":[9.125,-3.1,8.125],"rotation":{"angle":0,"axis":"x","origin":[8.5,0,7.5]},"faces":{"north":{"uv":[2,8,2.999,8.999],"texture":"#5"},"east":{"uv":[2,8,2.999,8.999],"texture":"#5"},"south":{"uv":[2,8,2.999,8.999],"texture":"#5"},"west":{"uv":[2,8,2.999,8.999],"texture":"#5"},"up":{"uv":[2,8,2.999,8.999],"texture":"#5"},"down":{"uv":[2,8,2.999,8.999],"texture":"#5"}}},{"from":[7.875,-3.5,6.875],"to":[9.125,-3.1,8.125],"rotation":{"angle":-45,"axis":"y","origin":[8.5,4,7.5]},"faces":{"north":{"uv":[2,8,2.999,8.999],"texture":"#5"},"east":{"uv":[2,8,2.999,8.999],"texture":"#5"},"south":{"uv":[2,8,2.999,8.999],"texture":"#5"},"west":{"uv":[2,8,2.999,8.999],"texture":"#5"},"up":{"uv":[2,8,2.999,8.999],"rotation":270,"texture":"#5"},"down":{"uv":[2,8,2.999,8.999],"rotation":90,"texture":"#5"}}},{"from":[7.875,14.3,6.875],"to":[9.125,14.7,8.125],"rotation":{"angle":0,"axis":"x","origin":[8.5,14.5,7.5]},"faces":{"north":{"uv":[2,8,2.999,8.999],"texture":"#5"},"east":{"uv":[2,8,2.999,8.999],"texture":"#5"},"south":{"uv":[2,8,2.999,8.999],"texture":"#5"},"west":{"uv":[2,8,2.999,8.999],"texture":"#5"},"up":{"uv":[2,8,2.999,8.999],"texture":"#5"},"down":{"uv":[2,8,2.999,8.999],"texture":"#5"}}},{"from":[7.875,14.3,6.875],"to":[9.125,14.7,8.125],"rotation":{"angle":45,"axis":"y","origin":[8.5,14.5,7.5]},"faces":{"north":{"uv":[2,8,2.999,8.999],"texture":"#5"},"east":{"uv":[2,8,2.999,8.999],"texture":"#5"},"south":{"uv":[2,8,2.999,8.999],"texture":"#5"},"west":{"uv":[2,8,2.999,8.999],"texture":"#5"},"up":{"uv":[2,8,2.999,8.999],"texture":"#5"},"down":{"uv":[2,8,2.999,8.999],"texture":"#5"}}},{"from":[7.975,1,6.975],"to":[9.025,1.2,8.025],"rotation":{"angle":0,"axis":"x","origin":[8.5,4.2,7.5]},"faces":{"north":{"uv":[2,8,2.999,8.999],"texture":"#5"},"east":{"uv":[2,8,2.999,8.999],"texture":"#5"},"south":{"uv":[2,8,2.999,8.999],"texture":"#5"},"west":{"uv":[2,8,2.999,8.999],"texture":"#5"},"up":{"uv":[2,8,2.999,8.999],"texture":"#5"},"down":{"uv":[2,8,2.999,8.999],"texture":"#5"}}},{"from":[7.975,1,6.975],"to":[9.025,1.2,8.025],"rotation":{"angle":-45,"axis":"y","origin":[8.5,4.2,7.5]},"faces":{"north":{"uv":[2,8,2.999,8.999],"texture":"#5"},"east":{"uv":[2,8,2.999,8.999],"texture":"#5"},"south":{"uv":[2,8,2.999,8.999],"texture":"#5"},"west":{"uv":[2,8,2.999,8.999],"texture":"#5"},"up":{"uv":[2,8,2.999,8.999],"rotation":270,"texture":"#5"},"down":{"uv":[2,8,2.999,8.999],"rotation":90,"texture":"#5"}}},{"from":[7.975,-3.2,6.975],"to":[9.025,-3,8.025],"rotation":{"angle":0,"axis":"x","origin":[8.5,0,7.5]},"faces":{"north":{"uv":[2,8,2.999,8.999],"texture":"#5"},"east":{"uv":[2,8,2.999,8.999],"texture":"#5"},"south":{"uv":[2,8,2.999,8.999],"texture":"#5"},"west":{"uv":[2,8,2.999,8.999],"texture":"#5"},"up":{"uv":[2,8,2.999,8.999],"texture":"#5"},"down":{"uv":[2,8,2.999,8.999],"texture":"#5"}}},{"from":[7.975,-3.2,6.975],"to":[9.025,-3,8.025],"rotation":{"angle":-45,"axis":"y","origin":[8.5,4,7.5]},"faces":{"north":{"uv":[2,8,2.999,8.999],"texture":"#5"},"east":{"uv":[2,8,2.999,8.999],"texture":"#5"},"south":{"uv":[2,8,2.999,8.999],"texture":"#5"},"west":{"uv":[2,8,2.999,8.999],"texture":"#5"},"up":{"uv":[2,8,2.999,8.999],"rotation":270,"texture":"#5"},"down":{"uv":[2,8,2.999,8.999],"rotation":90,"texture":"#5"}}}],"display":{"thirdperson_righthand":{"translation":[-1,8.75,2],"scale":[1.2,1.2,1.2]},"thirdperson_lefthand":{"translation":[0,8.75,2],"scale":[1.2,1.2,1.2]},"firstperson_righthand":{"rotation":[-5,0,0],"translation":[3.5,7,-2.5],"scale":[1.2,1.2,1.2]},"firstperson_lefthand":{"rotation":[-5,0,0],"translation":[3.5,7,-2.5],"scale":[1.2,1.2,1.2]},"ground":{"translation":[0,9.5,0],"scale":[1.2,1.2,1.2]},"gui":{"rotation":[-45,-41,-62],"translation":[1,3,0]},"head":{"rotation":[-80,0,0],"translation":[-0.25,10.75,-13.25],"scale":[1.2,-1.2,1.2]},"fixed":{"rotation":[0,90,0],"translation":[1,3.25,-0.5],"scale":[1.2,1.2,1.2]}}}