{"credit":"Made with Blockbench","textures":{"1":"spartanweaponry:costum/raddadste","2":"spartanweaponry:costum/texture3","3":"spartanweaponry:costum/iron_block","particle":"spartanweaponry:costum/dagger_iron"},"elements":[{"from":[8.51316,7.88947,9.90264],"to":[9.51316,8.88947,15.40264],"rotation":{"angle":-45,"axis":"y","origin":[9.02358,8.40197,7.80746]},"faces":{"north":{"uv":[3,2,4,8],"rotation":270,"texture":"#1"},"east":{"uv":[3,2,4,8],"rotation":90,"texture":"#1"},"south":{"uv":[3,2,4,8],"rotation":270,"texture":"#1"},"west":{"uv":[3,2,4,8],"rotation":270,"texture":"#1"},"up":{"uv":[3,2,4,8],"texture":"#1"},"down":{"uv":[3,2,4,8],"rotation":180,"texture":"#1"}}},{"from":[7.01316,7.88947,8.90264],"to":[11.01316,8.98947,9.90264],"rotation":{"angle":-45,"axis":"y","origin":[9.02358,8.40197,7.80746]},"faces":{"north":{"uv":[0,0,1,5],"rotation":270,"texture":"#2"},"east":{"uv":[0,0,1,5],"rotation":90,"texture":"#2"},"south":{"uv":[0,0,1,5],"rotation":270,"texture":"#2"},"west":{"uv":[0,0,1,5],"rotation":270,"texture":"#2"},"up":{"uv":[0,0,1,5],"texture":"#2"},"down":{"uv":[0,0,1,5],"rotation":180,"texture":"#2"}}},{"from":[11.01316,7.88947,8.40264],"to":[12.01316,8.98947,8.90264],"rotation":{"angle":-45,"axis":"y","origin":[9.02358,8.40197,7.80746]},"faces":{"north":{"uv":[0,0,1,5],"rotation":270,"texture":"#2"},"east":{"uv":[0,0,1,5],"rotation":90,"texture":"#2"},"south":{"uv":[0,0,1,5],"rotation":270,"texture":"#2"},"west":{"uv":[0,0,1,5],"rotation":270,"texture":"#2"},"up":{"uv":[0,0,1,5],"texture":"#2"},"down":{"uv":[0,0,1,5],"rotation":180,"texture":"#2"}}},{"from":[6.01316,7.88947,8.40264],"to":[7.01316,8.98947,8.90264],"rotation":{"angle":-45,"axis":"y","origin":[9.02358,8.40197,7.80746]},"faces":{"north":{"uv":[0,0,1,5],"rotation":270,"texture":"#2"},"east":{"uv":[0,0,1,5],"rotation":90,"texture":"#2"},"south":{"uv":[0,0,1,5],"rotation":270,"texture":"#2"},"west":{"uv":[0,0,1,5],"rotation":270,"texture":"#2"},"up":{"uv":[0,0,1,5],"texture":"#2"},"down":{"uv":[0,0,1,5],"rotation":180,"texture":"#2"}}},{"from":[11.01316,7.88947,8.90264],"to":[11.51316,8.98947,9.40264],"rotation":{"angle":-45,"axis":"y","origin":[9.02358,8.40197,7.80746]},"faces":{"north":{"uv":[0,0,1,5],"rotation":270,"texture":"#2"},"east":{"uv":[0,0,1,5],"rotation":90,"texture":"#2"},"south":{"uv":[0,0,1,5],"rotation":270,"texture":"#2"},"west":{"uv":[0,0,1,5],"rotation":270,"texture":"#2"},"up":{"uv":[0,0,1,5],"texture":"#2"},"down":{"uv":[0,0,1,5],"rotation":180,"texture":"#2"}}},{"from":[6.51316,7.88947,8.90264],"to":[7.01316,8.98947,9.40264],"rotation":{"angle":-45,"axis":"y","origin":[9.02358,8.40197,7.80746]},"faces":{"north":{"uv":[0,0,1,5],"rotation":270,"texture":"#2"},"east":{"uv":[0,0,1,5],"rotation":90,"texture":"#2"},"south":{"uv":[0,0,1,5],"rotation":270,"texture":"#2"},"west":{"uv":[0,0,1,5],"rotation":270,"texture":"#2"},"up":{"uv":[0,0,1,5],"texture":"#2"},"down":{"uv":[0,0,1,5],"rotation":180,"texture":"#2"}}},{"from":[3.00851,7.83947,12.74201],"to":[4.10851,8.93947,13.84201],"rotation":{"angle":0,"axis":"y","origin":[9.02358,8.40197,7.80746]},"faces":{"north":{"uv":[0,0,1,5],"rotation":90,"texture":"#2"},"east":{"uv":[0,0,1,5],"rotation":270,"texture":"#2"},"south":{"uv":[0,0,1,5],"rotation":270,"texture":"#2"},"west":{"uv":[0,0,1,5],"rotation":270,"texture":"#2"},"up":{"uv":[0,0,1,5],"rotation":270,"texture":"#2"},"down":{"uv":[0,0,1,5],"rotation":270,"texture":"#2"}}},{"from":[6.80834,7.83947,9.46005],"to":[7.40834,8.93947,10.06005],"rotation":{"angle":0,"axis":"y","origin":[9.02358,8.40197,7.80746]},"faces":{"north":{"uv":[0,0,1,5],"rotation":90,"texture":"#2"},"east":{"uv":[0,0,1,5],"rotation":270,"texture":"#2"},"south":{"uv":[0,0,1,5],"rotation":270,"texture":"#2"},"west":{"uv":[0,0,1,5],"rotation":270,"texture":"#2"},"up":{"uv":[0,0,1,5],"rotation":270,"texture":"#2"},"down":{"uv":[0,0,1,5],"rotation":270,"texture":"#2"}}},{"from":[6.10123,7.83947,10.16716],"to":[6.70123,8.93947,10.76716],"rotation":{"angle":0,"axis":"y","origin":[9.02358,8.40197,7.80746]},"faces":{"north":{"uv":[0,0,1,5],"rotation":90,"texture":"#2"},"east":{"uv":[0,0,1,5],"rotation":270,"texture":"#2"},"south":{"uv":[0,0,1,5],"rotation":270,"texture":"#2"},"west":{"uv":[0,0,1,5],"rotation":270,"texture":"#2"},"up":{"uv":[0,0,1,5],"rotation":270,"texture":"#2"},"down":{"uv":[0,0,1,5],"rotation":270,"texture":"#2"}}},{"from":[5.39412,7.83947,10.87426],"to":[5.99412,8.93947,11.47426],"rotation":{"angle":0,"axis":"y","origin":[9.02358,8.40197,7.80746]},"faces":{"north":{"uv":[0,0,1,5],"rotation":90,"texture":"#2"},"east":{"uv":[0,0,1,5],"rotation":270,"texture":"#2"},"south":{"uv":[0,0,1,5],"rotation":270,"texture":"#2"},"west":{"uv":[0,0,1,5],"rotation":270,"texture":"#2"},"up":{"uv":[0,0,1,5],"rotation":270,"texture":"#2"},"down":{"uv":[0,0,1,5],"rotation":270,"texture":"#2"}}},{"from":[4.68702,7.83947,11.58137],"to":[5.28702,8.93947,12.18137],"rotation":{"angle":0,"axis":"y","origin":[9.02358,8.40197,7.80746]},"faces":{"north":{"uv":[0,0,1,5],"rotation":90,"texture":"#2"},"east":{"uv":[0,0,1,5],"rotation":270,"texture":"#2"},"south":{"uv":[0,0,1,5],"rotation":270,"texture":"#2"},"west":{"uv":[0,0,1,5],"rotation":270,"texture":"#2"},"up":{"uv":[0,0,1,5],"rotation":270,"texture":"#2"},"down":{"uv":[0,0,1,5],"rotation":270,"texture":"#2"}}},{"from":[3.97991,7.83947,12.28848],"to":[4.57991,8.93947,12.88848],"rotation":{"angle":0,"axis":"y","origin":[9.02358,8.40197,7.80746]},"faces":{"north":{"uv":[0,0,1,5],"rotation":90,"texture":"#2"},"east":{"uv":[0,0,1,5],"rotation":270,"texture":"#2"},"south":{"uv":[0,0,1,5],"rotation":270,"texture":"#2"},"west":{"uv":[0,0,1,5],"rotation":270,"texture":"#2"},"up":{"uv":[0,0,1,5],"rotation":270,"texture":"#2"},"down":{"uv":[0,0,1,5],"rotation":270,"texture":"#2"}}},{"from":[9.26316,8.13947,1.90264],"to":[10.01316,8.63947,8.90264],"rotation":{"angle":-45,"axis":"y","origin":[9.02358,8.40197,7.80746]},"faces":{"north":{"uv":[5,7,7,12.999],"rotation":270,"texture":"#3"},"east":{"uv":[5,7,7,12.999],"rotation":90,"texture":"#3"},"south":{"uv":[5,7,7,12.999],"rotation":270,"texture":"#3"},"west":{"uv":[5,7,7,12.999],"rotation":270,"texture":"#3"},"up":{"uv":[5,7,7,12.999],"texture":"#3"},"down":{"uv":[5,7,7,12.999],"rotation":180,"texture":"#3"}}},{"from":[8.01316,8.13947,1.90264],"to":[8.76316,8.63947,8.90264],"rotation":{"angle":-45,"axis":"y","origin":[9.02358,8.40197,7.80746]},"faces":{"north":{"uv":[5,7,7,12.999],"rotation":270,"texture":"#3"},"east":{"uv":[5,7,7,12.999],"rotation":90,"texture":"#3"},"south":{"uv":[5,7,7,12.999],"rotation":270,"texture":"#3"},"west":{"uv":[5,7,7,12.999],"rotation":270,"texture":"#3"},"up":{"uv":[5,7,7,12.999],"texture":"#3"},"down":{"uv":[5,7,7,12.999],"rotation":180,"texture":"#3"}}},{"from":[8.76316,8.13947,-0.09736],"to":[9.26316,8.63947,0.90264],"rotation":{"angle":-45,"axis":"y","origin":[9.02358,8.40197,7.80746]},"faces":{"north":{"uv":[5,7,7,7.998],"rotation":270,"texture":"#3"},"east":{"uv":[5,7,7,7.998],"rotation":90,"texture":"#3"},"south":{"uv":[5,7,7,7.998],"rotation":270,"texture":"#3"},"west":{"uv":[5,7,7,7.998],"rotation":270,"texture":"#3"},"up":{"uv":[5,7,7,7.998],"texture":"#3"},"down":{"uv":[5,7,7,7.998],"rotation":180,"texture":"#3"}}},{"from":[8.76316,8.26447,0.90264],"to":[9.26316,8.51447,8.90264],"rotation":{"angle":-45,"axis":"y","origin":[9.02358,8.40197,7.80746]},"faces":{"north":{"uv":[5,6,7,12.998],"rotation":270,"texture":"#3"},"east":{"uv":[5,6,7,12.998],"rotation":90,"texture":"#3"},"south":{"uv":[5,6,7,12.998],"rotation":270,"texture":"#3"},"west":{"uv":[5,6,7,12.998],"rotation":270,"texture":"#3"},"up":{"uv":[5,6,7,12.998],"texture":"#3"},"down":{"uv":[5,6,7,12.998],"rotation":180,"texture":"#3"}}},{"from":[8.26316,8.13947,0.90264],"to":[8.76316,8.63947,1.90264],"rotation":{"angle":-45,"axis":"y","origin":[9.02358,8.40197,7.80746]},"faces":{"north":{"uv":[5,7,7,7.998],"rotation":270,"texture":"#3"},"east":{"uv":[5,7,7,7.998],"rotation":90,"texture":"#3"},"south":{"uv":[5,7,7,7.998],"rotation":270,"texture":"#3"},"west":{"uv":[5,7,7,7.998],"rotation":270,"texture":"#3"},"up":{"uv":[5,7,7,7.998],"texture":"#3"},"down":{"uv":[5,7,7,7.998],"rotation":180,"texture":"#3"}}},{"from":[8.51316,8.13947,0.40264],"to":[8.76316,8.63947,0.90264],"rotation":{"angle":-45,"axis":"y","origin":[9.02358,8.40197,7.80746]},"faces":{"north":{"uv":[5,7,7,7.998],"rotation":270,"texture":"#3"},"east":{"uv":[5,7,7,7.998],"rotation":90,"texture":"#3"},"south":{"uv":[5,7,7,7.998],"rotation":270,"texture":"#3"},"west":{"uv":[5,7,7,7.998],"rotation":270,"texture":"#3"},"up":{"uv":[5,7,7,7.998],"texture":"#3"},"down":{"uv":[5,7,7,7.998],"rotation":180,"texture":"#3"}}},{"from":[9.26316,8.13947,0.40264],"to":[9.51316,8.63947,0.90264],"rotation":{"angle":-45,"axis":"y","origin":[9.02358,8.40197,7.80746]},"faces":{"north":{"uv":[5,7,7,7.998],"rotation":270,"texture":"#3"},"east":{"uv":[5,7,7,7.998],"rotation":90,"texture":"#3"},"south":{"uv":[5,7,7,7.998],"rotation":270,"texture":"#3"},"west":{"uv":[5,7,7,7.998],"rotation":270,"texture":"#3"},"up":{"uv":[5,7,7,7.998],"texture":"#3"},"down":{"uv":[5,7,7,7.998],"rotation":180,"texture":"#3"}}},{"from":[9.26316,8.13947,0.90264],"to":[9.76316,8.63947,1.90264],"rotation":{"angle":-45,"axis":"y","origin":[9.02358,8.40197,7.80746]},"faces":{"north":{"uv":[5,7,7,7.998],"rotation":270,"texture":"#3"},"east":{"uv":[5,7,7,7.998],"rotation":90,"texture":"#3"},"south":{"uv":[5,7,7,7.998],"rotation":270,"texture":"#3"},"west":{"uv":[5,7,7,7.998],"rotation":270,"texture":"#3"},"up":{"uv":[5,7,7,7.998],"texture":"#3"},"down":{"uv":[5,7,7,7.998],"rotation":180,"texture":"#3"}}}],"display":{"thirdperson_righthand":{"rotation":[45,0,90],"translation":[-0.5,1.5,0.5]},"thirdperson_lefthand":{"rotation":[135,0,90],"translation":[-0.5,1.5,1.5]},"firstperson_righthand":{"rotation":[40,0,90],"translation":[4.75,0,-3.25]},"firstperson_lefthand":{"rotation":[130,0,90],"translation":[4.75,0,-1.75]},"ground":{"rotation":[90,0,0],"translation":[0,1,0],"scale":[0.5,0.5,0.5]},"gui":{"rotation":[-136,-101,-75],"translation":[0.5,-0.25,0],"scale":[0.8,0.8,0.8]},"head":{"rotation":[78,0,90],"translation":[0,5.75,-7.25],"scale":[1,-1,-1]},"fixed":{"rotation":[-90,-135,0],"translation":[1,-0.5,-0.75]}}}