{"credit":"Made with Blockbench","textures":{"2":"spartanweaponry:costum/texturedasteaxess","3":"spartanweaponry:costum/raddadste","5":"spartanweaponry:costum/cobblestone","particle":"spartanweaponry:costum/texturedasteaxess"},"elements":[{"from":[8,-2,7],"to":[9,-1.5,8],"rotation":{"angle":0,"axis":"y","origin":[8.5,-2.75,7.5]},"faces":{"north":{"uv":[0,0,16,16],"texture":"#3"},"east":{"uv":[0,0,16,16],"texture":"#3"},"south":{"uv":[0,0,16,16],"texture":"#3"},"west":{"uv":[0,0,16,16],"texture":"#3"},"up":{"uv":[0,0,16,16],"texture":"#3"},"down":{"uv":[0,0,16,16],"texture":"#3"}}},{"from":[8,3,7],"to":[9,12.5,8],"rotation":{"angle":0,"axis":"y","origin":[8.5,7.25,7.5]},"faces":{"north":{"uv":[0,0,16,16],"texture":"#3"},"east":{"uv":[0,0,16,16],"texture":"#3"},"south":{"uv":[0,0,16,16],"texture":"#3"},"west":{"uv":[0,0,16,16],"texture":"#3"},"up":{"uv":[0,0,16,16],"texture":"#3"},"down":{"uv":[0,0,16,16],"texture":"#3"}}},{"from":[7.9,6,7.25],"to":[9.1,6.5,7.75],"rotation":{"angle":45,"axis":"x","origin":[8.5,6.25,7.5]},"faces":{"north":{"uv":[2,1,3.999,3],"texture":"#5"},"east":{"uv":[2,1,3.999,3],"texture":"#5"},"south":{"uv":[2,1,3.999,3],"texture":"#5"},"west":{"uv":[2,1,3.999,3],"texture":"#5"},"up":{"uv":[2,1,3.999,3],"texture":"#5"},"down":{"uv":[2,1,3.999,3],"texture":"#5"}}},{"from":[7.9,5,7.25],"to":[9.1,5.5,7.75],"rotation":{"angle":45,"axis":"x","origin":[8.5,5.25,7.5]},"faces":{"north":{"uv":[3,2,4.998,3.999],"texture":"#5"},"east":{"uv":[3,2,4.998,3.999],"texture":"#5"},"south":{"uv":[3,2,4.998,3.999],"texture":"#5"},"west":{"uv":[3,2,4.998,3.999],"texture":"#5"},"up":{"uv":[3,2,4.998,3.999],"texture":"#5"},"down":{"uv":[3,2,4.998,3.999],"texture":"#5"}}},{"from":[7.9,-2.6,6.9],"to":[9.1,-1.9,8.1],"rotation":{"angle":0,"axis":"y","origin":[8.5,-2.25,7.5]},"faces":{"north":{"uv":[4,10,6.998,11.997],"texture":"#5"},"east":{"uv":[4,10,6.998,11.997],"texture":"#5"},"south":{"uv":[4,10,6.998,11.997],"texture":"#5"},"west":{"uv":[4,10,6.998,11.997],"texture":"#5"},"up":{"uv":[4,10,6.998,11.997],"texture":"#5"},"down":{"uv":[4,10,6.998,11.997],"texture":"#5"}}},{"from":[7.9,7,6.9],"to":[9.1,7.5,8.1],"rotation":{"angle":0,"axis":"y","origin":[8.5,7.25,7.5]},"faces":{"north":{"uv":[0,8,0.997,8.995],"texture":"#5"},"east":{"uv":[0,8,0.997,8.995],"texture":"#5"},"south":{"uv":[0,8,0.997,8.995],"texture":"#5"},"west":{"uv":[0,8,0.997,8.995],"texture":"#5"},"up":{"uv":[0,8,0.997,8.995],"texture":"#5"},"down":{"uv":[0,8,0.997,8.995],"texture":"#5"}}},{"from":[6.8,9.5,7.25],"to":[10.2,12,7.75],"rotation":{"angle":0,"axis":"y","origin":[8.5,10.75,7.5]},"faces":{"north":{"uv":[6,4,13.996,8.994],"texture":"#5"},"east":{"uv":[6,4,6.996,8.993],"texture":"#5"},"south":{"uv":[6,4,13.996,8.994],"texture":"#5"},"west":{"uv":[12.996,4,13.995,8.993],"texture":"#5"},"up":{"uv":[6,4,13.996,4.993],"texture":"#5"},"down":{"uv":[6,4,13.996,8.994],"texture":"#5"}}},{"from":[8.25,9.5,5.8],"to":[8.75,12,9.2],"rotation":{"angle":0,"axis":"y","origin":[8.5,10.75,7.5]},"faces":{"north":{"uv":[6,4,6.996,8.993],"texture":"#5"},"east":{"uv":[6,4,13.996,8.994],"texture":"#5"},"south":{"uv":[12.996,4,13.995,8.993],"texture":"#5"},"west":{"uv":[6,4,13.996,8.994],"texture":"#5"},"up":{"uv":[6,4,13.996,4.993],"rotation":270,"texture":"#5"},"down":{"uv":[6,4,13.996,8.994],"rotation":90,"texture":"#5"}}},{"from":[8.25,9.5,5.8],"to":[8.75,12,9.2],"rotation":{"angle":45,"axis":"y","origin":[8.5,10.75,7.5]},"faces":{"north":{"uv":[6,4,6.996,8.993],"texture":"#5"},"east":{"uv":[6,4,13.996,8.994],"texture":"#5"},"south":{"uv":[12.996,4,13.995,8.993],"texture":"#5"},"west":{"uv":[6,4,13.996,8.994],"texture":"#5"},"up":{"uv":[6,4,13.996,4.993],"rotation":270,"texture":"#5"},"down":{"uv":[6,4,13.996,8.994],"rotation":90,"texture":"#5"}}},{"from":[8.25,9.5,5.8],"to":[8.75,12,9.2],"rotation":{"angle":-45,"axis":"y","origin":[8.5,10.75,7.5]},"faces":{"north":{"uv":[6,4,6.996,8.993],"texture":"#5"},"east":{"uv":[6,4,13.996,8.994],"texture":"#5"},"south":{"uv":[12.996,4,13.995,8.993],"texture":"#5"},"west":{"uv":[6,4,13.996,8.994],"texture":"#5"},"up":{"uv":[6,4,13.996,4.993],"rotation":270,"texture":"#5"},"down":{"uv":[6,4,13.996,8.994],"rotation":90,"texture":"#5"}}},{"from":[5.5,10,7.375],"to":[11.5,10.5,7.625],"rotation":{"angle":0,"axis":"y","origin":[8.5,10.25,7.5]},"faces":{"north":{"uv":[2,11,13.996,11.995],"texture":"#5"},"east":{"uv":[2,11,2.995,11.999],"texture":"#5"},"south":{"uv":[2,11,13.996,11.995],"texture":"#5"},"west":{"uv":[12.996,10.994,13.995,11.994],"texture":"#5"},"up":{"uv":[2,11,13.996,11.995],"texture":"#5"},"down":{"uv":[2,11,13.996,11.995],"texture":"#5"}}},{"from":[8.375,10,4.5],"to":[8.625,10.5,10.5],"rotation":{"angle":0,"axis":"y","origin":[8.5,10.75,7.5]},"faces":{"north":{"uv":[2,11,2.995,11.999],"texture":"#5"},"east":{"uv":[2,11,13.996,11.995],"texture":"#5"},"south":{"uv":[12.996,10.994,13.995,11.994],"texture":"#5"},"west":{"uv":[2,11,13.996,11.995],"texture":"#5"},"up":{"uv":[2,11,13.996,11.995],"rotation":270,"texture":"#5"},"down":{"uv":[2,11,13.996,11.995],"rotation":90,"texture":"#5"}}},{"from":[8.375,10,4.5],"to":[8.625,10.5,10.5],"rotation":{"angle":45,"axis":"y","origin":[8.5,10.75,7.5]},"faces":{"north":{"uv":[2,11,2.995,11.999],"texture":"#5"},"east":{"uv":[2,11,13.996,11.995],"texture":"#5"},"south":{"uv":[12.996,10.994,13.995,11.994],"texture":"#5"},"west":{"uv":[2,11,13.996,11.995],"texture":"#5"},"up":{"uv":[2,11,13.996,11.995],"rotation":270,"texture":"#5"},"down":{"uv":[2,11,13.996,11.995],"rotation":90,"texture":"#5"}}},{"from":[8.375,10,4.5],"to":[8.625,10.5,10.5],"rotation":{"angle":-45,"axis":"y","origin":[8.5,10.75,7.5]},"faces":{"north":{"uv":[2,11,2.995,11.999],"texture":"#5"},"east":{"uv":[2,11,13.996,11.995],"texture":"#5"},"south":{"uv":[12.996,10.994,13.995,11.994],"texture":"#5"},"west":{"uv":[2,11,13.996,11.995],"texture":"#5"},"up":{"uv":[2,11,13.996,11.995],"rotation":270,"texture":"#5"},"down":{"uv":[2,11,13.996,11.995],"rotation":90,"texture":"#5"}}},{"from":[6.5,9,7.375],"to":[10.5,9.5,7.625],"rotation":{"angle":0,"axis":"y","origin":[8.5,9.25,7.5]},"faces":{"north":{"uv":[2,4,8.996,4.994],"texture":"#5"},"east":{"uv":[2,4,2.995,4.994],"texture":"#5"},"south":{"uv":[2,4,8.996,4.994],"texture":"#5"},"west":{"uv":[7.995,3.994,8.995,4.994],"texture":"#5"},"up":{"uv":[2,4,8.996,4.994],"texture":"#5"},"down":{"uv":[2,4,8.996,4.994],"texture":"#5"}}},{"from":[8.375,9,5.5],"to":[8.625,9.5,9.5],"rotation":{"angle":0,"axis":"y","origin":[8.5,10.75,7.5]},"faces":{"north":{"uv":[2,4,2.995,4.994],"texture":"#5"},"east":{"uv":[2,4,8.996,4.994],"texture":"#5"},"south":{"uv":[7.995,3.994,8.995,4.994],"texture":"#5"},"west":{"uv":[2,4,8.996,4.994],"texture":"#5"},"up":{"uv":[2,4,8.996,4.994],"rotation":270,"texture":"#5"},"down":{"uv":[2,4,8.996,4.994],"rotation":90,"texture":"#5"}}},{"from":[8.375,9,5.5],"to":[8.625,9.5,9.5],"rotation":{"angle":45,"axis":"y","origin":[8.5,10.75,7.5]},"faces":{"north":{"uv":[2,4,2.995,4.994],"texture":"#5"},"east":{"uv":[2,4,8.996,4.994],"texture":"#5"},"south":{"uv":[7.995,3.994,8.995,4.994],"texture":"#5"},"west":{"uv":[2,4,8.996,4.994],"texture":"#5"},"up":{"uv":[2,4,8.996,4.994],"rotation":270,"texture":"#5"},"down":{"uv":[2,4,8.996,4.994],"rotation":90,"texture":"#5"}}},{"from":[8.375,9,5.5],"to":[8.625,9.5,9.5],"rotation":{"angle":-45,"axis":"y","origin":[8.5,10.75,7.5]},"faces":{"north":{"uv":[2,4,2.995,4.994],"texture":"#5"},"east":{"uv":[2,4,8.996,4.994],"texture":"#5"},"south":{"uv":[7.995,3.994,8.995,4.994],"texture":"#5"},"west":{"uv":[2,4,8.996,4.994],"texture":"#5"},"up":{"uv":[2,4,8.996,4.994],"rotation":270,"texture":"#5"},"down":{"uv":[2,4,8.996,4.994],"rotation":90,"texture":"#5"}}},{"from":[6.5,8,7.375],"to":[10.5,8.5,7.625],"rotation":{"angle":0,"axis":"y","origin":[8.5,8.25,7.5]},"faces":{"north":{"uv":[0,5,11.996,5.995],"texture":"#5"},"east":{"uv":[0,5,0.996,5.995],"texture":"#5"},"south":{"uv":[0,5,11.996,5.995],"texture":"#5"},"west":{"uv":[11,5,11.995,5.995],"texture":"#5"},"up":{"uv":[0,5,11.996,5.995],"texture":"#5"},"down":{"uv":[0,5,11.996,5.995],"texture":"#5"}}},{"from":[8.375,8,5.5],"to":[8.625,8.5,9.5],"rotation":{"angle":0,"axis":"y","origin":[8.5,10.75,7.5]},"faces":{"north":{"uv":[0,5,0.996,5.995],"texture":"#5"},"east":{"uv":[0,5,11.996,5.995],"texture":"#5"},"south":{"uv":[11,5,11.995,5.995],"texture":"#5"},"west":{"uv":[0,5,11.996,5.995],"texture":"#5"},"up":{"uv":[0,5,11.996,5.995],"rotation":270,"texture":"#5"},"down":{"uv":[0,5,11.996,5.995],"rotation":90,"texture":"#5"}}},{"from":[8.375,8,5.5],"to":[8.625,8.5,9.5],"rotation":{"angle":45,"axis":"y","origin":[8.5,10.75,7.5]},"faces":{"north":{"uv":[0,5,0.996,5.995],"texture":"#5"},"east":{"uv":[0,5,11.996,5.995],"texture":"#5"},"south":{"uv":[11,5,11.995,5.995],"texture":"#5"},"west":{"uv":[0,5,11.996,5.995],"texture":"#5"},"up":{"uv":[0,5,11.996,5.995],"rotation":270,"texture":"#5"},"down":{"uv":[0,5,11.996,5.995],"rotation":90,"texture":"#5"}}},{"from":[8.375,8,5.5],"to":[8.625,8.5,9.5],"rotation":{"angle":-45,"axis":"y","origin":[8.5,10.75,7.5]},"faces":{"north":{"uv":[0,5,0.996,5.995],"texture":"#5"},"east":{"uv":[0,5,11.996,5.995],"texture":"#5"},"south":{"uv":[11,5,11.995,5.995],"texture":"#5"},"west":{"uv":[0,5,11.996,5.995],"texture":"#5"},"up":{"uv":[0,5,11.996,5.995],"rotation":270,"texture":"#5"},"down":{"uv":[0,5,11.996,5.995],"rotation":90,"texture":"#5"}}},{"from":[6.5,11,7.375],"to":[10.5,11.5,7.625],"rotation":{"angle":0,"axis":"y","origin":[8.5,11.25,7.5]},"faces":{"north":{"uv":[3,6,11.996,6.995],"texture":"#5"},"east":{"uv":[10.996,5.995,11.995,6.994],"texture":"#5"},"south":{"uv":[3,6,11.996,6.995],"texture":"#5"},"west":{"uv":[3,6,3.996,6.995],"texture":"#5"},"up":{"uv":[3,6,11.996,6.995],"texture":"#5"},"down":{"uv":[3,6,11.996,6.995],"texture":"#5"}}},{"from":[8.375,11,5.5],"to":[8.625,11.5,9.5],"rotation":{"angle":0,"axis":"y","origin":[8.5,10.75,7.5]},"faces":{"north":{"uv":[10.996,5.995,11.995,6.994],"texture":"#5"},"east":{"uv":[3,6,11.996,6.995],"texture":"#5"},"south":{"uv":[3,6,3.996,6.995],"texture":"#5"},"west":{"uv":[3,6,11.996,6.995],"texture":"#5"},"up":{"uv":[3,6,11.996,6.995],"rotation":270,"texture":"#5"},"down":{"uv":[3,6,11.996,6.995],"rotation":90,"texture":"#5"}}},{"from":[8.375,11,5.5],"to":[8.625,11.5,9.5],"rotation":{"angle":45,"axis":"y","origin":[8.5,10.75,7.5]},"faces":{"north":{"uv":[10.996,5.995,11.995,6.994],"texture":"#5"},"east":{"uv":[3,6,11.996,6.995],"texture":"#5"},"south":{"uv":[3,6,3.996,6.995],"texture":"#5"},"west":{"uv":[3,6,11.996,6.995],"texture":"#5"},"up":{"uv":[3,6,11.996,6.995],"rotation":270,"texture":"#5"},"down":{"uv":[3,6,11.996,6.995],"rotation":90,"texture":"#5"}}},{"from":[8.375,11,5.5],"to":[8.625,11.5,9.5],"rotation":{"angle":-45,"axis":"y","origin":[8.5,10.75,7.5]},"faces":{"north":{"uv":[10.996,5.995,11.995,6.994],"texture":"#5"},"east":{"uv":[3,6,11.996,6.995],"texture":"#5"},"south":{"uv":[3,6,3.996,6.995],"texture":"#5"},"west":{"uv":[3,6,11.996,6.995],"texture":"#5"},"up":{"uv":[3,6,11.996,6.995],"rotation":270,"texture":"#5"},"down":{"uv":[3,6,11.996,6.995],"rotation":90,"texture":"#5"}}},{"from":[5.75,10.5,7.375],"to":[11.25,11,7.625],"rotation":{"angle":0,"axis":"y","origin":[8.5,10.25,7.5]},"faces":{"north":{"uv":[3,3,12.996,3.995],"texture":"#5"},"east":{"uv":[3,3,3.995,3.995],"texture":"#5"},"south":{"uv":[3,3,12.996,3.995],"texture":"#5"},"west":{"uv":[11.995,2.995,12.995,3.994],"texture":"#5"},"up":{"uv":[3,3,12.996,3.995],"texture":"#5"},"down":{"uv":[3,3,12.996,3.995],"texture":"#5"}}},{"from":[8.375,10.5,4.75],"to":[8.625,11,10.25],"rotation":{"angle":0,"axis":"y","origin":[8.5,10.75,7.5]},"faces":{"north":{"uv":[3,3,3.995,3.995],"texture":"#5"},"east":{"uv":[3,3,12.996,3.995],"texture":"#5"},"south":{"uv":[11.995,2.995,12.995,3.994],"texture":"#5"},"west":{"uv":[3,3,12.996,3.995],"texture":"#5"},"up":{"uv":[3,3,12.996,3.995],"rotation":270,"texture":"#5"},"down":{"uv":[3,3,12.996,3.995],"rotation":90,"texture":"#5"}}},{"from":[8.375,10.5,4.75],"to":[8.625,11,10.25],"rotation":{"angle":45,"axis":"y","origin":[8.5,10.75,7.5]},"faces":{"north":{"uv":[3,3,3.995,3.995],"texture":"#5"},"east":{"uv":[3,3,12.996,3.995],"texture":"#5"},"south":{"uv":[11.995,2.995,12.995,3.994],"texture":"#5"},"west":{"uv":[3,3,12.996,3.995],"texture":"#5"},"up":{"uv":[3,3,12.996,3.995],"rotation":270,"texture":"#5"},"down":{"uv":[3,3,12.996,3.995],"rotation":90,"texture":"#5"}}},{"from":[8.375,10.5,4.75],"to":[8.625,11,10.25],"rotation":{"angle":-45,"axis":"y","origin":[8.5,10.75,7.5]},"faces":{"north":{"uv":[3,3,3.995,3.995],"texture":"#5"},"east":{"uv":[3,3,12.996,3.995],"texture":"#5"},"south":{"uv":[11.995,2.995,12.995,3.994],"texture":"#5"},"west":{"uv":[3,3,12.996,3.995],"texture":"#5"},"up":{"uv":[3,3,12.996,3.995],"rotation":270,"texture":"#5"},"down":{"uv":[3,3,12.996,3.995],"rotation":90,"texture":"#5"}}},{"from":[5.875,9.5,7.375],"to":[11.125,10,7.625],"rotation":{"angle":0,"axis":"y","origin":[8.5,9.25,7.5]},"faces":{"north":{"uv":[0,8,0.997,8.995],"texture":"#5"},"east":{"uv":[0,8,0.997,8.995],"texture":"#5"},"south":{"uv":[0,8,0.997,8.995],"texture":"#5"},"west":{"uv":[0,8,0.997,8.995],"texture":"#5"},"up":{"uv":[0,8,0.997,8.995],"texture":"#5"},"down":{"uv":[0,8,0.997,8.995],"texture":"#5"}}},{"from":[8.375,9.5,4.875],"to":[8.625,10,10.125],"rotation":{"angle":0,"axis":"y","origin":[8.5,10.75,7.5]},"faces":{"north":{"uv":[0,8,0.997,8.995],"texture":"#5"},"east":{"uv":[0,8,0.997,8.995],"texture":"#5"},"south":{"uv":[0,8,0.997,8.995],"texture":"#5"},"west":{"uv":[0,8,0.997,8.995],"texture":"#5"},"up":{"uv":[0,8,0.997,8.995],"rotation":270,"texture":"#5"},"down":{"uv":[0,8,0.997,8.995],"rotation":90,"texture":"#5"}}},{"from":[8.375,9.5,4.875],"to":[8.625,10,10.125],"rotation":{"angle":45,"axis":"y","origin":[8.5,10.75,7.5]},"faces":{"north":{"uv":[0,8,0.997,8.995],"texture":"#5"},"east":{"uv":[0,8,0.997,8.995],"texture":"#5"},"south":{"uv":[0,8,0.997,8.995],"texture":"#5"},"west":{"uv":[0,8,0.997,8.995],"texture":"#5"},"up":{"uv":[0,8,0.997,8.995],"rotation":270,"texture":"#5"},"down":{"uv":[0,8,0.997,8.995],"rotation":90,"texture":"#5"}}},{"from":[8.375,9.5,4.875],"to":[8.625,10,10.125],"rotation":{"angle":-45,"axis":"y","origin":[8.5,10.75,7.5]},"faces":{"north":{"uv":[0,8,0.997,8.995],"texture":"#5"},"east":{"uv":[0,8,0.997,8.995],"texture":"#5"},"south":{"uv":[0,8,0.997,8.995],"texture":"#5"},"west":{"uv":[0,8,0.997,8.995],"texture":"#5"},"up":{"uv":[0,8,0.997,8.995],"rotation":270,"texture":"#5"},"down":{"uv":[0,8,0.997,8.995],"rotation":90,"texture":"#5"}}},{"from":[7,8.5,7.375],"to":[10,9,7.625],"rotation":{"angle":0,"axis":"y","origin":[8.5,8.75,7.5]},"faces":{"north":{"uv":[0,8,0.997,8.995],"texture":"#5"},"east":{"uv":[0,8,0.997,8.995],"texture":"#5"},"south":{"uv":[0,8,0.997,8.995],"texture":"#5"},"west":{"uv":[0,8,0.997,8.995],"texture":"#5"},"up":{"uv":[0,8,0.997,8.995],"texture":"#5"},"down":{"uv":[0,8,0.997,8.995],"texture":"#5"}}},{"from":[8.375,8.5,6],"to":[8.625,9,9],"rotation":{"angle":0,"axis":"y","origin":[8.5,10.75,7.5]},"faces":{"north":{"uv":[0,8,0.997,8.995],"texture":"#5"},"east":{"uv":[0,8,0.997,8.995],"texture":"#5"},"south":{"uv":[0,8,0.997,8.995],"texture":"#5"},"west":{"uv":[0,8,0.997,8.995],"texture":"#5"},"up":{"uv":[0,8,0.997,8.995],"rotation":270,"texture":"#5"},"down":{"uv":[0,8,0.997,8.995],"rotation":90,"texture":"#5"}}},{"from":[8.375,8.5,6],"to":[8.625,9,9],"rotation":{"angle":45,"axis":"y","origin":[8.5,10.75,7.5]},"faces":{"north":{"uv":[0,8,0.997,8.995],"texture":"#5"},"east":{"uv":[0,8,0.997,8.995],"texture":"#5"},"south":{"uv":[0,8,0.997,8.995],"texture":"#5"},"west":{"uv":[0,8,0.997,8.995],"texture":"#5"},"up":{"uv":[0,8,0.997,8.995],"rotation":270,"texture":"#5"},"down":{"uv":[0,8,0.997,8.995],"rotation":90,"texture":"#5"}}},{"from":[8.375,8.5,6],"to":[8.625,9,9],"rotation":{"angle":-45,"axis":"y","origin":[8.5,10.75,7.5]},"faces":{"north":{"uv":[0,8,0.997,8.995],"texture":"#5"},"east":{"uv":[0,8,0.997,8.995],"texture":"#5"},"south":{"uv":[0,8,0.997,8.995],"texture":"#5"},"west":{"uv":[0,8,0.997,8.995],"texture":"#5"},"up":{"uv":[0,8,0.997,8.995],"rotation":270,"texture":"#5"},"down":{"uv":[0,8,0.997,8.995],"rotation":90,"texture":"#5"}}},{"from":[7,7.5,7.375],"to":[10,8,7.625],"rotation":{"angle":0,"axis":"y","origin":[8.5,7.75,7.5]},"faces":{"north":{"uv":[0,8,0.997,8.995],"texture":"#5"},"east":{"uv":[0,8,0.997,8.995],"texture":"#5"},"south":{"uv":[0,8,0.997,8.995],"texture":"#5"},"west":{"uv":[0,8,0.997,8.995],"texture":"#5"},"up":{"uv":[0,8,0.997,8.995],"texture":"#5"},"down":{"uv":[0,8,0.997,8.995],"texture":"#5"}}},{"from":[8.375,7.5,6],"to":[8.625,8,9],"rotation":{"angle":0,"axis":"y","origin":[8.5,10.75,7.5]},"faces":{"north":{"uv":[0,8,0.997,8.995],"texture":"#5"},"east":{"uv":[0,8,0.997,8.995],"texture":"#5"},"south":{"uv":[0,8,0.997,8.995],"texture":"#5"},"west":{"uv":[0,8,0.997,8.995],"texture":"#5"},"up":{"uv":[0,8,0.997,8.995],"rotation":270,"texture":"#5"},"down":{"uv":[0,8,0.997,8.995],"rotation":90,"texture":"#5"}}},{"from":[8.375,7.5,6],"to":[8.625,8,9],"rotation":{"angle":45,"axis":"y","origin":[8.5,10.75,7.5]},"faces":{"north":{"uv":[0,8,0.997,8.995],"texture":"#5"},"east":{"uv":[0,8,0.997,8.995],"texture":"#5"},"south":{"uv":[0,8,0.997,8.995],"texture":"#5"},"west":{"uv":[0,8,0.997,8.995],"texture":"#5"},"up":{"uv":[0,8,0.997,8.995],"rotation":270,"texture":"#5"},"down":{"uv":[0,8,0.997,8.995],"rotation":90,"texture":"#5"}}},{"from":[8.375,7.5,6],"to":[8.625,8,9],"rotation":{"angle":-45,"axis":"y","origin":[8.5,10.75,7.5]},"faces":{"north":{"uv":[0,8,0.997,8.995],"texture":"#5"},"east":{"uv":[0,8,0.997,8.995],"texture":"#5"},"south":{"uv":[0,8,0.997,8.995],"texture":"#5"},"west":{"uv":[0,8,0.997,8.995],"texture":"#5"},"up":{"uv":[0,8,0.997,8.995],"rotation":270,"texture":"#5"},"down":{"uv":[0,8,0.997,8.995],"rotation":90,"texture":"#5"}}},{"from":[7.25,7,7.25],"to":[9.75,9.5,7.75],"rotation":{"angle":0,"axis":"y","origin":[8.5,9.25,7.5]},"faces":{"north":{"uv":[6,6,9.996,11.994],"texture":"#5"},"east":{"uv":[6,9,6.995,11.995],"texture":"#5"},"south":{"uv":[6,6,9.996,11.995],"texture":"#5"},"west":{"uv":[8.995,9,9.995,11.995],"texture":"#5"},"up":{"uv":[6,9,9.996,11.995],"texture":"#5"},"down":{"uv":[5,10.994,9.995,11.994],"texture":"#5"}}},{"from":[8.25,7,6.25],"to":[8.75,9.5,8.75],"rotation":{"angle":0,"axis":"y","origin":[8.5,10.75,7.5]},"faces":{"north":{"uv":[6,9,6.995,11.995],"texture":"#5"},"east":{"uv":[6,6,9.996,11.995],"texture":"#5"},"south":{"uv":[8.995,9,9.995,11.995],"texture":"#5"},"west":{"uv":[6,6,9.996,11.994],"texture":"#5"},"up":{"uv":[6,9,9.996,11.995],"rotation":270,"texture":"#5"},"down":{"uv":[5,10.994,9.995,11.994],"rotation":90,"texture":"#5"}}},{"from":[8.25,7,6.25],"to":[8.75,9.5,8.75],"rotation":{"angle":45,"axis":"y","origin":[8.5,10.75,7.5]},"faces":{"north":{"uv":[6,9,6.995,11.995],"texture":"#5"},"east":{"uv":[6,6,9.996,11.995],"texture":"#5"},"south":{"uv":[8.995,9,9.995,11.995],"texture":"#5"},"west":{"uv":[6,6,9.996,11.994],"texture":"#5"},"up":{"uv":[6,9,9.996,11.995],"rotation":270,"texture":"#5"},"down":{"uv":[5,10.994,9.995,11.994],"rotation":90,"texture":"#5"}}},{"from":[8.25,7,6.25],"to":[8.75,9.5,8.75],"rotation":{"angle":-45,"axis":"y","origin":[8.5,10.75,7.5]},"faces":{"north":{"uv":[6,9,6.995,11.995],"texture":"#5"},"east":{"uv":[6,6,9.996,11.995],"texture":"#5"},"south":{"uv":[8.995,9,9.995,11.995],"texture":"#5"},"west":{"uv":[6,6,9.996,11.994],"texture":"#5"},"up":{"uv":[6,9,9.996,11.995],"rotation":270,"texture":"#5"},"down":{"uv":[5,10.994,9.995,11.994],"rotation":90,"texture":"#5"}}},{"from":[8.075,-1.925,7.075],"to":[8.925,3.925,7.925],"rotation":{"angle":0,"axis":"y","origin":[8.5,1,7.5]},"faces":{"north":{"uv":[0,0,16,16],"texture":"#2"},"east":{"uv":[0,0,16,16],"texture":"#2"},"south":{"uv":[0,0,16,16],"texture":"#2"},"west":{"uv":[0,0,16,16],"texture":"#2"},"up":{"uv":[0,0,16,16],"texture":"#2"},"down":{"uv":[0,0,16,16],"texture":"#2"}}},{"from":[7.96,12.5,6.96],"to":[9.04,13.08,8.04],"rotation":{"angle":0,"axis":"y","origin":[8.5,12.79,7.5]},"faces":{"north":{"uv":[0,0,16,16],"texture":"#3"},"east":{"uv":[0,0,16,16],"texture":"#3"},"south":{"uv":[0,0,16,16],"texture":"#3"},"west":{"uv":[0,0,16,16],"texture":"#3"},"up":{"uv":[0,0,16,16],"texture":"#3"},"down":{"uv":[0,0,16,16],"texture":"#3"}}},{"from":[7.96,3,6.96],"to":[9.04,3.58,8.04],"rotation":{"angle":0,"axis":"y","origin":[8.5,2.79,7.5]},"faces":{"north":{"uv":[0,0,16,16],"texture":"#3"},"east":{"uv":[0,0,16,16],"texture":"#3"},"south":{"uv":[0,0,16,16],"texture":"#3"},"west":{"uv":[0,0,16,16],"texture":"#3"},"up":{"uv":[0,0,16,16],"texture":"#3"},"down":{"uv":[0,0,16,16],"texture":"#3"}}},{"from":[7.96,-2,6.96],"to":[9.04,-1.42,8.04],"rotation":{"angle":0,"axis":"y","origin":[8.5,-2.21,7.5]},"faces":{"north":{"uv":[0,0,16,16],"texture":"#3"},"east":{"uv":[0,0,16,16],"texture":"#3"},"south":{"uv":[0,0,16,16],"texture":"#3"},"west":{"uv":[0,0,16,16],"texture":"#3"},"up":{"uv":[0,0,16,16],"texture":"#3"},"down":{"uv":[0,0,16,16],"texture":"#3"}}}],"display":{"thirdperson_righthand":{"translation":[-1.25,8.5,2],"scale":[1.5,1.5,1.5]},"thirdperson_lefthand":{"translation":[0.25,8.5,2],"scale":[1.5,1.5,1.5]},"firstperson_righthand":{"rotation":[-5,0,0],"translation":[2.75,7.5,-1],"scale":[1.5,1.5,1.5]},"firstperson_lefthand":{"rotation":[-5,0,0],"translation":[2.75,7.5,-1],"scale":[1.5,1.5,1.5]},"ground":{"translation":[0,11.5,0],"scale":[1.5,1.5,1.5]},"gui":{"rotation":[-45,-41,-62],"translation":[1.5,4,0],"scale":[1.3,1.3,1.3]},"head":{"rotation":[-80,0,0],"translation":[-0.25,9.75,0],"scale":[1.5,-1.5,1.5]},"fixed":{"rotation":[0,90,0],"translation":[1,6,-0.5],"scale":[1.5,1.5,1.5]}}}