{"credit":"Made with Blockbench","textures":{"2":"spartanweaponry:costum/texturedasteaxess","3":"spartanweaponry:costum/raddadste","4":"spartanweaponry:costum/flanged_mace_lead","particle":"spartanweaponry:costum/texturedasteaxess"},"elements":[{"from":[8,-2,7],"to":[9,-1.5,8],"rotation":{"angle":0,"axis":"y","origin":[8.5,-2.75,7.5]},"faces":{"north":{"uv":[0,0,16,16],"texture":"#3"},"east":{"uv":[0,0,16,16],"texture":"#3"},"south":{"uv":[0,0,16,16],"texture":"#3"},"west":{"uv":[0,0,16,16],"texture":"#3"},"up":{"uv":[0,0,16,16],"texture":"#3"},"down":{"uv":[0,0,16,16],"texture":"#3"}}},{"from":[8,3,7],"to":[9,12.5,8],"rotation":{"angle":0,"axis":"y","origin":[8.5,7.25,7.5]},"faces":{"north":{"uv":[0,0,16,16],"texture":"#3"},"east":{"uv":[0,0,16,16],"texture":"#3"},"south":{"uv":[0,0,16,16],"texture":"#3"},"west":{"uv":[0,0,16,16],"texture":"#3"},"up":{"uv":[0,0,16,16],"texture":"#3"},"down":{"uv":[0,0,16,16],"texture":"#3"}}},{"from":[7.9,6,7.25],"to":[9.1,6.5,7.75],"rotation":{"angle":45,"axis":"x","origin":[8.5,6.25,7.5]},"faces":{"north":{"uv":[10.1,4.1,10.9,4.9],"texture":"#4"},"east":{"uv":[10.1,4.1,10.9,4.9],"texture":"#4"},"south":{"uv":[10.1,4.1,10.9,4.9],"texture":"#4"},"west":{"uv":[10.1,4.1,10.9,4.9],"texture":"#4"},"up":{"uv":[10.1,4.1,10.9,4.9],"texture":"#4"},"down":{"uv":[10.1,4.1,10.9,4.9],"texture":"#4"}}},{"from":[7.9,5,7.25],"to":[9.1,5.5,7.75],"rotation":{"angle":45,"axis":"x","origin":[8.5,5.25,7.5]},"faces":{"north":{"uv":[10.1,4.1,10.9,4.9],"texture":"#4"},"east":{"uv":[10.1,4.1,10.9,4.9],"texture":"#4"},"south":{"uv":[10.1,4.1,10.9,4.9],"texture":"#4"},"west":{"uv":[10.1,4.1,10.9,4.9],"texture":"#4"},"up":{"uv":[10.1,4.1,10.9,4.9],"texture":"#4"},"down":{"uv":[10.1,4.1,10.9,4.9],"texture":"#4"}}},{"from":[7.9,4,7.25],"to":[9.1,4.5,7.75],"rotation":{"angle":45,"axis":"x","origin":[8.5,4.25,7.5]},"faces":{"north":{"uv":[10.1,4.1,10.9,4.9],"texture":"#4"},"east":{"uv":[10.1,4.1,10.9,4.9],"texture":"#4"},"south":{"uv":[10.1,4.1,10.9,4.9],"texture":"#4"},"west":{"uv":[10.1,4.1,10.9,4.9],"texture":"#4"},"up":{"uv":[10.1,4.1,10.9,4.9],"texture":"#4"},"down":{"uv":[10.1,4.1,10.9,4.9],"texture":"#4"}}},{"from":[7.9,-2.6,6.9],"to":[9.1,-1.9,8.1],"rotation":{"angle":0,"axis":"y","origin":[8.5,-2.25,7.5]},"faces":{"north":{"uv":[12,2,12.998,3.999],"texture":"#4"},"east":{"uv":[12,2,12.998,3.999],"texture":"#4"},"south":{"uv":[12,2,12.998,3.999],"texture":"#4"},"west":{"uv":[12,2,12.998,3.999],"texture":"#4"},"up":{"uv":[12,2,12.998,2.999],"texture":"#4"},"down":{"uv":[11.998,2.999,12.997,3.998],"texture":"#4"}}},{"from":[7.9,8,6.9],"to":[9.1,8.5,8.1],"rotation":{"angle":0,"axis":"y","origin":[8.5,8.25,7.5]},"faces":{"north":{"uv":[12.1,3.1,12.9,3.9],"texture":"#4"},"east":{"uv":[12.1,3.1,12.9,3.9],"texture":"#4"},"south":{"uv":[12.1,3.1,12.9,3.9],"texture":"#4"},"west":{"uv":[12.1,3.1,12.9,3.9],"texture":"#4"},"up":{"uv":[12.1,3.1,12.9,3.9],"texture":"#4"},"down":{"uv":[12.1,3.1,12.9,3.9],"texture":"#4"}}},{"from":[7.9,7,6.9],"to":[9.1,7.5,8.1],"rotation":{"angle":0,"axis":"y","origin":[8.5,7.25,7.5]},"faces":{"north":{"uv":[12.1,3.1,12.9,3.9],"texture":"#4"},"east":{"uv":[12.1,3.1,12.9,3.9],"texture":"#4"},"south":{"uv":[12.1,3.1,12.9,3.9],"texture":"#4"},"west":{"uv":[12.1,3.1,12.9,3.9],"texture":"#4"},"up":{"uv":[12.1,3.1,12.9,3.9],"texture":"#4"},"down":{"uv":[12.1,3.1,12.9,3.9],"texture":"#4"}}},{"from":[7.8,8.5,6.8],"to":[9.2,12,8.2],"rotation":{"angle":0,"axis":"y","origin":[8.5,10.25,7.5]},"faces":{"north":{"uv":[12.1,3.1,12.9,3.9],"texture":"#4"},"east":{"uv":[12.1,3.1,12.9,3.9],"texture":"#4"},"south":{"uv":[12.1,3.1,12.9,3.9],"texture":"#4"},"west":{"uv":[12.1,3.1,12.9,3.9],"texture":"#4"},"up":{"uv":[12.1,3.1,12.9,3.9],"texture":"#4"},"down":{"uv":[12.1,3.1,12.9,3.9],"texture":"#4"}}},{"from":[7.8,7.5,6.8],"to":[9.2,11,8.2],"rotation":{"angle":0,"axis":"y","origin":[8.5,9.25,7.5]},"faces":{"north":{"uv":[12.1,3.1,12.9,3.9],"texture":"#4"},"east":{"uv":[12.1,3.1,12.9,3.9],"texture":"#4"},"south":{"uv":[12.1,3.1,12.9,3.9],"texture":"#4"},"west":{"uv":[12.1,3.1,12.9,3.9],"texture":"#4"},"up":{"uv":[12.1,3.1,12.9,3.9],"texture":"#4"},"down":{"uv":[12.1,3.1,12.9,3.9],"texture":"#4"}}},{"from":[6.8,9.5,7.25],"to":[10.2,12,7.75],"rotation":{"angle":0,"axis":"y","origin":[8.5,10.75,7.5]},"faces":{"north":{"uv":[12.1,3.1,12.9,3.9],"texture":"#4"},"east":{"uv":[12.1,3.1,12.9,3.9],"texture":"#4"},"south":{"uv":[12.1,3.1,12.9,3.9],"texture":"#4"},"west":{"uv":[12.1,3.1,12.9,3.9],"texture":"#4"},"up":{"uv":[12.1,3.1,12.9,3.9],"texture":"#4"},"down":{"uv":[12.1,3.1,12.9,3.9],"texture":"#4"}}},{"from":[8.25,9.5,5.8],"to":[8.75,12,9.2],"rotation":{"angle":0,"axis":"y","origin":[8.5,10.75,7.5]},"faces":{"north":{"uv":[12.1,3.1,12.9,3.9],"texture":"#4"},"east":{"uv":[12.1,3.1,12.9,3.9],"texture":"#4"},"south":{"uv":[12.1,3.1,12.9,3.9],"texture":"#4"},"west":{"uv":[12.1,3.1,12.9,3.9],"texture":"#4"},"up":{"uv":[12.1,3.1,12.9,3.9],"texture":"#4"},"down":{"uv":[12.1,3.1,12.9,3.9],"texture":"#4"}}},{"from":[8.25,9.5,5.8],"to":[8.75,12,9.2],"rotation":{"angle":45,"axis":"y","origin":[8.5,10.75,7.5]},"faces":{"north":{"uv":[12.1,3.1,12.9,3.9],"texture":"#4"},"east":{"uv":[12.1,3.1,12.9,3.9],"texture":"#4"},"south":{"uv":[12.1,3.1,12.9,3.9],"texture":"#4"},"west":{"uv":[12.1,3.1,12.9,3.9],"texture":"#4"},"up":{"uv":[12.1,3.1,12.9,3.9],"texture":"#4"},"down":{"uv":[12.1,3.1,12.9,3.9],"texture":"#4"}}},{"from":[8.25,9.5,5.8],"to":[8.75,12,9.2],"rotation":{"angle":-45,"axis":"y","origin":[8.5,10.75,7.5]},"faces":{"north":{"uv":[12.1,3.1,12.9,3.9],"texture":"#4"},"east":{"uv":[12.1,3.1,12.9,3.9],"texture":"#4"},"south":{"uv":[12.1,3.1,12.9,3.9],"texture":"#4"},"west":{"uv":[12.1,3.1,12.9,3.9],"texture":"#4"},"up":{"uv":[12.1,3.1,12.9,3.9],"texture":"#4"},"down":{"uv":[12.1,3.1,12.9,3.9],"texture":"#4"}}},{"from":[5.5,10,7.375],"to":[11.5,10.5,7.625],"rotation":{"angle":0,"axis":"y","origin":[8.5,10.25,7.5]},"faces":{"north":{"uv":[12.1,3.1,12.9,3.9],"texture":"#4"},"east":{"uv":[12.1,3.1,12.9,3.9],"texture":"#4"},"south":{"uv":[12.1,3.1,12.9,3.9],"texture":"#4"},"west":{"uv":[12.1,3.1,12.9,3.9],"texture":"#4"},"up":{"uv":[12.1,3.1,12.9,3.9],"texture":"#4"},"down":{"uv":[12.1,3.1,12.9,3.9],"texture":"#4"}}},{"from":[8.375,10,4.5],"to":[8.625,10.5,10.5],"rotation":{"angle":0,"axis":"y","origin":[8.5,10,7.5]},"faces":{"north":{"uv":[12.1,3.1,12.9,3.9],"texture":"#4"},"east":{"uv":[12.1,3.1,12.9,3.9],"texture":"#4"},"south":{"uv":[12.1,3.1,12.9,3.9],"texture":"#4"},"west":{"uv":[12.1,3.1,12.9,3.9],"texture":"#4"},"up":{"uv":[12.1,3.1,12.9,3.9],"texture":"#4"},"down":{"uv":[12.1,3.1,12.9,3.9],"texture":"#4"}}},{"from":[8.375,10,4.5],"to":[8.625,10.5,10.5],"rotation":{"angle":45,"axis":"y","origin":[8.5,10,7.5]},"faces":{"north":{"uv":[12.1,3.1,12.9,3.9],"texture":"#4"},"east":{"uv":[12.1,3.1,12.9,3.9],"texture":"#4"},"south":{"uv":[12.1,3.1,12.9,3.9],"texture":"#4"},"west":{"uv":[12.1,3.1,12.9,3.9],"texture":"#4"},"up":{"uv":[12.1,3.1,12.9,3.9],"texture":"#4"},"down":{"uv":[12.1,3.1,12.9,3.9],"texture":"#4"}}},{"from":[8.375,10,4.5],"to":[8.625,10.5,10.5],"rotation":{"angle":-45,"axis":"y","origin":[8.5,10,7.5]},"faces":{"north":{"uv":[12.1,3.1,12.9,3.9],"texture":"#4"},"east":{"uv":[12.1,3.1,12.9,3.9],"texture":"#4"},"south":{"uv":[12.1,3.1,12.9,3.9],"texture":"#4"},"west":{"uv":[12.1,3.1,12.9,3.9],"texture":"#4"},"up":{"uv":[12.1,3.1,12.9,3.9],"texture":"#4"},"down":{"uv":[12.1,3.1,12.9,3.9],"texture":"#4"}}},{"from":[6.5,9,7.375],"to":[10.5,9.5,7.625],"rotation":{"angle":0,"axis":"y","origin":[8.5,9.25,7.5]},"faces":{"north":{"uv":[12.1,3.1,12.9,3.9],"texture":"#4"},"east":{"uv":[12.1,3.1,12.9,3.9],"texture":"#4"},"south":{"uv":[12.1,3.1,12.9,3.9],"texture":"#4"},"west":{"uv":[12.1,3.1,12.9,3.9],"texture":"#4"},"up":{"uv":[12.1,3.1,12.9,3.9],"texture":"#4"},"down":{"uv":[12.1,3.1,12.9,3.9],"texture":"#4"}}},{"from":[6.5,8,7.375],"to":[10.5,8.5,7.625],"rotation":{"angle":0,"axis":"y","origin":[8.5,8.25,7.5]},"faces":{"north":{"uv":[12.1,3.1,12.9,3.9],"texture":"#4"},"east":{"uv":[12.1,3.1,12.9,3.9],"texture":"#4"},"south":{"uv":[12.1,3.1,12.9,3.9],"texture":"#4"},"west":{"uv":[12.1,3.1,12.9,3.9],"texture":"#4"},"up":{"uv":[12.1,3.1,12.9,3.9],"texture":"#4"},"down":{"uv":[12.1,3.1,12.9,3.9],"texture":"#4"}}},{"from":[8.375,9,5.5],"to":[8.625,9.5,9.5],"rotation":{"angle":0,"axis":"y","origin":[8.5,10,7.5]},"faces":{"north":{"uv":[12.1,3.1,12.9,3.9],"texture":"#4"},"east":{"uv":[12.1,3.1,12.9,3.9],"texture":"#4"},"south":{"uv":[12.1,3.1,12.9,3.9],"texture":"#4"},"west":{"uv":[12.1,3.1,12.9,3.9],"texture":"#4"},"up":{"uv":[12.1,3.1,12.9,3.9],"texture":"#4"},"down":{"uv":[12.1,3.1,12.9,3.9],"texture":"#4"}}},{"from":[8.375,8,5.5],"to":[8.625,8.5,9.5],"rotation":{"angle":0,"axis":"y","origin":[8.5,9,7.5]},"faces":{"north":{"uv":[12.1,3.1,12.9,3.9],"texture":"#4"},"east":{"uv":[12.1,3.1,12.9,3.9],"texture":"#4"},"south":{"uv":[12.1,3.1,12.9,3.9],"texture":"#4"},"west":{"uv":[12.1,3.1,12.9,3.9],"texture":"#4"},"up":{"uv":[12.1,3.1,12.9,3.9],"texture":"#4"},"down":{"uv":[12.1,3.1,12.9,3.9],"texture":"#4"}}},{"from":[8.375,9,5.5],"to":[8.625,9.5,9.5],"rotation":{"angle":45,"axis":"y","origin":[8.5,10,7.5]},"faces":{"north":{"uv":[12.1,3.1,12.9,3.9],"texture":"#4"},"east":{"uv":[12.1,3.1,12.9,3.9],"texture":"#4"},"south":{"uv":[12.1,3.1,12.9,3.9],"texture":"#4"},"west":{"uv":[12.1,3.1,12.9,3.9],"texture":"#4"},"up":{"uv":[12.1,3.1,12.9,3.9],"texture":"#4"},"down":{"uv":[12.1,3.1,12.9,3.9],"texture":"#4"}}},{"from":[8.375,8,5.5],"to":[8.625,8.5,9.5],"rotation":{"angle":45,"axis":"y","origin":[8.5,9,7.5]},"faces":{"north":{"uv":[12.1,3.1,12.9,3.9],"texture":"#4"},"east":{"uv":[12.1,3.1,12.9,3.9],"texture":"#4"},"south":{"uv":[12.1,3.1,12.9,3.9],"texture":"#4"},"west":{"uv":[12.1,3.1,12.9,3.9],"texture":"#4"},"up":{"uv":[12.1,3.1,12.9,3.9],"texture":"#4"},"down":{"uv":[12.1,3.1,12.9,3.9],"texture":"#4"}}},{"from":[8.375,9,5.5],"to":[8.625,9.5,9.5],"rotation":{"angle":-45,"axis":"y","origin":[8.5,10,7.5]},"faces":{"north":{"uv":[12.1,3.1,12.9,3.9],"texture":"#4"},"east":{"uv":[12.1,3.1,12.9,3.9],"texture":"#4"},"south":{"uv":[12.1,3.1,12.9,3.9],"texture":"#4"},"west":{"uv":[12.1,3.1,12.9,3.9],"texture":"#4"},"up":{"uv":[12.1,3.1,12.9,3.9],"texture":"#4"},"down":{"uv":[12.1,3.1,12.9,3.9],"texture":"#4"}}},{"from":[8.375,8,5.5],"to":[8.625,8.5,9.5],"rotation":{"angle":-45,"axis":"y","origin":[8.5,9,7.5]},"faces":{"north":{"uv":[12.1,3.1,12.9,3.9],"texture":"#4"},"east":{"uv":[12.1,3.1,12.9,3.9],"texture":"#4"},"south":{"uv":[12.1,3.1,12.9,3.9],"texture":"#4"},"west":{"uv":[12.1,3.1,12.9,3.9],"texture":"#4"},"up":{"uv":[12.1,3.1,12.9,3.9],"texture":"#4"},"down":{"uv":[12.1,3.1,12.9,3.9],"texture":"#4"}}},{"from":[6.5,11,7.375],"to":[10.5,11.5,7.625],"rotation":{"angle":0,"axis":"y","origin":[8.5,11.25,7.5]},"faces":{"north":{"uv":[12.1,3.1,12.9,3.9],"texture":"#4"},"east":{"uv":[12.1,3.1,12.9,3.9],"texture":"#4"},"south":{"uv":[12.1,3.1,12.9,3.9],"texture":"#4"},"west":{"uv":[12.1,3.1,12.9,3.9],"texture":"#4"},"up":{"uv":[12.1,3.1,12.9,3.9],"texture":"#4"},"down":{"uv":[12.1,3.1,12.9,3.9],"texture":"#4"}}},{"from":[8.375,11,5.5],"to":[8.625,11.5,9.5],"rotation":{"angle":0,"axis":"y","origin":[8.5,10,7.5]},"faces":{"north":{"uv":[12.1,3.1,12.9,3.9],"texture":"#4"},"east":{"uv":[12.1,3.1,12.9,3.9],"texture":"#4"},"south":{"uv":[12.1,3.1,12.9,3.9],"texture":"#4"},"west":{"uv":[12.1,3.1,12.9,3.9],"texture":"#4"},"up":{"uv":[12.1,3.1,12.9,3.9],"texture":"#4"},"down":{"uv":[12.1,3.1,12.9,3.9],"texture":"#4"}}},{"from":[8.375,11,5.5],"to":[8.625,11.5,9.5],"rotation":{"angle":45,"axis":"y","origin":[8.5,10,7.5]},"faces":{"north":{"uv":[12.1,3.1,12.9,3.9],"texture":"#4"},"east":{"uv":[12.1,3.1,12.9,3.9],"texture":"#4"},"south":{"uv":[12.1,3.1,12.9,3.9],"texture":"#4"},"west":{"uv":[12.1,3.1,12.9,3.9],"texture":"#4"},"up":{"uv":[12.1,3.1,12.9,3.9],"texture":"#4"},"down":{"uv":[12.1,3.1,12.9,3.9],"texture":"#4"}}},{"from":[8.375,11,5.5],"to":[8.625,11.5,9.5],"rotation":{"angle":-45,"axis":"y","origin":[8.5,10,7.5]},"faces":{"north":{"uv":[12.1,3.1,12.9,3.9],"texture":"#4"},"east":{"uv":[12.1,3.1,12.9,3.9],"texture":"#4"},"south":{"uv":[12.1,3.1,12.9,3.9],"texture":"#4"},"west":{"uv":[12.1,3.1,12.9,3.9],"texture":"#4"},"up":{"uv":[12.1,3.1,12.9,3.9],"texture":"#4"},"down":{"uv":[12.1,3.1,12.9,3.9],"texture":"#4"}}},{"from":[5.75,10.5,7.375],"to":[11.25,11,7.625],"rotation":{"angle":0,"axis":"y","origin":[8.5,10.25,7.5]},"faces":{"north":{"uv":[12.1,3.1,12.9,3.9],"texture":"#4"},"east":{"uv":[12.1,3.1,12.9,3.9],"texture":"#4"},"south":{"uv":[12.1,3.1,12.9,3.9],"texture":"#4"},"west":{"uv":[12.1,3.1,12.9,3.9],"texture":"#4"},"up":{"uv":[12.1,3.1,12.9,3.9],"texture":"#4"},"down":{"uv":[12.1,3.1,12.9,3.9],"texture":"#4"}}},{"from":[8.375,10.5,4.75],"to":[8.625,11,10.25],"rotation":{"angle":0,"axis":"y","origin":[8.5,10,7.5]},"faces":{"north":{"uv":[12.1,3.1,12.9,3.9],"texture":"#4"},"east":{"uv":[12.1,3.1,12.9,3.9],"texture":"#4"},"south":{"uv":[12.1,3.1,12.9,3.9],"texture":"#4"},"west":{"uv":[12.1,3.1,12.9,3.9],"texture":"#4"},"up":{"uv":[12.1,3.1,12.9,3.9],"texture":"#4"},"down":{"uv":[12.1,3.1,12.9,3.9],"texture":"#4"}}},{"from":[8.375,10.5,4.75],"to":[8.625,11,10.25],"rotation":{"angle":45,"axis":"y","origin":[8.5,10,7.5]},"faces":{"north":{"uv":[12.1,3.1,12.9,3.9],"texture":"#4"},"east":{"uv":[12.1,3.1,12.9,3.9],"texture":"#4"},"south":{"uv":[12.1,3.1,12.9,3.9],"texture":"#4"},"west":{"uv":[12.1,3.1,12.9,3.9],"texture":"#4"},"up":{"uv":[12.1,3.1,12.9,3.9],"texture":"#4"},"down":{"uv":[12.1,3.1,12.9,3.9],"texture":"#4"}}},{"from":[8.375,10.5,4.75],"to":[8.625,11,10.25],"rotation":{"angle":-45,"axis":"y","origin":[8.5,10,7.5]},"faces":{"north":{"uv":[12.1,3.1,12.9,3.9],"texture":"#4"},"east":{"uv":[12.1,3.1,12.9,3.9],"texture":"#4"},"south":{"uv":[12.1,3.1,12.9,3.9],"texture":"#4"},"west":{"uv":[12.1,3.1,12.9,3.9],"texture":"#4"},"up":{"uv":[12.1,3.1,12.9,3.9],"texture":"#4"},"down":{"uv":[12.1,3.1,12.9,3.9],"texture":"#4"}}},{"from":[5.875,9.5,7.375],"to":[11.125,10,7.625],"rotation":{"angle":0,"axis":"y","origin":[8.5,9.25,7.5]},"faces":{"north":{"uv":[12.1,3.1,12.9,3.9],"texture":"#4"},"east":{"uv":[12.1,3.1,12.9,3.9],"texture":"#4"},"south":{"uv":[12.1,3.1,12.9,3.9],"texture":"#4"},"west":{"uv":[12.1,3.1,12.9,3.9],"texture":"#4"},"up":{"uv":[12.1,3.1,12.9,3.9],"texture":"#4"},"down":{"uv":[12.1,3.1,12.9,3.9],"texture":"#4"}}},{"from":[8.375,9.5,4.875],"to":[8.625,10,10.125],"rotation":{"angle":0,"axis":"y","origin":[8.5,10,7.5]},"faces":{"north":{"uv":[12.1,3.1,12.9,3.9],"texture":"#4"},"east":{"uv":[12.1,3.1,12.9,3.9],"texture":"#4"},"south":{"uv":[12.1,3.1,12.9,3.9],"texture":"#4"},"west":{"uv":[12.1,3.1,12.9,3.9],"texture":"#4"},"up":{"uv":[12.1,3.1,12.9,3.9],"texture":"#4"},"down":{"uv":[12.1,3.1,12.9,3.9],"texture":"#4"}}},{"from":[8.375,9.5,4.875],"to":[8.625,10,10.125],"rotation":{"angle":45,"axis":"y","origin":[8.5,10,7.5]},"faces":{"north":{"uv":[12.1,3.1,12.9,3.9],"texture":"#4"},"east":{"uv":[12.1,3.1,12.9,3.9],"texture":"#4"},"south":{"uv":[12.1,3.1,12.9,3.9],"texture":"#4"},"west":{"uv":[12.1,3.1,12.9,3.9],"texture":"#4"},"up":{"uv":[12.1,3.1,12.9,3.9],"texture":"#4"},"down":{"uv":[12.1,3.1,12.9,3.9],"texture":"#4"}}},{"from":[8.375,9.5,4.875],"to":[8.625,10,10.125],"rotation":{"angle":-45,"axis":"y","origin":[8.5,10,7.5]},"faces":{"north":{"uv":[12.1,3.1,12.9,3.9],"texture":"#4"},"east":{"uv":[12.1,3.1,12.9,3.9],"texture":"#4"},"south":{"uv":[12.1,3.1,12.9,3.9],"texture":"#4"},"west":{"uv":[12.1,3.1,12.9,3.9],"texture":"#4"},"up":{"uv":[12.1,3.1,12.9,3.9],"texture":"#4"},"down":{"uv":[12.1,3.1,12.9,3.9],"texture":"#4"}}},{"from":[7,8.5,7.375],"to":[10,9,7.625],"rotation":{"angle":0,"axis":"y","origin":[8.5,8.75,7.5]},"faces":{"north":{"uv":[12.1,3.1,12.9,3.9],"texture":"#4"},"east":{"uv":[12.1,3.1,12.9,3.9],"texture":"#4"},"south":{"uv":[12.1,3.1,12.9,3.9],"texture":"#4"},"west":{"uv":[12.1,3.1,12.9,3.9],"texture":"#4"},"up":{"uv":[12.1,3.1,12.9,3.9],"texture":"#4"},"down":{"uv":[12.1,3.1,12.9,3.9],"texture":"#4"}}},{"from":[7,7.5,7.375],"to":[10,8,7.625],"rotation":{"angle":0,"axis":"y","origin":[8.5,7.75,7.5]},"faces":{"north":{"uv":[12.1,3.1,12.9,3.9],"texture":"#4"},"east":{"uv":[12.1,3.1,12.9,3.9],"texture":"#4"},"south":{"uv":[12.1,3.1,12.9,3.9],"texture":"#4"},"west":{"uv":[12.1,3.1,12.9,3.9],"texture":"#4"},"up":{"uv":[12.1,3.1,12.9,3.9],"texture":"#4"},"down":{"uv":[12.1,3.1,12.9,3.9],"texture":"#4"}}},{"from":[8.375,8.5,6],"to":[8.625,9,9],"rotation":{"angle":0,"axis":"y","origin":[8.5,10,7.5]},"faces":{"north":{"uv":[12.1,3.1,12.9,3.9],"texture":"#4"},"east":{"uv":[12.1,3.1,12.9,3.9],"texture":"#4"},"south":{"uv":[12.1,3.1,12.9,3.9],"texture":"#4"},"west":{"uv":[12.1,3.1,12.9,3.9],"texture":"#4"},"up":{"uv":[12.1,3.1,12.9,3.9],"texture":"#4"},"down":{"uv":[12.1,3.1,12.9,3.9],"texture":"#4"}}},{"from":[8.375,7.5,6],"to":[8.625,8,9],"rotation":{"angle":0,"axis":"y","origin":[8.5,9,7.5]},"faces":{"north":{"uv":[12.1,3.1,12.9,3.9],"texture":"#4"},"east":{"uv":[12.1,3.1,12.9,3.9],"texture":"#4"},"south":{"uv":[12.1,3.1,12.9,3.9],"texture":"#4"},"west":{"uv":[12.1,3.1,12.9,3.9],"texture":"#4"},"up":{"uv":[12.1,3.1,12.9,3.9],"texture":"#4"},"down":{"uv":[12.1,3.1,12.9,3.9],"texture":"#4"}}},{"from":[8.375,8.5,6],"to":[8.625,9,9],"rotation":{"angle":45,"axis":"y","origin":[8.5,10,7.5]},"faces":{"north":{"uv":[12.1,3.1,12.9,3.9],"texture":"#4"},"east":{"uv":[12.1,3.1,12.9,3.9],"texture":"#4"},"south":{"uv":[12.1,3.1,12.9,3.9],"texture":"#4"},"west":{"uv":[12.1,3.1,12.9,3.9],"texture":"#4"},"up":{"uv":[12.1,3.1,12.9,3.9],"texture":"#4"},"down":{"uv":[12.1,3.1,12.9,3.9],"texture":"#4"}}},{"from":[8.375,7.5,6],"to":[8.625,8,9],"rotation":{"angle":45,"axis":"y","origin":[8.5,9,7.5]},"faces":{"north":{"uv":[12.1,3.1,12.9,3.9],"texture":"#4"},"east":{"uv":[12.1,3.1,12.9,3.9],"texture":"#4"},"south":{"uv":[12.1,3.1,12.9,3.9],"texture":"#4"},"west":{"uv":[12.1,3.1,12.9,3.9],"texture":"#4"},"up":{"uv":[12.1,3.1,12.9,3.9],"texture":"#4"},"down":{"uv":[12.1,3.1,12.9,3.9],"texture":"#4"}}},{"from":[8.375,8.5,6],"to":[8.625,9,9],"rotation":{"angle":-45,"axis":"y","origin":[8.5,10,7.5]},"faces":{"north":{"uv":[12.1,3.1,12.9,3.9],"texture":"#4"},"east":{"uv":[12.1,3.1,12.9,3.9],"texture":"#4"},"south":{"uv":[12.1,3.1,12.9,3.9],"texture":"#4"},"west":{"uv":[12.1,3.1,12.9,3.9],"texture":"#4"},"up":{"uv":[12.1,3.1,12.9,3.9],"texture":"#4"},"down":{"uv":[12.1,3.1,12.9,3.9],"texture":"#4"}}},{"from":[8.375,7.5,6],"to":[8.625,8,9],"rotation":{"angle":-45,"axis":"y","origin":[8.5,9,7.5]},"faces":{"north":{"uv":[12.1,3.1,12.9,3.9],"texture":"#4"},"east":{"uv":[12.1,3.1,12.9,3.9],"texture":"#4"},"south":{"uv":[12.1,3.1,12.9,3.9],"texture":"#4"},"west":{"uv":[12.1,3.1,12.9,3.9],"texture":"#4"},"up":{"uv":[12.1,3.1,12.9,3.9],"texture":"#4"},"down":{"uv":[12.1,3.1,12.9,3.9],"texture":"#4"}}},{"from":[7.25,8,7.25],"to":[9.75,9.5,7.75],"rotation":{"angle":0,"axis":"y","origin":[8.5,10.25,7.5]},"faces":{"north":{"uv":[12.1,3.1,12.9,3.9],"texture":"#4"},"east":{"uv":[12.1,3.1,12.9,3.9],"texture":"#4"},"south":{"uv":[12.1,3.1,12.9,3.9],"texture":"#4"},"west":{"uv":[12.1,3.1,12.9,3.9],"texture":"#4"},"up":{"uv":[12.1,3.1,12.9,3.9],"texture":"#4"},"down":{"uv":[12.1,3.1,12.9,3.9],"texture":"#4"}}},{"from":[8.25,8,6.25],"to":[8.75,9.5,8.75],"rotation":{"angle":0,"axis":"y","origin":[8.5,10.75,7.5]},"faces":{"north":{"uv":[12.1,3.1,12.9,3.9],"texture":"#4"},"east":{"uv":[12.1,3.1,12.9,3.9],"texture":"#4"},"south":{"uv":[12.1,3.1,12.9,3.9],"texture":"#4"},"west":{"uv":[12.1,3.1,12.9,3.9],"texture":"#4"},"up":{"uv":[12.1,3.1,12.9,3.9],"texture":"#4"},"down":{"uv":[12.1,3.1,12.9,3.9],"texture":"#4"}}},{"from":[8.25,8,6.25],"to":[8.75,9.5,8.75],"rotation":{"angle":45,"axis":"y","origin":[8.5,10.75,7.5]},"faces":{"north":{"uv":[12.1,3.1,12.9,3.9],"texture":"#4"},"east":{"uv":[12.1,3.1,12.9,3.9],"texture":"#4"},"south":{"uv":[12.1,3.1,12.9,3.9],"texture":"#4"},"west":{"uv":[12.1,3.1,12.9,3.9],"texture":"#4"},"up":{"uv":[12.1,3.1,12.9,3.9],"texture":"#4"},"down":{"uv":[12.1,3.1,12.9,3.9],"texture":"#4"}}},{"from":[8.25,8,6.25],"to":[8.75,9.5,8.75],"rotation":{"angle":-45,"axis":"y","origin":[8.5,10.75,7.5]},"faces":{"north":{"uv":[12.1,3.1,12.9,3.9],"texture":"#4"},"east":{"uv":[12.1,3.1,12.9,3.9],"texture":"#4"},"south":{"uv":[12.1,3.1,12.9,3.9],"texture":"#4"},"west":{"uv":[12.1,3.1,12.9,3.9],"texture":"#4"},"up":{"uv":[12.1,3.1,12.9,3.9],"texture":"#4"},"down":{"uv":[12.1,3.1,12.9,3.9],"texture":"#4"}}},{"from":[7.25,7,7.25],"to":[9.75,8.5,7.75],"rotation":{"angle":0,"axis":"y","origin":[8.5,9.25,7.5]},"faces":{"north":{"uv":[12.1,3.1,12.9,3.9],"texture":"#4"},"east":{"uv":[12.1,3.1,12.9,3.9],"texture":"#4"},"south":{"uv":[12.1,3.1,12.9,3.9],"texture":"#4"},"west":{"uv":[12.1,3.1,12.9,3.9],"texture":"#4"},"up":{"uv":[12.1,3.1,12.9,3.9],"texture":"#4"},"down":{"uv":[12.1,3.1,12.9,3.9],"texture":"#4"}}},{"from":[8.25,7,6.25],"to":[8.75,8.5,8.75],"rotation":{"angle":0,"axis":"y","origin":[8.5,10.75,7.5]},"faces":{"north":{"uv":[12.1,3.1,12.9,3.9],"texture":"#4"},"east":{"uv":[12.1,3.1,12.9,3.9],"texture":"#4"},"south":{"uv":[12.1,3.1,12.9,3.9],"texture":"#4"},"west":{"uv":[12.1,3.1,12.9,3.9],"texture":"#4"},"up":{"uv":[12.1,3.1,12.9,3.9],"texture":"#4"},"down":{"uv":[12.1,3.1,12.9,3.9],"texture":"#4"}}},{"from":[8.25,7,6.25],"to":[8.75,8.5,8.75],"rotation":{"angle":45,"axis":"y","origin":[8.5,10.75,7.5]},"faces":{"north":{"uv":[12.1,3.1,12.9,3.9],"texture":"#4"},"east":{"uv":[12.1,3.1,12.9,3.9],"texture":"#4"},"south":{"uv":[12.1,3.1,12.9,3.9],"texture":"#4"},"west":{"uv":[12.1,3.1,12.9,3.9],"texture":"#4"},"up":{"uv":[12.1,3.1,12.9,3.9],"texture":"#4"},"down":{"uv":[12.1,3.1,12.9,3.9],"texture":"#4"}}},{"from":[8.25,7,6.25],"to":[8.75,8.5,8.75],"rotation":{"angle":-45,"axis":"y","origin":[8.5,10.75,7.5]},"faces":{"north":{"uv":[12.1,3.1,12.9,3.9],"texture":"#4"},"east":{"uv":[12.1,3.1,12.9,3.9],"texture":"#4"},"south":{"uv":[12.1,3.1,12.9,3.9],"texture":"#4"},"west":{"uv":[12.1,3.1,12.9,3.9],"texture":"#4"},"up":{"uv":[12.1,3.1,12.9,3.9],"texture":"#4"},"down":{"uv":[12.1,3.1,12.9,3.9],"texture":"#4"}}},{"from":[8.075,-1.925,7.075],"to":[8.925,3.925,7.925],"rotation":{"angle":0,"axis":"y","origin":[8.5,1,7.5]},"faces":{"north":{"uv":[0,0,16,16],"texture":"#2"},"east":{"uv":[0,0,16,16],"texture":"#2"},"south":{"uv":[0,0,16,16],"texture":"#2"},"west":{"uv":[0,0,16,16],"texture":"#2"},"up":{"uv":[0,0,16,16],"texture":"#2"},"down":{"uv":[0,0,16,16],"texture":"#2"}}},{"from":[7.96,12.5,6.96],"to":[9.04,13.08,8.04],"rotation":{"angle":0,"axis":"y","origin":[8.5,12.79,7.5]},"faces":{"north":{"uv":[0,0,16,16],"texture":"#3"},"east":{"uv":[0,0,16,16],"texture":"#3"},"south":{"uv":[0,0,16,16],"texture":"#3"},"west":{"uv":[0,0,16,16],"texture":"#3"},"up":{"uv":[0,0,16,16],"texture":"#3"},"down":{"uv":[0,0,16,16],"texture":"#3"}}},{"from":[7.96,3,6.96],"to":[9.04,3.58,8.04],"rotation":{"angle":0,"axis":"y","origin":[8.5,2.79,7.5]},"faces":{"north":{"uv":[0,0,16,16],"texture":"#3"},"east":{"uv":[0,0,16,16],"texture":"#3"},"south":{"uv":[0,0,16,16],"texture":"#3"},"west":{"uv":[0,0,16,16],"texture":"#3"},"up":{"uv":[0,0,16,16],"texture":"#3"},"down":{"uv":[0,0,16,16],"texture":"#3"}}},{"from":[7.96,-2,6.96],"to":[9.04,-1.42,8.04],"rotation":{"angle":0,"axis":"y","origin":[8.5,-2.21,7.5]},"faces":{"north":{"uv":[0,0,16,16],"texture":"#3"},"east":{"uv":[0,0,16,16],"texture":"#3"},"south":{"uv":[0,0,16,16],"texture":"#3"},"west":{"uv":[0,0,16,16],"texture":"#3"},"up":{"uv":[0,0,16,16],"texture":"#3"},"down":{"uv":[0,0,16,16],"texture":"#3"}}}],"display":{"thirdperson_righthand":{"translation":[-1.25,8.5,2],"scale":[1.5,1.5,1.5]},"thirdperson_lefthand":{"translation":[0.25,8.5,2],"scale":[1.5,1.5,1.5]},"firstperson_righthand":{"rotation":[-5,0,0],"translation":[2.75,7.5,-1],"scale":[1.5,1.5,1.5]},"firstperson_lefthand":{"rotation":[-5,0,0],"translation":[2.75,7.5,-1],"scale":[1.5,1.5,1.5]},"ground":{"translation":[0,11.5,0],"scale":[1.5,1.5,1.5]},"gui":{"rotation":[-45,-41,-62],"translation":[1.5,4,0],"scale":[1.3,1.3,1.3]},"head":{"rotation":[-80,0,0],"translation":[-0.25,9.75,0],"scale":[1.5,-1.5,1.5]},"fixed":{"rotation":[0,90,0],"translation":[1,6,-0.5],"scale":[1.5,1.5,1.5]}}}