{"credit":"Made with Blockbench","textures":{"2":"spartanweaponry:costum/texturedasteaxess","3":"spartanweaponry:costum/raddadste","6":"spartanweaponry:costum/glaive_copper","particle":"spartanweaponry:costum/texturedasteaxess"},"elements":[{"from":[8,-13,7],"to":[9,-1.5,8],"rotation":{"angle":0,"axis":"y","origin":[8.5,-11.75,7.5]},"faces":{"north":{"uv":[0,0,16,16],"texture":"#3"},"east":{"uv":[0,0,16,16],"texture":"#3"},"south":{"uv":[0,0,16,16],"texture":"#3"},"west":{"uv":[0,0,16,16],"texture":"#3"},"up":{"uv":[0,0,16,16],"texture":"#3"},"down":{"uv":[0,0,16,16],"texture":"#3"}}},{"from":[8,3,7],"to":[9,18.5,8],"rotation":{"angle":0,"axis":"y","origin":[8.5,16.75,7.5]},"faces":{"north":{"uv":[0,0,16,16],"texture":"#3"},"east":{"uv":[0,0,16,16],"texture":"#3"},"south":{"uv":[0,0,16,16],"texture":"#3"},"west":{"uv":[0,0,16,16],"texture":"#3"},"up":{"uv":[0,0,16,16],"texture":"#3"},"down":{"uv":[0,0,16,16],"texture":"#3"}}},{"from":[7.8,19,7.25],"to":[9.2,19.5,7.75],"rotation":{"angle":45,"axis":"x","origin":[8.5,19.25,7.5]},"faces":{"north":{"uv":[0,0,16,16],"texture":"#3"},"east":{"uv":[0,0,16,16],"texture":"#3"},"south":{"uv":[0,0,16,16],"texture":"#3"},"west":{"uv":[0,0,16,16],"texture":"#3"},"up":{"uv":[0,0,16,16],"texture":"#3"},"down":{"uv":[0,0,16,16],"texture":"#3"}}},{"from":[7.8,18,7.25],"to":[9.2,18.5,7.75],"rotation":{"angle":45,"axis":"x","origin":[8.5,18.25,7.5]},"faces":{"north":{"uv":[0,0,16,16],"texture":"#3"},"east":{"uv":[0,0,16,16],"texture":"#3"},"south":{"uv":[0,0,16,16],"texture":"#3"},"west":{"uv":[0,0,16,16],"texture":"#3"},"up":{"uv":[0,0,16,16],"texture":"#3"},"down":{"uv":[0,0,16,16],"texture":"#3"}}},{"from":[7.9,15,7.25],"to":[9.1,15.5,7.75],"rotation":{"angle":45,"axis":"x","origin":[8.5,15.25,7.5]},"faces":{"north":{"uv":[12.1,2.6,12.4,3.9],"texture":"#6"},"east":{"uv":[12.1,2.6,12.4,3.9],"texture":"#6"},"south":{"uv":[12.1,2.6,12.4,3.9],"texture":"#6"},"west":{"uv":[12.1,2.6,12.4,3.9],"texture":"#6"},"up":{"uv":[12.1,2.6,12.4,3.9],"texture":"#6"},"down":{"uv":[12.1,2.6,12.4,3.9],"texture":"#6"}}},{"from":[7.9,14,7.25],"to":[9.1,14.5,7.75],"rotation":{"angle":45,"axis":"x","origin":[8.5,14.25,7.5]},"faces":{"north":{"uv":[12.1,2.6,12.4,3.9],"texture":"#6"},"east":{"uv":[12.1,2.6,12.4,3.9],"texture":"#6"},"south":{"uv":[12.1,2.6,12.4,3.9],"texture":"#6"},"west":{"uv":[12.1,2.6,12.4,3.9],"texture":"#6"},"up":{"uv":[12.1,2.6,12.4,3.9],"texture":"#6"},"down":{"uv":[12.1,2.6,12.4,3.9],"texture":"#6"}}},{"from":[7.9,13,7.25],"to":[9.1,13.5,7.75],"rotation":{"angle":45,"axis":"x","origin":[8.5,13.25,7.5]},"faces":{"north":{"uv":[12.1,2.6,12.4,3.9],"texture":"#6"},"east":{"uv":[12.1,2.6,12.4,3.9],"texture":"#6"},"south":{"uv":[12.1,2.6,12.4,3.9],"texture":"#6"},"west":{"uv":[12.1,2.6,12.4,3.9],"texture":"#6"},"up":{"uv":[12.1,2.6,12.4,3.9],"texture":"#6"},"down":{"uv":[12.1,2.6,12.4,3.9],"texture":"#6"}}},{"from":[7.9,12,7.25],"to":[9.1,12.5,7.75],"rotation":{"angle":45,"axis":"x","origin":[8.5,12.25,7.5]},"faces":{"north":{"uv":[12.1,2.6,12.4,3.9],"texture":"#6"},"east":{"uv":[12.1,2.6,12.4,3.9],"texture":"#6"},"south":{"uv":[12.1,2.6,12.4,3.9],"texture":"#6"},"west":{"uv":[12.1,2.6,12.4,3.9],"texture":"#6"},"up":{"uv":[12.1,2.6,12.4,3.9],"texture":"#6"},"down":{"uv":[12.1,2.6,12.4,3.9],"texture":"#6"}}},{"from":[7.9,11,7.25],"to":[9.1,11.5,7.75],"rotation":{"angle":45,"axis":"x","origin":[8.5,11.25,7.5]},"faces":{"north":{"uv":[12.1,2.6,12.4,3.9],"texture":"#6"},"east":{"uv":[12.1,2.6,12.4,3.9],"texture":"#6"},"south":{"uv":[12.1,2.6,12.4,3.9],"texture":"#6"},"west":{"uv":[12.1,2.6,12.4,3.9],"texture":"#6"},"up":{"uv":[12.1,2.6,12.4,3.9],"texture":"#6"},"down":{"uv":[12.1,2.6,12.4,3.9],"texture":"#6"}}},{"from":[7.9,10,7.25],"to":[9.1,10.5,7.75],"rotation":{"angle":45,"axis":"x","origin":[8.5,10.25,7.5]},"faces":{"north":{"uv":[12.1,2.6,12.4,3.9],"texture":"#6"},"east":{"uv":[12.1,2.6,12.4,3.9],"texture":"#6"},"south":{"uv":[12.1,2.6,12.4,3.9],"texture":"#6"},"west":{"uv":[12.1,2.6,12.4,3.9],"texture":"#6"},"up":{"uv":[12.1,2.6,12.4,3.9],"texture":"#6"},"down":{"uv":[12.1,2.6,12.4,3.9],"texture":"#6"}}},{"from":[7.9,9,7.25],"to":[9.1,9.5,7.75],"rotation":{"angle":45,"axis":"x","origin":[8.5,9.25,7.5]},"faces":{"north":{"uv":[12.1,2.6,12.4,3.9],"texture":"#6"},"east":{"uv":[12.1,2.6,12.4,3.9],"texture":"#6"},"south":{"uv":[12.1,2.6,12.4,3.9],"texture":"#6"},"west":{"uv":[12.1,2.6,12.4,3.9],"texture":"#6"},"up":{"uv":[12.1,2.6,12.4,3.9],"texture":"#6"},"down":{"uv":[12.1,2.6,12.4,3.9],"texture":"#6"}}},{"from":[7.9,8,7.25],"to":[9.1,8.5,7.75],"rotation":{"angle":45,"axis":"x","origin":[8.5,8.25,7.5]},"faces":{"north":{"uv":[12.1,2.6,12.4,3.9],"texture":"#6"},"east":{"uv":[12.1,2.6,12.4,3.9],"texture":"#6"},"south":{"uv":[12.1,2.6,12.4,3.9],"texture":"#6"},"west":{"uv":[12.1,2.6,12.4,3.9],"texture":"#6"},"up":{"uv":[12.1,2.6,12.4,3.9],"texture":"#6"},"down":{"uv":[12.1,2.6,12.4,3.9],"texture":"#6"}}},{"from":[7.9,7,7.25],"to":[9.1,7.5,7.75],"rotation":{"angle":45,"axis":"x","origin":[8.5,7.25,7.5]},"faces":{"north":{"uv":[12.1,2.6,12.4,3.9],"texture":"#6"},"east":{"uv":[12.1,2.6,12.4,3.9],"texture":"#6"},"south":{"uv":[12.1,2.6,12.4,3.9],"texture":"#6"},"west":{"uv":[12.1,2.6,12.4,3.9],"texture":"#6"},"up":{"uv":[12.1,2.6,12.4,3.9],"texture":"#6"},"down":{"uv":[12.1,2.6,12.4,3.9],"texture":"#6"}}},{"from":[7.9,6,7.25],"to":[9.1,6.5,7.75],"rotation":{"angle":45,"axis":"x","origin":[8.5,6.25,7.5]},"faces":{"north":{"uv":[12.1,2.6,12.4,3.9],"texture":"#6"},"east":{"uv":[12.1,2.6,12.4,3.9],"texture":"#6"},"south":{"uv":[12.1,2.6,12.4,3.9],"texture":"#6"},"west":{"uv":[12.1,2.6,12.4,3.9],"texture":"#6"},"up":{"uv":[12.1,2.6,12.4,3.9],"texture":"#6"},"down":{"uv":[12.1,2.6,12.4,3.9],"texture":"#6"}}},{"from":[7.9,-12,7.25],"to":[9.1,-11.5,7.75],"rotation":{"angle":45,"axis":"x","origin":[8.5,-11.75,7.5]},"faces":{"north":{"uv":[12.1,2.6,12.4,3.9],"texture":"#6"},"east":{"uv":[12.1,2.6,12.4,3.9],"texture":"#6"},"south":{"uv":[12.1,2.6,12.4,3.9],"texture":"#6"},"west":{"uv":[12.1,2.6,12.4,3.9],"texture":"#6"},"up":{"uv":[12.1,2.6,12.4,3.9],"texture":"#6"},"down":{"uv":[12.1,2.6,12.4,3.9],"texture":"#6"}}},{"from":[7.9,-11,7.25],"to":[9.1,-10.5,7.75],"rotation":{"angle":45,"axis":"x","origin":[8.5,-10.75,7.5]},"faces":{"north":{"uv":[12.1,2.6,12.4,3.9],"texture":"#6"},"east":{"uv":[12.1,2.6,12.4,3.9],"texture":"#6"},"south":{"uv":[12.1,2.6,12.4,3.9],"texture":"#6"},"west":{"uv":[12.1,2.6,12.4,3.9],"texture":"#6"},"up":{"uv":[12.1,2.6,12.4,3.9],"texture":"#6"},"down":{"uv":[12.1,2.6,12.4,3.9],"texture":"#6"}}},{"from":[7.9,-10,7.25],"to":[9.1,-9.5,7.75],"rotation":{"angle":45,"axis":"x","origin":[8.5,-9.75,7.5]},"faces":{"north":{"uv":[12.1,2.6,12.4,3.9],"texture":"#6"},"east":{"uv":[12.1,2.6,12.4,3.9],"texture":"#6"},"south":{"uv":[12.1,2.6,12.4,3.9],"texture":"#6"},"west":{"uv":[12.1,2.6,12.4,3.9],"texture":"#6"},"up":{"uv":[12.1,2.6,12.4,3.9],"texture":"#6"},"down":{"uv":[12.1,2.6,12.4,3.9],"texture":"#6"}}},{"from":[7.9,-9,7.25],"to":[9.1,-8.5,7.75],"rotation":{"angle":45,"axis":"x","origin":[8.5,-8.75,7.5]},"faces":{"north":{"uv":[12.1,2.6,12.4,3.9],"texture":"#6"},"east":{"uv":[12.1,2.6,12.4,3.9],"texture":"#6"},"south":{"uv":[12.1,2.6,12.4,3.9],"texture":"#6"},"west":{"uv":[12.1,2.6,12.4,3.9],"texture":"#6"},"up":{"uv":[12.1,2.6,12.4,3.9],"texture":"#6"},"down":{"uv":[12.1,2.6,12.4,3.9],"texture":"#6"}}},{"from":[7.9,-8,7.25],"to":[9.1,-7.5,7.75],"rotation":{"angle":45,"axis":"x","origin":[8.5,-7.75,7.5]},"faces":{"north":{"uv":[12.1,2.6,12.4,3.9],"texture":"#6"},"east":{"uv":[12.1,2.6,12.4,3.9],"texture":"#6"},"south":{"uv":[12.1,2.6,12.4,3.9],"texture":"#6"},"west":{"uv":[12.1,2.6,12.4,3.9],"texture":"#6"},"up":{"uv":[12.1,2.6,12.4,3.9],"texture":"#6"},"down":{"uv":[12.1,2.6,12.4,3.9],"texture":"#6"}}},{"from":[7.9,-7,7.25],"to":[9.1,-6.5,7.75],"rotation":{"angle":45,"axis":"x","origin":[8.5,-6.75,7.5]},"faces":{"north":{"uv":[12.1,2.6,12.4,3.9],"texture":"#6"},"east":{"uv":[12.1,2.6,12.4,3.9],"texture":"#6"},"south":{"uv":[12.1,2.6,12.4,3.9],"texture":"#6"},"west":{"uv":[12.1,2.6,12.4,3.9],"texture":"#6"},"up":{"uv":[12.1,2.6,12.4,3.9],"texture":"#6"},"down":{"uv":[12.1,2.6,12.4,3.9],"texture":"#6"}}},{"from":[7.9,17.4,6.9],"to":[9.1,20.1,8.1],"rotation":{"angle":0,"axis":"y","origin":[8.5,19.25,7.5]},"faces":{"north":{"uv":[10.6,5.1,10.9,5.4],"texture":"#6"},"east":{"uv":[10.6,5.1,10.9,5.4],"texture":"#6"},"south":{"uv":[10.6,5.1,10.9,5.4],"texture":"#6"},"west":{"uv":[10.6,5.1,10.9,5.4],"texture":"#6"},"up":{"uv":[10.6,5.1,10.9,5.4],"texture":"#6"},"down":{"uv":[10.6,5.1,10.9,5.4],"texture":"#6"}}},{"from":[8.125,18.4,5.9],"to":[8.875,19.1,7.1],"rotation":{"angle":0,"axis":"y","origin":[8.5,19.25,6.5]},"faces":{"north":{"uv":[10.6,5.1,10.9,5.4],"texture":"#6"},"east":{"uv":[10.6,5.1,10.9,5.4],"texture":"#6"},"south":{"uv":[10.6,5.1,10.9,5.4],"texture":"#6"},"west":{"uv":[10.6,5.1,10.9,5.4],"texture":"#6"},"up":{"uv":[10.6,5.1,10.9,5.4],"texture":"#6"},"down":{"uv":[10.6,5.1,10.9,5.4],"texture":"#6"}}},{"from":[7.95,17.05,6.95],"to":[9.05,19.65,8.05],"rotation":{"angle":0,"axis":"y","origin":[8.5,18.35,7.5]},"faces":{"north":{"uv":[10.6,5.1,10.9,5.4],"texture":"#6"},"east":{"uv":[10.6,5.1,10.9,5.4],"texture":"#6"},"south":{"uv":[10.6,5.1,10.9,5.4],"texture":"#6"},"west":{"uv":[10.6,5.1,10.9,5.4],"texture":"#6"},"up":{"uv":[10.6,5.1,10.9,5.4],"texture":"#6"},"down":{"uv":[10.6,5.1,10.9,5.4],"texture":"#6"}}},{"from":[7.8,-13.7,6.8],"to":[9.2,-12.8,8.2],"rotation":{"angle":0,"axis":"y","origin":[8.5,-13.25,7.5]},"faces":{"north":{"uv":[12.1,2.6,12.4,3.9],"texture":"#6"},"east":{"uv":[12.1,2.6,12.4,3.9],"texture":"#6"},"south":{"uv":[12.1,2.6,12.4,3.9],"texture":"#6"},"west":{"uv":[12.1,2.6,12.4,3.9],"texture":"#6"},"up":{"uv":[12.1,2.6,12.4,2.9],"texture":"#6"},"down":{"uv":[12.1,3.6,12.4,3.9],"texture":"#6"}}},{"from":[8.075,-1.925,7.075],"to":[8.925,3.925,7.925],"rotation":{"angle":0,"axis":"y","origin":[8.5,1,7.5]},"faces":{"north":{"uv":[0,0,16,16],"texture":"#2"},"east":{"uv":[0,0,16,16],"texture":"#2"},"south":{"uv":[0,0,16,16],"texture":"#2"},"west":{"uv":[0,0,16,16],"texture":"#2"},"up":{"uv":[0,0,16,16],"texture":"#2"},"down":{"uv":[0,0,16,16],"texture":"#2"}}},{"from":[7.96,-13.5,6.96],"to":[9.04,-12.92,8.04],"rotation":{"angle":0,"axis":"y","origin":[8.5,-13.21,7.5]},"faces":{"north":{"uv":[12.1,2.6,12.4,3.9],"texture":"#6"},"east":{"uv":[12.1,2.6,12.4,3.9],"texture":"#6"},"south":{"uv":[12.1,2.6,12.4,3.9],"texture":"#6"},"west":{"uv":[12.1,2.6,12.4,3.9],"texture":"#6"},"up":{"uv":[12.1,2.6,12.4,3.9],"texture":"#6"},"down":{"uv":[12.1,2.6,12.4,3.9],"texture":"#6"}}},{"from":[7.96,3,6.96],"to":[9.04,3.58,8.04],"rotation":{"angle":0,"axis":"y","origin":[8.5,2.79,7.5]},"faces":{"north":{"uv":[0,0,16,16],"texture":"#3"},"east":{"uv":[0,0,16,16],"texture":"#3"},"south":{"uv":[0,0,16,16],"texture":"#3"},"west":{"uv":[0,0,16,16],"texture":"#3"},"up":{"uv":[0,0,16,16],"texture":"#3"},"down":{"uv":[0,0,16,16],"texture":"#3"}}},{"from":[7.96,-2,6.96],"to":[9.04,-1.42,8.04],"rotation":{"angle":0,"axis":"y","origin":[8.5,-1.21,7.5]},"faces":{"north":{"uv":[0,0,16,16],"texture":"#3"},"east":{"uv":[0,0,16,16],"texture":"#3"},"south":{"uv":[0,0,16,16],"texture":"#3"},"west":{"uv":[0,0,16,16],"texture":"#3"},"up":{"uv":[0,0,16,16],"texture":"#3"},"down":{"uv":[0,0,16,16],"texture":"#3"}}},{"from":[8.375,28.5,7.75],"to":[8.625,29.5,8.25],"rotation":{"angle":0,"axis":"x","origin":[8.5,29,8]},"faces":{"north":{"uv":[12.1,2.6,12.4,2.9],"texture":"#6"},"east":{"uv":[12.1,2.6,12.4,2.9],"texture":"#6"},"south":{"uv":[12.1,2.6,12.4,2.9],"texture":"#6"},"west":{"uv":[12.1,2.6,12.4,2.9],"texture":"#6"},"up":{"uv":[12.1,2.6,12.4,2.9],"texture":"#6"},"down":{"uv":[12.1,2.6,12.4,2.9],"texture":"#6"}}},{"from":[8.25,19.5,7.75],"to":[8.75,28.5,8.25],"rotation":{"angle":0,"axis":"x","origin":[8.5,22,7.5]},"faces":{"north":{"uv":[12.1,2.6,12.4,3.9],"texture":"#6"},"east":{"uv":[12.1,2.6,12.4,3.9],"texture":"#6"},"south":{"uv":[12.1,2.6,12.4,3.9],"texture":"#6"},"west":{"uv":[12.1,2.6,12.4,3.9],"texture":"#6"},"up":{"uv":[12.1,2.6,12.4,2.9],"texture":"#6"},"down":{"uv":[12.1,3.6,12.4,3.9],"texture":"#6"}}},{"from":[8.375,28.5,7.5],"to":[8.625,29,7.75],"rotation":{"angle":0,"axis":"x","origin":[8.5,28.75,7.625]},"faces":{"north":{"uv":[12.1,2.6,12.4,2.9],"texture":"#6"},"east":{"uv":[12.1,2.6,12.4,2.9],"texture":"#6"},"south":{"uv":[12.1,2.6,12.4,2.9],"texture":"#6"},"west":{"uv":[12.1,2.6,12.4,2.9],"texture":"#6"},"up":{"uv":[12.1,2.6,12.4,2.9],"texture":"#6"},"down":{"uv":[12.1,2.6,12.4,2.9],"texture":"#6"}}},{"from":[8.375,29.5,8],"to":[8.625,30,8.25],"rotation":{"angle":0,"axis":"x","origin":[8.5,29.75,8.125]},"faces":{"north":{"uv":[12.1,2.6,12.4,2.9],"texture":"#6"},"east":{"uv":[12.1,2.6,12.4,2.9],"texture":"#6"},"south":{"uv":[12.1,2.6,12.4,2.9],"texture":"#6"},"west":{"uv":[12.1,2.6,12.4,2.9],"texture":"#6"},"up":{"uv":[12.1,2.6,12.4,2.9],"texture":"#6"},"down":{"uv":[12.1,2.6,12.4,2.9],"texture":"#6"}}},{"from":[8.375,19.5,7.25],"to":[8.625,28.5,7.75],"rotation":{"angle":0,"axis":"x","origin":[8.5,23.5,7.5]},"faces":{"north":{"uv":[12.1,2.6,12.4,3.9],"texture":"#6"},"east":{"uv":[12.1,2.6,12.4,3.9],"texture":"#6"},"south":{"uv":[12.1,2.6,12.4,3.9],"texture":"#6"},"west":{"uv":[12.1,2.6,12.4,3.9],"texture":"#6"},"up":{"uv":[12.1,2.6,12.4,2.9],"texture":"#6"},"down":{"uv":[12.1,3.6,12.4,3.9],"texture":"#6"}}},{"from":[8.375,19.5,7],"to":[8.625,27,7.25],"rotation":{"angle":0,"axis":"x","origin":[8.5,22.25,7.125]},"faces":{"north":{"uv":[12.1,2.6,12.4,3.9],"texture":"#6"},"east":{"uv":[12.1,2.6,12.4,3.9],"texture":"#6"},"south":{"uv":[12.1,2.6,12.4,3.9],"texture":"#6"},"west":{"uv":[12.1,2.6,12.4,3.9],"texture":"#6"},"up":{"uv":[12.1,2.6,12.4,2.9],"texture":"#6"},"down":{"uv":[12.1,3.6,12.4,3.9],"texture":"#6"}}},{"from":[8.375,20.5,6.75],"to":[8.625,25,7],"rotation":{"angle":0,"axis":"x","origin":[8.5,22.25,7.125]},"faces":{"north":{"uv":[12.1,2.6,12.4,3.9],"texture":"#6"},"east":{"uv":[12.1,2.6,12.4,3.9],"texture":"#6"},"south":{"uv":[12.1,2.6,12.4,3.9],"texture":"#6"},"west":{"uv":[12.1,2.6,12.4,3.9],"texture":"#6"},"up":{"uv":[12.1,2.6,12.4,2.9],"texture":"#6"},"down":{"uv":[12.1,3.6,12.4,3.9],"texture":"#6"}}},{"from":[8.375,18.5,5.25],"to":[8.625,19,6.25],"rotation":{"angle":0,"axis":"x","origin":[8.5,18.75,5.75]},"faces":{"north":{"uv":[12.1,3.1,12.4,3.4],"rotation":90,"texture":"#6"},"east":{"uv":[12.1,3.1,12.4,3.4],"rotation":90,"texture":"#6"},"south":{"uv":[12.1,3.1,12.4,3.4],"rotation":90,"texture":"#6"},"west":{"uv":[12.1,3.1,12.4,3.4],"rotation":90,"texture":"#6"},"up":{"uv":[12.1,3.1,12.4,3.4],"rotation":90,"texture":"#6"},"down":{"uv":[12.1,3.1,12.4,3.4],"rotation":90,"texture":"#6"}}},{"from":[8.375,18.625,4.5],"to":[8.625,18.875,5.25],"rotation":{"angle":0,"axis":"x","origin":[8.5,18.75,4.75]},"faces":{"north":{"uv":[12.1,2.6,12.4,2.9],"rotation":270,"texture":"#6"},"east":{"uv":[12.1,2.6,12.4,2.9],"rotation":270,"texture":"#6"},"south":{"uv":[12.1,2.6,12.4,2.9],"rotation":270,"texture":"#6"},"west":{"uv":[12.1,2.6,12.4,2.9],"rotation":270,"texture":"#6"},"up":{"uv":[12.1,2.6,12.4,2.9],"rotation":270,"texture":"#6"},"down":{"uv":[12.1,2.6,12.4,2.9],"rotation":270,"texture":"#6"}}}],"display":{"thirdperson_righthand":{"translation":[-1,6.5,1.5],"scale":[1.2,1.2,1.2]},"thirdperson_lefthand":{"translation":[0,6.5,1.5],"scale":[1.2,1.2,1.2]},"firstperson_righthand":{"rotation":[-5,0,0],"translation":[3.5,1,-0.75],"scale":[1.2,1.2,1.2]},"firstperson_lefthand":{"rotation":[-5,0,0],"translation":[3.5,1,-0.75],"scale":[1.2,1.2,1.2]},"ground":{"translation":[0,21.5,0],"scale":[1.2,1.2,1.2]},"gui":{"rotation":[-45,-41,-62],"translation":[1.25,3.5,0]},"head":{"rotation":[-80,0,0],"translation":[-0.25,10.75,-13.25],"scale":[1.2,-1.2,1.2]},"fixed":{"rotation":[0,90,0],"translation":[1,4.75,-0.5],"scale":[1.2,1.2,1.2]}}}