{"credit":"Made with Blockbench","textures":{"2":"spartanweaponry:costum/raddadste","3":"spartanweaponry:costum/diamond_block14","4":"spartanweaponry:costum/textureabiporro","particle":"spartanweaponry:costum/raddadste"},"elements":[{"from":[8.075,-2.525,7.075],"to":[8.925,3.225,7.925],"rotation":{"angle":0,"axis":"y","origin":[8.5,0.2,7.5]},"faces":{"north":{"uv":[0,0,16,16],"texture":"#2"},"east":{"uv":[0,0,16,16],"texture":"#2"},"south":{"uv":[0,0,16,16],"texture":"#2"},"west":{"uv":[0,0,16,16],"texture":"#2"},"up":{"uv":[0,0,16,16],"texture":"#2"},"down":{"uv":[0,0,16,16],"texture":"#2"}}},{"from":[7.98,2.18,7.23],"to":[9.02,2.72,7.77],"rotation":{"angle":45,"axis":"x","origin":[8.5,2.45,7.5]},"faces":{"north":{"uv":[9,9,11.998,11.999],"texture":"#3"},"east":{"uv":[9,9,11.998,11.999],"texture":"#3"},"south":{"uv":[9,9,11.998,11.999],"texture":"#3"},"west":{"uv":[9,9,11.998,11.999],"texture":"#3"},"up":{"uv":[9,9,11.998,11.999],"texture":"#3"},"down":{"uv":[9,9,11.998,11.999],"texture":"#3"}}},{"from":[7.98,2.18,7.23],"to":[9.02,2.72,7.77],"rotation":{"angle":0,"axis":"x","origin":[8.5,2.45,7.5]},"faces":{"north":{"uv":[9,9,11.998,11.999],"rotation":270,"texture":"#3"},"east":{"uv":[9,9,11.998,11.999],"rotation":270,"texture":"#3"},"south":{"uv":[9,9,11.998,11.999],"rotation":270,"texture":"#3"},"west":{"uv":[9,9,11.998,11.999],"rotation":270,"texture":"#3"},"up":{"uv":[9,9,11.998,11.999],"rotation":270,"texture":"#3"},"down":{"uv":[9,9,11.998,11.999],"rotation":270,"texture":"#3"}}},{"from":[7.98,1.18,7.23],"to":[9.02,1.72,7.77],"rotation":{"angle":0,"axis":"x","origin":[8.5,1.45,7.5]},"faces":{"north":{"uv":[9,9,11.998,11.999],"rotation":270,"texture":"#3"},"east":{"uv":[9,9,11.998,11.999],"rotation":270,"texture":"#3"},"south":{"uv":[9,9,11.998,11.999],"rotation":270,"texture":"#3"},"west":{"uv":[9,9,11.998,11.999],"rotation":270,"texture":"#3"},"up":{"uv":[9,9,11.998,11.999],"rotation":270,"texture":"#3"},"down":{"uv":[9,9,11.998,11.999],"rotation":270,"texture":"#3"}}},{"from":[7.98,0.18,7.23],"to":[9.02,0.72,7.77],"rotation":{"angle":0,"axis":"x","origin":[8.5,0.45,7.5]},"faces":{"north":{"uv":[9,9,11.998,11.999],"rotation":270,"texture":"#3"},"east":{"uv":[9,9,11.998,11.999],"rotation":270,"texture":"#3"},"south":{"uv":[9,9,11.998,11.999],"rotation":270,"texture":"#3"},"west":{"uv":[9,9,11.998,11.999],"rotation":270,"texture":"#3"},"up":{"uv":[9,9,11.998,11.999],"rotation":270,"texture":"#3"},"down":{"uv":[9,9,11.998,11.999],"rotation":270,"texture":"#3"}}},{"from":[7.98,-0.82,7.23],"to":[9.02,-0.28,7.77],"rotation":{"angle":0,"axis":"x","origin":[8.5,-0.55,7.5]},"faces":{"north":{"uv":[9,9,11.998,11.999],"rotation":270,"texture":"#3"},"east":{"uv":[9,9,11.998,11.999],"rotation":270,"texture":"#3"},"south":{"uv":[9,9,11.998,11.999],"rotation":270,"texture":"#3"},"west":{"uv":[9,9,11.998,11.999],"rotation":270,"texture":"#3"},"up":{"uv":[9,9,11.998,11.999],"rotation":270,"texture":"#3"},"down":{"uv":[9,9,11.998,11.999],"rotation":270,"texture":"#3"}}},{"from":[7.98,-1.82,7.23],"to":[9.02,-1.28,7.77],"rotation":{"angle":0,"axis":"x","origin":[8.5,-1.55,7.5]},"faces":{"north":{"uv":[9,9,11.998,11.999],"rotation":270,"texture":"#3"},"east":{"uv":[9,9,11.998,11.999],"rotation":270,"texture":"#3"},"south":{"uv":[9,9,11.998,11.999],"rotation":270,"texture":"#3"},"west":{"uv":[9,9,11.998,11.999],"rotation":270,"texture":"#3"},"up":{"uv":[9,9,11.998,11.999],"rotation":270,"texture":"#3"},"down":{"uv":[9,9,11.998,11.999],"rotation":270,"texture":"#3"}}},{"from":[8.15,5.18,7.23],"to":[8.85,5.72,7.77],"rotation":{"angle":45,"axis":"x","origin":[8.5,5.45,7.5]},"faces":{"north":{"uv":[10,12,10.999,13],"texture":"#4"},"east":{"uv":[10,12,10.999,13],"texture":"#4"},"south":{"uv":[10,12,10.999,13],"texture":"#4"},"west":{"uv":[10,12,10.999,13],"texture":"#4"},"up":{"uv":[10,12,10.999,13],"texture":"#4"},"down":{"uv":[10,12,10.999,13],"texture":"#4"}}},{"from":[8.15,5.18,7.23],"to":[8.85,5.72,7.77],"rotation":{"angle":0,"axis":"x","origin":[8.5,5.45,7.5]},"faces":{"north":{"uv":[11,13,11.999,13.999],"rotation":270,"texture":"#4"},"east":{"uv":[11,13,11.999,13.999],"rotation":270,"texture":"#4"},"south":{"uv":[11,13,11.999,13.999],"rotation":270,"texture":"#4"},"west":{"uv":[11,13,11.999,13.999],"rotation":270,"texture":"#4"},"up":{"uv":[11,13,11.999,13.999],"rotation":270,"texture":"#4"},"down":{"uv":[11,13,11.999,13.999],"rotation":270,"texture":"#4"}}},{"from":[8.15,6.18,7.23],"to":[8.85,6.72,7.77],"rotation":{"angle":0,"axis":"x","origin":[8.5,6.45,7.5]},"faces":{"north":{"uv":[11,11,11.999,11.999],"rotation":270,"texture":"#4"},"east":{"uv":[11,11,11.999,11.999],"rotation":270,"texture":"#4"},"south":{"uv":[11,11,11.999,11.999],"rotation":270,"texture":"#4"},"west":{"uv":[11,11,11.999,11.999],"rotation":270,"texture":"#4"},"up":{"uv":[11,11,11.999,11.999],"rotation":270,"texture":"#4"},"down":{"uv":[11,11,11.999,11.999],"rotation":270,"texture":"#4"}}},{"from":[8.15,7.18,7.23],"to":[8.85,7.72,7.77],"rotation":{"angle":0,"axis":"x","origin":[8.5,7.45,7.5]},"faces":{"north":{"uv":[11,11,11.999,11.999],"rotation":270,"texture":"#4"},"east":{"uv":[11,11,11.999,11.999],"rotation":270,"texture":"#4"},"south":{"uv":[11,11,11.999,11.999],"rotation":270,"texture":"#4"},"west":{"uv":[11,11,11.999,11.999],"rotation":270,"texture":"#4"},"up":{"uv":[11,11,11.999,11.999],"rotation":270,"texture":"#4"},"down":{"uv":[11,11,11.999,11.999],"rotation":270,"texture":"#4"}}},{"from":[8.15,8.18,7.23],"to":[8.85,8.72,7.77],"rotation":{"angle":0,"axis":"x","origin":[8.5,8.45,7.5]},"faces":{"north":{"uv":[11,11,11.999,11.999],"rotation":270,"texture":"#4"},"east":{"uv":[11,11,11.999,11.999],"rotation":270,"texture":"#4"},"south":{"uv":[11,11,11.999,11.999],"rotation":270,"texture":"#4"},"west":{"uv":[11,11,11.999,11.999],"rotation":270,"texture":"#4"},"up":{"uv":[11,11,11.999,11.999],"rotation":270,"texture":"#4"},"down":{"uv":[11,11,11.999,11.999],"rotation":270,"texture":"#4"}}},{"from":[8.15,9.18,7.23],"to":[8.85,9.72,7.77],"rotation":{"angle":0,"axis":"x","origin":[8.5,9.45,7.5]},"faces":{"north":{"uv":[11,11,11.999,11.999],"rotation":270,"texture":"#4"},"east":{"uv":[11,11,11.999,11.999],"rotation":270,"texture":"#4"},"south":{"uv":[11,11,11.999,11.999],"rotation":270,"texture":"#4"},"west":{"uv":[11,11,11.999,11.999],"rotation":270,"texture":"#4"},"up":{"uv":[11,11,11.999,11.999],"rotation":270,"texture":"#4"},"down":{"uv":[11,11,11.999,11.999],"rotation":270,"texture":"#4"}}},{"from":[8.15,10.18,7.23],"to":[8.85,10.72,7.77],"rotation":{"angle":0,"axis":"x","origin":[8.5,10.45,7.5]},"faces":{"north":{"uv":[11,11,11.999,11.999],"rotation":270,"texture":"#4"},"east":{"uv":[11,11,11.999,11.999],"rotation":270,"texture":"#4"},"south":{"uv":[11,11,11.999,11.999],"rotation":270,"texture":"#4"},"west":{"uv":[11,11,11.999,11.999],"rotation":270,"texture":"#4"},"up":{"uv":[11,11,11.999,11.999],"rotation":270,"texture":"#4"},"down":{"uv":[11,11,11.999,11.999],"rotation":270,"texture":"#4"}}},{"from":[8.15,11.18,7.23],"to":[8.85,11.72,7.77],"rotation":{"angle":0,"axis":"x","origin":[8.5,11.45,7.5]},"faces":{"north":{"uv":[11,11,11.999,11.999],"rotation":270,"texture":"#4"},"east":{"uv":[11,11,11.999,11.999],"rotation":270,"texture":"#4"},"south":{"uv":[11,11,11.999,11.999],"rotation":270,"texture":"#4"},"west":{"uv":[11,11,11.999,11.999],"rotation":270,"texture":"#4"},"up":{"uv":[11,11,11.999,11.999],"rotation":270,"texture":"#4"},"down":{"uv":[11,11,11.999,11.999],"rotation":270,"texture":"#4"}}},{"from":[8.15,12.18,7.23],"to":[8.85,12.72,7.77],"rotation":{"angle":0,"axis":"x","origin":[8.5,12.45,7.5]},"faces":{"north":{"uv":[11,11,11.999,11.999],"rotation":270,"texture":"#4"},"east":{"uv":[11,11,11.999,11.999],"rotation":270,"texture":"#4"},"south":{"uv":[11,11,11.999,11.999],"rotation":270,"texture":"#4"},"west":{"uv":[11,11,11.999,11.999],"rotation":270,"texture":"#4"},"up":{"uv":[11,11,11.999,11.999],"rotation":270,"texture":"#4"},"down":{"uv":[11,11,11.999,11.999],"rotation":270,"texture":"#4"}}},{"from":[8.15,13.18,7.23],"to":[8.85,13.72,7.77],"rotation":{"angle":0,"axis":"x","origin":[8.5,13.45,7.5]},"faces":{"north":{"uv":[11,11,11.999,11.999],"rotation":270,"texture":"#4"},"east":{"uv":[11,11,11.999,11.999],"rotation":270,"texture":"#4"},"south":{"uv":[11,11,11.999,11.999],"rotation":270,"texture":"#4"},"west":{"uv":[11,11,11.999,11.999],"rotation":270,"texture":"#4"},"up":{"uv":[11,11,11.999,11.999],"rotation":270,"texture":"#4"},"down":{"uv":[11,11,11.999,11.999],"rotation":270,"texture":"#4"}}},{"from":[8.15,14.18,7.23],"to":[8.85,14.72,7.77],"rotation":{"angle":0,"axis":"x","origin":[8.5,14.45,7.5]},"faces":{"north":{"uv":[11,11,11.999,11.999],"rotation":270,"texture":"#4"},"east":{"uv":[11,11,11.999,11.999],"rotation":270,"texture":"#4"},"south":{"uv":[11,11,11.999,11.999],"rotation":270,"texture":"#4"},"west":{"uv":[11,11,11.999,11.999],"rotation":270,"texture":"#4"},"up":{"uv":[11,11,11.999,11.999],"rotation":270,"texture":"#4"},"down":{"uv":[11,11,11.999,11.999],"rotation":270,"texture":"#4"}}},{"from":[8.15,15.18,7.23],"to":[8.85,15.72,7.77],"rotation":{"angle":0,"axis":"x","origin":[8.5,15.45,7.5]},"faces":{"north":{"uv":[11,11,11.999,11.999],"rotation":270,"texture":"#4"},"east":{"uv":[11,11,11.999,11.999],"rotation":270,"texture":"#4"},"south":{"uv":[11,11,11.999,11.999],"rotation":270,"texture":"#4"},"west":{"uv":[11,11,11.999,11.999],"rotation":270,"texture":"#4"},"up":{"uv":[11,11,11.999,11.999],"rotation":270,"texture":"#4"},"down":{"uv":[11,11,11.999,11.999],"rotation":270,"texture":"#4"}}},{"from":[8.15,16.18,7.23],"to":[8.85,16.72,7.77],"rotation":{"angle":0,"axis":"x","origin":[8.5,16.45,7.5]},"faces":{"north":{"uv":[11,11,11.999,11.999],"rotation":270,"texture":"#4"},"east":{"uv":[11,11,11.999,11.999],"rotation":270,"texture":"#4"},"south":{"uv":[11,11,11.999,11.999],"rotation":270,"texture":"#4"},"west":{"uv":[11,11,11.999,11.999],"rotation":270,"texture":"#4"},"up":{"uv":[11,11,11.999,11.999],"rotation":270,"texture":"#4"},"down":{"uv":[11,11,11.999,11.999],"rotation":270,"texture":"#4"}}},{"from":[8.15,17.18,7.23],"to":[8.85,17.72,7.77],"rotation":{"angle":0,"axis":"x","origin":[8.5,17.45,7.5]},"faces":{"north":{"uv":[11,11,11.999,11.999],"rotation":270,"texture":"#4"},"east":{"uv":[11,11,11.999,11.999],"rotation":270,"texture":"#4"},"south":{"uv":[11,11,11.999,11.999],"rotation":270,"texture":"#4"},"west":{"uv":[11,11,11.999,11.999],"rotation":270,"texture":"#4"},"up":{"uv":[11,11,11.999,11.999],"rotation":270,"texture":"#4"},"down":{"uv":[11,11,11.999,11.999],"rotation":270,"texture":"#4"}}},{"from":[8.15,18.18,7.23],"to":[8.85,18.72,7.77],"rotation":{"angle":0,"axis":"x","origin":[8.5,18.45,7.5]},"faces":{"north":{"uv":[11,11,11.999,11.999],"rotation":270,"texture":"#4"},"east":{"uv":[11,11,11.999,11.999],"rotation":270,"texture":"#4"},"south":{"uv":[11,11,11.999,11.999],"rotation":270,"texture":"#4"},"west":{"uv":[11,11,11.999,11.999],"rotation":270,"texture":"#4"},"up":{"uv":[11,11,11.999,11.999],"rotation":270,"texture":"#4"},"down":{"uv":[11,11,11.999,11.999],"rotation":270,"texture":"#4"}}},{"from":[8.15,19.18,7.23],"to":[8.85,19.72,7.77],"rotation":{"angle":0,"axis":"x","origin":[8.5,19.45,7.5]},"faces":{"north":{"uv":[11,11,11.999,11.999],"rotation":270,"texture":"#4"},"east":{"uv":[11,11,11.999,11.999],"rotation":270,"texture":"#4"},"south":{"uv":[11,11,11.999,11.999],"rotation":270,"texture":"#4"},"west":{"uv":[11,11,11.999,11.999],"rotation":270,"texture":"#4"},"up":{"uv":[11,11,11.999,11.999],"rotation":270,"texture":"#4"},"down":{"uv":[11,11,11.999,11.999],"rotation":270,"texture":"#4"}}},{"from":[8.15,20.18,7.23],"to":[8.85,20.72,7.77],"rotation":{"angle":0,"axis":"x","origin":[8.5,20.45,7.5]},"faces":{"north":{"uv":[11,11,11.999,11.999],"rotation":270,"texture":"#4"},"east":{"uv":[11,11,11.999,11.999],"rotation":270,"texture":"#4"},"south":{"uv":[11,11,11.999,11.999],"rotation":270,"texture":"#4"},"west":{"uv":[11,11,11.999,11.999],"rotation":270,"texture":"#4"},"up":{"uv":[11,11,11.999,11.999],"rotation":270,"texture":"#4"},"down":{"uv":[11,11,11.999,11.999],"rotation":270,"texture":"#4"}}},{"from":[8.15,21.18,7.23],"to":[8.85,21.72,7.77],"rotation":{"angle":0,"axis":"x","origin":[8.5,21.45,7.5]},"faces":{"north":{"uv":[11,11,11.999,11.999],"rotation":270,"texture":"#4"},"east":{"uv":[11,11,11.999,11.999],"rotation":270,"texture":"#4"},"south":{"uv":[11,11,11.999,11.999],"rotation":270,"texture":"#4"},"west":{"uv":[11,11,11.999,11.999],"rotation":270,"texture":"#4"},"up":{"uv":[11,11,11.999,11.999],"rotation":270,"texture":"#4"},"down":{"uv":[11,11,11.999,11.999],"rotation":270,"texture":"#4"}}},{"from":[8.15,22.18,7.23],"to":[8.85,22.72,7.77],"rotation":{"angle":0,"axis":"x","origin":[8.5,22.45,7.5]},"faces":{"north":{"uv":[11,11,11.999,11.999],"rotation":270,"texture":"#4"},"east":{"uv":[11,11,11.999,11.999],"rotation":270,"texture":"#4"},"south":{"uv":[11,11,11.999,11.999],"rotation":270,"texture":"#4"},"west":{"uv":[11,11,11.999,11.999],"rotation":270,"texture":"#4"},"up":{"uv":[11,11,11.999,11.999],"rotation":270,"texture":"#4"},"down":{"uv":[11,11,11.999,11.999],"rotation":270,"texture":"#4"}}},{"from":[8.15,23.18,7.23],"to":[8.85,23.72,7.77],"rotation":{"angle":0,"axis":"x","origin":[8.5,23.45,7.5]},"faces":{"north":{"uv":[11,11,11.999,11.999],"rotation":270,"texture":"#4"},"east":{"uv":[11,11,11.999,11.999],"rotation":270,"texture":"#4"},"south":{"uv":[11,11,11.999,11.999],"rotation":270,"texture":"#4"},"west":{"uv":[11,11,11.999,11.999],"rotation":270,"texture":"#4"},"up":{"uv":[11,11,11.999,11.999],"rotation":270,"texture":"#4"},"down":{"uv":[11,11,11.999,11.999],"rotation":270,"texture":"#4"}}},{"from":[8.15,24.18,7.23],"to":[8.85,24.72,7.77],"rotation":{"angle":0,"axis":"x","origin":[8.5,24.45,7.5]},"faces":{"north":{"uv":[11,11,11.999,11.999],"rotation":270,"texture":"#4"},"east":{"uv":[11,11,11.999,11.999],"rotation":270,"texture":"#4"},"south":{"uv":[11,11,11.999,11.999],"rotation":270,"texture":"#4"},"west":{"uv":[11,11,11.999,11.999],"rotation":270,"texture":"#4"},"up":{"uv":[11,11,11.999,11.999],"rotation":270,"texture":"#4"},"down":{"uv":[11,11,11.999,11.999],"rotation":270,"texture":"#4"}}},{"from":[8.15,25.18,7.23],"to":[8.85,25.72,7.77],"rotation":{"angle":0,"axis":"x","origin":[8.5,25.45,7.5]},"faces":{"north":{"uv":[11,11,11.999,11.999],"rotation":270,"texture":"#4"},"east":{"uv":[11,11,11.999,11.999],"rotation":270,"texture":"#4"},"south":{"uv":[11,11,11.999,11.999],"rotation":270,"texture":"#4"},"west":{"uv":[11,11,11.999,11.999],"rotation":270,"texture":"#4"},"up":{"uv":[11,11,11.999,11.999],"rotation":270,"texture":"#4"},"down":{"uv":[11,11,11.999,11.999],"rotation":270,"texture":"#4"}}},{"from":[8.15,26.18,7.23],"to":[8.85,26.72,7.77],"rotation":{"angle":0,"axis":"x","origin":[8.5,26.45,7.5]},"faces":{"north":{"uv":[11,11,11.999,11.999],"rotation":270,"texture":"#4"},"east":{"uv":[11,11,11.999,11.999],"rotation":270,"texture":"#4"},"south":{"uv":[11,11,11.999,11.999],"rotation":270,"texture":"#4"},"west":{"uv":[11,11,11.999,11.999],"rotation":270,"texture":"#4"},"up":{"uv":[11,11,11.999,11.999],"rotation":270,"texture":"#4"},"down":{"uv":[11,11,11.999,11.999],"rotation":270,"texture":"#4"}}},{"from":[8.15,27.18,7.23],"to":[8.85,27.72,7.77],"rotation":{"angle":0,"axis":"x","origin":[8.5,27.45,7.5]},"faces":{"north":{"uv":[11,11,11.999,11.999],"rotation":270,"texture":"#4"},"east":{"uv":[11,11,11.999,11.999],"rotation":270,"texture":"#4"},"south":{"uv":[11,11,11.999,11.999],"rotation":270,"texture":"#4"},"west":{"uv":[11,11,11.999,11.999],"rotation":270,"texture":"#4"},"up":{"uv":[11,11,11.999,11.999],"rotation":270,"texture":"#4"},"down":{"uv":[11,11,11.999,11.999],"rotation":270,"texture":"#4"}}},{"from":[8.15,28.18,7.23],"to":[8.85,28.72,7.77],"rotation":{"angle":0,"axis":"x","origin":[8.5,28.45,7.5]},"faces":{"north":{"uv":[11,11,11.999,11.999],"rotation":270,"texture":"#4"},"east":{"uv":[11,11,11.999,11.999],"rotation":270,"texture":"#4"},"south":{"uv":[11,11,11.999,11.999],"rotation":270,"texture":"#4"},"west":{"uv":[11,11,11.999,11.999],"rotation":270,"texture":"#4"},"up":{"uv":[11,11,11.999,11.999],"rotation":270,"texture":"#4"},"down":{"uv":[11,11,11.999,11.999],"rotation":270,"texture":"#4"}}},{"from":[8.15,28.18,7.23],"to":[8.85,28.72,7.77],"rotation":{"angle":45,"axis":"x","origin":[8.5,28.45,7.5]},"faces":{"north":{"uv":[11,11,11.999,11.999],"rotation":270,"texture":"#4"},"east":{"uv":[11,11,11.999,11.999],"rotation":270,"texture":"#4"},"south":{"uv":[11,11,11.999,11.999],"rotation":270,"texture":"#4"},"west":{"uv":[11,11,11.999,11.999],"rotation":270,"texture":"#4"},"up":{"uv":[11,11,11.999,11.999],"rotation":270,"texture":"#4"},"down":{"uv":[11,11,11.999,11.999],"rotation":270,"texture":"#4"}}},{"from":[8.15,27.18,7.23],"to":[8.85,27.72,7.77],"rotation":{"angle":45,"axis":"x","origin":[8.5,27.45,7.5]},"faces":{"north":{"uv":[11,11,11.999,11.999],"rotation":270,"texture":"#4"},"east":{"uv":[11,11,11.999,11.999],"rotation":270,"texture":"#4"},"south":{"uv":[11,11,11.999,11.999],"rotation":270,"texture":"#4"},"west":{"uv":[11,11,11.999,11.999],"rotation":270,"texture":"#4"},"up":{"uv":[11,11,11.999,11.999],"rotation":270,"texture":"#4"},"down":{"uv":[11,11,11.999,11.999],"rotation":270,"texture":"#4"}}},{"from":[8.15,26.18,7.23],"to":[8.85,26.72,7.77],"rotation":{"angle":45,"axis":"x","origin":[8.5,26.45,7.5]},"faces":{"north":{"uv":[11,11,11.999,11.999],"rotation":270,"texture":"#4"},"east":{"uv":[11,11,11.999,11.999],"rotation":270,"texture":"#4"},"south":{"uv":[11,11,11.999,11.999],"rotation":270,"texture":"#4"},"west":{"uv":[11,11,11.999,11.999],"rotation":270,"texture":"#4"},"up":{"uv":[11,11,11.999,11.999],"rotation":270,"texture":"#4"},"down":{"uv":[11,11,11.999,11.999],"rotation":270,"texture":"#4"}}},{"from":[8.15,6.18,7.23],"to":[8.85,6.72,7.77],"rotation":{"angle":45,"axis":"x","origin":[8.5,6.45,7.5]},"faces":{"north":{"uv":[11,11,11.999,11.999],"texture":"#4"},"east":{"uv":[11,11,11.999,11.999],"texture":"#4"},"south":{"uv":[11,11,11.999,11.999],"texture":"#4"},"west":{"uv":[11,11,11.999,11.999],"texture":"#4"},"up":{"uv":[11,11,11.999,11.999],"texture":"#4"},"down":{"uv":[11,11,11.999,11.999],"texture":"#4"}}},{"from":[8.15,7.18,7.23],"to":[8.85,7.72,7.77],"rotation":{"angle":45,"axis":"x","origin":[8.5,7.45,7.5]},"faces":{"north":{"uv":[11,11,11.999,11.999],"texture":"#4"},"east":{"uv":[11,11,11.999,11.999],"texture":"#4"},"south":{"uv":[11,11,11.999,11.999],"texture":"#4"},"west":{"uv":[11,11,11.999,11.999],"texture":"#4"},"up":{"uv":[11,11,11.999,11.999],"texture":"#4"},"down":{"uv":[11,11,11.999,11.999],"texture":"#4"}}},{"from":[8.15,8.18,7.23],"to":[8.85,8.72,7.77],"rotation":{"angle":45,"axis":"x","origin":[8.5,8.45,7.5]},"faces":{"north":{"uv":[11,11,11.999,11.999],"texture":"#4"},"east":{"uv":[11,11,11.999,11.999],"texture":"#4"},"south":{"uv":[11,11,11.999,11.999],"texture":"#4"},"west":{"uv":[11,11,11.999,11.999],"texture":"#4"},"up":{"uv":[11,11,11.999,11.999],"texture":"#4"},"down":{"uv":[11,11,11.999,11.999],"texture":"#4"}}},{"from":[8.15,9.18,7.23],"to":[8.85,9.72,7.77],"rotation":{"angle":45,"axis":"x","origin":[8.5,9.45,7.5]},"faces":{"north":{"uv":[11,11,11.999,11.999],"texture":"#4"},"east":{"uv":[11,11,11.999,11.999],"texture":"#4"},"south":{"uv":[11,11,11.999,11.999],"texture":"#4"},"west":{"uv":[11,11,11.999,11.999],"texture":"#4"},"up":{"uv":[11,11,11.999,11.999],"texture":"#4"},"down":{"uv":[11,11,11.999,11.999],"texture":"#4"}}},{"from":[8.15,10.18,7.23],"to":[8.85,10.72,7.77],"rotation":{"angle":45,"axis":"x","origin":[8.5,10.45,7.5]},"faces":{"north":{"uv":[11,11,11.999,11.999],"texture":"#4"},"east":{"uv":[11,11,11.999,11.999],"texture":"#4"},"south":{"uv":[11,11,11.999,11.999],"texture":"#4"},"west":{"uv":[11,11,11.999,11.999],"texture":"#4"},"up":{"uv":[11,11,11.999,11.999],"texture":"#4"},"down":{"uv":[11,11,11.999,11.999],"texture":"#4"}}},{"from":[8.15,11.18,7.23],"to":[8.85,11.72,7.77],"rotation":{"angle":45,"axis":"x","origin":[8.5,11.45,7.5]},"faces":{"north":{"uv":[11,11,11.999,11.999],"texture":"#4"},"east":{"uv":[11,11,11.999,11.999],"texture":"#4"},"south":{"uv":[11,11,11.999,11.999],"texture":"#4"},"west":{"uv":[11,11,11.999,11.999],"texture":"#4"},"up":{"uv":[11,11,11.999,11.999],"texture":"#4"},"down":{"uv":[11,11,11.999,11.999],"texture":"#4"}}},{"from":[8.15,12.18,7.23],"to":[8.85,12.72,7.77],"rotation":{"angle":45,"axis":"x","origin":[8.5,12.45,7.5]},"faces":{"north":{"uv":[11,11,11.999,11.999],"texture":"#4"},"east":{"uv":[11,11,11.999,11.999],"texture":"#4"},"south":{"uv":[11,11,11.999,11.999],"texture":"#4"},"west":{"uv":[11,11,11.999,11.999],"texture":"#4"},"up":{"uv":[11,11,11.999,11.999],"texture":"#4"},"down":{"uv":[11,11,11.999,11.999],"texture":"#4"}}},{"from":[8.15,13.18,7.23],"to":[8.85,13.72,7.77],"rotation":{"angle":45,"axis":"x","origin":[8.5,13.45,7.5]},"faces":{"north":{"uv":[11,11,11.999,11.999],"texture":"#4"},"east":{"uv":[11,11,11.999,11.999],"texture":"#4"},"south":{"uv":[11,11,11.999,11.999],"texture":"#4"},"west":{"uv":[11,11,11.999,11.999],"texture":"#4"},"up":{"uv":[11,11,11.999,11.999],"texture":"#4"},"down":{"uv":[11,11,11.999,11.999],"texture":"#4"}}},{"from":[8.15,14.18,7.23],"to":[8.85,14.72,7.77],"rotation":{"angle":45,"axis":"x","origin":[8.5,14.45,7.5]},"faces":{"north":{"uv":[11,11,11.999,11.999],"texture":"#4"},"east":{"uv":[11,11,11.999,11.999],"texture":"#4"},"south":{"uv":[11,11,11.999,11.999],"texture":"#4"},"west":{"uv":[11,11,11.999,11.999],"texture":"#4"},"up":{"uv":[11,11,11.999,11.999],"texture":"#4"},"down":{"uv":[11,11,11.999,11.999],"texture":"#4"}}},{"from":[8.15,15.18,7.23],"to":[8.85,15.72,7.77],"rotation":{"angle":45,"axis":"x","origin":[8.5,15.45,7.5]},"faces":{"north":{"uv":[11,11,11.999,11.999],"texture":"#4"},"east":{"uv":[11,11,11.999,11.999],"texture":"#4"},"south":{"uv":[11,11,11.999,11.999],"texture":"#4"},"west":{"uv":[11,11,11.999,11.999],"texture":"#4"},"up":{"uv":[11,11,11.999,11.999],"texture":"#4"},"down":{"uv":[11,11,11.999,11.999],"texture":"#4"}}},{"from":[8.15,16.18,7.23],"to":[8.85,16.72,7.77],"rotation":{"angle":45,"axis":"x","origin":[8.5,16.45,7.5]},"faces":{"north":{"uv":[11,11,11.999,11.999],"texture":"#4"},"east":{"uv":[11,11,11.999,11.999],"texture":"#4"},"south":{"uv":[11,11,11.999,11.999],"texture":"#4"},"west":{"uv":[11,11,11.999,11.999],"texture":"#4"},"up":{"uv":[11,11,11.999,11.999],"texture":"#4"},"down":{"uv":[11,11,11.999,11.999],"texture":"#4"}}},{"from":[8.15,17.18,7.23],"to":[8.85,17.72,7.77],"rotation":{"angle":45,"axis":"x","origin":[8.5,17.45,7.5]},"faces":{"north":{"uv":[11,11,11.999,11.999],"texture":"#4"},"east":{"uv":[11,11,11.999,11.999],"texture":"#4"},"south":{"uv":[11,11,11.999,11.999],"texture":"#4"},"west":{"uv":[11,11,11.999,11.999],"texture":"#4"},"up":{"uv":[11,11,11.999,11.999],"texture":"#4"},"down":{"uv":[11,11,11.999,11.999],"texture":"#4"}}},{"from":[8.15,18.18,7.23],"to":[8.85,18.72,7.77],"rotation":{"angle":45,"axis":"x","origin":[8.5,18.45,7.5]},"faces":{"north":{"uv":[11,11,11.999,11.999],"texture":"#4"},"east":{"uv":[11,11,11.999,11.999],"texture":"#4"},"south":{"uv":[11,11,11.999,11.999],"texture":"#4"},"west":{"uv":[11,11,11.999,11.999],"texture":"#4"},"up":{"uv":[11,11,11.999,11.999],"texture":"#4"},"down":{"uv":[11,11,11.999,11.999],"texture":"#4"}}},{"from":[8.15,19.18,7.23],"to":[8.85,19.72,7.77],"rotation":{"angle":45,"axis":"x","origin":[8.5,19.45,7.5]},"faces":{"north":{"uv":[11,11,11.999,11.999],"texture":"#4"},"east":{"uv":[11,11,11.999,11.999],"texture":"#4"},"south":{"uv":[11,11,11.999,11.999],"texture":"#4"},"west":{"uv":[11,11,11.999,11.999],"texture":"#4"},"up":{"uv":[11,11,11.999,11.999],"texture":"#4"},"down":{"uv":[11,11,11.999,11.999],"texture":"#4"}}},{"from":[8.15,20.18,7.23],"to":[8.85,20.72,7.77],"rotation":{"angle":45,"axis":"x","origin":[8.5,20.45,7.5]},"faces":{"north":{"uv":[11,11,11.999,11.999],"texture":"#4"},"east":{"uv":[11,11,11.999,11.999],"texture":"#4"},"south":{"uv":[11,11,11.999,11.999],"texture":"#4"},"west":{"uv":[11,11,11.999,11.999],"texture":"#4"},"up":{"uv":[11,11,11.999,11.999],"texture":"#4"},"down":{"uv":[11,11,11.999,11.999],"texture":"#4"}}},{"from":[8.15,21.18,7.23],"to":[8.85,21.72,7.77],"rotation":{"angle":45,"axis":"x","origin":[8.5,21.45,7.5]},"faces":{"north":{"uv":[11,11,11.999,11.999],"texture":"#4"},"east":{"uv":[11,11,11.999,11.999],"texture":"#4"},"south":{"uv":[11,11,11.999,11.999],"texture":"#4"},"west":{"uv":[11,11,11.999,11.999],"texture":"#4"},"up":{"uv":[11,11,11.999,11.999],"texture":"#4"},"down":{"uv":[11,11,11.999,11.999],"texture":"#4"}}},{"from":[8.15,22.18,7.23],"to":[8.85,22.72,7.77],"rotation":{"angle":45,"axis":"x","origin":[8.5,22.45,7.5]},"faces":{"north":{"uv":[11,11,11.999,11.999],"texture":"#4"},"east":{"uv":[11,11,11.999,11.999],"texture":"#4"},"south":{"uv":[11,11,11.999,11.999],"texture":"#4"},"west":{"uv":[11,11,11.999,11.999],"texture":"#4"},"up":{"uv":[11,11,11.999,11.999],"texture":"#4"},"down":{"uv":[11,11,11.999,11.999],"texture":"#4"}}},{"from":[8.15,23.18,7.23],"to":[8.85,23.72,7.77],"rotation":{"angle":45,"axis":"x","origin":[8.5,23.45,7.5]},"faces":{"north":{"uv":[11,11,11.999,11.999],"texture":"#4"},"east":{"uv":[11,11,11.999,11.999],"texture":"#4"},"south":{"uv":[11,11,11.999,11.999],"texture":"#4"},"west":{"uv":[11,11,11.999,11.999],"texture":"#4"},"up":{"uv":[11,11,11.999,11.999],"texture":"#4"},"down":{"uv":[11,11,11.999,11.999],"texture":"#4"}}},{"from":[8.15,24.18,7.23],"to":[8.85,24.72,7.77],"rotation":{"angle":45,"axis":"x","origin":[8.5,24.45,7.5]},"faces":{"north":{"uv":[11,11,11.999,11.999],"texture":"#4"},"east":{"uv":[11,11,11.999,11.999],"texture":"#4"},"south":{"uv":[11,11,11.999,11.999],"texture":"#4"},"west":{"uv":[11,11,11.999,11.999],"texture":"#4"},"up":{"uv":[11,11,11.999,11.999],"texture":"#4"},"down":{"uv":[11,11,11.999,11.999],"texture":"#4"}}},{"from":[8.15,25.18,7.23],"to":[8.85,25.72,7.77],"rotation":{"angle":45,"axis":"x","origin":[8.5,25.45,7.5]},"faces":{"north":{"uv":[11,11,11.999,11.999],"texture":"#4"},"east":{"uv":[11,11,11.999,11.999],"texture":"#4"},"south":{"uv":[11,11,11.999,11.999],"texture":"#4"},"west":{"uv":[11,11,11.999,11.999],"texture":"#4"},"up":{"uv":[11,11,11.999,11.999],"texture":"#4"},"down":{"uv":[11,11,11.999,11.999],"texture":"#4"}}},{"from":[8.25,29.28,7.23],"to":[8.75,29.82,7.77],"rotation":{"angle":45,"axis":"x","origin":[8.5,29.55,7.5]},"faces":{"north":{"uv":[11,11,11.999,11.999],"texture":"#4"},"east":{"uv":[11,11,11.999,11.999],"texture":"#4"},"south":{"uv":[11,11,11.999,11.999],"texture":"#4"},"west":{"uv":[11,11,11.999,11.999],"texture":"#4"},"up":{"uv":[11,11,11.999,11.999],"texture":"#4"},"down":{"uv":[11,11,11.999,11.999],"texture":"#4"}}},{"from":[8.25,29.28,7.23],"to":[8.75,29.82,7.77],"rotation":{"angle":0,"axis":"x","origin":[8.5,29.55,7.5]},"faces":{"north":{"uv":[11,11,11.999,11.999],"rotation":270,"texture":"#4"},"east":{"uv":[11,11,11.999,11.999],"rotation":270,"texture":"#4"},"south":{"uv":[11,11,11.999,11.999],"rotation":270,"texture":"#4"},"west":{"uv":[11,11,11.999,11.999],"rotation":270,"texture":"#4"},"up":{"uv":[11,11,11.999,11.999],"rotation":270,"texture":"#4"},"down":{"uv":[11,11,11.999,11.999],"rotation":270,"texture":"#4"}}},{"from":[8.3,30.28,7.23],"to":[8.7,30.82,7.77],"rotation":{"angle":45,"axis":"x","origin":[8.5,30.55,7.5]},"faces":{"north":{"uv":[11,11,11.999,11.999],"texture":"#4"},"east":{"uv":[11,11,11.999,11.999],"texture":"#4"},"south":{"uv":[11,11,11.999,11.999],"texture":"#4"},"west":{"uv":[11,11,11.999,11.999],"texture":"#4"},"up":{"uv":[11,11,11.999,11.999],"texture":"#4"},"down":{"uv":[11,11,11.999,11.999],"texture":"#4"}}},{"from":[8.3,30.28,7.23],"to":[8.7,30.82,7.77],"rotation":{"angle":0,"axis":"x","origin":[8.5,30.55,7.5]},"faces":{"north":{"uv":[11,11,11.999,11.999],"rotation":270,"texture":"#4"},"east":{"uv":[11,11,11.999,11.999],"rotation":270,"texture":"#4"},"south":{"uv":[11,11,11.999,11.999],"rotation":270,"texture":"#4"},"west":{"uv":[11,11,11.999,11.999],"rotation":270,"texture":"#4"},"up":{"uv":[11,11,11.999,11.999],"rotation":270,"texture":"#4"},"down":{"uv":[11,11,11.999,11.999],"rotation":270,"texture":"#4"}}},{"from":[8.15,4.28,7.13],"to":[8.85,5.02,7.87],"rotation":{"angle":45,"axis":"x","origin":[8.5,4.65,7.5]},"faces":{"north":{"uv":[4,2,6.993,4.992],"rotation":90,"texture":"#3"},"east":{"uv":[4,2,6.993,4.992],"rotation":90,"texture":"#3"},"south":{"uv":[4,2,6.993,4.992],"rotation":90,"texture":"#3"},"west":{"uv":[4,2,6.993,4.992],"texture":"#3"},"up":{"uv":[4,2,6.993,4.992],"rotation":90,"texture":"#3"},"down":{"uv":[4,2,6.993,4.992],"rotation":90,"texture":"#3"}}},{"from":[7.98,1.18,7.23],"to":[9.02,1.72,7.77],"rotation":{"angle":45,"axis":"x","origin":[8.5,1.45,7.5]},"faces":{"north":{"uv":[9,9,11.998,11.999],"texture":"#3"},"east":{"uv":[9,9,11.998,11.999],"texture":"#3"},"south":{"uv":[9,9,11.998,11.999],"texture":"#3"},"west":{"uv":[9,9,11.998,11.999],"texture":"#3"},"up":{"uv":[9,9,11.998,11.999],"texture":"#3"},"down":{"uv":[9,9,11.998,11.999],"texture":"#3"}}},{"from":[7.98,0.18,7.23],"to":[9.02,0.72,7.77],"rotation":{"angle":45,"axis":"x","origin":[8.5,0.45,7.5]},"faces":{"north":{"uv":[9,9,11.998,11.999],"texture":"#3"},"east":{"uv":[9,9,11.998,11.999],"texture":"#3"},"south":{"uv":[9,9,11.998,11.999],"texture":"#3"},"west":{"uv":[9,9,11.998,11.999],"texture":"#3"},"up":{"uv":[9,9,11.998,11.999],"texture":"#3"},"down":{"uv":[9,9,11.998,11.999],"texture":"#3"}}},{"from":[7.98,-0.82,7.23],"to":[9.02,-0.28,7.77],"rotation":{"angle":45,"axis":"x","origin":[8.5,-0.55,7.5]},"faces":{"north":{"uv":[9,9,11.998,11.999],"texture":"#3"},"east":{"uv":[9,9,11.998,11.999],"texture":"#3"},"south":{"uv":[9,9,11.998,11.999],"texture":"#3"},"west":{"uv":[9,9,11.998,11.999],"texture":"#3"},"up":{"uv":[9,9,11.998,11.999],"texture":"#3"},"down":{"uv":[9,9,11.998,11.999],"texture":"#3"}}},{"from":[7.98,-1.82,7.23],"to":[9.02,-1.28,7.77],"rotation":{"angle":45,"axis":"x","origin":[8.5,-1.55,7.5]},"faces":{"north":{"uv":[9,9,11.998,11.999],"texture":"#3"},"east":{"uv":[9,9,11.998,11.999],"texture":"#3"},"south":{"uv":[9,9,11.998,11.999],"texture":"#3"},"west":{"uv":[9,9,11.998,11.999],"texture":"#3"},"up":{"uv":[9,9,11.998,11.999],"texture":"#3"},"down":{"uv":[9,9,11.998,11.999],"texture":"#3"}}},{"from":[8,2.9,4],"to":[9,3.65,7],"rotation":{"angle":0,"axis":"y","origin":[8.5,3.275,5.5]},"faces":{"north":{"uv":[10,12,10.999,13],"texture":"#4"},"east":{"uv":[10,12,10.999,13],"texture":"#4"},"south":{"uv":[10,12,10.999,13],"texture":"#4"},"west":{"uv":[10,12,10.999,13],"texture":"#4"},"up":{"uv":[10,12,10.999,13],"texture":"#4"},"down":{"uv":[10,12,10.999,13],"texture":"#4"}}},{"from":[8,2.9,7],"to":[9,3.9,8],"rotation":{"angle":0,"axis":"y","origin":[8.5,3.275,7.5]},"faces":{"north":{"uv":[10,12,10.999,13],"texture":"#4"},"east":{"uv":[10,12,10.999,13],"texture":"#4"},"south":{"uv":[10,12,10.999,13],"texture":"#4"},"west":{"uv":[10,12,10.999,13],"texture":"#4"},"up":{"uv":[10,12,10.999,13],"texture":"#4"},"down":{"uv":[10,12,10.999,13],"texture":"#4"}}},{"from":[8,2.9,8],"to":[9,3.65,11],"rotation":{"angle":0,"axis":"y","origin":[8.5,3.275,9.5]},"faces":{"north":{"uv":[10,12,10.999,13],"texture":"#4"},"east":{"uv":[10,12,10.999,13],"texture":"#4"},"south":{"uv":[10,12,10.999,13],"texture":"#4"},"west":{"uv":[10,12,10.999,13],"texture":"#4"},"up":{"uv":[10,12,10.999,13],"texture":"#4"},"down":{"uv":[10,12,10.999,13],"texture":"#4"}}},{"from":[8,3.075,10.525],"to":[9,4.275,11.275],"rotation":{"angle":22.5,"axis":"x","origin":[8.5,3.275,10.9]},"faces":{"north":{"uv":[10,12,10.999,13],"rotation":270,"texture":"#4"},"east":{"uv":[10,12,10.999,13],"rotation":270,"texture":"#4"},"south":{"uv":[10,12,10.999,13],"rotation":270,"texture":"#4"},"west":{"uv":[10,12,10.999,13],"rotation":270,"texture":"#4"},"up":{"uv":[10,12,10.999,13],"rotation":270,"texture":"#4"},"down":{"uv":[10,12,10.999,13],"rotation":270,"texture":"#4"}}},{"from":[8,3.075,10.525],"to":[9,4.275,11.275],"rotation":{"angle":45,"axis":"x","origin":[8.5,3.275,10.9]},"faces":{"north":{"uv":[10,12,10.999,13],"rotation":270,"texture":"#4"},"east":{"uv":[10,12,10.999,13],"rotation":270,"texture":"#4"},"south":{"uv":[10,12,10.999,13],"rotation":270,"texture":"#4"},"west":{"uv":[10,12,10.999,13],"rotation":270,"texture":"#4"},"up":{"uv":[10,12,10.999,13],"rotation":270,"texture":"#4"},"down":{"uv":[10,12,10.999,13],"rotation":270,"texture":"#4"}}},{"from":[8,4.675,6.325],"to":[9,5.875,7.075],"rotation":{"angle":45,"axis":"x","origin":[8.5,4.875,6.7]},"faces":{"north":{"uv":[10,12,10.999,13],"rotation":270,"texture":"#4"},"east":{"uv":[10,12,10.999,13],"rotation":270,"texture":"#4"},"south":{"uv":[10,12,10.999,13],"rotation":270,"texture":"#4"},"west":{"uv":[10,12,10.999,13],"rotation":270,"texture":"#4"},"up":{"uv":[10,12,10.999,13],"rotation":270,"texture":"#4"},"down":{"uv":[10,12,10.999,13],"rotation":270,"texture":"#4"}}},{"from":[8.175,3.475,5.625],"to":[8.825,5.075,6.375],"rotation":{"angle":22.5,"axis":"x","origin":[8.5,3.675,6]},"faces":{"north":{"uv":[10,12,10.999,13],"rotation":270,"texture":"#4"},"east":{"uv":[10,12,10.999,13],"rotation":270,"texture":"#4"},"south":{"uv":[10,12,10.999,13],"rotation":270,"texture":"#4"},"west":{"uv":[10,12,10.999,13],"rotation":270,"texture":"#4"},"up":{"uv":[10,12,10.999,13],"rotation":270,"texture":"#4"},"down":{"uv":[10,12,10.999,13],"rotation":270,"texture":"#4"}}},{"from":[8.4,3.42933,5.15461],"to":[8.6,6.02933,5.90461],"rotation":{"angle":22.5,"axis":"x","origin":[8.5,4.22933,5.52961]},"faces":{"north":{"uv":[12,6,14,8.998],"rotation":270,"texture":"#3"},"east":{"uv":[12,6,14,8.998],"rotation":270,"texture":"#3"},"south":{"uv":[12,6,14,8.998],"rotation":270,"texture":"#3"},"west":{"uv":[12,6,14,8.998],"rotation":270,"texture":"#3"},"up":{"uv":[12,6,14,8.998],"rotation":270,"texture":"#3"},"down":{"uv":[12,6,14,8.998],"rotation":270,"texture":"#3"}}},{"from":[8,3.475,6.325],"to":[9,4.675,7.075],"rotation":{"angle":-45,"axis":"x","origin":[8.5,4.475,6.7]},"faces":{"north":{"uv":[10,12,10.999,13],"rotation":90,"texture":"#4"},"east":{"uv":[10,12,10.999,13],"rotation":90,"texture":"#4"},"south":{"uv":[10,12,10.999,13],"rotation":90,"texture":"#4"},"west":{"uv":[10,12,10.999,13],"rotation":90,"texture":"#4"},"up":{"uv":[10,12,10.999,13],"rotation":90,"texture":"#4"},"down":{"uv":[10,12,10.999,13],"rotation":90,"texture":"#4"}}},{"from":[8,3.475,7.925],"to":[9,4.675,8.675],"rotation":{"angle":45,"axis":"x","origin":[8.5,4.475,8.3]},"faces":{"north":{"uv":[10,12,10.999,13],"rotation":90,"texture":"#4"},"east":{"uv":[10,12,10.999,13],"rotation":90,"texture":"#4"},"south":{"uv":[10,12,10.999,13],"rotation":90,"texture":"#4"},"west":{"uv":[10,12,10.999,13],"rotation":90,"texture":"#4"},"up":{"uv":[10,12,10.999,13],"rotation":90,"texture":"#4"},"down":{"uv":[10,12,10.999,13],"rotation":90,"texture":"#4"}}},{"from":[8,3.075,3.725],"to":[9,4.275,4.475],"rotation":{"angle":-22.5,"axis":"x","origin":[8.5,3.275,4.1]},"faces":{"north":{"uv":[10,12,10.999,13],"rotation":90,"texture":"#4"},"east":{"uv":[10,12,10.999,13],"rotation":90,"texture":"#4"},"south":{"uv":[10,12,10.999,13],"rotation":90,"texture":"#4"},"west":{"uv":[10,12,10.999,13],"rotation":90,"texture":"#4"},"up":{"uv":[10,12,10.999,13],"rotation":90,"texture":"#4"},"down":{"uv":[10,12,10.999,13],"rotation":90,"texture":"#4"}}},{"from":[8,3.075,3.725],"to":[9,4.275,4.475],"rotation":{"angle":-45,"axis":"x","origin":[8.5,3.275,4.1]},"faces":{"north":{"uv":[10,12,10.999,13],"rotation":90,"texture":"#4"},"east":{"uv":[10,12,10.999,13],"rotation":90,"texture":"#4"},"south":{"uv":[10,12,10.999,13],"rotation":90,"texture":"#4"},"west":{"uv":[10,12,10.999,13],"rotation":90,"texture":"#4"},"up":{"uv":[10,12,10.999,13],"rotation":90,"texture":"#4"},"down":{"uv":[10,12,10.999,13],"rotation":90,"texture":"#4"}}},{"from":[8,4.675,7.925],"to":[9,5.875,8.675],"rotation":{"angle":-45,"axis":"x","origin":[8.5,4.875,8.3]},"faces":{"north":{"uv":[10,12,10.999,13],"rotation":90,"texture":"#4"},"east":{"uv":[10,12,10.999,13],"rotation":90,"texture":"#4"},"south":{"uv":[10,12,10.999,13],"rotation":90,"texture":"#4"},"west":{"uv":[10,12,10.999,13],"rotation":90,"texture":"#4"},"up":{"uv":[10,12,10.999,13],"rotation":90,"texture":"#4"},"down":{"uv":[10,12,10.999,13],"rotation":90,"texture":"#4"}}},{"from":[8.175,3.475,8.625],"to":[8.825,5.075,9.375],"rotation":{"angle":-22.5,"axis":"x","origin":[8.5,3.675,9]},"faces":{"north":{"uv":[10,12,10.999,13],"rotation":90,"texture":"#4"},"east":{"uv":[10,12,10.999,13],"rotation":90,"texture":"#4"},"south":{"uv":[10,12,10.999,13],"rotation":90,"texture":"#4"},"west":{"uv":[10,12,10.999,13],"rotation":90,"texture":"#4"},"up":{"uv":[10,12,10.999,13],"rotation":90,"texture":"#4"},"down":{"uv":[10,12,10.999,13],"rotation":90,"texture":"#4"}}},{"from":[8.4,3.39127,8.90405],"to":[8.6,5.99127,9.65405],"rotation":{"angle":-22.5,"axis":"x","origin":[8.5,4.69127,9.27905]},"faces":{"north":{"uv":[12,6,14,8.998],"rotation":90,"texture":"#3"},"east":{"uv":[12,6,14,8.998],"rotation":90,"texture":"#3"},"south":{"uv":[12,6,14,8.998],"rotation":90,"texture":"#3"},"west":{"uv":[12,6,14,8.998],"rotation":90,"texture":"#3"},"up":{"uv":[12,6,14,8.998],"rotation":90,"texture":"#3"},"down":{"uv":[12,6,14,8.998],"rotation":90,"texture":"#3"}}},{"from":[7.86,-2.95,7],"to":[9.14,-1.95,8],"rotation":{"angle":45,"axis":"x","origin":[8.5,-2.45,7.5]},"faces":{"north":{"uv":[10,13,10.999,13.999],"rotation":180,"texture":"#4"},"east":{"uv":[10,13,10.999,13.999],"rotation":180,"texture":"#4"},"south":{"uv":[10,13,10.999,13.999],"rotation":180,"texture":"#4"},"west":{"uv":[10,13,10.999,13.999],"rotation":180,"texture":"#4"},"up":{"uv":[10,13,10.999,13.999],"rotation":180,"texture":"#4"},"down":{"uv":[10,13,10.999,13.999],"rotation":180,"texture":"#4"}}},{"from":[7.86,-2.95,7],"to":[9.14,-1.95,8],"rotation":{"angle":0,"axis":"x","origin":[8.5,-2.45,7.5]},"faces":{"north":{"uv":[10,13,10.999,13.999],"rotation":90,"texture":"#4"},"east":{"uv":[10,13,10.999,13.999],"rotation":90,"texture":"#4"},"south":{"uv":[10,13,10.999,13.999],"rotation":90,"texture":"#4"},"west":{"uv":[10,13,10.999,13.999],"rotation":90,"texture":"#4"},"up":{"uv":[10,13,10.999,13.999],"rotation":90,"texture":"#4"},"down":{"uv":[10,13,10.999,13.999],"rotation":90,"texture":"#4"}}},{"from":[8.375,3,8.5],"to":[8.625,29.5,8.75],"rotation":{"angle":0,"axis":"y","origin":[8.5,14.75,8.625]},"faces":{"north":{"uv":[8,2,8.998,14.997],"texture":"#3"},"east":{"uv":[8,2,8.998,14.997],"texture":"#3"},"south":{"uv":[8,2,8.998,14.997],"texture":"#3"},"west":{"uv":[8,2,8.998,14.997],"texture":"#3"},"up":{"uv":[8,2,8.998,3],"texture":"#3"},"down":{"uv":[8,2,8.998,14.997],"texture":"#3"}}},{"from":[8.375,4,8.75],"to":[8.625,13,8.9],"rotation":{"angle":0,"axis":"y","origin":[8.5,7,8.825]},"faces":{"north":{"uv":[8,2,8.998,14.997],"texture":"#3"},"east":{"uv":[8,2,8.998,14.997],"texture":"#3"},"south":{"uv":[8,2,8.998,14.997],"texture":"#3"},"west":{"uv":[8,2,8.998,14.997],"texture":"#3"},"up":{"uv":[8,2,8.998,3],"texture":"#3"},"down":{"uv":[8,2,8.998,14.997],"texture":"#3"}}},{"from":[8.375,20,8.75],"to":[8.625,29,8.9],"rotation":{"angle":0,"axis":"y","origin":[8.5,23,8.825]},"faces":{"north":{"uv":[8,2,8.998,14.997],"texture":"#3"},"east":{"uv":[8,2,8.998,14.997],"texture":"#3"},"south":{"uv":[8,2,8.998,14.997],"texture":"#3"},"west":{"uv":[8,2,8.998,14.997],"texture":"#3"},"up":{"uv":[8,2,8.998,3],"texture":"#3"},"down":{"uv":[8,2,8.998,14.997],"texture":"#3"}}},{"from":[8.375,21,8.9],"to":[8.625,28,9.05],"rotation":{"angle":0,"axis":"y","origin":[8.5,23,8.975]},"faces":{"north":{"uv":[8,2,8.998,14.997],"texture":"#3"},"east":{"uv":[8,2,8.998,14.997],"texture":"#3"},"south":{"uv":[8,2,8.998,14.997],"texture":"#3"},"west":{"uv":[8,2,8.998,14.997],"texture":"#3"},"up":{"uv":[8,2,8.998,3],"texture":"#3"},"down":{"uv":[8,2,8.998,14.997],"texture":"#3"}}},{"from":[8.375,22,9.05],"to":[8.625,27,9.2],"rotation":{"angle":0,"axis":"y","origin":[8.5,23,9.125]},"faces":{"north":{"uv":[8,6,8.999,10.996],"texture":"#3"},"east":{"uv":[8,6,8.999,10.996],"texture":"#3"},"south":{"uv":[8,6,8.999,10.996],"texture":"#3"},"west":{"uv":[8,6,8.999,10.996],"texture":"#3"},"up":{"uv":[8,6,8.999,10.996],"texture":"#3"},"down":{"uv":[8,6,8.999,10.996],"texture":"#3"}}},{"from":[8.375,6,9.05],"to":[8.625,11,9.2],"rotation":{"angle":0,"axis":"y","origin":[8.5,8.5,9.125]},"faces":{"north":{"uv":[8,6,8.999,10.996],"texture":"#3"},"east":{"uv":[8,6,8.999,10.996],"texture":"#3"},"south":{"uv":[8,6,8.999,10.996],"texture":"#3"},"west":{"uv":[8,6,8.999,10.996],"texture":"#3"},"up":{"uv":[8,6,8.999,10.996],"texture":"#3"},"down":{"uv":[8,6,8.999,10.996],"texture":"#3"}}},{"from":[8.375,7,9.2],"to":[8.625,10,9.35],"rotation":{"angle":0,"axis":"y","origin":[8.5,8.5,9.275]},"faces":{"north":{"uv":[8,6,8.999,10.996],"texture":"#3"},"east":{"uv":[8,6,8.999,10.996],"texture":"#3"},"south":{"uv":[8,6,8.999,10.996],"texture":"#3"},"west":{"uv":[8,6,8.999,10.996],"texture":"#3"},"up":{"uv":[8,6,8.999,10.996],"texture":"#3"},"down":{"uv":[8,6,8.999,10.996],"texture":"#3"}}},{"from":[8.375,5,8.9],"to":[8.625,12,9.05],"rotation":{"angle":0,"axis":"y","origin":[8.5,7,8.975]},"faces":{"north":{"uv":[8,2,8.998,14.997],"texture":"#3"},"east":{"uv":[8,2,8.998,14.997],"texture":"#3"},"south":{"uv":[8,2,8.998,14.997],"texture":"#3"},"west":{"uv":[8,2,8.998,14.997],"texture":"#3"},"up":{"uv":[8,2,8.998,3],"texture":"#3"},"down":{"uv":[8,2,8.998,14.997],"texture":"#3"}}},{"from":[8.375,4,6.1],"to":[8.625,13,6.25],"rotation":{"angle":0,"axis":"y","origin":[8.5,7,6.175]},"faces":{"north":{"uv":[8,2,8.998,14.997],"texture":"#3"},"east":{"uv":[8,2,8.998,14.997],"texture":"#3"},"south":{"uv":[8,2,8.998,14.997],"texture":"#3"},"west":{"uv":[8,2,8.998,14.997],"texture":"#3"},"up":{"uv":[8,2,8.998,3],"texture":"#3"},"down":{"uv":[8,2,8.998,14.997],"texture":"#3"}}},{"from":[8.375,20,6.1],"to":[8.625,29,6.25],"rotation":{"angle":0,"axis":"y","origin":[8.5,23,6.175]},"faces":{"north":{"uv":[8,2,8.998,14.997],"texture":"#3"},"east":{"uv":[8,2,8.998,14.997],"texture":"#3"},"south":{"uv":[8,2,8.998,14.997],"texture":"#3"},"west":{"uv":[8,2,8.998,14.997],"texture":"#3"},"up":{"uv":[8,2,8.998,3],"texture":"#3"},"down":{"uv":[8,2,8.998,14.997],"texture":"#3"}}},{"from":[8.375,21,5.95],"to":[8.625,28,6.1],"rotation":{"angle":0,"axis":"y","origin":[8.5,23,6.025]},"faces":{"north":{"uv":[8,2,8.998,14.997],"texture":"#3"},"east":{"uv":[8,2,8.998,14.997],"texture":"#3"},"south":{"uv":[8,2,8.998,14.997],"texture":"#3"},"west":{"uv":[8,2,8.998,14.997],"texture":"#3"},"up":{"uv":[8,2,8.998,3],"texture":"#3"},"down":{"uv":[8,2,8.998,14.997],"texture":"#3"}}},{"from":[8.375,22,5.8],"to":[8.625,27,5.95],"rotation":{"angle":0,"axis":"y","origin":[8.5,23,5.875]},"faces":{"north":{"uv":[8,7,8.998,9.996],"texture":"#3"},"east":{"uv":[8,7,8.998,9.996],"texture":"#3"},"south":{"uv":[8,7,8.998,9.996],"texture":"#3"},"west":{"uv":[8,7,8.998,9.996],"texture":"#3"},"up":{"uv":[8,7,8.998,9.996],"texture":"#3"},"down":{"uv":[8,7,8.998,9.996],"texture":"#3"}}},{"from":[8.375,6,5.8],"to":[8.625,11,5.95],"rotation":{"angle":0,"axis":"y","origin":[8.5,7,5.875]},"faces":{"north":{"uv":[8,7,8.998,9.996],"texture":"#3"},"east":{"uv":[8,7,8.998,9.996],"texture":"#3"},"south":{"uv":[8,7,8.998,9.996],"texture":"#3"},"west":{"uv":[8,7,8.998,9.996],"texture":"#3"},"up":{"uv":[8,7,8.998,9.996],"texture":"#3"},"down":{"uv":[8,7,8.998,9.996],"texture":"#3"}}},{"from":[8.375,7,5.65],"to":[8.625,10,5.8],"rotation":{"angle":0,"axis":"y","origin":[8.5,8.5,5.725]},"faces":{"north":{"uv":[8,7,8.998,9.996],"texture":"#3"},"east":{"uv":[8,7,8.998,9.996],"texture":"#3"},"south":{"uv":[8,7,8.998,9.996],"texture":"#3"},"west":{"uv":[8,7,8.998,9.996],"texture":"#3"},"up":{"uv":[8,7,8.998,9.996],"texture":"#3"},"down":{"uv":[8,7,8.998,9.996],"texture":"#3"}}},{"from":[8.375,5,5.95],"to":[8.625,12,6.1],"rotation":{"angle":0,"axis":"y","origin":[8.5,7,6.025]},"faces":{"north":{"uv":[8,2,8.998,14.997],"texture":"#3"},"east":{"uv":[8,2,8.998,14.997],"texture":"#3"},"south":{"uv":[8,2,8.998,14.997],"texture":"#3"},"west":{"uv":[8,2,8.998,14.997],"texture":"#3"},"up":{"uv":[8,2,8.998,3],"texture":"#3"},"down":{"uv":[8,2,8.998,14.997],"texture":"#3"}}},{"from":[8.375,3,6.25],"to":[8.625,29.5,6.5],"rotation":{"angle":0,"axis":"y","origin":[8.5,14.75,6.375]},"faces":{"north":{"uv":[8,2,8.998,14.997],"texture":"#3"},"east":{"uv":[8,2,8.998,14.997],"texture":"#3"},"south":{"uv":[8,2,8.998,14.997],"texture":"#3"},"west":{"uv":[8,2,8.998,14.997],"texture":"#3"},"up":{"uv":[8,2,8.998,3],"texture":"#3"},"down":{"uv":[8,2,8.998,14.997],"texture":"#3"}}},{"from":[8.375,3,8.25],"to":[8.625,30,8.5],"rotation":{"angle":0,"axis":"y","origin":[8.5,14.75,7.5]},"faces":{"north":{"uv":[8,2,8.998,14.997],"texture":"#3"},"east":{"uv":[8,2,8.998,14.997],"texture":"#3"},"south":{"uv":[8,2,8.998,14.997],"texture":"#3"},"west":{"uv":[8,2,8.998,14.997],"texture":"#3"},"up":{"uv":[8,2,8.998,3],"texture":"#3"},"down":{"uv":[8,2,8.998,14.997],"texture":"#3"}}},{"from":[8.375,3,6.5],"to":[8.625,30,6.75],"rotation":{"angle":0,"axis":"y","origin":[8.5,14.75,7.5]},"faces":{"north":{"uv":[8,2,8.998,14.997],"texture":"#3"},"east":{"uv":[8,2,8.998,14.997],"texture":"#3"},"south":{"uv":[8,2,8.998,14.997],"texture":"#3"},"west":{"uv":[8,2,8.998,14.997],"texture":"#3"},"up":{"uv":[8,2,8.998,3],"texture":"#3"},"down":{"uv":[8,2,8.998,14.997],"texture":"#3"}}},{"from":[8.375,3,8],"to":[8.625,30.625,8.25],"rotation":{"angle":0,"axis":"y","origin":[8.5,15.1875,7.5]},"faces":{"north":{"uv":[8,2,8.998,14.997],"texture":"#3"},"east":{"uv":[8,2,8.998,14.997],"texture":"#3"},"south":{"uv":[8,2,8.998,14.997],"texture":"#3"},"west":{"uv":[8,2,8.998,14.997],"texture":"#3"},"up":{"uv":[8,2,8.998,3],"texture":"#3"},"down":{"uv":[8,2,8.998,14.997],"texture":"#3"}}},{"from":[8.375,3,6.75],"to":[8.625,30.625,7],"rotation":{"angle":0,"axis":"y","origin":[8.5,15.1875,7.5]},"faces":{"north":{"uv":[8,2,8.998,14.997],"texture":"#3"},"east":{"uv":[8,2,8.998,14.997],"texture":"#3"},"south":{"uv":[8,2,8.998,14.997],"texture":"#3"},"west":{"uv":[8,2,8.998,14.997],"texture":"#3"},"up":{"uv":[8,2,8.998,3],"texture":"#3"},"down":{"uv":[8,2,8.998,14.997],"texture":"#3"}}},{"from":[8.375,3,7.75],"to":[8.625,31.125,8],"rotation":{"angle":0,"axis":"y","origin":[8.5,15.28125,7.5]},"faces":{"north":{"uv":[8,2,8.998,14.997],"texture":"#3"},"east":{"uv":[8,2,8.998,14.997],"texture":"#3"},"south":{"uv":[8,2,8.998,14.997],"texture":"#3"},"west":{"uv":[8,2,8.998,14.997],"texture":"#3"},"up":{"uv":[8,2,8.998,3],"texture":"#3"},"down":{"uv":[8,2,8.998,14.997],"texture":"#3"}}},{"from":[8.375,3,7],"to":[8.625,31.125,7.25],"rotation":{"angle":0,"axis":"y","origin":[8.5,15.28125,7.5]},"faces":{"north":{"uv":[8,2,8.998,14.997],"texture":"#3"},"east":{"uv":[8,2,8.998,14.997],"texture":"#3"},"south":{"uv":[8,2,8.998,14.997],"texture":"#3"},"west":{"uv":[8,2,8.998,14.997],"texture":"#3"},"up":{"uv":[8,2,8.998,3],"texture":"#3"},"down":{"uv":[8,2,8.998,14.997],"texture":"#3"}}},{"from":[8.375,4.75,7.25],"to":[8.625,30.75,7.75],"rotation":{"angle":0,"axis":"y","origin":[8.5,16.25,7.5]},"faces":{"north":{"uv":[11,11,11.999,11.999],"texture":"#4"},"east":{"uv":[11,11,11.999,11.999],"texture":"#4"},"south":{"uv":[11,11,11.999,11.999],"texture":"#4"},"west":{"uv":[11,11,11.999,11.999],"texture":"#4"},"up":{"uv":[11,11,11.999,11.999],"texture":"#4"},"down":{"uv":[11,11,11.999,11.999],"texture":"#4"}}},{"from":[8.375,30.75,7.25],"to":[8.625,31.5,7.75],"rotation":{"angle":0,"axis":"y","origin":[8.5,28.25,7.5]},"faces":{"north":{"uv":[8,3,8.997,3.996],"texture":"#3"},"east":{"uv":[8,3,8.997,3.996],"texture":"#3"},"south":{"uv":[8,3,8.997,3.996],"texture":"#3"},"west":{"uv":[8,3,8.997,3.996],"texture":"#3"},"up":{"uv":[8,3,8.997,3.996],"texture":"#3"},"down":{"uv":[8,3,8.997,3.996],"texture":"#3"}}},{"from":[8.25,3,7.75],"to":[8.75,27.75,8.5],"rotation":{"angle":0,"axis":"y","origin":[8.5,13.875,8.125]},"faces":{"north":{"uv":[8,2,8.998,14.997],"texture":"#3"},"east":{"uv":[8,2,8.998,14.997],"texture":"#3"},"south":{"uv":[8,2,8.998,14.997],"texture":"#3"},"west":{"uv":[8,2,8.998,14.997],"texture":"#3"},"up":{"uv":[8,2,8.998,3],"texture":"#3"},"down":{"uv":[8,2,8.998,14.997],"texture":"#3"}}},{"from":[8.25,27.75,7.75],"to":[8.75,29.25,8.25],"rotation":{"angle":0,"axis":"y","origin":[8.5,25.5,8]},"faces":{"north":{"uv":[8,2,8.998,3.997],"texture":"#3"},"east":{"uv":[8,2,8.998,3.997],"texture":"#3"},"south":{"uv":[8,2,8.998,3.997],"texture":"#3"},"west":{"uv":[8,2,8.998,3.997],"texture":"#3"},"up":{"uv":[8,2,8.998,3.997],"texture":"#3"},"down":{"uv":[8,2,8.998,3.997],"texture":"#3"}}},{"from":[8.25,27.75,6.75],"to":[8.75,29.25,7.25],"rotation":{"angle":0,"axis":"y","origin":[8.5,25.5,7]},"faces":{"north":{"uv":[8,2,8.998,3.997],"texture":"#3"},"east":{"uv":[8,2,8.998,3.997],"texture":"#3"},"south":{"uv":[8,2,8.998,3.997],"texture":"#3"},"west":{"uv":[8,2,8.998,3.997],"texture":"#3"},"up":{"uv":[8,2,8.998,3.997],"texture":"#3"},"down":{"uv":[8,2,8.998,3.997],"texture":"#3"}}},{"from":[8.25,3,6.5],"to":[8.75,27.75,7.25],"rotation":{"angle":0,"axis":"y","origin":[8.5,14.5,7.5]},"faces":{"north":{"uv":[8,2,8.998,14.997],"texture":"#3"},"east":{"uv":[8,2,8.998,14.997],"texture":"#3"},"south":{"uv":[8,2,8.998,14.997],"texture":"#3"},"west":{"uv":[8,2,8.998,14.997],"texture":"#3"},"up":{"uv":[8,2,8.998,3],"texture":"#3"},"down":{"uv":[8,2,8.998,14.997],"texture":"#3"}}}],"display":{"thirdperson_righthand":{"translation":[-1,6.5,2],"scale":[1.2,1.2,1.2]},"thirdperson_lefthand":{"translation":[0,6.5,2],"scale":[1.2,1.2,1.2]},"firstperson_righthand":{"rotation":[-5,0,0],"translation":[1.5,3.5,-0.75]},"firstperson_lefthand":{"rotation":[-5,0,0],"translation":[1.5,3.5,-0.75]},"ground":{"translation":[0,8.5,0],"scale":[1.2,1.2,1.2]},"gui":{"rotation":[-45,-41,-62],"translation":[-3,-1,0]},"head":{"translation":[-0.75,6.5,0],"scale":[1.2,-1.2,1.2]},"fixed":{"rotation":[0,90,0],"translation":[1,-1.25,-0.5],"scale":[1.2,1.2,1.2]}}}