{"credit":"Made with Blockbench","textures":{"2":"spartanweaponry:costum/raddadste","3":"spartanweaponry:costum/texture","4":"spartanweaponry:costum/cobblestone","particle":"spartanweaponry:costum/raddadste"},"elements":[{"from":[8.075,-2.525,7.075],"to":[8.925,3.225,7.925],"rotation":{"angle":0,"axis":"y","origin":[8.5,0.2,7.5]},"faces":{"north":{"uv":[0,0,16,16],"texture":"#2"},"east":{"uv":[0,0,16,16],"texture":"#2"},"south":{"uv":[0,0,16,16],"texture":"#2"},"west":{"uv":[0,0,16,16],"texture":"#2"},"up":{"uv":[0,0,16,16],"texture":"#2"},"down":{"uv":[0,0,16,16],"texture":"#2"}}},{"from":[7.98,2.18,7.23],"to":[9.02,2.72,7.77],"rotation":{"angle":45,"axis":"x","origin":[8.5,2.45,7.5]},"faces":{"north":{"uv":[14.999,14.999,15.999,15.999],"rotation":180,"texture":"#3"},"east":{"uv":[14.999,14.999,15.999,15.999],"rotation":270,"texture":"#3"},"south":{"uv":[14.999,14.999,15.999,15.999],"texture":"#3"},"west":{"uv":[14.999,14.999,15.999,15.999],"rotation":90,"texture":"#3"},"up":{"uv":[14.999,14.999,15.999,15.999],"rotation":180,"texture":"#3"},"down":{"uv":[14.999,14.999,15.999,15.999],"texture":"#3"}}},{"from":[8.15,5.18,7.23],"to":[8.85,5.72,7.77],"rotation":{"angle":45,"axis":"x","origin":[8.5,5.45,7.5]},"faces":{"north":{"uv":[15,15,16,16],"texture":"#3"},"east":{"uv":[15,15,16,16],"texture":"#3"},"south":{"uv":[15,15,16,16],"texture":"#3"},"west":{"uv":[15,15,16,16],"texture":"#3"},"up":{"uv":[15,15,16,16],"texture":"#3"},"down":{"uv":[15,15,16,16],"texture":"#3"}}},{"from":[8.15,6.18,7.23],"to":[8.85,6.72,7.77],"rotation":{"angle":45,"axis":"x","origin":[8.5,6.45,7.5]},"faces":{"north":{"uv":[15,15,16,16],"texture":"#3"},"east":{"uv":[15,15,16,16],"texture":"#3"},"south":{"uv":[15,15,16,16],"texture":"#3"},"west":{"uv":[15,15,16,16],"texture":"#3"},"up":{"uv":[15,15,16,16],"texture":"#3"},"down":{"uv":[15,15,16,16],"texture":"#3"}}},{"from":[8.15,7.18,7.23],"to":[8.85,7.72,7.77],"rotation":{"angle":45,"axis":"x","origin":[8.5,7.45,7.5]},"faces":{"north":{"uv":[15,15,16,16],"texture":"#3"},"east":{"uv":[15,15,16,16],"texture":"#3"},"south":{"uv":[15,15,16,16],"texture":"#3"},"west":{"uv":[15,15,16,16],"texture":"#3"},"up":{"uv":[15,15,16,16],"texture":"#3"},"down":{"uv":[15,15,16,16],"texture":"#3"}}},{"from":[8.15,8.18,7.23],"to":[8.85,8.72,7.77],"rotation":{"angle":45,"axis":"x","origin":[8.5,8.45,7.5]},"faces":{"north":{"uv":[15,15,16,16],"texture":"#3"},"east":{"uv":[15,15,16,16],"texture":"#3"},"south":{"uv":[15,15,16,16],"texture":"#3"},"west":{"uv":[15,15,16,16],"texture":"#3"},"up":{"uv":[15,15,16,16],"texture":"#3"},"down":{"uv":[15,15,16,16],"texture":"#3"}}},{"from":[8.15,9.18,7.23],"to":[8.85,9.72,7.77],"rotation":{"angle":45,"axis":"x","origin":[8.5,9.45,7.5]},"faces":{"north":{"uv":[15,15,16,16],"texture":"#3"},"east":{"uv":[15,15,16,16],"texture":"#3"},"south":{"uv":[15,15,16,16],"texture":"#3"},"west":{"uv":[15,15,16,16],"texture":"#3"},"up":{"uv":[15,15,16,16],"texture":"#3"},"down":{"uv":[15,15,16,16],"texture":"#3"}}},{"from":[8.15,10.18,7.23],"to":[8.85,10.72,7.77],"rotation":{"angle":45,"axis":"x","origin":[8.5,10.45,7.5]},"faces":{"north":{"uv":[15,15,16,16],"texture":"#3"},"east":{"uv":[15,15,16,16],"texture":"#3"},"south":{"uv":[15,15,16,16],"texture":"#3"},"west":{"uv":[15,15,16,16],"texture":"#3"},"up":{"uv":[15,15,16,16],"texture":"#3"},"down":{"uv":[15,15,16,16],"texture":"#3"}}},{"from":[8.15,11.18,7.23],"to":[8.85,11.72,7.77],"rotation":{"angle":45,"axis":"x","origin":[8.5,11.45,7.5]},"faces":{"north":{"uv":[15,15,16,16],"texture":"#3"},"east":{"uv":[15,15,16,16],"texture":"#3"},"south":{"uv":[15,15,16,16],"texture":"#3"},"west":{"uv":[15,15,16,16],"texture":"#3"},"up":{"uv":[15,15,16,16],"texture":"#3"},"down":{"uv":[15,15,16,16],"texture":"#3"}}},{"from":[8.15,12.18,7.23],"to":[8.85,12.72,7.77],"rotation":{"angle":45,"axis":"x","origin":[8.5,12.45,7.5]},"faces":{"north":{"uv":[15,15,16,16],"texture":"#3"},"east":{"uv":[15,15,16,16],"texture":"#3"},"south":{"uv":[15,15,16,16],"texture":"#3"},"west":{"uv":[15,15,16,16],"texture":"#3"},"up":{"uv":[15,15,16,16],"texture":"#3"},"down":{"uv":[15,15,16,16],"texture":"#3"}}},{"from":[8.15,13.18,7.23],"to":[8.85,13.72,7.77],"rotation":{"angle":45,"axis":"x","origin":[8.5,13.45,7.5]},"faces":{"north":{"uv":[15,15,16,16],"texture":"#3"},"east":{"uv":[15,15,16,16],"texture":"#3"},"south":{"uv":[15,15,16,16],"texture":"#3"},"west":{"uv":[15,15,16,16],"texture":"#3"},"up":{"uv":[15,15,16,16],"texture":"#3"},"down":{"uv":[15,15,16,16],"texture":"#3"}}},{"from":[8.15,14.18,7.23],"to":[8.85,14.72,7.77],"rotation":{"angle":45,"axis":"x","origin":[8.5,14.45,7.5]},"faces":{"north":{"uv":[15,15,16,16],"texture":"#3"},"east":{"uv":[15,15,16,16],"texture":"#3"},"south":{"uv":[15,15,16,16],"texture":"#3"},"west":{"uv":[15,15,16,16],"texture":"#3"},"up":{"uv":[15,15,16,16],"texture":"#3"},"down":{"uv":[15,15,16,16],"texture":"#3"}}},{"from":[8.15,15.18,7.23],"to":[8.85,15.72,7.77],"rotation":{"angle":45,"axis":"x","origin":[8.5,15.45,7.5]},"faces":{"north":{"uv":[15,15,16,16],"texture":"#3"},"east":{"uv":[15,15,16,16],"texture":"#3"},"south":{"uv":[15,15,16,16],"texture":"#3"},"west":{"uv":[15,15,16,16],"texture":"#3"},"up":{"uv":[15,15,16,16],"texture":"#3"},"down":{"uv":[15,15,16,16],"texture":"#3"}}},{"from":[8.15,16.18,7.23],"to":[8.85,16.72,7.77],"rotation":{"angle":45,"axis":"x","origin":[8.5,16.45,7.5]},"faces":{"north":{"uv":[15,15,16,16],"texture":"#3"},"east":{"uv":[15,15,16,16],"texture":"#3"},"south":{"uv":[15,15,16,16],"texture":"#3"},"west":{"uv":[15,15,16,16],"texture":"#3"},"up":{"uv":[15,15,16,16],"texture":"#3"},"down":{"uv":[15,15,16,16],"texture":"#3"}}},{"from":[8.15,17.18,7.23],"to":[8.85,17.72,7.77],"rotation":{"angle":45,"axis":"x","origin":[8.5,17.45,7.5]},"faces":{"north":{"uv":[15,15,16,16],"texture":"#3"},"east":{"uv":[15,15,16,16],"texture":"#3"},"south":{"uv":[15,15,16,16],"texture":"#3"},"west":{"uv":[15,15,16,16],"texture":"#3"},"up":{"uv":[15,15,16,16],"texture":"#3"},"down":{"uv":[15,15,16,16],"texture":"#3"}}},{"from":[8.15,18.18,7.23],"to":[8.85,18.72,7.77],"rotation":{"angle":45,"axis":"x","origin":[8.5,18.45,7.5]},"faces":{"north":{"uv":[15,15,16,16],"texture":"#3"},"east":{"uv":[15,15,16,16],"texture":"#3"},"south":{"uv":[15,15,16,16],"texture":"#3"},"west":{"uv":[15,15,16,16],"texture":"#3"},"up":{"uv":[15,15,16,16],"texture":"#3"},"down":{"uv":[15,15,16,16],"texture":"#3"}}},{"from":[8.15,19.18,7.23],"to":[8.85,19.72,7.77],"rotation":{"angle":45,"axis":"x","origin":[8.5,19.45,7.5]},"faces":{"north":{"uv":[15,15,16,16],"texture":"#3"},"east":{"uv":[15,15,16,16],"texture":"#3"},"south":{"uv":[15,15,16,16],"texture":"#3"},"west":{"uv":[15,15,16,16],"texture":"#3"},"up":{"uv":[15,15,16,16],"texture":"#3"},"down":{"uv":[15,15,16,16],"texture":"#3"}}},{"from":[8.15,20.18,7.23],"to":[8.85,20.72,7.77],"rotation":{"angle":45,"axis":"x","origin":[8.5,20.45,7.5]},"faces":{"north":{"uv":[15,15,16,16],"texture":"#3"},"east":{"uv":[15,15,16,16],"texture":"#3"},"south":{"uv":[15,15,16,16],"texture":"#3"},"west":{"uv":[15,15,16,16],"texture":"#3"},"up":{"uv":[15,15,16,16],"texture":"#3"},"down":{"uv":[15,15,16,16],"texture":"#3"}}},{"from":[8.15,21.18,7.23],"to":[8.85,21.72,7.77],"rotation":{"angle":45,"axis":"x","origin":[8.5,21.45,7.5]},"faces":{"north":{"uv":[15,15,16,16],"texture":"#3"},"east":{"uv":[15,15,16,16],"texture":"#3"},"south":{"uv":[15,15,16,16],"texture":"#3"},"west":{"uv":[15,15,16,16],"texture":"#3"},"up":{"uv":[15,15,16,16],"texture":"#3"},"down":{"uv":[15,15,16,16],"texture":"#3"}}},{"from":[8.15,22.18,7.23],"to":[8.85,22.72,7.77],"rotation":{"angle":45,"axis":"x","origin":[8.5,22.45,7.5]},"faces":{"north":{"uv":[15,15,16,16],"texture":"#3"},"east":{"uv":[15,15,16,16],"texture":"#3"},"south":{"uv":[15,15,16,16],"texture":"#3"},"west":{"uv":[15,15,16,16],"texture":"#3"},"up":{"uv":[15,15,16,16],"texture":"#3"},"down":{"uv":[15,15,16,16],"texture":"#3"}}},{"from":[8.15,23.18,7.23],"to":[8.85,23.72,7.77],"rotation":{"angle":45,"axis":"x","origin":[8.5,23.45,7.5]},"faces":{"north":{"uv":[15,15,16,16],"texture":"#3"},"east":{"uv":[15,15,16,16],"texture":"#3"},"south":{"uv":[15,15,16,16],"texture":"#3"},"west":{"uv":[15,15,16,16],"texture":"#3"},"up":{"uv":[15,15,16,16],"texture":"#3"},"down":{"uv":[15,15,16,16],"texture":"#3"}}},{"from":[8.15,24.18,7.23],"to":[8.85,24.72,7.77],"rotation":{"angle":45,"axis":"x","origin":[8.5,24.45,7.5]},"faces":{"north":{"uv":[15,15,16,16],"texture":"#3"},"east":{"uv":[15,15,16,16],"texture":"#3"},"south":{"uv":[15,15,16,16],"texture":"#3"},"west":{"uv":[15,15,16,16],"texture":"#3"},"up":{"uv":[15,15,16,16],"texture":"#3"},"down":{"uv":[15,15,16,16],"texture":"#3"}}},{"from":[8.15,25.18,7.23],"to":[8.85,25.72,7.77],"rotation":{"angle":45,"axis":"x","origin":[8.5,25.45,7.5]},"faces":{"north":{"uv":[15,15,16,16],"texture":"#3"},"east":{"uv":[15,15,16,16],"texture":"#3"},"south":{"uv":[15,15,16,16],"texture":"#3"},"west":{"uv":[15,15,16,16],"texture":"#3"},"up":{"uv":[15,15,16,16],"texture":"#3"},"down":{"uv":[15,15,16,16],"texture":"#3"}}},{"from":[8.25,26.28,7.23],"to":[8.75,26.82,7.77],"rotation":{"angle":45,"axis":"x","origin":[8.5,26.55,7.5]},"faces":{"north":{"uv":[15,15,16,16],"texture":"#3"},"east":{"uv":[15,15,16,16],"texture":"#3"},"south":{"uv":[15,15,16,16],"texture":"#3"},"west":{"uv":[15,15,16,16],"texture":"#3"},"up":{"uv":[15,15,16,16],"texture":"#3"},"down":{"uv":[15,15,16,16],"texture":"#3"}}},{"from":[8.3,27.28,7.23],"to":[8.7,27.82,7.77],"rotation":{"angle":45,"axis":"x","origin":[8.5,27.55,7.5]},"faces":{"north":{"uv":[15,15,16,16],"texture":"#3"},"east":{"uv":[15,15,16,16],"texture":"#3"},"south":{"uv":[15,15,16,16],"texture":"#3"},"west":{"uv":[15,15,16,16],"texture":"#3"},"up":{"uv":[15,15,16,16],"texture":"#3"},"down":{"uv":[15,15,16,16],"texture":"#3"}}},{"from":[8.15,3.58,7.13],"to":[8.85,4.32,7.87],"rotation":{"angle":45,"axis":"x","origin":[8.5,3.95,7.5]},"faces":{"north":{"uv":[0,2,4.999,6.996],"rotation":90,"texture":"#4"},"east":{"uv":[0,2,4.999,6.996],"rotation":90,"texture":"#4"},"south":{"uv":[0,2,4.999,6.996],"rotation":90,"texture":"#4"},"west":{"uv":[0,2,4.999,6.996],"rotation":90,"texture":"#4"},"up":{"uv":[0,2,4.999,6.996],"rotation":90,"texture":"#4"},"down":{"uv":[0,2,4.999,6.996],"rotation":90,"texture":"#4"}}},{"from":[7.98,1.18,7.23],"to":[9.02,1.72,7.77],"rotation":{"angle":45,"axis":"x","origin":[8.5,1.45,7.5]},"faces":{"north":{"uv":[14.999,14.999,15.999,15.999],"texture":"#3"},"east":{"uv":[14.999,14.999,15.999,15.999],"texture":"#3"},"south":{"uv":[14.999,14.999,15.999,15.999],"texture":"#3"},"west":{"uv":[14.999,14.999,15.999,15.999],"texture":"#3"},"up":{"uv":[14.999,14.999,15.999,15.999],"texture":"#3"},"down":{"uv":[14.999,14.999,15.999,15.999],"texture":"#3"}}},{"from":[7.98,0.18,7.23],"to":[9.02,0.72,7.77],"rotation":{"angle":45,"axis":"x","origin":[8.5,0.45,7.5]},"faces":{"north":{"uv":[14.999,14.999,15.999,15.999],"texture":"#3"},"east":{"uv":[14.999,14.999,15.999,15.999],"texture":"#3"},"south":{"uv":[14.999,14.999,15.999,15.999],"texture":"#3"},"west":{"uv":[14.999,14.999,15.999,15.999],"texture":"#3"},"up":{"uv":[14.999,14.999,15.999,15.999],"texture":"#3"},"down":{"uv":[14.999,14.999,15.999,15.999],"texture":"#3"}}},{"from":[7.98,-0.82,7.23],"to":[9.02,-0.28,7.77],"rotation":{"angle":45,"axis":"x","origin":[8.5,-0.55,7.5]},"faces":{"north":{"uv":[14.999,14.999,15.999,15.999],"texture":"#3"},"east":{"uv":[14.999,14.999,15.999,15.999],"texture":"#3"},"south":{"uv":[14.999,14.999,15.999,15.999],"texture":"#3"},"west":{"uv":[14.999,14.999,15.999,15.999],"texture":"#3"},"up":{"uv":[14.999,14.999,15.999,15.999],"texture":"#3"},"down":{"uv":[14.999,14.999,15.999,15.999],"texture":"#3"}}},{"from":[7.98,-1.82,7.23],"to":[9.02,-1.28,7.77],"rotation":{"angle":45,"axis":"x","origin":[8.5,-1.55,7.5]},"faces":{"north":{"uv":[14.999,14.999,15.999,15.999],"texture":"#3"},"east":{"uv":[14.999,14.999,15.999,15.999],"texture":"#3"},"south":{"uv":[14.999,14.999,15.999,15.999],"texture":"#3"},"west":{"uv":[14.999,14.999,15.999,15.999],"texture":"#3"},"up":{"uv":[14.999,14.999,15.999,15.999],"texture":"#3"},"down":{"uv":[14.999,14.999,15.999,15.999],"texture":"#3"}}},{"from":[8,2.9,5],"to":[9,3.65,7],"rotation":{"angle":0,"axis":"y","origin":[8.5,3.275,5.75]},"faces":{"north":{"uv":[14.999,14.999,15.998,15.999],"texture":"#3"},"east":{"uv":[14.999,14.999,15.998,15.999],"texture":"#3"},"south":{"uv":[14.999,14.999,15.998,15.999],"texture":"#3"},"west":{"uv":[14.999,14.999,15.998,15.999],"texture":"#3"},"up":{"uv":[14.999,14.999,15.998,15.999],"texture":"#3"},"down":{"uv":[14.999,14.999,15.998,15.999],"texture":"#3"}}},{"from":[8,2.9,8],"to":[9,3.65,10],"rotation":{"angle":0,"axis":"y","origin":[8.5,3.275,9.25]},"faces":{"north":{"uv":[14.999,14.999,15.998,15.999],"texture":"#3"},"east":{"uv":[14.999,14.999,15.998,15.999],"texture":"#3"},"south":{"uv":[14.999,14.999,15.998,15.999],"texture":"#3"},"west":{"uv":[14.999,14.999,15.998,15.999],"texture":"#3"},"up":{"uv":[14.999,14.999,15.998,15.999],"texture":"#3"},"down":{"uv":[14.999,14.999,15.998,15.999],"texture":"#3"}}},{"from":[8,3.075,9.325],"to":[9,4.275,10.075],"rotation":{"angle":22.5,"axis":"x","origin":[8.5,3.275,9.7]},"faces":{"north":{"uv":[14.999,14.999,15.998,15.999],"rotation":270,"texture":"#3"},"east":{"uv":[14.999,14.999,15.998,15.999],"rotation":270,"texture":"#3"},"south":{"uv":[14.999,14.999,15.998,15.999],"rotation":270,"texture":"#3"},"west":{"uv":[14.999,14.999,15.998,15.999],"rotation":270,"texture":"#3"},"up":{"uv":[14.999,14.999,15.998,15.999],"rotation":270,"texture":"#3"},"down":{"uv":[14.999,14.999,15.998,15.999],"rotation":270,"texture":"#3"}}},{"from":[8,3.975,6.325],"to":[9,5.175,7.075],"rotation":{"angle":45,"axis":"x","origin":[8.5,4.175,6.7]},"faces":{"north":{"uv":[15,15,16,16],"rotation":270,"texture":"#3"},"east":{"uv":[15,15,16,16],"rotation":270,"texture":"#3"},"south":{"uv":[15,15,16,16],"rotation":270,"texture":"#3"},"west":{"uv":[15,15,16,16],"rotation":270,"texture":"#3"},"up":{"uv":[15,15,16,16],"rotation":270,"texture":"#3"},"down":{"uv":[15,15,16,16],"rotation":270,"texture":"#3"}}},{"from":[8,2.775,6.325],"to":[9,3.975,7.075],"rotation":{"angle":-45,"axis":"x","origin":[8.5,3.775,6.7]},"faces":{"north":{"uv":[15,15,16,16],"rotation":90,"texture":"#3"},"east":{"uv":[15,15,16,16],"rotation":90,"texture":"#3"},"south":{"uv":[15,15,16,16],"rotation":90,"texture":"#3"},"west":{"uv":[15,15,16,16],"rotation":90,"texture":"#3"},"up":{"uv":[15,15,16,16],"rotation":90,"texture":"#3"},"down":{"uv":[15,15,16,16],"rotation":90,"texture":"#3"}}},{"from":[8,2.775,7.925],"to":[9,3.975,8.675],"rotation":{"angle":45,"axis":"x","origin":[8.5,3.775,8.3]},"faces":{"north":{"uv":[15,15,16,16],"rotation":90,"texture":"#3"},"east":{"uv":[15,15,16,16],"rotation":90,"texture":"#3"},"south":{"uv":[15,15,16,16],"rotation":90,"texture":"#3"},"west":{"uv":[15,15,16,16],"rotation":90,"texture":"#3"},"up":{"uv":[15,15,16,16],"rotation":90,"texture":"#3"},"down":{"uv":[15,15,16,16],"rotation":90,"texture":"#3"}}},{"from":[8,3.075,4.925],"to":[9,4.275,5.675],"rotation":{"angle":-22.5,"axis":"x","origin":[8.5,3.275,5.3]},"faces":{"north":{"uv":[14.999,14.999,15.998,15.999],"rotation":90,"texture":"#3"},"east":{"uv":[14.999,14.999,15.998,15.999],"rotation":90,"texture":"#3"},"south":{"uv":[14.999,14.999,15.998,15.999],"rotation":90,"texture":"#3"},"west":{"uv":[14.999,14.999,15.998,15.999],"rotation":90,"texture":"#3"},"up":{"uv":[14.999,14.999,15.998,15.999],"rotation":90,"texture":"#3"},"down":{"uv":[14.999,14.999,15.998,15.999],"rotation":90,"texture":"#3"}}},{"from":[8,3.975,7.925],"to":[9,5.175,8.675],"rotation":{"angle":-45,"axis":"x","origin":[8.5,4.175,8.3]},"faces":{"north":{"uv":[15,15,16,16],"rotation":90,"texture":"#3"},"east":{"uv":[15,15,16,16],"rotation":90,"texture":"#3"},"south":{"uv":[15,15,16,16],"rotation":90,"texture":"#3"},"west":{"uv":[15,15,16,16],"rotation":90,"texture":"#3"},"up":{"uv":[15,15,16,16],"rotation":90,"texture":"#3"},"down":{"uv":[15,15,16,16],"rotation":90,"texture":"#3"}}},{"from":[7.86,-2.95,7],"to":[9.14,-1.95,8],"rotation":{"angle":0,"axis":"x","origin":[8.5,-2.45,7.5]},"faces":{"north":{"uv":[14.999,14.999,15.999,15.999],"texture":"#3"},"east":{"uv":[14.999,14.999,15.999,15.999],"rotation":90,"texture":"#3"},"south":{"uv":[14.999,14.999,15.999,15.999],"rotation":180,"texture":"#3"},"west":{"uv":[14.999,14.999,15.999,15.999],"rotation":270,"texture":"#3"},"up":{"uv":[14.999,14.999,15.999,15.999],"texture":"#3"},"down":{"uv":[14.999,14.999,15.999,15.999],"rotation":180,"texture":"#3"}}},{"from":[8.375,3,8.5],"to":[8.625,26.5,8.75],"rotation":{"angle":0,"axis":"y","origin":[8.5,14.75,8.625]},"faces":{"north":{"uv":[13,0,13.997,15.997],"texture":"#4"},"east":{"uv":[13,0,13.997,15.997],"texture":"#4"},"south":{"uv":[13,0,13.997,15.997],"texture":"#4"},"west":{"uv":[13,0,13.997,15.997],"texture":"#4"},"up":{"uv":[13,0,13.997,1],"texture":"#4"},"down":{"uv":[13,0,13.997,15.997],"texture":"#4"}}},{"from":[8.375,4,8.75],"to":[8.625,10,8.9],"rotation":{"angle":0,"axis":"y","origin":[8.5,7,8.825]},"faces":{"north":{"uv":[10,13,10.999,15.996],"texture":"#4"},"east":{"uv":[10,13,10.999,15.996],"texture":"#4"},"south":{"uv":[10,13,10.999,15.996],"texture":"#4"},"west":{"uv":[10,13,10.999,15.996],"texture":"#4"},"up":{"uv":[10,13,10.999,14],"texture":"#4"},"down":{"uv":[10,15,10.998,16],"texture":"#4"}}},{"from":[8.375,20,8.75],"to":[8.625,26,8.9],"rotation":{"angle":0,"axis":"y","origin":[8.5,23,8.825]},"faces":{"north":{"uv":[11,4,11.998,6.996],"texture":"#4"},"east":{"uv":[11,4,11.998,6.996],"texture":"#4"},"south":{"uv":[11,4,11.998,6.996],"texture":"#4"},"west":{"uv":[11,4,11.998,6.996],"texture":"#4"},"up":{"uv":[11,4,11.998,5],"texture":"#4"},"down":{"uv":[11,4,11.998,5],"texture":"#4"}}},{"from":[8.375,21,8.9],"to":[8.625,25,9.05],"rotation":{"angle":0,"axis":"y","origin":[8.5,23,8.975]},"faces":{"north":{"uv":[8,2,8.998,3.997],"texture":"#4"},"east":{"uv":[8,2,8.998,3.997],"texture":"#4"},"south":{"uv":[8,2,8.998,3.997],"texture":"#4"},"west":{"uv":[8,2,8.998,3.997],"texture":"#4"},"up":{"uv":[8,2,8.998,3],"texture":"#4"},"down":{"uv":[8,3,8.998,4],"texture":"#4"}}},{"from":[8.375,5,8.9],"to":[8.625,9,9.05],"rotation":{"angle":0,"axis":"y","origin":[8.5,7,8.975]},"faces":{"north":{"uv":[7,2,7.998,4.997],"texture":"#4"},"east":{"uv":[7,2,7.998,4.997],"texture":"#4"},"south":{"uv":[7,2,7.998,4.997],"texture":"#4"},"west":{"uv":[7,2,7.998,4.997],"texture":"#4"},"up":{"uv":[7,2,7.998,4.997],"texture":"#4"},"down":{"uv":[7,2,7.998,4.997],"texture":"#4"}}},{"from":[8.375,4,6.1],"to":[8.625,10,6.25],"rotation":{"angle":0,"axis":"y","origin":[8.5,7,6.175]},"faces":{"north":{"uv":[10,4,10.997,6.996],"texture":"#4"},"east":{"uv":[10,4,10.997,6.996],"texture":"#4"},"south":{"uv":[10,4,10.997,6.996],"texture":"#4"},"west":{"uv":[10,4,10.997,6.996],"texture":"#4"},"up":{"uv":[10,4,10.997,5],"texture":"#4"},"down":{"uv":[10,4,10.997,5],"texture":"#4"}}},{"from":[8.375,20,6.1],"to":[8.625,26,6.25],"rotation":{"angle":0,"axis":"y","origin":[8.5,23,6.175]},"faces":{"north":{"uv":[8,7,8.998,9.996],"texture":"#4"},"east":{"uv":[8,7,8.998,9.996],"texture":"#4"},"south":{"uv":[8,7,8.998,9.996],"texture":"#4"},"west":{"uv":[8,7,8.998,9.996],"texture":"#4"},"up":{"uv":[8,7,8.998,9.996],"texture":"#4"},"down":{"uv":[8,7,8.998,9.996],"texture":"#4"}}},{"from":[8.375,21,5.95],"to":[8.625,25,6.1],"rotation":{"angle":0,"axis":"y","origin":[8.5,23,6.025]},"faces":{"north":{"uv":[10,8,10.997,9.996],"texture":"#4"},"east":{"uv":[10,8,10.997,9.996],"texture":"#4"},"south":{"uv":[10,8,10.997,9.996],"texture":"#4"},"west":{"uv":[10,8,10.997,9.996],"texture":"#4"},"up":{"uv":[10,8,10.997,9],"texture":"#4"},"down":{"uv":[10,9,10.996,10],"texture":"#4"}}},{"from":[8.375,5,5.95],"to":[8.625,9,6.1],"rotation":{"angle":0,"axis":"y","origin":[8.5,7,6.025]},"faces":{"north":{"uv":[8,10,8.999,11.996],"texture":"#4"},"east":{"uv":[8,10,8.999,11.996],"texture":"#4"},"south":{"uv":[8,10,8.999,11.996],"texture":"#4"},"west":{"uv":[8,10,8.999,11.996],"texture":"#4"},"up":{"uv":[8,10,8.999,11],"texture":"#4"},"down":{"uv":[8,11,8.999,11.999],"texture":"#4"}}},{"from":[8.375,3,6.25],"to":[8.625,26.5,6.5],"rotation":{"angle":0,"axis":"y","origin":[8.5,14.75,6.375]},"faces":{"north":{"uv":[14,0,14.998,15.997],"texture":"#4"},"east":{"uv":[14,0,14.998,15.997],"texture":"#4"},"south":{"uv":[14,0,14.998,15.997],"texture":"#4"},"west":{"uv":[14,0,14.998,15.997],"texture":"#4"},"up":{"uv":[14,0,14.998,1],"texture":"#4"},"down":{"uv":[14,0,14.998,15.997],"texture":"#4"}}},{"from":[8.375,3,8.25],"to":[8.625,27,8.5],"rotation":{"angle":0,"axis":"y","origin":[8.5,14.75,7.5]},"faces":{"north":{"uv":[6,0,6.998,15.997],"texture":"#4"},"east":{"uv":[6,0,6.998,15.997],"texture":"#4"},"south":{"uv":[6,0,6.998,15.997],"texture":"#4"},"west":{"uv":[6,0,6.998,15.997],"texture":"#4"},"up":{"uv":[6,0,6.998,1],"texture":"#4"},"down":{"uv":[6,0,6.998,15.997],"texture":"#4"}}},{"from":[8.375,3,6.5],"to":[8.625,27,6.75],"rotation":{"angle":0,"axis":"y","origin":[8.5,15,6.625]},"faces":{"north":{"uv":[-0.001,0,0.998,15.997],"texture":"#4"},"east":{"uv":[-0.001,0,0.998,15.997],"texture":"#4"},"south":{"uv":[-0.001,0,0.998,15.997],"texture":"#4"},"west":{"uv":[-0.001,0,0.998,15.997],"texture":"#4"},"up":{"uv":[-0.001,0,0.998,1],"texture":"#4"},"down":{"uv":[-0.001,0,0.998,15.997],"texture":"#4"}}},{"from":[8.375,3,8],"to":[8.625,27.625,8.25],"rotation":{"angle":0,"axis":"y","origin":[8.5,15.1875,7.5]},"faces":{"north":{"uv":[5,0,5.998,15.997],"texture":"#4"},"east":{"uv":[5,0,5.998,15.997],"texture":"#4"},"south":{"uv":[5,0,5.998,15.997],"texture":"#4"},"west":{"uv":[5,0,5.998,15.997],"texture":"#4"},"up":{"uv":[5,0,5.998,1],"texture":"#4"},"down":{"uv":[5,0,5.998,15.997],"texture":"#4"}}},{"from":[8.375,3,6.75],"to":[8.625,27.625,7],"rotation":{"angle":0,"axis":"y","origin":[8.5,15.1875,7.5]},"faces":{"north":{"uv":[1,0,1.998,15.997],"texture":"#4"},"east":{"uv":[1,0,1.998,15.997],"texture":"#4"},"south":{"uv":[1,0,1.998,15.997],"texture":"#4"},"west":{"uv":[1,0,1.998,15.997],"texture":"#4"},"up":{"uv":[1,0,1.998,1],"texture":"#4"},"down":{"uv":[1,0,1.998,15.997],"texture":"#4"}}},{"from":[8.375,3,7.75],"to":[8.625,28.125,8],"rotation":{"angle":0,"axis":"y","origin":[8.5,15.28125,7.5]},"faces":{"north":{"uv":[4,0,4.998,15.997],"texture":"#4"},"east":{"uv":[4,0,4.998,15.997],"texture":"#4"},"south":{"uv":[4,0,4.998,15.997],"texture":"#4"},"west":{"uv":[4,0,4.998,15.997],"texture":"#4"},"up":{"uv":[4,0,4.998,1],"texture":"#4"},"down":{"uv":[4,0,4.998,15.997],"texture":"#4"}}},{"from":[8.375,3,7],"to":[8.625,28.125,7.25],"rotation":{"angle":0,"axis":"y","origin":[8.5,15.28125,7.5]},"faces":{"north":{"uv":[2,0,2.998,15.997],"texture":"#4"},"east":{"uv":[2,0,2.998,15.997],"texture":"#4"},"south":{"uv":[2,0,2.998,15.997],"texture":"#4"},"west":{"uv":[2,0,2.998,15.997],"texture":"#4"},"up":{"uv":[2,0,2.998,1],"texture":"#4"},"down":{"uv":[2,0,2.998,15.997],"texture":"#4"}}},{"from":[8.375,4.75,7.25],"to":[8.625,27.75,7.75],"rotation":{"angle":0,"axis":"y","origin":[8.5,16.25,7.5]},"faces":{"north":{"uv":[15,15,16,16],"texture":"#3"},"east":{"uv":[15,15,16,16],"texture":"#3"},"south":{"uv":[15,15,16,16],"texture":"#3"},"west":{"uv":[15,15,16,16],"texture":"#3"},"up":{"uv":[15,15,16,16],"texture":"#3"},"down":{"uv":[15,15,16,16],"texture":"#3"}}},{"from":[8.375,27.75,7.25],"to":[8.625,28.5,7.75],"rotation":{"angle":0,"axis":"y","origin":[8.5,28.25,7.5]},"faces":{"north":{"uv":[10,2,10.997,2.996],"texture":"#4"},"east":{"uv":[10,2,10.997,2.996],"texture":"#4"},"south":{"uv":[10,2,10.997,2.996],"texture":"#4"},"west":{"uv":[10,2,10.997,2.996],"texture":"#4"},"up":{"uv":[10,2,10.997,2.996],"texture":"#4"},"down":{"uv":[10,2,10.997,2.996],"texture":"#4"}}},{"from":[8.25,3,7.75],"to":[8.75,24.75,8.5],"rotation":{"angle":0,"axis":"y","origin":[8.5,13.875,8.125]},"faces":{"north":{"uv":[0,0,1.998,15.997],"texture":"#4"},"east":{"uv":[0,0,1.998,15.997],"texture":"#4"},"south":{"uv":[0,0,1.998,15.997],"texture":"#4"},"west":{"uv":[0,0,1.998,15.997],"texture":"#4"},"up":{"uv":[0,0,1.998,1],"texture":"#4"},"down":{"uv":[0,0,1.998,15.997],"texture":"#4"}}},{"from":[8.25,24.75,7.75],"to":[8.75,26.25,8.25],"rotation":{"angle":0,"axis":"y","origin":[8.5,25.5,8]},"faces":{"north":{"uv":[8,2,8.998,3.997],"texture":"#4"},"east":{"uv":[8,2,8.998,3.997],"texture":"#4"},"south":{"uv":[8,2,8.998,3.997],"texture":"#4"},"west":{"uv":[8,2,8.998,3.997],"texture":"#4"},"up":{"uv":[8,2,8.998,3],"texture":"#4"},"down":{"uv":[8,2,8.998,3.997],"texture":"#4"}}},{"from":[8.25,24.75,6.75],"to":[8.75,26.25,7.25],"rotation":{"angle":0,"axis":"y","origin":[8.5,25.5,7]},"faces":{"north":{"uv":[1,5,1.998,6.996],"texture":"#4"},"east":{"uv":[1,5,1.998,6.996],"texture":"#4"},"south":{"uv":[1,5,1.998,6.996],"texture":"#4"},"west":{"uv":[1,5,1.998,6.996],"texture":"#4"},"up":{"uv":[1,5,1.998,6],"texture":"#4"},"down":{"uv":[1,5,1.998,6.996],"texture":"#4"}}},{"from":[8.25,3,6.5],"to":[8.75,24.75,7.25],"rotation":{"angle":0,"axis":"y","origin":[8.5,14.5,7.5]},"faces":{"north":{"uv":[8,0,9.997,15.997],"texture":"#4"},"east":{"uv":[8,0,9.997,15.997],"texture":"#4"},"south":{"uv":[8,0,9.997,15.997],"texture":"#4"},"west":{"uv":[8,0,9.997,15.997],"texture":"#4"},"up":{"uv":[8,0,9.997,1],"texture":"#4"},"down":{"uv":[8,0,9.997,15.997],"texture":"#4"}}}],"display":{"thirdperson_righthand":{"translation":[-1,6.5,2],"scale":[1.2,1.2,1.2]},"thirdperson_lefthand":{"translation":[0,6.5,2],"scale":[1.2,1.2,1.2]},"firstperson_righthand":{"rotation":[-5,0,0],"translation":[1.5,3.5,-0.75]},"firstperson_lefthand":{"rotation":[-5,0,0],"translation":[1.5,3.5,-0.75]},"ground":{"translation":[0,8.5,0],"scale":[1.2,1.2,1.2]},"gui":{"rotation":[-45,-41,-62],"translation":[-3,-1,0]},"head":{"translation":[-0.75,6.5,0],"scale":[1.2,-1.2,1.2]},"fixed":{"rotation":[0,90,0],"translation":[1,-1.25,-0.5],"scale":[1.2,1.2,1.2]}}}