{"credit":"Made with Blockbench","textures":{"2":"spartanweaponry:costum/texturedasteaxess","3":"spartanweaponry:costum/raddadste","4":"spartanweaponry:costum/halberd_steel","particle":"spartanweaponry:costum/texturedasteaxess"},"elements":[{"from":[8,-13,7],"to":[9,-1.5,8],"rotation":{"angle":0,"axis":"y","origin":[8.5,-11.75,7.5]},"faces":{"north":{"uv":[0,0,16,16],"texture":"#3"},"east":{"uv":[0,0,16,16],"texture":"#3"},"south":{"uv":[0,0,16,16],"texture":"#3"},"west":{"uv":[0,0,16,16],"texture":"#3"},"up":{"uv":[0,0,16,16],"texture":"#3"},"down":{"uv":[0,0,16,16],"texture":"#3"}}},{"from":[8,3,7],"to":[9,22.5,8],"rotation":{"angle":0,"axis":"y","origin":[8.5,19.75,7.5]},"faces":{"north":{"uv":[0,0,16,16],"texture":"#3"},"east":{"uv":[0,0,16,16],"texture":"#3"},"south":{"uv":[0,0,16,16],"texture":"#3"},"west":{"uv":[0,0,16,16],"texture":"#3"},"up":{"uv":[0,0,16,16],"texture":"#3"},"down":{"uv":[0,0,16,16],"texture":"#3"}}},{"from":[7.8,22,7.25],"to":[9.2,22.5,7.75],"rotation":{"angle":45,"axis":"x","origin":[8.5,22.25,7.5]},"faces":{"north":{"uv":[0,0,16,16],"texture":"#3"},"east":{"uv":[0,0,16,16],"texture":"#3"},"south":{"uv":[0,0,16,16],"texture":"#3"},"west":{"uv":[0,0,16,16],"texture":"#3"},"up":{"uv":[0,0,16,16],"texture":"#3"},"down":{"uv":[0,0,16,16],"texture":"#3"}}},{"from":[7.8,22,7.25],"to":[9.2,22.5,7.75],"rotation":{"angle":0,"axis":"x","origin":[8.5,22.25,7.5]},"faces":{"north":{"uv":[0,0,16,16],"rotation":180,"texture":"#3"},"east":{"uv":[0,0,16,16],"rotation":270,"texture":"#3"},"south":{"uv":[0,0,16,16],"texture":"#3"},"west":{"uv":[0,0,16,16],"rotation":90,"texture":"#3"},"up":{"uv":[0,0,16,16],"rotation":180,"texture":"#3"},"down":{"uv":[0,0,16,16],"texture":"#3"}}},{"from":[7.8,21,7.25],"to":[9.2,21.5,7.75],"rotation":{"angle":0,"axis":"x","origin":[8.5,21.25,7.5]},"faces":{"north":{"uv":[0,0,16,16],"rotation":180,"texture":"#3"},"east":{"uv":[0,0,16,16],"rotation":270,"texture":"#3"},"south":{"uv":[0,0,16,16],"texture":"#3"},"west":{"uv":[0,0,16,16],"rotation":90,"texture":"#3"},"up":{"uv":[0,0,16,16],"rotation":180,"texture":"#3"},"down":{"uv":[0,0,16,16],"texture":"#3"}}},{"from":[7.8,20,7.25],"to":[9.2,20.5,7.75],"rotation":{"angle":0,"axis":"x","origin":[8.5,20.25,7.5]},"faces":{"north":{"uv":[0,0,16,16],"rotation":180,"texture":"#3"},"east":{"uv":[0,0,16,16],"rotation":270,"texture":"#3"},"south":{"uv":[0,0,16,16],"texture":"#3"},"west":{"uv":[0,0,16,16],"rotation":90,"texture":"#3"},"up":{"uv":[0,0,16,16],"rotation":180,"texture":"#3"},"down":{"uv":[0,0,16,16],"texture":"#3"}}},{"from":[7.8,21,7.25],"to":[9.2,21.5,7.75],"rotation":{"angle":45,"axis":"x","origin":[8.5,21.25,7.5]},"faces":{"north":{"uv":[0,0,16,16],"texture":"#3"},"east":{"uv":[0,0,16,16],"texture":"#3"},"south":{"uv":[0,0,16,16],"texture":"#3"},"west":{"uv":[0,0,16,16],"texture":"#3"},"up":{"uv":[0,0,16,16],"texture":"#3"},"down":{"uv":[0,0,16,16],"texture":"#3"}}},{"from":[7.8,20,7.25],"to":[9.2,20.5,7.75],"rotation":{"angle":45,"axis":"x","origin":[8.5,20.25,7.5]},"faces":{"north":{"uv":[0,0,16,16],"texture":"#3"},"east":{"uv":[0,0,16,16],"texture":"#3"},"south":{"uv":[0,0,16,16],"texture":"#3"},"west":{"uv":[0,0,16,16],"texture":"#3"},"up":{"uv":[0,0,16,16],"texture":"#3"},"down":{"uv":[0,0,16,16],"texture":"#3"}}},{"from":[7.9,18,7.25],"to":[9.1,18.5,7.75],"rotation":{"angle":45,"axis":"x","origin":[8.5,18.25,7.5]},"faces":{"north":{"uv":[10.6,1.1,11,2.9],"texture":"#4"},"east":{"uv":[10.6,1.1,11,2.9],"texture":"#4"},"south":{"uv":[10.6,1.1,11,2.9],"texture":"#4"},"west":{"uv":[10.6,1.1,11,2.9],"texture":"#4"},"up":{"uv":[10.6,1.1,11,1.4],"texture":"#4"},"down":{"uv":[10.6,2.6,11,2.9],"texture":"#4"}}},{"from":[7.9,17,7.25],"to":[9.1,17.5,7.75],"rotation":{"angle":45,"axis":"x","origin":[8.5,17.25,7.5]},"faces":{"north":{"uv":[10.6,1.1,11,2.9],"texture":"#4"},"east":{"uv":[10.6,1.1,11,2.9],"texture":"#4"},"south":{"uv":[10.6,1.1,11,2.9],"texture":"#4"},"west":{"uv":[10.6,1.1,11,2.9],"texture":"#4"},"up":{"uv":[10.6,1.1,11,1.4],"texture":"#4"},"down":{"uv":[10.6,2.6,11,2.9],"texture":"#4"}}},{"from":[7.9,16,7.25],"to":[9.1,16.5,7.75],"rotation":{"angle":45,"axis":"x","origin":[8.5,16.25,7.5]},"faces":{"north":{"uv":[10.6,1.1,11,2.9],"texture":"#4"},"east":{"uv":[10.6,1.1,11,2.9],"texture":"#4"},"south":{"uv":[10.6,1.1,11,2.9],"texture":"#4"},"west":{"uv":[10.6,1.1,11,2.9],"texture":"#4"},"up":{"uv":[10.6,1.1,11,1.4],"texture":"#4"},"down":{"uv":[10.6,2.6,11,2.9],"texture":"#4"}}},{"from":[7.9,15,7.25],"to":[9.1,15.5,7.75],"rotation":{"angle":45,"axis":"x","origin":[8.5,15.25,7.5]},"faces":{"north":{"uv":[10.6,1.1,11,2.9],"texture":"#4"},"east":{"uv":[10.6,1.1,11,2.9],"texture":"#4"},"south":{"uv":[10.6,1.1,11,2.9],"texture":"#4"},"west":{"uv":[10.6,1.1,11,2.9],"texture":"#4"},"up":{"uv":[10.6,1.1,11,1.4],"texture":"#4"},"down":{"uv":[10.6,2.6,11,2.9],"texture":"#4"}}},{"from":[7.9,14,7.25],"to":[9.1,14.5,7.75],"rotation":{"angle":45,"axis":"x","origin":[8.5,14.25,7.5]},"faces":{"north":{"uv":[10.6,1.1,11,2.9],"texture":"#4"},"east":{"uv":[10.6,1.1,11,2.9],"texture":"#4"},"south":{"uv":[10.6,1.1,11,2.9],"texture":"#4"},"west":{"uv":[10.6,1.1,11,2.9],"texture":"#4"},"up":{"uv":[10.6,1.1,11,1.4],"texture":"#4"},"down":{"uv":[10.6,2.6,11,2.9],"texture":"#4"}}},{"from":[7.9,13,7.25],"to":[9.1,13.5,7.75],"rotation":{"angle":45,"axis":"x","origin":[8.5,13.25,7.5]},"faces":{"north":{"uv":[10.6,1.1,11,2.9],"texture":"#4"},"east":{"uv":[10.6,1.1,11,2.9],"texture":"#4"},"south":{"uv":[10.6,1.1,11,2.9],"texture":"#4"},"west":{"uv":[10.6,1.1,11,2.9],"texture":"#4"},"up":{"uv":[10.6,1.1,11,1.4],"texture":"#4"},"down":{"uv":[10.6,2.6,11,2.9],"texture":"#4"}}},{"from":[7.9,12,7.25],"to":[9.1,12.5,7.75],"rotation":{"angle":45,"axis":"x","origin":[8.5,12.25,7.5]},"faces":{"north":{"uv":[10.6,1.1,11,2.9],"texture":"#4"},"east":{"uv":[10.6,1.1,11,2.9],"texture":"#4"},"south":{"uv":[10.6,1.1,11,2.9],"texture":"#4"},"west":{"uv":[10.6,1.1,11,2.9],"texture":"#4"},"up":{"uv":[10.6,1.1,11,1.4],"texture":"#4"},"down":{"uv":[10.6,2.6,11,2.9],"texture":"#4"}}},{"from":[7.9,11,7.25],"to":[9.1,11.5,7.75],"rotation":{"angle":45,"axis":"x","origin":[8.5,11.25,7.5]},"faces":{"north":{"uv":[10.6,1.1,11,2.9],"texture":"#4"},"east":{"uv":[10.6,1.1,11,2.9],"texture":"#4"},"south":{"uv":[10.6,1.1,11,2.9],"texture":"#4"},"west":{"uv":[10.6,1.1,11,2.9],"texture":"#4"},"up":{"uv":[10.6,1.1,11,1.4],"texture":"#4"},"down":{"uv":[10.6,2.6,11,2.9],"texture":"#4"}}},{"from":[7.9,10,7.25],"to":[9.1,10.5,7.75],"rotation":{"angle":45,"axis":"x","origin":[8.5,10.25,7.5]},"faces":{"north":{"uv":[10.6,1.1,11,2.9],"texture":"#4"},"east":{"uv":[10.6,1.1,11,2.9],"texture":"#4"},"south":{"uv":[10.6,1.1,11,2.9],"texture":"#4"},"west":{"uv":[10.6,1.1,11,2.9],"texture":"#4"},"up":{"uv":[10.6,1.1,11,1.4],"texture":"#4"},"down":{"uv":[10.6,2.6,11,2.9],"texture":"#4"}}},{"from":[7.9,9,7.25],"to":[9.1,9.5,7.75],"rotation":{"angle":45,"axis":"x","origin":[8.5,9.25,7.5]},"faces":{"north":{"uv":[10.6,1.1,11,2.9],"texture":"#4"},"east":{"uv":[10.6,1.1,11,2.9],"texture":"#4"},"south":{"uv":[10.6,1.1,11,2.9],"texture":"#4"},"west":{"uv":[10.6,1.1,11,2.9],"texture":"#4"},"up":{"uv":[10.6,1.1,11,1.4],"texture":"#4"},"down":{"uv":[10.6,2.6,11,2.9],"texture":"#4"}}},{"from":[7.9,-12,7.25],"to":[9.1,-11.5,7.75],"rotation":{"angle":45,"axis":"x","origin":[8.5,-11.75,7.5]},"faces":{"north":{"uv":[10.6,1.1,11,2.9],"texture":"#4"},"east":{"uv":[10.6,1.1,11,2.9],"texture":"#4"},"south":{"uv":[10.6,1.1,11,2.9],"texture":"#4"},"west":{"uv":[10.6,1.1,11,2.9],"texture":"#4"},"up":{"uv":[10.6,1.1,11,1.4],"texture":"#4"},"down":{"uv":[10.6,2.6,11,2.9],"texture":"#4"}}},{"from":[7.9,-11,7.25],"to":[9.1,-10.5,7.75],"rotation":{"angle":45,"axis":"x","origin":[8.5,-10.75,7.5]},"faces":{"north":{"uv":[10.6,1.1,11,2.9],"texture":"#4"},"east":{"uv":[10.6,1.1,11,2.9],"texture":"#4"},"south":{"uv":[10.6,1.1,11,2.9],"texture":"#4"},"west":{"uv":[10.6,1.1,11,2.9],"texture":"#4"},"up":{"uv":[10.6,1.1,11,1.4],"texture":"#4"},"down":{"uv":[10.6,2.6,11,2.9],"texture":"#4"}}},{"from":[7.9,-10,7.25],"to":[9.1,-9.5,7.75],"rotation":{"angle":45,"axis":"x","origin":[8.5,-9.75,7.5]},"faces":{"north":{"uv":[10.6,1.1,11,2.9],"texture":"#4"},"east":{"uv":[10.6,1.1,11,2.9],"texture":"#4"},"south":{"uv":[10.6,1.1,11,2.9],"texture":"#4"},"west":{"uv":[10.6,1.1,11,2.9],"texture":"#4"},"up":{"uv":[10.6,1.1,11,1.4],"texture":"#4"},"down":{"uv":[10.6,2.6,11,2.9],"texture":"#4"}}},{"from":[7.9,-9,7.25],"to":[9.1,-8.5,7.75],"rotation":{"angle":45,"axis":"x","origin":[8.5,-8.75,7.5]},"faces":{"north":{"uv":[10.6,1.1,11,2.9],"texture":"#4"},"east":{"uv":[10.6,1.1,11,2.9],"texture":"#4"},"south":{"uv":[10.6,1.1,11,2.9],"texture":"#4"},"west":{"uv":[10.6,1.1,11,2.9],"texture":"#4"},"up":{"uv":[10.6,1.1,11,1.4],"texture":"#4"},"down":{"uv":[10.6,2.6,11,2.9],"texture":"#4"}}},{"from":[7.9,-8,7.25],"to":[9.1,-7.5,7.75],"rotation":{"angle":45,"axis":"x","origin":[8.5,-7.75,7.5]},"faces":{"north":{"uv":[10.6,1.1,11,2.9],"texture":"#4"},"east":{"uv":[10.6,1.1,11,2.9],"texture":"#4"},"south":{"uv":[10.6,1.1,11,2.9],"texture":"#4"},"west":{"uv":[10.6,1.1,11,2.9],"texture":"#4"},"up":{"uv":[10.6,1.1,11,1.4],"texture":"#4"},"down":{"uv":[10.6,2.6,11,2.9],"texture":"#4"}}},{"from":[7.9,-7,7.25],"to":[9.1,-6.5,7.75],"rotation":{"angle":45,"axis":"x","origin":[8.5,-6.75,7.5]},"faces":{"north":{"uv":[10.6,1.1,11,2.9],"texture":"#4"},"east":{"uv":[10.6,1.1,11,2.9],"texture":"#4"},"south":{"uv":[10.6,1.1,11,2.9],"texture":"#4"},"west":{"uv":[10.6,1.1,11,2.9],"texture":"#4"},"up":{"uv":[10.6,1.1,11,1.4],"texture":"#4"},"down":{"uv":[10.6,2.6,11,2.9],"texture":"#4"}}},{"from":[8.25,19.75,6],"to":[8.75,22.75,7],"rotation":{"angle":0,"axis":"y","origin":[8.5,21.25,6.5]},"faces":{"north":{"uv":[10.6,1.1,11,2.9],"texture":"#4"},"east":{"uv":[10.6,1.1,11,2.9],"texture":"#4"},"south":{"uv":[10.6,1.1,11,2.9],"texture":"#4"},"west":{"uv":[10.6,1.1,11,2.9],"texture":"#4"},"up":{"uv":[10.6,1.1,11,1.4],"texture":"#4"},"down":{"uv":[10.6,2.6,11,2.9],"texture":"#4"}}},{"from":[8.25,20.75,8],"to":[8.75,21.75,9.5],"rotation":{"angle":0,"axis":"y","origin":[8.5,21.25,9]},"faces":{"north":{"uv":[10.6,1.1,11,2.9],"texture":"#4"},"east":{"uv":[10.6,1.1,11,2.9],"texture":"#4"},"south":{"uv":[10.6,1.1,11,2.9],"texture":"#4"},"west":{"uv":[10.6,1.1,11,2.9],"texture":"#4"},"up":{"uv":[10.6,1.1,11,1.4],"texture":"#4"},"down":{"uv":[10.6,2.6,11,2.9],"texture":"#4"}}},{"from":[8.35,22.6,7.1],"to":[8.65,24.9,7.9],"rotation":{"angle":0,"axis":"x","origin":[8.5,23.75,7.5]},"faces":{"north":{"uv":[10.6,1.1,11,1.4],"rotation":90,"texture":"#4"},"east":{"uv":[10.6,1.1,11,1.4],"rotation":90,"texture":"#4"},"south":{"uv":[10.6,1.1,11,1.4],"rotation":90,"texture":"#4"},"west":{"uv":[10.6,1.1,11,1.4],"rotation":90,"texture":"#4"},"up":{"uv":[10.6,1.1,11,1.4],"rotation":90,"texture":"#4"},"down":{"uv":[10.6,1.1,11,1.4],"rotation":90,"texture":"#4"}}},{"from":[8.1,22.6,7.35],"to":[8.9,24.9,7.65],"rotation":{"angle":0,"axis":"y","origin":[8.5,23.75,7.5]},"faces":{"north":{"uv":[10.6,1.1,11,1.4],"texture":"#4"},"east":{"uv":[10.6,1.1,11,1.4],"texture":"#4"},"south":{"uv":[10.6,1.1,11,1.4],"texture":"#4"},"west":{"uv":[10.6,1.1,11,1.4],"texture":"#4"},"up":{"uv":[10.6,1.1,11,1.4],"texture":"#4"},"down":{"uv":[10.6,1.1,11,1.4],"texture":"#4"}}},{"from":[8,22.5,7.25],"to":[9,23.5,7.75],"rotation":{"angle":0,"axis":"y","origin":[8.5,23,7.5]},"faces":{"north":{"uv":[10.6,1.1,11,1.4],"texture":"#4"},"east":{"uv":[10.6,1.1,11,1.4],"texture":"#4"},"south":{"uv":[10.6,1.1,11,1.4],"texture":"#4"},"west":{"uv":[10.6,1.1,11,1.4],"texture":"#4"},"up":{"uv":[10.6,1.1,11,1.4],"texture":"#4"},"down":{"uv":[10.6,1.1,11,1.4],"texture":"#4"}}},{"from":[8.25,22.5,7],"to":[8.75,23.5,8],"rotation":{"angle":0,"axis":"y","origin":[8.5,23,7.5]},"faces":{"north":{"uv":[10.6,1.1,11,1.4],"rotation":270,"texture":"#4"},"east":{"uv":[10.6,1.1,11,1.4],"rotation":270,"texture":"#4"},"south":{"uv":[10.6,1.1,11,1.4],"rotation":270,"texture":"#4"},"west":{"uv":[10.6,1.1,11,1.4],"rotation":270,"texture":"#4"},"up":{"uv":[10.6,1.1,11,1.4],"rotation":270,"texture":"#4"},"down":{"uv":[10.6,1.1,11,1.4],"rotation":270,"texture":"#4"}}},{"from":[8.45,23.7,7.2],"to":[8.55,25.8,7.8],"rotation":{"angle":0,"axis":"x","origin":[8.5,24.75,7.5]},"faces":{"north":{"uv":[10.6,1.1,11,1.4],"rotation":90,"texture":"#4"},"east":{"uv":[10.6,1.1,11,1.4],"rotation":90,"texture":"#4"},"south":{"uv":[10.6,1.1,11,1.4],"rotation":90,"texture":"#4"},"west":{"uv":[10.6,1.1,11,1.4],"rotation":90,"texture":"#4"},"up":{"uv":[10.6,1.1,11,1.4],"rotation":90,"texture":"#4"},"down":{"uv":[10.6,1.1,11,1.4],"rotation":90,"texture":"#4"}}},{"from":[8.2,23.7,7.45],"to":[8.8,25.8,7.55],"rotation":{"angle":0,"axis":"y","origin":[8.5,24.75,7.5]},"faces":{"north":{"uv":[10.6,1.1,11,1.4],"texture":"#4"},"east":{"uv":[10.6,1.1,11,1.4],"texture":"#4"},"south":{"uv":[10.6,1.1,11,1.4],"texture":"#4"},"west":{"uv":[10.6,1.1,11,1.4],"texture":"#4"},"up":{"uv":[10.6,1.1,11,1.4],"texture":"#4"},"down":{"uv":[10.6,1.1,11,1.4],"texture":"#4"}}},{"from":[8.45,25.7,7.2],"to":[8.55,26.3,7.8],"rotation":{"angle":45,"axis":"x","origin":[8.5,26,7.5]},"faces":{"north":{"uv":[10.6,1.1,11,1.4],"rotation":90,"texture":"#4"},"east":{"uv":[10.6,1.1,11,1.4],"rotation":90,"texture":"#4"},"south":{"uv":[10.6,1.1,11,1.4],"rotation":90,"texture":"#4"},"west":{"uv":[10.6,1.1,11,1.4],"rotation":90,"texture":"#4"},"up":{"uv":[10.6,1.1,11,1.4],"rotation":90,"texture":"#4"},"down":{"uv":[10.6,1.1,11,1.4],"rotation":90,"texture":"#4"}}},{"from":[8.2,25.7,7.45],"to":[8.8,26.3,7.55],"rotation":{"angle":45,"axis":"z","origin":[8.5,26,7.5]},"faces":{"north":{"uv":[10.6,1.1,11,1.4],"texture":"#4"},"east":{"uv":[10.6,1.1,11,1.4],"texture":"#4"},"south":{"uv":[10.6,1.1,11,1.4],"texture":"#4"},"west":{"uv":[10.6,1.1,11,1.4],"texture":"#4"},"up":{"uv":[10.6,1.1,11,1.4],"texture":"#4"},"down":{"uv":[10.6,1.1,11,1.4],"texture":"#4"}}},{"from":[8.375,20.75,9],"to":[8.625,21.75,10],"rotation":{"angle":45,"axis":"x","origin":[8.5,21.25,9.5]},"faces":{"north":{"uv":[10.6,1.1,11,2.9],"texture":"#4"},"east":{"uv":[10.6,1.1,11,2.9],"texture":"#4"},"south":{"uv":[10.6,1.1,11,2.9],"texture":"#4"},"west":{"uv":[10.6,1.1,11,2.9],"texture":"#4"},"up":{"uv":[10.6,1.1,11,1.4],"texture":"#4"},"down":{"uv":[10.6,2.6,11,2.9],"texture":"#4"}}},{"from":[8.125,20.5,7.3],"to":[8.875,22,8.8],"rotation":{"angle":45,"axis":"x","origin":[8.5,21.25,8.05]},"faces":{"north":{"uv":[10.6,1.1,11,2.9],"texture":"#4"},"east":{"uv":[10.6,1.1,11,2.9],"texture":"#4"},"south":{"uv":[10.6,1.1,11,2.9],"texture":"#4"},"west":{"uv":[10.6,1.1,11,2.9],"texture":"#4"},"up":{"uv":[10.6,1.1,11,1.4],"texture":"#4"},"down":{"uv":[10.6,2.6,11,2.9],"texture":"#4"}}},{"from":[8.25,19.25,5],"to":[8.75,23.25,6],"rotation":{"angle":0,"axis":"y","origin":[8.5,21.75,5.5]},"faces":{"north":{"uv":[10.6,1.1,11,2.9],"texture":"#4"},"east":{"uv":[10.6,1.1,11,2.4],"texture":"#4"},"south":{"uv":[10.6,1.1,11,2.9],"texture":"#4"},"west":{"uv":[10.6,1.1,11,2.4],"texture":"#4"},"up":{"uv":[10.6,1.1,11,1.4],"texture":"#4"},"down":{"uv":[10.6,2.1,11,2.4],"texture":"#4"}}},{"from":[8.35,14.75,4.5],"to":[8.6,23.75,5],"rotation":{"angle":0,"axis":"y","origin":[8.475,21.75,4.75]},"faces":{"north":{"uv":[10.6,1.1,11,2.9],"texture":"#4"},"east":{"uv":[10.6,1.1,11,2.9],"texture":"#4"},"south":{"uv":[10.6,1.1,11,2.9],"texture":"#4"},"west":{"uv":[10.6,1.1,11,2.9],"texture":"#4"},"up":{"uv":[10.6,1.1,11,1.4],"texture":"#4"},"down":{"uv":[10.6,2.6,11,2.9],"texture":"#4"}}},{"from":[8.35,23.75,4.75],"to":[8.6,24,5],"rotation":{"angle":0,"axis":"y","origin":[8.475,23.875,4.875]},"faces":{"north":{"uv":[10.6,1.1,11,1.4],"texture":"#4"},"east":{"uv":[10.6,1.1,11,1.4],"texture":"#4"},"south":{"uv":[10.6,1.1,11,1.4],"texture":"#4"},"west":{"uv":[10.6,1.1,11,1.4],"texture":"#4"},"up":{"uv":[10.6,1.1,11,1.4],"texture":"#4"},"down":{"uv":[10.6,1.1,11,1.4],"texture":"#4"}}},{"from":[8.35,23.25,4.25],"to":[8.6,23.5,4.5],"rotation":{"angle":0,"axis":"y","origin":[8.475,23.375,4.375]},"faces":{"north":{"uv":[10.6,1.1,11,1.4],"texture":"#4"},"east":{"uv":[10.6,1.1,11,1.4],"texture":"#4"},"south":{"uv":[10.6,1.1,11,1.4],"texture":"#4"},"west":{"uv":[10.6,1.1,11,1.4],"texture":"#4"},"up":{"uv":[10.6,1.1,11,1.4],"texture":"#4"},"down":{"uv":[10.6,1.1,11,1.4],"texture":"#4"}}},{"from":[8.35,24.25,5.25],"to":[8.6,24.5,5.5],"rotation":{"angle":0,"axis":"y","origin":[8.475,24.375,5.375]},"faces":{"north":{"uv":[10.6,1.1,11,1.4],"texture":"#4"},"east":{"uv":[10.6,1.1,11,1.4],"texture":"#4"},"south":{"uv":[10.6,1.1,11,1.4],"texture":"#4"},"west":{"uv":[10.6,1.1,11,1.4],"texture":"#4"},"up":{"uv":[10.6,1.1,11,1.4],"texture":"#4"},"down":{"uv":[10.6,1.1,11,1.4],"texture":"#4"}}},{"from":[8.35,23.25,5.5],"to":[8.6,23.5,5.75],"rotation":{"angle":0,"axis":"y","origin":[8.475,23.375,5.625]},"faces":{"north":{"uv":[10.6,1.1,11,1.4],"texture":"#4"},"east":{"uv":[10.6,1.1,11,1.4],"texture":"#4"},"south":{"uv":[10.6,1.1,11,1.4],"texture":"#4"},"west":{"uv":[10.6,1.1,11,1.4],"texture":"#4"},"up":{"uv":[10.6,1.1,11,1.4],"texture":"#4"},"down":{"uv":[10.6,1.1,11,1.4],"texture":"#4"}}},{"from":[8.35,17.75,5.5],"to":[8.6,19.25,5.75],"rotation":{"angle":0,"axis":"y","origin":[8.475,18.5,5.625]},"faces":{"north":{"uv":[10.6,2.1,11,2.4],"texture":"#4"},"east":{"uv":[10.6,2.1,11,2.4],"texture":"#4"},"south":{"uv":[10.6,2.1,11,2.4],"texture":"#4"},"west":{"uv":[10.6,2.1,11,2.4],"texture":"#4"},"up":{"uv":[10.6,2.1,11,2.4],"texture":"#4"},"down":{"uv":[10.6,2.1,11,2.4],"texture":"#4"}}},{"from":[8.35,15,4.25],"to":[8.6,15.25,4.5],"rotation":{"angle":0,"axis":"y","origin":[8.475,15.125,4.375]},"faces":{"north":{"uv":[10.6,2.6,11,2.9],"texture":"#4"},"east":{"uv":[10.6,2.6,11,2.9],"texture":"#4"},"south":{"uv":[10.6,2.6,11,2.9],"texture":"#4"},"west":{"uv":[10.6,2.6,11,2.9],"texture":"#4"},"up":{"uv":[10.6,2.6,11,2.9],"texture":"#4"},"down":{"uv":[10.6,2.6,11,2.9],"texture":"#4"}}},{"from":[8.35,14,5.25],"to":[8.6,14.25,5.5],"rotation":{"angle":0,"axis":"y","origin":[8.475,14.125,5.375]},"faces":{"north":{"uv":[10.6,2.6,11,2.9],"texture":"#4"},"east":{"uv":[10.6,2.6,11,2.9],"texture":"#4"},"south":{"uv":[10.6,2.6,11,2.9],"texture":"#4"},"west":{"uv":[10.6,2.6,11,2.9],"texture":"#4"},"up":{"uv":[10.6,2.6,11,2.9],"texture":"#4"},"down":{"uv":[10.6,2.6,11,2.9],"texture":"#4"}}},{"from":[8.35,14.5,4.75],"to":[8.6,14.75,5],"rotation":{"angle":0,"axis":"y","origin":[8.475,14.625,4.875]},"faces":{"north":{"uv":[10.6,2.6,11,2.9],"texture":"#4"},"east":{"uv":[10.6,2.6,11,2.9],"texture":"#4"},"south":{"uv":[10.6,2.6,11,2.9],"texture":"#4"},"west":{"uv":[10.6,2.6,11,2.9],"texture":"#4"},"up":{"uv":[10.6,2.6,11,2.9],"texture":"#4"},"down":{"uv":[10.6,2.6,11,2.9],"texture":"#4"}}},{"from":[8.35,15.25,4],"to":[8.6,23.25,4.5],"rotation":{"angle":0,"axis":"y","origin":[8.475,21.25,4.25]},"faces":{"north":{"uv":[10.6,1.1,11,2.9],"texture":"#4"},"east":{"uv":[10.6,1.1,11,2.9],"texture":"#4"},"south":{"uv":[10.6,1.1,11,2.9],"texture":"#4"},"west":{"uv":[10.6,1.1,11,2.9],"texture":"#4"},"up":{"uv":[10.6,1.1,11,1.4],"texture":"#4"},"down":{"uv":[10.6,2.6,11,2.9],"texture":"#4"}}},{"from":[8.35,15.75,3.75],"to":[8.6,22.75,4],"rotation":{"angle":0,"axis":"y","origin":[8.475,21.25,3.875]},"faces":{"north":{"uv":[10.6,1.1,11,2.9],"texture":"#4"},"east":{"uv":[10.6,1.1,11,2.9],"texture":"#4"},"south":{"uv":[10.6,1.1,11,2.9],"texture":"#4"},"west":{"uv":[10.6,1.1,11,2.9],"texture":"#4"},"up":{"uv":[10.6,1.1,11,1.4],"texture":"#4"},"down":{"uv":[10.6,2.6,11,2.9],"texture":"#4"}}},{"from":[8.35,16.125,3.5],"to":[8.6,22.375,3.75],"rotation":{"angle":0,"axis":"y","origin":[8.475,21.25,3.625]},"faces":{"north":{"uv":[10.6,1.1,11,2.9],"texture":"#4"},"east":{"uv":[10.6,1.1,11,2.9],"texture":"#4"},"south":{"uv":[10.6,1.1,11,2.9],"texture":"#4"},"west":{"uv":[10.6,1.1,11,2.9],"texture":"#4"},"up":{"uv":[10.6,1.1,11,1.4],"texture":"#4"},"down":{"uv":[10.6,2.6,11,2.9],"texture":"#4"}}},{"from":[8.35,14.25,5],"to":[8.6,19.25,5.5],"rotation":{"angle":0,"axis":"y","origin":[8.475,18.75,5.25]},"faces":{"north":{"uv":[10.6,1.1,11,2.9],"texture":"#4"},"east":{"uv":[10.6,2.1,11,2.9],"texture":"#4"},"south":{"uv":[10.6,1.1,11,2.9],"texture":"#4"},"west":{"uv":[10.6,2.1,11,2.9],"texture":"#4"},"up":{"uv":[10.6,2.1,11,2.4],"texture":"#4"},"down":{"uv":[10.6,2.6,11,2.9],"texture":"#4"}}},{"from":[8.35,23.25,5],"to":[8.6,24.25,5.5],"rotation":{"angle":0,"axis":"y","origin":[8.475,21.75,4.75]},"faces":{"north":{"uv":[10.6,1.1,11,1.4],"texture":"#4"},"east":{"uv":[10.6,1.1,11,1.4],"texture":"#4"},"south":{"uv":[10.6,1.1,11,1.4],"texture":"#4"},"west":{"uv":[10.6,1.1,11,1.4],"texture":"#4"},"up":{"uv":[10.6,1.1,11,1.4],"texture":"#4"},"down":{"uv":[10.6,1.1,11,1.4],"texture":"#4"}}},{"from":[7.9,19.4,6.9],"to":[9.1,23.1,8.1],"rotation":{"angle":0,"axis":"y","origin":[8.5,21.75,7.5]},"faces":{"north":{"uv":[10.6,1.1,11,2.9],"texture":"#4"},"east":{"uv":[10.6,1.1,11,2.9],"texture":"#4"},"south":{"uv":[10.6,1.1,11,2.9],"texture":"#4"},"west":{"uv":[10.6,1.1,11,2.9],"texture":"#4"},"up":{"uv":[10.6,1.1,11,1.4],"texture":"#4"},"down":{"uv":[10.6,2.6,11,2.9],"texture":"#4"}}},{"from":[7.7,-13.8,6.7],"to":[9.3,-12.7,8.3],"rotation":{"angle":0,"axis":"y","origin":[8.5,-13.25,7.5]},"faces":{"north":{"uv":[10.6,1.1,11,2.9],"texture":"#4"},"east":{"uv":[10.6,1.1,11,2.9],"texture":"#4"},"south":{"uv":[10.6,1.1,11,2.9],"texture":"#4"},"west":{"uv":[10.6,1.1,11,2.9],"texture":"#4"},"up":{"uv":[10.6,1.1,11,1.4],"texture":"#4"},"down":{"uv":[10.6,2.6,11,2.9],"texture":"#4"}}},{"from":[8.075,-1.925,7.075],"to":[8.925,3.925,7.925],"rotation":{"angle":0,"axis":"y","origin":[8.5,1,7.5]},"faces":{"north":{"uv":[0,0,16,16],"texture":"#2"},"east":{"uv":[0,0,16,16],"texture":"#2"},"south":{"uv":[0,0,16,16],"texture":"#2"},"west":{"uv":[0,0,16,16],"texture":"#2"},"up":{"uv":[0,0,16,16],"texture":"#2"},"down":{"uv":[0,0,16,16],"texture":"#2"}}},{"from":[7.96,-13.5,6.96],"to":[9.04,-12.92,8.04],"rotation":{"angle":0,"axis":"y","origin":[8.5,-13.21,7.5]},"faces":{"north":{"uv":[10.6,1.1,11,2.9],"texture":"#4"},"east":{"uv":[10.6,1.1,11,2.9],"texture":"#4"},"south":{"uv":[10.6,1.1,11,2.9],"texture":"#4"},"west":{"uv":[10.6,1.1,11,2.9],"texture":"#4"},"up":{"uv":[10.6,1.1,11,1.4],"texture":"#4"},"down":{"uv":[10.6,2.6,11,2.9],"texture":"#4"}}},{"from":[7.96,3,6.96],"to":[9.04,3.58,8.04],"rotation":{"angle":0,"axis":"y","origin":[8.5,2.79,7.5]},"faces":{"north":{"uv":[0,0,16,16],"texture":"#3"},"east":{"uv":[0,0,16,16],"texture":"#3"},"south":{"uv":[0,0,16,16],"texture":"#3"},"west":{"uv":[0,0,16,16],"texture":"#3"},"up":{"uv":[0,0,16,16],"texture":"#3"},"down":{"uv":[0,0,16,16],"texture":"#3"}}},{"from":[7.96,-2,6.96],"to":[9.04,-1.42,8.04],"rotation":{"angle":0,"axis":"y","origin":[8.5,-1.21,7.5]},"faces":{"north":{"uv":[0,0,16,16],"texture":"#3"},"east":{"uv":[0,0,16,16],"texture":"#3"},"south":{"uv":[0,0,16,16],"texture":"#3"},"west":{"uv":[0,0,16,16],"texture":"#3"},"up":{"uv":[0,0,16,16],"texture":"#3"},"down":{"uv":[0,0,16,16],"texture":"#3"}}}],"display":{"thirdperson_righthand":{"translation":[-1,6.5,1.5],"scale":[1.2,1.2,1.2]},"thirdperson_lefthand":{"translation":[0,6.5,1.5],"scale":[1.2,1.2,1.2]},"firstperson_righthand":{"rotation":[-5,0,0],"translation":[3.5,5.5,-0.75],"scale":[1.2,1.2,1.2]},"firstperson_lefthand":{"rotation":[-5,0,0],"translation":[3.5,5.5,-0.75],"scale":[1.2,1.2,1.2]},"ground":{"translation":[0,21.5,0],"scale":[1.2,1.2,1.2]},"gui":{"rotation":[-45,-41,-62],"translation":[1.25,3.5,0]},"head":{"rotation":[-80,0,0],"translation":[-0.25,10.75,-13.25],"scale":[1.2,-1.2,1.2]},"fixed":{"rotation":[0,90,0],"translation":[1,4.75,-0.5],"scale":[1.2,1.2,1.2]}}}