{"credit":"Made with Blockbench","textures":{"2":"spartanweaponry:costum/texturedasteaxess","3":"spartanweaponry:costum/raddadste","5":"spartanweaponry:costum/diamond_block14","particle":"spartanweaponry:costum/texturedasteaxess"},"elements":[{"from":[8,-4,7],"to":[9,-1.5,8],"rotation":{"angle":0,"axis":"y","origin":[8.5,-2.75,7.5]},"faces":{"north":{"uv":[0,0,16,16],"texture":"#3"},"east":{"uv":[0,0,16,16],"texture":"#3"},"south":{"uv":[0,0,16,16],"texture":"#3"},"west":{"uv":[0,0,16,16],"texture":"#3"},"up":{"uv":[0,0,16,16],"texture":"#3"},"down":{"uv":[0,0,16,16],"texture":"#3"}}},{"from":[8,3,7],"to":[9,12.5,8],"rotation":{"angle":0,"axis":"y","origin":[8.5,7.25,7.5]},"faces":{"north":{"uv":[0,0,16,16],"texture":"#3"},"east":{"uv":[0,0,16,16],"texture":"#3"},"south":{"uv":[0,0,16,16],"texture":"#3"},"west":{"uv":[0,0,16,16],"texture":"#3"},"up":{"uv":[0,0,16,16],"texture":"#3"},"down":{"uv":[0,0,16,16],"texture":"#3"}}},{"from":[7.9,6,7.25],"to":[9.1,6.5,7.75],"rotation":{"angle":45,"axis":"x","origin":[8.5,6.25,7.5]},"faces":{"north":{"uv":[2,1,3.999,3],"texture":"#5"},"east":{"uv":[2,1,3.999,3],"texture":"#5"},"south":{"uv":[2,1,3.999,3],"texture":"#5"},"west":{"uv":[2,1,3.999,3],"texture":"#5"},"up":{"uv":[2,1,3.999,3],"texture":"#5"},"down":{"uv":[2,1,3.999,3],"texture":"#5"}}},{"from":[6.5,7.25,7.25],"to":[10.5,7.75,7.75],"rotation":{"angle":45,"axis":"x","origin":[8.5,7.5,7.5]},"faces":{"north":{"uv":[2,1,3.999,3],"texture":"#3"},"east":{"uv":[2,1,3.999,3],"texture":"#3"},"south":{"uv":[2,1,3.999,3],"texture":"#3"},"west":{"uv":[2,1,3.999,3],"texture":"#3"},"up":{"uv":[2,1,3.999,3],"texture":"#3"},"down":{"uv":[2,1,3.999,3],"texture":"#3"}}},{"from":[6.375,9.25,7.25],"to":[10.625,9.75,7.75],"rotation":{"angle":45,"axis":"x","origin":[8.5,9.5,7.5]},"faces":{"north":{"uv":[4,4,5.999,5.999],"texture":"#5"},"east":{"uv":[4,4,5.999,5.999],"texture":"#5"},"south":{"uv":[4,4,5.999,5.999],"texture":"#5"},"west":{"uv":[4,4,5.999,5.999],"texture":"#5"},"up":{"uv":[4,4,5.999,5.999],"texture":"#5"},"down":{"uv":[4,4,5.999,5.999],"texture":"#5"}}},{"from":[6.4,9.25,7.25],"to":[10.6,9.75,7.75],"rotation":{"angle":0,"axis":"x","origin":[8.5,9.5,7.5]},"faces":{"north":{"uv":[4,4,5.999,5.999],"rotation":180,"texture":"#5"},"east":{"uv":[4,4,5.999,5.999],"rotation":270,"texture":"#5"},"south":{"uv":[4,4,5.999,5.999],"texture":"#5"},"west":{"uv":[4,4,5.999,5.999],"rotation":90,"texture":"#5"},"up":{"uv":[4,4,5.999,5.999],"rotation":180,"texture":"#5"},"down":{"uv":[4,4,5.999,5.999],"texture":"#5"}}},{"from":[6.5,9.25,9.25],"to":[10.5,9.75,9.75],"rotation":{"angle":45,"axis":"x","origin":[8.5,9.5,9.5]},"faces":{"north":{"uv":[2,1,3.999,3],"texture":"#3"},"east":{"uv":[2,1,3.999,3],"texture":"#3"},"south":{"uv":[2,1,3.999,3],"texture":"#3"},"west":{"uv":[2,1,3.999,3],"texture":"#3"},"up":{"uv":[2,1,3.999,3],"texture":"#3"},"down":{"uv":[2,1,3.999,3],"texture":"#3"}}},{"from":[6.5,9.25,9.25],"to":[10.5,9.75,9.75],"rotation":{"angle":0,"axis":"x","origin":[8.5,9.5,9.5]},"faces":{"north":{"uv":[2,1,3.999,3],"rotation":180,"texture":"#3"},"east":{"uv":[2,1,3.999,3],"rotation":270,"texture":"#3"},"south":{"uv":[2,1,3.999,3],"texture":"#3"},"west":{"uv":[2,1,3.999,3],"rotation":90,"texture":"#3"},"up":{"uv":[2,1,3.999,3],"rotation":180,"texture":"#3"},"down":{"uv":[2,1,3.999,3],"texture":"#3"}}},{"from":[6.5,9.25,5.25],"to":[10.5,9.75,5.75],"rotation":{"angle":0,"axis":"x","origin":[8.5,9.5,5.5]},"faces":{"north":{"uv":[2,1,3.999,3],"rotation":180,"texture":"#3"},"east":{"uv":[2,1,3.999,3],"rotation":270,"texture":"#3"},"south":{"uv":[2,1,3.999,3],"texture":"#3"},"west":{"uv":[2,1,3.999,3],"rotation":90,"texture":"#3"},"up":{"uv":[2,1,3.999,3],"rotation":180,"texture":"#3"},"down":{"uv":[2,1,3.999,3],"texture":"#3"}}},{"from":[6.5,7.25,7.25],"to":[10.5,7.75,7.75],"rotation":{"angle":0,"axis":"x","origin":[8.5,7.5,7.5]},"faces":{"north":{"uv":[2,1,3.999,3],"rotation":180,"texture":"#3"},"east":{"uv":[2,1,3.999,3],"rotation":270,"texture":"#3"},"south":{"uv":[2,1,3.999,3],"texture":"#3"},"west":{"uv":[2,1,3.999,3],"rotation":90,"texture":"#3"},"up":{"uv":[2,1,3.999,3],"rotation":180,"texture":"#3"},"down":{"uv":[2,1,3.999,3],"texture":"#3"}}},{"from":[6.5,11.25,7.25],"to":[10.5,11.75,7.75],"rotation":{"angle":0,"axis":"x","origin":[8.5,11.5,7.5]},"faces":{"north":{"uv":[2,1,3.999,3],"rotation":180,"texture":"#3"},"east":{"uv":[2,1,3.999,3],"rotation":270,"texture":"#3"},"south":{"uv":[2,1,3.999,3],"texture":"#3"},"west":{"uv":[2,1,3.999,3],"rotation":90,"texture":"#3"},"up":{"uv":[2,1,3.999,3],"rotation":180,"texture":"#3"},"down":{"uv":[2,1,3.999,3],"texture":"#3"}}},{"from":[6.5,9.25,5.25],"to":[10.5,9.75,5.75],"rotation":{"angle":45,"axis":"x","origin":[8.5,9.5,5.5]},"faces":{"north":{"uv":[2,1,3.999,3],"texture":"#3"},"east":{"uv":[2,1,3.999,3],"texture":"#3"},"south":{"uv":[2,1,3.999,3],"texture":"#3"},"west":{"uv":[2,1,3.999,3],"texture":"#3"},"up":{"uv":[2,1,3.999,3],"texture":"#3"},"down":{"uv":[2,1,3.999,3],"texture":"#3"}}},{"from":[6.5,8.75,6.75],"to":[10.5,10.25,8.25],"rotation":{"angle":45,"axis":"x","origin":[8.5,9.5,7.5]},"faces":{"north":{"uv":[2,1,3.999,3],"texture":"#3"},"east":{"uv":[2,1,3.999,3],"texture":"#3"},"south":{"uv":[2,1,3.999,3],"texture":"#3"},"west":{"uv":[2,1,3.999,3],"texture":"#3"},"up":{"uv":[2,1,3.999,3],"texture":"#3"},"down":{"uv":[2,1,3.999,3],"texture":"#3"}}},{"from":[6.5,8.75,6.75],"to":[10.5,10.25,8.25],"rotation":{"angle":0,"axis":"x","origin":[8.5,9.5,7.5]},"faces":{"north":{"uv":[2,1,3.999,3],"rotation":180,"texture":"#3"},"east":{"uv":[2,1,3.999,3],"rotation":270,"texture":"#3"},"south":{"uv":[2,1,3.999,3],"texture":"#3"},"west":{"uv":[2,1,3.999,3],"rotation":90,"texture":"#3"},"up":{"uv":[2,1,3.999,3],"rotation":180,"texture":"#3"},"down":{"uv":[2,1,3.999,3],"texture":"#3"}}},{"from":[6.5,8.75,6.75],"to":[10.5,10.25,8.25],"rotation":{"angle":22.5,"axis":"x","origin":[8.5,9.5,7.5]},"faces":{"north":{"uv":[2,1,3.999,3],"rotation":180,"texture":"#3"},"east":{"uv":[2,1,3.999,3],"rotation":270,"texture":"#3"},"south":{"uv":[2,1,3.999,3],"texture":"#3"},"west":{"uv":[2,1,3.999,3],"rotation":90,"texture":"#3"},"up":{"uv":[2,1,3.999,3],"rotation":180,"texture":"#3"},"down":{"uv":[2,1,3.999,3],"texture":"#3"}}},{"from":[6.5,8.75,6.75],"to":[10.5,10.25,8.25],"rotation":{"angle":-22.5,"axis":"x","origin":[8.5,9.5,7.5]},"faces":{"north":{"uv":[2,1,3.999,3],"rotation":180,"texture":"#3"},"east":{"uv":[2,1,3.999,3],"rotation":180,"texture":"#3"},"south":{"uv":[2,1,3.999,3],"rotation":180,"texture":"#3"},"west":{"uv":[2,1,3.999,3],"rotation":180,"texture":"#3"},"up":{"uv":[2,1,3.999,3],"texture":"#3"},"down":{"uv":[2,1,3.999,3],"texture":"#3"}}},{"from":[6.5,11.25,7.25],"to":[10.5,11.75,7.75],"rotation":{"angle":45,"axis":"x","origin":[8.5,11.5,7.5]},"faces":{"north":{"uv":[2,1,3.999,3],"texture":"#3"},"east":{"uv":[2,1,3.999,3],"texture":"#3"},"south":{"uv":[2,1,3.999,3],"texture":"#3"},"west":{"uv":[2,1,3.999,3],"texture":"#3"},"up":{"uv":[2,1,3.999,3],"texture":"#3"},"down":{"uv":[2,1,3.999,3],"texture":"#3"}}},{"from":[7.9,-3,7.25],"to":[9.1,-2.5,7.75],"rotation":{"angle":45,"axis":"x","origin":[8.5,-2.75,7.5]},"faces":{"north":{"uv":[2,1,3.999,3],"texture":"#5"},"east":{"uv":[2,1,3.999,3],"texture":"#5"},"south":{"uv":[2,1,3.999,3],"texture":"#5"},"west":{"uv":[2,1,3.999,3],"texture":"#5"},"up":{"uv":[2,1,3.999,3],"texture":"#5"},"down":{"uv":[2,1,3.999,3],"texture":"#5"}}},{"from":[7.9,5,7.25],"to":[9.1,5.5,7.75],"rotation":{"angle":45,"axis":"x","origin":[8.5,5.25,7.5]},"faces":{"north":{"uv":[3,2,4.998,3.999],"texture":"#5"},"east":{"uv":[3,2,4.998,3.999],"texture":"#5"},"south":{"uv":[3,2,4.998,3.999],"texture":"#5"},"west":{"uv":[3,2,4.998,3.999],"texture":"#5"},"up":{"uv":[3,2,4.998,3.999],"texture":"#5"},"down":{"uv":[3,2,4.998,3.999],"texture":"#5"}}},{"from":[7.95,5,7.25],"to":[9.05,5.5,7.75],"rotation":{"angle":0,"axis":"x","origin":[8.5,5.25,7.5]},"faces":{"north":{"uv":[3,2,4.998,3.999],"rotation":180,"texture":"#5"},"east":{"uv":[3,2,4.998,3.999],"rotation":270,"texture":"#5"},"south":{"uv":[3,2,4.998,3.999],"texture":"#5"},"west":{"uv":[3,2,4.998,3.999],"rotation":90,"texture":"#5"},"up":{"uv":[3,2,4.998,3.999],"rotation":180,"texture":"#5"},"down":{"uv":[3,2,4.998,3.999],"texture":"#5"}}},{"from":[7.95,6,7.25],"to":[9.05,6.5,7.75],"rotation":{"angle":0,"axis":"x","origin":[8.5,6.25,7.5]},"faces":{"north":{"uv":[3,2,4.998,3.999],"rotation":180,"texture":"#5"},"east":{"uv":[3,2,4.998,3.999],"rotation":270,"texture":"#5"},"south":{"uv":[3,2,4.998,3.999],"texture":"#5"},"west":{"uv":[3,2,4.998,3.999],"rotation":90,"texture":"#5"},"up":{"uv":[3,2,4.998,3.999],"rotation":180,"texture":"#5"},"down":{"uv":[3,2,4.998,3.999],"texture":"#5"}}},{"from":[7.95,4,7.25],"to":[9.05,4.5,7.75],"rotation":{"angle":0,"axis":"x","origin":[8.5,4.25,7.5]},"faces":{"north":{"uv":[3,2,4.998,3.999],"rotation":180,"texture":"#5"},"east":{"uv":[3,2,4.998,3.999],"rotation":270,"texture":"#5"},"south":{"uv":[3,2,4.998,3.999],"texture":"#5"},"west":{"uv":[3,2,4.998,3.999],"rotation":90,"texture":"#5"},"up":{"uv":[3,2,4.998,3.999],"rotation":180,"texture":"#5"},"down":{"uv":[3,2,4.998,3.999],"texture":"#5"}}},{"from":[7.95,-3,7.25],"to":[9.05,-2.5,7.75],"rotation":{"angle":0,"axis":"x","origin":[8.5,-2.75,7.5]},"faces":{"north":{"uv":[3,2,4.998,3.999],"rotation":180,"texture":"#5"},"east":{"uv":[3,2,4.998,3.999],"rotation":270,"texture":"#5"},"south":{"uv":[3,2,4.998,3.999],"texture":"#5"},"west":{"uv":[3,2,4.998,3.999],"rotation":90,"texture":"#5"},"up":{"uv":[3,2,4.998,3.999],"rotation":180,"texture":"#5"},"down":{"uv":[3,2,4.998,3.999],"texture":"#5"}}},{"from":[7.9,4,7.25],"to":[9.1,4.5,7.75],"rotation":{"angle":45,"axis":"x","origin":[8.5,4.25,7.5]},"faces":{"north":{"uv":[6,2,7.998,3.999],"texture":"#5"},"east":{"uv":[6,2,7.998,3.999],"texture":"#5"},"south":{"uv":[6,2,7.998,3.999],"texture":"#5"},"west":{"uv":[6,2,7.998,3.999],"texture":"#5"},"up":{"uv":[6,2,7.998,3.999],"texture":"#5"},"down":{"uv":[6,2,7.998,3.999],"texture":"#5"}}},{"from":[7.7,-4.8,6.7],"to":[9.3,-3.7,8.3],"rotation":{"angle":0,"axis":"y","origin":[8.5,-4.25,7.5]},"faces":{"north":{"uv":[7,8,9.999,9.998],"texture":"#5"},"east":{"uv":[7,8,9.999,9.998],"texture":"#5"},"south":{"uv":[7,8,9.999,9.998],"texture":"#5"},"west":{"uv":[7,8,9.999,9.998],"texture":"#5"},"up":{"uv":[7,8,9.999,9.998],"texture":"#5"},"down":{"uv":[7,8,9.999,9.998],"texture":"#5"}}},{"from":[7.71,-4.79,6.71],"to":[9.29,-3.71,8.29],"rotation":{"angle":45,"axis":"y","origin":[8.5,-4.25,7.5]},"faces":{"north":{"uv":[7,8,9.999,9.998],"texture":"#5"},"east":{"uv":[7,8,9.999,9.998],"texture":"#5"},"south":{"uv":[7,8,9.999,9.998],"texture":"#5"},"west":{"uv":[7,8,9.999,9.998],"texture":"#5"},"up":{"uv":[7,8,9.999,9.998],"texture":"#5"},"down":{"uv":[7,8,9.999,9.998],"texture":"#5"}}},{"from":[8.075,-1.925,7.075],"to":[8.925,3.925,7.925],"rotation":{"angle":0,"axis":"y","origin":[8.5,1,7.5]},"faces":{"north":{"uv":[0,0,16,16],"texture":"#2"},"east":{"uv":[0,0,16,16],"texture":"#2"},"south":{"uv":[0,0,16,16],"texture":"#2"},"west":{"uv":[0,0,16,16],"texture":"#2"},"up":{"uv":[0,0,16,16],"texture":"#2"},"down":{"uv":[0,0,16,16],"texture":"#2"}}},{"from":[7.96,12.5,6.96],"to":[9.04,13.08,8.04],"rotation":{"angle":0,"axis":"y","origin":[8.5,12.79,7.5]},"faces":{"north":{"uv":[0,0,16,16],"texture":"#3"},"east":{"uv":[0,0,16,16],"texture":"#3"},"south":{"uv":[0,0,16,16],"texture":"#3"},"west":{"uv":[0,0,16,16],"texture":"#3"},"up":{"uv":[0,0,16,16],"texture":"#3"},"down":{"uv":[0,0,16,16],"texture":"#3"}}},{"from":[7.96,3,6.96],"to":[9.04,3.58,8.04],"rotation":{"angle":0,"axis":"y","origin":[8.5,2.79,7.5]},"faces":{"north":{"uv":[0,0,16,16],"texture":"#3"},"east":{"uv":[0,0,16,16],"texture":"#3"},"south":{"uv":[0,0,16,16],"texture":"#3"},"west":{"uv":[0,0,16,16],"texture":"#3"},"up":{"uv":[0,0,16,16],"texture":"#3"},"down":{"uv":[0,0,16,16],"texture":"#3"}}},{"from":[7.96,-2,6.96],"to":[9.04,-1.42,8.04],"rotation":{"angle":0,"axis":"y","origin":[8.5,-2.21,7.5]},"faces":{"north":{"uv":[0,0,16,16],"texture":"#3"},"east":{"uv":[0,0,16,16],"texture":"#3"},"south":{"uv":[0,0,16,16],"texture":"#3"},"west":{"uv":[0,0,16,16],"texture":"#3"},"up":{"uv":[0,0,16,16],"texture":"#3"},"down":{"uv":[0,0,16,16],"texture":"#3"}}},{"from":[6.75,7,4],"to":[10.25,12,11],"rotation":{"angle":0,"axis":"y","origin":[8.5,9.5,7.5]},"faces":{"north":{"uv":[2,5,8.997,12.999],"texture":"#5"},"east":{"uv":[2,7,13.998,14.998],"texture":"#5"},"south":{"uv":[8,2,13.997,9.999],"texture":"#5"},"west":{"uv":[2,5,13.998,12.999],"texture":"#5"},"up":{"uv":[9,1,12.998,8.999],"texture":"#5"},"down":{"uv":[9,1,12.998,8.999],"texture":"#5"}}},{"from":[7.25,7.25,3.5],"to":[9.75,8.25,4.5],"rotation":{"angle":45,"axis":"x","origin":[8.5,7.75,4]},"faces":{"north":{"uv":[6,7,9.997,10.998],"texture":"#5"},"east":{"uv":[6,7,9.997,10.998],"texture":"#5"},"south":{"uv":[6,7,9.997,10.998],"texture":"#5"},"west":{"uv":[6,7,9.997,10.998],"texture":"#5"},"up":{"uv":[6,7,9.997,10.998],"texture":"#5"},"down":{"uv":[6,7,9.997,10.998],"texture":"#5"}}},{"from":[7.25,7.25,10.5],"to":[9.75,8.25,11.5],"rotation":{"angle":45,"axis":"x","origin":[8.5,7.75,11]},"faces":{"north":{"uv":[6,7,9.997,10.998],"texture":"#5"},"east":{"uv":[6,7,9.997,10.998],"texture":"#5"},"south":{"uv":[6,7,9.997,10.998],"texture":"#5"},"west":{"uv":[6,7,9.997,10.998],"texture":"#5"},"up":{"uv":[6,7,9.997,10.998],"texture":"#5"},"down":{"uv":[6,7,9.997,10.998],"texture":"#5"}}},{"from":[7.25,8.55,3.5],"to":[9.75,9.55,4.5],"rotation":{"angle":45,"axis":"x","origin":[8.5,9.05,4]},"faces":{"north":{"uv":[6,7,9.997,10.998],"texture":"#5"},"east":{"uv":[6,7,9.997,10.998],"texture":"#5"},"south":{"uv":[6,7,9.997,10.998],"texture":"#5"},"west":{"uv":[6,7,9.997,10.998],"texture":"#5"},"up":{"uv":[6,7,9.997,10.998],"texture":"#5"},"down":{"uv":[6,7,9.997,10.998],"texture":"#5"}}},{"from":[7.25,8.55,10.5],"to":[9.75,9.55,11.5],"rotation":{"angle":45,"axis":"x","origin":[8.5,9.05,11]},"faces":{"north":{"uv":[6,7,9.997,10.998],"texture":"#5"},"east":{"uv":[6,7,9.997,10.998],"texture":"#5"},"south":{"uv":[6,7,9.997,10.998],"texture":"#5"},"west":{"uv":[6,7,9.997,10.998],"texture":"#5"},"up":{"uv":[6,7,9.997,10.998],"texture":"#5"},"down":{"uv":[6,7,9.997,10.998],"texture":"#5"}}},{"from":[7.25,9.55,3.5],"to":[9.75,10.55,4.5],"rotation":{"angle":45,"axis":"x","origin":[8.5,10.05,4]},"faces":{"north":{"uv":[6,7,9.997,10.998],"texture":"#5"},"east":{"uv":[6,7,9.997,10.998],"texture":"#5"},"south":{"uv":[6,7,9.997,10.998],"texture":"#5"},"west":{"uv":[6,7,9.997,10.998],"texture":"#5"},"up":{"uv":[6,7,9.997,10.998],"texture":"#5"},"down":{"uv":[6,7,9.997,10.998],"texture":"#5"}}},{"from":[7.25,9.55,10.5],"to":[9.75,10.55,11.5],"rotation":{"angle":45,"axis":"x","origin":[8.5,10.05,11]},"faces":{"north":{"uv":[6,7,9.997,10.998],"texture":"#5"},"east":{"uv":[6,7,9.997,10.998],"texture":"#5"},"south":{"uv":[6,7,9.997,10.998],"texture":"#5"},"west":{"uv":[6,7,9.997,10.998],"texture":"#5"},"up":{"uv":[6,7,9.997,10.998],"texture":"#5"},"down":{"uv":[6,7,9.997,10.998],"texture":"#5"}}},{"from":[7.25,10.65,3.5],"to":[9.75,11.65,4.5],"rotation":{"angle":45,"axis":"x","origin":[8.5,11.15,4]},"faces":{"north":{"uv":[6,7,9.997,10.998],"texture":"#5"},"east":{"uv":[6,7,9.997,10.998],"texture":"#5"},"south":{"uv":[6,7,9.997,10.998],"texture":"#5"},"west":{"uv":[6,7,9.997,10.998],"texture":"#5"},"up":{"uv":[6,7,9.997,10.998],"texture":"#5"},"down":{"uv":[6,7,9.997,10.998],"texture":"#5"}}},{"from":[7.25,10.65,10.5],"to":[9.75,11.65,11.5],"rotation":{"angle":45,"axis":"x","origin":[8.5,11.15,11]},"faces":{"north":{"uv":[6,7,9.997,10.998],"texture":"#5"},"east":{"uv":[6,7,9.997,10.998],"texture":"#5"},"south":{"uv":[6,7,9.997,10.998],"texture":"#5"},"west":{"uv":[6,7,9.997,10.998],"texture":"#5"},"up":{"uv":[6,7,9.997,10.998],"texture":"#5"},"down":{"uv":[6,7,9.997,10.998],"texture":"#5"}}}],"display":{"thirdperson_righthand":{"translation":[-1.25,8.5,2],"scale":[1.5,1.5,1.5]},"thirdperson_lefthand":{"translation":[0.25,8.5,2],"scale":[1.5,1.5,1.5]},"firstperson_righthand":{"rotation":[-5,0,0],"translation":[2.75,7.5,-1],"scale":[1.5,1.5,1.5]},"firstperson_lefthand":{"rotation":[-5,0,0],"translation":[2.75,7.5,-1],"scale":[1.5,1.5,1.5]},"ground":{"translation":[0,14.5,0],"scale":[1.5,1.5,1.5]},"gui":{"rotation":[-45,-41,-62],"translation":[1.5,4,0],"scale":[1.3,1.3,1.3]},"head":{"rotation":[-80,0,0],"translation":[-0.25,9.75,0],"scale":[1.5,-1.5,1.5]},"fixed":{"rotation":[0,90,0],"translation":[1,6,-0.5],"scale":[1.5,1.5,1.5]}}}