{"credit":"Made with Blockbench","textures":{"2":"spartanweaponry:costum/texturedasteaxess","3":"spartanweaponry:costum/raddadste","5":"spartanweaponry:costum/cobblestone","particle":"spartanweaponry:costum/texturedasteaxess"},"elements":[{"from":[8,-4,7],"to":[9,-1.5,8],"rotation":{"angle":0,"axis":"y","origin":[8.5,-2.75,7.5]},"faces":{"north":{"uv":[0,0,16,16],"texture":"#3"},"east":{"uv":[0,0,16,16],"texture":"#3"},"south":{"uv":[0,0,16,16],"texture":"#3"},"west":{"uv":[0,0,16,16],"texture":"#3"},"up":{"uv":[0,0,16,16],"texture":"#3"},"down":{"uv":[0,0,16,16],"texture":"#3"}}},{"from":[8,3,7],"to":[9,12.5,8],"rotation":{"angle":0,"axis":"y","origin":[8.5,7.25,7.5]},"faces":{"north":{"uv":[0,0,16,16],"texture":"#3"},"east":{"uv":[0,0,16,16],"texture":"#3"},"south":{"uv":[0,0,16,16],"texture":"#3"},"west":{"uv":[0,0,16,16],"texture":"#3"},"up":{"uv":[0,0,16,16],"texture":"#3"},"down":{"uv":[0,0,16,16],"texture":"#3"}}},{"from":[7.9,6,7.25],"to":[9.1,6.5,7.75],"rotation":{"angle":45,"axis":"x","origin":[8.5,6.25,7.5]},"faces":{"north":{"uv":[2,1,3.999,3],"texture":"#5"},"east":{"uv":[2,1,3.999,3],"texture":"#5"},"south":{"uv":[2,1,3.999,3],"texture":"#5"},"west":{"uv":[2,1,3.999,3],"texture":"#5"},"up":{"uv":[2,1,3.999,3],"texture":"#5"},"down":{"uv":[2,1,3.999,3],"texture":"#5"}}},{"from":[6.5,7.25,7.25],"to":[10.5,7.75,7.75],"rotation":{"angle":45,"axis":"x","origin":[8.5,7.5,7.5]},"faces":{"north":{"uv":[2,1,3.999,3],"texture":"#3"},"east":{"uv":[2,1,3.999,3],"texture":"#3"},"south":{"uv":[2,1,3.999,3],"texture":"#3"},"west":{"uv":[2,1,3.999,3],"texture":"#3"},"up":{"uv":[2,1,3.999,3],"texture":"#3"},"down":{"uv":[2,1,3.999,3],"texture":"#3"}}},{"from":[6.375,9.25,7.25],"to":[10.625,9.75,7.75],"rotation":{"angle":45,"axis":"x","origin":[8.5,9.5,7.5]},"faces":{"north":{"uv":[4,3,5.999,4.999],"texture":"#5"},"east":{"uv":[4,3,5.999,4.999],"rotation":90,"texture":"#5"},"south":{"uv":[4,3,5.999,4.999],"texture":"#5"},"west":{"uv":[4,3,5.999,4.999],"texture":"#5"},"up":{"uv":[4,3,5.999,4.999],"texture":"#5"},"down":{"uv":[4,3,5.999,4.999],"texture":"#5"}}},{"from":[6.5,9.25,9.25],"to":[10.5,9.75,9.75],"rotation":{"angle":45,"axis":"x","origin":[8.5,9.5,9.5]},"faces":{"north":{"uv":[2,1,3.999,3],"texture":"#3"},"east":{"uv":[2,1,3.999,3],"texture":"#3"},"south":{"uv":[2,1,3.999,3],"texture":"#3"},"west":{"uv":[2,1,3.999,3],"texture":"#3"},"up":{"uv":[2,1,3.999,3],"texture":"#3"},"down":{"uv":[2,1,3.999,3],"texture":"#3"}}},{"from":[6.5,9.25,5.25],"to":[10.5,9.75,5.75],"rotation":{"angle":45,"axis":"x","origin":[8.5,9.5,5.5]},"faces":{"north":{"uv":[2,1,3.999,3],"texture":"#3"},"east":{"uv":[2,1,3.999,3],"texture":"#3"},"south":{"uv":[2,1,3.999,3],"texture":"#3"},"west":{"uv":[2,1,3.999,3],"texture":"#3"},"up":{"uv":[2,1,3.999,3],"texture":"#3"},"down":{"uv":[2,1,3.999,3],"texture":"#3"}}},{"from":[6.5,8.75,6.75],"to":[10.5,10.25,8.25],"rotation":{"angle":45,"axis":"x","origin":[8.5,9.5,7.5]},"faces":{"north":{"uv":[2,1,3.999,3],"texture":"#3"},"east":{"uv":[2,1,3.999,3],"texture":"#3"},"south":{"uv":[2,1,3.999,3],"texture":"#3"},"west":{"uv":[2,1,3.999,3],"texture":"#3"},"up":{"uv":[2,1,3.999,3],"texture":"#3"},"down":{"uv":[2,1,3.999,3],"texture":"#3"}}},{"from":[6.5,11.25,7.25],"to":[10.5,11.75,7.75],"rotation":{"angle":45,"axis":"x","origin":[8.5,11.5,7.5]},"faces":{"north":{"uv":[2,1,3.999,3],"texture":"#3"},"east":{"uv":[2,1,3.999,3],"texture":"#3"},"south":{"uv":[2,1,3.999,3],"texture":"#3"},"west":{"uv":[2,1,3.999,3],"texture":"#3"},"up":{"uv":[2,1,3.999,3],"texture":"#3"},"down":{"uv":[2,1,3.999,3],"texture":"#3"}}},{"from":[7.9,-3,7.25],"to":[9.1,-2.5,7.75],"rotation":{"angle":45,"axis":"x","origin":[8.5,-2.75,7.5]},"faces":{"north":{"uv":[2,1,3.999,3],"texture":"#5"},"east":{"uv":[2,1,3.999,3],"texture":"#5"},"south":{"uv":[2,1,3.999,3],"texture":"#5"},"west":{"uv":[2,1,3.999,3],"texture":"#5"},"up":{"uv":[2,1,3.999,3],"texture":"#5"},"down":{"uv":[2,1,3.999,3],"texture":"#5"}}},{"from":[7.9,5,7.25],"to":[9.1,5.5,7.75],"rotation":{"angle":45,"axis":"x","origin":[8.5,5.25,7.5]},"faces":{"north":{"uv":[3,2,4.998,3.999],"texture":"#5"},"east":{"uv":[3,2,4.998,3.999],"texture":"#5"},"south":{"uv":[3,2,4.998,3.999],"texture":"#5"},"west":{"uv":[3,2,4.998,3.999],"texture":"#5"},"up":{"uv":[3,2,4.998,3.999],"texture":"#5"},"down":{"uv":[3,2,4.998,3.999],"texture":"#5"}}},{"from":[7.7,-4.8,6.7],"to":[9.3,-3.7,8.3],"rotation":{"angle":0,"axis":"y","origin":[8.5,-4.25,7.5]},"faces":{"north":{"uv":[7,10,9.998,11.997],"texture":"#5"},"east":{"uv":[7,10,9.998,11.997],"texture":"#5"},"south":{"uv":[7,10,9.998,11.997],"texture":"#5"},"west":{"uv":[7,10,9.998,11.997],"texture":"#5"},"up":{"uv":[7,10,9.998,11.997],"texture":"#5"},"down":{"uv":[7,10,9.998,11.997],"texture":"#5"}}},{"from":[8.075,-1.925,7.075],"to":[8.925,3.925,7.925],"rotation":{"angle":0,"axis":"y","origin":[8.5,1,7.5]},"faces":{"north":{"uv":[0,0,16,16],"texture":"#2"},"east":{"uv":[0,0,16,16],"texture":"#2"},"south":{"uv":[0,0,16,16],"texture":"#2"},"west":{"uv":[0,0,16,16],"texture":"#2"},"up":{"uv":[0,0,16,16],"texture":"#2"},"down":{"uv":[0,0,16,16],"texture":"#2"}}},{"from":[7.96,12.5,6.96],"to":[9.04,13.08,8.04],"rotation":{"angle":0,"axis":"y","origin":[8.5,12.79,7.5]},"faces":{"north":{"uv":[0,0,16,16],"texture":"#3"},"east":{"uv":[0,0,16,16],"texture":"#3"},"south":{"uv":[0,0,16,16],"texture":"#3"},"west":{"uv":[0,0,16,16],"texture":"#3"},"up":{"uv":[0,0,16,16],"texture":"#3"},"down":{"uv":[0,0,16,16],"texture":"#3"}}},{"from":[7.96,3,6.96],"to":[9.04,3.58,8.04],"rotation":{"angle":0,"axis":"y","origin":[8.5,2.79,7.5]},"faces":{"north":{"uv":[0,0,16,16],"texture":"#3"},"east":{"uv":[0,0,16,16],"texture":"#3"},"south":{"uv":[0,0,16,16],"texture":"#3"},"west":{"uv":[0,0,16,16],"texture":"#3"},"up":{"uv":[0,0,16,16],"texture":"#3"},"down":{"uv":[0,0,16,16],"texture":"#3"}}},{"from":[7.96,-2,6.96],"to":[9.04,-1.42,8.04],"rotation":{"angle":0,"axis":"y","origin":[8.5,-2.21,7.5]},"faces":{"north":{"uv":[0,0,16,16],"texture":"#3"},"east":{"uv":[0,0,16,16],"texture":"#3"},"south":{"uv":[0,0,16,16],"texture":"#3"},"west":{"uv":[0,0,16,16],"texture":"#3"},"up":{"uv":[0,0,16,16],"texture":"#3"},"down":{"uv":[0,0,16,16],"texture":"#3"}}},{"from":[6.75,7,4],"to":[10.25,12,11],"rotation":{"angle":0,"axis":"y","origin":[8.5,9.5,7.5]},"faces":{"north":{"uv":[8,1,15.998,8.999],"texture":"#5"},"east":{"uv":[2,1,13.999,8.999],"texture":"#5"},"south":{"uv":[2,8,8.998,15.999],"texture":"#5"},"west":{"uv":[2,1,13.999,8.999],"texture":"#5"},"up":{"uv":[2,1,9.997,8.999],"texture":"#5"},"down":{"uv":[2,6,7.998,13.999],"texture":"#5"}}}],"display":{"thirdperson_righthand":{"translation":[-1.25,8.5,2],"scale":[1.5,1.5,1.5]},"thirdperson_lefthand":{"translation":[0.25,8.5,2],"scale":[1.5,1.5,1.5]},"firstperson_righthand":{"rotation":[-5,0,0],"translation":[2.75,7.5,-1],"scale":[1.5,1.5,1.5]},"firstperson_lefthand":{"rotation":[-5,0,0],"translation":[2.75,7.5,-1],"scale":[1.5,1.5,1.5]},"ground":{"translation":[0,14.5,0],"scale":[1.5,1.5,1.5]},"gui":{"rotation":[-45,-41,-62],"translation":[1.5,4,0],"scale":[1.3,1.3,1.3]},"head":{"rotation":[-80,0,0],"translation":[-0.25,9.75,0],"scale":[1.5,-1.5,1.5]},"fixed":{"rotation":[0,90,0],"translation":[1,6,-0.5],"scale":[1.5,1.5,1.5]}}}