{"credit":"Made with Blockbench","textures":{"2":"spartanweaponry:costum/texturedasteaxess","3":"spartanweaponry:costum/raddadste","5":"spartanweaponry:costum/gold_block14","particle":"spartanweaponry:costum/texturedasteaxess"},"elements":[{"from":[7.5,-8,9.4],"to":[8.5,-1.5,10.4],"rotation":{"angle":0,"axis":"y","origin":[8,-8.25,9.9]},"faces":{"north":{"uv":[0,0,16,16],"texture":"#3"},"east":{"uv":[0,0,16,16],"texture":"#3"},"south":{"uv":[0,0,16,16],"texture":"#3"},"west":{"uv":[0,0,16,16],"texture":"#3"},"up":{"uv":[0,0,16,16],"texture":"#3"},"down":{"uv":[0,0,16,16],"texture":"#3"}}},{"from":[7.5,3,9.4],"to":[8.5,11.5,10.4],"rotation":{"angle":0,"axis":"y","origin":[8,21.75,9.9]},"faces":{"north":{"uv":[0,0,16,16],"texture":"#3"},"east":{"uv":[0,0,16,16],"texture":"#3"},"south":{"uv":[0,0,16,16],"texture":"#3"},"west":{"uv":[0,0,16,16],"texture":"#3"},"up":{"uv":[0,0,16,16],"texture":"#3"},"down":{"uv":[0,0,16,16],"texture":"#3"}}},{"from":[7.3,10,9.65],"to":[8.7,10.5,10.15],"rotation":{"angle":45,"axis":"x","origin":[8,10.25,9.9]},"faces":{"north":{"uv":[3,4,4.998,5.998],"texture":"#5"},"east":{"uv":[3,4,4.998,5.998],"texture":"#5"},"south":{"uv":[3,4,4.998,5.998],"texture":"#5"},"west":{"uv":[3,4,4.998,5.998],"texture":"#5"},"up":{"uv":[3,4,4.998,5.998],"texture":"#5"},"down":{"uv":[3,4,4.998,5.998],"texture":"#5"}}},{"from":[7.3,9,9.65],"to":[8.7,9.5,10.15],"rotation":{"angle":45,"axis":"x","origin":[8,9.25,9.9]},"faces":{"north":{"uv":[3,4,4.998,5.998],"texture":"#5"},"east":{"uv":[3,4,4.998,5.998],"texture":"#5"},"south":{"uv":[3,4,4.998,5.998],"texture":"#5"},"west":{"uv":[3,4,4.998,5.998],"texture":"#5"},"up":{"uv":[3,4,4.998,5.998],"texture":"#5"},"down":{"uv":[3,4,4.998,5.998],"texture":"#5"}}},{"from":[7.4,7,9.65],"to":[8.6,7.5,10.15],"rotation":{"angle":45,"axis":"x","origin":[8,7.25,9.9]},"faces":{"north":{"uv":[6,2,7.998,3.999],"texture":"#5"},"east":{"uv":[6,2,7.998,3.999],"texture":"#5"},"south":{"uv":[6,2,7.998,3.999],"texture":"#5"},"west":{"uv":[6,2,7.998,3.999],"texture":"#5"},"up":{"uv":[6,2,7.998,3.999],"texture":"#5"},"down":{"uv":[6,2,7.998,3.999],"texture":"#5"}}},{"from":[7.4,6,9.65],"to":[8.6,6.5,10.15],"rotation":{"angle":45,"axis":"x","origin":[8,6.25,9.9]},"faces":{"north":{"uv":[6,2,7.998,3.999],"texture":"#5"},"east":{"uv":[6,2,7.998,3.999],"texture":"#5"},"south":{"uv":[6,2,7.998,3.999],"texture":"#5"},"west":{"uv":[6,2,7.998,3.999],"texture":"#5"},"up":{"uv":[6,2,7.998,3.999],"texture":"#5"},"down":{"uv":[6,2,7.998,3.999],"texture":"#5"}}},{"from":[7.4,-4,9.65],"to":[8.6,-3.5,10.15],"rotation":{"angle":45,"axis":"x","origin":[8,-3.75,9.9]},"faces":{"north":{"uv":[6,2,7.998,3.999],"texture":"#5"},"east":{"uv":[6,2,7.998,3.999],"texture":"#5"},"south":{"uv":[6,2,7.998,3.999],"texture":"#5"},"west":{"uv":[6,2,7.998,3.999],"texture":"#5"},"up":{"uv":[6,2,7.998,3.999],"texture":"#5"},"down":{"uv":[6,2,7.998,3.999],"texture":"#5"}}},{"from":[7.4,8,9.65],"to":[8.6,8.5,10.15],"rotation":{"angle":45,"axis":"x","origin":[8,8.25,9.9]},"faces":{"north":{"uv":[6,2,7.998,3.999],"texture":"#5"},"east":{"uv":[6,2,7.998,3.999],"texture":"#5"},"south":{"uv":[6,2,7.998,3.999],"texture":"#5"},"west":{"uv":[6,2,7.998,3.999],"texture":"#5"},"up":{"uv":[6,2,7.998,3.999],"texture":"#5"},"down":{"uv":[6,2,7.998,3.999],"texture":"#5"}}},{"from":[7.4,-5,9.65],"to":[8.6,-4.5,10.15],"rotation":{"angle":45,"axis":"x","origin":[8,-4.75,9.9]},"faces":{"north":{"uv":[6,2,7.998,3.999],"texture":"#5"},"east":{"uv":[6,2,7.998,3.999],"texture":"#5"},"south":{"uv":[6,2,7.998,3.999],"texture":"#5"},"west":{"uv":[6,2,7.998,3.999],"texture":"#5"},"up":{"uv":[6,2,7.998,3.999],"texture":"#5"},"down":{"uv":[6,2,7.998,3.999],"texture":"#5"}}},{"from":[7.4,-7,9.65],"to":[8.6,-6.5,10.15],"rotation":{"angle":45,"axis":"x","origin":[8,-6.75,9.9]},"faces":{"north":{"uv":[6,2,7.998,3.999],"texture":"#5"},"east":{"uv":[6,2,7.998,3.999],"texture":"#5"},"south":{"uv":[6,2,7.998,3.999],"texture":"#5"},"west":{"uv":[6,2,7.998,3.999],"texture":"#5"},"up":{"uv":[6,2,7.998,3.999],"texture":"#5"},"down":{"uv":[6,2,7.998,3.999],"texture":"#5"}}},{"from":[7.4,-6,9.65],"to":[8.6,-5.5,10.15],"rotation":{"angle":45,"axis":"x","origin":[8,-5.75,9.9]},"faces":{"north":{"uv":[6,2,7.998,3.999],"texture":"#5"},"east":{"uv":[6,2,7.998,3.999],"texture":"#5"},"south":{"uv":[6,2,7.998,3.999],"texture":"#5"},"west":{"uv":[6,2,7.998,3.999],"texture":"#5"},"up":{"uv":[6,2,7.998,3.999],"texture":"#5"},"down":{"uv":[6,2,7.998,3.999],"texture":"#5"}}},{"from":[7.4,9.4,9.3],"to":[8.6,12.1,10.5],"rotation":{"angle":0,"axis":"y","origin":[8,11.25,9.9]},"faces":{"north":{"uv":[7,7,11,12.999],"texture":"#3"},"east":{"uv":[7,7,11,12.999],"texture":"#3"},"south":{"uv":[7,7,11,12.999],"texture":"#3"},"west":{"uv":[7,7,11,12.999],"texture":"#3"},"up":{"uv":[7,7,11,12.999],"texture":"#3"},"down":{"uv":[7,7,11,12.999],"texture":"#3"}}},{"from":[7.45,9.05,9.35],"to":[8.55,11.65,10.45],"rotation":{"angle":0,"axis":"y","origin":[8,10.35,9.9]},"faces":{"north":{"uv":[7,7,11,12.999],"texture":"#3"},"east":{"uv":[7,7,11,12.999],"texture":"#3"},"south":{"uv":[7,7,11,12.999],"texture":"#3"},"west":{"uv":[7,7,11,12.999],"texture":"#3"},"up":{"uv":[7,7,11,12.999],"texture":"#3"},"down":{"uv":[7,7,11,12.999],"texture":"#3"}}},{"from":[7.45,-8.55,9.35],"to":[8.55,-7.95,10.45],"rotation":{"angle":0,"axis":"y","origin":[8,-8.25,9.9]},"faces":{"north":{"uv":[7,8,9.999,9.998],"texture":"#5"},"east":{"uv":[7,8,9.999,9.998],"texture":"#5"},"south":{"uv":[7,8,9.999,9.998],"texture":"#5"},"west":{"uv":[7,8,9.999,9.998],"texture":"#5"},"up":{"uv":[7,8,9.999,9.998],"texture":"#5"},"down":{"uv":[7,8,9.999,9.998],"texture":"#5"}}},{"from":[7.46,-8.54,9.36],"to":[8.54,-7.96,10.44],"rotation":{"angle":45,"axis":"y","origin":[8,-8.25,9.9]},"faces":{"north":{"uv":[7,8,9.999,9.998],"texture":"#5"},"east":{"uv":[7,8,9.999,9.998],"texture":"#5"},"south":{"uv":[7,8,9.999,9.998],"texture":"#5"},"west":{"uv":[7,8,9.999,9.998],"texture":"#5"},"up":{"uv":[7,8,9.999,9.998],"texture":"#5"},"down":{"uv":[7,8,9.999,9.998],"texture":"#5"}}},{"from":[7.39,11.39,9.115],"to":[8.61,12.11,10.685],"rotation":{"angle":0,"axis":"y","origin":[8,11.75,9.9]},"faces":{"north":{"uv":[14.999,14.997,15.998,15.996],"texture":"#5"},"east":{"uv":[14.999,14.997,15.998,15.996],"texture":"#5"},"south":{"uv":[14.999,14.997,15.998,15.996],"texture":"#5"},"west":{"uv":[14.999,14.997,15.998,15.996],"texture":"#5"},"up":{"uv":[14.999,14.997,15.998,15.996],"texture":"#5"},"down":{"uv":[14.999,14.997,15.998,15.996],"texture":"#5"}}},{"from":[7.575,-1.925,9.475],"to":[8.425,3.925,10.325],"rotation":{"angle":0,"axis":"y","origin":[8,1,9.9]},"faces":{"north":{"uv":[0,0,16,16],"texture":"#2"},"east":{"uv":[0,0,16,16],"texture":"#2"},"south":{"uv":[0,0,16,16],"texture":"#2"},"west":{"uv":[0,0,16,16],"texture":"#2"},"up":{"uv":[0,0,16,16],"texture":"#2"},"down":{"uv":[0,0,16,16],"texture":"#2"}}},{"from":[7.46,-8.5,9.36],"to":[8.54,-7.92,10.44],"rotation":{"angle":0,"axis":"y","origin":[8,-8.21,9.9]},"faces":{"north":{"uv":[0,0,16,16],"texture":"#3"},"east":{"uv":[0,0,16,16],"texture":"#3"},"south":{"uv":[0,0,16,16],"texture":"#3"},"west":{"uv":[0,0,16,16],"texture":"#3"},"up":{"uv":[0,0,16,16],"texture":"#3"},"down":{"uv":[0,0,16,16],"texture":"#3"}}},{"from":[7.46,3,9.36],"to":[8.54,3.58,10.44],"rotation":{"angle":0,"axis":"y","origin":[8,2.79,9.9]},"faces":{"north":{"uv":[0,0,16,16],"texture":"#3"},"east":{"uv":[0,0,16,16],"texture":"#3"},"south":{"uv":[0,0,16,16],"texture":"#3"},"west":{"uv":[0,0,16,16],"texture":"#3"},"up":{"uv":[0,0,16,16],"texture":"#3"},"down":{"uv":[0,0,16,16],"texture":"#3"}}},{"from":[7.46,-2,9.36],"to":[8.54,-1.42,10.44],"rotation":{"angle":0,"axis":"y","origin":[8,-1.21,9.9]},"faces":{"north":{"uv":[0,0,16,16],"texture":"#3"},"east":{"uv":[0,0,16,16],"texture":"#3"},"south":{"uv":[0,0,16,16],"texture":"#3"},"west":{"uv":[0,0,16,16],"texture":"#3"},"up":{"uv":[0,0,16,16],"texture":"#3"},"down":{"uv":[0,0,16,16],"texture":"#3"}}},{"from":[7.875,19.5,9.65],"to":[8.125,22,10.15],"rotation":{"angle":0,"axis":"x","origin":[8,17.5,9.9]},"faces":{"north":{"uv":[5,3,5.999,6.998],"texture":"#5"},"east":{"uv":[5,3,5.999,6.998],"texture":"#5"},"south":{"uv":[5,3,5.999,6.998],"texture":"#5"},"west":{"uv":[5,3,5.999,6.998],"texture":"#5"},"up":{"uv":[5,3,5.999,6.998],"texture":"#5"},"down":{"uv":[5,3,5.999,6.998],"texture":"#5"}}},{"from":[7.75,11.5,9.65],"to":[8.25,19.5,10.15],"rotation":{"angle":0,"axis":"x","origin":[8,13,9.9]},"faces":{"north":{"uv":[5,3,5.999,6.998],"texture":"#5"},"east":{"uv":[5,3,5.999,6.998],"texture":"#5"},"south":{"uv":[5,3,5.999,6.998],"texture":"#5"},"west":{"uv":[5,3,5.999,6.998],"texture":"#5"},"up":{"uv":[5,3,5.999,6.998],"texture":"#5"},"down":{"uv":[5,3,5.999,6.998],"texture":"#5"}}},{"from":[7.875,11.5,10.15],"to":[8.125,19.5,10.65],"rotation":{"angle":0,"axis":"x","origin":[8,13.5,9.9]},"faces":{"north":{"uv":[5,3,5.999,6.998],"texture":"#5"},"east":{"uv":[5,3,5.999,6.998],"texture":"#5"},"south":{"uv":[5,3,5.999,6.998],"texture":"#5"},"west":{"uv":[5,3,5.999,6.998],"texture":"#5"},"up":{"uv":[5,3,5.999,6.998],"texture":"#5"},"down":{"uv":[5,3,5.999,6.998],"texture":"#5"}}},{"from":[7.875,19.5,10.15],"to":[8.125,21,10.4],"rotation":{"angle":0,"axis":"x","origin":[8,21.5,9.9]},"faces":{"north":{"uv":[5,3,5.999,6.998],"texture":"#5"},"east":{"uv":[5,3,5.999,6.998],"texture":"#5"},"south":{"uv":[5,3,5.999,6.998],"texture":"#5"},"west":{"uv":[5,3,5.999,6.998],"texture":"#5"},"up":{"uv":[5,3,5.999,6.998],"texture":"#5"},"down":{"uv":[5,3,5.999,6.998],"texture":"#5"}}},{"from":[7.875,19.5,9.4],"to":[8.125,21,9.65],"rotation":{"angle":0,"axis":"x","origin":[8,21.5,8.9]},"faces":{"north":{"uv":[5,3,5.999,6.998],"texture":"#5"},"east":{"uv":[5,3,5.999,6.998],"texture":"#5"},"south":{"uv":[5,3,5.999,6.998],"texture":"#5"},"west":{"uv":[5,3,5.999,6.998],"texture":"#5"},"up":{"uv":[5,3,5.999,6.998],"texture":"#5"},"down":{"uv":[5,3,5.999,6.998],"texture":"#5"}}},{"from":[7.875,11.5,9.15],"to":[8.125,19.5,9.65],"rotation":{"angle":0,"axis":"x","origin":[8,13,9.4]},"faces":{"north":{"uv":[5,3,5.999,6.998],"texture":"#5"},"east":{"uv":[5,3,5.999,6.998],"texture":"#5"},"south":{"uv":[5,3,5.999,6.998],"texture":"#5"},"west":{"uv":[5,3,5.999,6.998],"texture":"#5"},"up":{"uv":[5,3,5.999,6.998],"texture":"#5"},"down":{"uv":[5,3,5.999,6.998],"texture":"#5"}}}],"display":{"thirdperson_righthand":{"translation":[-1,6.5,-1.25],"scale":[1.2,1.2,1.2]},"thirdperson_lefthand":{"translation":[-0.75,6.5,-1.25],"scale":[1.2,1.2,1.2]},"firstperson_righthand":{"rotation":[-5,0,0],"translation":[3.5,5.75,-3.5],"scale":[1.2,1.2,1.2]},"firstperson_lefthand":{"rotation":[-5,0,0],"translation":[3.5,5.75,-3.5],"scale":[1.2,1.2,1.2]},"ground":{"rotation":[-90,135,90],"translation":[0,9,0]},"gui":{"rotation":[-45,-41,-62],"translation":[3,1.75,0]},"head":{"rotation":[-80,0,0],"translation":[-0.5,4.25,-15],"scale":[1.2,-1.2,1.2]},"fixed":{"rotation":[0,90,0],"translation":[-2,2.75,-1],"scale":[1.2,1.2,1.2]}}}