{"credit":"Made with Blockbench","textures":{"2":"spartanweaponry:costum/raddadste","4":"spartanweaponry:costum/glaive_electrum","particle":"spartanweaponry:costum/raddadste"},"elements":[{"from":[8.075,-1.925,7.075],"to":[8.925,2.925,7.925],"rotation":{"angle":0,"axis":"y","origin":[8.5,0.5,7.5]},"faces":{"north":{"uv":[0,0,16,16],"texture":"#2"},"east":{"uv":[0,0,16,16],"texture":"#2"},"south":{"uv":[0,0,16,16],"texture":"#2"},"west":{"uv":[0,0,16,16],"texture":"#2"},"up":{"uv":[0,0,16,16],"texture":"#2"},"down":{"uv":[0,0,16,16],"texture":"#2"}}},{"from":[7.98,-0.52,7.23],"to":[9.02,0.02,7.77],"rotation":{"angle":45,"axis":"x","origin":[8.5,-0.25,7.5]},"faces":{"north":{"uv":[11.6,4.1,11.9,4.4],"texture":"#4"},"east":{"uv":[11.6,4.1,11.9,4.4],"texture":"#4"},"south":{"uv":[11.6,4.1,11.9,4.4],"texture":"#4"},"west":{"uv":[11.6,4.1,11.9,4.4],"texture":"#4"},"up":{"uv":[11.6,4.1,11.9,4.4],"texture":"#4"},"down":{"uv":[11.6,4.1,11.9,4.4],"texture":"#4"}}},{"from":[7.98,0.48,7.23],"to":[9.02,1.02,7.77],"rotation":{"angle":45,"axis":"x","origin":[8.5,0.75,7.5]},"faces":{"north":{"uv":[11.6,4.1,11.9,4.4],"texture":"#4"},"east":{"uv":[11.6,4.1,11.9,4.4],"texture":"#4"},"south":{"uv":[11.6,4.1,11.9,4.4],"texture":"#4"},"west":{"uv":[11.6,4.1,11.9,4.4],"texture":"#4"},"up":{"uv":[11.6,4.1,11.9,4.4],"texture":"#4"},"down":{"uv":[11.6,4.1,11.9,4.4],"texture":"#4"}}},{"from":[7.98,2.48,7.23],"to":[9.02,3.02,7.77],"rotation":{"angle":45,"axis":"x","origin":[8.5,2.75,7.5]},"faces":{"north":{"uv":[11.6,4.1,11.9,4.4],"texture":"#4"},"east":{"uv":[11.6,4.1,11.9,4.4],"texture":"#4"},"south":{"uv":[11.6,4.1,11.9,4.4],"texture":"#4"},"west":{"uv":[11.6,4.1,11.9,4.4],"texture":"#4"},"up":{"uv":[11.6,4.1,11.9,4.4],"texture":"#4"},"down":{"uv":[11.6,4.1,11.9,4.4],"texture":"#4"}}},{"from":[7.98,1.48,7.23],"to":[9.02,2.02,7.77],"rotation":{"angle":45,"axis":"x","origin":[8.5,1.75,7.5]},"faces":{"north":{"uv":[11.6,4.1,11.9,4.4],"texture":"#4"},"east":{"uv":[11.6,4.1,11.9,4.4],"texture":"#4"},"south":{"uv":[11.6,4.1,11.9,4.4],"texture":"#4"},"west":{"uv":[11.6,4.1,11.9,4.4],"texture":"#4"},"up":{"uv":[11.6,4.1,11.9,4.4],"texture":"#4"},"down":{"uv":[11.6,4.1,11.9,4.4],"texture":"#4"}}},{"from":[7.98,-1.52,7.23],"to":[9.02,-0.98,7.77],"rotation":{"angle":45,"axis":"x","origin":[8.5,-1.25,7.5]},"faces":{"north":{"uv":[11.6,4.1,11.9,4.4],"texture":"#4"},"east":{"uv":[11.6,4.1,11.9,4.4],"texture":"#4"},"south":{"uv":[11.6,4.1,11.9,4.4],"texture":"#4"},"west":{"uv":[11.6,4.1,11.9,4.4],"texture":"#4"},"up":{"uv":[11.6,4.1,11.9,4.4],"texture":"#4"},"down":{"uv":[11.6,4.1,11.9,4.4],"texture":"#4"}}},{"from":[7.96,2.96,6.25],"to":[9.04,4.04,8.75],"rotation":{"angle":0,"axis":"y","origin":[8.5,3.5,7.5]},"faces":{"north":{"uv":[11.6,4.1,11.9,4.4],"texture":"#4"},"east":{"uv":[11.6,4.1,11.9,4.4],"texture":"#4"},"south":{"uv":[11.6,4.1,11.9,4.4],"texture":"#4"},"west":{"uv":[11.6,4.1,11.9,4.4],"texture":"#4"},"up":{"uv":[11.6,4.1,11.9,4.4],"texture":"#4"},"down":{"uv":[11.6,4.1,11.9,4.4],"texture":"#4"}}},{"from":[8,3.5,7],"to":[9,5,8],"rotation":{"angle":0,"axis":"z","origin":[8.5,4.25,7.5]},"faces":{"north":{"uv":[11.6,4.1,11.9,4.4],"rotation":90,"texture":"#4"},"east":{"uv":[11.6,4.1,11.9,4.4],"rotation":90,"texture":"#4"},"south":{"uv":[11.6,4.1,11.9,4.4],"rotation":90,"texture":"#4"},"west":{"uv":[11.6,4.1,11.9,4.4],"rotation":90,"texture":"#4"},"up":{"uv":[11.6,4.1,11.9,4.4],"rotation":90,"texture":"#4"},"down":{"uv":[11.6,4.1,11.9,4.4],"rotation":90,"texture":"#4"}}},{"from":[7.96,-2.5,7],"to":[9.04,-1.5,8],"rotation":{"angle":45,"axis":"x","origin":[8.5,-2,7.5]},"faces":{"north":{"uv":[11.6,4.1,11.9,4.4],"texture":"#4"},"east":{"uv":[11.6,4.1,11.9,4.4],"texture":"#4"},"south":{"uv":[11.6,4.1,11.9,4.4],"texture":"#4"},"west":{"uv":[11.6,4.1,11.9,4.4],"texture":"#4"},"up":{"uv":[11.6,4.1,11.9,4.4],"texture":"#4"},"down":{"uv":[11.6,4.1,11.9,4.4],"texture":"#4"}}},{"from":[8.375,4,8.25],"to":[8.625,26.25,8.5],"rotation":{"angle":0,"axis":"y","origin":[8.5,16.125,8.375]},"faces":{"north":{"uv":[12.6,2.1,12.9,3.3],"texture":"#4"},"east":{"uv":[12.6,2.1,12.9,3.3],"texture":"#4"},"south":{"uv":[12.6,2.1,12.9,3.3],"texture":"#4"},"west":{"uv":[12.6,2.1,12.9,3.3],"texture":"#4"},"up":{"uv":[12.6,2.1,12.9,2.4],"texture":"#4"},"down":{"uv":[12.6,2.1,12.9,3.3],"texture":"#4"}}},{"from":[8.375,4,7.25],"to":[8.625,25.25,7.5],"rotation":{"angle":0,"axis":"y","origin":[8.5,16.125,7.375]},"faces":{"north":{"uv":[12.6,2.1,12.9,3.4],"texture":"#4"},"east":{"uv":[12.6,2.1,12.9,3.4],"texture":"#4"},"south":{"uv":[12.6,2.1,12.9,3.4],"texture":"#4"},"west":{"uv":[12.6,2.1,12.9,3.4],"texture":"#4"},"up":{"uv":[12.6,2.1,12.9,2.4],"texture":"#4"},"down":{"uv":[12.6,3.1,12.9,3.6],"texture":"#4"}}},{"from":[8.375,4,8],"to":[8.625,26,8.25],"rotation":{"angle":0,"axis":"y","origin":[8.5,16.125,8.375]},"faces":{"north":{"uv":[12.6,2.1,12.9,3.4],"texture":"#4"},"east":{"uv":[12.6,2.1,12.9,3.4],"texture":"#4"},"south":{"uv":[12.6,2.1,12.9,3.4],"texture":"#4"},"west":{"uv":[12.6,2.1,12.9,3.4],"texture":"#4"},"up":{"uv":[12.6,2.1,12.9,2.4],"texture":"#4"},"down":{"uv":[12.6,3.1,12.9,3.6],"texture":"#4"}}},{"from":[8.375,4,7],"to":[8.625,25,7.25],"rotation":{"angle":0,"axis":"y","origin":[8.5,16.125,7.375]},"faces":{"north":{"uv":[12.6,2.1,12.9,3.4],"texture":"#4"},"east":{"uv":[12.6,2.1,12.9,3.4],"texture":"#4"},"south":{"uv":[12.6,2.1,12.9,3.4],"texture":"#4"},"west":{"uv":[12.6,2.1,12.9,3.4],"texture":"#4"},"up":{"uv":[12.6,2.1,12.9,2.4],"texture":"#4"},"down":{"uv":[12.6,3.1,12.9,3.6],"texture":"#4"}}},{"from":[8.375,4,7.5],"to":[8.625,25.5,7.75],"rotation":{"angle":0,"axis":"y","origin":[8.5,16.125,7.375]},"faces":{"north":{"uv":[12.6,2.1,12.9,3.4],"texture":"#4"},"east":{"uv":[12.6,2.1,12.9,3.4],"texture":"#4"},"south":{"uv":[12.6,2.1,12.9,3.4],"texture":"#4"},"west":{"uv":[12.6,2.1,12.9,3.4],"texture":"#4"},"up":{"uv":[12.6,2.1,12.9,2.4],"texture":"#4"},"down":{"uv":[12.6,3.1,12.9,3.6],"texture":"#4"}}},{"from":[8.375,25.25,8.5],"to":[8.625,26.5,8.75],"rotation":{"angle":0,"axis":"y","origin":[8.5,25.875,8.625]},"faces":{"north":{"uv":[12.6,2.1,12.9,2.4],"texture":"#4"},"east":{"uv":[12.6,2.1,12.9,2.4],"texture":"#4"},"south":{"uv":[12.6,2.1,12.9,2.4],"texture":"#4"},"west":{"uv":[12.6,2.1,12.9,2.4],"texture":"#4"},"up":{"uv":[12.6,2.1,12.9,2.4],"texture":"#4"},"down":{"uv":[12.6,2.1,12.9,2.4],"texture":"#4"}}},{"from":[8.375,4,6.5],"to":[8.625,24.5,6.75],"rotation":{"angle":0,"axis":"y","origin":[8.5,16.125,6.375]},"faces":{"north":{"uv":[12.6,2.1,12.9,3.1],"texture":"#4"},"east":{"uv":[12.6,2.1,12.9,3.1],"texture":"#4"},"south":{"uv":[12.6,2.1,12.9,3.1],"texture":"#4"},"west":{"uv":[12.6,2.1,12.9,3.1],"texture":"#4"},"up":{"uv":[12.6,2.1,12.9,2.4],"texture":"#4"},"down":{"uv":[12.6,2.1,12.9,3.1],"texture":"#4"}}},{"from":[8.375,4,7.75],"to":[8.625,25.75,8],"rotation":{"angle":0,"axis":"y","origin":[8.5,16.25,7.875]},"faces":{"north":{"uv":[12.6,2.1,12.9,3.4],"texture":"#4"},"east":{"uv":[12.6,2.1,12.9,3.4],"texture":"#4"},"south":{"uv":[12.6,2.1,12.9,3.4],"texture":"#4"},"west":{"uv":[12.6,2.1,12.9,3.4],"texture":"#4"},"up":{"uv":[12.6,2.1,12.9,2.4],"texture":"#4"},"down":{"uv":[12.6,3.1,12.9,3.6],"texture":"#4"}}},{"from":[8.375,25.75,8.75],"to":[8.625,26.75,9],"rotation":{"angle":0,"axis":"y","origin":[8.5,26.25,8.875]},"faces":{"north":{"uv":[12.6,2.1,12.9,2.4],"texture":"#4"},"east":{"uv":[12.6,2.1,12.9,2.4],"texture":"#4"},"south":{"uv":[12.6,2.1,12.9,2.4],"texture":"#4"},"west":{"uv":[12.6,2.1,12.9,2.4],"texture":"#4"},"up":{"uv":[12.6,2.1,12.9,2.4],"texture":"#4"},"down":{"uv":[12.6,2.1,12.9,2.4],"texture":"#4"}}},{"from":[8.375,4,6.75],"to":[8.625,24.75,7],"rotation":{"angle":0,"axis":"y","origin":[8.5,16.25,6.875]},"faces":{"north":{"uv":[12.6,2.1,12.9,3.4],"texture":"#4"},"east":{"uv":[12.6,2.1,12.9,3.4],"texture":"#4"},"south":{"uv":[12.6,2.1,12.9,3.4],"texture":"#4"},"west":{"uv":[12.6,2.1,12.9,3.4],"texture":"#4"},"up":{"uv":[12.6,2.1,12.9,2.4],"texture":"#4"},"down":{"uv":[12.6,3.1,12.9,3.6],"texture":"#4"}}},{"from":[8.25,4,7.25],"to":[8.75,24,7.75],"rotation":{"angle":0,"axis":"y","origin":[8.5,15,7.5]},"faces":{"north":{"uv":[12.6,2.1,12.9,3.4],"texture":"#4"},"east":{"uv":[12.6,2.1,12.9,3.4],"texture":"#4"},"south":{"uv":[12.6,2.1,12.9,3.4],"texture":"#4"},"west":{"uv":[12.6,2.1,12.9,3.4],"texture":"#4"},"up":{"uv":[12.6,2.1,12.9,2.4],"texture":"#4"},"down":{"uv":[12.6,3.1,12.9,3.6],"texture":"#4"}}},{"from":[8.25,4,7.75],"to":[8.75,24.5,8.25],"rotation":{"angle":0,"axis":"y","origin":[8.5,15.25,8]},"faces":{"north":{"uv":[12.6,2.1,12.9,3.4],"texture":"#4"},"east":{"uv":[12.6,2.1,12.9,3.4],"texture":"#4"},"south":{"uv":[12.6,2.1,12.9,3.4],"texture":"#4"},"west":{"uv":[12.6,2.1,12.9,3.4],"texture":"#4"},"up":{"uv":[12.6,2.1,12.9,2.4],"texture":"#4"},"down":{"uv":[12.6,3.1,12.9,3.6],"texture":"#4"}}},{"from":[8.25,4,6.75],"to":[8.75,23.5,7.25],"rotation":{"angle":0,"axis":"y","origin":[8.5,14.5,7]},"faces":{"north":{"uv":[12.6,2.1,12.9,3.4],"texture":"#4"},"east":{"uv":[12.6,2.1,12.9,3.4],"texture":"#4"},"south":{"uv":[12.6,2.1,12.9,3.4],"texture":"#4"},"west":{"uv":[12.6,2.1,12.9,3.4],"texture":"#4"},"up":{"uv":[12.6,2.1,12.9,2.4],"texture":"#4"},"down":{"uv":[12.6,3.1,12.9,3.6],"texture":"#4"}}}],"display":{"thirdperson_righthand":{"translation":[-1,5.25,1.25]},"thirdperson_lefthand":{"translation":[-0.25,5.25,1.5]},"firstperson_righthand":{"rotation":[-5,0,0],"translation":[1.75,3.25,-0.75],"scale":[0.8,0.8,0.8]},"firstperson_lefthand":{"rotation":[-5,0,0],"translation":[1.75,3.25,-0.75],"scale":[0.8,0.8,0.8]},"ground":{"translation":[0,6,0]},"gui":{"rotation":[-45,-41,-62],"translation":[-2.5,-1.75,0],"scale":[0.8,0.8,0.8]},"head":{"translation":[-0.75,6.5,0],"scale":[1,-1,1]},"fixed":{"rotation":[0,90,0],"translation":[1,-1.75,-0.5]}}}