{"credit":"Made with Blockbench","textures":{"2":"spartanweaponry:costum/raddadste","3":"spartanweaponry:costum/diamond_block14","4":"spartanweaponry:costum/textureabiporro","particle":"spartanweaponry:costum/raddadste"},"elements":[{"from":[8.075,-1.925,7.075],"to":[8.925,2.925,7.925],"rotation":{"angle":0,"axis":"y","origin":[8.5,0.5,7.5]},"faces":{"north":{"uv":[0,0,16,16],"texture":"#2"},"east":{"uv":[0,0,16,16],"texture":"#2"},"south":{"uv":[0,0,16,16],"texture":"#2"},"west":{"uv":[0,0,16,16],"texture":"#2"},"up":{"uv":[0,0,16,16],"texture":"#2"},"down":{"uv":[0,0,16,16],"texture":"#2"}}},{"from":[7.98,-0.52,7.23],"to":[9.02,0.02,7.77],"rotation":{"angle":45,"axis":"x","origin":[8.5,-0.25,7.5]},"faces":{"north":{"uv":[10,4,10.998,4.999],"texture":"#4"},"east":{"uv":[10,4,10.998,4.999],"texture":"#4"},"south":{"uv":[10,4,10.998,4.999],"texture":"#4"},"west":{"uv":[10,4,10.998,4.999],"texture":"#4"},"up":{"uv":[10,4,10.998,4.999],"texture":"#4"},"down":{"uv":[10,4,10.998,4.999],"texture":"#4"}}},{"from":[7.98,0.48,7.23],"to":[9.02,1.02,7.77],"rotation":{"angle":45,"axis":"x","origin":[8.5,0.75,7.5]},"faces":{"north":{"uv":[10,4,10.998,4.999],"texture":"#4"},"east":{"uv":[10,4,10.998,4.999],"texture":"#4"},"south":{"uv":[10,4,10.998,4.999],"texture":"#4"},"west":{"uv":[10,4,10.998,4.999],"texture":"#4"},"up":{"uv":[10,4,10.998,4.999],"texture":"#4"},"down":{"uv":[10,4,10.998,4.999],"texture":"#4"}}},{"from":[7.98,2.48,7.23],"to":[9.02,3.02,7.77],"rotation":{"angle":45,"axis":"x","origin":[8.5,2.75,7.5]},"faces":{"north":{"uv":[10,4,10.998,4.999],"texture":"#4"},"east":{"uv":[10,4,10.998,4.999],"texture":"#4"},"south":{"uv":[10,4,10.998,4.999],"texture":"#4"},"west":{"uv":[10,4,10.998,4.999],"texture":"#4"},"up":{"uv":[10,4,10.998,4.999],"texture":"#4"},"down":{"uv":[10,4,10.998,4.999],"texture":"#4"}}},{"from":[7.98,2.48,7.23],"to":[9.02,3.02,7.77],"rotation":{"angle":0,"axis":"x","origin":[8.5,2.75,7.5]},"faces":{"north":{"uv":[10,4,10.998,4.999],"rotation":270,"texture":"#4"},"east":{"uv":[10,4,10.998,4.999],"rotation":270,"texture":"#4"},"south":{"uv":[10,4,10.998,4.999],"rotation":270,"texture":"#4"},"west":{"uv":[10,4,10.998,4.999],"rotation":270,"texture":"#4"},"up":{"uv":[10,4,10.998,4.999],"rotation":270,"texture":"#4"},"down":{"uv":[10,4,10.998,4.999],"rotation":270,"texture":"#4"}}},{"from":[7.98,1.48,7.23],"to":[9.02,2.02,7.77],"rotation":{"angle":0,"axis":"x","origin":[8.5,1.75,7.5]},"faces":{"north":{"uv":[10,4,10.998,4.999],"rotation":270,"texture":"#4"},"east":{"uv":[10,4,10.998,4.999],"rotation":270,"texture":"#4"},"south":{"uv":[10,4,10.998,4.999],"rotation":270,"texture":"#4"},"west":{"uv":[10,4,10.998,4.999],"rotation":270,"texture":"#4"},"up":{"uv":[10,4,10.998,4.999],"rotation":270,"texture":"#4"},"down":{"uv":[10,4,10.998,4.999],"rotation":270,"texture":"#4"}}},{"from":[7.98,0.48,7.23],"to":[9.02,1.02,7.77],"rotation":{"angle":0,"axis":"x","origin":[8.5,0.75,7.5]},"faces":{"north":{"uv":[10,4,10.998,4.999],"rotation":270,"texture":"#4"},"east":{"uv":[10,4,10.998,4.999],"rotation":270,"texture":"#4"},"south":{"uv":[10,4,10.998,4.999],"rotation":270,"texture":"#4"},"west":{"uv":[10,4,10.998,4.999],"rotation":270,"texture":"#4"},"up":{"uv":[10,4,10.998,4.999],"rotation":270,"texture":"#4"},"down":{"uv":[10,4,10.998,4.999],"rotation":270,"texture":"#4"}}},{"from":[7.98,-0.52,7.23],"to":[9.02,0.02,7.77],"rotation":{"angle":0,"axis":"x","origin":[8.5,-0.25,7.5]},"faces":{"north":{"uv":[10,4,10.998,4.999],"rotation":270,"texture":"#4"},"east":{"uv":[10,4,10.998,4.999],"rotation":270,"texture":"#4"},"south":{"uv":[10,4,10.998,4.999],"rotation":270,"texture":"#4"},"west":{"uv":[10,4,10.998,4.999],"rotation":270,"texture":"#4"},"up":{"uv":[10,4,10.998,4.999],"rotation":270,"texture":"#4"},"down":{"uv":[10,4,10.998,4.999],"rotation":270,"texture":"#4"}}},{"from":[7.98,-1.52,7.23],"to":[9.02,-0.98,7.77],"rotation":{"angle":0,"axis":"x","origin":[8.5,-1.25,7.5]},"faces":{"north":{"uv":[10,4,10.998,4.999],"rotation":270,"texture":"#4"},"east":{"uv":[10,4,10.998,4.999],"rotation":270,"texture":"#4"},"south":{"uv":[10,4,10.998,4.999],"rotation":270,"texture":"#4"},"west":{"uv":[10,4,10.998,4.999],"rotation":270,"texture":"#4"},"up":{"uv":[10,4,10.998,4.999],"rotation":270,"texture":"#4"},"down":{"uv":[10,4,10.998,4.999],"rotation":270,"texture":"#4"}}},{"from":[7.98,1.48,7.23],"to":[9.02,2.02,7.77],"rotation":{"angle":45,"axis":"x","origin":[8.5,1.75,7.5]},"faces":{"north":{"uv":[10,4,10.998,4.999],"texture":"#4"},"east":{"uv":[10,4,10.998,4.999],"texture":"#4"},"south":{"uv":[10,4,10.998,4.999],"texture":"#4"},"west":{"uv":[10,4,10.998,4.999],"texture":"#4"},"up":{"uv":[10,4,10.998,4.999],"texture":"#4"},"down":{"uv":[10,4,10.998,4.999],"texture":"#4"}}},{"from":[7.9,4.18,7.23],"to":[9.1,4.72,7.77],"rotation":{"angle":0,"axis":"x","origin":[8.5,4.45,7.5]},"faces":{"north":{"uv":[3,2,12.998,11.999],"rotation":270,"texture":"#3"},"east":{"uv":[3,2,12.998,11.999],"texture":"#3"},"south":{"uv":[3,2,12.998,11.999],"rotation":90,"texture":"#3"},"west":{"uv":[3,2,12.998,11.999],"rotation":180,"texture":"#3"},"up":{"uv":[3,2,12.998,11.999],"rotation":270,"texture":"#3"},"down":{"uv":[3,2,12.998,11.999],"rotation":90,"texture":"#3"}}},{"from":[7.98,-1.52,7.23],"to":[9.02,-0.98,7.77],"rotation":{"angle":45,"axis":"x","origin":[8.5,-1.25,7.5]},"faces":{"north":{"uv":[10,4,10.998,4.999],"texture":"#4"},"east":{"uv":[10,4,10.998,4.999],"texture":"#4"},"south":{"uv":[10,4,10.998,4.999],"texture":"#4"},"west":{"uv":[10,4,10.998,4.999],"texture":"#4"},"up":{"uv":[10,4,10.998,4.999],"texture":"#4"},"down":{"uv":[10,4,10.998,4.999],"texture":"#4"}}},{"from":[7.96,2.96,6.25],"to":[9.04,4.04,8.75],"rotation":{"angle":0,"axis":"y","origin":[8.5,3.5,7.5]},"faces":{"north":{"uv":[10,4,10.998,4.999],"texture":"#4"},"east":{"uv":[10,4,10.998,4.999],"texture":"#4"},"south":{"uv":[10,4,10.998,4.999],"texture":"#4"},"west":{"uv":[10,4,10.998,4.999],"texture":"#4"},"up":{"uv":[10,4,10.998,4.999],"texture":"#4"},"down":{"uv":[10,4,10.998,4.999],"texture":"#4"}}},{"from":[8,3.5,7],"to":[9,5,8],"rotation":{"angle":0,"axis":"z","origin":[8.5,4.25,7.5]},"faces":{"north":{"uv":[10,4,10.998,4.999],"rotation":270,"texture":"#4"},"east":{"uv":[10,4,10.998,4.999],"rotation":270,"texture":"#4"},"south":{"uv":[10,4,10.998,4.999],"rotation":270,"texture":"#4"},"west":{"uv":[10,4,10.998,4.999],"rotation":270,"texture":"#4"},"up":{"uv":[10,4,10.998,4.999],"rotation":270,"texture":"#4"},"down":{"uv":[10,4,10.998,4.999],"rotation":270,"texture":"#4"}}},{"from":[7.96,-2.5,7],"to":[9.04,-1.5,8],"rotation":{"angle":45,"axis":"x","origin":[8.5,-2,7.5]},"faces":{"north":{"uv":[10,4,10.998,4.999],"texture":"#4"},"east":{"uv":[10,4,10.998,4.999],"texture":"#4"},"south":{"uv":[10,4,10.998,4.999],"texture":"#4"},"west":{"uv":[10,4,10.998,4.999],"texture":"#4"},"up":{"uv":[10,4,10.998,4.999],"texture":"#4"},"down":{"uv":[10,4,10.998,4.999],"texture":"#4"}}},{"from":[7.96,-2.5,7],"to":[9.04,-1.5,8],"rotation":{"angle":0,"axis":"x","origin":[8.5,-2,7.5]},"faces":{"north":{"uv":[10,4,10.998,4.999],"rotation":270,"texture":"#4"},"east":{"uv":[10,4,10.998,4.999],"rotation":270,"texture":"#4"},"south":{"uv":[10,4,10.998,4.999],"rotation":270,"texture":"#4"},"west":{"uv":[10,4,10.998,4.999],"rotation":270,"texture":"#4"},"up":{"uv":[10,4,10.998,4.999],"rotation":270,"texture":"#4"},"down":{"uv":[10,4,10.998,4.999],"rotation":270,"texture":"#4"}}},{"from":[8.375,4,8.25],"to":[8.625,28.25,8.5],"rotation":{"angle":0,"axis":"y","origin":[8.5,16.125,8.375]},"faces":{"north":{"uv":[2.996,2,3.996,13.997],"texture":"#3"},"east":{"uv":[2.996,2,3.996,13.997],"texture":"#3"},"south":{"uv":[2.996,2,3.996,13.997],"texture":"#3"},"west":{"uv":[2.996,2,3.996,13.997],"texture":"#3"},"up":{"uv":[2.996,2,3.996,13.997],"texture":"#3"},"down":{"uv":[2.996,2,3.996,13.997],"texture":"#3"}}},{"from":[8.375,27,8.5],"to":[8.625,28.5,8.75],"rotation":{"angle":0,"axis":"y","origin":[8.5,27.75,8.625]},"faces":{"north":{"uv":[2.996,2,3.996,4.997],"texture":"#3"},"east":{"uv":[2.996,2,3.996,4.997],"texture":"#3"},"south":{"uv":[2.996,2,3.996,4.997],"texture":"#3"},"west":{"uv":[2.996,2,3.996,4.997],"texture":"#3"},"up":{"uv":[2.996,2,3.996,4.997],"texture":"#3"},"down":{"uv":[2.996,2,3.996,4.997],"texture":"#3"}}},{"from":[8.375,27.5,8.75],"to":[8.625,28.75,9],"rotation":{"angle":0,"axis":"y","origin":[8.5,28.125,8.875]},"faces":{"north":{"uv":[2.996,2,3.996,4.997],"texture":"#3"},"east":{"uv":[2.996,2,3.996,4.997],"texture":"#3"},"south":{"uv":[2.996,2,3.996,4.997],"texture":"#3"},"west":{"uv":[2.996,2,3.996,4.997],"texture":"#3"},"up":{"uv":[2.996,2,3.996,4.997],"texture":"#3"},"down":{"uv":[2.996,2,3.996,4.997],"texture":"#3"}}},{"from":[8.375,4,7.25],"to":[8.625,27.25,7.5],"rotation":{"angle":0,"axis":"y","origin":[8.5,16.125,7.375]},"faces":{"north":{"uv":[2.996,2,3.996,13.997],"texture":"#3"},"east":{"uv":[2.996,2,3.996,13.997],"texture":"#3"},"south":{"uv":[2.996,2,3.996,13.997],"texture":"#3"},"west":{"uv":[2.996,2,3.996,13.997],"texture":"#3"},"up":{"uv":[2.996,2,3.996,13.997],"texture":"#3"},"down":{"uv":[2.996,2,3.996,13.997],"texture":"#3"}}},{"from":[8.375,4,8],"to":[8.625,28,8.25],"rotation":{"angle":0,"axis":"y","origin":[8.5,16.125,8.375]},"faces":{"north":{"uv":[2.996,2,3.996,13.997],"texture":"#3"},"east":{"uv":[2.996,2,3.996,13.997],"texture":"#3"},"south":{"uv":[2.996,2,3.996,13.997],"texture":"#3"},"west":{"uv":[2.996,2,3.996,13.997],"texture":"#3"},"up":{"uv":[2.996,2,3.996,13.997],"texture":"#3"},"down":{"uv":[2.996,2,3.996,13.997],"texture":"#3"}}},{"from":[8.375,4,7],"to":[8.625,27,7.25],"rotation":{"angle":0,"axis":"y","origin":[8.5,16.125,7.375]},"faces":{"north":{"uv":[2.996,2,3.996,13.997],"texture":"#3"},"east":{"uv":[2.996,2,3.996,13.997],"texture":"#3"},"south":{"uv":[2.996,2,3.996,13.997],"texture":"#3"},"west":{"uv":[2.996,2,3.996,13.997],"texture":"#3"},"up":{"uv":[2.996,2,3.996,13.997],"texture":"#3"},"down":{"uv":[2.996,2,3.996,13.997],"texture":"#3"}}},{"from":[8.375,4,7.5],"to":[8.625,27.5,7.75],"rotation":{"angle":0,"axis":"y","origin":[8.5,16.125,7.375]},"faces":{"north":{"uv":[2.996,2,3.996,13.997],"texture":"#3"},"east":{"uv":[2.996,2,3.996,13.997],"texture":"#3"},"south":{"uv":[2.996,2,3.996,13.997],"texture":"#3"},"west":{"uv":[2.996,2,3.996,13.997],"texture":"#3"},"up":{"uv":[2.996,2,3.996,13.997],"texture":"#3"},"down":{"uv":[2.996,2,3.996,13.997],"texture":"#3"}}},{"from":[8.375,4,6.5],"to":[8.625,26.5,6.75],"rotation":{"angle":0,"axis":"y","origin":[8.5,16.125,6.375]},"faces":{"north":{"uv":[2.996,2,3.996,13.997],"texture":"#3"},"east":{"uv":[2.996,2,3.996,13.997],"texture":"#3"},"south":{"uv":[2.996,2,3.996,13.997],"texture":"#3"},"west":{"uv":[2.996,2,3.996,13.997],"texture":"#3"},"up":{"uv":[2.996,2,3.996,13.997],"texture":"#3"},"down":{"uv":[2.996,2,3.996,13.997],"texture":"#3"}}},{"from":[8.4,4,6.25],"to":[8.6,4.5,6.75],"rotation":{"angle":45,"axis":"x","origin":[8.5,4.25,6.5]},"faces":{"north":{"uv":[2.996,2,3.996,13.997],"texture":"#3"},"east":{"uv":[2.996,2,3.996,13.997],"texture":"#3"},"south":{"uv":[2.996,2,3.996,13.997],"texture":"#3"},"west":{"uv":[2.996,2,3.996,13.997],"texture":"#3"},"up":{"uv":[2.996,2,3.996,13.997],"texture":"#3"},"down":{"uv":[2.996,2,3.996,13.997],"texture":"#3"}}},{"from":[8.4,5,6.25],"to":[8.6,5.5,6.75],"rotation":{"angle":45,"axis":"x","origin":[8.5,5.25,6.5]},"faces":{"north":{"uv":[2.996,2,3.996,13.997],"texture":"#3"},"east":{"uv":[2.996,2,3.996,13.997],"texture":"#3"},"south":{"uv":[2.996,2,3.996,13.997],"texture":"#3"},"west":{"uv":[2.996,2,3.996,13.997],"texture":"#3"},"up":{"uv":[2.996,2,3.996,13.997],"texture":"#3"},"down":{"uv":[2.996,2,3.996,13.997],"texture":"#3"}}},{"from":[8.4,6,6.25],"to":[8.6,6.5,6.75],"rotation":{"angle":45,"axis":"x","origin":[8.5,6.25,6.5]},"faces":{"north":{"uv":[2.996,2,3.996,13.997],"texture":"#3"},"east":{"uv":[2.996,2,3.996,13.997],"texture":"#3"},"south":{"uv":[2.996,2,3.996,13.997],"texture":"#3"},"west":{"uv":[2.996,2,3.996,13.997],"texture":"#3"},"up":{"uv":[2.996,2,3.996,13.997],"texture":"#3"},"down":{"uv":[2.996,2,3.996,13.997],"texture":"#3"}}},{"from":[8.4,7,6.25],"to":[8.6,7.5,6.75],"rotation":{"angle":45,"axis":"x","origin":[8.5,7.25,6.5]},"faces":{"north":{"uv":[2.996,2,3.996,13.997],"texture":"#3"},"east":{"uv":[2.996,2,3.996,13.997],"texture":"#3"},"south":{"uv":[2.996,2,3.996,13.997],"texture":"#3"},"west":{"uv":[2.996,2,3.996,13.997],"texture":"#3"},"up":{"uv":[2.996,2,3.996,13.997],"texture":"#3"},"down":{"uv":[2.996,2,3.996,13.997],"texture":"#3"}}},{"from":[8.4,7,8.25],"to":[8.6,7.5,8.75],"rotation":{"angle":45,"axis":"x","origin":[8.5,7.25,8.5]},"faces":{"north":{"uv":[2.996,2,3.996,13.997],"texture":"#3"},"east":{"uv":[2.996,2,3.996,13.997],"texture":"#3"},"south":{"uv":[2.996,2,3.996,13.997],"texture":"#3"},"west":{"uv":[2.996,2,3.996,13.997],"texture":"#3"},"up":{"uv":[2.996,2,3.996,13.997],"texture":"#3"},"down":{"uv":[2.996,2,3.996,13.997],"texture":"#3"}}},{"from":[8.4,8,8.25],"to":[8.6,8.5,8.75],"rotation":{"angle":45,"axis":"x","origin":[8.5,8.25,8.5]},"faces":{"north":{"uv":[2.996,2,3.996,13.997],"texture":"#3"},"east":{"uv":[2.996,2,3.996,13.997],"texture":"#3"},"south":{"uv":[2.996,2,3.996,13.997],"texture":"#3"},"west":{"uv":[2.996,2,3.996,13.997],"texture":"#3"},"up":{"uv":[2.996,2,3.996,13.997],"texture":"#3"},"down":{"uv":[2.996,2,3.996,13.997],"texture":"#3"}}},{"from":[8.4,8,6.25],"to":[8.6,8.5,6.75],"rotation":{"angle":45,"axis":"x","origin":[8.5,8.25,6.5]},"faces":{"north":{"uv":[2.996,2,3.996,13.997],"texture":"#3"},"east":{"uv":[2.996,2,3.996,13.997],"texture":"#3"},"south":{"uv":[2.996,2,3.996,13.997],"texture":"#3"},"west":{"uv":[2.996,2,3.996,13.997],"texture":"#3"},"up":{"uv":[2.996,2,3.996,13.997],"texture":"#3"},"down":{"uv":[2.996,2,3.996,13.997],"texture":"#3"}}},{"from":[8.4,9,6.45],"to":[8.6,9.5,6.95],"rotation":{"angle":45,"axis":"x","origin":[8.5,9.25,6.7]},"faces":{"north":{"uv":[2.996,2,3.996,13.997],"texture":"#3"},"east":{"uv":[2.996,2,3.996,13.997],"texture":"#3"},"south":{"uv":[2.996,2,3.996,13.997],"texture":"#3"},"west":{"uv":[2.996,2,3.996,13.997],"texture":"#3"},"up":{"uv":[2.996,2,3.996,13.997],"texture":"#3"},"down":{"uv":[2.996,2,3.996,13.997],"texture":"#3"}}},{"from":[8.4,10,6.35],"to":[8.6,10.5,6.85],"rotation":{"angle":45,"axis":"x","origin":[8.5,10.25,6.6]},"faces":{"north":{"uv":[2.996,2,3.996,13.997],"texture":"#3"},"east":{"uv":[2.996,2,3.996,13.997],"texture":"#3"},"south":{"uv":[2.996,2,3.996,13.997],"texture":"#3"},"west":{"uv":[2.996,2,3.996,13.997],"texture":"#3"},"up":{"uv":[2.996,2,3.996,13.997],"texture":"#3"},"down":{"uv":[2.996,2,3.996,13.997],"texture":"#3"}}},{"from":[8.4,11,6.35],"to":[8.6,11.5,6.85],"rotation":{"angle":45,"axis":"x","origin":[8.5,11.25,6.6]},"faces":{"north":{"uv":[2.996,2,3.996,13.997],"texture":"#3"},"east":{"uv":[2.996,2,3.996,13.997],"texture":"#3"},"south":{"uv":[2.996,2,3.996,13.997],"texture":"#3"},"west":{"uv":[2.996,2,3.996,13.997],"texture":"#3"},"up":{"uv":[2.996,2,3.996,13.997],"texture":"#3"},"down":{"uv":[2.996,2,3.996,13.997],"texture":"#3"}}},{"from":[8.4,12,6.35],"to":[8.6,12.5,6.85],"rotation":{"angle":45,"axis":"x","origin":[8.5,12.25,6.6]},"faces":{"north":{"uv":[2.996,2,3.996,13.997],"texture":"#3"},"east":{"uv":[2.996,2,3.996,13.997],"texture":"#3"},"south":{"uv":[2.996,2,3.996,13.997],"texture":"#3"},"west":{"uv":[2.996,2,3.996,13.997],"texture":"#3"},"up":{"uv":[2.996,2,3.996,13.997],"texture":"#3"},"down":{"uv":[2.996,2,3.996,13.997],"texture":"#3"}}},{"from":[8.4,13,6.35],"to":[8.6,13.5,6.85],"rotation":{"angle":45,"axis":"x","origin":[8.5,13.25,6.6]},"faces":{"north":{"uv":[2.996,2,3.996,13.997],"texture":"#3"},"east":{"uv":[2.996,2,3.996,13.997],"texture":"#3"},"south":{"uv":[2.996,2,3.996,13.997],"texture":"#3"},"west":{"uv":[2.996,2,3.996,13.997],"texture":"#3"},"up":{"uv":[2.996,2,3.996,13.997],"texture":"#3"},"down":{"uv":[2.996,2,3.996,13.997],"texture":"#3"}}},{"from":[8.4,9,6.35],"to":[8.6,9.5,6.85],"rotation":{"angle":45,"axis":"x","origin":[8.5,9.25,6.6]},"faces":{"north":{"uv":[2.996,2,3.996,13.997],"texture":"#3"},"east":{"uv":[2.996,2,3.996,13.997],"texture":"#3"},"south":{"uv":[2.996,2,3.996,13.997],"texture":"#3"},"west":{"uv":[2.996,2,3.996,13.997],"texture":"#3"},"up":{"uv":[2.996,2,3.996,13.997],"texture":"#3"},"down":{"uv":[2.996,2,3.996,13.997],"texture":"#3"}}},{"from":[8.4,9,8.15],"to":[8.6,9.5,8.65],"rotation":{"angle":45,"axis":"x","origin":[8.5,9.25,8.4]},"faces":{"north":{"uv":[2.996,2,3.996,13.997],"texture":"#3"},"east":{"uv":[2.996,2,3.996,13.997],"texture":"#3"},"south":{"uv":[2.996,2,3.996,13.997],"texture":"#3"},"west":{"uv":[2.996,2,3.996,13.997],"texture":"#3"},"up":{"uv":[2.996,2,3.996,13.997],"texture":"#3"},"down":{"uv":[2.996,2,3.996,13.997],"texture":"#3"}}},{"from":[8.4,10,8.15],"to":[8.6,10.5,8.65],"rotation":{"angle":45,"axis":"x","origin":[8.5,10.25,8.4]},"faces":{"north":{"uv":[2.996,2,3.996,13.997],"texture":"#3"},"east":{"uv":[2.996,2,3.996,13.997],"texture":"#3"},"south":{"uv":[2.996,2,3.996,13.997],"texture":"#3"},"west":{"uv":[2.996,2,3.996,13.997],"texture":"#3"},"up":{"uv":[2.996,2,3.996,13.997],"texture":"#3"},"down":{"uv":[2.996,2,3.996,13.997],"texture":"#3"}}},{"from":[8.4,11,8.15],"to":[8.6,11.5,8.65],"rotation":{"angle":45,"axis":"x","origin":[8.5,11.25,8.4]},"faces":{"north":{"uv":[2.996,2,3.996,13.997],"texture":"#3"},"east":{"uv":[2.996,2,3.996,13.997],"texture":"#3"},"south":{"uv":[2.996,2,3.996,13.997],"texture":"#3"},"west":{"uv":[2.996,2,3.996,13.997],"texture":"#3"},"up":{"uv":[2.996,2,3.996,13.997],"texture":"#3"},"down":{"uv":[2.996,2,3.996,13.997],"texture":"#3"}}},{"from":[8.4,12,8.15],"to":[8.6,12.5,8.65],"rotation":{"angle":45,"axis":"x","origin":[8.5,12.25,8.4]},"faces":{"north":{"uv":[2.996,2,3.996,13.997],"texture":"#3"},"east":{"uv":[2.996,2,3.996,13.997],"texture":"#3"},"south":{"uv":[2.996,2,3.996,13.997],"texture":"#3"},"west":{"uv":[2.996,2,3.996,13.997],"texture":"#3"},"up":{"uv":[2.996,2,3.996,13.997],"texture":"#3"},"down":{"uv":[2.996,2,3.996,13.997],"texture":"#3"}}},{"from":[8.4,13,8.15],"to":[8.6,13.5,8.65],"rotation":{"angle":45,"axis":"x","origin":[8.5,13.25,8.4]},"faces":{"north":{"uv":[2.996,2,3.996,13.997],"texture":"#3"},"east":{"uv":[2.996,2,3.996,13.997],"texture":"#3"},"south":{"uv":[2.996,2,3.996,13.997],"texture":"#3"},"west":{"uv":[2.996,2,3.996,13.997],"texture":"#3"},"up":{"uv":[2.996,2,3.996,13.997],"texture":"#3"},"down":{"uv":[2.996,2,3.996,13.997],"texture":"#3"}}},{"from":[8.4,14,8.05],"to":[8.6,14.5,8.55],"rotation":{"angle":45,"axis":"x","origin":[8.5,14.25,8.3]},"faces":{"north":{"uv":[2.996,2,3.996,13.997],"texture":"#3"},"east":{"uv":[2.996,2,3.996,13.997],"texture":"#3"},"south":{"uv":[2.996,2,3.996,13.997],"texture":"#3"},"west":{"uv":[2.996,2,3.996,13.997],"texture":"#3"},"up":{"uv":[2.996,2,3.996,13.997],"texture":"#3"},"down":{"uv":[2.996,2,3.996,13.997],"texture":"#3"}}},{"from":[8.4,15,8.05],"to":[8.6,15.5,8.55],"rotation":{"angle":45,"axis":"x","origin":[8.5,15.25,8.3]},"faces":{"north":{"uv":[2.996,2,3.996,13.997],"texture":"#3"},"east":{"uv":[2.996,2,3.996,13.997],"texture":"#3"},"south":{"uv":[2.996,2,3.996,13.997],"texture":"#3"},"west":{"uv":[2.996,2,3.996,13.997],"texture":"#3"},"up":{"uv":[2.996,2,3.996,13.997],"texture":"#3"},"down":{"uv":[2.996,2,3.996,13.997],"texture":"#3"}}},{"from":[8.4,16,8.05],"to":[8.6,16.5,8.55],"rotation":{"angle":45,"axis":"x","origin":[8.5,16.25,8.3]},"faces":{"north":{"uv":[2.996,2,3.996,13.997],"texture":"#3"},"east":{"uv":[2.996,2,3.996,13.997],"texture":"#3"},"south":{"uv":[2.996,2,3.996,13.997],"texture":"#3"},"west":{"uv":[2.996,2,3.996,13.997],"texture":"#3"},"up":{"uv":[2.996,2,3.996,13.997],"texture":"#3"},"down":{"uv":[2.996,2,3.996,13.997],"texture":"#3"}}},{"from":[8.4,17,8.05],"to":[8.6,17.5,8.55],"rotation":{"angle":45,"axis":"x","origin":[8.5,17.25,8.3]},"faces":{"north":{"uv":[2.996,2,3.996,13.997],"texture":"#3"},"east":{"uv":[2.996,2,3.996,13.997],"texture":"#3"},"south":{"uv":[2.996,2,3.996,13.997],"texture":"#3"},"west":{"uv":[2.996,2,3.996,13.997],"texture":"#3"},"up":{"uv":[2.996,2,3.996,13.997],"texture":"#3"},"down":{"uv":[2.996,2,3.996,13.997],"texture":"#3"}}},{"from":[8.4,18,8.05],"to":[8.6,18.5,8.55],"rotation":{"angle":45,"axis":"x","origin":[8.5,18.25,8.3]},"faces":{"north":{"uv":[2.996,2,3.996,13.997],"texture":"#3"},"east":{"uv":[2.996,2,3.996,13.997],"texture":"#3"},"south":{"uv":[2.996,2,3.996,13.997],"texture":"#3"},"west":{"uv":[2.996,2,3.996,13.997],"texture":"#3"},"up":{"uv":[2.996,2,3.996,13.997],"texture":"#3"},"down":{"uv":[2.996,2,3.996,13.997],"texture":"#3"}}},{"from":[8.4,19,7.95],"to":[8.6,19.5,8.45],"rotation":{"angle":45,"axis":"x","origin":[8.5,19.25,8.2]},"faces":{"north":{"uv":[2.996,2,3.996,13.997],"texture":"#3"},"east":{"uv":[2.996,2,3.996,13.997],"texture":"#3"},"south":{"uv":[2.996,2,3.996,13.997],"texture":"#3"},"west":{"uv":[2.996,2,3.996,13.997],"texture":"#3"},"up":{"uv":[2.996,2,3.996,13.997],"texture":"#3"},"down":{"uv":[2.996,2,3.996,13.997],"texture":"#3"}}},{"from":[8.4,20,7.95],"to":[8.6,20.5,8.45],"rotation":{"angle":45,"axis":"x","origin":[8.5,20.25,8.2]},"faces":{"north":{"uv":[2.996,2,3.996,13.997],"texture":"#3"},"east":{"uv":[2.996,2,3.996,13.997],"texture":"#3"},"south":{"uv":[2.996,2,3.996,13.997],"texture":"#3"},"west":{"uv":[2.996,2,3.996,13.997],"texture":"#3"},"up":{"uv":[2.996,2,3.996,13.997],"texture":"#3"},"down":{"uv":[2.996,2,3.996,13.997],"texture":"#3"}}},{"from":[8.4,21,7.95],"to":[8.6,21.5,8.45],"rotation":{"angle":45,"axis":"x","origin":[8.5,21.25,8.2]},"faces":{"north":{"uv":[2.996,2,3.996,13.997],"texture":"#3"},"east":{"uv":[2.996,2,3.996,13.997],"texture":"#3"},"south":{"uv":[2.996,2,3.996,13.997],"texture":"#3"},"west":{"uv":[2.996,2,3.996,13.997],"texture":"#3"},"up":{"uv":[2.996,2,3.996,13.997],"texture":"#3"},"down":{"uv":[2.996,2,3.996,13.997],"texture":"#3"}}},{"from":[8.4,18,6.45],"to":[8.6,18.5,6.95],"rotation":{"angle":45,"axis":"x","origin":[8.5,18.25,6.7]},"faces":{"north":{"uv":[2.996,2,3.996,13.997],"texture":"#3"},"east":{"uv":[2.996,2,3.996,13.997],"texture":"#3"},"south":{"uv":[2.996,2,3.996,13.997],"texture":"#3"},"west":{"uv":[2.996,2,3.996,13.997],"texture":"#3"},"up":{"uv":[2.996,2,3.996,13.997],"texture":"#3"},"down":{"uv":[2.996,2,3.996,13.997],"texture":"#3"}}},{"from":[8.4,19,6.55],"to":[8.6,19.5,7.05],"rotation":{"angle":45,"axis":"x","origin":[8.5,19.25,6.8]},"faces":{"north":{"uv":[2.996,2,3.996,13.997],"texture":"#3"},"east":{"uv":[2.996,2,3.996,13.997],"texture":"#3"},"south":{"uv":[2.996,2,3.996,13.997],"texture":"#3"},"west":{"uv":[2.996,2,3.996,13.997],"texture":"#3"},"up":{"uv":[2.996,2,3.996,13.997],"texture":"#3"},"down":{"uv":[2.996,2,3.996,13.997],"texture":"#3"}}},{"from":[8.4,20,6.55],"to":[8.6,20.5,7.05],"rotation":{"angle":45,"axis":"x","origin":[8.5,20.25,6.8]},"faces":{"north":{"uv":[2.996,2,3.996,13.997],"texture":"#3"},"east":{"uv":[2.996,2,3.996,13.997],"texture":"#3"},"south":{"uv":[2.996,2,3.996,13.997],"texture":"#3"},"west":{"uv":[2.996,2,3.996,13.997],"texture":"#3"},"up":{"uv":[2.996,2,3.996,13.997],"texture":"#3"},"down":{"uv":[2.996,2,3.996,13.997],"texture":"#3"}}},{"from":[8.4,21,6.55],"to":[8.6,21.5,7.05],"rotation":{"angle":45,"axis":"x","origin":[8.5,21.25,6.8]},"faces":{"north":{"uv":[2.996,2,3.996,13.997],"texture":"#3"},"east":{"uv":[2.996,2,3.996,13.997],"texture":"#3"},"south":{"uv":[2.996,2,3.996,13.997],"texture":"#3"},"west":{"uv":[2.996,2,3.996,13.997],"texture":"#3"},"up":{"uv":[2.996,2,3.996,13.997],"texture":"#3"},"down":{"uv":[2.996,2,3.996,13.997],"texture":"#3"}}},{"from":[8.4,17,6.45],"to":[8.6,17.5,6.95],"rotation":{"angle":45,"axis":"x","origin":[8.5,17.25,6.7]},"faces":{"north":{"uv":[2.996,2,3.996,13.997],"texture":"#3"},"east":{"uv":[2.996,2,3.996,13.997],"texture":"#3"},"south":{"uv":[2.996,2,3.996,13.997],"texture":"#3"},"west":{"uv":[2.996,2,3.996,13.997],"texture":"#3"},"up":{"uv":[2.996,2,3.996,13.997],"texture":"#3"},"down":{"uv":[2.996,2,3.996,13.997],"texture":"#3"}}},{"from":[8.4,16,6.45],"to":[8.6,16.5,6.95],"rotation":{"angle":45,"axis":"x","origin":[8.5,16.25,6.7]},"faces":{"north":{"uv":[2.996,2,3.996,13.997],"texture":"#3"},"east":{"uv":[2.996,2,3.996,13.997],"texture":"#3"},"south":{"uv":[2.996,2,3.996,13.997],"texture":"#3"},"west":{"uv":[2.996,2,3.996,13.997],"texture":"#3"},"up":{"uv":[2.996,2,3.996,13.997],"texture":"#3"},"down":{"uv":[2.996,2,3.996,13.997],"texture":"#3"}}},{"from":[8.4,15,6.45],"to":[8.6,15.5,6.95],"rotation":{"angle":45,"axis":"x","origin":[8.5,15.25,6.7]},"faces":{"north":{"uv":[2.996,2,3.996,13.997],"texture":"#3"},"east":{"uv":[2.996,2,3.996,13.997],"texture":"#3"},"south":{"uv":[2.996,2,3.996,13.997],"texture":"#3"},"west":{"uv":[2.996,2,3.996,13.997],"texture":"#3"},"up":{"uv":[2.996,2,3.996,13.997],"texture":"#3"},"down":{"uv":[2.996,2,3.996,13.997],"texture":"#3"}}},{"from":[8.4,14,6.45],"to":[8.6,14.5,6.95],"rotation":{"angle":45,"axis":"x","origin":[8.5,14.25,6.7]},"faces":{"north":{"uv":[2.996,2,3.996,13.997],"texture":"#3"},"east":{"uv":[2.996,2,3.996,13.997],"texture":"#3"},"south":{"uv":[2.996,2,3.996,13.997],"texture":"#3"},"west":{"uv":[2.996,2,3.996,13.997],"texture":"#3"},"up":{"uv":[2.996,2,3.996,13.997],"texture":"#3"},"down":{"uv":[2.996,2,3.996,13.997],"texture":"#3"}}},{"from":[8.4,6,8.25],"to":[8.6,6.5,8.75],"rotation":{"angle":45,"axis":"x","origin":[8.5,6.25,8.5]},"faces":{"north":{"uv":[2.996,2,3.996,13.997],"texture":"#3"},"east":{"uv":[2.996,2,3.996,13.997],"texture":"#3"},"south":{"uv":[2.996,2,3.996,13.997],"texture":"#3"},"west":{"uv":[2.996,2,3.996,13.997],"texture":"#3"},"up":{"uv":[2.996,2,3.996,13.997],"texture":"#3"},"down":{"uv":[2.996,2,3.996,13.997],"texture":"#3"}}},{"from":[8.4,5,8.25],"to":[8.6,5.5,8.75],"rotation":{"angle":45,"axis":"x","origin":[8.5,5.25,8.5]},"faces":{"north":{"uv":[2.996,2,3.996,13.997],"texture":"#3"},"east":{"uv":[2.996,2,3.996,13.997],"texture":"#3"},"south":{"uv":[2.996,2,3.996,13.997],"texture":"#3"},"west":{"uv":[2.996,2,3.996,13.997],"texture":"#3"},"up":{"uv":[2.996,2,3.996,13.997],"texture":"#3"},"down":{"uv":[2.996,2,3.996,13.997],"texture":"#3"}}},{"from":[8.4,4,8.25],"to":[8.6,4.5,8.75],"rotation":{"angle":45,"axis":"x","origin":[8.5,4.25,8.5]},"faces":{"north":{"uv":[2.996,2,3.996,13.997],"texture":"#3"},"east":{"uv":[2.996,2,3.996,13.997],"texture":"#3"},"south":{"uv":[2.996,2,3.996,13.997],"texture":"#3"},"west":{"uv":[2.996,2,3.996,13.997],"texture":"#3"},"up":{"uv":[2.996,2,3.996,13.997],"texture":"#3"},"down":{"uv":[2.996,2,3.996,13.997],"texture":"#3"}}},{"from":[8.375,4,7.75],"to":[8.625,27.75,8],"rotation":{"angle":0,"axis":"y","origin":[8.5,16.25,7.875]},"faces":{"north":{"uv":[2.996,2,3.996,13.997],"texture":"#3"},"east":{"uv":[2.996,2,3.996,13.997],"texture":"#3"},"south":{"uv":[2.996,2,3.996,13.997],"texture":"#3"},"west":{"uv":[2.996,2,3.996,13.997],"texture":"#3"},"up":{"uv":[2.996,2,3.996,13.997],"texture":"#3"},"down":{"uv":[2.996,2,3.996,13.997],"texture":"#3"}}},{"from":[8.375,4,6.75],"to":[8.625,26.75,7],"rotation":{"angle":0,"axis":"y","origin":[8.5,16.25,6.875]},"faces":{"north":{"uv":[2.996,2,3.996,13.997],"texture":"#3"},"east":{"uv":[2.996,2,3.996,13.997],"texture":"#3"},"south":{"uv":[2.996,2,3.996,13.997],"texture":"#3"},"west":{"uv":[2.996,2,3.996,13.997],"texture":"#3"},"up":{"uv":[2.996,2,3.996,13.997],"texture":"#3"},"down":{"uv":[2.996,2,3.996,13.997],"texture":"#3"}}},{"from":[8.25,4,7.25],"to":[8.75,26,7.75],"rotation":{"angle":0,"axis":"y","origin":[8.5,15,7.5]},"faces":{"north":{"uv":[2.996,2,3.996,13.997],"texture":"#3"},"east":{"uv":[2.996,2,3.996,13.997],"texture":"#3"},"south":{"uv":[2.996,2,3.996,13.997],"texture":"#3"},"west":{"uv":[2.996,2,3.996,13.997],"texture":"#3"},"up":{"uv":[2.996,2,3.996,13.997],"texture":"#3"},"down":{"uv":[2.996,2,3.996,13.997],"texture":"#3"}}},{"from":[8.25,4,7.75],"to":[8.75,26.5,8.25],"rotation":{"angle":0,"axis":"y","origin":[8.5,15.25,8]},"faces":{"north":{"uv":[2.996,2,3.996,13.997],"texture":"#3"},"east":{"uv":[2.996,2,3.996,13.997],"texture":"#3"},"south":{"uv":[2.996,2,3.996,13.997],"texture":"#3"},"west":{"uv":[2.996,2,3.996,13.997],"texture":"#3"},"up":{"uv":[2.996,2,3.996,13.997],"texture":"#3"},"down":{"uv":[2.996,2,3.996,13.997],"texture":"#3"}}},{"from":[8.25,4,6.75],"to":[8.75,25.5,7.25],"rotation":{"angle":0,"axis":"y","origin":[8.5,14.5,7]},"faces":{"north":{"uv":[2.996,2,3.996,13.997],"texture":"#3"},"east":{"uv":[2.996,2,3.996,13.997],"texture":"#3"},"south":{"uv":[2.996,2,3.996,13.997],"texture":"#3"},"west":{"uv":[2.996,2,3.996,13.997],"texture":"#3"},"up":{"uv":[2.996,2,3.996,13.997],"texture":"#3"},"down":{"uv":[2.996,2,3.996,13.997],"texture":"#3"}}}],"display":{"thirdperson_righthand":{"translation":[-1,5.25,1.25]},"thirdperson_lefthand":{"translation":[-0.25,5.25,1.5]},"firstperson_righthand":{"rotation":[-5,0,0],"translation":[1.75,3.25,-0.75],"scale":[0.8,0.8,0.8]},"firstperson_lefthand":{"rotation":[-5,0,0],"translation":[1.75,3.25,-0.75],"scale":[0.8,0.8,0.8]},"ground":{"translation":[0,6,0]},"gui":{"rotation":[-45,-41,-62],"translation":[-2.5,-1.75,0],"scale":[0.8,0.8,0.8]},"head":{"translation":[-0.75,6.5,0],"scale":[1,-1,1]},"fixed":{"rotation":[0,90,0],"translation":[1,-1.75,-0.5]}}}