{"credit":"Made with Blockbench","textures":{"2":"spartanweaponry:costum/raddadste","3":"spartanweaponry:costum/diamond_block14","4":"spartanweaponry:costum/texturekamrodia","5":"spartanweaponry:costum/textureabiporro","particle":"spartanweaponry:costum/raddadste"},"elements":[{"from":[8.075,-1.925,7.075],"to":[8.925,4.925,7.925],"rotation":{"angle":0,"axis":"y","origin":[8.5,6.8933,7.5]},"faces":{"north":{"uv":[0,0,16,16],"texture":"#2"},"east":{"uv":[0,0,16,16],"texture":"#2"},"south":{"uv":[0,0,16,16],"texture":"#2"},"west":{"uv":[0,0,16,16],"texture":"#2"},"up":{"uv":[0,0,16,16],"texture":"#2"},"down":{"uv":[0,0,16,16],"texture":"#2"}}},{"from":[8.125,5.125,7.125],"to":[8.875,31.375,7.875],"rotation":{"angle":0,"axis":"y","origin":[8.5,18.25,7.5]},"faces":{"north":{"uv":[6,10.999,12.999,11.999],"texture":"#2"},"east":{"uv":[6,10.999,12.999,11.999],"texture":"#2"},"south":{"uv":[6,10.999,12.999,11.999],"texture":"#2"},"west":{"uv":[6,10.999,12.999,11.999],"texture":"#2"},"up":{"uv":[6,5.999,12.999,11.998],"texture":"#2"},"down":{"uv":[6,5.999,12.999,11.998],"texture":"#2"}}},{"from":[8.375,7.125,7],"to":[8.625,31.375,8],"rotation":{"angle":0,"axis":"y","origin":[8.5,18.25,7.5]},"faces":{"north":{"uv":[6,10.999,12.999,11.999],"texture":"#4"},"east":{"uv":[6,10.999,12.999,11.999],"texture":"#4"},"south":{"uv":[6,10.999,12.999,11.999],"texture":"#4"},"west":{"uv":[6,10.999,12.999,11.999],"texture":"#4"},"up":{"uv":[6,10.999,12.999,11.999],"rotation":180,"texture":"#4"},"down":{"uv":[6,10.999,12.999,11.999],"rotation":180,"texture":"#4"}}},{"from":[8,7.125,7.375],"to":[9,31.375,7.625],"rotation":{"angle":0,"axis":"y","origin":[8.5,18.25,7.5]},"faces":{"north":{"uv":[6,10.999,12.999,11.999],"texture":"#4"},"east":{"uv":[6,10.999,12.999,11.999],"texture":"#4"},"south":{"uv":[6,10.999,12.999,11.999],"texture":"#4"},"west":{"uv":[6,10.999,12.999,11.999],"texture":"#4"},"up":{"uv":[6,10.999,12.999,11.999],"rotation":90,"texture":"#4"},"down":{"uv":[6,10.999,12.999,11.999],"rotation":270,"texture":"#4"}}},{"from":[7.98,-0.52001,7.23],"to":[9.02,0.01999,7.77],"rotation":{"angle":45,"axis":"x","origin":[8.5,-0.25001,7.5]},"faces":{"north":{"uv":[9,9,10,9.999],"texture":"#5"},"east":{"uv":[9,9,10,9.999],"texture":"#5"},"south":{"uv":[9,9,10,9.999],"texture":"#5"},"west":{"uv":[9,9,10,9.999],"texture":"#5"},"up":{"uv":[9,9,10,9.999],"texture":"#5"},"down":{"uv":[9,9,10,9.999],"texture":"#5"}}},{"from":[7.98,-0.52001,7.23],"to":[9.02,0.01999,7.77],"rotation":{"angle":0,"axis":"x","origin":[8.5,-0.25001,7.5]},"faces":{"north":{"uv":[9,9,10,9.999],"texture":"#5"},"east":{"uv":[9,9,10,9.999],"texture":"#5"},"south":{"uv":[9,9,10,9.999],"texture":"#5"},"west":{"uv":[9,9,10,9.999],"texture":"#5"},"up":{"uv":[9,9,10,9.999],"texture":"#5"},"down":{"uv":[9,9,10,9.999],"texture":"#5"}}},{"from":[7.98,0.47999,7.23],"to":[9.02,1.01999,7.77],"rotation":{"angle":0,"axis":"x","origin":[8.5,0.74999,7.5]},"faces":{"north":{"uv":[9,9,10,9.999],"texture":"#5"},"east":{"uv":[9,9,10,9.999],"texture":"#5"},"south":{"uv":[9,9,10,9.999],"texture":"#5"},"west":{"uv":[9,9,10,9.999],"texture":"#5"},"up":{"uv":[9,9,10,9.999],"texture":"#5"},"down":{"uv":[9,9,10,9.999],"texture":"#5"}}},{"from":[7.98,1.47999,7.23],"to":[9.02,2.01999,7.77],"rotation":{"angle":0,"axis":"x","origin":[8.5,1.74999,7.5]},"faces":{"north":{"uv":[9,9,10,9.999],"texture":"#5"},"east":{"uv":[9,9,10,9.999],"texture":"#5"},"south":{"uv":[9,9,10,9.999],"texture":"#5"},"west":{"uv":[9,9,10,9.999],"texture":"#5"},"up":{"uv":[9,9,10,9.999],"texture":"#5"},"down":{"uv":[9,9,10,9.999],"texture":"#5"}}},{"from":[7.98,2.47999,7.23],"to":[9.02,3.01999,7.77],"rotation":{"angle":0,"axis":"x","origin":[8.5,2.74999,7.5]},"faces":{"north":{"uv":[9,9,10,9.999],"texture":"#5"},"east":{"uv":[9,9,10,9.999],"texture":"#5"},"south":{"uv":[9,9,10,9.999],"texture":"#5"},"west":{"uv":[9,9,10,9.999],"texture":"#5"},"up":{"uv":[9,9,10,9.999],"texture":"#5"},"down":{"uv":[9,9,10,9.999],"texture":"#5"}}},{"from":[7.98,3.47999,7.23],"to":[9.02,4.01999,7.77],"rotation":{"angle":0,"axis":"x","origin":[8.5,3.74999,7.5]},"faces":{"north":{"uv":[9,9,10,9.999],"texture":"#5"},"east":{"uv":[9,9,10,9.999],"texture":"#5"},"south":{"uv":[9,9,10,9.999],"texture":"#5"},"west":{"uv":[9,9,10,9.999],"texture":"#5"},"up":{"uv":[9,9,10,9.999],"texture":"#5"},"down":{"uv":[9,9,10,9.999],"texture":"#5"}}},{"from":[7.98,-1.52001,7.23],"to":[9.02,-0.98001,7.77],"rotation":{"angle":0,"axis":"x","origin":[8.5,-1.25001,7.5]},"faces":{"north":{"uv":[9,9,10,9.999],"texture":"#5"},"east":{"uv":[9,9,10,9.999],"texture":"#5"},"south":{"uv":[9,9,10,9.999],"texture":"#5"},"west":{"uv":[9,9,10,9.999],"texture":"#5"},"up":{"uv":[9,9,10,9.999],"texture":"#5"},"down":{"uv":[9,9,10,9.999],"texture":"#5"}}},{"from":[7.98,2.27933,11.57397],"to":[9.02,2.81933,12.11397],"rotation":{"angle":45,"axis":"x","origin":[8.5,6.8933,7.5]},"faces":{"north":{"uv":[9,9,10,9.999],"texture":"#5"},"east":{"uv":[9,9,10,9.999],"texture":"#5"},"south":{"uv":[9,9,10,9.999],"texture":"#5"},"west":{"uv":[9,9,10,9.999],"texture":"#5"},"up":{"uv":[9,9,10,9.999],"texture":"#5"},"down":{"uv":[9,9,10,9.999],"texture":"#5"}}},{"from":[7.98,3.69355,10.15976],"to":[9.02,4.23355,10.69976],"rotation":{"angle":45,"axis":"x","origin":[8.5,6.8933,7.5]},"faces":{"north":{"uv":[9,9,10,9.999],"texture":"#5"},"east":{"uv":[9,9,10,9.999],"texture":"#5"},"south":{"uv":[9,9,10,9.999],"texture":"#5"},"west":{"uv":[9,9,10,9.999],"texture":"#5"},"up":{"uv":[9,9,10,9.999],"texture":"#5"},"down":{"uv":[9,9,10,9.999],"texture":"#5"}}},{"from":[7.98,4.40065,9.45265],"to":[9.02,4.94065,9.99265],"rotation":{"angle":45,"axis":"x","origin":[8.5,6.8933,7.5]},"faces":{"north":{"uv":[9,9,10,9.999],"texture":"#5"},"east":{"uv":[9,9,10,9.999],"texture":"#5"},"south":{"uv":[9,9,10,9.999],"texture":"#5"},"west":{"uv":[9,9,10,9.999],"texture":"#5"},"up":{"uv":[9,9,10,9.999],"texture":"#5"},"down":{"uv":[9,9,10,9.999],"texture":"#5"}}},{"from":[7.98,2.98644,10.86686],"to":[9.02,3.52644,11.40686],"rotation":{"angle":45,"axis":"x","origin":[8.5,6.8933,7.5]},"faces":{"north":{"uv":[9,9,10,9.999],"texture":"#5"},"east":{"uv":[9,9,10,9.999],"texture":"#5"},"south":{"uv":[9,9,10,9.999],"texture":"#5"},"west":{"uv":[9,9,10,9.999],"texture":"#5"},"up":{"uv":[9,9,10,9.999],"texture":"#5"},"down":{"uv":[9,9,10,9.999],"texture":"#5"}}},{"from":[7.98,0.86512,12.98818],"to":[9.02,1.40512,13.52818],"rotation":{"angle":45,"axis":"x","origin":[8.5,6.8933,7.5]},"faces":{"north":{"uv":[9,9,10,9.999],"texture":"#5"},"east":{"uv":[9,9,10,9.999],"texture":"#5"},"south":{"uv":[9,9,10,9.999],"texture":"#5"},"west":{"uv":[9,9,10,9.999],"texture":"#5"},"up":{"uv":[9,9,10,9.999],"texture":"#5"},"down":{"uv":[9,9,10,9.999],"texture":"#5"}}},{"from":[6.95,4.91,5.95],"to":[10.05,5.51,9.05],"rotation":{"angle":0,"axis":"x","origin":[8.5,5.21,7.5]},"faces":{"north":{"uv":[6,10.999,12.999,11.999],"texture":"#3"},"east":{"uv":[6,10.999,12.999,11.999],"texture":"#3"},"south":{"uv":[6,10.999,12.999,11.999],"texture":"#3"},"west":{"uv":[6,10.999,12.999,11.999],"texture":"#3"},"up":{"uv":[6,5.999,12.999,11.998],"texture":"#3"},"down":{"uv":[6,5.999,12.999,11.998],"texture":"#3"}}},{"from":[7,3.00289,5.54289],"to":[10,6.00289,6.04289],"rotation":{"angle":45,"axis":"x","origin":[8.5,4.50289,5.79289]},"faces":{"north":{"uv":[5,8,11.999,13.998],"rotation":90,"texture":"#3"},"east":{"uv":[6,10.999,12.999,11.999],"rotation":90,"texture":"#3"},"south":{"uv":[6,6.999,12.999,11.998],"rotation":90,"texture":"#3"},"west":{"uv":[6,10.999,12.999,11.999],"rotation":90,"texture":"#3"},"up":{"uv":[6,5.999,12.999,11.998],"rotation":90,"texture":"#3"},"down":{"uv":[6,10.997,12.999,11.997],"texture":"#3"}}},{"from":[8,4.68589,7.12881],"to":[9,7.68589,7.62881],"rotation":{"angle":22.5,"axis":"x","origin":[8.5,6.8933,7.5]},"faces":{"north":{"uv":[6,8.999,10.998,11.998],"rotation":90,"texture":"#3"},"east":{"uv":[6,8.999,10.998,11.998],"rotation":90,"texture":"#3"},"south":{"uv":[6,8.999,10.998,11.998],"rotation":90,"texture":"#3"},"west":{"uv":[6,8.999,10.998,11.998],"rotation":90,"texture":"#3"},"up":{"uv":[6,8.999,10.998,11.998],"rotation":90,"texture":"#3"},"down":{"uv":[6,8.999,10.998,11.998],"rotation":90,"texture":"#3"}}},{"from":[7,2.49592,6.76683],"to":[10,5.49592,7.26683],"rotation":{"angle":-45,"axis":"x","origin":[8.5,6.8933,7.5]},"faces":{"north":{"uv":[6,10.999,12.999,11.999],"rotation":90,"texture":"#3"},"east":{"uv":[6,10.999,12.999,11.999],"rotation":90,"texture":"#3"},"south":{"uv":[2,3,8.999,7.999],"rotation":90,"texture":"#3"},"west":{"uv":[6,10.999,12.999,11.999],"rotation":90,"texture":"#3"},"up":{"uv":[6,5.999,12.999,11.998],"rotation":90,"texture":"#3"},"down":{"uv":[6,10.997,12.999,11.997],"texture":"#3"}}},{"from":[8,4.68589,7.37119],"to":[9,7.68589,7.87119],"rotation":{"angle":-22.5,"axis":"x","origin":[8.5,6.8933,7.5]},"faces":{"north":{"uv":[6,8.999,10.998,11.998],"rotation":90,"texture":"#3"},"east":{"uv":[6,8.999,10.998,11.998],"rotation":90,"texture":"#3"},"south":{"uv":[6,8.999,10.998,11.998],"rotation":90,"texture":"#3"},"west":{"uv":[6,8.999,10.998,11.998],"rotation":90,"texture":"#3"},"up":{"uv":[6,8.999,10.998,11.998],"rotation":90,"texture":"#3"},"down":{"uv":[6,8.999,10.998,11.998],"rotation":90,"texture":"#3"}}},{"from":[9.89738,6.16013,6],"to":[12.89738,6.66013,9],"rotation":{"angle":-45,"axis":"z","origin":[8.5,6.8933,7.5]},"faces":{"north":{"uv":[6,10.999,12.999,11.999],"texture":"#3"},"east":{"uv":[6,10.999,12.999,11.999],"texture":"#3"},"south":{"uv":[6,10.999,12.999,11.999],"texture":"#3"},"west":{"uv":[6,10.999,12.999,11.999],"texture":"#3"},"up":{"uv":[2,4,8.999,9.998],"texture":"#3"},"down":{"uv":[6,5.999,12.999,11.998],"texture":"#3"}}},{"from":[8.37119,4.68589,7],"to":[8.87119,7.68589,8],"rotation":{"angle":22.5,"axis":"z","origin":[8.5,6.8933,7.5]},"faces":{"north":{"uv":[6,8.999,10.998,11.998],"rotation":90,"texture":"#3"},"east":{"uv":[6,8.999,10.998,11.998],"rotation":90,"texture":"#3"},"south":{"uv":[6,8.999,10.998,11.998],"rotation":90,"texture":"#3"},"west":{"uv":[6,8.999,10.998,11.998],"rotation":90,"texture":"#3"},"up":{"uv":[6,8.999,10.998,11.998],"rotation":90,"texture":"#3"},"down":{"uv":[6,8.999,10.998,11.998],"rotation":90,"texture":"#3"}}},{"from":[4.10262,6.16013,6],"to":[7.10262,6.66013,9],"rotation":{"angle":45,"axis":"z","origin":[8.5,6.8933,7.5]},"faces":{"north":{"uv":[6,10.999,12.999,11.999],"texture":"#3"},"east":{"uv":[6,10.999,12.999,11.999],"texture":"#3"},"south":{"uv":[6,10.999,12.999,11.999],"texture":"#3"},"west":{"uv":[6,10.999,12.999,11.999],"texture":"#3"},"up":{"uv":[2,1,8.999,6.998],"texture":"#3"},"down":{"uv":[6,5.999,12.999,11.998],"texture":"#3"}}},{"from":[8.12881,4.68589,7],"to":[8.62881,7.68589,8],"rotation":{"angle":-22.5,"axis":"z","origin":[8.5,6.8933,7.5]},"faces":{"north":{"uv":[6,8.999,10.998,11.998],"rotation":270,"texture":"#3"},"east":{"uv":[6,8.999,10.998,11.998],"rotation":270,"texture":"#3"},"south":{"uv":[6,8.999,10.998,11.998],"rotation":270,"texture":"#3"},"west":{"uv":[6,8.999,10.998,11.998],"rotation":270,"texture":"#3"},"up":{"uv":[6,8.999,10.998,11.998],"rotation":270,"texture":"#3"},"down":{"uv":[6,8.999,10.998,11.998],"rotation":270,"texture":"#3"}}},{"from":[7.96,0.10479,13.24851],"to":[9.04,1.10479,14.32851],"rotation":{"angle":45,"axis":"x","origin":[8.5,6.8933,7.5]},"faces":{"north":{"uv":[9,9,10,9.999],"texture":"#5"},"east":{"uv":[9,9,10,9.999],"texture":"#5"},"south":{"uv":[9,9,10,9.999],"texture":"#5"},"west":{"uv":[9,9,10,9.999],"texture":"#5"},"up":{"uv":[9,9,10,9.999],"texture":"#5"},"down":{"uv":[9,9,10,9.999],"texture":"#5"}}},{"from":[7.96,-2.54,7],"to":[9.04,-1.46,8],"rotation":{"angle":0,"axis":"x","origin":[8.5,-2,7.5]},"faces":{"north":{"uv":[9,9,10,9.999],"texture":"#5"},"east":{"uv":[9,9,10,9.999],"texture":"#5"},"south":{"uv":[9,9,10,9.999],"texture":"#5"},"west":{"uv":[9,9,10,9.999],"texture":"#5"},"up":{"uv":[9,9,10,9.999],"texture":"#5"},"down":{"uv":[9,9,10,9.999],"texture":"#5"}}},{"from":[8,31,7.375],"to":[9,32,7.625],"rotation":{"angle":45,"axis":"z","origin":[8.5,31.5,7.5]},"faces":{"north":{"uv":[12,3,12.999,3.999],"texture":"#3"},"east":{"uv":[12,3,12.999,3.999],"texture":"#3"},"south":{"uv":[12,3,12.999,3.999],"texture":"#3"},"west":{"uv":[12,3,12.999,3.999],"texture":"#3"},"up":{"uv":[12,3,12.999,3.999],"texture":"#3"},"down":{"uv":[12,3,12.999,3.999],"texture":"#3"}}},{"from":[8,10,7.375],"to":[9,11,7.625],"rotation":{"angle":45,"axis":"z","origin":[8.5,10.5,7.5]},"faces":{"north":{"uv":[12,3,12.999,3.999],"texture":"#3"},"east":{"uv":[12,3,12.999,3.999],"texture":"#3"},"south":{"uv":[12,3,12.999,3.999],"texture":"#3"},"west":{"uv":[12,3,12.999,3.999],"texture":"#3"},"up":{"uv":[12,3,12.999,3.999],"texture":"#3"},"down":{"uv":[12,3,12.999,3.999],"texture":"#3"}}},{"from":[8,11,7.375],"to":[9,12,7.625],"rotation":{"angle":45,"axis":"z","origin":[8.5,11.5,7.5]},"faces":{"north":{"uv":[12,3,12.999,3.999],"texture":"#3"},"east":{"uv":[12,3,12.999,3.999],"texture":"#3"},"south":{"uv":[12,3,12.999,3.999],"texture":"#3"},"west":{"uv":[12,3,12.999,3.999],"texture":"#3"},"up":{"uv":[12,3,12.999,3.999],"texture":"#3"},"down":{"uv":[12,3,12.999,3.999],"texture":"#3"}}},{"from":[8,12,7.375],"to":[9,13,7.625],"rotation":{"angle":45,"axis":"z","origin":[8.5,12.5,7.5]},"faces":{"north":{"uv":[12,3,12.999,3.999],"texture":"#3"},"east":{"uv":[12,3,12.999,3.999],"texture":"#3"},"south":{"uv":[12,3,12.999,3.999],"texture":"#3"},"west":{"uv":[12,3,12.999,3.999],"texture":"#3"},"up":{"uv":[12,3,12.999,3.999],"texture":"#3"},"down":{"uv":[12,3,12.999,3.999],"texture":"#3"}}},{"from":[8,9,7.375],"to":[9,10,7.625],"rotation":{"angle":45,"axis":"z","origin":[8.5,9.5,7.5]},"faces":{"north":{"uv":[12,3,12.999,3.999],"texture":"#3"},"east":{"uv":[12,3,12.999,3.999],"texture":"#3"},"south":{"uv":[12,3,12.999,3.999],"texture":"#3"},"west":{"uv":[12,3,12.999,3.999],"texture":"#3"},"up":{"uv":[12,3,12.999,3.999],"texture":"#3"},"down":{"uv":[12,3,12.999,3.999],"texture":"#3"}}},{"from":[8,8,7.375],"to":[9,9,7.625],"rotation":{"angle":45,"axis":"z","origin":[8.5,8.5,7.5]},"faces":{"north":{"uv":[12,3,12.999,3.999],"texture":"#3"},"east":{"uv":[12,3,12.999,3.999],"texture":"#3"},"south":{"uv":[12,3,12.999,3.999],"texture":"#3"},"west":{"uv":[12,3,12.999,3.999],"texture":"#3"},"up":{"uv":[12,3,12.999,3.999],"texture":"#3"},"down":{"uv":[12,3,12.999,3.999],"texture":"#3"}}},{"from":[8,7,7.375],"to":[9,8,7.625],"rotation":{"angle":45,"axis":"z","origin":[8.5,7.5,7.5]},"faces":{"north":{"uv":[11,4,11.999,4.998],"texture":"#3"},"east":{"uv":[11,4,11.999,4.998],"texture":"#3"},"south":{"uv":[11,4,11.999,4.998],"texture":"#3"},"west":{"uv":[11,4,11.999,4.998],"texture":"#3"},"up":{"uv":[11,4,11.999,4.998],"texture":"#3"},"down":{"uv":[11,4,11.999,4.998],"texture":"#3"}}},{"from":[8.375,31,7],"to":[8.625,32,8],"rotation":{"angle":45,"axis":"x","origin":[8.5,31.5,7.5]},"faces":{"north":{"uv":[9,6,9.999,6.999],"texture":"#3"},"east":{"uv":[9,6,9.999,6.999],"texture":"#3"},"south":{"uv":[9,6,9.999,6.999],"texture":"#3"},"west":{"uv":[9,6,9.999,6.999],"texture":"#3"},"up":{"uv":[9,6,9.999,6.999],"texture":"#3"},"down":{"uv":[9,6,9.999,6.999],"texture":"#3"}}},{"from":[8.375,10,7],"to":[8.625,11,8],"rotation":{"angle":45,"axis":"x","origin":[8.5,10.5,7.5]},"faces":{"north":{"uv":[9,6,9.999,6.999],"texture":"#3"},"east":{"uv":[9,6,9.999,6.999],"texture":"#3"},"south":{"uv":[9,6,9.999,6.999],"texture":"#3"},"west":{"uv":[9,6,9.999,6.999],"texture":"#3"},"up":{"uv":[9,6,9.999,6.999],"texture":"#3"},"down":{"uv":[9,6,9.999,6.999],"texture":"#3"}}},{"from":[8.375,11,7],"to":[8.625,12,8],"rotation":{"angle":45,"axis":"x","origin":[8.5,11.5,7.5]},"faces":{"north":{"uv":[9,6,9.999,6.999],"texture":"#3"},"east":{"uv":[9,6,9.999,6.999],"texture":"#3"},"south":{"uv":[9,6,9.999,6.999],"texture":"#3"},"west":{"uv":[9,6,9.999,6.999],"texture":"#3"},"up":{"uv":[9,6,9.999,6.999],"texture":"#3"},"down":{"uv":[9,6,9.999,6.999],"texture":"#3"}}},{"from":[8.375,12,7],"to":[8.625,13,8],"rotation":{"angle":45,"axis":"x","origin":[8.5,12.5,7.5]},"faces":{"north":{"uv":[9,6,9.999,6.999],"texture":"#3"},"east":{"uv":[9,6,9.999,6.999],"texture":"#3"},"south":{"uv":[9,6,9.999,6.999],"texture":"#3"},"west":{"uv":[9,6,9.999,6.999],"texture":"#3"},"up":{"uv":[9,6,9.999,6.999],"texture":"#3"},"down":{"uv":[9,6,9.999,6.999],"texture":"#3"}}},{"from":[8.375,9,7],"to":[8.625,10,8],"rotation":{"angle":45,"axis":"x","origin":[8.5,9.5,7.5]},"faces":{"north":{"uv":[9,6,9.999,6.999],"texture":"#3"},"east":{"uv":[9,6,9.999,6.999],"texture":"#3"},"south":{"uv":[9,6,9.999,6.999],"texture":"#3"},"west":{"uv":[9,6,9.999,6.999],"texture":"#3"},"up":{"uv":[9,6,9.999,6.999],"texture":"#3"},"down":{"uv":[9,6,9.999,6.999],"texture":"#3"}}},{"from":[8.375,8,7],"to":[8.625,9,8],"rotation":{"angle":45,"axis":"x","origin":[8.5,8.5,7.5]},"faces":{"north":{"uv":[9,6,9.999,6.999],"texture":"#3"},"east":{"uv":[9,6,9.999,6.999],"texture":"#3"},"south":{"uv":[9,6,9.999,6.999],"texture":"#3"},"west":{"uv":[9,6,9.999,6.999],"texture":"#3"},"up":{"uv":[9,6,9.999,6.999],"texture":"#3"},"down":{"uv":[9,6,9.999,6.999],"texture":"#3"}}},{"from":[8.375,7,7],"to":[8.625,8,8],"rotation":{"angle":45,"axis":"x","origin":[8.5,7.5,7.5]},"faces":{"north":{"uv":[6,11,6.999,11.999],"texture":"#3"},"east":{"uv":[6,11,6.999,11.999],"texture":"#3"},"south":{"uv":[6,11,6.999,11.999],"texture":"#3"},"west":{"uv":[6,11,6.999,11.999],"texture":"#3"},"up":{"uv":[6,11,6.999,11.999],"texture":"#3"},"down":{"uv":[6,11,6.999,11.999],"texture":"#3"}}}],"display":{"thirdperson_righthand":{"translation":[-1,5.25,1.25]},"thirdperson_lefthand":{"translation":[0,5.25,1.5]},"firstperson_righthand":{"rotation":[-5,0,0],"translation":[2.25,3,-0.75],"scale":[0.8,0.8,0.8]},"firstperson_lefthand":{"rotation":[-5,0,0],"translation":[2.25,3,-0.75],"scale":[0.8,0.8,0.8]},"ground":{"translation":[0,6,0]},"gui":{"rotation":[-45,-41,-62],"translation":[-4,-2.75,0],"scale":[0.8,0.8,0.8]},"head":{"rotation":[66,0,0],"translation":[-0.75,-16.75,-25]},"fixed":{"rotation":[0,90,0],"translation":[1,-5,-0.5]}}}