{"credit":"Made with Blockbench","textures":{"2":"spartanweaponry:costum/raddadste","3":"spartanweaponry:costum/diamond_block14","4":"spartanweaponry:costum/textureabiporro","particle":"spartanweaponry:costum/raddadste"},"elements":[{"from":[8.075,-3.925,7.075],"to":[8.925,0.925,7.925],"rotation":{"angle":0,"axis":"y","origin":[8.5,-1.5,7.5]},"faces":{"north":{"uv":[0,0,16,16],"texture":"#2"},"east":{"uv":[0,0,16,16],"texture":"#2"},"south":{"uv":[0,0,16,16],"texture":"#2"},"west":{"uv":[0,0,16,16],"texture":"#2"},"up":{"uv":[0,0,16,16],"texture":"#2"},"down":{"uv":[0,0,16,16],"texture":"#2"}}},{"from":[7.98,-2.52,7.23],"to":[9.02,-1.98,7.77],"rotation":{"angle":45,"axis":"x","origin":[8.5,-2.25,7.5]},"faces":{"north":{"uv":[10,8,11.999,9.998],"texture":"#3"},"east":{"uv":[10,8,11.999,9.998],"texture":"#3"},"south":{"uv":[10,8,11.999,9.998],"texture":"#3"},"west":{"uv":[10,8,11.999,9.998],"texture":"#3"},"up":{"uv":[10,8,11.999,9.998],"texture":"#3"},"down":{"uv":[10,8,11.999,9.998],"texture":"#3"}}},{"from":[7.98,-1.52,7.23],"to":[9.02,-0.98,7.77],"rotation":{"angle":45,"axis":"x","origin":[8.5,-1.25,7.5]},"faces":{"north":{"uv":[10,8,11.999,9.998],"texture":"#3"},"east":{"uv":[10,8,11.999,9.998],"texture":"#3"},"south":{"uv":[10,8,11.999,9.998],"texture":"#3"},"west":{"uv":[10,8,11.999,9.998],"texture":"#3"},"up":{"uv":[10,8,11.999,9.998],"texture":"#3"},"down":{"uv":[10,8,11.999,9.998],"texture":"#3"}}},{"from":[7.98,0.48,7.23],"to":[9.02,1.02,7.77],"rotation":{"angle":45,"axis":"x","origin":[8.5,0.75,7.5]},"faces":{"north":{"uv":[10,8,11.999,9.998],"texture":"#3"},"east":{"uv":[10,8,11.999,9.998],"texture":"#3"},"south":{"uv":[10,8,11.999,9.998],"texture":"#3"},"west":{"uv":[10,8,11.999,9.998],"texture":"#3"},"up":{"uv":[10,8,11.999,9.998],"texture":"#3"},"down":{"uv":[10,8,11.999,9.998],"texture":"#3"}}},{"from":[7.98,0.48,7.23],"to":[9.02,1.02,7.77],"rotation":{"angle":0,"axis":"x","origin":[8.5,0.75,7.5]},"faces":{"north":{"uv":[10,8,11.999,9.998],"rotation":270,"texture":"#3"},"east":{"uv":[10,8,11.999,9.998],"rotation":270,"texture":"#3"},"south":{"uv":[10,8,11.999,9.998],"rotation":270,"texture":"#3"},"west":{"uv":[10,8,11.999,9.998],"rotation":270,"texture":"#3"},"up":{"uv":[10,8,11.999,9.998],"rotation":270,"texture":"#3"},"down":{"uv":[10,8,11.999,9.998],"rotation":270,"texture":"#3"}}},{"from":[7.98,-0.52,7.23],"to":[9.02,0.02,7.77],"rotation":{"angle":0,"axis":"x","origin":[8.5,-0.25,7.5]},"faces":{"north":{"uv":[10,8,11.999,9.998],"rotation":270,"texture":"#3"},"east":{"uv":[10,8,11.999,9.998],"rotation":270,"texture":"#3"},"south":{"uv":[10,8,11.999,9.998],"rotation":270,"texture":"#3"},"west":{"uv":[10,8,11.999,9.998],"rotation":270,"texture":"#3"},"up":{"uv":[10,8,11.999,9.998],"rotation":270,"texture":"#3"},"down":{"uv":[10,8,11.999,9.998],"rotation":270,"texture":"#3"}}},{"from":[7.98,-1.52,7.23],"to":[9.02,-0.98,7.77],"rotation":{"angle":0,"axis":"x","origin":[8.5,-1.25,7.5]},"faces":{"north":{"uv":[10,8,11.999,9.998],"rotation":270,"texture":"#3"},"east":{"uv":[10,8,11.999,9.998],"rotation":270,"texture":"#3"},"south":{"uv":[10,8,11.999,9.998],"rotation":270,"texture":"#3"},"west":{"uv":[10,8,11.999,9.998],"rotation":270,"texture":"#3"},"up":{"uv":[10,8,11.999,9.998],"rotation":270,"texture":"#3"},"down":{"uv":[10,8,11.999,9.998],"rotation":270,"texture":"#3"}}},{"from":[7.98,-2.52,7.23],"to":[9.02,-1.98,7.77],"rotation":{"angle":0,"axis":"x","origin":[8.5,-2.25,7.5]},"faces":{"north":{"uv":[10,8,11.999,9.998],"rotation":270,"texture":"#3"},"east":{"uv":[10,8,11.999,9.998],"rotation":270,"texture":"#3"},"south":{"uv":[10,8,11.999,9.998],"rotation":270,"texture":"#3"},"west":{"uv":[10,8,11.999,9.998],"rotation":270,"texture":"#3"},"up":{"uv":[10,8,11.999,9.998],"rotation":270,"texture":"#3"},"down":{"uv":[10,8,11.999,9.998],"rotation":270,"texture":"#3"}}},{"from":[7.98,-3.52,7.23],"to":[9.02,-2.98,7.77],"rotation":{"angle":0,"axis":"x","origin":[8.5,-3.25,7.5]},"faces":{"north":{"uv":[10,8,11.999,9.998],"rotation":270,"texture":"#3"},"east":{"uv":[10,8,11.999,9.998],"rotation":270,"texture":"#3"},"south":{"uv":[10,8,11.999,9.998],"rotation":270,"texture":"#3"},"west":{"uv":[10,8,11.999,9.998],"rotation":270,"texture":"#3"},"up":{"uv":[10,8,11.999,9.998],"rotation":270,"texture":"#3"},"down":{"uv":[10,8,11.999,9.998],"rotation":270,"texture":"#3"}}},{"from":[7.8,3.38,7.13],"to":[9.2,4.12,7.87],"rotation":{"angle":45,"axis":"x","origin":[8.5,3.75,7.5]},"faces":{"north":{"uv":[1,1,14.999,14.999],"texture":"#3"},"east":{"uv":[1,1,14.999,14.999],"texture":"#3"},"south":{"uv":[1,1,14.999,14.999],"texture":"#3"},"west":{"uv":[1,1,14.999,14.999],"texture":"#3"},"up":{"uv":[1,1,14.999,14.999],"texture":"#3"},"down":{"uv":[1,1,14.999,14.999],"texture":"#3"}}},{"from":[7.98,-0.52,7.23],"to":[9.02,0.02,7.77],"rotation":{"angle":45,"axis":"x","origin":[8.5,-0.25,7.5]},"faces":{"north":{"uv":[10,8,11.999,9.998],"texture":"#3"},"east":{"uv":[10,8,11.999,9.998],"texture":"#3"},"south":{"uv":[10,8,11.999,9.998],"texture":"#3"},"west":{"uv":[10,8,11.999,9.998],"texture":"#3"},"up":{"uv":[10,8,11.999,9.998],"texture":"#3"},"down":{"uv":[10,8,11.999,9.998],"texture":"#3"}}},{"from":[7.98,-3.52,7.23],"to":[9.02,-2.98,7.77],"rotation":{"angle":45,"axis":"x","origin":[8.5,-3.25,7.5]},"faces":{"north":{"uv":[10,8,11.999,9.998],"texture":"#3"},"east":{"uv":[10,8,11.999,9.998],"texture":"#3"},"south":{"uv":[10,8,11.999,9.998],"texture":"#3"},"west":{"uv":[10,8,11.999,9.998],"texture":"#3"},"up":{"uv":[10,8,11.999,9.998],"texture":"#3"},"down":{"uv":[10,8,11.999,9.998],"texture":"#3"}}},{"from":[8,0.9,5.5],"to":[9,1.85,9.5],"rotation":{"angle":0,"axis":"y","origin":[8.5,1.275,7.5]},"faces":{"north":{"uv":[10,8,10.999,8.999],"texture":"#4"},"east":{"uv":[10,8,10.999,8.999],"texture":"#4"},"south":{"uv":[10,8,10.999,8.999],"texture":"#4"},"west":{"uv":[10,8,10.999,8.999],"texture":"#4"},"up":{"uv":[10,8,10.999,8.999],"texture":"#4"},"down":{"uv":[10,8,10.999,8.999],"texture":"#4"}}},{"from":[8,1.6,7.25],"to":[9,3.65,7.75],"rotation":{"angle":0,"axis":"y","origin":[8.5,3.625,7.5]},"faces":{"north":{"uv":[9,8,10,8.999],"texture":"#4"},"east":{"uv":[9,8,10,8.999],"texture":"#4"},"south":{"uv":[9,8,10,8.999],"texture":"#4"},"west":{"uv":[9,8,10,8.999],"texture":"#4"},"up":{"uv":[9,8,10,8.999],"texture":"#4"},"down":{"uv":[9,8,10,8.999],"texture":"#4"}}},{"from":[8,1,7],"to":[9,3.65,7.6],"rotation":{"angle":22.5,"axis":"x","origin":[8.5,3.625,7.5]},"faces":{"north":{"uv":[10,8,10.999,8.999],"texture":"#4"},"east":{"uv":[10,8,10.999,8.999],"texture":"#4"},"south":{"uv":[10,8,10.999,8.999],"texture":"#4"},"west":{"uv":[10,8,10.999,8.999],"texture":"#4"},"up":{"uv":[10,8,10.999,8.999],"texture":"#4"},"down":{"uv":[10,8,10.999,8.999],"texture":"#4"}}},{"from":[8,1,7.4],"to":[9,3.65,8],"rotation":{"angle":-22.5,"axis":"x","origin":[8.5,3.625,7.9]},"faces":{"north":{"uv":[10,8,10.999,8.999],"texture":"#4"},"east":{"uv":[10,8,10.999,8.999],"texture":"#4"},"south":{"uv":[10,8,10.999,8.999],"texture":"#4"},"west":{"uv":[10,8,10.999,8.999],"texture":"#4"},"up":{"uv":[10,8,10.999,8.999],"texture":"#4"},"down":{"uv":[10,8,10.999,8.999],"texture":"#4"}}},{"from":[8,3.3,7],"to":[9,4.3,8],"rotation":{"angle":45,"axis":"x","origin":[8.5,3.8,7.5]},"faces":{"north":{"uv":[10,8,10.999,8.999],"rotation":180,"texture":"#4"},"east":{"uv":[10,8,10.999,8.999],"rotation":180,"texture":"#4"},"south":{"uv":[10,8,10.999,8.999],"rotation":180,"texture":"#4"},"west":{"uv":[10,8,10.999,8.999],"rotation":180,"texture":"#4"},"up":{"uv":[10,8,10.999,8.999],"rotation":180,"texture":"#4"},"down":{"uv":[10,8,10.999,8.999],"rotation":180,"texture":"#4"}}},{"from":[8,0.9,9.3],"to":[9,1.85,11],"rotation":{"angle":-22.5,"axis":"x","origin":[8.5,1.275,9.5]},"faces":{"north":{"uv":[10,8,10.999,8.999],"texture":"#4"},"east":{"uv":[10,8,10.999,8.999],"texture":"#4"},"south":{"uv":[10,8,10.999,8.999],"texture":"#4"},"west":{"uv":[10,8,10.999,8.999],"texture":"#4"},"up":{"uv":[10,8,10.999,8.999],"texture":"#4"},"down":{"uv":[10,8,10.999,8.999],"texture":"#4"}}},{"from":[8,0.9,4],"to":[9,1.85,5.7],"rotation":{"angle":22.5,"axis":"x","origin":[8.5,1.275,5.5]},"faces":{"north":{"uv":[10,8,10.999,8.999],"texture":"#4"},"east":{"uv":[10,8,10.999,8.999],"texture":"#4"},"south":{"uv":[10,8,10.999,8.999],"texture":"#4"},"west":{"uv":[10,8,10.999,8.999],"texture":"#4"},"up":{"uv":[10,8,10.999,8.999],"texture":"#4"},"down":{"uv":[10,8,10.999,8.999],"texture":"#4"}}},{"from":[7.86,-4.55,6.9],"to":[9.14,-3.85,8.1],"rotation":{"angle":22.5,"axis":"x","origin":[8.5,-4.2,7.5]},"faces":{"north":{"uv":[10,8,10.999,8.999],"texture":"#4"},"east":{"uv":[10,8,10.999,8.999],"texture":"#4"},"south":{"uv":[10,8,10.999,8.999],"texture":"#4"},"west":{"uv":[10,8,10.999,8.999],"texture":"#4"},"up":{"uv":[10,8,10.999,8.999],"texture":"#4"},"down":{"uv":[10,8,10.999,8.999],"texture":"#4"}}},{"from":[7.86,-4.8,7.15],"to":[9.14,-3.6,7.85],"rotation":{"angle":0,"axis":"x","origin":[8.5,-4.2,7.5]},"faces":{"north":{"uv":[10,8,10.999,8.999],"rotation":270,"texture":"#4"},"east":{"uv":[10,8,10.999,8.999],"rotation":270,"texture":"#4"},"south":{"uv":[10,8,10.999,8.999],"rotation":270,"texture":"#4"},"west":{"uv":[10,8,10.999,8.999],"rotation":270,"texture":"#4"},"up":{"uv":[10,8,10.999,8.999],"rotation":270,"texture":"#4"},"down":{"uv":[10,8,10.999,8.999],"rotation":270,"texture":"#4"}}},{"from":[7.86,-4.55,6.9],"to":[9.14,-3.85,8.1],"rotation":{"angle":-22.5,"axis":"x","origin":[8.5,-4.2,7.5]},"faces":{"north":{"uv":[10,8,10.999,8.999],"texture":"#4"},"east":{"uv":[10,8,10.999,8.999],"texture":"#4"},"south":{"uv":[10,8,10.999,8.999],"texture":"#4"},"west":{"uv":[10,8,10.999,8.999],"texture":"#4"},"up":{"uv":[10,8,10.999,8.999],"texture":"#4"},"down":{"uv":[10,8,10.999,8.999],"texture":"#4"}}},{"from":[8.375,1,8.5],"to":[8.625,28,8.75],"rotation":{"angle":0,"axis":"y","origin":[8.5,13,8.625]},"faces":{"north":{"uv":[6,2,7,13.994],"texture":"#3"},"east":{"uv":[6,2,7,13.994],"texture":"#3"},"south":{"uv":[6,2,7,13.994],"texture":"#3"},"west":{"uv":[6,2,7,13.994],"texture":"#3"},"up":{"uv":[6,2,7,13.994],"texture":"#3"},"down":{"uv":[6,2,7,13.994],"texture":"#3"}}},{"from":[8.375,1,8.75],"to":[8.625,25,8.95],"rotation":{"angle":0,"axis":"y","origin":[8.5,12,8.85]},"faces":{"north":{"uv":[6,2,7,13.994],"texture":"#3"},"east":{"uv":[6,2,7,13.994],"texture":"#3"},"south":{"uv":[6,2,7,13.994],"texture":"#3"},"west":{"uv":[6,2,7,13.994],"texture":"#3"},"up":{"uv":[6,2,7,13.994],"texture":"#3"},"down":{"uv":[6,2,7,13.994],"texture":"#3"}}},{"from":[8.375,1,8.95],"to":[8.625,10,9.15],"rotation":{"angle":0,"axis":"y","origin":[8.5,5.5,9.05]},"faces":{"north":{"uv":[5.999,8,6.999,13.993],"texture":"#3"},"east":{"uv":[5.999,8,6.999,13.993],"texture":"#3"},"south":{"uv":[5.999,8,6.999,13.993],"texture":"#3"},"west":{"uv":[5.999,8,6.999,13.993],"texture":"#3"},"up":{"uv":[5.999,8,6.999,13.993],"texture":"#3"},"down":{"uv":[5.999,8,6.999,13.993],"texture":"#3"}}},{"from":[8.375,1,6.05],"to":[8.625,25,6.25],"rotation":{"angle":0,"axis":"y","origin":[8.5,12,7.125]},"faces":{"north":{"uv":[6,2,7,13.994],"texture":"#3"},"east":{"uv":[6,2,7,13.994],"texture":"#3"},"south":{"uv":[6,2,7,13.994],"texture":"#3"},"west":{"uv":[6,2,7,13.994],"texture":"#3"},"up":{"uv":[6,2,7,13.994],"texture":"#3"},"down":{"uv":[6,2,7,13.994],"texture":"#3"}}},{"from":[8.375,1,5.85],"to":[8.625,10,6.05],"rotation":{"angle":0,"axis":"y","origin":[8.5,12,7.125]},"faces":{"north":{"uv":[5.999,8,6.998,13.993],"texture":"#3"},"east":{"uv":[5.999,8,6.998,13.993],"texture":"#3"},"south":{"uv":[5.999,8,6.998,13.993],"texture":"#3"},"west":{"uv":[5.999,8,6.998,13.993],"texture":"#3"},"up":{"uv":[5.999,8,6.998,13.993],"texture":"#3"},"down":{"uv":[5.999,8,6.998,13.993],"texture":"#3"}}},{"from":[8.375,1,6.25],"to":[8.625,28,6.5],"rotation":{"angle":0,"axis":"y","origin":[8.5,13.28125,7.5]},"faces":{"north":{"uv":[6,2,7,13.994],"texture":"#3"},"east":{"uv":[6,2,7,13.994],"texture":"#3"},"south":{"uv":[6,2,7,13.994],"texture":"#3"},"west":{"uv":[6,2,7,13.994],"texture":"#3"},"up":{"uv":[6,2,7,13.994],"texture":"#3"},"down":{"uv":[6,2,7,13.994],"texture":"#3"}}},{"from":[8.375,1,8.25],"to":[8.625,29.5,8.5],"rotation":{"angle":0,"axis":"y","origin":[8.5,12.75,7.5]},"faces":{"north":{"uv":[4,1,4.997,14.995],"texture":"#3"},"east":{"uv":[4,1,4.997,14.995],"texture":"#3"},"south":{"uv":[4,1,4.997,14.995],"texture":"#3"},"west":{"uv":[4,1,4.997,14.995],"texture":"#3"},"up":{"uv":[4,1,4.997,14.995],"texture":"#3"},"down":{"uv":[4,1,4.997,14.995],"texture":"#3"}}},{"from":[8.375,1,6.5],"to":[8.625,29.5,6.75],"rotation":{"angle":0,"axis":"y","origin":[8.5,12.75,7.5]},"faces":{"north":{"uv":[4,1,4.997,14.995],"texture":"#3"},"east":{"uv":[4,1,4.997,14.995],"texture":"#3"},"south":{"uv":[4,1,4.997,14.995],"texture":"#3"},"west":{"uv":[4,1,4.997,14.995],"texture":"#3"},"up":{"uv":[4,1,4.997,14.995],"texture":"#3"},"down":{"uv":[4,1,4.997,14.995],"texture":"#3"}}},{"from":[8.375,1,8],"to":[8.625,30.375,8.25],"rotation":{"angle":0,"axis":"y","origin":[8.5,13.1875,7.5]},"faces":{"north":{"uv":[4,1,4.997,14.995],"texture":"#3"},"east":{"uv":[4,1,4.997,14.995],"texture":"#3"},"south":{"uv":[4,1,4.997,14.995],"texture":"#3"},"west":{"uv":[4,1,4.997,14.995],"texture":"#3"},"up":{"uv":[4,1,4.997,14.995],"texture":"#3"},"down":{"uv":[4,1,4.997,14.995],"texture":"#3"}}},{"from":[8.375,1,6.75],"to":[8.625,30.375,7],"rotation":{"angle":0,"axis":"y","origin":[8.5,13.1875,7.5]},"faces":{"north":{"uv":[4,1,4.997,14.995],"texture":"#3"},"east":{"uv":[4,1,4.997,14.995],"texture":"#3"},"south":{"uv":[4,1,4.997,14.995],"texture":"#3"},"west":{"uv":[4,1,4.997,14.995],"texture":"#3"},"up":{"uv":[4,1,4.997,14.995],"texture":"#3"},"down":{"uv":[4,1,4.997,14.995],"texture":"#3"}}},{"from":[8.375,1,7.75],"to":[8.625,31.125,8],"rotation":{"angle":0,"axis":"y","origin":[8.5,13.28125,7.5]},"faces":{"north":{"uv":[4,1,4.997,14.995],"texture":"#3"},"east":{"uv":[4,1,4.997,14.995],"texture":"#3"},"south":{"uv":[4,1,4.997,14.995],"texture":"#3"},"west":{"uv":[4,1,4.997,14.995],"texture":"#3"},"up":{"uv":[4,1,4.997,14.995],"texture":"#3"},"down":{"uv":[4,1,4.997,14.995],"texture":"#3"}}},{"from":[8.375,1,7],"to":[8.625,31.125,7.25],"rotation":{"angle":0,"axis":"y","origin":[8.5,13.28125,7.5]},"faces":{"north":{"uv":[4,1,4.997,14.995],"texture":"#3"},"east":{"uv":[4,1,4.997,14.995],"texture":"#3"},"south":{"uv":[4,1,4.997,14.995],"texture":"#3"},"west":{"uv":[4,1,4.997,14.995],"texture":"#3"},"up":{"uv":[4,1,4.997,14.995],"texture":"#3"},"down":{"uv":[4,1,4.997,14.995],"texture":"#3"}}},{"from":[8.375,1,7.25],"to":[8.625,31.5,7.75],"rotation":{"angle":0,"axis":"y","origin":[8.5,13.5625,7.5]},"faces":{"north":{"uv":[5.995,2,6.994,14.993],"texture":"#3"},"east":{"uv":[5.995,2,6.994,14.993],"texture":"#3"},"south":{"uv":[5.995,2,6.994,14.993],"texture":"#3"},"west":{"uv":[5.994,2,6.993,14.993],"texture":"#3"},"up":{"uv":[5.995,2,6.994,14.993],"texture":"#3"},"down":{"uv":[5.995,2,6.994,14.993],"texture":"#3"}}},{"from":[8.25,1,7.75],"to":[8.75,27.75,8.5],"rotation":{"angle":0,"axis":"y","origin":[8.5,11.875,8.125]},"faces":{"north":{"uv":[5,3,5.999,14.995],"texture":"#3"},"east":{"uv":[5,3,5.999,14.995],"texture":"#3"},"south":{"uv":[5,3,5.999,14.995],"texture":"#3"},"west":{"uv":[5,3,5.999,14.995],"texture":"#3"},"up":{"uv":[5,3,5.999,14.995],"texture":"#3"},"down":{"uv":[5,3,5.999,14.995],"texture":"#3"}}},{"from":[8.25,27.75,7.75],"to":[8.75,29.25,8.25],"rotation":{"angle":0,"axis":"y","origin":[8.5,28.5,8]},"faces":{"north":{"uv":[3,5,3.999,5.992],"texture":"#3"},"east":{"uv":[3,5,3.999,5.992],"texture":"#3"},"south":{"uv":[3,5,3.999,5.992],"texture":"#3"},"west":{"uv":[3,5,3.999,5.992],"texture":"#3"},"up":{"uv":[3,5,3.999,5.992],"texture":"#3"},"down":{"uv":[3,5,3.999,5.992],"texture":"#3"}}},{"from":[8.25,27.75,6.75],"to":[8.75,29.25,7.25],"rotation":{"angle":0,"axis":"y","origin":[8.5,28.5,7]},"faces":{"north":{"uv":[3,5,3.999,5.992],"texture":"#3"},"east":{"uv":[3,5,3.999,5.992],"texture":"#3"},"south":{"uv":[3,5,3.999,5.992],"texture":"#3"},"west":{"uv":[3,5,3.999,5.992],"texture":"#3"},"up":{"uv":[3,5,3.999,5.992],"texture":"#3"},"down":{"uv":[3,5,3.999,5.992],"texture":"#3"}}},{"from":[8.25,1,6.5],"to":[8.75,27.75,7.25],"rotation":{"angle":0,"axis":"y","origin":[8.5,12.5,7.5]},"faces":{"north":{"uv":[5,3,5.999,14.995],"texture":"#3"},"east":{"uv":[5,3,5.999,14.995],"texture":"#3"},"south":{"uv":[5,3,5.999,14.995],"texture":"#3"},"west":{"uv":[5,3,5.999,14.995],"texture":"#3"},"up":{"uv":[5,3,5.999,14.995],"texture":"#3"},"down":{"uv":[5,3,5.999,14.995],"texture":"#3"}}}],"display":{"thirdperson_righthand":{"translation":[-1.25,8,1.5],"scale":[1.1,1.1,1.1]},"thirdperson_lefthand":{"translation":[-0.25,8,1.5],"scale":[1.1,1.1,1.1]},"firstperson_righthand":{"rotation":[-5,0,0],"translation":[2,5.5,-0.75],"scale":[0.9,0.9,0.9]},"firstperson_lefthand":{"rotation":[-5,0,0],"translation":[2,5.5,-0.75],"scale":[0.9,0.9,0.9]},"ground":{"translation":[0,9.5,0],"scale":[1.1,1.1,1.1]},"gui":{"rotation":[-45,-41,-62],"translation":[-2.75,-1.75,0],"scale":[0.9,0.9,0.9]},"head":{"translation":[-0.75,6.5,0],"scale":[1.1,-1.1,1.1]},"fixed":{"rotation":[0,90,0],"translation":[1,-1.5,-0.5],"scale":[1.1,1.1,1.1]}}}