{"credit":"Made with Blockbench","textures":{"2":"spartanweaponry:costum/raddadste","3":"spartanweaponry:costum/iron_block","particle":"spartanweaponry:costum/raddadste"},"elements":[{"from":[8.075,-1.925,7.075],"to":[8.925,2.925,7.925],"rotation":{"angle":0,"axis":"y","origin":[8.5,0.5,7.5]},"faces":{"north":{"uv":[0,0,16,16],"texture":"#2"},"east":{"uv":[0,0,16,16],"texture":"#2"},"south":{"uv":[0,0,16,16],"texture":"#2"},"west":{"uv":[0,0,16,16],"texture":"#2"},"up":{"uv":[0,0,16,16],"texture":"#2"},"down":{"uv":[0,0,16,16],"texture":"#2"}}},{"from":[7.98,-0.52,7.23],"to":[9.02,0.02,7.77],"rotation":{"angle":45,"axis":"x","origin":[8.5,-0.25,7.5]},"faces":{"north":{"uv":[14.999,10,15.999,10.999],"texture":"#3"},"east":{"uv":[14.999,10,15.999,10.999],"texture":"#3"},"south":{"uv":[14.999,10,15.999,10.999],"texture":"#3"},"west":{"uv":[14.999,10,15.999,10.999],"texture":"#3"},"up":{"uv":[14.999,10,15.999,10.999],"texture":"#3"},"down":{"uv":[14.999,10,15.999,10.999],"texture":"#3"}}},{"from":[7.98,0.48,7.23],"to":[9.02,1.02,7.77],"rotation":{"angle":45,"axis":"x","origin":[8.5,0.75,7.5]},"faces":{"north":{"uv":[14.999,10,15.999,10.999],"texture":"#3"},"east":{"uv":[14.999,10,15.999,10.999],"texture":"#3"},"south":{"uv":[14.999,10,15.999,10.999],"texture":"#3"},"west":{"uv":[14.999,10,15.999,10.999],"texture":"#3"},"up":{"uv":[14.999,10,15.999,10.999],"texture":"#3"},"down":{"uv":[14.999,10,15.999,10.999],"texture":"#3"}}},{"from":[7.98,2.48,7.23],"to":[9.02,3.02,7.77],"rotation":{"angle":45,"axis":"x","origin":[8.5,2.75,7.5]},"faces":{"north":{"uv":[14.999,10,15.999,10.999],"texture":"#3"},"east":{"uv":[14.999,10,15.999,10.999],"texture":"#3"},"south":{"uv":[14.999,10,15.999,10.999],"texture":"#3"},"west":{"uv":[14.999,10,15.999,10.999],"texture":"#3"},"up":{"uv":[14.999,10,15.999,10.999],"texture":"#3"},"down":{"uv":[14.999,10,15.999,10.999],"texture":"#3"}}},{"from":[7.98,1.48,7.23],"to":[9.02,2.02,7.77],"rotation":{"angle":45,"axis":"x","origin":[8.5,1.75,7.5]},"faces":{"north":{"uv":[14.999,10,15.999,10.999],"texture":"#3"},"east":{"uv":[14.999,10,15.999,10.999],"texture":"#3"},"south":{"uv":[14.999,10,15.999,10.999],"texture":"#3"},"west":{"uv":[14.999,10,15.999,10.999],"texture":"#3"},"up":{"uv":[14.999,10,15.999,10.999],"texture":"#3"},"down":{"uv":[14.999,10,15.999,10.999],"texture":"#3"}}},{"from":[7.98,-1.52,7.23],"to":[9.02,-0.98,7.77],"rotation":{"angle":45,"axis":"x","origin":[8.5,-1.25,7.5]},"faces":{"north":{"uv":[14.999,10,15.999,10.999],"texture":"#3"},"east":{"uv":[14.999,10,15.999,10.999],"texture":"#3"},"south":{"uv":[14.999,10,15.999,10.999],"texture":"#3"},"west":{"uv":[14.999,10,15.999,10.999],"texture":"#3"},"up":{"uv":[14.999,10,15.999,10.999],"texture":"#3"},"down":{"uv":[14.999,10,15.999,10.999],"texture":"#3"}}},{"from":[8,2.9,5.5],"to":[9,3.65,9.5],"rotation":{"angle":0,"axis":"y","origin":[8.5,3.275,7.5]},"faces":{"north":{"uv":[14.999,10,15.999,10.999],"texture":"#3"},"east":{"uv":[14.999,10,15.999,10.999],"texture":"#3"},"south":{"uv":[14.999,10,15.999,10.999],"texture":"#3"},"west":{"uv":[14.999,10,15.999,10.999],"texture":"#3"},"up":{"uv":[14.999,10,15.999,10.999],"texture":"#3"},"down":{"uv":[14.999,10,15.999,10.999],"texture":"#3"}}},{"from":[8,3.6,7],"to":[9,4.35,8],"rotation":{"angle":0,"axis":"y","origin":[8.5,3.975,7.5]},"faces":{"north":{"uv":[14.999,10,15.999,10.999],"texture":"#3"},"east":{"uv":[14.999,10,15.999,10.999],"texture":"#3"},"south":{"uv":[14.999,10,15.999,10.999],"texture":"#3"},"west":{"uv":[14.999,10,15.999,10.999],"texture":"#3"},"up":{"uv":[14.999,10,15.999,10.999],"texture":"#3"},"down":{"uv":[14.999,10,15.999,10.999],"texture":"#3"}}},{"from":[8,2.9,9.3],"to":[9,3.65,10.5],"rotation":{"angle":-22.5,"axis":"x","origin":[8.5,3.275,9.5]},"faces":{"north":{"uv":[14.999,10,15.999,10.999],"texture":"#3"},"east":{"uv":[14.999,10,15.999,10.999],"texture":"#3"},"south":{"uv":[14.999,10,15.999,10.999],"texture":"#3"},"west":{"uv":[14.999,10,15.999,10.999],"texture":"#3"},"up":{"uv":[14.999,10,15.999,10.999],"texture":"#3"},"down":{"uv":[14.999,10,15.999,10.999],"texture":"#3"}}},{"from":[8,2.9,4.5],"to":[9,3.65,5.7],"rotation":{"angle":22.5,"axis":"x","origin":[8.5,3.275,5.5]},"faces":{"north":{"uv":[14.999,10,15.999,10.999],"texture":"#3"},"east":{"uv":[14.999,10,15.999,10.999],"texture":"#3"},"south":{"uv":[14.999,10,15.999,10.999],"texture":"#3"},"west":{"uv":[14.999,10,15.999,10.999],"texture":"#3"},"up":{"uv":[14.999,10,15.999,10.999],"texture":"#3"},"down":{"uv":[14.999,10,15.999,10.999],"texture":"#3"}}},{"from":[7.86,-2.55,6.9],"to":[9.14,-1.85,8.1],"rotation":{"angle":22.5,"axis":"x","origin":[8.5,-2.2,7.5]},"faces":{"north":{"uv":[14.999,10,15.999,10.999],"texture":"#3"},"east":{"uv":[14.999,10,15.999,10.999],"texture":"#3"},"south":{"uv":[14.999,10,15.999,10.999],"texture":"#3"},"west":{"uv":[14.999,10,15.999,10.999],"texture":"#3"},"up":{"uv":[14.999,10,15.999,10.999],"texture":"#3"},"down":{"uv":[14.999,10,15.999,10.999],"texture":"#3"}}},{"from":[7.86,-2.55,6.9],"to":[9.14,-1.85,8.1],"rotation":{"angle":-22.5,"axis":"x","origin":[8.5,-2.2,7.5]},"faces":{"north":{"uv":[14.999,10,15.999,10.999],"texture":"#3"},"east":{"uv":[14.999,10,15.999,10.999],"texture":"#3"},"south":{"uv":[14.999,10,15.999,10.999],"texture":"#3"},"west":{"uv":[14.999,10,15.999,10.999],"texture":"#3"},"up":{"uv":[14.999,10,15.999,10.999],"texture":"#3"},"down":{"uv":[14.999,10,15.999,10.999],"texture":"#3"}}},{"from":[8.375,3,8.5],"to":[8.625,26,8.75],"rotation":{"angle":0,"axis":"y","origin":[8.5,15,8.625]},"faces":{"north":{"uv":[2,10,2.998,10.997],"texture":"#3"},"east":{"uv":[2,10,2.998,10.997],"texture":"#3"},"south":{"uv":[2,10,2.998,10.997],"texture":"#3"},"west":{"uv":[2,10,2.998,10.997],"texture":"#3"},"up":{"uv":[2,10,2.998,10.997],"texture":"#3"},"down":{"uv":[2,10,2.998,10.997],"texture":"#3"}}},{"from":[8.375,3,6.25],"to":[8.625,26,6.5],"rotation":{"angle":0,"axis":"y","origin":[8.5,15.28125,7.5]},"faces":{"north":{"uv":[2,10,2.998,10.997],"texture":"#3"},"east":{"uv":[2,10,2.998,10.997],"texture":"#3"},"south":{"uv":[2,10,2.998,10.997],"texture":"#3"},"west":{"uv":[2,10,2.998,10.997],"texture":"#3"},"up":{"uv":[2,10,2.998,10.997],"texture":"#3"},"down":{"uv":[2,10,2.998,10.997],"texture":"#3"}}},{"from":[8.375,3,8.25],"to":[8.625,27.5,8.5],"rotation":{"angle":0,"axis":"y","origin":[8.5,14.75,7.5]},"faces":{"north":{"uv":[2,10,2.998,10.997],"texture":"#3"},"east":{"uv":[2,10,2.998,10.997],"texture":"#3"},"south":{"uv":[2,10,2.998,10.997],"texture":"#3"},"west":{"uv":[2,10,2.998,10.997],"texture":"#3"},"up":{"uv":[2,10,2.998,10.997],"texture":"#3"},"down":{"uv":[2,10,2.998,10.997],"texture":"#3"}}},{"from":[8.375,3,6.5],"to":[8.625,27.5,6.75],"rotation":{"angle":0,"axis":"y","origin":[8.5,14.75,7.5]},"faces":{"north":{"uv":[2,10,2.998,10.997],"texture":"#3"},"east":{"uv":[2,10,2.998,10.997],"texture":"#3"},"south":{"uv":[2,10,2.998,10.997],"texture":"#3"},"west":{"uv":[2,10,2.998,10.997],"texture":"#3"},"up":{"uv":[2,10,2.998,10.997],"texture":"#3"},"down":{"uv":[2,10,2.998,10.997],"texture":"#3"}}},{"from":[8.375,3,8],"to":[8.625,28.375,8.25],"rotation":{"angle":0,"axis":"y","origin":[8.5,15.1875,7.5]},"faces":{"north":{"uv":[2,10,2.998,10.997],"texture":"#3"},"east":{"uv":[2,10,2.998,10.997],"texture":"#3"},"south":{"uv":[2,10,2.998,10.997],"texture":"#3"},"west":{"uv":[2,10,2.998,10.997],"texture":"#3"},"up":{"uv":[2,10,2.998,10.997],"texture":"#3"},"down":{"uv":[2,10,2.998,10.997],"texture":"#3"}}},{"from":[8.375,3,6.75],"to":[8.625,28.375,7],"rotation":{"angle":0,"axis":"y","origin":[8.5,15.1875,7.5]},"faces":{"north":{"uv":[2,10,2.998,10.997],"texture":"#3"},"east":{"uv":[2,10,2.998,10.997],"texture":"#3"},"south":{"uv":[2,10,2.998,10.997],"texture":"#3"},"west":{"uv":[2,10,2.998,10.997],"texture":"#3"},"up":{"uv":[2,10,2.998,10.997],"texture":"#3"},"down":{"uv":[2,10,2.998,10.997],"texture":"#3"}}},{"from":[8.375,3,7.75],"to":[8.625,29.125,8],"rotation":{"angle":0,"axis":"y","origin":[8.5,15.28125,7.5]},"faces":{"north":{"uv":[2,10,2.998,10.997],"texture":"#3"},"east":{"uv":[2,10,2.998,10.997],"texture":"#3"},"south":{"uv":[2,10,2.998,10.997],"texture":"#3"},"west":{"uv":[2,10,2.998,10.997],"texture":"#3"},"up":{"uv":[2,10,2.998,10.997],"texture":"#3"},"down":{"uv":[2,10,2.998,10.997],"texture":"#3"}}},{"from":[8.375,3,7],"to":[8.625,29.125,7.25],"rotation":{"angle":0,"axis":"y","origin":[8.5,15.28125,7.5]},"faces":{"north":{"uv":[2,10,2.998,10.997],"texture":"#3"},"east":{"uv":[2,10,2.998,10.997],"texture":"#3"},"south":{"uv":[2,10,2.998,10.997],"texture":"#3"},"west":{"uv":[2,10,2.998,10.997],"texture":"#3"},"up":{"uv":[2,10,2.998,10.997],"texture":"#3"},"down":{"uv":[2,10,2.998,10.997],"texture":"#3"}}},{"from":[8.375,3,7.25],"to":[8.625,29.5,7.75],"rotation":{"angle":0,"axis":"y","origin":[8.5,15.5625,7.5]},"faces":{"north":{"uv":[2,10,2.998,10.997],"texture":"#3"},"east":{"uv":[2,10,2.998,10.997],"texture":"#3"},"south":{"uv":[2,10,2.998,10.997],"texture":"#3"},"west":{"uv":[2,10,2.998,10.997],"texture":"#3"},"up":{"uv":[2,10,2.998,10.997],"texture":"#3"},"down":{"uv":[2,10,2.998,10.997],"texture":"#3"}}},{"from":[8.25,3,7.75],"to":[8.75,25.75,8.5],"rotation":{"angle":0,"axis":"y","origin":[8.5,13.875,8.125]},"faces":{"north":{"uv":[2,10,2.998,10.997],"texture":"#3"},"east":{"uv":[2,10,2.998,10.997],"texture":"#3"},"south":{"uv":[2,10,2.998,10.997],"texture":"#3"},"west":{"uv":[2,10,2.998,10.997],"texture":"#3"},"up":{"uv":[2,10,2.998,10.997],"texture":"#3"},"down":{"uv":[2,10,2.998,10.997],"texture":"#3"}}},{"from":[8.25,25.75,7.75],"to":[8.75,27.25,8.25],"rotation":{"angle":0,"axis":"y","origin":[8.5,26.5,8]},"faces":{"north":{"uv":[2,10,2.998,10.997],"texture":"#3"},"east":{"uv":[2,10,2.998,10.997],"texture":"#3"},"south":{"uv":[2,10,2.998,10.997],"texture":"#3"},"west":{"uv":[2,10,2.998,10.997],"texture":"#3"},"up":{"uv":[2,10,2.998,10.997],"texture":"#3"},"down":{"uv":[2,10,2.998,10.997],"texture":"#3"}}},{"from":[8.25,25.75,6.75],"to":[8.75,27.25,7.25],"rotation":{"angle":0,"axis":"y","origin":[8.5,26.5,7]},"faces":{"north":{"uv":[2,10,2.998,10.997],"texture":"#3"},"east":{"uv":[2,10,2.998,10.997],"texture":"#3"},"south":{"uv":[2,10,2.998,10.997],"texture":"#3"},"west":{"uv":[2,10,2.998,10.997],"texture":"#3"},"up":{"uv":[2,10,2.998,10.997],"texture":"#3"},"down":{"uv":[2,10,2.998,10.997],"texture":"#3"}}},{"from":[8.25,3,6.5],"to":[8.75,25.75,7.25],"rotation":{"angle":0,"axis":"y","origin":[8.5,14.5,7.5]},"faces":{"north":{"uv":[2,10,2.998,10.997],"texture":"#3"},"east":{"uv":[2,10,2.998,10.997],"texture":"#3"},"south":{"uv":[2,10,2.998,10.997],"texture":"#3"},"west":{"uv":[2,10,2.998,10.997],"texture":"#3"},"up":{"uv":[2,10,2.998,10.997],"texture":"#3"},"down":{"uv":[2,10,2.998,10.997],"texture":"#3"}}}],"display":{"thirdperson_righthand":{"translation":[-1.25,5.75,1.5],"scale":[1.1,1.1,1.1]},"thirdperson_lefthand":{"translation":[-0.25,5.75,1.5],"scale":[1.1,1.1,1.1]},"firstperson_righthand":{"rotation":[-5,0,0],"translation":[2,3.75,-0.75],"scale":[0.9,0.9,0.9]},"firstperson_lefthand":{"rotation":[-5,0,0],"translation":[2,3.75,-0.75],"scale":[0.9,0.9,0.9]},"ground":{"translation":[0,7.5,0],"scale":[1.1,1.1,1.1]},"gui":{"rotation":[-45,-41,-62],"translation":[-2.75,-1.75,0],"scale":[0.9,0.9,0.9]},"head":{"translation":[-0.75,6.5,0],"scale":[1.1,-1.1,1.1]},"fixed":{"rotation":[0,90,0],"translation":[1,-1.25,-0.5],"scale":[1.1,1.1,1.1]}}}