{"credit":"Made with Blockbench","textures":{"2":"spartanweaponry:costum/texturedasteaxess","3":"spartanweaponry:costum/raddadste","5":"spartanweaponry:costum/gold_block14","particle":"spartanweaponry:costum/texturedasteaxess"},"elements":[{"from":[8,-15,7],"to":[9,-1.5,8],"rotation":{"angle":0,"axis":"y","origin":[8.5,-13.75,7.5]},"faces":{"north":{"uv":[0,0,16,16],"texture":"#3"},"east":{"uv":[0,0,16,16],"texture":"#3"},"south":{"uv":[0,0,16,16],"texture":"#3"},"west":{"uv":[0,0,16,16],"texture":"#3"},"up":{"uv":[0,0,16,16],"texture":"#3"},"down":{"uv":[0,0,16,16],"texture":"#3"}}},{"from":[8,3,7],"to":[9,23.5,8],"rotation":{"angle":0,"axis":"y","origin":[8.5,21.75,7.5]},"faces":{"north":{"uv":[0,0,16,16],"texture":"#3"},"east":{"uv":[0,0,16,16],"texture":"#3"},"south":{"uv":[0,0,16,16],"texture":"#3"},"west":{"uv":[0,0,16,16],"texture":"#3"},"up":{"uv":[0,0,16,16],"texture":"#3"},"down":{"uv":[0,0,16,16],"texture":"#3"}}},{"from":[7.8,23,7.25],"to":[9.2,23.5,7.75],"rotation":{"angle":45,"axis":"x","origin":[8.5,23.25,7.5]},"faces":{"north":{"uv":[3,4,4.998,5.998],"texture":"#5"},"east":{"uv":[3,4,4.998,5.998],"texture":"#5"},"south":{"uv":[3,4,4.998,5.998],"texture":"#5"},"west":{"uv":[3,4,4.998,5.998],"texture":"#5"},"up":{"uv":[3,4,4.998,5.998],"texture":"#5"},"down":{"uv":[3,4,4.998,5.998],"texture":"#5"}}},{"from":[7.85,23,7.25],"to":[9.15,23.5,7.75],"rotation":{"angle":0,"axis":"x","origin":[8.5,23.25,7.5]},"faces":{"north":{"uv":[3,4,4.998,5.998],"rotation":180,"texture":"#5"},"east":{"uv":[3,4,4.998,5.998],"rotation":270,"texture":"#5"},"south":{"uv":[3,4,4.998,5.998],"texture":"#5"},"west":{"uv":[3,4,4.998,5.998],"rotation":90,"texture":"#5"},"up":{"uv":[3,4,4.998,5.998],"rotation":180,"texture":"#5"},"down":{"uv":[3,4,4.998,5.998],"texture":"#5"}}},{"from":[7.85,22,7.25],"to":[9.15,22.5,7.75],"rotation":{"angle":0,"axis":"x","origin":[8.5,22.25,7.5]},"faces":{"north":{"uv":[3,4,4.998,5.998],"rotation":180,"texture":"#5"},"east":{"uv":[3,4,4.998,5.998],"rotation":270,"texture":"#5"},"south":{"uv":[3,4,4.998,5.998],"texture":"#5"},"west":{"uv":[3,4,4.998,5.998],"rotation":90,"texture":"#5"},"up":{"uv":[3,4,4.998,5.998],"rotation":180,"texture":"#5"},"down":{"uv":[3,4,4.998,5.998],"texture":"#5"}}},{"from":[7.8,22,7.25],"to":[9.2,22.5,7.75],"rotation":{"angle":45,"axis":"x","origin":[8.5,22.25,7.5]},"faces":{"north":{"uv":[3,4,4.998,5.998],"texture":"#5"},"east":{"uv":[3,4,4.998,5.998],"texture":"#5"},"south":{"uv":[3,4,4.998,5.998],"texture":"#5"},"west":{"uv":[3,4,4.998,5.998],"texture":"#5"},"up":{"uv":[3,4,4.998,5.998],"texture":"#5"},"down":{"uv":[3,4,4.998,5.998],"texture":"#5"}}},{"from":[7.9,20,7.25],"to":[9.1,20.5,7.75],"rotation":{"angle":45,"axis":"x","origin":[8.5,20.25,7.5]},"faces":{"north":{"uv":[2,1,3.999,3],"texture":"#5"},"east":{"uv":[2,1,3.999,3],"texture":"#5"},"south":{"uv":[2,1,3.999,3],"texture":"#5"},"west":{"uv":[2,1,3.999,3],"texture":"#5"},"up":{"uv":[2,1,3.999,3],"texture":"#5"},"down":{"uv":[2,1,3.999,3],"texture":"#5"}}},{"from":[7.9,19,7.25],"to":[9.1,19.5,7.75],"rotation":{"angle":45,"axis":"x","origin":[8.5,19.25,7.5]},"faces":{"north":{"uv":[3,2,4.998,3.999],"texture":"#5"},"east":{"uv":[3,2,4.998,3.999],"texture":"#5"},"south":{"uv":[3,2,4.998,3.999],"texture":"#5"},"west":{"uv":[3,2,4.998,3.999],"texture":"#5"},"up":{"uv":[3,2,4.998,3.999],"texture":"#5"},"down":{"uv":[3,2,4.998,3.999],"texture":"#5"}}},{"from":[7.9,18,7.25],"to":[9.1,18.5,7.75],"rotation":{"angle":45,"axis":"x","origin":[8.5,18.25,7.5]},"faces":{"north":{"uv":[6,2,7.998,3.999],"texture":"#5"},"east":{"uv":[6,2,7.998,3.999],"texture":"#5"},"south":{"uv":[6,2,7.998,3.999],"texture":"#5"},"west":{"uv":[6,2,7.998,3.999],"texture":"#5"},"up":{"uv":[6,2,7.998,3.999],"texture":"#5"},"down":{"uv":[6,2,7.998,3.999],"texture":"#5"}}},{"from":[7.9,17,7.25],"to":[9.1,17.5,7.75],"rotation":{"angle":45,"axis":"x","origin":[8.5,17.25,7.5]},"faces":{"north":{"uv":[6,2,7.998,3.999],"texture":"#5"},"east":{"uv":[6,2,7.998,3.999],"texture":"#5"},"south":{"uv":[6,2,7.998,3.999],"texture":"#5"},"west":{"uv":[6,2,7.998,3.999],"texture":"#5"},"up":{"uv":[6,2,7.998,3.999],"texture":"#5"},"down":{"uv":[6,2,7.998,3.999],"texture":"#5"}}},{"from":[7.9,16,7.25],"to":[9.1,16.5,7.75],"rotation":{"angle":45,"axis":"x","origin":[8.5,16.25,7.5]},"faces":{"north":{"uv":[6,2,7.998,3.999],"texture":"#5"},"east":{"uv":[6,2,7.998,3.999],"texture":"#5"},"south":{"uv":[6,2,7.998,3.999],"texture":"#5"},"west":{"uv":[6,2,7.998,3.999],"texture":"#5"},"up":{"uv":[6,2,7.998,3.999],"texture":"#5"},"down":{"uv":[6,2,7.998,3.999],"texture":"#5"}}},{"from":[7.9,15,7.25],"to":[9.1,15.5,7.75],"rotation":{"angle":45,"axis":"x","origin":[8.5,15.25,7.5]},"faces":{"north":{"uv":[6,2,7.998,3.999],"texture":"#5"},"east":{"uv":[6,2,7.998,3.999],"texture":"#5"},"south":{"uv":[6,2,7.998,3.999],"texture":"#5"},"west":{"uv":[6,2,7.998,3.999],"texture":"#5"},"up":{"uv":[6,2,7.998,3.999],"texture":"#5"},"down":{"uv":[6,2,7.998,3.999],"texture":"#5"}}},{"from":[7.9,14,7.25],"to":[9.1,14.5,7.75],"rotation":{"angle":45,"axis":"x","origin":[8.5,14.25,7.5]},"faces":{"north":{"uv":[6,2,7.998,3.999],"texture":"#5"},"east":{"uv":[6,2,7.998,3.999],"texture":"#5"},"south":{"uv":[6,2,7.998,3.999],"texture":"#5"},"west":{"uv":[6,2,7.998,3.999],"texture":"#5"},"up":{"uv":[6,2,7.998,3.999],"texture":"#5"},"down":{"uv":[6,2,7.998,3.999],"texture":"#5"}}},{"from":[7.9,13,7.25],"to":[9.1,13.5,7.75],"rotation":{"angle":45,"axis":"x","origin":[8.5,13.25,7.5]},"faces":{"north":{"uv":[6,2,7.998,3.999],"texture":"#5"},"east":{"uv":[6,2,7.998,3.999],"texture":"#5"},"south":{"uv":[6,2,7.998,3.999],"texture":"#5"},"west":{"uv":[6,2,7.998,3.999],"texture":"#5"},"up":{"uv":[6,2,7.998,3.999],"texture":"#5"},"down":{"uv":[6,2,7.998,3.999],"texture":"#5"}}},{"from":[7.9,12,7.25],"to":[9.1,12.5,7.75],"rotation":{"angle":45,"axis":"x","origin":[8.5,12.25,7.5]},"faces":{"north":{"uv":[6,2,7.998,3.999],"texture":"#5"},"east":{"uv":[6,2,7.998,3.999],"texture":"#5"},"south":{"uv":[6,2,7.998,3.999],"texture":"#5"},"west":{"uv":[6,2,7.998,3.999],"texture":"#5"},"up":{"uv":[6,2,7.998,3.999],"texture":"#5"},"down":{"uv":[6,2,7.998,3.999],"texture":"#5"}}},{"from":[7.9,11,7.25],"to":[9.1,11.5,7.75],"rotation":{"angle":45,"axis":"x","origin":[8.5,11.25,7.5]},"faces":{"north":{"uv":[6,2,7.998,3.999],"texture":"#5"},"east":{"uv":[6,2,7.998,3.999],"texture":"#5"},"south":{"uv":[6,2,7.998,3.999],"texture":"#5"},"west":{"uv":[6,2,7.998,3.999],"texture":"#5"},"up":{"uv":[6,2,7.998,3.999],"texture":"#5"},"down":{"uv":[6,2,7.998,3.999],"texture":"#5"}}},{"from":[7.9,10,7.25],"to":[9.1,10.5,7.75],"rotation":{"angle":45,"axis":"x","origin":[8.5,10.25,7.5]},"faces":{"north":{"uv":[6,2,7.998,3.999],"texture":"#5"},"east":{"uv":[6,2,7.998,3.999],"texture":"#5"},"south":{"uv":[6,2,7.998,3.999],"texture":"#5"},"west":{"uv":[6,2,7.998,3.999],"texture":"#5"},"up":{"uv":[6,2,7.998,3.999],"texture":"#5"},"down":{"uv":[6,2,7.998,3.999],"texture":"#5"}}},{"from":[7.9,-9,7.25],"to":[9.1,-8.5,7.75],"rotation":{"angle":45,"axis":"x","origin":[8.5,-8.75,7.5]},"faces":{"north":{"uv":[6,2,7.998,3.999],"texture":"#5"},"east":{"uv":[6,2,7.998,3.999],"texture":"#5"},"south":{"uv":[6,2,7.998,3.999],"texture":"#5"},"west":{"uv":[6,2,7.998,3.999],"texture":"#5"},"up":{"uv":[6,2,7.998,3.999],"texture":"#5"},"down":{"uv":[6,2,7.998,3.999],"texture":"#5"}}},{"from":[7.9,-8,7.25],"to":[9.1,-7.5,7.75],"rotation":{"angle":45,"axis":"x","origin":[8.5,-7.75,7.5]},"faces":{"north":{"uv":[6,2,7.998,3.999],"texture":"#5"},"east":{"uv":[6,2,7.998,3.999],"texture":"#5"},"south":{"uv":[6,2,7.998,3.999],"texture":"#5"},"west":{"uv":[6,2,7.998,3.999],"texture":"#5"},"up":{"uv":[6,2,7.998,3.999],"texture":"#5"},"down":{"uv":[6,2,7.998,3.999],"texture":"#5"}}},{"from":[7.9,-7,7.25],"to":[9.1,-6.5,7.75],"rotation":{"angle":45,"axis":"x","origin":[8.5,-6.75,7.5]},"faces":{"north":{"uv":[6,2,7.998,3.999],"texture":"#5"},"east":{"uv":[6,2,7.998,3.999],"texture":"#5"},"south":{"uv":[6,2,7.998,3.999],"texture":"#5"},"west":{"uv":[6,2,7.998,3.999],"texture":"#5"},"up":{"uv":[6,2,7.998,3.999],"texture":"#5"},"down":{"uv":[6,2,7.998,3.999],"texture":"#5"}}},{"from":[7.9,9,7.25],"to":[9.1,9.5,7.75],"rotation":{"angle":45,"axis":"x","origin":[8.5,9.25,7.5]},"faces":{"north":{"uv":[6,2,7.998,3.999],"texture":"#5"},"east":{"uv":[6,2,7.998,3.999],"texture":"#5"},"south":{"uv":[6,2,7.998,3.999],"texture":"#5"},"west":{"uv":[6,2,7.998,3.999],"texture":"#5"},"up":{"uv":[6,2,7.998,3.999],"texture":"#5"},"down":{"uv":[6,2,7.998,3.999],"texture":"#5"}}},{"from":[7.9,-14,7.25],"to":[9.1,-13.5,7.75],"rotation":{"angle":45,"axis":"x","origin":[8.5,-13.75,7.5]},"faces":{"north":{"uv":[6,2,7.998,3.999],"texture":"#5"},"east":{"uv":[6,2,7.998,3.999],"texture":"#5"},"south":{"uv":[6,2,7.998,3.999],"texture":"#5"},"west":{"uv":[6,2,7.998,3.999],"texture":"#5"},"up":{"uv":[6,2,7.998,3.999],"texture":"#5"},"down":{"uv":[6,2,7.998,3.999],"texture":"#5"}}},{"from":[7.9,-13,7.25],"to":[9.1,-12.5,7.75],"rotation":{"angle":45,"axis":"x","origin":[8.5,-12.75,7.5]},"faces":{"north":{"uv":[6,2,7.998,3.999],"texture":"#5"},"east":{"uv":[6,2,7.998,3.999],"texture":"#5"},"south":{"uv":[6,2,7.998,3.999],"texture":"#5"},"west":{"uv":[6,2,7.998,3.999],"texture":"#5"},"up":{"uv":[6,2,7.998,3.999],"texture":"#5"},"down":{"uv":[6,2,7.998,3.999],"texture":"#5"}}},{"from":[7.9,-12,7.25],"to":[9.1,-11.5,7.75],"rotation":{"angle":45,"axis":"x","origin":[8.5,-11.75,7.5]},"faces":{"north":{"uv":[6,2,7.998,3.999],"texture":"#5"},"east":{"uv":[6,2,7.998,3.999],"texture":"#5"},"south":{"uv":[6,2,7.998,3.999],"texture":"#5"},"west":{"uv":[6,2,7.998,3.999],"texture":"#5"},"up":{"uv":[6,2,7.998,3.999],"texture":"#5"},"down":{"uv":[6,2,7.998,3.999],"texture":"#5"}}},{"from":[7.9,-11,7.25],"to":[9.1,-10.5,7.75],"rotation":{"angle":45,"axis":"x","origin":[8.5,-10.75,7.5]},"faces":{"north":{"uv":[6,2,7.998,3.999],"texture":"#5"},"east":{"uv":[6,2,7.998,3.999],"texture":"#5"},"south":{"uv":[6,2,7.998,3.999],"texture":"#5"},"west":{"uv":[6,2,7.998,3.999],"texture":"#5"},"up":{"uv":[6,2,7.998,3.999],"texture":"#5"},"down":{"uv":[6,2,7.998,3.999],"texture":"#5"}}},{"from":[7.9,-10,7.25],"to":[9.1,-9.5,7.75],"rotation":{"angle":45,"axis":"x","origin":[8.5,-9.75,7.5]},"faces":{"north":{"uv":[6,2,7.998,3.999],"texture":"#5"},"east":{"uv":[6,2,7.998,3.999],"texture":"#5"},"south":{"uv":[6,2,7.998,3.999],"texture":"#5"},"west":{"uv":[6,2,7.998,3.999],"texture":"#5"},"up":{"uv":[6,2,7.998,3.999],"texture":"#5"},"down":{"uv":[6,2,7.998,3.999],"texture":"#5"}}},{"from":[7.9,21.4,6.9],"to":[9.1,24.1,8.1],"rotation":{"angle":0,"axis":"y","origin":[8.5,23.25,7.5]},"faces":{"north":{"uv":[7,7,11,12.999],"texture":"#3"},"east":{"uv":[7,7,11,12.999],"texture":"#3"},"south":{"uv":[7,7,11,12.999],"texture":"#3"},"west":{"uv":[7,7,11,12.999],"texture":"#3"},"up":{"uv":[7,7,11,12.999],"texture":"#3"},"down":{"uv":[7,7,11,12.999],"texture":"#3"}}},{"from":[7.95,21.05,6.95],"to":[9.05,23.65,8.05],"rotation":{"angle":0,"axis":"y","origin":[8.5,22.35,7.5]},"faces":{"north":{"uv":[7,7,11,12.999],"texture":"#3"},"east":{"uv":[7,7,11,12.999],"texture":"#3"},"south":{"uv":[7,7,11,12.999],"texture":"#3"},"west":{"uv":[7,7,11,12.999],"texture":"#3"},"up":{"uv":[7,7,11,12.999],"texture":"#3"},"down":{"uv":[7,7,11,12.999],"texture":"#3"}}},{"from":[7.8,-15.7,6.8],"to":[9.2,-14.8,8.2],"rotation":{"angle":0,"axis":"y","origin":[8.5,-15.25,7.5]},"faces":{"north":{"uv":[6,10,8.999,11.997],"texture":"#5"},"east":{"uv":[6,10,8.999,11.997],"texture":"#5"},"south":{"uv":[6,10,8.999,11.997],"texture":"#5"},"west":{"uv":[6,10,8.999,11.997],"texture":"#5"},"up":{"uv":[6,10,8.999,11.997],"texture":"#5"},"down":{"uv":[6,10,8.999,11.997],"texture":"#5"}}},{"from":[7.81,-15.69,6.81],"to":[9.19,-14.81,8.19],"rotation":{"angle":45,"axis":"y","origin":[8.5,-15.25,7.5]},"faces":{"north":{"uv":[6,10,8.999,11.997],"texture":"#5"},"east":{"uv":[6,10,8.999,11.997],"texture":"#5"},"south":{"uv":[6,10,8.999,11.997],"texture":"#5"},"west":{"uv":[6,10,8.999,11.997],"texture":"#5"},"up":{"uv":[6,10,8.999,11.997],"texture":"#5"},"down":{"uv":[6,10,8.999,11.997],"texture":"#5"}}},{"from":[8.075,-1.925,7.075],"to":[8.925,3.925,7.925],"rotation":{"angle":0,"axis":"y","origin":[8.5,1,7.5]},"faces":{"north":{"uv":[0,0,16,16],"texture":"#2"},"east":{"uv":[0,0,16,16],"texture":"#2"},"south":{"uv":[0,0,16,16],"texture":"#2"},"west":{"uv":[0,0,16,16],"texture":"#2"},"up":{"uv":[0,0,16,16],"texture":"#2"},"down":{"uv":[0,0,16,16],"texture":"#2"}}},{"from":[7.96,-15.5,6.96],"to":[9.04,-14.92,8.04],"rotation":{"angle":0,"axis":"y","origin":[8.5,-15.21,7.5]},"faces":{"north":{"uv":[0,0,16,16],"texture":"#3"},"east":{"uv":[0,0,16,16],"texture":"#3"},"south":{"uv":[0,0,16,16],"texture":"#3"},"west":{"uv":[0,0,16,16],"texture":"#3"},"up":{"uv":[0,0,16,16],"texture":"#3"},"down":{"uv":[0,0,16,16],"texture":"#3"}}},{"from":[7.96,3,6.96],"to":[9.04,3.58,8.04],"rotation":{"angle":0,"axis":"y","origin":[8.5,2.79,7.5]},"faces":{"north":{"uv":[0,0,16,16],"texture":"#3"},"east":{"uv":[0,0,16,16],"texture":"#3"},"south":{"uv":[0,0,16,16],"texture":"#3"},"west":{"uv":[0,0,16,16],"texture":"#3"},"up":{"uv":[0,0,16,16],"texture":"#3"},"down":{"uv":[0,0,16,16],"texture":"#3"}}},{"from":[7.96,-2,6.96],"to":[9.04,-1.42,8.04],"rotation":{"angle":0,"axis":"y","origin":[8.5,-1.21,7.5]},"faces":{"north":{"uv":[0,0,16,16],"texture":"#3"},"east":{"uv":[0,0,16,16],"texture":"#3"},"south":{"uv":[0,0,16,16],"texture":"#3"},"west":{"uv":[0,0,16,16],"texture":"#3"},"up":{"uv":[0,0,16,16],"texture":"#3"},"down":{"uv":[0,0,16,16],"texture":"#3"}}},{"from":[8.375,30.5,7.25],"to":[8.625,31.5,7.75],"rotation":{"angle":0,"axis":"x","origin":[8.5,28.5,7.5]},"faces":{"north":{"uv":[6.997,9.999,7.997,10.998],"texture":"#5"},"east":{"uv":[6.997,9.999,7.997,10.998],"texture":"#5"},"south":{"uv":[6.997,9.999,7.997,10.998],"texture":"#5"},"west":{"uv":[6.997,9.999,7.997,10.998],"texture":"#5"},"up":{"uv":[6.997,9.999,7.997,10.998],"texture":"#5"},"down":{"uv":[6.997,9.999,7.997,10.998],"texture":"#5"}}},{"from":[8.25,23.5,7.25],"to":[8.75,30.5,7.75],"rotation":{"angle":0,"axis":"x","origin":[8.5,25,7.5]},"faces":{"north":{"uv":[2,10,2.998,15.996],"texture":"#5"},"east":{"uv":[2,10,2.998,15.996],"texture":"#5"},"south":{"uv":[2,10,2.998,15.996],"texture":"#5"},"west":{"uv":[2,10,2.998,15.996],"texture":"#5"},"up":{"uv":[2,10,2.998,10.996],"texture":"#5"},"down":{"uv":[2,10,2.998,15.996],"texture":"#5"}}},{"from":[8.325,23.25,6.625],"to":[8.675,23.5,8.375],"rotation":{"angle":0,"axis":"x","origin":[8.5,23.25,7.5]},"faces":{"north":{"uv":[14.997,14.994,15.996,15.994],"texture":"#5"},"east":{"uv":[14.997,14.994,15.996,15.994],"texture":"#5"},"south":{"uv":[14.997,14.994,15.996,15.994],"texture":"#5"},"west":{"uv":[14.997,14.994,15.996,15.994],"texture":"#5"},"up":{"uv":[14.997,14.994,15.996,15.994],"texture":"#5"},"down":{"uv":[14.997,14.994,15.996,15.994],"texture":"#5"}}},{"from":[8.25,23,6.75],"to":[8.75,23.25,8.25],"rotation":{"angle":0,"axis":"x","origin":[8.5,23.25,7.5]},"faces":{"north":{"uv":[14.997,14.994,15.996,15.994],"texture":"#5"},"east":{"uv":[14.997,14.994,15.996,15.994],"texture":"#5"},"south":{"uv":[14.997,14.994,15.996,15.994],"texture":"#5"},"west":{"uv":[14.997,14.994,15.996,15.994],"texture":"#5"},"up":{"uv":[14.997,14.994,15.996,15.994],"texture":"#5"},"down":{"uv":[14.997,14.994,15.996,15.994],"texture":"#5"}}},{"from":[8.375,23.5,7.75],"to":[8.625,30.5,8.25],"rotation":{"angle":0,"axis":"x","origin":[8.5,25.5,7.5]},"faces":{"north":{"uv":[1,10,1.998,15.996],"texture":"#5"},"east":{"uv":[1,10,1.998,15.996],"texture":"#5"},"south":{"uv":[1,10,1.998,15.996],"texture":"#5"},"west":{"uv":[1,10,1.998,15.996],"texture":"#5"},"up":{"uv":[1,10,1.998,10.996],"texture":"#5"},"down":{"uv":[1,10,1.998,15.996],"texture":"#5"}}},{"from":[8.375,30.5,7.75],"to":[8.625,31,8],"rotation":{"angle":0,"axis":"x","origin":[8.5,32.5,7.5]},"faces":{"north":{"uv":[4,7,5.997,7.998],"texture":"#5"},"east":{"uv":[4,7,5.997,7.998],"texture":"#5"},"south":{"uv":[4,7,5.997,7.998],"texture":"#5"},"west":{"uv":[4,7,5.997,7.998],"texture":"#5"},"up":{"uv":[4,7,5.997,7.998],"texture":"#5"},"down":{"uv":[4,7,5.997,7.998],"texture":"#5"}}},{"from":[8.375,30.5,7],"to":[8.625,31,7.25],"rotation":{"angle":0,"axis":"x","origin":[8.5,32.5,6.5]},"faces":{"north":{"uv":[3,10,3.997,10.998],"texture":"#5"},"east":{"uv":[3,10,3.997,10.998],"texture":"#5"},"south":{"uv":[3,10,3.997,10.998],"texture":"#5"},"west":{"uv":[3,10,3.997,10.998],"texture":"#5"},"up":{"uv":[3,10,3.997,10.998],"texture":"#5"},"down":{"uv":[3,10,3.997,10.998],"texture":"#5"}}},{"from":[8.375,23.5,6.75],"to":[8.625,30.5,7.25],"rotation":{"angle":0,"axis":"x","origin":[8.5,25,7]},"faces":{"north":{"uv":[3,10,3.998,15.996],"texture":"#5"},"east":{"uv":[3,10,3.998,15.996],"texture":"#5"},"south":{"uv":[3,10,3.998,15.996],"texture":"#5"},"west":{"uv":[3,10,3.998,15.996],"texture":"#5"},"up":{"uv":[3,10,3.998,10.996],"texture":"#5"},"down":{"uv":[3,10,3.998,15.996],"texture":"#5"}}},{"from":[8.375,23.5,6.5],"to":[8.625,30,6.75],"rotation":{"angle":0,"axis":"x","origin":[8.5,25.25,6.625]},"faces":{"north":{"uv":[9,10,9.998,15.996],"texture":"#5"},"east":{"uv":[9,10,9.998,15.996],"texture":"#5"},"south":{"uv":[9,10,9.998,15.996],"texture":"#5"},"west":{"uv":[9,10,9.998,15.996],"texture":"#5"},"up":{"uv":[9,10,9.998,10.996],"texture":"#5"},"down":{"uv":[9,10,9.998,15.996],"texture":"#5"}}},{"from":[8.375,24,6.25],"to":[8.625,29.5,6.5],"rotation":{"angle":0,"axis":"x","origin":[8.5,25.25,6.625]},"faces":{"north":{"uv":[9,9,9.998,14.996],"texture":"#5"},"east":{"uv":[9,9,9.998,14.996],"texture":"#5"},"south":{"uv":[9,9,9.998,14.996],"texture":"#5"},"west":{"uv":[9,9,9.998,14.996],"texture":"#5"},"up":{"uv":[9,9,9.998,14.996],"texture":"#5"},"down":{"uv":[9,9,9.998,14.996],"texture":"#5"}}},{"from":[8.375,23.5,8.25],"to":[8.625,30,8.5],"rotation":{"angle":0,"axis":"x","origin":[8.5,26.75,8.375]},"faces":{"north":{"uv":[0,10,0.998,15.996],"texture":"#5"},"east":{"uv":[0,10,0.998,15.996],"texture":"#5"},"south":{"uv":[0,10,0.998,15.996],"texture":"#5"},"west":{"uv":[0,10,0.998,15.996],"texture":"#5"},"up":{"uv":[0,10,0.998,10.996],"texture":"#5"},"down":{"uv":[0,10,0.998,15.996],"texture":"#5"}}},{"from":[8.375,24,8.5],"to":[8.625,29.5,8.75],"rotation":{"angle":0,"axis":"x","origin":[8.5,27.75,8.375]},"faces":{"north":{"uv":[0,9,0.998,14.996],"texture":"#5"},"east":{"uv":[0,9,0.998,14.996],"texture":"#5"},"south":{"uv":[0,9,0.998,14.996],"texture":"#5"},"west":{"uv":[0,9,0.998,14.996],"texture":"#5"},"up":{"uv":[0,9,0.998,14.996],"texture":"#5"},"down":{"uv":[0,9,0.998,14.996],"texture":"#5"}}}],"display":{"thirdperson_righthand":{"translation":[-1,6.5,1.5],"scale":[1.2,1.2,1.2]},"thirdperson_lefthand":{"translation":[0,6.5,1.5],"scale":[1.2,1.2,1.2]},"firstperson_righthand":{"rotation":[-5,0,0],"translation":[3.5,-3,-0.75],"scale":[1.2,1.2,1.2]},"firstperson_lefthand":{"rotation":[-5,0,0],"translation":[3.5,-3,-0.75],"scale":[1.2,1.2,1.2]},"ground":{"translation":[0,24,0],"scale":[1.2,1.2,1.2]},"gui":{"rotation":[-45,-41,-62],"translation":[1.25,3.5,0]},"head":{"rotation":[-80,0,0],"translation":[-0.5,4.25,-26.75],"scale":[1.2,-1.2,1.2]},"fixed":{"rotation":[0,90,0],"translation":[1,4.75,-0.5],"scale":[1.2,1.2,1.2]}}}