{"credit":"Made with Blockbench","textures":{"2":"spartanweaponry:costum/texturedasteaxess","3":"spartanweaponry:costum/raddadste","4":"spartanweaponry:costum/halberd_lead","particle":"spartanweaponry:costum/texturedasteaxess"},"elements":[{"from":[8,-15,7],"to":[9,-1.5,8],"rotation":{"angle":0,"axis":"y","origin":[8.5,-13.75,7.5]},"faces":{"north":{"uv":[0,0,16,16],"texture":"#3"},"east":{"uv":[0,0,16,16],"texture":"#3"},"south":{"uv":[0,0,16,16],"texture":"#3"},"west":{"uv":[0,0,16,16],"texture":"#3"},"up":{"uv":[0,0,16,16],"texture":"#3"},"down":{"uv":[0,0,16,16],"texture":"#3"}}},{"from":[8,3,7],"to":[9,23.5,8],"rotation":{"angle":0,"axis":"y","origin":[8.5,21.75,7.5]},"faces":{"north":{"uv":[0,0,16,16],"texture":"#3"},"east":{"uv":[0,0,16,16],"texture":"#3"},"south":{"uv":[0,0,16,16],"texture":"#3"},"west":{"uv":[0,0,16,16],"texture":"#3"},"up":{"uv":[0,0,16,16],"texture":"#3"},"down":{"uv":[0,0,16,16],"texture":"#3"}}},{"from":[7.8,23,7.25],"to":[9.2,23.5,7.75],"rotation":{"angle":45,"axis":"x","origin":[8.5,23.25,7.5]},"faces":{"north":{"uv":[10.6,1.1,10.9,2.9],"texture":"#4"},"east":{"uv":[10.6,1.1,10.9,2.9],"texture":"#4"},"south":{"uv":[10.6,1.1,10.9,2.9],"texture":"#4"},"west":{"uv":[10.6,1.1,10.9,2.9],"texture":"#4"},"up":{"uv":[10.6,1.1,10.9,1.4],"texture":"#4"},"down":{"uv":[10.6,2.6,10.9,2.9],"texture":"#4"}}},{"from":[7.8,22,7.25],"to":[9.2,22.5,7.75],"rotation":{"angle":45,"axis":"x","origin":[8.5,22.25,7.5]},"faces":{"north":{"uv":[10.6,1.1,10.9,2.9],"texture":"#4"},"east":{"uv":[10.6,1.1,10.9,2.9],"texture":"#4"},"south":{"uv":[10.6,1.1,10.9,2.9],"texture":"#4"},"west":{"uv":[10.6,1.1,10.9,2.9],"texture":"#4"},"up":{"uv":[10.6,1.1,10.9,1.4],"texture":"#4"},"down":{"uv":[10.6,2.6,10.9,2.9],"texture":"#4"}}},{"from":[7.9,20,7.25],"to":[9.1,20.5,7.75],"rotation":{"angle":45,"axis":"x","origin":[8.5,20.25,7.5]},"faces":{"north":{"uv":[10.6,1.1,10.9,2.9],"texture":"#4"},"east":{"uv":[10.6,1.1,10.9,2.9],"texture":"#4"},"south":{"uv":[10.6,1.1,10.9,2.9],"texture":"#4"},"west":{"uv":[10.6,1.1,10.9,2.9],"texture":"#4"},"up":{"uv":[10.6,1.1,10.9,1.4],"texture":"#4"},"down":{"uv":[10.6,2.6,10.9,2.9],"texture":"#4"}}},{"from":[7.9,19,7.25],"to":[9.1,19.5,7.75],"rotation":{"angle":45,"axis":"x","origin":[8.5,19.25,7.5]},"faces":{"north":{"uv":[10.6,1.1,10.9,2.9],"texture":"#4"},"east":{"uv":[10.6,1.1,10.9,2.9],"texture":"#4"},"south":{"uv":[10.6,1.1,10.9,2.9],"texture":"#4"},"west":{"uv":[10.6,1.1,10.9,2.9],"texture":"#4"},"up":{"uv":[10.6,1.1,10.9,1.4],"texture":"#4"},"down":{"uv":[10.6,2.6,10.9,2.9],"texture":"#4"}}},{"from":[7.9,18,7.25],"to":[9.1,18.5,7.75],"rotation":{"angle":45,"axis":"x","origin":[8.5,18.25,7.5]},"faces":{"north":{"uv":[10.6,1.1,10.9,2.9],"texture":"#4"},"east":{"uv":[10.6,1.1,10.9,2.9],"texture":"#4"},"south":{"uv":[10.6,1.1,10.9,2.9],"texture":"#4"},"west":{"uv":[10.6,1.1,10.9,2.9],"texture":"#4"},"up":{"uv":[10.6,1.1,10.9,1.4],"texture":"#4"},"down":{"uv":[10.6,2.6,10.9,2.9],"texture":"#4"}}},{"from":[7.9,17,7.25],"to":[9.1,17.5,7.75],"rotation":{"angle":45,"axis":"x","origin":[8.5,17.25,7.5]},"faces":{"north":{"uv":[10.6,1.1,10.9,2.9],"texture":"#4"},"east":{"uv":[10.6,1.1,10.9,2.9],"texture":"#4"},"south":{"uv":[10.6,1.1,10.9,2.9],"texture":"#4"},"west":{"uv":[10.6,1.1,10.9,2.9],"texture":"#4"},"up":{"uv":[10.6,1.1,10.9,1.4],"texture":"#4"},"down":{"uv":[10.6,2.6,10.9,2.9],"texture":"#4"}}},{"from":[7.9,16,7.25],"to":[9.1,16.5,7.75],"rotation":{"angle":45,"axis":"x","origin":[8.5,16.25,7.5]},"faces":{"north":{"uv":[10.6,1.1,10.9,2.9],"texture":"#4"},"east":{"uv":[10.6,1.1,10.9,2.9],"texture":"#4"},"south":{"uv":[10.6,1.1,10.9,2.9],"texture":"#4"},"west":{"uv":[10.6,1.1,10.9,2.9],"texture":"#4"},"up":{"uv":[10.6,1.1,10.9,1.4],"texture":"#4"},"down":{"uv":[10.6,2.6,10.9,2.9],"texture":"#4"}}},{"from":[7.9,15,7.25],"to":[9.1,15.5,7.75],"rotation":{"angle":45,"axis":"x","origin":[8.5,15.25,7.5]},"faces":{"north":{"uv":[10.6,1.1,10.9,2.9],"texture":"#4"},"east":{"uv":[10.6,1.1,10.9,2.9],"texture":"#4"},"south":{"uv":[10.6,1.1,10.9,2.9],"texture":"#4"},"west":{"uv":[10.6,1.1,10.9,2.9],"texture":"#4"},"up":{"uv":[10.6,1.1,10.9,1.4],"texture":"#4"},"down":{"uv":[10.6,2.6,10.9,2.9],"texture":"#4"}}},{"from":[7.9,14,7.25],"to":[9.1,14.5,7.75],"rotation":{"angle":45,"axis":"x","origin":[8.5,14.25,7.5]},"faces":{"north":{"uv":[10.6,1.1,10.9,2.9],"texture":"#4"},"east":{"uv":[10.6,1.1,10.9,2.9],"texture":"#4"},"south":{"uv":[10.6,1.1,10.9,2.9],"texture":"#4"},"west":{"uv":[10.6,1.1,10.9,2.9],"texture":"#4"},"up":{"uv":[10.6,1.1,10.9,1.4],"texture":"#4"},"down":{"uv":[10.6,2.6,10.9,2.9],"texture":"#4"}}},{"from":[7.9,13,7.25],"to":[9.1,13.5,7.75],"rotation":{"angle":45,"axis":"x","origin":[8.5,13.25,7.5]},"faces":{"north":{"uv":[10.6,1.1,10.9,2.9],"texture":"#4"},"east":{"uv":[10.6,1.1,10.9,2.9],"texture":"#4"},"south":{"uv":[10.6,1.1,10.9,2.9],"texture":"#4"},"west":{"uv":[10.6,1.1,10.9,2.9],"texture":"#4"},"up":{"uv":[10.6,1.1,10.9,1.4],"texture":"#4"},"down":{"uv":[10.6,2.6,10.9,2.9],"texture":"#4"}}},{"from":[7.9,12,7.25],"to":[9.1,12.5,7.75],"rotation":{"angle":45,"axis":"x","origin":[8.5,12.25,7.5]},"faces":{"north":{"uv":[10.6,1.1,10.9,2.9],"texture":"#4"},"east":{"uv":[10.6,1.1,10.9,2.9],"texture":"#4"},"south":{"uv":[10.6,1.1,10.9,2.9],"texture":"#4"},"west":{"uv":[10.6,1.1,10.9,2.9],"texture":"#4"},"up":{"uv":[10.6,1.1,10.9,1.4],"texture":"#4"},"down":{"uv":[10.6,2.6,10.9,2.9],"texture":"#4"}}},{"from":[7.9,11,7.25],"to":[9.1,11.5,7.75],"rotation":{"angle":45,"axis":"x","origin":[8.5,11.25,7.5]},"faces":{"north":{"uv":[10.6,1.1,10.9,2.9],"texture":"#4"},"east":{"uv":[10.6,1.1,10.9,2.9],"texture":"#4"},"south":{"uv":[10.6,1.1,10.9,2.9],"texture":"#4"},"west":{"uv":[10.6,1.1,10.9,2.9],"texture":"#4"},"up":{"uv":[10.6,1.1,10.9,1.4],"texture":"#4"},"down":{"uv":[10.6,2.6,10.9,2.9],"texture":"#4"}}},{"from":[7.9,10,7.25],"to":[9.1,10.5,7.75],"rotation":{"angle":45,"axis":"x","origin":[8.5,10.25,7.5]},"faces":{"north":{"uv":[10.6,1.1,10.9,2.9],"texture":"#4"},"east":{"uv":[10.6,1.1,10.9,2.9],"texture":"#4"},"south":{"uv":[10.6,1.1,10.9,2.9],"texture":"#4"},"west":{"uv":[10.6,1.1,10.9,2.9],"texture":"#4"},"up":{"uv":[10.6,1.1,10.9,1.4],"texture":"#4"},"down":{"uv":[10.6,2.6,10.9,2.9],"texture":"#4"}}},{"from":[7.9,-8,7.25],"to":[9.1,-7.5,7.75],"rotation":{"angle":45,"axis":"x","origin":[8.5,-7.75,7.5]},"faces":{"north":{"uv":[10.6,1.1,10.9,2.9],"texture":"#4"},"east":{"uv":[10.6,1.1,10.9,2.9],"texture":"#4"},"south":{"uv":[10.6,1.1,10.9,2.9],"texture":"#4"},"west":{"uv":[10.6,1.1,10.9,2.9],"texture":"#4"},"up":{"uv":[10.6,1.1,10.9,1.4],"texture":"#4"},"down":{"uv":[10.6,2.6,10.9,2.9],"texture":"#4"}}},{"from":[7.9,-14,7.25],"to":[9.1,-13.5,7.75],"rotation":{"angle":45,"axis":"x","origin":[8.5,-13.75,7.5]},"faces":{"north":{"uv":[10.6,1.1,10.9,2.9],"texture":"#4"},"east":{"uv":[10.6,1.1,10.9,2.9],"texture":"#4"},"south":{"uv":[10.6,1.1,10.9,2.9],"texture":"#4"},"west":{"uv":[10.6,1.1,10.9,2.9],"texture":"#4"},"up":{"uv":[10.6,1.1,10.9,1.4],"texture":"#4"},"down":{"uv":[10.6,2.6,10.9,2.9],"texture":"#4"}}},{"from":[7.9,-13,7.25],"to":[9.1,-12.5,7.75],"rotation":{"angle":45,"axis":"x","origin":[8.5,-12.75,7.5]},"faces":{"north":{"uv":[10.6,1.1,10.9,2.9],"texture":"#4"},"east":{"uv":[10.6,1.1,10.9,2.9],"texture":"#4"},"south":{"uv":[10.6,1.1,10.9,2.9],"texture":"#4"},"west":{"uv":[10.6,1.1,10.9,2.9],"texture":"#4"},"up":{"uv":[10.6,1.1,10.9,1.4],"texture":"#4"},"down":{"uv":[10.6,2.6,10.9,2.9],"texture":"#4"}}},{"from":[7.9,-12,7.25],"to":[9.1,-11.5,7.75],"rotation":{"angle":45,"axis":"x","origin":[8.5,-11.75,7.5]},"faces":{"north":{"uv":[10.6,1.1,10.9,2.9],"texture":"#4"},"east":{"uv":[10.6,1.1,10.9,2.9],"texture":"#4"},"south":{"uv":[10.6,1.1,10.9,2.9],"texture":"#4"},"west":{"uv":[10.6,1.1,10.9,2.9],"texture":"#4"},"up":{"uv":[10.6,1.1,10.9,1.4],"texture":"#4"},"down":{"uv":[10.6,2.6,10.9,2.9],"texture":"#4"}}},{"from":[7.9,-11,7.25],"to":[9.1,-10.5,7.75],"rotation":{"angle":45,"axis":"x","origin":[8.5,-10.75,7.5]},"faces":{"north":{"uv":[10.6,1.1,10.9,2.9],"texture":"#4"},"east":{"uv":[10.6,1.1,10.9,2.9],"texture":"#4"},"south":{"uv":[10.6,1.1,10.9,2.9],"texture":"#4"},"west":{"uv":[10.6,1.1,10.9,2.9],"texture":"#4"},"up":{"uv":[10.6,1.1,10.9,1.4],"texture":"#4"},"down":{"uv":[10.6,2.6,10.9,2.9],"texture":"#4"}}},{"from":[7.9,-10,7.25],"to":[9.1,-9.5,7.75],"rotation":{"angle":45,"axis":"x","origin":[8.5,-9.75,7.5]},"faces":{"north":{"uv":[10.6,1.1,10.9,2.9],"texture":"#4"},"east":{"uv":[10.6,1.1,10.9,2.9],"texture":"#4"},"south":{"uv":[10.6,1.1,10.9,2.9],"texture":"#4"},"west":{"uv":[10.6,1.1,10.9,2.9],"texture":"#4"},"up":{"uv":[10.6,1.1,10.9,1.4],"texture":"#4"},"down":{"uv":[10.6,2.6,10.9,2.9],"texture":"#4"}}},{"from":[7.9,-9,7.25],"to":[9.1,-8.5,7.75],"rotation":{"angle":45,"axis":"x","origin":[8.5,-8.75,7.5]},"faces":{"north":{"uv":[10.6,1.1,10.9,2.9],"texture":"#4"},"east":{"uv":[10.6,1.1,10.9,2.9],"texture":"#4"},"south":{"uv":[10.6,1.1,10.9,2.9],"texture":"#4"},"west":{"uv":[10.6,1.1,10.9,2.9],"texture":"#4"},"up":{"uv":[10.6,1.1,10.9,1.4],"texture":"#4"},"down":{"uv":[10.6,2.6,10.9,2.9],"texture":"#4"}}},{"from":[7.9,21.4,6.9],"to":[9.1,24.1,8.1],"rotation":{"angle":0,"axis":"y","origin":[8.5,23.25,7.5]},"faces":{"north":{"uv":[7,7,11,12.999],"texture":"#3"},"east":{"uv":[7,7,11,12.999],"texture":"#3"},"south":{"uv":[7,7,11,12.999],"texture":"#3"},"west":{"uv":[7,7,11,12.999],"texture":"#3"},"up":{"uv":[7,7,11,12.999],"texture":"#3"},"down":{"uv":[7,7,11,12.999],"texture":"#3"}}},{"from":[7.95,21.05,6.95],"to":[9.05,23.65,8.05],"rotation":{"angle":0,"axis":"y","origin":[8.5,22.35,7.5]},"faces":{"north":{"uv":[7,7,11,12.999],"texture":"#3"},"east":{"uv":[7,7,11,12.999],"texture":"#3"},"south":{"uv":[7,7,11,12.999],"texture":"#3"},"west":{"uv":[7,7,11,12.999],"texture":"#3"},"up":{"uv":[7,7,11,12.999],"texture":"#3"},"down":{"uv":[7,7,11,12.999],"texture":"#3"}}},{"from":[7.8,-15.7,6.8],"to":[9.2,-14.8,8.2],"rotation":{"angle":0,"axis":"y","origin":[8.5,-15.25,7.5]},"faces":{"north":{"uv":[10.6,1.1,10.9,2.9],"texture":"#4"},"east":{"uv":[10.6,1.1,10.9,2.9],"texture":"#4"},"south":{"uv":[10.6,1.1,10.9,2.9],"texture":"#4"},"west":{"uv":[10.6,1.1,10.9,2.9],"texture":"#4"},"up":{"uv":[10.6,1.1,10.9,1.4],"texture":"#4"},"down":{"uv":[10.6,2.6,10.9,2.9],"texture":"#4"}}},{"from":[8.075,-1.925,7.075],"to":[8.925,3.925,7.925],"rotation":{"angle":0,"axis":"y","origin":[8.5,1,7.5]},"faces":{"north":{"uv":[0,0,16,16],"texture":"#2"},"east":{"uv":[0,0,16,16],"texture":"#2"},"south":{"uv":[0,0,16,16],"texture":"#2"},"west":{"uv":[0,0,16,16],"texture":"#2"},"up":{"uv":[0,0,16,16],"texture":"#2"},"down":{"uv":[0,0,16,16],"texture":"#2"}}},{"from":[7.96,-15.5,6.96],"to":[9.04,-14.92,8.04],"rotation":{"angle":0,"axis":"y","origin":[8.5,-15.21,7.5]},"faces":{"north":{"uv":[10.6,1.1,10.9,2.9],"texture":"#4"},"east":{"uv":[10.6,1.1,10.9,2.9],"texture":"#4"},"south":{"uv":[10.6,1.1,10.9,2.9],"texture":"#4"},"west":{"uv":[10.6,1.1,10.9,2.9],"texture":"#4"},"up":{"uv":[10.6,1.1,10.9,1.4],"texture":"#4"},"down":{"uv":[10.6,2.6,10.9,2.9],"texture":"#4"}}},{"from":[7.96,3,6.96],"to":[9.04,3.58,8.04],"rotation":{"angle":0,"axis":"y","origin":[8.5,2.79,7.5]},"faces":{"north":{"uv":[0,0,16,16],"texture":"#3"},"east":{"uv":[0,0,16,16],"texture":"#3"},"south":{"uv":[0,0,16,16],"texture":"#3"},"west":{"uv":[0,0,16,16],"texture":"#3"},"up":{"uv":[0,0,16,16],"texture":"#3"},"down":{"uv":[0,0,16,16],"texture":"#3"}}},{"from":[7.96,-2,6.96],"to":[9.04,-1.42,8.04],"rotation":{"angle":0,"axis":"y","origin":[8.5,-1.21,7.5]},"faces":{"north":{"uv":[0,0,16,16],"texture":"#3"},"east":{"uv":[0,0,16,16],"texture":"#3"},"south":{"uv":[0,0,16,16],"texture":"#3"},"west":{"uv":[0,0,16,16],"texture":"#3"},"up":{"uv":[0,0,16,16],"texture":"#3"},"down":{"uv":[0,0,16,16],"texture":"#3"}}},{"from":[8.375,30.5,7.25],"to":[8.625,31.5,7.75],"rotation":{"angle":0,"axis":"x","origin":[8.5,28.5,7.5]},"faces":{"north":{"uv":[10.6,1.1,10.9,1.4],"texture":"#4"},"east":{"uv":[10.6,1.1,10.9,1.4],"texture":"#4"},"south":{"uv":[10.6,1.1,10.9,1.4],"texture":"#4"},"west":{"uv":[10.6,1.1,10.9,1.4],"texture":"#4"},"up":{"uv":[10.6,1.1,10.9,1.4],"texture":"#4"},"down":{"uv":[10.6,1.1,10.9,1.4],"texture":"#4"}}},{"from":[8.25,23.5,7.25],"to":[8.75,30.5,7.75],"rotation":{"angle":0,"axis":"x","origin":[8.5,25,7.5]},"faces":{"north":{"uv":[10.6,1.1,10.9,2.9],"texture":"#4"},"east":{"uv":[10.6,1.1,10.9,2.9],"texture":"#4"},"south":{"uv":[10.6,1.1,10.9,2.9],"texture":"#4"},"west":{"uv":[10.6,1.1,10.9,2.9],"texture":"#4"},"up":{"uv":[10.6,1.1,10.9,1.4],"texture":"#4"},"down":{"uv":[10.6,2.6,10.9,2.9],"texture":"#4"}}},{"from":[8.325,23.25,6.625],"to":[8.675,23.5,8.375],"rotation":{"angle":0,"axis":"x","origin":[8.5,23.25,7.5]},"faces":{"north":{"uv":[10.6,2.6,10.9,2.9],"texture":"#4"},"east":{"uv":[10.6,2.6,10.9,2.9],"texture":"#4"},"south":{"uv":[10.6,2.6,10.9,2.9],"texture":"#4"},"west":{"uv":[10.6,2.6,10.9,2.9],"texture":"#4"},"up":{"uv":[10.6,2.6,10.9,2.9],"texture":"#4"},"down":{"uv":[10.6,2.6,10.9,2.9],"texture":"#4"}}},{"from":[8.25,23,6.75],"to":[8.75,23.25,8.25],"rotation":{"angle":0,"axis":"x","origin":[8.5,23.25,7.5]},"faces":{"north":{"uv":[10.6,2.6,10.9,2.9],"texture":"#4"},"east":{"uv":[10.6,2.6,10.9,2.9],"texture":"#4"},"south":{"uv":[10.6,2.6,10.9,2.9],"texture":"#4"},"west":{"uv":[10.6,2.6,10.9,2.9],"texture":"#4"},"up":{"uv":[10.6,2.6,10.9,2.9],"texture":"#4"},"down":{"uv":[10.6,2.6,10.9,2.9],"texture":"#4"}}},{"from":[8.375,23.5,7.75],"to":[8.625,30.5,8.25],"rotation":{"angle":0,"axis":"x","origin":[8.5,25.5,7.5]},"faces":{"north":{"uv":[10.6,1.1,10.9,2.9],"texture":"#4"},"east":{"uv":[10.6,1.1,10.9,2.9],"texture":"#4"},"south":{"uv":[10.6,1.1,10.9,2.9],"texture":"#4"},"west":{"uv":[10.6,1.1,10.9,2.9],"texture":"#4"},"up":{"uv":[10.6,1.1,10.9,1.4],"texture":"#4"},"down":{"uv":[10.6,2.6,10.9,2.9],"texture":"#4"}}},{"from":[8.375,30.5,7.75],"to":[8.625,31,8],"rotation":{"angle":0,"axis":"x","origin":[8.5,32.5,7.5]},"faces":{"north":{"uv":[10.6,1.1,10.9,1.4],"texture":"#4"},"east":{"uv":[10.6,1.1,10.9,1.4],"texture":"#4"},"south":{"uv":[10.6,1.1,10.9,1.4],"texture":"#4"},"west":{"uv":[10.6,1.1,10.9,1.4],"texture":"#4"},"up":{"uv":[10.6,1.1,10.9,1.4],"texture":"#4"},"down":{"uv":[10.6,1.1,10.9,1.4],"texture":"#4"}}},{"from":[8.375,30.5,7],"to":[8.625,31,7.25],"rotation":{"angle":0,"axis":"x","origin":[8.5,32.5,6.5]},"faces":{"north":{"uv":[10.6,1.1,10.9,1.4],"texture":"#4"},"east":{"uv":[10.6,1.1,10.9,1.4],"texture":"#4"},"south":{"uv":[10.6,1.1,10.9,1.4],"texture":"#4"},"west":{"uv":[10.6,1.1,10.9,1.4],"texture":"#4"},"up":{"uv":[10.6,1.1,10.9,1.4],"texture":"#4"},"down":{"uv":[10.6,1.1,10.9,1.4],"texture":"#4"}}},{"from":[8.375,23.5,6.75],"to":[8.625,30.5,7.25],"rotation":{"angle":0,"axis":"x","origin":[8.5,25,7]},"faces":{"north":{"uv":[10.6,1.1,10.9,2.9],"texture":"#4"},"east":{"uv":[10.6,1.1,10.9,2.9],"texture":"#4"},"south":{"uv":[10.6,1.1,10.9,2.9],"texture":"#4"},"west":{"uv":[10.6,1.1,10.9,2.9],"texture":"#4"},"up":{"uv":[10.6,1.1,10.9,1.4],"texture":"#4"},"down":{"uv":[10.6,2.6,10.9,2.9],"texture":"#4"}}},{"from":[8.375,23.5,6.5],"to":[8.625,30,6.75],"rotation":{"angle":0,"axis":"x","origin":[8.5,25.25,6.625]},"faces":{"north":{"uv":[10.6,1.1,10.9,2.9],"texture":"#4"},"east":{"uv":[10.6,1.1,10.9,2.9],"texture":"#4"},"south":{"uv":[10.6,1.1,10.9,2.9],"texture":"#4"},"west":{"uv":[10.6,1.1,10.9,2.9],"texture":"#4"},"up":{"uv":[10.6,1.1,10.9,1.4],"texture":"#4"},"down":{"uv":[10.6,2.6,10.9,2.9],"texture":"#4"}}},{"from":[8.375,23.5,8.25],"to":[8.625,30,8.5],"rotation":{"angle":0,"axis":"x","origin":[8.5,25.25,8.375]},"faces":{"north":{"uv":[10.6,1.1,10.9,2.9],"texture":"#4"},"east":{"uv":[10.6,1.1,10.9,2.9],"texture":"#4"},"south":{"uv":[10.6,1.1,10.9,2.9],"texture":"#4"},"west":{"uv":[10.6,1.1,10.9,2.9],"texture":"#4"},"up":{"uv":[10.6,1.1,10.9,1.4],"texture":"#4"},"down":{"uv":[10.6,2.6,10.9,2.9],"texture":"#4"}}}],"display":{"thirdperson_righthand":{"translation":[-1,6.5,1.5],"scale":[1.2,1.2,1.2]},"thirdperson_lefthand":{"translation":[0,6.5,1.5],"scale":[1.2,1.2,1.2]},"firstperson_righthand":{"rotation":[-5,0,0],"translation":[3.5,-3,-0.75],"scale":[1.2,1.2,1.2]},"firstperson_lefthand":{"rotation":[-5,0,0],"translation":[3.5,-3,-0.75],"scale":[1.2,1.2,1.2]},"ground":{"translation":[0,24,0],"scale":[1.2,1.2,1.2]},"gui":{"rotation":[-45,-41,-62],"translation":[1.25,3.5,0]},"head":{"rotation":[-80,0,0],"translation":[-0.5,4.25,-26.75],"scale":[1.2,-1.2,1.2]},"fixed":{"rotation":[0,90,0],"translation":[1,4.75,-0.5],"scale":[1.2,1.2,1.2]}}}