{"credit":"Made with Blockbench","textures":{"2":"spartanweaponry:costum/texturedasteaxess","3":"spartanweaponry:costum/raddadste","4":"spartanweaponry:costum/glaive_copper","particle":"spartanweaponry:costum/texturedasteaxess"},"elements":[{"from":[8,-13,7],"to":[9,-1.5,8],"rotation":{"angle":0,"axis":"y","origin":[8.5,-11.75,7.5]},"faces":{"north":{"uv":[0,0,16,16],"texture":"#3"},"east":{"uv":[0,0,16,16],"texture":"#3"},"south":{"uv":[0,0,16,16],"texture":"#3"},"west":{"uv":[0,0,16,16],"texture":"#3"},"up":{"uv":[0,0,16,16],"texture":"#3"},"down":{"uv":[0,0,16,16],"texture":"#3"}}},{"from":[8,3,7],"to":[9,15,8],"rotation":{"angle":0,"axis":"y","origin":[8.5,15.75,7.5]},"faces":{"north":{"uv":[0,0,16,16],"texture":"#3"},"east":{"uv":[0,0,16,16],"texture":"#3"},"south":{"uv":[0,0,16,16],"texture":"#3"},"west":{"uv":[0,0,16,16],"texture":"#3"},"up":{"uv":[0,0,16,16],"texture":"#3"},"down":{"uv":[0,0,16,16],"texture":"#3"}}},{"from":[7.9,12,7.25],"to":[9.1,12.5,7.75],"rotation":{"angle":45,"axis":"x","origin":[8.5,12.25,7.5]},"faces":{"north":{"uv":[14.1,1.6,14.4,1.9],"texture":"#4"},"east":{"uv":[14.1,1.6,14.4,1.9],"texture":"#4"},"south":{"uv":[14.1,1.6,14.4,1.9],"texture":"#4"},"west":{"uv":[14.1,1.6,14.4,1.9],"texture":"#4"},"up":{"uv":[14.1,1.6,14.4,1.9],"texture":"#4"},"down":{"uv":[14.1,1.6,14.4,1.9],"texture":"#4"}}},{"from":[7.9,6,7.25],"to":[9.1,6.5,7.75],"rotation":{"angle":45,"axis":"x","origin":[8.5,6.25,7.5]},"faces":{"north":{"uv":[14.1,1.6,14.4,1.9],"texture":"#4"},"east":{"uv":[14.1,1.6,14.4,1.9],"texture":"#4"},"south":{"uv":[14.1,1.6,14.4,1.9],"texture":"#4"},"west":{"uv":[14.1,1.6,14.4,1.9],"texture":"#4"},"up":{"uv":[14.1,1.6,14.4,1.9],"texture":"#4"},"down":{"uv":[14.1,1.6,14.4,1.9],"texture":"#4"}}},{"from":[7.9,5,7.25],"to":[9.1,5.5,7.75],"rotation":{"angle":45,"axis":"x","origin":[8.5,5.25,7.5]},"faces":{"north":{"uv":[14.1,1.6,14.4,1.9],"texture":"#4"},"east":{"uv":[14.1,1.6,14.4,1.9],"texture":"#4"},"south":{"uv":[14.1,1.6,14.4,1.9],"texture":"#4"},"west":{"uv":[14.1,1.6,14.4,1.9],"texture":"#4"},"up":{"uv":[14.1,1.6,14.4,1.9],"texture":"#4"},"down":{"uv":[14.1,1.6,14.4,1.9],"texture":"#4"}}},{"from":[7.9,9,7.25],"to":[9.1,9.5,7.75],"rotation":{"angle":45,"axis":"x","origin":[8.5,9.25,7.5]},"faces":{"north":{"uv":[14.1,1.6,14.4,1.9],"texture":"#4"},"east":{"uv":[14.1,1.6,14.4,1.9],"texture":"#4"},"south":{"uv":[14.1,1.6,14.4,1.9],"texture":"#4"},"west":{"uv":[14.1,1.6,14.4,1.9],"texture":"#4"},"up":{"uv":[14.1,1.6,14.4,1.9],"texture":"#4"},"down":{"uv":[14.1,1.6,14.4,1.9],"texture":"#4"}}},{"from":[7.9,8,7.25],"to":[9.1,8.5,7.75],"rotation":{"angle":45,"axis":"x","origin":[8.5,8.25,7.5]},"faces":{"north":{"uv":[14.1,1.6,14.4,1.9],"texture":"#4"},"east":{"uv":[14.1,1.6,14.4,1.9],"texture":"#4"},"south":{"uv":[14.1,1.6,14.4,1.9],"texture":"#4"},"west":{"uv":[14.1,1.6,14.4,1.9],"texture":"#4"},"up":{"uv":[14.1,1.6,14.4,1.9],"texture":"#4"},"down":{"uv":[14.1,1.6,14.4,1.9],"texture":"#4"}}},{"from":[7.9,7,7.25],"to":[9.1,7.5,7.75],"rotation":{"angle":45,"axis":"x","origin":[8.5,7.25,7.5]},"faces":{"north":{"uv":[14.1,1.6,14.4,1.9],"texture":"#4"},"east":{"uv":[14.1,1.6,14.4,1.9],"texture":"#4"},"south":{"uv":[14.1,1.6,14.4,1.9],"texture":"#4"},"west":{"uv":[14.1,1.6,14.4,1.9],"texture":"#4"},"up":{"uv":[14.1,1.6,14.4,1.9],"texture":"#4"},"down":{"uv":[14.1,1.6,14.4,1.9],"texture":"#4"}}},{"from":[7.9,13,7.25],"to":[9.1,13.5,7.75],"rotation":{"angle":45,"axis":"x","origin":[8.5,13.25,7.5]},"faces":{"north":{"uv":[14.1,1.6,14.4,1.9],"texture":"#4"},"east":{"uv":[14.1,1.6,14.4,1.9],"texture":"#4"},"south":{"uv":[14.1,1.6,14.4,1.9],"texture":"#4"},"west":{"uv":[14.1,1.6,14.4,1.9],"texture":"#4"},"up":{"uv":[14.1,1.6,14.4,1.9],"texture":"#4"},"down":{"uv":[14.1,1.6,14.4,1.9],"texture":"#4"}}},{"from":[7.9,9,7.25],"to":[9.1,9.5,7.75],"rotation":{"angle":45,"axis":"x","origin":[8.5,9.25,7.5]},"faces":{"north":{"uv":[14.1,1.6,14.4,1.9],"texture":"#4"},"east":{"uv":[14.1,1.6,14.4,1.9],"texture":"#4"},"south":{"uv":[14.1,1.6,14.4,1.9],"texture":"#4"},"west":{"uv":[14.1,1.6,14.4,1.9],"texture":"#4"},"up":{"uv":[14.1,1.6,14.4,1.9],"texture":"#4"},"down":{"uv":[14.1,1.6,14.4,1.9],"texture":"#4"}}},{"from":[7.9,-6,7.25],"to":[9.1,-5.5,7.75],"rotation":{"angle":45,"axis":"x","origin":[8.5,-5.75,7.5]},"faces":{"north":{"uv":[14.1,1.6,14.4,1.9],"texture":"#4"},"east":{"uv":[14.1,1.6,14.4,1.9],"texture":"#4"},"south":{"uv":[14.1,1.6,14.4,1.9],"texture":"#4"},"west":{"uv":[14.1,1.6,14.4,1.9],"texture":"#4"},"up":{"uv":[14.1,1.6,14.4,1.9],"texture":"#4"},"down":{"uv":[14.1,1.6,14.4,1.9],"texture":"#4"}}},{"from":[7.9,-11,7.25],"to":[9.1,-10.5,7.75],"rotation":{"angle":45,"axis":"x","origin":[8.5,-10.75,7.5]},"faces":{"north":{"uv":[14.1,1.6,14.4,1.9],"texture":"#4"},"east":{"uv":[14.1,1.6,14.4,1.9],"texture":"#4"},"south":{"uv":[14.1,1.6,14.4,1.9],"texture":"#4"},"west":{"uv":[14.1,1.6,14.4,1.9],"texture":"#4"},"up":{"uv":[14.1,1.6,14.4,1.9],"texture":"#4"},"down":{"uv":[14.1,1.6,14.4,1.9],"texture":"#4"}}},{"from":[7.9,-12,7.25],"to":[9.1,-11.5,7.75],"rotation":{"angle":45,"axis":"x","origin":[8.5,-11.75,7.5]},"faces":{"north":{"uv":[14.1,1.6,14.4,1.9],"texture":"#4"},"east":{"uv":[14.1,1.6,14.4,1.9],"texture":"#4"},"south":{"uv":[14.1,1.6,14.4,1.9],"texture":"#4"},"west":{"uv":[14.1,1.6,14.4,1.9],"texture":"#4"},"up":{"uv":[14.1,1.6,14.4,1.9],"texture":"#4"},"down":{"uv":[14.1,1.6,14.4,1.9],"texture":"#4"}}},{"from":[7.9,-5,7.25],"to":[9.1,-4.5,7.75],"rotation":{"angle":45,"axis":"x","origin":[8.5,-4.75,7.5]},"faces":{"north":{"uv":[14.1,1.6,14.4,1.9],"texture":"#4"},"east":{"uv":[14.1,1.6,14.4,1.9],"texture":"#4"},"south":{"uv":[14.1,1.6,14.4,1.9],"texture":"#4"},"west":{"uv":[14.1,1.6,14.4,1.9],"texture":"#4"},"up":{"uv":[14.1,1.6,14.4,1.9],"texture":"#4"},"down":{"uv":[14.1,1.6,14.4,1.9],"texture":"#4"}}},{"from":[7.9,-4,7.25],"to":[9.1,-3.5,7.75],"rotation":{"angle":45,"axis":"x","origin":[8.5,-3.75,7.5]},"faces":{"north":{"uv":[14.1,1.6,14.4,1.9],"texture":"#4"},"east":{"uv":[14.1,1.6,14.4,1.9],"texture":"#4"},"south":{"uv":[14.1,1.6,14.4,1.9],"texture":"#4"},"west":{"uv":[14.1,1.6,14.4,1.9],"texture":"#4"},"up":{"uv":[14.1,1.6,14.4,1.9],"texture":"#4"},"down":{"uv":[14.1,1.6,14.4,1.9],"texture":"#4"}}},{"from":[7.9,-8,7.25],"to":[9.1,-7.5,7.75],"rotation":{"angle":45,"axis":"x","origin":[8.5,-7.75,7.5]},"faces":{"north":{"uv":[14.1,1.6,14.4,1.9],"texture":"#4"},"east":{"uv":[14.1,1.6,14.4,1.9],"texture":"#4"},"south":{"uv":[14.1,1.6,14.4,1.9],"texture":"#4"},"west":{"uv":[14.1,1.6,14.4,1.9],"texture":"#4"},"up":{"uv":[14.1,1.6,14.4,1.9],"texture":"#4"},"down":{"uv":[14.1,1.6,14.4,1.9],"texture":"#4"}}},{"from":[7.9,-7,7.25],"to":[9.1,-6.5,7.75],"rotation":{"angle":45,"axis":"x","origin":[8.5,-6.75,7.5]},"faces":{"north":{"uv":[14.1,1.6,14.4,1.9],"texture":"#4"},"east":{"uv":[14.1,1.6,14.4,1.9],"texture":"#4"},"south":{"uv":[14.1,1.6,14.4,1.9],"texture":"#4"},"west":{"uv":[14.1,1.6,14.4,1.9],"texture":"#4"},"up":{"uv":[14.1,1.6,14.4,1.9],"texture":"#4"},"down":{"uv":[14.1,1.6,14.4,1.9],"texture":"#4"}}},{"from":[7.8,-13.7,6.8],"to":[9.2,-12.8,8.2],"rotation":{"angle":0,"axis":"y","origin":[8.5,-13.25,7.5]},"faces":{"north":{"uv":[14.1,1.6,14.4,1.9],"texture":"#4"},"east":{"uv":[14.1,1.6,14.4,1.9],"texture":"#4"},"south":{"uv":[14.1,1.6,14.4,1.9],"texture":"#4"},"west":{"uv":[14.1,1.6,14.4,1.9],"texture":"#4"},"up":{"uv":[14.1,1.6,14.4,1.9],"texture":"#4"},"down":{"uv":[14.1,1.6,14.4,1.9],"texture":"#4"}}},{"from":[7.8,14.3,6.8],"to":[9.2,15.2,8.2],"rotation":{"angle":0,"axis":"y","origin":[8.5,14.75,7.5]},"faces":{"north":{"uv":[14.1,1.6,14.4,1.9],"texture":"#4"},"east":{"uv":[14.1,1.6,14.4,1.9],"texture":"#4"},"south":{"uv":[14.1,1.6,14.4,1.9],"texture":"#4"},"west":{"uv":[14.1,1.6,14.4,1.9],"texture":"#4"},"up":{"uv":[14.1,1.6,14.4,1.9],"texture":"#4"},"down":{"uv":[14.1,1.6,14.4,1.9],"texture":"#4"}}},{"from":[7.95,10.45,6.95],"to":[9.05,11.05,8.05],"rotation":{"angle":0,"axis":"y","origin":[8.5,10.75,7.5]},"faces":{"north":{"uv":[14.1,1.6,14.4,1.9],"texture":"#4"},"east":{"uv":[14.1,1.6,14.4,1.9],"texture":"#4"},"south":{"uv":[14.1,1.6,14.4,1.9],"texture":"#4"},"west":{"uv":[14.1,1.6,14.4,1.9],"texture":"#4"},"up":{"uv":[14.1,1.6,14.4,1.9],"texture":"#4"},"down":{"uv":[14.1,1.6,14.4,1.9],"texture":"#4"}}},{"from":[7.95,-9.55,6.95],"to":[9.05,-8.95,8.05],"rotation":{"angle":0,"axis":"y","origin":[8.5,-9.25,7.5]},"faces":{"north":{"uv":[14.1,1.6,14.4,1.9],"texture":"#4"},"east":{"uv":[14.1,1.6,14.4,1.9],"texture":"#4"},"south":{"uv":[14.1,1.6,14.4,1.9],"texture":"#4"},"west":{"uv":[14.1,1.6,14.4,1.9],"texture":"#4"},"up":{"uv":[14.1,1.6,14.4,1.9],"texture":"#4"},"down":{"uv":[14.1,1.6,14.4,1.9],"texture":"#4"}}},{"from":[8.075,-1.925,7.075],"to":[8.925,3.925,7.925],"rotation":{"angle":0,"axis":"y","origin":[8.5,1,7.5]},"faces":{"north":{"uv":[0,0,16,16],"texture":"#2"},"east":{"uv":[0,0,16,16],"texture":"#2"},"south":{"uv":[0,0,16,16],"texture":"#2"},"west":{"uv":[0,0,16,16],"texture":"#2"},"up":{"uv":[0,0,16,16],"texture":"#2"},"down":{"uv":[0,0,16,16],"texture":"#2"}}},{"from":[7.96,3,6.96],"to":[9.04,3.58,8.04],"rotation":{"angle":0,"axis":"y","origin":[8.5,2.79,7.5]},"faces":{"north":{"uv":[0,0,16,16],"texture":"#3"},"east":{"uv":[0,0,16,16],"texture":"#3"},"south":{"uv":[0,0,16,16],"texture":"#3"},"west":{"uv":[0,0,16,16],"texture":"#3"},"up":{"uv":[0,0,16,16],"texture":"#3"},"down":{"uv":[0,0,16,16],"texture":"#3"}}},{"from":[7.96,-2,6.96],"to":[9.04,-1.42,8.04],"rotation":{"angle":0,"axis":"y","origin":[8.5,-1.21,7.5]},"faces":{"north":{"uv":[0,0,16,16],"texture":"#3"},"east":{"uv":[0,0,16,16],"texture":"#3"},"south":{"uv":[0,0,16,16],"texture":"#3"},"west":{"uv":[0,0,16,16],"texture":"#3"},"up":{"uv":[0,0,16,16],"texture":"#3"},"down":{"uv":[0,0,16,16],"texture":"#3"}}},{"from":[8.375,14.75,7],"to":[8.625,15.75,8],"rotation":{"angle":45,"axis":"x","origin":[8.5,15.25,7.5]},"faces":{"north":{"uv":[14.1,1.6,14.4,1.9],"texture":"#4"},"east":{"uv":[14.1,1.6,14.4,1.9],"texture":"#4"},"south":{"uv":[14.1,1.6,14.4,1.9],"texture":"#4"},"west":{"uv":[14.1,1.6,14.4,1.9],"texture":"#4"},"up":{"uv":[14.1,1.6,14.4,1.9],"texture":"#4"},"down":{"uv":[14.1,1.6,14.4,1.9],"texture":"#4"}}},{"from":[8.375,-14.25,7],"to":[8.625,-13.25,8],"rotation":{"angle":45,"axis":"x","origin":[8.5,-13.75,7.5]},"faces":{"north":{"uv":[14.1,1.6,14.4,1.9],"texture":"#4"},"east":{"uv":[14.1,1.6,14.4,1.9],"texture":"#4"},"south":{"uv":[14.1,1.6,14.4,1.9],"texture":"#4"},"west":{"uv":[14.1,1.6,14.4,1.9],"texture":"#4"},"up":{"uv":[14.1,1.6,14.4,1.9],"texture":"#4"},"down":{"uv":[14.1,1.6,14.4,1.9],"texture":"#4"}}}],"display":{"thirdperson_righthand":{"translation":[-1,6.75,1.5],"scale":[1.2,1.2,1.2]},"thirdperson_lefthand":{"translation":[0,6.75,1.5],"scale":[1.2,1.2,1.2]},"firstperson_righthand":{"rotation":[-5,0,0],"translation":[3.5,6.5,-0.75],"scale":[1.2,1.2,1.2]},"firstperson_lefthand":{"rotation":[-5,0,0],"translation":[3.5,6.5,-0.75],"scale":[1.2,1.2,1.2]},"ground":{"translation":[0,21.5,0],"scale":[1.2,1.2,1.2]},"gui":{"rotation":[-45,-41,-62],"translation":[4.5,6.25,0]},"head":{"rotation":[-80,0,0],"translation":[-0.25,8.75,-8.75],"scale":[1.2,-1.2,1.2]},"fixed":{"rotation":[0,90,0],"translation":[0.5,9,-0.5],"scale":[1.2,1.2,1.2]}}}