{"credit":"Made with Blockbench","textures":{"2":"spartanweaponry:costum/raddadste","3":"spartanweaponry:costum/planks_oak","particle":"spartanweaponry:costum/raddadste"},"elements":[{"from":[8.075,-1.925,7.075],"to":[8.925,3.925,7.925],"rotation":{"angle":0,"axis":"y","origin":[8.5,0.5,7.5]},"faces":{"north":{"uv":[0,0,16,16],"texture":"#2"},"east":{"uv":[0,0,16,16],"texture":"#2"},"south":{"uv":[0,0,16,16],"texture":"#2"},"west":{"uv":[0,0,16,16],"texture":"#2"},"up":{"uv":[0,0,16,16],"texture":"#2"},"down":{"uv":[0,0,16,16],"texture":"#2"}}},{"from":[7.98,-0.52,7.23],"to":[9.02,0.02,7.77],"rotation":{"angle":45,"axis":"x","origin":[8.5,-0.25,7.5]},"faces":{"north":{"uv":[8,8,9.998,9.749],"texture":"#3"},"east":{"uv":[8,8,9.998,9.749],"texture":"#3"},"south":{"uv":[8,8,9.998,9.749],"texture":"#3"},"west":{"uv":[8,8,9.998,9.749],"texture":"#3"},"up":{"uv":[8,8,9.998,9.749],"texture":"#3"},"down":{"uv":[8,8,9.998,9.749],"texture":"#3"}}},{"from":[7.98,0.48,7.23],"to":[9.02,1.02,7.77],"rotation":{"angle":45,"axis":"x","origin":[8.5,0.75,7.5]},"faces":{"north":{"uv":[8,8,9.998,9.749],"texture":"#3"},"east":{"uv":[8,8,9.998,9.749],"texture":"#3"},"south":{"uv":[8,8,9.998,9.749],"texture":"#3"},"west":{"uv":[8,8,9.998,9.749],"texture":"#3"},"up":{"uv":[8,8,9.998,9.749],"texture":"#3"},"down":{"uv":[8,8,9.998,9.749],"texture":"#3"}}},{"from":[7.98,2.48,7.23],"to":[9.02,3.02,7.77],"rotation":{"angle":45,"axis":"x","origin":[8.5,2.75,7.5]},"faces":{"north":{"uv":[8,8,9.998,9.749],"texture":"#3"},"east":{"uv":[8,8,9.998,9.749],"texture":"#3"},"south":{"uv":[8,8,9.998,9.749],"texture":"#3"},"west":{"uv":[8,8,9.998,9.749],"texture":"#3"},"up":{"uv":[8,8,9.998,9.749],"texture":"#3"},"down":{"uv":[8,8,9.998,9.749],"texture":"#3"}}},{"from":[7.98,1.48,7.23],"to":[9.02,2.02,7.77],"rotation":{"angle":45,"axis":"x","origin":[8.5,1.75,7.5]},"faces":{"north":{"uv":[8,8,9.998,9.749],"texture":"#3"},"east":{"uv":[8,8,9.998,9.749],"texture":"#3"},"south":{"uv":[8,8,9.998,9.749],"texture":"#3"},"west":{"uv":[8,8,9.998,9.749],"texture":"#3"},"up":{"uv":[8,8,9.998,9.749],"texture":"#3"},"down":{"uv":[8,8,9.998,9.749],"texture":"#3"}}},{"from":[7.98,-1.52,7.23],"to":[9.02,-0.98,7.77],"rotation":{"angle":45,"axis":"x","origin":[8.5,-1.25,7.5]},"faces":{"north":{"uv":[8,8,9.998,9.749],"texture":"#3"},"east":{"uv":[8,8,9.998,9.749],"texture":"#3"},"south":{"uv":[8,8,9.998,9.749],"texture":"#3"},"west":{"uv":[8,8,9.998,9.749],"texture":"#3"},"up":{"uv":[8,8,9.998,9.749],"texture":"#3"},"down":{"uv":[8,8,9.998,9.749],"texture":"#3"}}},{"from":[7.96,2.96,6.25],"to":[9.04,4.04,8.75],"rotation":{"angle":0,"axis":"y","origin":[8.5,3.5,7.5]},"faces":{"north":{"uv":[10,8,10.999,8.75],"texture":"#2"},"east":{"uv":[10,8,10.999,8.75],"texture":"#2"},"south":{"uv":[10,8,10.999,8.75],"texture":"#2"},"west":{"uv":[10,8,10.999,8.75],"texture":"#2"},"up":{"uv":[10,8,10.999,8.75],"texture":"#2"},"down":{"uv":[10,8,10.999,8.75],"texture":"#2"}}},{"from":[8.25,1.66194,6.34134],"to":[8.75,3.56194,6.84134],"rotation":{"angle":45,"axis":"x","origin":[8.5,2.81194,6.59134]},"faces":{"north":{"uv":[10,8,10.999,8.75],"rotation":270,"texture":"#2"},"east":{"uv":[10,8,10.999,8.75],"rotation":270,"texture":"#2"},"south":{"uv":[10,8,10.999,8.75],"rotation":270,"texture":"#2"},"west":{"uv":[10,8,10.999,8.75],"rotation":270,"texture":"#2"},"up":{"uv":[10,8,10.999,8.75],"rotation":270,"texture":"#2"},"down":{"uv":[10,8,10.999,8.75],"rotation":270,"texture":"#2"}}},{"from":[8.25,-1.28744,5.68744],"to":[8.75,-0.38744,6.18744],"rotation":{"angle":-22.5,"axis":"x","origin":[8.5,-0.78744,5.93744]},"faces":{"north":{"uv":[10,8,10.999,8.75],"rotation":90,"texture":"#2"},"east":{"uv":[10,8,10.999,8.75],"rotation":90,"texture":"#2"},"south":{"uv":[10,8,10.999,8.75],"rotation":90,"texture":"#2"},"west":{"uv":[10,8,10.999,8.75],"rotation":90,"texture":"#2"},"up":{"uv":[10,8,10.999,8.75],"rotation":90,"texture":"#2"},"down":{"uv":[10,8,10.999,8.75],"rotation":90,"texture":"#2"}}},{"from":[8.25,-0.6,5.55],"to":[8.75,2.1,6.05],"rotation":{"angle":0,"axis":"x","origin":[8.5,0.8,5.8]},"faces":{"north":{"uv":[10,8,10.999,8.75],"rotation":270,"texture":"#2"},"east":{"uv":[10,8,10.999,8.75],"rotation":270,"texture":"#2"},"south":{"uv":[10,8,10.999,8.75],"rotation":270,"texture":"#2"},"west":{"uv":[10,8,10.999,8.75],"rotation":270,"texture":"#2"},"up":{"uv":[10,8,10.999,8.75],"rotation":270,"texture":"#2"},"down":{"uv":[10,8,10.999,8.75],"rotation":270,"texture":"#2"}}},{"from":[7.96,-2.3,7],"to":[9.04,-1.7,8],"rotation":{"angle":0,"axis":"x","origin":[8.5,-2,7.5]},"faces":{"north":{"uv":[10,8,10.999,8.75],"texture":"#2"},"east":{"uv":[10,8,10.999,8.75],"texture":"#2"},"south":{"uv":[10,8,10.999,8.75],"texture":"#2"},"west":{"uv":[10,8,10.999,8.75],"texture":"#2"},"up":{"uv":[10,8,10.999,8.75],"texture":"#2"},"down":{"uv":[10,8,10.999,8.75],"texture":"#2"}}},{"from":[8.375,4,7.375],"to":[8.625,26.25,7.625],"rotation":{"angle":0,"axis":"y","origin":[8.5,15.125,7.5]},"faces":{"north":{"uv":[8,8,8.998,9.997],"texture":"#3"},"east":{"uv":[8,8,8.998,9.997],"texture":"#3"},"south":{"uv":[8,8,8.998,9.997],"texture":"#3"},"west":{"uv":[8,8,8.998,9.997],"texture":"#3"},"up":{"uv":[8,8,8.998,9],"texture":"#3"},"down":{"uv":[8,8,8.998,9.997],"texture":"#3"}}},{"from":[8.375,4,7.625],"to":[8.625,26,7.875],"rotation":{"angle":0,"axis":"y","origin":[8.5,14.75,7.75]},"faces":{"north":{"uv":[11.997,1,12.996,15.997],"texture":"#3"},"east":{"uv":[11.997,1,12.996,15.997],"texture":"#3"},"south":{"uv":[11.997,1,12.996,15.997],"texture":"#3"},"west":{"uv":[11.997,1,12.996,15.997],"texture":"#3"},"up":{"uv":[11.997,1,12.996,2],"texture":"#3"},"down":{"uv":[11.997,1,12.996,15.997],"texture":"#3"}}},{"from":[8.375,4,6.75],"to":[8.625,7.6,6.875],"rotation":{"angle":0,"axis":"y","origin":[8.5,5.3,6.8125]},"faces":{"north":{"uv":[8,9,8.998,11.997],"texture":"#3"},"east":{"uv":[8,9,8.998,11.997],"texture":"#3"},"south":{"uv":[8,9,8.998,11.997],"texture":"#3"},"west":{"uv":[8,9,8.998,11.997],"texture":"#3"},"up":{"uv":[8,9,8.998,10],"texture":"#3"},"down":{"uv":[8,9,8.998,11.997],"texture":"#3"}}},{"from":[8.375,4,6.625],"to":[8.625,6.6,6.75],"rotation":{"angle":0,"axis":"y","origin":[8.5,5.3,6.6875]},"faces":{"north":{"uv":[8,8,8.998,9.997],"texture":"#3"},"east":{"uv":[8,8,8.998,9.997],"texture":"#3"},"south":{"uv":[8,8,8.998,9.997],"texture":"#3"},"west":{"uv":[8,8,8.998,9.997],"texture":"#3"},"up":{"uv":[8,8,8.998,9],"texture":"#3"},"down":{"uv":[8,8,8.998,9.997],"texture":"#3"}}},{"from":[8.375,4,7.125],"to":[8.625,26,7.375],"rotation":{"angle":0,"axis":"y","origin":[8.5,15,7.25]},"faces":{"north":{"uv":[8,1,8.998,15.997],"texture":"#3"},"east":{"uv":[8,1,8.998,15.997],"texture":"#3"},"south":{"uv":[8,1,8.998,15.997],"texture":"#3"},"west":{"uv":[8,1,8.998,15.997],"texture":"#3"},"up":{"uv":[8,1,8.998,2],"texture":"#3"},"down":{"uv":[8,1,8.998,15.997],"texture":"#3"}}},{"from":[8.375,4,8.125],"to":[8.625,7.6,8.25],"rotation":{"angle":0,"axis":"y","origin":[8.5,5.3,8.1875]},"faces":{"north":{"uv":[8,9,8.998,11.997],"texture":"#3"},"east":{"uv":[8,9,8.998,11.997],"texture":"#3"},"south":{"uv":[8,9,8.998,11.997],"texture":"#3"},"west":{"uv":[8,9,8.998,11.997],"texture":"#3"},"up":{"uv":[8,9,8.998,10],"texture":"#3"},"down":{"uv":[8,9,8.998,11.997],"texture":"#3"}}},{"from":[8.375,4,8.25],"to":[8.625,6.6,8.375],"rotation":{"angle":0,"axis":"y","origin":[8.5,5.3,8.1875]},"faces":{"north":{"uv":[8,8,8.998,9.997],"texture":"#3"},"east":{"uv":[8,8,8.998,9.997],"texture":"#3"},"south":{"uv":[8,8,8.998,9.997],"texture":"#3"},"west":{"uv":[8,8,8.998,9.997],"texture":"#3"},"up":{"uv":[8,8,8.998,9],"texture":"#3"},"down":{"uv":[8,8,8.998,9.997],"texture":"#3"}}},{"from":[8.375,4,6.875],"to":[8.625,25.75,7.125],"rotation":{"angle":0,"axis":"y","origin":[8.5,14.875,7]},"faces":{"north":{"uv":[0,1,0.998,15.997],"texture":"#3"},"east":{"uv":[0,1,0.998,15.997],"texture":"#3"},"south":{"uv":[0,1,0.998,15.997],"texture":"#3"},"west":{"uv":[0,1,0.998,15.997],"texture":"#3"},"up":{"uv":[0,1,0.998,2],"texture":"#3"},"down":{"uv":[0,1,0.998,15.997],"texture":"#3"}}},{"from":[8.375,4,7.875],"to":[8.625,25.75,8.125],"rotation":{"angle":0,"axis":"y","origin":[8.5,15.875,8]},"faces":{"north":{"uv":[3.998,1,4.998,15.997],"texture":"#3"},"east":{"uv":[3.998,1,4.998,15.997],"texture":"#3"},"south":{"uv":[3.998,1,4.998,15.997],"texture":"#3"},"west":{"uv":[3.998,1,4.998,15.997],"texture":"#3"},"up":{"uv":[3.998,1,4.998,2],"texture":"#3"},"down":{"uv":[3.998,1,4.998,15.997],"texture":"#3"}}},{"from":[8.25,4,7.25],"to":[8.75,25.5,7.75],"rotation":{"angle":0,"axis":"y","origin":[8.5,14.75,7.5]},"faces":{"north":{"uv":[1.998,1,2.997,15.997],"texture":"#3"},"east":{"uv":[1.998,1,2.997,15.997],"texture":"#3"},"south":{"uv":[1.998,1,2.997,15.997],"texture":"#3"},"west":{"uv":[1.998,1,2.997,15.997],"texture":"#3"},"up":{"uv":[1.998,1,2.997,2],"texture":"#3"},"down":{"uv":[1.998,1,2.997,15.997],"texture":"#3"}}},{"from":[8.125,3.125,8.2],"to":[8.875,3.875,9.2],"rotation":{"angle":0,"axis":"y","origin":[8.5,3.5,8.7]},"faces":{"north":{"uv":[10,8,10.999,8.75],"texture":"#2"},"east":{"uv":[10,8,10.999,8.75],"texture":"#2"},"south":{"uv":[10,8,10.999,8.75],"texture":"#2"},"west":{"uv":[10,8,10.999,8.75],"texture":"#2"},"up":{"uv":[10,8,10.999,8.75],"texture":"#2"},"down":{"uv":[10,8,10.999,8.75],"texture":"#2"}}},{"from":[8.125,3.25,9],"to":[8.875,3.75,10.5],"rotation":{"angle":0,"axis":"y","origin":[8.5,3.5,9.5]},"faces":{"north":{"uv":[12,13,13,13.749],"texture":"#2"},"east":{"uv":[12,13,13,13.749],"texture":"#2"},"south":{"uv":[12,13,13,13.749],"texture":"#2"},"west":{"uv":[12,13,13,13.749],"texture":"#2"},"up":{"uv":[12,13,13,13.749],"texture":"#2"},"down":{"uv":[12,13,13,13.749],"texture":"#2"}}},{"from":[8.125,3.8,6.5],"to":[8.875,4.3,8.5],"rotation":{"angle":0,"axis":"y","origin":[8.5,4.76243,7.49453]},"faces":{"north":{"uv":[15,15,16,15.75],"texture":"#2"},"east":{"uv":[15,15,16,15.75],"texture":"#2"},"south":{"uv":[15,15,16,15.75],"texture":"#2"},"west":{"uv":[15,15,16,15.75],"texture":"#2"},"up":{"uv":[15,15,16,15.75],"texture":"#2"},"down":{"uv":[15,15,16,15.75],"texture":"#2"}}},{"from":[8.125,3.25,4.5],"to":[8.875,3.75,6],"rotation":{"angle":0,"axis":"y","origin":[8.5,3.5,5.25]},"faces":{"north":{"uv":[10,8,10.999,8.75],"texture":"#2"},"east":{"uv":[10,8,10.999,8.75],"texture":"#2"},"south":{"uv":[10,8,10.999,8.75],"texture":"#2"},"west":{"uv":[10,8,10.999,8.75],"texture":"#2"},"up":{"uv":[10,8,10.999,8.75],"texture":"#2"},"down":{"uv":[10,8,10.999,8.75],"texture":"#2"}}},{"from":[8.125,3.125,5.8],"to":[8.875,3.875,6.8],"rotation":{"angle":0,"axis":"y","origin":[8.5,3.5,6.3]},"faces":{"north":{"uv":[10,8,10.999,8.75],"texture":"#2"},"east":{"uv":[10,8,10.999,8.75],"texture":"#2"},"south":{"uv":[10,8,10.999,8.75],"texture":"#2"},"west":{"uv":[10,8,10.999,8.75],"texture":"#2"},"up":{"uv":[10,8,10.999,8.75],"texture":"#2"},"down":{"uv":[10,8,10.999,8.75],"texture":"#2"}}}],"display":{"thirdperson_righthand":{"translation":[-1,5.25,1.25]},"thirdperson_lefthand":{"translation":[-0.25,5.25,1.5]},"firstperson_righthand":{"rotation":[-5,0,0],"translation":[1.75,4,0],"scale":[0.8,0.8,0.8]},"firstperson_lefthand":{"rotation":[-5,0,0],"translation":[1.75,4,0],"scale":[0.8,0.8,0.8]},"ground":{"translation":[0,6,0]},"gui":{"rotation":[-45,-41,-62],"translation":[-2.5,-1.75,0],"scale":[0.8,0.8,0.8]},"head":{"rotation":[128,0,0],"translation":[-3,2.25,-11.5]},"fixed":{"rotation":[0,90,0],"translation":[1,-1.75,-0.5]}}}