{"credit":"Made with Blockbench","textures":{"2":"spartanweaponry:costum/raddadste","4":"spartanweaponry:costum/glaive_lead","particle":"spartanweaponry:costum/raddadste"},"elements":[{"from":[8.075,-1.925,7.075],"to":[8.925,2.925,7.925],"rotation":{"angle":0,"axis":"y","origin":[8.5,0.5,7.5]},"faces":{"north":{"uv":[0,0,16,16],"texture":"#2"},"east":{"uv":[0,0,16,16],"texture":"#2"},"south":{"uv":[0,0,16,16],"texture":"#2"},"west":{"uv":[0,0,16,16],"texture":"#2"},"up":{"uv":[0,0,16,16],"texture":"#2"},"down":{"uv":[0,0,16,16],"texture":"#2"}}},{"from":[7.98,-0.52,7.23],"to":[9.02,0.02,7.77],"rotation":{"angle":45,"axis":"x","origin":[8.5,-0.25,7.5]},"faces":{"north":{"uv":[12.1,3.1,12.4,3.4],"texture":"#4"},"east":{"uv":[12.1,3.1,12.4,3.4],"texture":"#4"},"south":{"uv":[12.1,3.1,12.4,3.4],"texture":"#4"},"west":{"uv":[12.1,3.1,12.4,3.4],"texture":"#4"},"up":{"uv":[12.1,3.1,12.4,3.4],"texture":"#4"},"down":{"uv":[12.1,3.1,12.4,3.4],"texture":"#4"}}},{"from":[7.98,0.48,7.23],"to":[9.02,1.02,7.77],"rotation":{"angle":45,"axis":"x","origin":[8.5,0.75,7.5]},"faces":{"north":{"uv":[12.1,3.1,12.4,3.4],"texture":"#4"},"east":{"uv":[12.1,3.1,12.4,3.4],"texture":"#4"},"south":{"uv":[12.1,3.1,12.4,3.4],"texture":"#4"},"west":{"uv":[12.1,3.1,12.4,3.4],"texture":"#4"},"up":{"uv":[12.1,3.1,12.4,3.4],"texture":"#4"},"down":{"uv":[12.1,3.1,12.4,3.4],"texture":"#4"}}},{"from":[7.98,2.48,7.23],"to":[9.02,3.02,7.77],"rotation":{"angle":45,"axis":"x","origin":[8.5,2.75,7.5]},"faces":{"north":{"uv":[12.1,3.1,12.4,3.4],"texture":"#4"},"east":{"uv":[12.1,3.1,12.4,3.4],"texture":"#4"},"south":{"uv":[12.1,3.1,12.4,3.4],"texture":"#4"},"west":{"uv":[12.1,3.1,12.4,3.4],"texture":"#4"},"up":{"uv":[12.1,3.1,12.4,3.4],"texture":"#4"},"down":{"uv":[12.1,3.1,12.4,3.4],"texture":"#4"}}},{"from":[7.98,1.48,7.23],"to":[9.02,2.02,7.77],"rotation":{"angle":45,"axis":"x","origin":[8.5,1.75,7.5]},"faces":{"north":{"uv":[12.1,3.1,12.4,3.4],"texture":"#4"},"east":{"uv":[12.1,3.1,12.4,3.4],"texture":"#4"},"south":{"uv":[12.1,3.1,12.4,3.4],"texture":"#4"},"west":{"uv":[12.1,3.1,12.4,3.4],"texture":"#4"},"up":{"uv":[12.1,3.1,12.4,3.4],"texture":"#4"},"down":{"uv":[12.1,3.1,12.4,3.4],"texture":"#4"}}},{"from":[7.98,-1.52,7.23],"to":[9.02,-0.98,7.77],"rotation":{"angle":45,"axis":"x","origin":[8.5,-1.25,7.5]},"faces":{"north":{"uv":[12.1,3.1,12.4,3.4],"texture":"#4"},"east":{"uv":[12.1,3.1,12.4,3.4],"texture":"#4"},"south":{"uv":[12.1,3.1,12.4,3.4],"texture":"#4"},"west":{"uv":[12.1,3.1,12.4,3.4],"texture":"#4"},"up":{"uv":[12.1,3.1,12.4,3.4],"texture":"#4"},"down":{"uv":[12.1,3.1,12.4,3.4],"texture":"#4"}}},{"from":[7.96,2.96,6.25],"to":[9.04,4.04,8.75],"rotation":{"angle":0,"axis":"y","origin":[8.5,3.5,7.5]},"faces":{"north":{"uv":[12.1,3.1,12.4,3.4],"texture":"#4"},"east":{"uv":[12.1,3.1,12.4,3.4],"texture":"#4"},"south":{"uv":[12.1,3.1,12.4,3.4],"texture":"#4"},"west":{"uv":[12.1,3.1,12.4,3.4],"texture":"#4"},"up":{"uv":[12.1,3.1,12.4,3.4],"texture":"#4"},"down":{"uv":[12.1,3.1,12.4,3.4],"texture":"#4"}}},{"from":[8.25,1.66194,6.34134],"to":[8.75,3.56194,6.84134],"rotation":{"angle":45,"axis":"x","origin":[8.5,2.81194,6.59134]},"faces":{"north":{"uv":[12.1,3.1,12.4,3.4],"rotation":270,"texture":"#4"},"east":{"uv":[12.1,3.1,12.4,3.4],"rotation":270,"texture":"#4"},"south":{"uv":[12.1,3.1,12.4,3.4],"rotation":270,"texture":"#4"},"west":{"uv":[12.1,3.1,12.4,3.4],"rotation":270,"texture":"#4"},"up":{"uv":[12.1,3.1,12.4,3.4],"rotation":270,"texture":"#4"},"down":{"uv":[12.1,3.1,12.4,3.4],"rotation":270,"texture":"#4"}}},{"from":[8.25,-1.28744,5.68744],"to":[8.75,-0.38744,6.18744],"rotation":{"angle":-22.5,"axis":"x","origin":[8.5,-0.78744,5.93744]},"faces":{"north":{"uv":[12.1,3.1,12.4,3.4],"rotation":90,"texture":"#4"},"east":{"uv":[12.1,3.1,12.4,3.4],"rotation":90,"texture":"#4"},"south":{"uv":[12.1,3.1,12.4,3.4],"rotation":90,"texture":"#4"},"west":{"uv":[12.1,3.1,12.4,3.4],"rotation":90,"texture":"#4"},"up":{"uv":[12.1,3.1,12.4,3.4],"rotation":90,"texture":"#4"},"down":{"uv":[12.1,3.1,12.4,3.4],"rotation":90,"texture":"#4"}}},{"from":[8.25,-0.6,5.55],"to":[8.75,2.1,6.05],"rotation":{"angle":0,"axis":"x","origin":[8.5,0.8,5.8]},"faces":{"north":{"uv":[12.1,3.1,12.4,3.4],"rotation":270,"texture":"#4"},"east":{"uv":[12.1,3.1,12.4,3.4],"rotation":270,"texture":"#4"},"south":{"uv":[12.1,3.1,12.4,3.4],"rotation":270,"texture":"#4"},"west":{"uv":[12.1,3.1,12.4,3.4],"rotation":270,"texture":"#4"},"up":{"uv":[12.1,3.1,12.4,3.4],"rotation":270,"texture":"#4"},"down":{"uv":[12.1,3.1,12.4,3.4],"rotation":270,"texture":"#4"}}},{"from":[8.01,-2.45,7.05],"to":[8.99,-1.55,7.95],"rotation":{"angle":45,"axis":"x","origin":[8.5,-2,7.5]},"faces":{"north":{"uv":[12.1,3.1,12.4,3.4],"texture":"#4"},"east":{"uv":[12.1,3.1,12.4,3.4],"texture":"#4"},"south":{"uv":[12.1,3.1,12.4,3.4],"texture":"#4"},"west":{"uv":[12.1,3.1,12.4,3.4],"texture":"#4"},"up":{"uv":[12.1,3.1,12.4,3.4],"texture":"#4"},"down":{"uv":[12.1,3.1,12.4,3.4],"texture":"#4"}}},{"from":[8.375,4,7.375],"to":[8.625,28.25,7.625],"rotation":{"angle":0,"axis":"y","origin":[8.5,15.125,7.5]},"faces":{"north":{"uv":[12.6,2.1,12.9,2.4],"texture":"#4"},"east":{"uv":[12.6,2.1,12.9,2.4],"texture":"#4"},"south":{"uv":[12.6,2.1,12.9,2.4],"texture":"#4"},"west":{"uv":[12.6,2.1,12.9,2.4],"texture":"#4"},"up":{"uv":[12.6,2.1,12.9,2.4],"texture":"#4"},"down":{"uv":[12.6,2.1,12.9,2.4],"texture":"#4"}}},{"from":[8.375,4,7.625],"to":[8.625,28,7.875],"rotation":{"angle":0,"axis":"y","origin":[8.5,14.75,7.75]},"faces":{"north":{"uv":[12.6,2.1,12.9,2.4],"texture":"#4"},"east":{"uv":[12.6,2.1,12.9,2.4],"texture":"#4"},"south":{"uv":[12.6,2.1,12.9,2.4],"texture":"#4"},"west":{"uv":[12.6,2.1,12.9,2.4],"texture":"#4"},"up":{"uv":[12.6,2.1,12.9,2.4],"texture":"#4"},"down":{"uv":[12.6,2.1,12.9,2.4],"texture":"#4"}}},{"from":[8.375,4,6.75],"to":[8.625,7.6,6.875],"rotation":{"angle":0,"axis":"y","origin":[8.5,5.3,6.8125]},"faces":{"north":{"uv":[12.6,2.1,12.9,2.4],"texture":"#4"},"east":{"uv":[12.6,2.1,12.9,2.4],"texture":"#4"},"south":{"uv":[12.6,2.1,12.9,2.4],"texture":"#4"},"west":{"uv":[12.6,2.1,12.9,2.4],"texture":"#4"},"up":{"uv":[12.6,2.1,12.9,2.4],"texture":"#4"},"down":{"uv":[12.6,2.1,12.9,2.4],"texture":"#4"}}},{"from":[8.375,4,6.625],"to":[8.625,6.6,6.75],"rotation":{"angle":0,"axis":"y","origin":[8.5,5.3,6.6875]},"faces":{"north":{"uv":[12.6,2.1,12.9,2.4],"texture":"#4"},"east":{"uv":[12.6,2.1,12.9,2.4],"texture":"#4"},"south":{"uv":[12.6,2.1,12.9,2.4],"texture":"#4"},"west":{"uv":[12.6,2.1,12.9,2.4],"texture":"#4"},"up":{"uv":[12.6,2.1,12.9,2.4],"texture":"#4"},"down":{"uv":[12.6,2.1,12.9,2.4],"texture":"#4"}}},{"from":[8.375,4,7.125],"to":[8.625,28,7.375],"rotation":{"angle":0,"axis":"y","origin":[8.5,15,7.25]},"faces":{"north":{"uv":[12.6,2.1,12.9,2.4],"texture":"#4"},"east":{"uv":[12.6,2.1,12.9,2.4],"texture":"#4"},"south":{"uv":[12.6,2.1,12.9,2.4],"texture":"#4"},"west":{"uv":[12.6,2.1,12.9,2.4],"texture":"#4"},"up":{"uv":[12.6,2.1,12.9,2.4],"texture":"#4"},"down":{"uv":[12.6,2.1,12.9,2.4],"texture":"#4"}}},{"from":[8.375,4,8.125],"to":[8.625,7.6,8.25],"rotation":{"angle":0,"axis":"y","origin":[8.5,5.3,8.1875]},"faces":{"north":{"uv":[12.6,2.1,12.9,2.4],"texture":"#4"},"east":{"uv":[12.6,2.1,12.9,2.4],"texture":"#4"},"south":{"uv":[12.6,2.1,12.9,2.4],"texture":"#4"},"west":{"uv":[12.6,2.1,12.9,2.4],"texture":"#4"},"up":{"uv":[12.6,2.1,12.9,2.4],"texture":"#4"},"down":{"uv":[12.6,2.1,12.9,2.4],"texture":"#4"}}},{"from":[8.375,4,8.25],"to":[8.625,6.6,8.375],"rotation":{"angle":0,"axis":"y","origin":[8.5,5.3,8.1875]},"faces":{"north":{"uv":[12.6,2.1,12.9,2.4],"texture":"#4"},"east":{"uv":[12.6,2.1,12.9,2.4],"texture":"#4"},"south":{"uv":[12.6,2.1,12.9,2.4],"texture":"#4"},"west":{"uv":[12.6,2.1,12.9,2.4],"texture":"#4"},"up":{"uv":[12.6,2.1,12.9,2.4],"texture":"#4"},"down":{"uv":[12.6,2.1,12.9,2.4],"texture":"#4"}}},{"from":[8.375,4,6.875],"to":[8.625,27.75,7.125],"rotation":{"angle":0,"axis":"y","origin":[8.5,14.875,7]},"faces":{"north":{"uv":[12.6,2.1,12.9,2.4],"texture":"#4"},"east":{"uv":[12.6,2.1,12.9,2.4],"texture":"#4"},"south":{"uv":[12.6,2.1,12.9,2.4],"texture":"#4"},"west":{"uv":[12.6,2.1,12.9,2.4],"texture":"#4"},"up":{"uv":[12.6,2.1,12.9,2.4],"texture":"#4"},"down":{"uv":[12.6,2.1,12.9,2.4],"texture":"#4"}}},{"from":[8.375,4,7.875],"to":[8.625,27.75,8.125],"rotation":{"angle":0,"axis":"y","origin":[8.5,14.875,8]},"faces":{"north":{"uv":[12.6,2.1,12.9,2.4],"texture":"#4"},"east":{"uv":[12.6,2.1,12.9,2.4],"texture":"#4"},"south":{"uv":[12.6,2.1,12.9,2.4],"texture":"#4"},"west":{"uv":[12.6,2.1,12.9,2.4],"texture":"#4"},"up":{"uv":[12.6,2.1,12.9,2.4],"texture":"#4"},"down":{"uv":[12.6,2.1,12.9,2.4],"texture":"#4"}}},{"from":[8.25,4,7.25],"to":[8.75,27.5,7.75],"rotation":{"angle":0,"axis":"y","origin":[8.5,14.75,7.5]},"faces":{"north":{"uv":[12.6,2.1,12.9,2.4],"texture":"#4"},"east":{"uv":[12.6,2.1,12.9,2.4],"texture":"#4"},"south":{"uv":[12.6,2.1,12.9,2.4],"texture":"#4"},"west":{"uv":[12.6,2.1,12.9,2.4],"texture":"#4"},"up":{"uv":[12.6,2.1,12.9,2.4],"texture":"#4"},"down":{"uv":[12.6,2.1,12.9,2.4],"texture":"#4"}}},{"from":[8.125,3.125,8.2],"to":[8.875,3.875,9.2],"rotation":{"angle":0,"axis":"y","origin":[8.5,3.5,8.7]},"faces":{"north":{"uv":[12.1,3.1,12.4,3.4],"texture":"#4"},"east":{"uv":[12.1,3.1,12.4,3.4],"texture":"#4"},"south":{"uv":[12.1,3.1,12.4,3.4],"texture":"#4"},"west":{"uv":[12.1,3.1,12.4,3.4],"texture":"#4"},"up":{"uv":[12.1,3.1,12.4,3.4],"texture":"#4"},"down":{"uv":[12.1,3.1,12.4,3.4],"texture":"#4"}}},{"from":[8.125,3.25,9],"to":[8.875,3.75,10.5],"rotation":{"angle":0,"axis":"y","origin":[8.5,3.5,9.5]},"faces":{"north":{"uv":[12.1,3.1,12.4,3.4],"texture":"#4"},"east":{"uv":[12.1,3.1,12.4,3.4],"texture":"#4"},"south":{"uv":[12.1,3.1,12.4,3.4],"texture":"#4"},"west":{"uv":[12.1,3.1,12.4,3.4],"texture":"#4"},"up":{"uv":[12.1,3.1,12.4,3.4],"texture":"#4"},"down":{"uv":[12.1,3.1,12.4,3.4],"texture":"#4"}}},{"from":[8.125,3.8,6.5],"to":[8.875,4.3,8.5],"rotation":{"angle":0,"axis":"y","origin":[8.5,4.76243,7.49453]},"faces":{"north":{"uv":[12.1,3.1,12.4,3.4],"texture":"#4"},"east":{"uv":[12.1,3.1,12.4,3.4],"texture":"#4"},"south":{"uv":[12.1,3.1,12.4,3.4],"texture":"#4"},"west":{"uv":[12.1,3.1,12.4,3.4],"texture":"#4"},"up":{"uv":[12.1,3.1,12.4,3.4],"texture":"#4"},"down":{"uv":[12.1,3.1,12.4,3.4],"texture":"#4"}}},{"from":[8.365,5.49,6.39],"to":[8.635,5.76,8.51],"rotation":{"angle":0,"axis":"y","origin":[8.5,5.625,7.45]},"faces":{"north":{"uv":[12.1,3.1,12.4,3.4],"texture":"#4"},"east":{"uv":[12.1,3.1,12.4,3.4],"texture":"#4"},"south":{"uv":[12.1,3.1,12.4,3.4],"texture":"#4"},"west":{"uv":[12.1,3.1,12.4,3.4],"texture":"#4"},"up":{"uv":[12.1,3.1,12.4,3.4],"texture":"#4"},"down":{"uv":[12.1,3.1,12.4,3.4],"texture":"#4"}}},{"from":[8.125,5.5,7],"to":[8.875,5.75,8],"rotation":{"angle":0,"axis":"y","origin":[8.5,5.625,7.5]},"faces":{"north":{"uv":[12.1,3.1,12.4,3.4],"texture":"#4"},"east":{"uv":[12.1,3.1,12.4,3.4],"texture":"#4"},"south":{"uv":[12.1,3.1,12.4,3.4],"texture":"#4"},"west":{"uv":[12.1,3.1,12.4,3.4],"texture":"#4"},"up":{"uv":[12.1,3.1,12.4,3.4],"texture":"#4"},"down":{"uv":[12.1,3.1,12.4,3.4],"texture":"#4"}}},{"from":[8.4,4.17457,8.62855],"to":[8.6,5.27457,8.87855],"rotation":{"angle":-22.5,"axis":"x","origin":[8.5,4.76243,7.49453]},"faces":{"north":{"uv":[12.1,3.1,12.4,3.4],"rotation":270,"texture":"#4"},"east":{"uv":[12.1,3.1,12.4,3.4],"rotation":270,"texture":"#4"},"south":{"uv":[12.1,3.1,12.4,3.4],"rotation":270,"texture":"#4"},"west":{"uv":[12.1,3.1,12.4,3.4],"rotation":270,"texture":"#4"},"up":{"uv":[12.1,3.1,12.4,3.4],"rotation":270,"texture":"#4"},"down":{"uv":[12.1,3.1,12.4,3.4],"rotation":270,"texture":"#4"}}},{"from":[8.4,4.23504,8.62822],"to":[8.6,5.33504,8.87822],"rotation":{"angle":22.5,"axis":"x","origin":[8.5,4.86243,7.49453]},"faces":{"north":{"uv":[12.1,3.1,12.4,3.4],"rotation":270,"texture":"#4"},"east":{"uv":[12.1,3.1,12.4,3.4],"rotation":270,"texture":"#4"},"south":{"uv":[12.1,3.1,12.4,3.4],"rotation":270,"texture":"#4"},"west":{"uv":[12.1,3.1,12.4,3.4],"rotation":270,"texture":"#4"},"up":{"uv":[12.1,3.1,12.4,3.4],"rotation":270,"texture":"#4"},"down":{"uv":[12.1,3.1,12.4,3.4],"rotation":270,"texture":"#4"}}},{"from":[8.4,4.17875,6.12061],"to":[8.6,5.17875,6.37061],"rotation":{"angle":22.5,"axis":"x","origin":[8.5,4.76243,7.49453]},"faces":{"north":{"uv":[12.1,3.1,12.4,3.4],"rotation":270,"texture":"#4"},"east":{"uv":[12.1,3.1,12.4,3.4],"rotation":270,"texture":"#4"},"south":{"uv":[12.1,3.1,12.4,3.4],"rotation":270,"texture":"#4"},"west":{"uv":[12.1,3.1,12.4,3.4],"rotation":270,"texture":"#4"},"up":{"uv":[12.1,3.1,12.4,3.4],"rotation":270,"texture":"#4"},"down":{"uv":[12.1,3.1,12.4,3.4],"rotation":270,"texture":"#4"}}},{"from":[7.7,4.9,7.375],"to":[7.9,5.9,7.625],"rotation":{"angle":-45,"axis":"z","origin":[7.8,5.4,7.5]},"faces":{"north":{"uv":[12.1,3.1,12.4,3.4],"rotation":270,"texture":"#4"},"east":{"uv":[12.1,3.1,12.4,3.4],"rotation":270,"texture":"#4"},"south":{"uv":[12.1,3.1,12.4,3.4],"rotation":270,"texture":"#4"},"west":{"uv":[12.1,3.1,12.4,3.4],"rotation":270,"texture":"#4"},"up":{"uv":[12.1,3.1,12.4,3.4],"rotation":270,"texture":"#4"},"down":{"uv":[12.1,3.1,12.4,3.4],"rotation":270,"texture":"#4"}}},{"from":[9.1,4.9,7.375],"to":[9.3,5.9,7.625],"rotation":{"angle":45,"axis":"z","origin":[9.2,5.4,7.5]},"faces":{"north":{"uv":[12.1,3.1,12.4,3.4],"rotation":270,"texture":"#4"},"east":{"uv":[12.1,3.1,12.4,3.4],"rotation":270,"texture":"#4"},"south":{"uv":[12.1,3.1,12.4,3.4],"rotation":270,"texture":"#4"},"west":{"uv":[12.1,3.1,12.4,3.4],"rotation":270,"texture":"#4"},"up":{"uv":[12.1,3.1,12.4,3.4],"rotation":270,"texture":"#4"},"down":{"uv":[12.1,3.1,12.4,3.4],"rotation":270,"texture":"#4"}}},{"from":[8.4,4.13086,6.12095],"to":[8.6,5.33086,6.37095],"rotation":{"angle":-22.5,"axis":"x","origin":[8.5,4.76243,7.49453]},"faces":{"north":{"uv":[12.1,3.1,12.4,3.4],"rotation":270,"texture":"#4"},"east":{"uv":[12.1,3.1,12.4,3.4],"rotation":270,"texture":"#4"},"south":{"uv":[12.1,3.1,12.4,3.4],"rotation":270,"texture":"#4"},"west":{"uv":[12.1,3.1,12.4,3.4],"rotation":270,"texture":"#4"},"up":{"uv":[12.1,3.1,12.4,3.4],"rotation":270,"texture":"#4"},"down":{"uv":[12.1,3.1,12.4,3.4],"rotation":270,"texture":"#4"}}},{"from":[7.7,4,7.375],"to":[7.9,5.2,7.625],"rotation":{"angle":22.5,"axis":"z","origin":[7.8,4.6,7.5]},"faces":{"north":{"uv":[12.1,3.1,12.4,3.4],"rotation":270,"texture":"#4"},"east":{"uv":[12.1,3.1,12.4,3.4],"rotation":270,"texture":"#4"},"south":{"uv":[12.1,3.1,12.4,3.4],"rotation":270,"texture":"#4"},"west":{"uv":[12.1,3.1,12.4,3.4],"rotation":270,"texture":"#4"},"up":{"uv":[12.1,3.1,12.4,3.4],"rotation":270,"texture":"#4"},"down":{"uv":[12.1,3.1,12.4,3.4],"rotation":270,"texture":"#4"}}},{"from":[9.1,4,7.375],"to":[9.3,5.2,7.625],"rotation":{"angle":-22.5,"axis":"z","origin":[9.2,4.6,7.5]},"faces":{"north":{"uv":[12.1,3.1,12.4,3.4],"rotation":270,"texture":"#4"},"east":{"uv":[12.1,3.1,12.4,3.4],"rotation":270,"texture":"#4"},"south":{"uv":[12.1,3.1,12.4,3.4],"rotation":270,"texture":"#4"},"west":{"uv":[12.1,3.1,12.4,3.4],"rotation":270,"texture":"#4"},"up":{"uv":[12.1,3.1,12.4,3.4],"rotation":270,"texture":"#4"},"down":{"uv":[12.1,3.1,12.4,3.4],"rotation":270,"texture":"#4"}}},{"from":[8.025,3.15,9.95],"to":[8.975,3.85,10.65],"rotation":{"angle":45,"axis":"x","origin":[8.5,3.5,10.3]},"faces":{"north":{"uv":[12.1,3.1,12.4,3.4],"texture":"#4"},"east":{"uv":[12.1,3.1,12.4,3.4],"texture":"#4"},"south":{"uv":[12.1,3.1,12.4,3.4],"texture":"#4"},"west":{"uv":[12.1,3.1,12.4,3.4],"texture":"#4"},"up":{"uv":[12.1,3.1,12.4,3.4],"texture":"#4"},"down":{"uv":[12.1,3.1,12.4,3.4],"texture":"#4"}}},{"from":[8.025,3.15,4.35],"to":[8.975,3.85,5.05],"rotation":{"angle":45,"axis":"x","origin":[8.5,3.5,4.7]},"faces":{"north":{"uv":[12.1,3.1,12.4,3.4],"texture":"#4"},"east":{"uv":[12.1,3.1,12.4,3.4],"texture":"#4"},"south":{"uv":[12.1,3.1,12.4,3.4],"texture":"#4"},"west":{"uv":[12.1,3.1,12.4,3.4],"texture":"#4"},"up":{"uv":[12.1,3.1,12.4,3.4],"texture":"#4"},"down":{"uv":[12.1,3.1,12.4,3.4],"texture":"#4"}}},{"from":[8.125,3.25,4.5],"to":[8.875,3.75,6],"rotation":{"angle":0,"axis":"y","origin":[8.5,3.5,5.25]},"faces":{"north":{"uv":[12.1,3.1,12.4,3.4],"texture":"#4"},"east":{"uv":[12.1,3.1,12.4,3.4],"texture":"#4"},"south":{"uv":[12.1,3.1,12.4,3.4],"texture":"#4"},"west":{"uv":[12.1,3.1,12.4,3.4],"texture":"#4"},"up":{"uv":[12.1,3.1,12.4,3.4],"texture":"#4"},"down":{"uv":[12.1,3.1,12.4,3.4],"texture":"#4"}}},{"from":[8.125,3.125,5.8],"to":[8.875,3.875,6.8],"rotation":{"angle":0,"axis":"y","origin":[8.5,3.5,6.3]},"faces":{"north":{"uv":[12.1,3.1,12.4,3.4],"texture":"#4"},"east":{"uv":[12.1,3.1,12.4,3.4],"texture":"#4"},"south":{"uv":[12.1,3.1,12.4,3.4],"texture":"#4"},"west":{"uv":[12.1,3.1,12.4,3.4],"texture":"#4"},"up":{"uv":[12.1,3.1,12.4,3.4],"texture":"#4"},"down":{"uv":[12.1,3.1,12.4,3.4],"texture":"#4"}}}],"display":{"thirdperson_righthand":{"translation":[-1,5.25,1.25]},"thirdperson_lefthand":{"translation":[-0.25,5.25,1.5]},"firstperson_righthand":{"rotation":[-5,0,0],"translation":[1.75,4,0],"scale":[0.8,0.8,0.8]},"firstperson_lefthand":{"rotation":[-5,0,0],"translation":[1.75,4,0],"scale":[0.8,0.8,0.8]},"ground":{"translation":[0,6,0]},"gui":{"rotation":[-45,-41,-62],"translation":[-2.5,-1.75,0],"scale":[0.8,0.8,0.8]},"head":{"rotation":[128,0,0],"translation":[-3,2.25,-11.5]},"fixed":{"rotation":[0,90,0],"translation":[1,-1.75,-0.5]}}}