{"credit":"Made with Blockbench","textures":{"2":"spartanweaponry:costum/raddadste","3":"spartanweaponry:costum/iron_block","5":"spartanweaponry:costum/texture3","particle":"spartanweaponry:costum/raddadste"},"elements":[{"from":[8.075,-1.925,7.075],"to":[8.925,2.925,7.925],"rotation":{"angle":0,"axis":"y","origin":[8.5,0.5,7.5]},"faces":{"north":{"uv":[0,0,16,16],"texture":"#2"},"east":{"uv":[0,0,16,16],"texture":"#2"},"south":{"uv":[0,0,16,16],"texture":"#2"},"west":{"uv":[0,0,16,16],"texture":"#2"},"up":{"uv":[0,0,16,16],"texture":"#2"},"down":{"uv":[0,0,16,16],"texture":"#2"}}},{"from":[7.98,-0.52,7.23],"to":[9.02,0.02,7.77],"rotation":{"angle":45,"axis":"x","origin":[8.5,-0.25,7.5]},"faces":{"north":{"uv":[14.999,7.999,15.998,8.999],"texture":"#5"},"east":{"uv":[14.999,7.999,15.998,8.999],"texture":"#5"},"south":{"uv":[14.999,7.999,15.998,8.999],"texture":"#5"},"west":{"uv":[14.999,7.999,15.998,8.999],"texture":"#5"},"up":{"uv":[14.999,7.999,15.998,8.999],"texture":"#5"},"down":{"uv":[14.999,7.999,15.998,8.999],"texture":"#5"}}},{"from":[7.98,0.48,7.23],"to":[9.02,1.02,7.77],"rotation":{"angle":45,"axis":"x","origin":[8.5,0.75,7.5]},"faces":{"north":{"uv":[14.999,7.999,15.998,8.999],"texture":"#5"},"east":{"uv":[14.999,7.999,15.998,8.999],"texture":"#5"},"south":{"uv":[14.999,7.999,15.998,8.999],"texture":"#5"},"west":{"uv":[14.999,7.999,15.998,8.999],"texture":"#5"},"up":{"uv":[14.999,7.999,15.998,8.999],"texture":"#5"},"down":{"uv":[14.999,7.999,15.998,8.999],"texture":"#5"}}},{"from":[7.98,2.48,7.23],"to":[9.02,3.02,7.77],"rotation":{"angle":45,"axis":"x","origin":[8.5,2.75,7.5]},"faces":{"north":{"uv":[14.999,7.999,15.998,8.999],"texture":"#5"},"east":{"uv":[14.999,7.999,15.998,8.999],"texture":"#5"},"south":{"uv":[14.999,7.999,15.998,8.999],"texture":"#5"},"west":{"uv":[14.999,7.999,15.998,8.999],"texture":"#5"},"up":{"uv":[14.999,7.999,15.998,8.999],"texture":"#5"},"down":{"uv":[14.999,7.999,15.998,8.999],"texture":"#5"}}},{"from":[7.98,1.48,7.23],"to":[9.02,2.02,7.77],"rotation":{"angle":45,"axis":"x","origin":[8.5,1.75,7.5]},"faces":{"north":{"uv":[14.999,7.999,15.998,8.999],"texture":"#5"},"east":{"uv":[14.999,7.999,15.998,8.999],"texture":"#5"},"south":{"uv":[14.999,7.999,15.998,8.999],"texture":"#5"},"west":{"uv":[14.999,7.999,15.998,8.999],"texture":"#5"},"up":{"uv":[14.999,7.999,15.998,8.999],"texture":"#5"},"down":{"uv":[14.999,7.999,15.998,8.999],"texture":"#5"}}},{"from":[7.98,-1.52,7.23],"to":[9.02,-0.98,7.77],"rotation":{"angle":45,"axis":"x","origin":[8.5,-1.25,7.5]},"faces":{"north":{"uv":[14.999,7.999,15.998,8.999],"texture":"#5"},"east":{"uv":[14.999,7.999,15.998,8.999],"texture":"#5"},"south":{"uv":[14.999,7.999,15.998,8.999],"texture":"#5"},"west":{"uv":[14.999,7.999,15.998,8.999],"texture":"#5"},"up":{"uv":[14.999,7.999,15.998,8.999],"texture":"#5"},"down":{"uv":[14.999,7.999,15.998,8.999],"texture":"#5"}}},{"from":[7.96,2.96,6.25],"to":[9.04,4.04,8.75],"rotation":{"angle":0,"axis":"y","origin":[8.5,3.5,7.5]},"faces":{"north":{"uv":[14.999,7.999,15.998,8.999],"texture":"#3"},"east":{"uv":[14.999,7.999,15.998,8.999],"texture":"#3"},"south":{"uv":[14.999,7.999,15.998,8.999],"texture":"#3"},"west":{"uv":[14.999,7.999,15.998,8.999],"texture":"#3"},"up":{"uv":[14.999,7.999,15.998,8.999],"texture":"#3"},"down":{"uv":[14.999,7.999,15.998,8.999],"texture":"#3"}}},{"from":[8.25,1.96194,5.94134],"to":[8.75,3.46194,6.44134],"rotation":{"angle":22.5,"axis":"x","origin":[8.5,2.71194,6.19134]},"faces":{"north":{"uv":[14.999,7.999,15.998,8.999],"rotation":270,"texture":"#3"},"east":{"uv":[14.999,7.999,15.998,8.999],"rotation":270,"texture":"#3"},"south":{"uv":[14.999,7.999,15.998,8.999],"rotation":270,"texture":"#3"},"west":{"uv":[14.999,7.999,15.998,8.999],"rotation":270,"texture":"#3"},"up":{"uv":[14.999,7.999,15.998,8.999],"rotation":270,"texture":"#3"},"down":{"uv":[14.999,7.999,15.998,8.999],"rotation":270,"texture":"#3"}}},{"from":[8.25,3.06194,8.54134],"to":[8.75,4.56194,9.29134],"rotation":{"angle":45,"axis":"x","origin":[8.5,3.81194,8.79134]},"faces":{"north":{"uv":[14.999,7.999,15.998,8.999],"rotation":270,"texture":"#3"},"east":{"uv":[14.999,7.999,15.998,8.999],"rotation":270,"texture":"#3"},"south":{"uv":[14.999,7.999,15.998,8.999],"rotation":270,"texture":"#3"},"west":{"uv":[14.999,7.999,15.998,8.999],"rotation":270,"texture":"#3"},"up":{"uv":[14.999,7.999,15.998,8.999],"rotation":270,"texture":"#3"},"down":{"uv":[14.999,7.999,15.998,8.999],"rotation":270,"texture":"#3"}}},{"from":[8.25,2.66194,5.84134],"to":[8.75,4.16194,6.59134],"rotation":{"angle":45,"axis":"x","origin":[8.5,3.41194,6.09134]},"faces":{"north":{"uv":[14.999,7.999,15.998,8.999],"rotation":270,"texture":"#3"},"east":{"uv":[14.999,7.999,15.998,8.999],"rotation":270,"texture":"#3"},"south":{"uv":[14.999,7.999,15.998,8.999],"rotation":270,"texture":"#3"},"west":{"uv":[14.999,7.999,15.998,8.999],"rotation":270,"texture":"#3"},"up":{"uv":[14.999,7.999,15.998,8.999],"rotation":270,"texture":"#3"},"down":{"uv":[14.999,7.999,15.998,8.999],"rotation":270,"texture":"#3"}}},{"from":[8.25,-2.70711,6.45711],"to":[8.75,-0.20711,6.95711],"rotation":{"angle":-45,"axis":"x","origin":[8.5,-1.45711,6.70711]},"faces":{"north":{"uv":[14.999,7.999,15.998,8.999],"rotation":90,"texture":"#3"},"east":{"uv":[14.999,7.999,15.998,8.999],"rotation":90,"texture":"#3"},"south":{"uv":[14.999,7.999,15.998,8.999],"rotation":90,"texture":"#3"},"west":{"uv":[14.999,7.999,15.998,8.999],"rotation":90,"texture":"#3"},"up":{"uv":[14.999,7.999,15.998,8.999],"rotation":90,"texture":"#3"},"down":{"uv":[14.999,7.999,15.998,8.999],"rotation":90,"texture":"#3"}}},{"from":[8.25,-0.8,5.65],"to":[8.75,2.2,6.15],"rotation":{"angle":0,"axis":"x","origin":[8.5,0.7,5.9]},"faces":{"north":{"uv":[14.999,7.999,15.998,8.999],"rotation":270,"texture":"#3"},"east":{"uv":[14.999,7.999,15.998,8.999],"rotation":270,"texture":"#3"},"south":{"uv":[14.999,7.999,15.998,8.999],"rotation":270,"texture":"#3"},"west":{"uv":[14.999,7.999,15.998,8.999],"rotation":270,"texture":"#3"},"up":{"uv":[14.999,7.999,15.998,8.999],"rotation":270,"texture":"#3"},"down":{"uv":[14.999,7.999,15.998,8.999],"rotation":270,"texture":"#3"}}},{"from":[8,3.5,7],"to":[9,5,8],"rotation":{"angle":0,"axis":"z","origin":[8.5,4.25,7.5]},"faces":{"north":{"uv":[14.999,7.999,15.998,8.999],"rotation":90,"texture":"#3"},"east":{"uv":[14.999,7.999,15.998,8.999],"rotation":90,"texture":"#3"},"south":{"uv":[14.999,7.999,15.998,8.999],"rotation":90,"texture":"#3"},"west":{"uv":[14.999,7.999,15.998,8.999],"rotation":90,"texture":"#3"},"up":{"uv":[14.999,7.999,15.998,8.999],"rotation":90,"texture":"#3"},"down":{"uv":[14.999,7.999,15.998,8.999],"rotation":90,"texture":"#3"}}},{"from":[7.96,-2.5,7],"to":[9.04,-1.5,8],"rotation":{"angle":45,"axis":"x","origin":[8.5,-2,7.5]},"faces":{"north":{"uv":[14.999,7.999,15.998,8.999],"texture":"#3"},"east":{"uv":[14.999,7.999,15.998,8.999],"texture":"#3"},"south":{"uv":[14.999,7.999,15.998,8.999],"texture":"#3"},"west":{"uv":[14.999,7.999,15.998,8.999],"texture":"#3"},"up":{"uv":[14.999,7.999,15.998,8.999],"texture":"#3"},"down":{"uv":[14.999,7.999,15.998,8.999],"texture":"#3"}}},{"from":[8.375,4,8.25],"to":[8.625,26.25,8.5],"rotation":{"angle":0,"axis":"y","origin":[8.5,15.125,8.375]},"faces":{"north":{"uv":[2,1,2.998,1.998],"texture":"#3"},"east":{"uv":[2,1,2.998,1.998],"texture":"#3"},"south":{"uv":[2,1,2.998,1.998],"texture":"#3"},"west":{"uv":[2,1,2.998,1.998],"texture":"#3"},"up":{"uv":[2,1,2.998,1.998],"texture":"#3"},"down":{"uv":[2,1,2.998,1.998],"texture":"#3"}}},{"from":[8.375,21,8.5],"to":[8.625,26.5,8.75],"rotation":{"angle":0,"axis":"y","origin":[8.5,23.75,8.625]},"faces":{"north":{"uv":[2,1,2.998,1.998],"texture":"#3"},"east":{"uv":[2,1,2.998,1.998],"texture":"#3"},"south":{"uv":[2,1,2.998,1.998],"texture":"#3"},"west":{"uv":[2,1,2.998,1.998],"texture":"#3"},"up":{"uv":[2,1,2.998,1.998],"texture":"#3"},"down":{"uv":[2,1,2.998,1.998],"texture":"#3"}}},{"from":[8.375,4,7.25],"to":[8.625,24.75,7.5],"rotation":{"angle":0,"axis":"y","origin":[8.5,14.375,7.375]},"faces":{"north":{"uv":[2,1,2.998,1.998],"texture":"#3"},"east":{"uv":[2,1,2.998,1.998],"texture":"#3"},"south":{"uv":[2,1,2.998,1.998],"texture":"#3"},"west":{"uv":[2,1,2.998,1.998],"texture":"#3"},"up":{"uv":[2,1,2.998,1.998],"texture":"#3"},"down":{"uv":[2,1,2.998,1.998],"texture":"#3"}}},{"from":[8.375,4,8],"to":[8.625,26,8.25],"rotation":{"angle":0,"axis":"y","origin":[8.5,16.125,8.375]},"faces":{"north":{"uv":[2,1,2.998,1.998],"texture":"#3"},"east":{"uv":[2,1,2.998,1.998],"texture":"#3"},"south":{"uv":[2,1,2.998,1.998],"texture":"#3"},"west":{"uv":[2,1,2.998,1.998],"texture":"#3"},"up":{"uv":[2,1,2.998,1.998],"texture":"#3"},"down":{"uv":[2,1,2.998,1.998],"texture":"#3"}}},{"from":[8.375,4,7],"to":[8.625,24,7.25],"rotation":{"angle":0,"axis":"y","origin":[8.5,16.125,7.375]},"faces":{"north":{"uv":[2,1,2.998,1.998],"texture":"#3"},"east":{"uv":[2,1,2.998,1.998],"texture":"#3"},"south":{"uv":[2,1,2.998,1.998],"texture":"#3"},"west":{"uv":[2,1,2.998,1.998],"texture":"#3"},"up":{"uv":[2,1,2.998,1.998],"texture":"#3"},"down":{"uv":[2,1,2.998,1.998],"texture":"#3"}}},{"from":[8.375,4,7.5],"to":[8.625,25.5,7.75],"rotation":{"angle":0,"axis":"y","origin":[8.5,16.125,7.375]},"faces":{"north":{"uv":[2,1,2.998,1.998],"texture":"#3"},"east":{"uv":[2,1,2.998,1.998],"texture":"#3"},"south":{"uv":[2,1,2.998,1.998],"texture":"#3"},"west":{"uv":[2,1,2.998,1.998],"texture":"#3"},"up":{"uv":[2,1,2.998,1.998],"texture":"#3"},"down":{"uv":[2,1,2.998,1.998],"texture":"#3"}}},{"from":[8.375,4,6.5],"to":[8.625,21.5,6.75],"rotation":{"angle":0,"axis":"y","origin":[8.5,14.25,6.625]},"faces":{"north":{"uv":[2,1,2.998,1.998],"texture":"#3"},"east":{"uv":[2,1,2.998,1.998],"texture":"#3"},"south":{"uv":[2,1,2.998,1.998],"texture":"#3"},"west":{"uv":[2,1,2.998,1.998],"texture":"#3"},"up":{"uv":[2,1,2.998,1.998],"texture":"#3"},"down":{"uv":[2,1,2.998,1.998],"texture":"#3"}}},{"from":[8.375,4,7.75],"to":[8.625,25.75,8],"rotation":{"angle":0,"axis":"y","origin":[8.5,16.25,7.875]},"faces":{"north":{"uv":[2,1,2.998,1.998],"texture":"#3"},"east":{"uv":[2,1,2.998,1.998],"texture":"#3"},"south":{"uv":[2,1,2.998,1.998],"texture":"#3"},"west":{"uv":[2,1,2.998,1.998],"texture":"#3"},"up":{"uv":[2,1,2.998,1.998],"texture":"#3"},"down":{"uv":[2,1,2.998,1.998],"texture":"#3"}}},{"from":[8.375,21.75,8.75],"to":[8.625,26.75,9],"rotation":{"angle":0,"axis":"y","origin":[8.5,24.25,8.875]},"faces":{"north":{"uv":[2,1,2.998,1.998],"texture":"#3"},"east":{"uv":[2,1,2.998,1.998],"texture":"#3"},"south":{"uv":[2,1,2.998,1.998],"texture":"#3"},"west":{"uv":[2,1,2.998,1.998],"texture":"#3"},"up":{"uv":[2,1,2.998,1.998],"texture":"#3"},"down":{"uv":[2,1,2.998,1.998],"texture":"#3"}}},{"from":[8.375,22.5,9],"to":[8.625,27,9.25],"rotation":{"angle":0,"axis":"y","origin":[8.5,24.75,9.125]},"faces":{"north":{"uv":[2,1,2.998,1.998],"texture":"#3"},"east":{"uv":[2,1,2.998,1.998],"texture":"#3"},"south":{"uv":[2,1,2.998,1.998],"texture":"#3"},"west":{"uv":[2,1,2.998,1.998],"texture":"#3"},"up":{"uv":[2,1,2.998,1.998],"texture":"#3"},"down":{"uv":[2,1,2.998,1.998],"texture":"#3"}}},{"from":[8.375,23.25,9.25],"to":[8.625,27.25,9.5],"rotation":{"angle":0,"axis":"y","origin":[8.5,25.25,9.375]},"faces":{"north":{"uv":[2,1,2.998,1.998],"texture":"#3"},"east":{"uv":[2,1,2.998,1.998],"texture":"#3"},"south":{"uv":[2,1,2.998,1.998],"texture":"#3"},"west":{"uv":[2,1,2.998,1.998],"texture":"#3"},"up":{"uv":[2,1,2.998,1.998],"texture":"#3"},"down":{"uv":[2,1,2.998,1.998],"texture":"#3"}}},{"from":[8.375,4,6.75],"to":[8.625,22.75,7],"rotation":{"angle":0,"axis":"y","origin":[8.5,16.25,6.875]},"faces":{"north":{"uv":[2,1,2.998,1.998],"texture":"#3"},"east":{"uv":[2,1,2.998,1.998],"texture":"#3"},"south":{"uv":[2,1,2.998,1.998],"texture":"#3"},"west":{"uv":[2,1,2.998,1.998],"texture":"#3"},"up":{"uv":[2,1,2.998,1.998],"texture":"#3"},"down":{"uv":[2,1,2.998,1.998],"texture":"#3"}}},{"from":[8.25,4,7.25],"to":[8.75,23,7.75],"rotation":{"angle":0,"axis":"y","origin":[8.5,15,7.5]},"faces":{"north":{"uv":[2,1,2.998,1.998],"texture":"#3"},"east":{"uv":[2,1,2.998,1.998],"texture":"#3"},"south":{"uv":[2,1,2.998,1.998],"texture":"#3"},"west":{"uv":[2,1,2.998,1.998],"texture":"#3"},"up":{"uv":[2,1,2.998,1.998],"texture":"#3"},"down":{"uv":[2,1,2.998,1.998],"texture":"#3"}}},{"from":[8.25,4,7.75],"to":[8.75,24.5,8.25],"rotation":{"angle":0,"axis":"y","origin":[8.5,14.25,8]},"faces":{"north":{"uv":[2,1,2.998,1.998],"texture":"#3"},"east":{"uv":[2,1,2.998,1.998],"texture":"#3"},"south":{"uv":[2,1,2.998,1.998],"texture":"#3"},"west":{"uv":[2,1,2.998,1.998],"texture":"#3"},"up":{"uv":[2,1,2.998,1.998],"texture":"#3"},"down":{"uv":[2,1,2.998,1.998],"texture":"#3"}}},{"from":[8.25,23,8.25],"to":[8.75,25.5,8.75],"rotation":{"angle":0,"axis":"y","origin":[8.5,24.25,8.5]},"faces":{"north":{"uv":[2,1,2.998,1.998],"texture":"#3"},"east":{"uv":[2,1,2.998,1.998],"texture":"#3"},"south":{"uv":[2,1,2.998,1.998],"texture":"#3"},"west":{"uv":[2,1,2.998,1.998],"texture":"#3"},"up":{"uv":[2,1,2.998,1.998],"texture":"#3"},"down":{"uv":[2,1,2.998,1.998],"texture":"#3"}}},{"from":[8.25,4,6.75],"to":[8.75,20.5,7.25],"rotation":{"angle":0,"axis":"y","origin":[8.5,14.5,7]},"faces":{"north":{"uv":[2,1,2.998,1.998],"texture":"#3"},"east":{"uv":[2,1,2.998,1.998],"texture":"#3"},"south":{"uv":[2,1,2.998,1.998],"texture":"#3"},"west":{"uv":[2,1,2.998,1.998],"texture":"#3"},"up":{"uv":[2,1,2.998,1.998],"texture":"#3"},"down":{"uv":[2,1,2.998,1.998],"texture":"#3"}}}],"display":{"thirdperson_righthand":{"translation":[-1,5.25,1.25]},"thirdperson_lefthand":{"translation":[-0.25,5.25,1.5]},"firstperson_righthand":{"rotation":[-5,0,0],"translation":[1.75,3.25,-0.75],"scale":[0.8,0.8,0.8]},"firstperson_lefthand":{"rotation":[-5,0,0],"translation":[1.75,3.25,-0.75],"scale":[0.8,0.8,0.8]},"ground":{"translation":[0,6,0]},"gui":{"rotation":[-45,-41,-62],"translation":[-2.5,-1.75,0],"scale":[0.8,0.8,0.8]},"head":{"translation":[-0.75,6.5,0],"scale":[1,-1,1]},"fixed":{"rotation":[0,90,0],"translation":[1,-1.75,-0.5]}}}