{
	"credit": "Made with Blockbench",
	"ambientocclusion": false,
	"textures": {
	"particle": "block/rail",	"1": "block/rail",
		"2": "block/ladder",
		"3": "block/detector_rail",
		"particle": "block/detector_rail"
	},
	"elements": [
		{
			"from": [2, -2, 7],
			"to": [4, 21, 8],
			"rotation": {"angle": 45, "axis": "x", "origin": [8, 9, 8]},
			"faces": {
				"north": {"uv": [2, 0, 4, 16], "rotation": 180, "texture": "#1"},
				"east": {"uv": [3, 0, 4, 16], "rotation": 180, "texture": "#1"},
				"south": {"uv": [2, 0, 4, 16], "texture": "#1"},
				"west": {"uv": [2, 0, 3, 16], "texture": "#1"},
				"up": {"uv": [2, 0, 4, 1], "texture": "#1"},
				"down": {"uv": [2, 0, 4, 1], "rotation": 180, "texture": "#1"}
			}
		},
		{
			"from": [12, -2, 7],
			"to": [14, 21, 8],
			"rotation": {"angle": 45, "axis": "x", "origin": [8, 9, 8]},
			"faces": {
				"north": {"uv": [12, 0, 14, 16], "rotation": 180, "texture": "#1"},
				"east": {"uv": [13, 0, 14, 16], "rotation": 180, "texture": "#1"},
				"south": {"uv": [12, 0, 14, 16], "texture": "#1"},
				"west": {"uv": [12, 0, 13, 16], "texture": "#1"},
				"up": {"uv": [2, 0, 4, 1], "texture": "#1"},
				"down": {"uv": [2, 0, 4, 1], "rotation": 180, "texture": "#1"}
			}
		},
		{
			"from": [1, 2, 8],
			"to": [15, 4, 9],
			"rotation": {"angle": 45, "axis": "x", "origin": [8, 9, 8]},
			"faces": {
				"north": {"uv": [1, 1, 15, 3], "rotation": 180, "texture": "#1"},
				"east": {"uv": [14, 1, 15, 3], "rotation": 180, "texture": "#1"},
				"south": {"uv": [1, 1, 15, 3], "texture": "#2"},
				"west": {"uv": [1, 1, 2, 3], "texture": "#1"},
				"up": {"uv": [1, 2, 15, 3], "texture": "#2"},
				"down": {"uv": [1, 1, 15, 2], "rotation": 180, "texture": "#2"}
			}
		},
		{
			"from": [1, 10, 8],
			"to": [15, 12, 9],
			"rotation": {"angle": 45, "axis": "x", "origin": [8, 9, 8]},
			"faces": {
				"north": {"uv": [1, 9, 15, 11], "rotation": 180, "texture": "#1"},
				"east": {"uv": [14, 1, 15, 3], "rotation": 180, "texture": "#1"},
				"south": {"uv": [1, 9, 15, 11], "texture": "#2"},
				"west": {"uv": [1, 1, 2, 3], "texture": "#1"},
				"up": {"uv": [1, 2, 15, 3], "texture": "#2"},
				"down": {"uv": [1, 1, 15, 2], "rotation": 180, "texture": "#2"}
			}
		},
		{
			"from": [1, 6, 8],
			"to": [15, 8, 9],
			"rotation": {"angle": 45, "axis": "x", "origin": [8, 9, 8]},
			"faces": {
				"north": {"uv": [1, 5, 15, 7], "rotation": 180, "texture": "#1"},
				"east": {"uv": [14, 1, 15, 3], "rotation": 180, "texture": "#1"},
				"south": {"uv": [1, 5, 15, 7], "texture": "#2"},
				"west": {"uv": [1, 1, 2, 3], "texture": "#1"},
				"up": {"uv": [1, 2, 15, 3], "texture": "#2"},
				"down": {"uv": [1, 1, 15, 2], "rotation": 180, "texture": "#2"}
			}
		},
		{
			"from": [1, 14, 8],
			"to": [15, 16, 9],
			"rotation": {"angle": 45, "axis": "x", "origin": [8, 9, 8]},
			"faces": {
				"north": {"uv": [1, 13, 15, 15], "rotation": 180, "texture": "#1"},
				"east": {"uv": [14, 1, 15, 3], "rotation": 180, "texture": "#1"},
				"south": {"uv": [1, 13, 15, 15], "texture": "#2"},
				"west": {"uv": [1, 1, 2, 3], "texture": "#1"},
				"up": {"uv": [1, 2, 15, 3], "texture": "#2"},
				"down": {"uv": [1, 1, 15, 2], "rotation": 180, "texture": "#2"}
			}
		},
		{
			"from": [5, 6, 7],
			"to": [11, 12, 8],
			"rotation": {"angle": 45, "axis": "x", "origin": [8, 9, 8]},
			"faces": {
				"north": {"uv": [5, 5, 11, 11], "texture": "#3"},
				"east": {"uv": [5, 5, 11, 6], "rotation": 90, "texture": "#3"},
				"south": {"uv": [5, 5, 11, 11], "rotation": 180, "texture": "#3"},
				"west": {"uv": [5, 10, 11, 11], "rotation": 270, "texture": "#3"},
				"up": {"uv": [5, 5, 11, 6], "texture": "#3"},
				"down": {"uv": [5, 10, 11, 11], "rotation": 180, "texture": "#3"}
			}
		}
	],
	"groups": [
		{
			"name": "rail",
			"origin": [8, 8, 8],
			"children": [0, 1, 2, 3, 4, 5]
		},
		{
			"name": "detector_rail",
			"origin": [8, 8, 8],
			"children": [6]
		}
	]
}