{
	"credit": "Made with Blockbench",
	"ambientocclusion": false,
	"textures": {
	"particle": "block/rail",		"1": "block/rail",
		"2": "block/ladder",
		"6": "block/powered_rail",
		"2_1": "block/rail"
	},
	"elements": [
		{
			"from": [1, 8, 1],
			"to": [15, 9, 3],
			"rotation": {"angle": -45, "axis": "x", "origin": [8, 9, 8]},
			"faces": {
				"north": {"uv": [1, 1, 15, 2], "texture": "#2"},
				"east": {"uv": [14, 1, 15, 3], "rotation": 90, "texture": "#1"},
				"south": {"uv": [1, 2, 15, 3], "texture": "#2"},
				"west": {"uv": [1, 1, 2, 3], "rotation": 90, "texture": "#1"},
				"up": {"uv": [1, 1, 15, 3], "texture": "#6"},
				"down": {"uv": [1, 1, 15, 3], "texture": "#2"}
			}
		},
		{
			"from": [1, 8, 9],
			"to": [15, 9, 11],
			"rotation": {"angle": -45, "axis": "x", "origin": [8, 9, 8]},
			"faces": {
				"north": {"uv": [1, 1, 15, 2], "texture": "#2"},
				"east": {"uv": [14, 1, 15, 3], "rotation": 90, "texture": "#1"},
				"south": {"uv": [1, 2, 15, 3], "texture": "#2"},
				"west": {"uv": [1, 1, 2, 3], "rotation": 90, "texture": "#1"},
				"up": {"uv": [1, 9, 15, 11], "texture": "#6"},
				"down": {"uv": [1, 9, 15, 11], "texture": "#2"}
			}
		},
		{
			"from": [1, 8, 5],
			"to": [15, 9, 7],
			"rotation": {"angle": -45, "axis": "x", "origin": [8, 9, 8]},
			"faces": {
				"north": {"uv": [1, 1, 15, 2], "texture": "#2"},
				"east": {"uv": [14, 1, 15, 3], "rotation": 90, "texture": "#1"},
				"south": {"uv": [1, 2, 15, 3], "texture": "#2"},
				"west": {"uv": [1, 1, 2, 3], "rotation": 90, "texture": "#1"},
				"up": {"uv": [1, 5, 15, 7], "texture": "#6"},
				"down": {"uv": [1, 5, 15, 7], "texture": "#2"}
			}
		},
		{
			"from": [1, 8, 13],
			"to": [15, 9, 15],
			"rotation": {"angle": -45, "axis": "x", "origin": [8, 9, 8]},
			"faces": {
				"north": {"uv": [1, 1, 15, 2], "texture": "#2"},
				"east": {"uv": [14, 1, 15, 3], "rotation": 90, "texture": "#1"},
				"south": {"uv": [1, 2, 15, 3], "texture": "#2"},
				"west": {"uv": [1, 1, 2, 3], "rotation": 90, "texture": "#1"},
				"up": {"uv": [1, 13, 15, 15], "texture": "#6"},
				"down": {"uv": [1, 13, 15, 15], "texture": "#2"}
			}
		},
		{
			"from": [11, 9, -3],
			"to": [14, 10, 20],
			"rotation": {"angle": -45, "axis": "x", "origin": [8, 9, 8]},
			"faces": {
				"north": {"uv": [2, 0, 5, 1], "texture": "#6"},
				"east": {"uv": [2, 0, 3, 16], "rotation": 90, "texture": "#2_1"},
				"south": {"uv": [11, 0, 14, 1], "texture": "#6"},
				"west": {"uv": [4, 0, 5, 16], "rotation": 90, "texture": "#6"},
				"up": {"uv": [2, 0, 5, 16], "rotation": 180, "texture": "#6"},
				"down": {"uv": [2, 0, 5, 16], "rotation": 180, "texture": "#6"}
			}
		},
		{
			"from": [2, 9, -3],
			"to": [5, 10, 20],
			"rotation": {"angle": -45, "axis": "x", "origin": [8, 9, 8]},
			"faces": {
				"north": {"uv": [11, 0, 14, 1], "texture": "#6"},
				"east": {"uv": [11, 0, 12, 16], "rotation": 90, "texture": "#6"},
				"south": {"uv": [2, 0, 5, 1], "texture": "#6"},
				"west": {"uv": [13, 0, 14, 16], "rotation": 90, "texture": "#2_1"},
				"up": {"uv": [11, 0, 14, 16], "rotation": 180, "texture": "#6"},
				"down": {"uv": [11, 0, 14, 16], "rotation": 180, "texture": "#6"}
			}
		},
		{
			"from": [7, 8, 11],
			"to": [9, 9, 13],
			"rotation": {"angle": -45, "axis": "x", "origin": [8, 9, 8]},
			"faces": {
				"north": {"uv": [0, 0, 2, 1], "texture": "#missing"},
				"east": {"uv": [7, 3, 9, 4], "texture": "#6"},
				"south": {"uv": [0, 0, 2, 1], "texture": "#missing"},
				"west": {"uv": [7, 3, 9, 4], "texture": "#6"},
				"up": {"uv": [7, 11, 9, 13], "rotation": 180, "texture": "#6"},
				"down": {"uv": [7, 11, 9, 13], "rotation": 180, "texture": "#6"}
			}
		},
		{
			"from": [7, 8, 7],
			"to": [9, 9, 9],
			"rotation": {"angle": -45, "axis": "x", "origin": [8, 9, 8]},
			"faces": {
				"north": {"uv": [0, 0, 2, 1], "texture": "#missing"},
				"east": {"uv": [7, 3, 9, 4], "texture": "#6"},
				"south": {"uv": [0, 0, 2, 1], "texture": "#missing"},
				"west": {"uv": [7, 3, 9, 4], "texture": "#6"},
				"up": {"uv": [7, 7, 9, 9], "rotation": 180, "texture": "#6"},
				"down": {"uv": [7, 7, 9, 9], "rotation": 180, "texture": "#6"}
			}
		},
		{
			"from": [7, 8, 3],
			"to": [9, 9, 5],
			"rotation": {"angle": -45, "axis": "x", "origin": [8, 9, 8]},
			"faces": {
				"north": {"uv": [0, 0, 2, 1], "texture": "#missing"},
				"east": {"uv": [7, 3, 9, 4], "texture": "#6"},
				"south": {"uv": [0, 0, 2, 1], "texture": "#missing"},
				"west": {"uv": [7, 3, 9, 4], "texture": "#6"},
				"up": {"uv": [7, 3, 9, 5], "rotation": 180, "texture": "#6"},
				"down": {"uv": [7, 3, 9, 5], "rotation": 180, "texture": "#6"}
			}
		}
	],
	"groups": [
		{
			"name": "rail",
			"origin": [8, 8, 8],
			"children": [0, 1, 2, 3]
		},
		{
			"name": "activator_rail",
			"origin": [8, 8, 8],
			"children": []
		},
		{
			"name": "powered_rail",
			"origin": [8, 8, 8],
			"children": [4, 5, 6, 7, 8]
		}
	]
}