{
	"credit": "Made with Blockbench",
	"ambientocclusion": false,
	"textures": {
		"0": "block/rail_corner",
		"particle": "block/rail_corner"
	},
	"elements": [
		{
			"from": [3, 1, 10],
			"to": [5, 2, 12],
			"faces": {
				"north": {"uv": [3, 10, 5, 11], "texture": "#0"},
				"east": {"uv": [4, 10, 5, 12], "texture": "#0"},
				"south": {"uv": [3, 10, 5, 11], "texture": "#0"},
				"west": {"uv": [3, 10, 5, 11], "texture": "#0"},
				"up": {"uv": [3, 10, 5, 12], "texture": "#0"},
				"down": {"uv": [10, 3, 12, 5], "rotation": 270, "texture": "#0"}
			}
		},
		{
			"from": [10, 1, 3],
			"to": [12, 2, 5],
			"faces": {
				"north": {"uv": [10, 3, 12, 4], "rotation": 180, "texture": "#0"},
				"east": {"uv": [8, 4, 10, 5], "rotation": 180, "texture": "#0"},
				"south": {"uv": [10, 3, 12, 4], "rotation": 180, "texture": "#0"},
				"west": {"uv": [3, 10, 5, 11], "rotation": 180, "texture": "#0"},
				"up": {"uv": [10, 3, 12, 5], "texture": "#0"},
				"down": {"uv": [3, 10, 5, 12], "rotation": 270, "texture": "#0"}
			}
		},
		{
			"from": [4, 1, 8],
			"to": [6, 2, 10],
			"faces": {
				"north": {"uv": [4, 8, 6, 9], "texture": "#0"},
				"east": {"uv": [5, 8, 6, 10], "rotation": 90, "texture": "#0"},
				"south": {"uv": [4, 9, 6, 10], "texture": "#0"},
				"west": {"uv": [4, 8, 6, 9], "texture": "#0"},
				"up": {"uv": [4, 8, 6, 10], "texture": "#0"},
				"down": {"uv": [8, 4, 10, 6], "rotation": 270, "texture": "#0"}
			}
		},
		{
			"from": [8, 1, 4],
			"to": [10, 2, 6],
			"faces": {
				"north": {"uv": [8, 4, 10, 5], "rotation": 180, "texture": "#0"},
				"east": {"uv": [8, 4, 10, 5], "rotation": 180, "texture": "#0"},
				"south": {"uv": [8, 5, 10, 6], "rotation": 180, "texture": "#0"},
				"west": {"uv": [4, 8, 6, 9], "rotation": 180, "texture": "#0"},
				"up": {"uv": [8, 4, 10, 6], "texture": "#0"},
				"down": {"uv": [4, 8, 6, 10], "rotation": 270, "texture": "#0"}
			}
		},
		{
			"from": [5, 1, 7],
			"to": [7, 2, 8],
			"faces": {
				"north": {"uv": [5, 7, 6, 8], "texture": "#0"},
				"east": {"uv": [7, 6, 8, 7], "texture": "#0"},
				"south": {"uv": [6, 7, 7, 8], "texture": "#0"},
				"west": {"uv": [5, 7, 6, 8], "texture": "#0"},
				"up": {"uv": [5, 7, 7, 8], "texture": "#0"},
				"down": {"uv": [7, 5, 8, 7], "rotation": 270, "texture": "#0"}
			}
		},
		{
			"from": [7, 1, 5],
			"to": [8, 2, 7],
			"faces": {
				"north": {"uv": [7, 5, 8, 6], "texture": "#0"},
				"east": {"uv": [8, 5, 10, 6], "texture": "#0"},
				"south": {"uv": [7, 6, 8, 7], "texture": "#0"},
				"west": {"uv": [5, 7, 6, 8], "texture": "#0"},
				"up": {"uv": [7, 5, 8, 7], "texture": "#0"},
				"down": {"uv": [5, 7, 7, 8], "rotation": 270, "texture": "#0"}
			}
		},
		{
			"from": [2, 1, 12],
			"to": [4, 2, 16],
			"faces": {
				"north": {"uv": [2, 12, 4, 13], "texture": "#0"},
				"east": {"uv": [3, 12, 4, 16], "rotation": 90, "texture": "#0"},
				"south": {"uv": [2, 15, 4, 16], "texture": "#0"},
				"west": {"uv": [12, 2, 16, 3], "texture": "#0"},
				"up": {"uv": [2, 12, 4, 16], "texture": "#0"},
				"down": {"uv": [12, 2, 16, 4], "rotation": 270, "texture": "#0"}
			}
		},
		{
			"from": [12, 1, 2],
			"to": [16, 2, 4],
			"faces": {
				"north": {"uv": [12, 2, 16, 3], "rotation": 180, "texture": "#0"},
				"east": {"uv": [2, 15, 4, 16], "rotation": 180, "texture": "#0"},
				"south": {"uv": [12, 3, 16, 4], "rotation": 180, "texture": "#0"},
				"west": {"uv": [2, 12, 4, 13], "rotation": 180, "texture": "#0"},
				"up": {"uv": [12, 2, 16, 4], "texture": "#0"},
				"down": {"uv": [2, 12, 4, 16], "rotation": 270, "texture": "#0"}
			}
		},
		{
			"from": [14, 1, 12],
			"to": [16, 2, 14],
			"faces": {
				"north": {"uv": [14, 12, 16, 13], "rotation": 180, "texture": "#0"},
				"east": {"uv": [12, 15, 14, 16], "rotation": 180, "texture": "#0"},
				"south": {"uv": [14, 13, 16, 14], "rotation": 180, "texture": "#0"},
				"west": {"uv": [14, 12, 15, 13], "rotation": 180, "texture": "#0"},
				"up": {"uv": [14, 12, 16, 14], "texture": "#0"},
				"down": {"uv": [12, 14, 14, 16], "rotation": 270, "texture": "#0"}
			}
		},
		{
			"from": [12, 1, 14],
			"to": [14, 2, 16],
			"faces": {
				"north": {"uv": [12, 14, 13, 15], "rotation": 180, "texture": "#0"},
				"east": {"uv": [12, 15, 14, 16], "rotation": 180, "texture": "#0"},
				"south": {"uv": [12, 15, 14, 16], "rotation": 180, "texture": "#0"},
				"west": {"uv": [12, 14, 13, 16], "rotation": 270, "texture": "#0"},
				"up": {"uv": [12, 14, 14, 16], "texture": "#0"},
				"down": {"uv": [14, 12, 16, 14], "rotation": 270, "texture": "#0"}
			}
		},
		{
			"from": [6, 1, 6],
			"to": [7, 2, 7],
			"faces": {
				"north": {"uv": [6, 6, 7, 7], "texture": "#0"},
				"east": {"uv": [0, 0, 1, 1], "texture": "#missing"},
				"south": {"uv": [0, 0, 1, 1], "texture": "#missing"},
				"west": {"uv": [6, 6, 7, 7], "texture": "#0"},
				"up": {"uv": [6, 6, 7, 7], "texture": "#0"},
				"down": {"uv": [5, 7, 6, 8], "texture": "#0"}
			}
		},
		{
			"from": [13, 1, 13],
			"to": [14, 2, 14],
			"faces": {
				"north": {"uv": [13, 13, 14, 14], "texture": "#0"},
				"east": {"uv": [0, 0, 1, 1], "texture": "#missing"},
				"south": {"uv": [0, 0, 1, 1], "texture": "#missing"},
				"west": {"uv": [13, 13, 14, 14], "texture": "#0"},
				"up": {"uv": [13, 13, 14, 14], "texture": "#0"},
				"down": {"uv": [13, 13, 14, 14], "texture": "#0"}
			}
		},
		{
			"from": [11, 0, 1],
			"to": [13, 1, 4],
			"faces": {
				"north": {"uv": [11, 1, 13, 2], "texture": "#0"},
				"east": {"uv": [13, 4, 14, 7], "rotation": 90, "texture": "#0"},
				"south": {"uv": [12, 4, 14, 5], "texture": "#0"},
				"west": {"uv": [12, 4, 13, 7], "rotation": 270, "texture": "#0"},
				"up": {"uv": [11, 1, 13, 4], "texture": "#0"},
				"down": {"uv": [9, 13, 12, 15], "rotation": 90, "texture": "#0"}
			}
		},
		{
			"from": [9, 0, 13],
			"to": [13, 1, 15],
			"faces": {
				"north": {"uv": [5, 12, 9, 13], "rotation": 180, "texture": "#0"},
				"east": {"uv": [0, 0, 2, 1], "rotation": 180, "texture": "#missing"},
				"south": {"uv": [4, 13, 8, 14], "rotation": 180, "texture": "#0"},
				"west": {"uv": [9, 13, 10, 15], "rotation": 270, "texture": "#0"},
				"up": {"uv": [9, 13, 13, 15], "texture": "#0"},
				"down": {"uv": [12, 5, 14, 9], "rotation": 90, "texture": "#0"}
			}
		},
		{
			"from": [12, 0, 4],
			"to": [14, 1, 9],
			"faces": {
				"north": {"uv": [13, 4, 14, 5], "texture": "#0"},
				"east": {"uv": [13, 4, 14, 9], "rotation": 90, "texture": "#0"},
				"south": {"uv": [12, 8, 13, 9], "texture": "#0"},
				"west": {"uv": [12, 4, 13, 9], "rotation": 270, "texture": "#0"},
				"up": {"uv": [12, 4, 14, 9], "texture": "#0"},
				"down": {"uv": [4, 12, 9, 14], "rotation": 90, "texture": "#0"}
			}
		},
		{
			"from": [4, 0, 12],
			"to": [9, 1, 14],
			"faces": {
				"north": {"uv": [4, 12, 9, 13], "rotation": 180, "texture": "#0"},
				"east": {"uv": [7, 12, 9, 13], "rotation": 180, "texture": "#0"},
				"south": {"uv": [4, 13, 9, 14], "rotation": 180, "texture": "#0"},
				"west": {"uv": [9, 13, 10, 15], "rotation": 270, "texture": "#0"},
				"up": {"uv": [4, 12, 9, 14], "texture": "#0"},
				"down": {"uv": [12, 4, 14, 9], "rotation": 90, "texture": "#0"}
			}
		},
		{
			"from": [13, 0, 9],
			"to": [15, 1, 15],
			"faces": {
				"north": {"uv": [13, 4, 14, 5], "texture": "#0"},
				"east": {"uv": [13, 3, 14, 9], "rotation": 270, "texture": "#0"},
				"south": {"uv": [11, 14, 13, 15], "texture": "#0"},
				"west": {"uv": [12, 3, 13, 9], "rotation": 90, "texture": "#0"},
				"up": {"uv": [13, 9, 15, 15], "texture": "#0"},
				"down": {"uv": [9, 13, 12, 15], "rotation": 90, "texture": "#0"}
			}
		},
		{
			"from": [1, 0, 11],
			"to": [4, 1, 13],
			"faces": {
				"north": {"uv": [6, 12, 9, 13], "rotation": 180, "texture": "#0"},
				"east": {"uv": [7, 12, 9, 13], "rotation": 180, "texture": "#0"},
				"south": {"uv": [4, 13, 7, 14], "rotation": 180, "texture": "#0"},
				"west": {"uv": [1, 11, 2, 13], "rotation": 270, "texture": "#0"},
				"up": {"uv": [1, 11, 4, 13], "texture": "#0"},
				"down": {"uv": [12, 4, 14, 7], "rotation": 90, "texture": "#0"}
			}
		},
		{
			"from": [14, 0, 15],
			"to": [15, 1, 16],
			"faces": {
				"north": {"uv": [0, 0, 1, 1], "texture": "#missing"},
				"east": {"uv": [14, 15, 15, 16], "texture": "#0"},
				"south": {"uv": [14, 15, 15, 16], "texture": "#0"},
				"west": {"uv": [14, 15, 15, 16], "texture": "#0"},
				"up": {"uv": [14, 15, 15, 16], "texture": "#0"},
				"down": {"uv": [14, 15, 15, 16], "texture": "#0"}
			}
		},
		{
			"from": [15, 0, 14],
			"to": [16, 1, 15],
			"faces": {
				"north": {"uv": [15, 14, 16, 15], "texture": "#0"},
				"east": {"uv": [15, 14, 16, 15], "texture": "#0"},
				"south": {"uv": [15, 14, 16, 15], "texture": "#0"},
				"west": {"uv": [0, 0, 1, 1], "texture": "#missing"},
				"up": {"uv": [15, 14, 16, 15], "texture": "#0"},
				"down": {"uv": [15, 14, 16, 15], "texture": "#0"}
			}
		},
		{
			"from": [11, 0, 12],
			"to": [13, 1, 13],
			"faces": {
				"north": {"uv": [0, 0, 2, 1], "texture": "#missing"},
				"east": {"uv": [0, 0, 1, 1], "texture": "#missing"},
				"south": {"uv": [0, 0, 2, 1], "texture": "#missing"},
				"west": {"uv": [11, 12, 12, 13], "texture": "#0"},
				"up": {"uv": [11, 12, 13, 13], "texture": "#0"},
				"down": {"uv": [12, 11, 13, 13], "rotation": 270, "texture": "#0"}
			}
		},
		{
			"from": [10, 0, 11],
			"to": [13, 1, 12],
			"faces": {
				"north": {"uv": [10, 11, 13, 12], "texture": "#0"},
				"east": {"uv": [0, 0, 1, 1], "texture": "#missing"},
				"south": {"uv": [10, 11, 13, 12], "texture": "#0"},
				"west": {"uv": [10, 11, 11, 12], "texture": "#0"},
				"up": {"uv": [10, 11, 13, 12], "texture": "#0"},
				"down": {"uv": [11, 10, 12, 13], "rotation": 270, "texture": "#0"}
			}
		},
		{
			"from": [8, 0, 9],
			"to": [11, 1, 10],
			"faces": {
				"north": {"uv": [8, 9, 11, 10], "texture": "#0"},
				"east": {"uv": [10, 9, 11, 10], "texture": "#0"},
				"south": {"uv": [8, 9, 11, 10], "texture": "#0"},
				"west": {"uv": [8, 9, 9, 10], "texture": "#0"},
				"up": {"uv": [8, 9, 11, 10], "texture": "#0"},
				"down": {"uv": [9, 8, 10, 11], "rotation": 270, "texture": "#0"}
			}
		},
		{
			"from": [6, 0, 7],
			"to": [9, 1, 8],
			"faces": {
				"north": {"uv": [7, 8, 10, 9], "texture": "#0"},
				"east": {"uv": [8, 7, 9, 8], "texture": "#0"},
				"south": {"uv": [7, 8, 10, 9], "texture": "#0"},
				"west": {"uv": [7, 8, 8, 9], "texture": "#0"},
				"up": {"uv": [6, 7, 9, 8], "texture": "#0"},
				"down": {"uv": [9, 8, 10, 11], "rotation": 270, "texture": "#0"}
			}
		},
		{
			"from": [9, 0, 10],
			"to": [12, 1, 11],
			"faces": {
				"north": {"uv": [9, 10, 12, 11], "texture": "#0"},
				"east": {"uv": [11, 10, 12, 11], "texture": "#0"},
				"south": {"uv": [9, 10, 12, 11], "texture": "#0"},
				"west": {"uv": [9, 10, 10, 11], "texture": "#0"},
				"up": {"uv": [9, 10, 12, 11], "texture": "#0"},
				"down": {"uv": [10, 9, 11, 12], "rotation": 270, "texture": "#0"}
			}
		},
		{
			"from": [7, 0, 8],
			"to": [10, 1, 9],
			"faces": {
				"north": {"uv": [7, 8, 10, 9], "texture": "#0"},
				"east": {"uv": [9, 8, 10, 9], "texture": "#0"},
				"south": {"uv": [7, 8, 10, 9], "texture": "#0"},
				"west": {"uv": [7, 8, 8, 9], "texture": "#0"},
				"up": {"uv": [7, 8, 10, 9], "texture": "#0"},
				"down": {"uv": [8, 7, 9, 10], "rotation": 270, "texture": "#0"}
			}
		},
		{
			"from": [5, 0, 6],
			"to": [8, 1, 7],
			"faces": {
				"north": {"uv": [7, 8, 10, 9], "texture": "#0"},
				"east": {"uv": [7, 8, 8, 9], "texture": "#0"},
				"south": {"uv": [7, 8, 10, 9], "texture": "#0"},
				"west": {"uv": [6, 5, 7, 6], "texture": "#0"},
				"up": {"uv": [5, 6, 8, 7], "texture": "#0"},
				"down": {"uv": [8, 7, 9, 10], "rotation": 270, "texture": "#0"}
			}
		},
		{
			"from": [6, 0, 5],
			"to": [7, 1, 6],
			"faces": {
				"north": {"uv": [5, 6, 6, 7], "texture": "#0"},
				"east": {"uv": [5, 6, 6, 7], "texture": "#0"},
				"south": {"uv": [0, 0, 1, 1], "texture": "#missing"},
				"west": {"uv": [5, 6, 6, 7], "texture": "#0"},
				"up": {"uv": [6, 5, 7, 6], "texture": "#0"},
				"down": {"uv": [5, 6, 6, 7], "texture": "#0"}
			}
		}
	]
}