{
	"credit": "Made with Blockbench",
	"ambientocclusion": false,
	"textures": {
	"particle": "block/rail",		"1": "block/rail",
		"2": "block/ladder"
	},
	"elements": [
		{
			"from": [2, 1, 0],
			"to": [4, 2, 16],
			"faces": {
				"north": {"uv": [2, 0, 4, 1], "texture": "#1"},
				"east": {"uv": [3, 0, 4, 16], "rotation": 90, "texture": "#1"},
				"south": {"uv": [2, 0, 4, 1], "texture": "#1"},
				"west": {"uv": [2, 0, 3, 16], "rotation": 90, "texture": "#1"},
				"up": {"uv": [2, 0, 4, 16], "texture": "#1"},
				"down": {"uv": [2, 0, 4, 16], "texture": "#1"}
			}
		},
		{
			"from": [12, 1, 0],
			"to": [14, 2, 16],
			"faces": {
				"north": {"uv": [2, 0, 4, 1], "texture": "#1"},
				"east": {"uv": [13, 0, 14, 16], "rotation": 90, "texture": "#1"},
				"south": {"uv": [2, 0, 4, 1], "texture": "#1"},
				"west": {"uv": [12, 0, 13, 16], "rotation": 90, "texture": "#1"},
				"up": {"uv": [12, 0, 14, 16], "texture": "#1"},
				"down": {"uv": [12, 0, 14, 16], "texture": "#1"}
			}
		},
		{
			"from": [1, 0, 1],
			"to": [15, 1, 3],
			"faces": {
				"north": {"uv": [1, 1, 15, 2], "texture": "#2"},
				"east": {"uv": [14, 1, 15, 3], "rotation": 90, "texture": "#1"},
				"south": {"uv": [1, 2, 15, 3], "texture": "#2"},
				"west": {"uv": [1, 1, 2, 3], "rotation": 90, "texture": "#1"},
				"up": {"uv": [1, 1, 15, 3], "texture": "#1"},
				"down": {"uv": [1, 1, 15, 3], "texture": "#2"}
			}
		},
		{
			"from": [1, 0, 9],
			"to": [15, 1, 11],
			"faces": {
				"north": {"uv": [1, 1, 15, 2], "texture": "#2"},
				"east": {"uv": [14, 1, 15, 3], "rotation": 90, "texture": "#1"},
				"south": {"uv": [1, 2, 15, 3], "texture": "#2"},
				"west": {"uv": [1, 1, 2, 3], "rotation": 90, "texture": "#1"},
				"up": {"uv": [1, 9, 15, 11], "texture": "#1"},
				"down": {"uv": [1, 9, 15, 11], "texture": "#2"}
			}
		},
		{
			"from": [1, 0, 5],
			"to": [15, 1, 7],
			"faces": {
				"north": {"uv": [1, 1, 15, 2], "texture": "#2"},
				"east": {"uv": [14, 1, 15, 3], "rotation": 90, "texture": "#1"},
				"south": {"uv": [1, 2, 15, 3], "texture": "#2"},
				"west": {"uv": [1, 1, 2, 3], "rotation": 90, "texture": "#1"},
				"up": {"uv": [1, 5, 15, 7], "texture": "#1"},
				"down": {"uv": [1, 5, 15, 7], "texture": "#2"}
			}
		},
		{
			"from": [1, 0, 13],
			"to": [15, 1, 15],
			"faces": {
				"north": {"uv": [1, 1, 15, 2], "texture": "#2"},
				"east": {"uv": [14, 1, 15, 3], "rotation": 90, "texture": "#1"},
				"south": {"uv": [1, 2, 15, 3], "texture": "#2"},
				"west": {"uv": [1, 1, 2, 3], "rotation": 90, "texture": "#1"},
				"up": {"uv": [1, 13, 15, 15], "texture": "#1"},
				"down": {"uv": [1, 13, 15, 15], "texture": "#2"}
			}
		}
	]
}