{
	"credit": "Made with Blockbench",
	"ambientocclusion": false,
	"textures": {
	"particle": "block/rail",		"1": "block/rail",
		"2": "block/ladder"
	},
	"elements": [
		{
			"from": [12, 9, -4],
			"to": [14, 10, 19],
			"rotation": {"angle": 45, "axis": "x", "origin": [8, 9, 8]},
			"faces": {
				"north": {"uv": [2, 0, 4, 1], "texture": "#1"},
				"east": {"uv": [2, 0, 3, 16], "rotation": 90, "texture": "#1"},
				"south": {"uv": [2, 0, 4, 1], "texture": "#1"},
				"west": {"uv": [3, 0, 4, 16], "rotation": 90, "texture": "#1"},
				"up": {"uv": [2, 0, 4, 16], "rotation": 180, "texture": "#1"},
				"down": {"uv": [2, 0, 4, 16], "rotation": 180, "texture": "#1"}
			}
		},
		{
			"from": [2, 9, -4],
			"to": [4, 10, 19],
			"rotation": {"angle": 45, "axis": "x", "origin": [8, 9, 8]},
			"faces": {
				"north": {"uv": [2, 0, 4, 1], "texture": "#1"},
				"east": {"uv": [12, 0, 13, 16], "rotation": 90, "texture": "#1"},
				"south": {"uv": [2, 0, 4, 1], "texture": "#1"},
				"west": {"uv": [13, 0, 14, 16], "rotation": 90, "texture": "#1"},
				"up": {"uv": [12, 0, 14, 16], "rotation": 180, "texture": "#1"},
				"down": {"uv": [12, 0, 14, 16], "rotation": 180, "texture": "#1"}
			}
		},
		{
			"from": [1, 8, 13],
			"to": [15, 9, 15],
			"rotation": {"angle": 45, "axis": "x", "origin": [8, 9, 8]},
			"faces": {
				"north": {"uv": [1, 2, 15, 3], "texture": "#2"},
				"east": {"uv": [1, 1, 2, 3], "rotation": 90, "texture": "#1"},
				"south": {"uv": [1, 1, 15, 2], "texture": "#2"},
				"west": {"uv": [14, 1, 15, 3], "rotation": 90, "texture": "#1"},
				"up": {"uv": [1, 1, 15, 3], "rotation": 180, "texture": "#1"},
				"down": {"uv": [1, 1, 15, 3], "rotation": 180, "texture": "#2"}
			}
		},
		{
			"from": [1, 8, 5],
			"to": [15, 9, 7],
			"rotation": {"angle": 45, "axis": "x", "origin": [8, 9, 8]},
			"faces": {
				"north": {"uv": [1, 2, 15, 3], "texture": "#2"},
				"east": {"uv": [1, 1, 2, 3], "rotation": 90, "texture": "#1"},
				"south": {"uv": [1, 1, 15, 2], "texture": "#2"},
				"west": {"uv": [14, 1, 15, 3], "rotation": 90, "texture": "#1"},
				"up": {"uv": [1, 9, 15, 11], "rotation": 180, "texture": "#1"},
				"down": {"uv": [1, 9, 15, 11], "rotation": 180, "texture": "#2"}
			}
		},
		{
			"from": [1, 8, 9],
			"to": [15, 9, 11],
			"rotation": {"angle": 45, "axis": "x", "origin": [8, 9, 8]},
			"faces": {
				"north": {"uv": [1, 2, 15, 3], "texture": "#2"},
				"east": {"uv": [1, 1, 2, 3], "rotation": 90, "texture": "#1"},
				"south": {"uv": [1, 1, 15, 2], "texture": "#2"},
				"west": {"uv": [14, 1, 15, 3], "rotation": 90, "texture": "#1"},
				"up": {"uv": [1, 5, 15, 7], "rotation": 180, "texture": "#1"},
				"down": {"uv": [1, 5, 15, 7], "rotation": 180, "texture": "#2"}
			}
		},
		{
			"from": [1, 8, 1],
			"to": [15, 9, 3],
			"rotation": {"angle": 45, "axis": "x", "origin": [8, 9, 8]},
			"faces": {
				"north": {"uv": [1, 2, 15, 3], "texture": "#2"},
				"east": {"uv": [1, 1, 2, 3], "rotation": 90, "texture": "#1"},
				"south": {"uv": [1, 1, 15, 2], "texture": "#2"},
				"west": {"uv": [14, 1, 15, 3], "rotation": 90, "texture": "#1"},
				"up": {"uv": [1, 13, 15, 15], "rotation": 180, "texture": "#1"},
				"down": {"uv": [1, 13, 15, 15], "rotation": 180, "texture": "#2"}
			}
		}
	],
	"groups": [
		{
			"name": "rail",
			"origin": [8, 8, 8],
			"children": [0, 1, 2, 3, 4, 5]
		}
	]
}