{
	"credit": "Made with Blockbench",
	"textures": {
		"3": "block/red_sandstone",
		"4": "block/red_sandstone_slab_top",
		"5": "block/red_sandstone_bottom"
	},
	"elements": [
		{
			"from": [5, 0.1, 0],
			"to": [11, 14, 8],
			"faces": {
				"north": {"uv": [5, 2, 11, 16], "texture": "#3", "cullface": "north"},
				"east": {"uv": [4, 2, 12, 16], "texture": "#3"},
				"south": {"uv": [5, 2, 11, 16], "texture": "#3"},
				"west": {"uv": [4, 2, 12, 16], "texture": "#3"},
				"up": {"uv": [5, 0, 11, 8], "texture": "#4"},
				"down": {"uv": [5, 0, 11, 8], "texture": "#5", "cullface": "down"}
			}
		}
	]
}