{"stat.useItem.minecraft.lapis_block":19,"stat.drop.modernarsenal.leadore":1,"stat.leaveGame":6,"stat.useItem.minecraft.diamond_axe":4,"stat.killEntity.mutantbeasts.mutant_skeleton":1,"stat.pickup.minecraft.lapis_block":33,"stat.jump":698,"stat.swimOneCm":1357,"stat.drop.swzombies.mag45acp":1,"stat.fallOneCm":10622,"stat.climbOneCm":2226,"stat.pickup.minecraft.porkchop":9,"stat.pickup.minecraft.gunpowder":12,"stat.crouchOneCm":4366,"stat.useItem.mutantbeasts.creeper_shard":7,"stat.pickup.minecraft.dirt":31,"stat.useItem.minecraft.stone_slab2":201,"stat.pickup.minecraft.melon":6,"stat.pickup.minecraft.rotten_flesh":14,"stat.killEntity.mutantbeasts.mutant_creeper":1,"stat.damageTaken":519,"stat.pickup.minecraft.feather":13,"stat.mineBlock.minecraft.melon_block":1,"stat.pickup.swzombies.mag45acp":5,"stat.pickup.minecraft.cobblestone":5,"stat.drop.swzombies.gun":3,"stat.pickup.minecraft.ender_eye":2,"stat.flyOneCm":234266,"stat.damageDealt":500,"stat.timeSinceDeath":3920,"stat.useItem.minecraft.spawn_egg":12,"stat.killEntity.Pig":7,"stat.pickup.minecraft.mutton":22,"stat.pickup.modernarsenal.leadore":1,"stat.walkOneCm":143840,"stat.killEntity.Creeper":3,"stat.killEntity.mutantbeasts.spider_pig":1,"stat.pickup.minecraft.string":4,"stat.pickup.minecraft.log":9,"stat.drop.minecraft.chicken":1,"stat.useItem.minecraft.item_frame":1,"stat.pickup.minecraft.stone":2,"stat.drop.minecraft.lapis_block":33,"stat.pickup.minecraft.chicken":12,"stat.useItem.mutantbeasts.endersoul_hand":6,"stat.killEntity.mutantbeasts.mutant_snow_golem":1,"stat.killEntity.mutantbeasts.mutant_zombie":1,"stat.pickup.minecraft.ender_pearl":4,"stat.sprintOneCm":87265,"stat.pickup.modernarsenal.og107helmet":1,"stat.pickup.mutantbeasts.hulk_hammer":1,"stat.killEntity.Skeleton":2,"stat.killEntity.Chicken":10,"stat.useItem.mutantbeasts.hulk_hammer":8,"stat.killEntity.Spider":1,"stat.pickup.swzombies.gun":3,"stat.mobKills":55,"stat.mineBlock.minecraft.log":5,"stat.deaths":1,"stat.drop":40,"stat.pickup.minecraft.egg":3,"stat.playOneMinute":52744,"stat.pickup.minecraft.torch":1,"stat.drop.minecraft.string":2,"stat.killEntity.Sheep":16,"stat.pickup.mutantbeasts.mutant_skeleton_limb":1,"stat.sneakTime":1719,"stat.pickup.minecraft.wool":14,"stat.killEntity.Zombie":10,"stat.pickup.minecraft.stone_slab":1,"stat.mineBlock.minecraft.tallgrass":4,"stat.diveOneCm":753}