{
"__comment": "Designed by creatorLabs with CubikStudio - https://cubik.studio - Download 3D CreatorCraft at https://www.planetminecraft.com/texture_pack/3d-creatorcraft/",
    "variants": {
        "normal": [
            { "model": "granite/texture/normal/0" },
            { "model": "granite/texture/mirrored/0" },
            { "model": "granite/texture/normal/0", "y": 180 },
            { "model": "granite/texture/mirrored/0", "y": 180 },
			{ "model": "granite/texture/normal/1" },
            { "model": "granite/texture/mirrored/1" },
            { "model": "granite/texture/normal/1", "y": 180 },
            { "model": "granite/texture/mirrored/1", "y": 180 },
			{ "model": "granite/texture/normal/2" },
            { "model": "granite/texture/mirrored/2" },
            { "model": "granite/texture/normal/2", "y": 180 },
            { "model": "granite/texture/mirrored/2", "y": 180 },
			{ "model": "granite/texture/normal/3" },
            { "model": "granite/texture/mirrored/3" },
            { "model": "granite/texture/normal/3", "y": 180 },
            { "model": "granite/texture/mirrored/3", "y": 180 },
			{ "model": "granite/texture/normal/4" },
            { "model": "granite/texture/mirrored/4" },
            { "model": "granite/texture/normal/4", "y": 180 },
            { "model": "granite/texture/mirrored/4", "y": 180 },
			{ "model": "granite/texture/normal/5" },
            { "model": "granite/texture/mirrored/5" },
            { "model": "granite/texture/normal/5", "y": 180 },
            { "model": "granite/texture/mirrored/5", "y": 180 },
			{ "model": "granite/texture/normal/6" },
            { "model": "granite/texture/mirrored/6" },
            { "model": "granite/texture/normal/6", "y": 180 },
            { "model": "granite/texture/mirrored/6", "y": 180 },
			{ "model": "granite/texture/normal/7" },
            { "model": "granite/texture/mirrored/7" },
            { "model": "granite/texture/normal/7", "y": 180 },
            { "model": "granite/texture/mirrored/7", "y": 180 },
			{ "model": "granite/texture/normal/8" },
            { "model": "granite/texture/mirrored/8" },
            { "model": "granite/texture/normal/8", "y": 180 },
            { "model": "granite/texture/mirrored/8", "y": 180 },
			{ "model": "granite/texture/normal/9" },
            { "model": "granite/texture/mirrored/9" },
            { "model": "granite/texture/normal/9", "y": 180 },
            { "model": "granite/texture/mirrored/9", "y": 180 },
			{ "model": "granite/texture/normal/10" },
            { "model": "granite/texture/mirrored/10" },
            { "model": "granite/texture/normal/10", "y": 180 },
            { "model": "granite/texture/mirrored/10", "y": 180 },
			{ "model": "granite/texture/normal/11" },
            { "model": "granite/texture/mirrored/11" },
            { "model": "granite/texture/normal/11", "y": 180 },
            { "model": "granite/texture/mirrored/11", "y": 180 },
			{ "model": "granite/texture/normal/12" },
            { "model": "granite/texture/mirrored/12" },
            { "model": "granite/texture/normal/12", "y": 180 },
            { "model": "granite/texture/mirrored/12", "y": 180 },
			{ "model": "granite/texture/normal/13" },
            { "model": "granite/texture/mirrored/13" },
            { "model": "granite/texture/normal/13", "y": 180 },
            { "model": "granite/texture/mirrored/13", "y": 180 },
			{ "model": "granite/texture/normal/14" },
            { "model": "granite/texture/mirrored/14" },
            { "model": "granite/texture/normal/14", "y": 180 },
            { "model": "granite/texture/mirrored/14", "y": 180 },
			{ "model": "granite/texture/normal/15" },
            { "model": "granite/texture/mirrored/15" },
            { "model": "granite/texture/normal/15", "y": 180 },
            { "model": "granite/texture/mirrored/15", "y": 180 }
        ]
    }
}
