{
    "variants": {
        "snowy=false": [
            { "model": "grass/only_top/0", "weight": 200  },
            { "model": "grass/only_top/0", "y": 90, "weight": 200  },
            { "model": "grass/only_top/0", "y": 180, "weight": 200  },
            { "model": "grass/only_top/0", "y": 270, "weight": 200  },
			{ "model": "grass/only_top/1", "weight": 200  },
            { "model": "grass/only_top/1", "y": 90, "weight": 200  },
            { "model": "grass/only_top/1", "y": 180, "weight": 200  },
            { "model": "grass/only_top/1", "y": 270, "weight": 200  },
			{ "model": "grass/only_top/2", "weight": 200  },
            { "model": "grass/only_top/2", "y": 90, "weight": 200  },
            { "model": "grass/only_top/2", "y": 180, "weight": 200  },
            { "model": "grass/only_top/2", "y": 270, "weight": 200  },
			{ "model": "grass/only_top/3", "weight": 200  },
            { "model": "grass/only_top/3", "y": 90, "weight": 200  },
            { "model": "grass/only_top/3", "y": 180, "weight": 200  },
            { "model": "grass/only_top/3", "y": 270, "weight": 200  },
			{ "model": "grass/only_top/4", "weight": 200  },
            { "model": "grass/only_top/4", "y": 90, "weight": 200  },
            { "model": "grass/only_top/4", "y": 180, "weight": 200  },
            { "model": "grass/only_top/4", "y": 270, "weight": 200  },
			{ "model": "grass/only_top/5", "weight": 200  },
            { "model": "grass/only_top/5", "y": 90, "weight": 200  },
            { "model": "grass/only_top/5", "y": 180, "weight": 200  },
            { "model": "grass/only_top/5", "y": 270, "weight": 200  },
			{ "model": "grass/only_top/6", "weight": 200  },
            { "model": "grass/only_top/6", "y": 90, "weight": 200  },
            { "model": "grass/only_top/6", "y": 180, "weight": 200  },
            { "model": "grass/only_top/6", "y": 270, "weight": 200  },
			{ "model": "grass/only_top/7", "weight": 200  },
            { "model": "grass/only_top/7", "y": 90, "weight": 200  },
            { "model": "grass/only_top/7", "y": 180, "weight": 200  },
            { "model": "grass/only_top/7", "y": 270, "weight": 200  },
			{ "model": "grass/only_top/8", "weight": 200  },
			{ "model": "grass/only_top/8", "y": 90, "weight": 200  },
			{ "model": "grass/only_top/8", "y": 180, "weight": 200  },
			{ "model": "grass/only_top/8", "y": 270, "weight": 200  },
			{ "model": "grass/only_top/9", "weight": 200  },
			{ "model": "grass/only_top/9", "y": 90, "weight": 200  },
			{ "model": "grass/only_top/9", "y": 180, "weight": 200  },
			{ "model": "grass/only_top/9", "y": 270, "weight": 200  },
			{ "model": "grass/only_top/10", "weight": 200  },
			{ "model": "grass/only_top/10", "y": 90, "weight": 200  },
			{ "model": "grass/only_top/10", "y": 180, "weight": 200  },
			{ "model": "grass/only_top/10", "y": 270, "weight": 200  },
			{ "model": "grass/only_top/11", "weight": 200  },
			{ "model": "grass/only_top/11", "y": 90, "weight": 200  },
			{ "model": "grass/only_top/11", "y": 180, "weight": 200  },
			{ "model": "grass/only_top/11", "y": 270, "weight": 200  },
			{ "model": "grass/only_top/12", "weight": 200  },
			{ "model": "grass/only_top/12", "y": 90, "weight": 200  },
			{ "model": "grass/only_top/12", "y": 180, "weight": 200  },
			{ "model": "grass/only_top/12", "y": 270, "weight": 200  },
			{ "model": "grass/only_top/13", "weight": 200  },
			{ "model": "grass/only_top/13", "y": 90, "weight": 200  },
			{ "model": "grass/only_top/13", "y": 180, "weight": 200  },
			{ "model": "grass/only_top/13", "y": 270, "weight": 200  },
			{ "model": "grass/only_top/14", "weight": 200  },
			{ "model": "grass/only_top/14", "y": 90, "weight": 200  },
			{ "model": "grass/only_top/14", "y": 180, "weight": 200  },
			{ "model": "grass/only_top/14", "y": 270, "weight": 200  },
			{ "model": "grass/only_top/15", "weight": 200  },
			{ "model": "grass/only_top/15", "y": 90, "weight": 200  },
			{ "model": "grass/only_top/15", "y": 180, "weight": 200  },
			{ "model": "grass/only_top/15", "y": 270, "weight": 200  },
			{ "model": "grass/dirt_top/0", "weight": 600  },
			{ "model": "grass/dirt_top/0", "y": 90, "weight": 600  },
			{ "model": "grass/dirt_top/0", "y": 180, "weight": 600  },
			{ "model": "grass/dirt_top/0", "y": 270, "weight": 600  },
			{ "model": "grass/dirt_top/1", "weight": 600  },
			{ "model": "grass/dirt_top/1", "y": 90, "weight": 600  },
			{ "model": "grass/dirt_top/1", "y": 180, "weight": 600  },
			{ "model": "grass/dirt_top/1", "y": 270, "weight": 600  },
			{ "model": "grass/dirt_top/2", "weight": 600  },
			{ "model": "grass/dirt_top/2", "y": 90, "weight": 600  },
			{ "model": "grass/dirt_top/2", "y": 180, "weight": 600  },
			{ "model": "grass/dirt_top/2", "y": 270, "weight": 600  },
			{ "model": "grass/dirt_top/3", "weight": 600  },
			{ "model": "grass/dirt_top/3", "y": 90, "weight": 600  },
			{ "model": "grass/dirt_top/3", "y": 180, "weight": 600  },
			{ "model": "grass/dirt_top/3", "y": 270, "weight": 600  },
			{ "model": "grass/dirt_top/4", "weight": 600  },
			{ "model": "grass/dirt_top/4", "y": 90, "weight": 600  },
			{ "model": "grass/dirt_top/4", "y": 180, "weight": 600  },
			{ "model": "grass/dirt_top/4", "y": 270, "weight": 600  },
			{ "model": "grass/stone/0", "weight": 6  },
			{ "model": "grass/stone/0", "y": 90, "weight": 6  },
			{ "model": "grass/stone/0", "y": 180, "weight": 6  },
			{ "model": "grass/stone/0", "y": 270, "weight": 6  },
			{ "model": "grass/stone/1", "weight": 3  },
			{ "model": "grass/stone/1", "y": 90, "weight": 3  },
			{ "model": "grass/stone/1", "y": 180, "weight": 3  },
			{ "model": "grass/stone/1", "y": 270, "weight": 3  },
			{ "model": "grass/stone/2", "weight": 6  },
			{ "model": "grass/stone/2", "y": 90, "weight": 6  },
			{ "model": "grass/stone/2", "y": 180, "weight": 6  },
			{ "model": "grass/stone/2", "y": 270, "weight": 6  },
			{ "model": "grass/stone/3", "weight": 6  },
			{ "model": "grass/stone/3", "y": 90, "weight": 6  },
			{ "model": "grass/stone/3", "y": 180, "weight": 6  },
			{ "model": "grass/stone/3", "y": 270, "weight": 6  },
			{ "model": "grass/stone/4", "weight": 6  },
			{ "model": "grass/stone/4", "y": 90, "weight": 6  },
			{ "model": "grass/stone/4", "y": 180, "weight": 6  },
			{ "model": "grass/stone/4", "y": 270, "weight": 6  },
			{ "model": "grass/wood/0", "weight": 6  },
			{ "model": "grass/wood/0", "y": 90, "weight": 6  },
			{ "model": "grass/wood/0", "y": 180, "weight": 6  },
			{ "model": "grass/wood/0", "y": 270, "weight": 6  },
			{ "model": "grass/wood/1", "weight": 6  },
			{ "model": "grass/wood/1", "y": 90, "weight": 6  },
			{ "model": "grass/wood/1", "y": 180, "weight": 6  },
			{ "model": "grass/wood/1", "y": 270, "weight": 6  },
			{ "model": "grass/wood/2", "weight": 3  },
			{ "model": "grass/wood/2", "y": 90, "weight": 3  },
			{ "model": "grass/wood/2", "y": 180, "weight": 3  },
			{ "model": "grass/wood/2", "y": 270, "weight": 3  },
			{ "model": "grass/flower/0", "weight": 2  },
            { "model": "grass/flower/0", "y": 90, "weight": 2  },
            { "model": "grass/flower/0", "y": 180, "weight": 2  },
            { "model": "grass/flower/0", "y": 270, "weight": 2  },
			{ "model": "grass/flower/1", "weight": 2  },
            { "model": "grass/flower/1", "y": 90, "weight": 2  },
            { "model": "grass/flower/1", "y": 180, "weight": 2  },
            { "model": "grass/flower/1", "y": 270, "weight": 2  },
			{ "model": "grass/flower/2", "weight": 2  },
            { "model": "grass/flower/2", "y": 90, "weight": 2  },
            { "model": "grass/flower/2", "y": 180, "weight": 2  },
            { "model": "grass/flower/2", "y": 270, "weight": 2  },
			{ "model": "grass/flower/3", "weight": 2  },
            { "model": "grass/flower/3", "y": 90, "weight": 2  },
            { "model": "grass/flower/3", "y": 180, "weight": 2  },
            { "model": "grass/flower/3", "y": 270, "weight": 2  },
			{ "model": "grass/flower/4", "weight": 2  },
            { "model": "grass/flower/4", "y": 90, "weight": 2  },
            { "model": "grass/flower/4", "y": 180, "weight": 2  },
            { "model": "grass/flower/4", "y": 270, "weight": 2  },
			{ "model": "grass/flower/5", "weight": 2  },
            { "model": "grass/flower/5", "y": 90, "weight": 2  },
            { "model": "grass/flower/5", "y": 180, "weight": 2  },
            { "model": "grass/flower/5", "y": 270, "weight": 2  }
			
			
			
			
        ],
        "snowy=true":  { "model": "grass_snowed" }
    }
}
