{
"__comment": "Designed by creatorLabs with CubikStudio - https://cubik.studio - Download 3D CreatorCraft at https://www.planetminecraft.com/texture_pack/3d-creatorcraft/",
    "multipart": [
        {   "when": { "up": "true" },
            "apply": { "model": "lite-version/mossy_cobblestone_wall_post" }
        },
        {   "when": { "north": "true" },
            "apply": { "model": "lite-version/mossy_cobblestone_wall_side", "uvlock": true }
        },
        {   "when": { "east": "true" },
            "apply": { "model": "lite-version/mossy_cobblestone_wall_side", "y": 90, "uvlock": true }
        },
        {   "when": { "south": "true" },
            "apply": { "model": "lite-version/mossy_cobblestone_wall_side", "y": 180, "uvlock": true }
        },
        {   "when": { "west": "true" },
            "apply": { "model": "lite-version/mossy_cobblestone_wall_side", "y": 270, "uvlock": true }
        }
    ]
}
