{
"__comment": "Designed by creatorLabs with CubikStudio - https://cubik.studio - Download 3D CreatorCraft at https://www.planetminecraft.com/texture_pack/3d-creatorcraft/",
    "variants": {
        "facing=east,half=bottom,shape=straight":  { "model": "lite-version/nether_brick_stairs" },
        "facing=west,half=bottom,shape=straight":  { "model": "lite-version/nether_brick_stairs", "y": 180, "uvlock": true },
        "facing=south,half=bottom,shape=straight": { "model": "lite-version/nether_brick_stairs", "y": 90, "uvlock": true },
        "facing=north,half=bottom,shape=straight": { "model": "lite-version/nether_brick_stairs", "y": 270, "uvlock": true },
        "facing=east,half=bottom,shape=outer_right":  { "model": "lite-version/nether_brick_outer_stairs" },
        "facing=west,half=bottom,shape=outer_right":  { "model": "lite-version/nether_brick_outer_stairs", "y": 180, "uvlock": true },
        "facing=south,half=bottom,shape=outer_right": { "model": "lite-version/nether_brick_outer_stairs", "y": 90, "uvlock": true },
        "facing=north,half=bottom,shape=outer_right": { "model": "lite-version/nether_brick_outer_stairs", "y": 270, "uvlock": true },
        "facing=east,half=bottom,shape=outer_left":  { "model": "lite-version/nether_brick_outer_stairs", "y": 270, "uvlock": true },
        "facing=west,half=bottom,shape=outer_left":  { "model": "lite-version/nether_brick_outer_stairs", "y": 90, "uvlock": true },
        "facing=south,half=bottom,shape=outer_left": { "model": "lite-version/nether_brick_outer_stairs" },
        "facing=north,half=bottom,shape=outer_left": { "model": "lite-version/nether_brick_outer_stairs", "y": 180, "uvlock": true },
        "facing=east,half=bottom,shape=inner_right":  { "model": "lite-version/nether_brick_inner_stairs" },
        "facing=west,half=bottom,shape=inner_right":  { "model": "lite-version/nether_brick_inner_stairs", "y": 180, "uvlock": true },
        "facing=south,half=bottom,shape=inner_right": { "model": "lite-version/nether_brick_inner_stairs", "y": 90, "uvlock": true },
        "facing=north,half=bottom,shape=inner_right": { "model": "lite-version/nether_brick_inner_stairs", "y": 270, "uvlock": true },
        "facing=east,half=bottom,shape=inner_left":  { "model": "lite-version/nether_brick_inner_stairs", "y": 270, "uvlock": true },
        "facing=west,half=bottom,shape=inner_left":  { "model": "lite-version/nether_brick_inner_stairs", "y": 90, "uvlock": true },
        "facing=south,half=bottom,shape=inner_left": { "model": "lite-version/nether_brick_inner_stairs" },
        "facing=north,half=bottom,shape=inner_left": { "model": "lite-version/nether_brick_inner_stairs", "y": 180, "uvlock": true },
        "facing=east,half=top,shape=straight":  { "model": "lite-version/nether_brick_stairs", "x": 180, "uvlock": true },
        "facing=west,half=top,shape=straight":  { "model": "lite-version/nether_brick_stairs", "x": 180, "y": 180, "uvlock": true },
        "facing=south,half=top,shape=straight": { "model": "lite-version/nether_brick_stairs", "x": 180, "y": 90, "uvlock": true },
        "facing=north,half=top,shape=straight": { "model": "lite-version/nether_brick_stairs", "x": 180, "y": 270, "uvlock": true },
        "facing=east,half=top,shape=outer_right":  { "model": "lite-version/nether_brick_outer_stairs", "x": 180, "y": 90, "uvlock": true },
        "facing=west,half=top,shape=outer_right":  { "model": "lite-version/nether_brick_outer_stairs", "x": 180, "y": 270, "uvlock": true },
        "facing=south,half=top,shape=outer_right": { "model": "lite-version/nether_brick_outer_stairs", "x": 180, "y": 180, "uvlock": true },
        "facing=north,half=top,shape=outer_right": { "model": "lite-version/nether_brick_outer_stairs", "x": 180, "uvlock": true },
        "facing=east,half=top,shape=outer_left":  { "model": "lite-version/nether_brick_outer_stairs", "x": 180, "uvlock": true },
        "facing=west,half=top,shape=outer_left":  { "model": "lite-version/nether_brick_outer_stairs", "x": 180, "y": 180, "uvlock": true },
        "facing=south,half=top,shape=outer_left": { "model": "lite-version/nether_brick_outer_stairs", "x": 180, "y": 90, "uvlock": true },
        "facing=north,half=top,shape=outer_left": { "model": "lite-version/nether_brick_outer_stairs", "x": 180, "y": 270, "uvlock": true },
        "facing=east,half=top,shape=inner_right":  { "model": "lite-version/nether_brick_inner_stairs", "x": 180, "y": 90, "uvlock": true },
        "facing=west,half=top,shape=inner_right":  { "model": "lite-version/nether_brick_inner_stairs", "x": 180, "y": 270, "uvlock": true },
        "facing=south,half=top,shape=inner_right": { "model": "lite-version/nether_brick_inner_stairs", "x": 180, "y": 180, "uvlock": true },
        "facing=north,half=top,shape=inner_right": { "model": "lite-version/nether_brick_inner_stairs", "x": 180, "uvlock": true },
        "facing=east,half=top,shape=inner_left":  { "model": "lite-version/nether_brick_inner_stairs", "x": 180, "uvlock": true },
        "facing=west,half=top,shape=inner_left":  { "model": "lite-version/nether_brick_inner_stairs", "x": 180, "y": 180, "uvlock": true },
        "facing=south,half=top,shape=inner_left": { "model": "lite-version/nether_brick_inner_stairs", "x": 180, "y": 90, "uvlock": true },
        "facing=north,half=top,shape=inner_left": { "model": "lite-version/nether_brick_inner_stairs", "x": 180, "y": 270, "uvlock": true }
    }
}
