{
"__comment": "Designed by creatorLabs with CubikStudio - https://cubik.studio - Download 3D CreatorCraft at https://www.planetminecraft.com/texture_pack/3d-creatorcraft/",
    "variants": {
        "normal": [
            { "model": "andesite/smooth/0" },
			{ "model": "andesite/smooth/1" },
			{ "model": "andesite/smooth/2" },
			{ "model": "andesite/smooth/3" },
			{ "model": "andesite/smooth/4" },
			{ "model": "andesite/smooth/5" },
			{ "model": "andesite/smooth/6" },
			{ "model": "andesite/smooth/7" },
			{ "model": "andesite/smooth/8" },
			{ "model": "andesite/smooth/9" },
			{ "model": "andesite/smooth/10" },
			{ "model": "andesite/smooth/11" },
			{ "model": "andesite/smooth/12" },
			{ "model": "andesite/smooth/13" },
			{ "model": "andesite/smooth/14" },
			{ "model": "andesite/smooth/15" }
            
        ]
    }
}
