{
	"__comment": "Designed by CreatorLabs with Cubik Studio - https://cubik.studio",
	"parent": "block/block",
	"textures": {
		"particle": "3d_blocks/dirt",
		"dirt": "3d_blocks/dirt/alts/2",
		"grass": "3d_blocks/grass/top_alts/7",
		"grass_side": "3d_blocks/grass_side",
		"stone": "3d_blocks/stone"
	},
	"elements": [ 	 
		{
			"__comment": "main",
			"from": [ 0, 0, 0 ],
			"to": [ 16, 16, 16 ],
			"faces": {
				"down": { "uv": [ 0, 0, 16, 16 ], "texture": "#dirt", "cullface": "down" },
				"up": { "uv": [ 0, 0, 16, 16 ], "texture": "#grass", "cullface": "up", "tintindex": 0 },
				"north": { "uv": [ 0, 0, 16, 16 ], "texture": "#dirt", "cullface": "north" },
				"south": { "uv": [ 0, 0, 16, 16 ], "texture": "#dirt", "cullface": "south" },
				"west": { "uv": [ 0, 0, 16, 16 ], "texture": "#dirt", "cullface": "west" },
				"east": { "uv": [ 0, 0, 16, 16 ], "texture": "#dirt", "cullface": "east" }
			}
		},
		{
			"__comment": "north_side",
			"from": [ 0, 1.22, -6.121 ],
			"to": [ 16, 17.22, -6.12 ],
			"rotation": { "origin": [ 0, 1.22, -6.12 ], "axis": "x", "angle": 22.5 },
			"shade": false,
			"faces": {
				"north": { "uv": [ 0, 0, 16, 16 ], "texture": "#grass_side", "cullface": "north", "tintindex": 0 },
				"south": { "uv": [ 0, 0, 16, 16 ], "texture": "#grass_side", "cullface": "north", "tintindex": 0 }
			}
		},
		{
			"__comment": "west_side",
			"from": [ -6.12, 1.25, 0 ],
			"to": [ -6.119, 17.25, 16 ],
			"rotation": { "origin": [ -6.12, 1.25, 0 ], "axis": "z", "angle": -22.5 },
			"shade": false,
			"faces": {
				"west": { "uv": [ 0, 0, 16, 16 ], "texture": "#grass_side", "cullface": "west", "tintindex": 0 },
				"east": { "uv": [ 0, 0, 16, 16 ], "texture": "#grass_side", "cullface": "west", "tintindex": 0 }
			}
		},
		{
			"__comment": "east_side",
			"from": [ 22.12, 1.22, 0 ],
			"to": [ 22.121, 17.22, 16 ],
			"rotation": { "origin": [ 22.12, 1.22, 0 ], "axis": "z", "angle": 22.5 },
			"shade": false,
			"faces": {
				"west": { "uv": [ 0, 0, 16, 16 ], "texture": "#grass_side", "cullface": "east", "tintindex": 0 },
				"east": { "uv": [ 0, 0, 16, 16 ], "texture": "#grass_side", "cullface": "east", "tintindex": 0 }
			}
		},
		{
			"__comment": "south_side",
			"from": [ 0, 1.24, 22.119 ],
			"to": [ 16, 17.24, 22.12 ],
			"rotation": { "origin": [ 0, 1.24, 22.12 ], "axis": "x", "angle": -22.5 },
			"shade": false,
			"faces": {
				"north": { "uv": [ 0, 0, 16, 16 ], "texture": "#grass_side", "cullface": "south", "tintindex": 0 },
				"south": { "uv": [ 0, 0, 16, 16 ], "texture": "#grass_side", "cullface": "south", "tintindex": 0 }
			}
		},
		{
			"__comment": "stone1",
			"from": [ 11, 16, 3.5 ],
			"to": [ 12.5, 16.5, 6 ],
			"faces": {
				"down": { "uv": [ 11, 10, 12.5, 12.5 ], "texture": "#stone", "cullface": "up" },
				"up": { "uv": [ 11, 3.5, 12.5, 6 ], "texture": "#stone", "cullface": "up" },
				"north": { "uv": [ 3.5, 15.5, 5, 16 ], "texture": "#stone", "cullface": "up" },
				"south": { "uv": [ 11, 15.5, 12.5, 16 ], "texture": "#stone", "cullface": "up" },
				"west": { "uv": [ 3.5, 15.5, 6, 16 ], "texture": "#stone", "cullface": "up" },
				"east": { "uv": [ 10, 15.5, 12.5, 16 ], "texture": "#stone", "cullface": "up" }
			}
		},
		{
			"__comment": "stone2",
			"from": [ 10, 16, 4.5 ],
			"to": [ 11, 16.5, 6 ],
			"faces": {
				"down": { "uv": [ 10, 10, 11, 11.5 ], "texture": "#stone", "cullface": "up" },
				"up": { "uv": [ 10, 4.5, 11, 6 ], "texture": "#stone", "cullface": "up" },
				"north": { "uv": [ 5, 15.5, 6, 16 ], "texture": "#stone", "cullface": "up" },
				"south": { "uv": [ 10, 15.5, 11, 16 ], "texture": "#stone", "cullface": "up" },
				"west": { "uv": [ 4.5, 15.5, 6, 16 ], "texture": "#stone", "cullface": "up" },
				"east": { "uv": [ 10, 15.5, 11.5, 16 ], "texture": "#stone", "cullface": "up" }
			}
		},
		{
			"__comment": "stone3",
			"from": [ 12.5, 16, 4 ],
			"to": [ 13.5, 16.5, 5.5 ],
			"faces": {
				"down": { "uv": [ 12.5, 10.5, 13.5, 12 ], "texture": "#stone", "cullface": "up" },
				"up": { "uv": [ 12.5, 4, 13.5, 5.5 ], "texture": "#stone", "cullface": "up" },
				"north": { "uv": [ 2.5, 15.5, 3.5, 16 ], "texture": "#stone", "cullface": "up" },
				"south": { "uv": [ 12.5, 15.5, 13.5, 16 ], "texture": "#stone", "cullface": "up" },
				"west": { "uv": [ 4, 15.5, 5.5, 16 ], "texture": "#stone", "cullface": "up" },
				"east": { "uv": [ 10.5, 15.5, 12, 16 ], "texture": "#stone", "cullface": "up" }
			}
		},
		{
			"__comment": "stone2",
			"from": [ 4, 16, 11.5 ],
			"to": [ 5, 16.5, 13 ],
			"faces": {
				"down": { "uv": [ 4, 3, 5, 4.5 ], "texture": "#stone", "cullface": "up" },
				"up": { "uv": [ 4, 11.5, 5, 13 ], "texture": "#stone", "cullface": "up" },
				"north": { "uv": [ 11, 15.5, 12, 16 ], "texture": "#stone", "cullface": "up" },
				"south": { "uv": [ 4, 15.5, 5, 16 ], "texture": "#stone", "cullface": "up" },
				"west": { "uv": [ 11.5, 15.5, 13, 16 ], "texture": "#stone", "cullface": "up" },
				"east": { "uv": [ 3, 15.5, 4.5, 16 ], "texture": "#stone", "cullface": "up" }
			}
		},
		{
			"__comment": "stone",
			"from": [ 5, 16.5, 11 ],
			"to": [ 6.5, 17, 13 ],
			"faces": {
				"down": { "uv": [ 5, 3, 6.5, 5 ], "texture": "#stone", "cullface": "up" },
				"up": { "uv": [ 5, 11, 6.5, 13 ], "texture": "#stone", "cullface": "up" },
				"north": { "uv": [ 9.5, 15, 11, 15.5 ], "texture": "#stone", "cullface": "up" },
				"south": { "uv": [ 5, 15, 6.5, 15.5 ], "texture": "#stone", "cullface": "up" },
				"west": { "uv": [ 11, 15, 13, 15.5 ], "texture": "#stone", "cullface": "up" },
				"east": { "uv": [ 3, 15, 5, 15.5 ], "texture": "#stone", "cullface": "up" }
			}
		},
		{
			"__comment": "stone1",
			"from": [ 5, 16, 10 ],
			"to": [ 6.5, 16.5, 13 ],
			"faces": {
				"down": { "uv": [ 5, 3, 6.5, 6 ], "texture": "#stone", "cullface": "up" },
				"up": { "uv": [ 5, 10, 6.5, 13 ], "texture": "#stone", "cullface": "up" },
				"north": { "uv": [ 9.5, 15.5, 11, 16 ], "texture": "#stone", "cullface": "up" },
				"south": { "uv": [ 5, 15.5, 6.5, 16 ], "texture": "#stone", "cullface": "up" },
				"west": { "uv": [ 10, 15.5, 13, 16 ], "texture": "#stone", "cullface": "up" },
				"east": { "uv": [ 3, 15.5, 6, 16 ], "texture": "#stone", "cullface": "up" }
			}
		},
		{
			"__comment": "stone3",
			"from": [ 6.5, 16, 11.5 ],
			"to": [ 7.5, 16.5, 13.5 ],
			"faces": {
				"down": { "uv": [ 6.5, 2.5, 7.5, 4.5 ], "texture": "#stone", "cullface": "up" },
				"up": { "uv": [ 6.5, 11.5, 7.5, 13.5 ], "texture": "#stone", "cullface": "up" },
				"north": { "uv": [ 8.5, 15.5, 9.5, 16 ], "texture": "#stone", "cullface": "up" },
				"south": { "uv": [ 6.5, 15.5, 7.5, 16 ], "texture": "#stone", "cullface": "up" },
				"west": { "uv": [ 11.5, 15.5, 13.5, 16 ], "texture": "#stone", "cullface": "up" },
				"east": { "uv": [ 2.5, 15.5, 4.5, 16 ], "texture": "#stone", "cullface": "up" }
			}
		}
	]
}