{
	"credit": "Made with Blockbench",
	"parent": "block/thin_block",
	"textures": {
		"1": "block/acacia_door_side",
		"particle": "block/acacia_trapdoor",
		"texture": "block/acacia_trapdoor"
	},
	"elements": [
		{
			"from": [0, 0, 13],
			"to": [16, 3, 16],
			"faces": {
				"north": {"uv": [10, 0, 13, 16], "rotation": 90, "texture": "#1"},
				"east": {"uv": [13, 13, 16, 16], "rotation": 90, "texture": "#1"},
				"south": {"uv": [13, 0, 16, 16], "rotation": 90, "texture": "#1"},
				"west": {"uv": [13, 0, 16, 3], "rotation": 90, "texture": "#1"},
				"up": {"uv": [0, 0, 16, 3], "rotation": 180, "texture": "#texture"},
				"down": {"uv": [0, 0, 16, 3], "texture": "#texture"}
			}
		},
		{
			"from": [0, 0, 0],
			"to": [16, 3, 3],
			"faces": {
				"north": {"uv": [13, 0, 16, 16], "rotation": 90, "texture": "#1"},
				"east": {"uv": [13, 0, 16, 3], "rotation": 90, "texture": "#1"},
				"south": {"uv": [0, 1, 16, 4], "texture": "#1"},
				"west": {"uv": [13, 13, 16, 16], "rotation": 90, "texture": "#1"},
				"up": {"uv": [0, 13, 16, 16], "rotation": 180, "texture": "#texture"},
				"down": {"uv": [0, 13, 16, 16], "texture": "#texture"}
			}
		},
		{
			"from": [5, 3, 0],
			"to": [11, 3.5, 2],
			"faces": {
				"north": {"uv": [5, 15, 11, 15.5], "texture": "#texture"},
				"east": {"uv": [5, 14, 5.5, 16], "rotation": 270, "texture": "#texture"},
				"south": {"uv": [5, 14, 11, 14.5], "texture": "#texture"},
				"west": {"uv": [10, 14, 10.5, 16], "rotation": 90, "texture": "#texture"},
				"up": {"uv": [5, 14, 11, 16], "rotation": 180, "texture": "#texture"}
			}
		},
		{
			"from": [5, -0.5, 0],
			"to": [11, 0, 2],
			"faces": {
				"north": {"uv": [5, 15, 11, 15.5], "texture": "#texture"},
				"east": {"uv": [5, 14, 5.5, 16], "rotation": 270, "texture": "#texture"},
				"south": {"uv": [5, 14, 11, 14.5], "texture": "#texture"},
				"west": {"uv": [10, 14, 10.5, 16], "rotation": 90, "texture": "#texture"},
				"down": {"uv": [5, 14, 11, 16], "rotation": 180, "texture": "#texture"}
			}
		},
		{
			"from": [14, 0, 3],
			"to": [16, 3, 13],
			"faces": {
				"east": {"uv": [13, 3, 16, 13], "rotation": 90, "texture": "#1"},
				"west": {"uv": [0, 6, 10, 9], "texture": "#1"},
				"up": {"uv": [0, 3, 2, 13], "rotation": 180, "texture": "#texture"},
				"down": {"uv": [14, 4, 16, 14], "texture": "#texture"}
			}
		},
		{
			"from": [0, 0, 3],
			"to": [2, 3, 13],
			"faces": {
				"east": {"uv": [0, 6, 10, 9], "texture": "#1"},
				"west": {"uv": [13, 3, 16, 13], "rotation": 90, "texture": "#1"},
				"up": {"uv": [14, 3, 16, 13], "rotation": 180, "texture": "#texture"},
				"down": {"uv": [0, 3, 2, 13], "texture": "#texture"}
			}
		},
		{
			"from": [9, 0, 3],
			"to": [12, 3, 13],
			"faces": {
				"east": {"uv": [0, 6, 10, 9], "texture": "#1"},
				"west": {"uv": [0, 6, 10, 9], "texture": "#1"},
				"up": {"uv": [9, 3, 12, 13], "rotation": 180, "texture": "#texture"},
				"down": {"uv": [9, 3, 12, 13], "texture": "#texture"}
			}
		},
		{
			"from": [4, 0, 3],
			"to": [7, 3, 13],
			"faces": {
				"east": {"uv": [0, 6, 10, 9], "texture": "#1"},
				"west": {"uv": [0, 6, 10, 9], "texture": "#1"},
				"up": {"uv": [4, 3, 7, 13], "rotation": 180, "texture": "#texture"},
				"down": {"uv": [4, 3, 7, 13], "texture": "#texture"}
			}
		}
	]
}