{
	"__comment": "Designed by JermsyBoy with Cubik Studio - https://cubik.studio",
	"parent": "block/block",
	"textures": {
		"particle": "blocks/brick",
		"body": "blocks/brick",
		"top": "blocks/brick"
	},
	"elements": [ 	 
		{
			"__comment": "Anvil base",
			"from": [ 2, 0, 2 ],
			"to": [ 14, 4, 14 ],
			"faces": {
				"down": { "uv": [ 2, 2, 14, 14 ], "texture": "#body", "cullface": "down", "rotation": 180 },
				"up": { "uv": [ 2, 2, 14, 14 ], "texture": "#body", "rotation": 180 },
				"north": { "uv": [ 2, 12, 14, 16 ], "texture": "#body" },
				"south": { "uv": [ 2, 12, 14, 16 ], "texture": "#body" },
				"west": { "uv": [ 2, 4, 14, 8 ], "texture": "#body" },
				"east": { "uv": [ 2, 4, 14, 8 ], "texture": "#body" }
			}
		},
		{
			"__comment": "Lower narrow portion",
			"from": [ 4, 4, 3 ],
			"to": [ 12, 5, 13 ],
			"faces": {
				"down": { "uv": [ 4, 3, 12, 13 ], "texture": "#body", "rotation": 180 },
				"up": { "uv": [ 4, 3, 12, 13 ], "texture": "#body", "rotation": 180 },
				"north": { "uv": [ 4, 11, 12, 12 ], "texture": "#body" },
				"south": { "uv": [ 4, 11, 12, 12 ], "texture": "#body" },
				"west": { "uv": [ 3, 3, 13, 4 ], "texture": "#body" },
				"east": { "uv": [ 3, 3, 13, 4 ], "texture": "#body" }
			}
		},
		{
			"__comment": "Wider section beneath top portion",
			"from": [ 6, 5, 4 ],
			"to": [ 10, 10, 12 ],
			"faces": {
				"down": { "uv": [ 10, 12, 6, 4 ], "texture": "#body", "rotation": 180 },
				"up": { "uv": [ 10, 12, 6, 4 ], "texture": "#body", "rotation": 180 },
				"north": { "uv": [ 6, 7, 10, 12 ], "texture": "#body" },
				"south": { "uv": [ 6, 7, 10, 12 ], "texture": "#body" },
				"west": { "uv": [ 5, 7, 12, 12 ], "texture": "#body" },
				"east": { "uv": [ 5, 7, 12, 12 ], "texture": "#body" }
			}
		},
		{
			"__comment": "Anvil top",
			"from": [ 3, 10, 0 ],
			"to": [ 13, 16, 16 ],
			"faces": {
				"down": { "uv": [ 3, 0, 13, 16 ], "texture": "#body", "rotation": 180 },
				"up": { "uv": [ 3, 0, 13, 16 ], "texture": "#top", "rotation": 180 },
				"north": { "uv": [ 3, 0, 13, 6 ], "texture": "#body" },
				"south": { "uv": [ 3, 0, 13, 6 ], "texture": "#body" },
				"west": { "uv": [ 16, 0, 0, 6 ], "texture": "#body" },
				"east": { "uv": [ 0, 0, 16, 6 ], "texture": "#body" }
			}
		}
	],
	"display": {
		"fixed": {
			"rotation":  [ 0, 90, 0 ],
			"scale":  [ 0.5, 0.5, 0.5 ]
		}
	}
}