{
	"__comment": "Designed by JermsyBoy with Cubik Studio - https://cubik.studio",
	"parent": "block/block",
	"textures": {
		"particle": "blocks/anvil",
		"body": "blocks/anvil",
		"top": "blocks/anvil_top",
		"side": "blocks/anvil_side",
		"base": "blocks/anvil_base",
		"front": "blocks/anvil_front"
	},
	"elements": [ 	 
		{
			"__comment": "Anvil base",
			"from": [ 2, 0, 2 ],
			"to": [ 14, 4, 14 ],
			"faces": {
				"down": { "uv": [ 2, 2, 14, 14 ], "texture": "#base", "cullface": "down" },
				"up": { "uv": [ 2, 2, 14, 14 ], "texture": "#base" },
				"north": { "uv": [ 2, 12, 14, 16 ], "texture": "#front" },
				"south": { "uv": [ 2, 12, 14, 16 ], "texture": "#front" },
				"west": { "uv": [ 2, 12, 14, 16 ], "texture": "#side" },
				"east": { "uv": [ 2, 12, 14, 16 ], "texture": "#side" }
			}
		},
		{
			"__comment": "Lower narrow portion",
			"from": [ 4, 4, 3 ],
			"to": [ 12, 5, 13 ],
			"faces": {
				"down": { "uv": [ 4, 3, 12, 13 ], "texture": "#base" },
				"up": { "uv": [ 4, 3, 12, 13 ], "texture": "#base" },
				"north": { "uv": [ 4, 2, 12, 3 ], "texture": "#base" },
				"south": { "uv": [ 4, 13, 12, 14 ], "texture": "#base" },
				"west": { "uv": [ 3, 3, 4, 13 ], "texture": "#base", "rotation": 270 },
				"east": { "uv": [ 12, 3, 13, 13 ], "texture": "#base", "rotation": 90 }
			}
		},
		{
			"__comment": "Wider section beneath top portion",
			"from": [ 6, 5, 4 ],
			"to": [ 10, 10, 12 ],
			"faces": {
				"down": { "uv": [ 10, 12, 6, 4 ], "texture": "#body" },
				"up": { "uv": [ 10, 12, 6, 4 ], "texture": "#body" },
				"north": { "uv": [ 6, 6, 10, 11 ], "texture": "#front" },
				"south": { "uv": [ 6, 6, 10, 11 ], "texture": "#front" },
				"west": { "uv": [ 4, 6, 12, 11 ], "texture": "#side" },
				"east": { "uv": [ 4, 6, 12, 11 ], "texture": "#side" }
			}
		},
		{
			"__comment": "Anvil top",
			"from": [ 3, 10, 0 ],
			"to": [ 13, 16, 16 ],
			"faces": {
				"down": { "uv": [ 3, 0, 13, 16 ], "texture": "#top" },
				"up": { "uv": [ 3, 0, 13, 16 ], "texture": "#top" },
				"north": { "uv": [ 3, 0, 13, 6 ], "texture": "#front" },
				"south": { "uv": [ 3, 0, 13, 6 ], "texture": "#front" },
				"west": { "uv": [ 0, 0, 16, 6 ], "texture": "#side" },
				"east": { "uv": [ 0, 0, 16, 6 ], "texture": "#side" }
			}
		}
	],
	"display": {
		"fixed": {
			"rotation":  [ 0, 90, 0 ],
			"scale":  [ 0.5, 0.5, 0.5 ]
		}
	}
}