{
    "type": "minecraft:crafting_shaped",
    
    "pattern":
    [
        "CHC",
        "CAC",
        "CBC"
    ],
    
    "key":
    {
        "C":
        {
            "item": "minecraft:carrot"
        },
        
        "H":
        {
            "item": "minecraft:golden_helmet"
        },
        
        "A":
        {
            "item": "minecraft:golden_chestplate"
        },
        
		"B":
        {
            "item": "minecraft:golden_boots"
        }
    },
    
    "result":
    {
        "item": "pigarmy:golden_pig_armor",
        "count": 1
    }
}