{
    "variants": {
        "facing=east,half=bottom,shape=straight":[
	{ "model": "stone_stairs" },
	{ "model": "stone_stairs_1" },
	{ "model": "stone_stairs_2" }
],
        "facing=west,half=bottom,shape=straight":[
	{ "model": "stone_stairs", "y": 180, "uvlock": true },
	{ "model": "stone_stairs_1", "y": 180, "uvlock": true },
	{ "model": "stone_stairs_2", "y": 180, "uvlock": true }
],
        "facing=south,half=bottom,shape=straight":[
	{ "model": "stone_stairs", "y": 90, "uvlock": true },
	{ "model": "stone_stairs_1", "y": 90, "uvlock": true },
	{ "model": "stone_stairs_2", "y": 90, "uvlock": true }
],
        "facing=north,half=bottom,shape=straight":[
	{ "model": "stone_stairs", "y": 270, "uvlock": true },
	{ "model": "stone_stairs_1", "y": 270, "uvlock": true },
	{ "model": "stone_stairs_2", "y": 270, "uvlock": true }
],
        "facing=east,half=bottom,shape=outer_right":[
	{ "model": "stone_outer_stairs" },
	{ "model": "stone_outer_stairs_1" },
	{ "model": "stone_outer_stairs_2" }
],
        "facing=west,half=bottom,shape=outer_right":[
	{ "model": "stone_outer_stairs", "y": 180, "uvlock": true },
	{ "model": "stone_outer_stairs_1", "y": 180, "uvlock": true },
	{ "model": "stone_outer_stairs_2", "y": 180, "uvlock": true }
],
        "facing=south,half=bottom,shape=outer_right":[
	{ "model": "stone_outer_stairs", "y": 90, "uvlock": true },
	{ "model": "stone_outer_stairs_1", "y": 90, "uvlock": true },
	{ "model": "stone_outer_stairs_2", "y": 90, "uvlock": true }
],
        "facing=north,half=bottom,shape=outer_right":[
	{ "model": "stone_outer_stairs", "y": 270, "uvlock": true },
	{ "model": "stone_outer_stairs_1", "y": 270, "uvlock": true },
	{ "model": "stone_outer_stairs_2", "y": 270, "uvlock": true }
],
        "facing=east,half=bottom,shape=outer_left":[
	{ "model": "stone_outer_stairs", "y": 270, "uvlock": true },
	{ "model": "stone_outer_stairs_1", "y": 270, "uvlock": true },
	{ "model": "stone_outer_stairs_2", "y": 270, "uvlock": true }
],
        "facing=west,half=bottom,shape=outer_left":[
	{ "model": "stone_outer_stairs", "y": 90, "uvlock": true },
	{ "model": "stone_outer_stairs_1", "y": 90, "uvlock": true },
	{ "model": "stone_outer_stairs_2", "y": 90, "uvlock": true }
],
        "facing=south,half=bottom,shape=outer_left":[
	{ "model": "stone_outer_stairs" },
	{ "model": "stone_outer_stairs_1" },
	{ "model": "stone_outer_stairs_2" }
],
        "facing=north,half=bottom,shape=outer_left":[
	{ "model": "stone_outer_stairs", "y": 180, "uvlock": true },
	{ "model": "stone_outer_stairs_1", "y": 180, "uvlock": true },
	{ "model": "stone_outer_stairs_2", "y": 180, "uvlock": true }
],
        "facing=east,half=bottom,shape=inner_right":[
	{ "model": "stone_inner_stairs" },
	{ "model": "stone_inner_stairs_1" },
	{ "model": "stone_inner_stairs_2" }
],
        "facing=west,half=bottom,shape=inner_right":[
	{ "model": "stone_inner_stairs", "y": 180, "uvlock": true },
	{ "model": "stone_inner_stairs_1", "y": 180, "uvlock": true },
	{ "model": "stone_inner_stairs_2", "y": 180, "uvlock": true }
],
        "facing=south,half=bottom,shape=inner_right":[
	{ "model": "stone_inner_stairs", "y": 90, "uvlock": true },
	{ "model": "stone_inner_stairs_1", "y": 90, "uvlock": true },
	{ "model": "stone_inner_stairs_2", "y": 90, "uvlock": true }
],
        "facing=north,half=bottom,shape=inner_right":[
	{ "model": "stone_inner_stairs", "y": 270, "uvlock": true },
	{ "model": "stone_inner_stairs_1", "y": 270, "uvlock": true },
	{ "model": "stone_inner_stairs_2", "y": 270, "uvlock": true }
],
        "facing=east,half=bottom,shape=inner_left":[
	{ "model": "stone_inner_stairs", "y": 270, "uvlock": true },
	{ "model": "stone_inner_stairs_1", "y": 270, "uvlock": true },
	{ "model": "stone_inner_stairs_2", "y": 270, "uvlock": true }
],
        "facing=west,half=bottom,shape=inner_left":[
	{ "model": "stone_inner_stairs", "y": 90, "uvlock": true },
	{ "model": "stone_inner_stairs_1", "y": 90, "uvlock": true },
	{ "model": "stone_inner_stairs_2", "y": 90, "uvlock": true }
],
        "facing=south,half=bottom,shape=inner_left":[
	{ "model": "stone_inner_stairs" },
	{ "model": "stone_inner_stairs_1" },
	{ "model": "stone_inner_stairs_2" }
],
        "facing=north,half=bottom,shape=inner_left":[
	{ "model": "stone_inner_stairs", "y": 180, "uvlock": true },
	{ "model": "stone_inner_stairs_1", "y": 180, "uvlock": true },
	{ "model": "stone_inner_stairs_2", "y": 180, "uvlock": true }
],
        "facing=east,half=top,shape=straight":[
	{ "model": "stone_stairs", "x": 180, "uvlock": true },
	{ "model": "stone_stairs_1", "x": 180, "uvlock": true },
	{ "model": "stone_stairs_2", "x": 180, "uvlock": true }
],
        "facing=west,half=top,shape=straight":[
	{ "model": "stone_stairs", "x": 180, "y": 180, "uvlock": true },
	{ "model": "stone_stairs_1", "x": 180, "y": 180, "uvlock": true },
	{ "model": "stone_stairs_2", "x": 180, "y": 180, "uvlock": true }
],
        "facing=south,half=top,shape=straight":[
	{ "model": "stone_stairs", "x": 180, "y": 90, "uvlock": true },
	{ "model": "stone_stairs_1", "x": 180, "y": 90, "uvlock": true },
	{ "model": "stone_stairs_2", "x": 180, "y": 90, "uvlock": true }
],
        "facing=north,half=top,shape=straight":[
	{ "model": "stone_stairs", "x": 180, "y": 270, "uvlock": true },
	{ "model": "stone_stairs_1", "x": 180, "y": 270, "uvlock": true },
	{ "model": "stone_stairs_2", "x": 180, "y": 270, "uvlock": true }
],
        "facing=east,half=top,shape=outer_right":[
	{ "model": "stone_outer_stairs", "x": 180, "y": 90, "uvlock": true },
	{ "model": "stone_outer_stairs_1", "x": 180, "y": 90, "uvlock": true },
	{ "model": "stone_outer_stairs_2", "x": 180, "y": 90, "uvlock": true }
],
        "facing=west,half=top,shape=outer_right":[
	{ "model": "stone_outer_stairs", "x": 180, "y": 270, "uvlock": true },
	{ "model": "stone_outer_stairs_1", "x": 180, "y": 270, "uvlock": true },
	{ "model": "stone_outer_stairs_2", "x": 180, "y": 270, "uvlock": true }
],
        "facing=south,half=top,shape=outer_right":[
	{ "model": "stone_outer_stairs", "x": 180, "y": 180, "uvlock": true },
	{ "model": "stone_outer_stairs_1", "x": 180, "y": 180, "uvlock": true },
	{ "model": "stone_outer_stairs_2", "x": 180, "y": 180, "uvlock": true }
],
        "facing=north,half=top,shape=outer_right":[
	{ "model": "stone_outer_stairs", "x": 180, "uvlock": true },
	{ "model": "stone_outer_stairs_1", "x": 180, "uvlock": true },
	{ "model": "stone_outer_stairs_2", "x": 180, "uvlock": true }
],
        "facing=east,half=top,shape=outer_left":[
	{ "model": "stone_outer_stairs", "x": 180, "uvlock": true },
	{ "model": "stone_outer_stairs_1", "x": 180, "uvlock": true },
	{ "model": "stone_outer_stairs_2", "x": 180, "uvlock": true }
],
        "facing=west,half=top,shape=outer_left":[
	{ "model": "stone_outer_stairs", "x": 180, "y": 180, "uvlock": true },
	{ "model": "stone_outer_stairs_1", "x": 180, "y": 180, "uvlock": true },
	{ "model": "stone_outer_stairs_2", "x": 180, "y": 180, "uvlock": true }
],
        "facing=south,half=top,shape=outer_left":[
	{ "model": "stone_outer_stairs", "x": 180, "y": 90, "uvlock": true },
	{ "model": "stone_outer_stairs_1", "x": 180, "y": 90, "uvlock": true },
	{ "model": "stone_outer_stairs_2", "x": 180, "y": 90, "uvlock": true }
],
        "facing=north,half=top,shape=outer_left":[
	{ "model": "stone_outer_stairs", "x": 180, "y": 270, "uvlock": true },
	{ "model": "stone_outer_stairs_1", "x": 180, "y": 270, "uvlock": true },
	{ "model": "stone_outer_stairs_2", "x": 180, "y": 270, "uvlock": true }
],
        "facing=east,half=top,shape=inner_right":[
	{ "model": "stone_inner_stairs", "x": 180, "y": 90, "uvlock": true },
	{ "model": "stone_inner_stairs_1", "x": 180, "y": 90, "uvlock": true },
	{ "model": "stone_inner_stairs_2", "x": 180, "y": 90, "uvlock": true }
],
        "facing=west,half=top,shape=inner_right":[
	{ "model": "stone_inner_stairs", "x": 180, "y": 270, "uvlock": true },
	{ "model": "stone_inner_stairs_1", "x": 180, "y": 270, "uvlock": true },
	{ "model": "stone_inner_stairs_2", "x": 180, "y": 270, "uvlock": true }
],
        "facing=south,half=top,shape=inner_right":[
	{ "model": "stone_inner_stairs", "x": 180, "y": 180, "uvlock": true },
	{ "model": "stone_inner_stairs_1", "x": 180, "y": 180, "uvlock": true },
	{ "model": "stone_inner_stairs_2", "x": 180, "y": 180, "uvlock": true }
],
        "facing=north,half=top,shape=inner_right":[
	{ "model": "stone_inner_stairs", "x": 180, "uvlock": true },
	{ "model": "stone_inner_stairs_1", "x": 180, "uvlock": true },
	{ "model": "stone_inner_stairs_2", "x": 180, "uvlock": true }
],
        "facing=east,half=top,shape=inner_left":[
	{ "model": "stone_inner_stairs", "x": 180, "uvlock": true },
	{ "model": "stone_inner_stairs_1", "x": 180, "uvlock": true },
	{ "model": "stone_inner_stairs_2", "x": 180, "uvlock": true }
],
        "facing=west,half=top,shape=inner_left":[
	{ "model": "stone_inner_stairs", "x": 180, "y": 180, "uvlock": true },
	{ "model": "stone_inner_stairs_1", "x": 180, "y": 180, "uvlock": true },
	{ "model": "stone_inner_stairs_2", "x": 180, "y": 180, "uvlock": true }
],
        "facing=south,half=top,shape=inner_left":[
	{ "model": "stone_inner_stairs", "x": 180, "y": 90, "uvlock": true },
	{ "model": "stone_inner_stairs_1", "x": 180, "y": 90, "uvlock": true },
	{ "model": "stone_inner_stairs_2", "x": 180, "y": 90, "uvlock": true }
],
        "facing=north,half=top,shape=inner_left":[
	{ "model": "stone_inner_stairs", "x": 180, "y": 270, "uvlock": true },
	{ "model": "stone_inner_stairs_1", "x": 180, "y": 270, "uvlock": true },
	{ "model": "stone_inner_stairs_2", "x": 180, "y": 270, "uvlock": true }
]
}
}