{
	"credit": "Made with Blockbench",
	"ambientocclusion": false,
	"textures": {
		"particle": "block/melon_stem",
		"stem": "block/melon_stem"
	},
	"elements": [
		{
			"from": [7.5, -1, 5],
			"to": [8.5, 0, 9],
			"rotation": {"angle": -45, "axis": "y", "origin": [8, 8, 8]},
			"faces": {
				"north": {"uv": [5, 7, 6, 8], "texture": "#stem", "tintindex": 0},
				"east": {"uv": [5, 7, 9, 8], "texture": "#stem", "tintindex": 0},
				"south": {"uv": [8, 7, 9, 8], "texture": "#stem", "tintindex": 0},
				"west": {"uv": [5, 7, 9, 8], "texture": "#stem", "tintindex": 0},
				"up": {"uv": [5, 7, 9, 8], "rotation": 90, "texture": "#stem", "tintindex": 0}
			}
		},
		{
			"from": [7.5, 0, 5],
			"to": [8.5, 1, 6],
			"rotation": {"angle": -45, "axis": "y", "origin": [8, 8, 8]},
			"faces": {
				"north": {"uv": [5, 6, 6, 7], "texture": "#stem", "tintindex": 0},
				"east": {"uv": [5, 6, 6, 7], "texture": "#stem", "tintindex": 0},
				"south": {"uv": [5, 6, 6, 7], "texture": "#stem", "tintindex": 0},
				"west": {"uv": [5, 6, 6, 7], "texture": "#stem", "tintindex": 0},
				"up": {"uv": [5, 6, 6, 7], "rotation": 90, "texture": "#stem", "tintindex": 0}
			}
		},
		{
			"from": [7.5, 0, 7],
			"to": [8.5, 5, 8],
			"rotation": {"angle": -45, "axis": "y", "origin": [8, 8, 8]},
			"faces": {
				"north": {"uv": [7, 2, 8, 7], "texture": "#stem", "tintindex": 0},
				"east": {"uv": [7, 2, 8, 7], "texture": "#stem", "tintindex": 0},
				"south": {"uv": [7, 2, 8, 7], "texture": "#stem", "tintindex": 0},
				"west": {"uv": [7, 2, 8, 7], "texture": "#stem", "tintindex": 0},
				"up": {"uv": [7, 2, 8, 3], "rotation": 90, "texture": "#stem", "tintindex": 0}
			}
		},
		{
			"from": [7.5, 0, 8],
			"to": [8.5, 2, 9],
			"rotation": {"angle": -45, "axis": "y", "origin": [8, 8, 8]},
			"faces": {
				"east": {"uv": [8, 5, 9, 7], "texture": "#stem", "tintindex": 0},
				"south": {"uv": [8, 5, 9, 7], "texture": "#stem", "tintindex": 0},
				"west": {"uv": [8, 5, 9, 7], "texture": "#stem", "tintindex": 0},
				"up": {"uv": [8, 5, 9, 6], "rotation": 90, "texture": "#stem", "tintindex": 0}
			}
		},
		{
			"from": [7.5, 3, 6],
			"to": [8.5, 6, 7],
			"rotation": {"angle": -45, "axis": "y", "origin": [8, 8, 8]},
			"faces": {
				"north": {"uv": [6, 1, 7, 4], "texture": "#stem", "tintindex": 0},
				"east": {"uv": [6, 1, 7, 4], "texture": "#stem", "tintindex": 0},
				"south": {"uv": [6, 1, 7, 4], "texture": "#stem", "tintindex": 0},
				"west": {"uv": [6, 1, 7, 4], "texture": "#stem", "tintindex": 0},
				"up": {"uv": [6, 1, 7, 2], "rotation": 90, "texture": "#stem", "tintindex": 0},
				"down": {"uv": [6, 3, 7, 4], "rotation": 270, "texture": "#stem", "tintindex": 0}
			}
		},
		{
			"from": [7.5, -1, 5],
			"to": [8.5, 0, 9],
			"rotation": {"angle": 45, "axis": "y", "origin": [8, 8, 8]},
			"faces": {
				"north": {"uv": [5, 7, 6, 8], "texture": "#stem", "tintindex": 0},
				"east": {"uv": [5, 7, 9, 8], "texture": "#stem", "tintindex": 0},
				"south": {"uv": [8, 7, 9, 8], "texture": "#stem", "tintindex": 0},
				"west": {"uv": [5, 7, 9, 8], "texture": "#stem", "tintindex": 0},
				"up": {"uv": [5, 7, 9, 8], "rotation": 90, "texture": "#stem", "tintindex": 0}
			}
		},
		{
			"from": [7.5, 0, 5],
			"to": [8.5, 1, 6],
			"rotation": {"angle": 45, "axis": "y", "origin": [8, 8, 8]},
			"faces": {
				"north": {"uv": [5, 6, 6, 7], "texture": "#stem", "tintindex": 0},
				"east": {"uv": [5, 6, 6, 7], "texture": "#stem", "tintindex": 0},
				"south": {"uv": [5, 6, 6, 7], "texture": "#stem", "tintindex": 0},
				"west": {"uv": [5, 6, 6, 7], "texture": "#stem", "tintindex": 0},
				"up": {"uv": [5, 6, 6, 7], "rotation": 90, "texture": "#stem", "tintindex": 0}
			}
		},
		{
			"from": [7.5, 0, 7],
			"to": [8.5, 5, 8],
			"rotation": {"angle": 45, "axis": "y", "origin": [8, 8, 8]},
			"faces": {
				"north": {"uv": [7, 2, 8, 7], "texture": "#stem", "tintindex": 0},
				"east": {"uv": [7, 2, 8, 7], "texture": "#stem", "tintindex": 0},
				"south": {"uv": [7, 2, 8, 7], "texture": "#stem", "tintindex": 0},
				"west": {"uv": [7, 2, 8, 7], "texture": "#stem", "tintindex": 0},
				"up": {"uv": [7, 2, 8, 3], "rotation": 90, "texture": "#stem", "tintindex": 0}
			}
		},
		{
			"from": [7.5, 0, 8],
			"to": [8.5, 2, 9],
			"rotation": {"angle": 45, "axis": "y", "origin": [8, 8, 8]},
			"faces": {
				"east": {"uv": [8, 5, 9, 7], "texture": "#stem", "tintindex": 0},
				"south": {"uv": [8, 5, 9, 7], "texture": "#stem", "tintindex": 0},
				"west": {"uv": [8, 5, 9, 7], "texture": "#stem", "tintindex": 0},
				"up": {"uv": [8, 5, 9, 6], "rotation": 90, "texture": "#stem", "tintindex": 0}
			}
		},
		{
			"from": [7.5, 3, 6],
			"to": [8.5, 6, 7],
			"rotation": {"angle": 45, "axis": "y", "origin": [8, 8, 8]},
			"faces": {
				"north": {"uv": [6, 1, 7, 4], "texture": "#stem", "tintindex": 0},
				"east": {"uv": [6, 1, 7, 4], "texture": "#stem", "tintindex": 0},
				"south": {"uv": [6, 1, 7, 4], "texture": "#stem", "tintindex": 0},
				"west": {"uv": [6, 1, 7, 4], "texture": "#stem", "tintindex": 0},
				"up": {"uv": [6, 1, 7, 2], "rotation": 90, "texture": "#stem", "tintindex": 0},
				"down": {"uv": [6, 3, 7, 4], "rotation": 270, "texture": "#stem", "tintindex": 0}
			}
		}
	],
	"groups": [
		{
			"name": "group",
			"origin": [8, 8, 8],
			"children": [0, 1, 2, 3, 4]
		},
		{
			"name": "group",
			"origin": [8, 8, 8],
			"children": [5, 6, 7, 8, 9]
		}
	]
}