{
	"credit": "Made with Blockbench",
	"ambientocclusion": false,
	"textures": {
		"particle": "block/pumpkin_stem",
		"stem": "block/pumpkin_stem"
	},
	"elements": [
		{
			"from": [8, -1, 7.5],
			"to": [9, 4, 8.5],
			"rotation": {"angle": 45, "axis": "y", "origin": [8, 10, 8]},
			"faces": {
				"north": {"uv": [7, 11, 8, 16], "texture": "#stem", "tintindex": 0},
				"east": {"uv": [7, 11, 8, 16], "texture": "#stem", "tintindex": 0},
				"south": {"uv": [7, 11, 8, 16], "texture": "#stem", "tintindex": 0},
				"west": {"uv": [0, 0, 0, 0], "texture": "#stem", "tintindex": 0},
				"down": {"uv": [0, 0, 0, 0], "texture": "#stem", "tintindex": 0}
			}
		},
		{
			"from": [7, -1, 7.5],
			"to": [8, 4, 8.5],
			"rotation": {"angle": 45, "axis": "y", "origin": [8, 10, 8]},
			"faces": {
				"north": {"uv": [8, 11, 9, 16], "texture": "#stem", "tintindex": 0},
				"east": {"uv": [0, 0, 0, 0], "texture": "#stem", "tintindex": 0},
				"south": {"uv": [8, 11, 9, 16], "texture": "#stem", "tintindex": 0},
				"west": {"uv": [8, 11, 9, 16], "texture": "#stem", "tintindex": 0},
				"down": {"uv": [0, 0, 0, 0], "texture": "#stem", "tintindex": 0}
			}
		},
		{
			"from": [6, 4, 7.5],
			"to": [9, 6, 8.5],
			"rotation": {"angle": 45, "axis": "y", "origin": [8, 10, 8]},
			"faces": {
				"north": {"uv": [7, 9, 10, 11], "texture": "#stem", "tintindex": 0},
				"east": {"uv": [7, 9, 8, 11], "texture": "#stem", "tintindex": 0},
				"south": {"uv": [7, 9, 10, 11], "rotation": 180, "texture": "#stem", "tintindex": 0},
				"west": {"uv": [9, 9, 10, 11], "texture": "#stem", "tintindex": 0},
				"up": {"uv": [7, 9, 10, 10], "rotation": 180, "texture": "#stem", "tintindex": 0},
				"down": {"uv": [7, 10, 10, 11], "texture": "#stem", "tintindex": 0}
			}
		},
		{
			"from": [8, 8, 7.5],
			"to": [9, 13, 8.5],
			"rotation": {"angle": 45, "axis": "y", "origin": [8, 10, 8]},
			"faces": {
				"north": {"uv": [7, 2, 8, 7], "texture": "#stem", "tintindex": 0},
				"east": {"uv": [7, 2, 8, 7], "texture": "#stem", "tintindex": 0},
				"south": {"uv": [7, 2, 8, 7], "texture": "#stem", "tintindex": 0},
				"west": {"uv": [7, 2, 8, 7], "texture": "#stem", "tintindex": 0},
				"up": {"uv": [7, 2, 8, 3], "texture": "#stem", "tintindex": 0}
			}
		},
		{
			"from": [9, 11, 7.5],
			"to": [10, 14, 8.5],
			"rotation": {"angle": 45, "axis": "y", "origin": [8, 10, 8]},
			"faces": {
				"north": {"uv": [6, 1, 7, 4], "texture": "#stem", "tintindex": 0},
				"east": {"uv": [6, 1, 7, 4], "texture": "#stem", "tintindex": 0},
				"south": {"uv": [6, 1, 7, 4], "texture": "#stem", "tintindex": 0},
				"west": {"uv": [6, 1, 7, 4], "texture": "#stem", "tintindex": 0},
				"up": {"uv": [6, 1, 7, 2], "texture": "#stem", "tintindex": 0},
				"down": {"uv": [6, 3, 7, 4], "texture": "#stem", "tintindex": 0}
			}
		},
		{
			"from": [7, 8, 7.5],
			"to": [8, 10, 8.5],
			"rotation": {"angle": 45, "axis": "y", "origin": [8, 10, 8]},
			"faces": {
				"north": {"uv": [8, 5, 9, 7], "texture": "#stem", "tintindex": 0},
				"south": {"uv": [8, 5, 9, 7], "texture": "#stem", "tintindex": 0},
				"west": {"uv": [8, 5, 9, 7], "texture": "#stem", "tintindex": 0},
				"up": {"uv": [8, 5, 9, 7], "texture": "#stem", "tintindex": 0}
			}
		},
		{
			"from": [10, 8, 7.5],
			"to": [11, 9, 8.5],
			"rotation": {"angle": 45, "axis": "y", "origin": [8, 10, 8]},
			"faces": {
				"north": {"uv": [5, 6, 6, 7], "texture": "#stem", "tintindex": 0},
				"east": {"uv": [5, 6, 6, 7], "texture": "#stem", "tintindex": 0},
				"south": {"uv": [5, 6, 6, 7], "texture": "#stem", "tintindex": 0},
				"west": {"uv": [5, 6, 6, 7], "texture": "#stem", "tintindex": 0},
				"up": {"uv": [5, 6, 6, 7], "texture": "#stem", "tintindex": 0}
			}
		},
		{
			"from": [7, 7, 7.5],
			"to": [11, 8, 8.5],
			"rotation": {"angle": 45, "axis": "y", "origin": [8, 10, 8]},
			"faces": {
				"north": {"uv": [5, 7, 9, 8], "texture": "#stem", "tintindex": 0},
				"east": {"uv": [5, 7, 6, 8], "texture": "#stem", "tintindex": 0},
				"south": {"uv": [5, 7, 9, 8], "rotation": 180, "texture": "#stem", "tintindex": 0},
				"west": {"uv": [8, 7, 9, 8], "texture": "#stem", "tintindex": 0},
				"up": {"uv": [5, 7, 9, 8], "rotation": 180, "texture": "#stem", "tintindex": 0},
				"down": {"uv": [5, 7, 9, 8], "rotation": 180, "texture": "#stem", "tintindex": 0}
			}
		},
		{
			"from": [5, 6, 7.5],
			"to": [6, 7, 8.5],
			"rotation": {"angle": 45, "axis": "y", "origin": [8, 10, 8]},
			"faces": {
				"north": {"uv": [10, 8, 11, 9], "texture": "#stem", "tintindex": 0},
				"east": {"uv": [10, 8, 11, 9], "texture": "#stem", "tintindex": 0},
				"south": {"uv": [10, 8, 11, 9], "texture": "#stem", "tintindex": 0},
				"west": {"uv": [10, 8, 11, 9], "texture": "#stem", "tintindex": 0},
				"up": {"uv": [10, 8, 11, 9], "texture": "#stem", "tintindex": 0},
				"down": {"uv": [10, 8, 11, 9], "texture": "#stem", "tintindex": 0}
			}
		},
		{
			"from": [7, 6, 7.5],
			"to": [10, 7, 8.5],
			"rotation": {"angle": 45, "axis": "y", "origin": [8, 10, 8]},
			"faces": {
				"north": {"uv": [6, 8, 9, 9], "texture": "#stem", "tintindex": 0},
				"east": {"uv": [6, 8, 7, 9], "texture": "#stem", "tintindex": 0},
				"south": {"uv": [6, 8, 9, 9], "rotation": 180, "texture": "#stem", "tintindex": 0},
				"west": {"uv": [8, 8, 9, 9], "texture": "#stem", "tintindex": 0},
				"up": {"uv": [0, 0, 0, 0], "texture": "#stem", "tintindex": 0},
				"down": {"uv": [6, 8, 9, 9], "rotation": 180, "texture": "#stem", "tintindex": 0}
			}
		},
		{
			"from": [7.5, -1, 7],
			"to": [8.5, 4, 8],
			"rotation": {"angle": 45, "axis": "y", "origin": [8, 10, 8]},
			"faces": {
				"north": {"uv": [7, 11, 8, 16], "texture": "#stem", "tintindex": 0},
				"east": {"uv": [7, 11, 8, 16], "texture": "#stem", "tintindex": 0},
				"south": {"uv": [0, 0, 0, 0], "texture": "#stem", "tintindex": 0},
				"west": {"uv": [7, 11, 8, 16], "texture": "#stem", "tintindex": 0},
				"down": {"uv": [0, 0, 0, 0], "rotation": 90, "texture": "#stem", "tintindex": 0}
			}
		},
		{
			"from": [7.5, -1, 8],
			"to": [8.5, 4, 9],
			"rotation": {"angle": 45, "axis": "y", "origin": [8, 10, 8]},
			"faces": {
				"north": {"uv": [0, 0, 0, 0], "texture": "#stem", "tintindex": 0},
				"east": {"uv": [8, 11, 9, 16], "texture": "#stem", "tintindex": 0},
				"south": {"uv": [8, 11, 9, 16], "texture": "#stem", "tintindex": 0},
				"west": {"uv": [8, 11, 9, 16], "texture": "#stem", "tintindex": 0},
				"down": {"uv": [0, 0, 0, 0], "rotation": 90, "texture": "#stem", "tintindex": 0}
			}
		},
		{
			"from": [7.5, 4, 7],
			"to": [8.5, 6, 10],
			"rotation": {"angle": 45, "axis": "y", "origin": [8, 10, 8]},
			"faces": {
				"north": {"uv": [7, 9, 8, 11], "texture": "#stem", "tintindex": 0},
				"east": {"uv": [7, 9, 10, 11], "rotation": 180, "texture": "#stem", "tintindex": 0},
				"south": {"uv": [9, 9, 10, 11], "texture": "#stem", "tintindex": 0},
				"west": {"uv": [7, 9, 10, 11], "texture": "#stem", "tintindex": 0},
				"up": {"uv": [7, 9, 10, 10], "rotation": 90, "texture": "#stem", "tintindex": 0},
				"down": {"uv": [7, 10, 10, 11], "rotation": 90, "texture": "#stem", "tintindex": 0}
			}
		},
		{
			"from": [7.5, 8, 7],
			"to": [8.5, 13, 8],
			"rotation": {"angle": 45, "axis": "y", "origin": [8, 10, 8]},
			"faces": {
				"north": {"uv": [7, 2, 8, 7], "texture": "#stem", "tintindex": 0},
				"east": {"uv": [7, 2, 8, 7], "texture": "#stem", "tintindex": 0},
				"south": {"uv": [7, 2, 8, 7], "texture": "#stem", "tintindex": 0},
				"west": {"uv": [7, 2, 8, 7], "texture": "#stem", "tintindex": 0},
				"up": {"uv": [7, 2, 8, 3], "rotation": 270, "texture": "#stem", "tintindex": 0}
			}
		},
		{
			"from": [7.5, 11, 6],
			"to": [8.5, 14, 7],
			"rotation": {"angle": 45, "axis": "y", "origin": [8, 10, 8]},
			"faces": {
				"north": {"uv": [6, 1, 7, 4], "texture": "#stem", "tintindex": 0},
				"east": {"uv": [6, 1, 7, 4], "texture": "#stem", "tintindex": 0},
				"south": {"uv": [6, 1, 7, 4], "texture": "#stem", "tintindex": 0},
				"west": {"uv": [6, 1, 7, 4], "texture": "#stem", "tintindex": 0},
				"up": {"uv": [6, 1, 7, 2], "rotation": 270, "texture": "#stem", "tintindex": 0},
				"down": {"uv": [6, 3, 7, 4], "rotation": 90, "texture": "#stem", "tintindex": 0}
			}
		},
		{
			"from": [7.5, 8, 8],
			"to": [8.5, 10, 9],
			"rotation": {"angle": 45, "axis": "y", "origin": [8, 10, 8]},
			"faces": {
				"east": {"uv": [8, 5, 9, 7], "texture": "#stem", "tintindex": 0},
				"south": {"uv": [8, 5, 9, 7], "texture": "#stem", "tintindex": 0},
				"west": {"uv": [8, 5, 9, 7], "texture": "#stem", "tintindex": 0},
				"up": {"uv": [8, 5, 9, 7], "rotation": 270, "texture": "#stem", "tintindex": 0}
			}
		},
		{
			"from": [7.5, 8, 5],
			"to": [8.5, 9, 6],
			"rotation": {"angle": 45, "axis": "y", "origin": [8, 10, 8]},
			"faces": {
				"north": {"uv": [5, 6, 6, 7], "texture": "#stem", "tintindex": 0},
				"east": {"uv": [5, 6, 6, 7], "texture": "#stem", "tintindex": 0},
				"south": {"uv": [5, 6, 6, 7], "texture": "#stem", "tintindex": 0},
				"west": {"uv": [5, 6, 6, 7], "texture": "#stem", "tintindex": 0},
				"up": {"uv": [5, 6, 6, 7], "rotation": 270, "texture": "#stem", "tintindex": 0}
			}
		},
		{
			"from": [7.5, 7, 5],
			"to": [8.5, 8, 9],
			"rotation": {"angle": 45, "axis": "y", "origin": [8, 10, 8]},
			"faces": {
				"north": {"uv": [5, 7, 6, 8], "texture": "#stem", "tintindex": 0},
				"east": {"uv": [5, 7, 9, 8], "rotation": 180, "texture": "#stem", "tintindex": 0},
				"south": {"uv": [8, 7, 9, 8], "texture": "#stem", "tintindex": 0},
				"west": {"uv": [5, 7, 9, 8], "texture": "#stem", "tintindex": 0},
				"up": {"uv": [5, 7, 9, 8], "rotation": 90, "texture": "#stem", "tintindex": 0},
				"down": {"uv": [5, 7, 9, 8], "rotation": 270, "texture": "#stem", "tintindex": 0}
			}
		},
		{
			"from": [7.5, 6, 10],
			"to": [8.5, 7, 11],
			"rotation": {"angle": 45, "axis": "y", "origin": [8, 10, 8]},
			"faces": {
				"north": {"uv": [10, 8, 11, 9], "texture": "#stem", "tintindex": 0},
				"east": {"uv": [10, 8, 11, 9], "texture": "#stem", "tintindex": 0},
				"south": {"uv": [10, 8, 11, 9], "texture": "#stem", "tintindex": 0},
				"west": {"uv": [10, 8, 11, 9], "texture": "#stem", "tintindex": 0},
				"up": {"uv": [10, 8, 11, 9], "rotation": 270, "texture": "#stem", "tintindex": 0},
				"down": {"uv": [10, 8, 11, 9], "rotation": 90, "texture": "#stem", "tintindex": 0}
			}
		},
		{
			"from": [7.5, 6, 6],
			"to": [8.5, 7, 9],
			"rotation": {"angle": 45, "axis": "y", "origin": [8, 10, 8]},
			"faces": {
				"north": {"uv": [6, 8, 7, 9], "texture": "#stem", "tintindex": 0},
				"east": {"uv": [6, 8, 9, 9], "rotation": 180, "texture": "#stem", "tintindex": 0},
				"south": {"uv": [8, 8, 9, 9], "texture": "#stem", "tintindex": 0},
				"west": {"uv": [6, 8, 9, 9], "texture": "#stem", "tintindex": 0},
				"up": {"uv": [0, 0, 0, 0], "rotation": 270, "texture": "#stem", "tintindex": 0},
				"down": {"uv": [6, 8, 9, 9], "rotation": 270, "texture": "#stem", "tintindex": 0}
			}
		}
	],
	"groups": [
		{
			"name": "group",
			"origin": [8, 8, 8],
			"children": [0, 1, 2, 3, 4, 5, 6, 7, 8, 9]
		},
		{
			"name": "group",
			"origin": [8, 8, 8],
			"children": [10, 11, 12, 13, 14, 15, 16, 17, 18, 19]
		}
	]
}