{"credit":"Made with Blockbench","textures":{"2":"iceandfire:custom/texturedasteaxess","3":"iceandfire:custom/raddadste","5":"iceandfire:custom/silver_block","particle":"iceandfire:custom/texturedasteaxess"},"elements":[{"from":[8,-4,7],"to":[9,-1.5,8],"rotation":{"angle":0,"axis":"y","origin":[8.5,-2.75,7.5]},"faces":{"north":{"uv":[0,0,16,16],"texture":"#3"},"east":{"uv":[0,0,16,16],"texture":"#3"},"south":{"uv":[0,0,16,16],"texture":"#3"},"west":{"uv":[0,0,16,16],"texture":"#3"},"up":{"uv":[0,0,16,16],"texture":"#3"},"down":{"uv":[0,0,16,16],"texture":"#3"}}},{"from":[8,3,7],"to":[9,11.5,8],"rotation":{"angle":0,"axis":"y","origin":[8.5,7.75,7.5]},"faces":{"north":{"uv":[0,0,16,16],"texture":"#3"},"east":{"uv":[0,0,16,16],"texture":"#3"},"south":{"uv":[0,0,16,16],"texture":"#3"},"west":{"uv":[0,0,16,16],"texture":"#3"},"up":{"uv":[0,0,16,16],"texture":"#3"},"down":{"uv":[0,0,16,16],"texture":"#3"}}},{"from":[7.8,10,7.25],"to":[9.2,10.5,7.75],"rotation":{"angle":45,"axis":"x","origin":[8.5,10.25,7.5]},"faces":{"north":{"uv":[0,0,16,16],"texture":"#3"},"east":{"uv":[0,0,16,16],"texture":"#3"},"south":{"uv":[0,0,16,16],"texture":"#3"},"west":{"uv":[0,0,16,16],"texture":"#3"},"up":{"uv":[0,0,16,16],"texture":"#3"},"down":{"uv":[0,0,16,16],"texture":"#3"}}},{"from":[7.8,10,7.25],"to":[9.2,10.5,7.75],"rotation":{"angle":0,"axis":"x","origin":[8.5,10.25,7.5]},"faces":{"north":{"uv":[0,0,16,16],"rotation":180,"texture":"#3"},"east":{"uv":[0,0,16,16],"rotation":270,"texture":"#3"},"south":{"uv":[0,0,16,16],"texture":"#3"},"west":{"uv":[0,0,16,16],"rotation":90,"texture":"#3"},"up":{"uv":[0,0,16,16],"rotation":180,"texture":"#3"},"down":{"uv":[0,0,16,16],"texture":"#3"}}},{"from":[7.8,9,7.25],"to":[9.2,9.5,7.75],"rotation":{"angle":45,"axis":"x","origin":[8.5,9.25,7.5]},"faces":{"north":{"uv":[0,0,16,16],"texture":"#3"},"east":{"uv":[0,0,16,16],"texture":"#3"},"south":{"uv":[0,0,16,16],"texture":"#3"},"west":{"uv":[0,0,16,16],"texture":"#3"},"up":{"uv":[0,0,16,16],"texture":"#3"},"down":{"uv":[0,0,16,16],"texture":"#3"}}},{"from":[7.8,9,7.25],"to":[9.2,9.5,7.75],"rotation":{"angle":0,"axis":"x","origin":[8.5,9.25,7.5]},"faces":{"north":{"uv":[0,0,16,16],"rotation":180,"texture":"#3"},"east":{"uv":[0,0,16,16],"rotation":270,"texture":"#3"},"south":{"uv":[0,0,16,16],"texture":"#3"},"west":{"uv":[0,0,16,16],"rotation":90,"texture":"#3"},"up":{"uv":[0,0,16,16],"rotation":180,"texture":"#3"},"down":{"uv":[0,0,16,16],"texture":"#3"}}},{"from":[7.8,8,7.25],"to":[9.2,8.5,7.75],"rotation":{"angle":45,"axis":"x","origin":[8.5,8.25,7.5]},"faces":{"north":{"uv":[0,0,16,16],"texture":"#3"},"east":{"uv":[0,0,16,16],"texture":"#3"},"south":{"uv":[0,0,16,16],"texture":"#3"},"west":{"uv":[0,0,16,16],"texture":"#3"},"up":{"uv":[0,0,16,16],"texture":"#3"},"down":{"uv":[0,0,16,16],"texture":"#3"}}},{"from":[7.8,8,7.25],"to":[9.2,8.5,7.75],"rotation":{"angle":0,"axis":"x","origin":[8.5,8.25,7.5]},"faces":{"north":{"uv":[0,0,16,16],"rotation":180,"texture":"#3"},"east":{"uv":[0,0,16,16],"rotation":270,"texture":"#3"},"south":{"uv":[0,0,16,16],"texture":"#3"},"west":{"uv":[0,0,16,16],"rotation":90,"texture":"#3"},"up":{"uv":[0,0,16,16],"rotation":180,"texture":"#3"},"down":{"uv":[0,0,16,16],"texture":"#3"}}},{"from":[7.9,6,7.25],"to":[9.1,6.5,7.75],"rotation":{"angle":45,"axis":"x","origin":[8.5,6.25,7.5]},"faces":{"north":{"uv":[2,1,3.999,3],"texture":"#5"},"east":{"uv":[2,1,3.999,3],"texture":"#5"},"south":{"uv":[2,1,3.999,3],"texture":"#5"},"west":{"uv":[2,1,3.999,3],"texture":"#5"},"up":{"uv":[2,1,3.999,3],"texture":"#5"},"down":{"uv":[2,1,3.999,3],"texture":"#5"}}},{"from":[7.9,5,7.25],"to":[9.1,5.5,7.75],"rotation":{"angle":45,"axis":"x","origin":[8.5,5.25,7.5]},"faces":{"north":{"uv":[3,2,4.998,3.999],"texture":"#5"},"east":{"uv":[3,2,4.998,3.999],"texture":"#5"},"south":{"uv":[3,2,4.998,3.999],"texture":"#5"},"west":{"uv":[3,2,4.998,3.999],"texture":"#5"},"up":{"uv":[3,2,4.998,3.999],"texture":"#5"},"down":{"uv":[3,2,4.998,3.999],"texture":"#5"}}},{"from":[7.9,4,7.25],"to":[9.1,4.5,7.75],"rotation":{"angle":45,"axis":"x","origin":[8.5,4.25,7.5]},"faces":{"north":{"uv":[6,2,7.998,3.999],"texture":"#5"},"east":{"uv":[6,2,7.998,3.999],"texture":"#5"},"south":{"uv":[6,2,7.998,3.999],"texture":"#5"},"west":{"uv":[6,2,7.998,3.999],"texture":"#5"},"up":{"uv":[6,2,7.998,3.999],"texture":"#5"},"down":{"uv":[6,2,7.998,3.999],"texture":"#5"}}},{"from":[7.9,-3,7.25],"to":[9.1,-2.5,7.75],"rotation":{"angle":45,"axis":"x","origin":[8.5,-2.75,7.5]},"faces":{"north":{"uv":[6,2,7.998,3.999],"texture":"#5"},"east":{"uv":[6,2,7.998,3.999],"texture":"#5"},"south":{"uv":[6,2,7.998,3.999],"texture":"#5"},"west":{"uv":[6,2,7.998,3.999],"texture":"#5"},"up":{"uv":[6,2,7.998,3.999],"texture":"#5"},"down":{"uv":[6,2,7.998,3.999],"texture":"#5"}}},{"from":[8.25,8,8.5],"to":[8.75,10.5,9],"rotation":{"angle":0,"axis":"y","origin":[8.5,9.25,8.75]},"faces":{"north":{"uv":[1,1,2.999,5.999],"texture":"#5"},"east":{"uv":[1,1,2.999,5.999],"texture":"#5"},"south":{"uv":[1,1,2.999,5.999],"texture":"#5"},"west":{"uv":[1,1,2.999,5.999],"texture":"#5"},"up":{"uv":[1,1,2.999,5.999],"texture":"#5"},"down":{"uv":[1,1,2.999,5.999],"texture":"#5"}}},{"from":[8.25,8.125,8],"to":[8.75,10.375,8.5],"rotation":{"angle":0,"axis":"y","origin":[8.5,9.25,8.25]},"faces":{"north":{"uv":[0,1,1.998,5.999],"texture":"#5"},"east":{"uv":[0,1,1.998,5.999],"rotation":180,"texture":"#5"},"south":{"uv":[0,1,1.998,5.999],"texture":"#5"},"west":{"uv":[0,1,1.998,5.999],"texture":"#5"},"up":{"uv":[0,1,1.998,5.999],"texture":"#5"},"down":{"uv":[0,1,1.998,5.999],"texture":"#5"}}},{"from":[8.25,7.75,6],"to":[8.75,10.75,7],"rotation":{"angle":0,"axis":"y","origin":[8.5,9.25,6.5]},"faces":{"north":{"uv":[13,4,15.999,9.999],"texture":"#5"},"east":{"uv":[0,4,3,9.999],"texture":"#5"},"south":{"uv":[6,4,8.998,9.999],"texture":"#5"},"west":{"uv":[3,4,5.998,9.999],"texture":"#5"},"up":{"uv":[4,5,6.999,7.998],"texture":"#5"},"down":{"uv":[10,7,12.999,9.999],"texture":"#5"}}},{"from":[8.25,7.25,5],"to":[8.75,11.25,6],"rotation":{"angle":0,"axis":"y","origin":[8.5,9.75,5.5]},"faces":{"north":{"uv":[0,3,2.999,10.997],"texture":"#5"},"east":{"uv":[7,3,9.999,10.998],"texture":"#5"},"south":{"uv":[4,3,6.999,10.997],"texture":"#5"},"west":{"uv":[12,3,14.998,10.997],"texture":"#5"},"up":{"uv":[7,4,9.999,6.997],"texture":"#5"},"down":{"uv":[7,8,9.999,10.997],"texture":"#5"}}},{"from":[8.35,5.75,4.5],"to":[8.6,11.75,5],"rotation":{"angle":0,"axis":"y","origin":[8.475,9.75,4.75]},"faces":{"north":{"uv":[13,2,14.998,11.997],"texture":"#5"},"east":{"uv":[7,2,8.997,11.997],"texture":"#5"},"south":{"uv":[0,2,1.998,11.997],"texture":"#5"},"west":{"uv":[4,2,5.998,11.997],"texture":"#5"},"up":{"uv":[4,2,5.997,3.996],"texture":"#5"},"down":{"uv":[4,10,5.997,11.997],"texture":"#5"}}},{"from":[8.35,7.75,8.5],"to":[8.6,10.75,9],"rotation":{"angle":0,"axis":"y","origin":[8.475,9.25,8.75]},"faces":{"north":{"uv":[7,5,8.997,9.997],"texture":"#5"},"east":{"uv":[7,5,8.997,9.997],"texture":"#5"},"south":{"uv":[7,5,8.997,9.997],"texture":"#5"},"west":{"uv":[7,5,8.997,9.997],"texture":"#5"},"up":{"uv":[7,5,8.997,5.996],"texture":"#5"},"down":{"uv":[7,8.997,8.997,9.997],"texture":"#5"}}},{"from":[8.35,8.25,9],"to":[8.6,10.25,9.5],"rotation":{"angle":0,"axis":"y","origin":[8.475,9.25,9.25]},"faces":{"north":{"uv":[7,5,8.997,9.997],"texture":"#5"},"east":{"uv":[7,5,8.997,9.997],"texture":"#5"},"south":{"uv":[7,5,8.997,9.997],"texture":"#5"},"west":{"uv":[7,5,8.997,9.997],"texture":"#5"},"up":{"uv":[7,5,8.997,9.997],"texture":"#5"},"down":{"uv":[7,5,8.997,9.997],"texture":"#5"}}},{"from":[8.35,8.75,9.5],"to":[8.6,9.75,9.75],"rotation":{"angle":0,"axis":"y","origin":[8.475,9.25,9.625]},"faces":{"north":{"uv":[7,5,7.996,7.996],"texture":"#5"},"east":{"uv":[7,5,7.996,7.996],"texture":"#5"},"south":{"uv":[7,5,7.996,7.996],"texture":"#5"},"west":{"uv":[7,5,7.996,7.996],"texture":"#5"},"up":{"uv":[7,5,7.996,7.996],"texture":"#5"},"down":{"uv":[7,5,7.996,7.996],"texture":"#5"}}},{"from":[8.35,11.75,4.75],"to":[8.6,12,5],"rotation":{"angle":0,"axis":"y","origin":[8.475,11.875,4.875]},"faces":{"north":{"uv":[2,1,2.995,1.996],"texture":"#5"},"east":{"uv":[2,1,2.995,1.996],"texture":"#5"},"south":{"uv":[2,1,2.995,1.996],"texture":"#5"},"west":{"uv":[2,1,2.995,1.996],"texture":"#5"},"up":{"uv":[2,1,2.995,1.996],"texture":"#5"},"down":{"uv":[2,1,2.995,1.996],"texture":"#5"}}},{"from":[8.35,11.25,4.25],"to":[8.6,11.5,4.5],"rotation":{"angle":0,"axis":"y","origin":[8.475,11.375,4.375]},"faces":{"north":{"uv":[3,11,3.995,11.997],"texture":"#5"},"east":{"uv":[3,11,3.995,11.997],"texture":"#5"},"south":{"uv":[3,11,3.995,11.997],"texture":"#5"},"west":{"uv":[3,11,3.995,11.997],"texture":"#5"},"up":{"uv":[3,11,3.995,11.997],"texture":"#5"},"down":{"uv":[3,11,3.995,11.997],"texture":"#5"}}},{"from":[8.35,12.25,5.25],"to":[8.6,12.5,5.5],"rotation":{"angle":0,"axis":"y","origin":[8.475,12.375,5.375]},"faces":{"north":{"uv":[3,11,3.995,11.997],"texture":"#5"},"east":{"uv":[3,11,3.995,11.997],"texture":"#5"},"south":{"uv":[3,11,3.995,11.997],"texture":"#5"},"west":{"uv":[3,11,3.995,11.997],"texture":"#5"},"up":{"uv":[3,11,3.995,11.997],"texture":"#5"},"down":{"uv":[3,11,3.995,11.997],"texture":"#5"}}},{"from":[8.35,11.25,5.5],"to":[8.6,11.5,5.75],"rotation":{"angle":0,"axis":"y","origin":[8.475,11.375,5.625]},"faces":{"north":{"uv":[3,11,3.995,11.997],"texture":"#5"},"east":{"uv":[3,11,3.995,11.997],"texture":"#5"},"south":{"uv":[3,11,3.995,11.997],"texture":"#5"},"west":{"uv":[3,11,3.995,11.997],"texture":"#5"},"up":{"uv":[3,11,3.995,11.997],"texture":"#5"},"down":{"uv":[3,11,3.995,11.997],"texture":"#5"}}},{"from":[8.35,6.25,5.5],"to":[8.35,7.25,5.75],"rotation":{"angle":0,"axis":"y","origin":[8.35,6.75,5.625]},"faces":{"north":{"uv":[3,11,3.995,11.997],"texture":"#5"},"east":{"uv":[3,11,3.995,11.997],"texture":"#5"},"south":{"uv":[3,11,3.995,11.997],"texture":"#5"},"west":{"uv":[3,11,3.995,11.997],"texture":"#5"},"up":{"uv":[3,11,3.995,11.997],"texture":"#5"},"down":{"uv":[3,11,3.995,11.997],"texture":"#5"}}},{"from":[8.35,10.25,9],"to":[8.6,10.5,9.25],"rotation":{"angle":0,"axis":"y","origin":[8.475,10.375,9.125]},"faces":{"north":{"uv":[3,8,3.994,8.997],"texture":"#5"},"east":{"uv":[3,8,3.994,8.997],"texture":"#5"},"south":{"uv":[3,8,3.994,8.997],"texture":"#5"},"west":{"uv":[3,8,3.994,8.997],"texture":"#5"},"up":{"uv":[3,8,3.994,8.997],"texture":"#5"},"down":{"uv":[3,8,3.994,8.997],"texture":"#5"}}},{"from":[8.35,10.75,8.6],"to":[8.6,11,8.85],"rotation":{"angle":0,"axis":"y","origin":[8.475,10.875,8.725]},"faces":{"north":{"uv":[3,8,3.994,8.997],"texture":"#5"},"east":{"uv":[3,8,3.994,8.997],"texture":"#5"},"south":{"uv":[3,8,3.994,8.997],"texture":"#5"},"west":{"uv":[3,8,3.994,8.997],"texture":"#5"},"up":{"uv":[3,8,3.994,8.997],"texture":"#5"},"down":{"uv":[3,8,3.994,8.997],"texture":"#5"}}},{"from":[8.35,7.5,8.6],"to":[8.6,7.75,8.85],"rotation":{"angle":0,"axis":"y","origin":[8.475,7.625,8.725]},"faces":{"north":{"uv":[3,8,3.994,8.997],"texture":"#5"},"east":{"uv":[3,8,3.994,8.997],"texture":"#5"},"south":{"uv":[3,8,3.994,8.997],"texture":"#5"},"west":{"uv":[3,8,3.994,8.997],"texture":"#5"},"up":{"uv":[3,8,3.994,8.997],"texture":"#5"},"down":{"uv":[3,8,3.994,8.997],"texture":"#5"}}},{"from":[8.35,8,9],"to":[8.6,8.25,9.25],"rotation":{"angle":0,"axis":"y","origin":[8.475,8.125,9.125]},"faces":{"north":{"uv":[3,8,3.994,8.997],"texture":"#5"},"east":{"uv":[3,8,3.994,8.997],"texture":"#5"},"south":{"uv":[3,8,3.994,8.997],"texture":"#5"},"west":{"uv":[3,8,3.994,8.997],"texture":"#5"},"up":{"uv":[3,8,3.994,8.997],"texture":"#5"},"down":{"uv":[3,8,3.994,8.997],"texture":"#5"}}},{"from":[8.35,6,4.25],"to":[8.6,6.25,4.5],"rotation":{"angle":0,"axis":"y","origin":[8.475,6.125,4.375]},"faces":{"north":{"uv":[3,10,3.994,10.997],"texture":"#5"},"east":{"uv":[3,10,3.994,10.997],"texture":"#5"},"south":{"uv":[3,10,3.994,10.997],"texture":"#5"},"west":{"uv":[3,10,3.994,10.997],"texture":"#5"},"up":{"uv":[3,10,3.994,10.997],"texture":"#5"},"down":{"uv":[3,10,3.994,10.997],"texture":"#5"}}},{"from":[8.35,5,5.25],"to":[8.6,5.25,5.5],"rotation":{"angle":0,"axis":"y","origin":[8.475,5.125,5.375]},"faces":{"north":{"uv":[3,10,3.994,10.997],"texture":"#5"},"east":{"uv":[3,10,3.994,10.997],"texture":"#5"},"south":{"uv":[3,10,3.994,10.997],"texture":"#5"},"west":{"uv":[3,10,3.994,10.997],"texture":"#5"},"up":{"uv":[3,10,3.994,10.997],"texture":"#5"},"down":{"uv":[3,10,3.994,10.997],"texture":"#5"}}},{"from":[8.35,5.5,4.75],"to":[8.6,5.75,5],"rotation":{"angle":0,"axis":"y","origin":[8.475,5.625,4.875]},"faces":{"north":{"uv":[7,5,7.994,5.997],"texture":"#5"},"east":{"uv":[7,5,7.994,5.997],"texture":"#5"},"south":{"uv":[7,5,7.994,5.997],"texture":"#5"},"west":{"uv":[7,5,7.994,5.997],"texture":"#5"},"up":{"uv":[7,5,7.994,5.997],"texture":"#5"},"down":{"uv":[7,5,7.994,5.997],"texture":"#5"}}},{"from":[8.35,6.25,4],"to":[8.6,11.25,4.5],"rotation":{"angle":0,"axis":"y","origin":[8.475,9.25,4.25]},"faces":{"north":{"uv":[15,3,15.999,10.996],"texture":"#5"},"east":{"uv":[12,3,12.999,10.996],"texture":"#5"},"south":{"uv":[2,3,3,10.996],"texture":"#5"},"west":{"uv":[8,3,9,10.996],"texture":"#5"},"up":{"uv":[8,3,9,3.995],"texture":"#5"},"down":{"uv":[8,9.996,9,10.996],"texture":"#5"}}},{"from":[8.35,6.75,3.75],"to":[8.6,10.75,4],"rotation":{"angle":0,"axis":"y","origin":[8.475,9.25,3.875]},"faces":{"north":{"uv":[11.998,4,12.998,9.995],"texture":"#5"},"east":{"uv":[11.998,4,12.998,9.995],"texture":"#5"},"south":{"uv":[11.998,4,12.998,9.995],"texture":"#5"},"west":{"uv":[11.998,4,12.998,9.995],"texture":"#5"},"up":{"uv":[11.998,4,12.998,4.995],"texture":"#5"},"down":{"uv":[11.998,8.995,12.997,9.994],"texture":"#5"}}},{"from":[8.35,7.125,3.5],"to":[8.6,10.375,3.75],"rotation":{"angle":0,"axis":"y","origin":[8.475,9.25,3.625]},"faces":{"north":{"uv":[11.998,4,12.998,9.995],"texture":"#5"},"east":{"uv":[11.998,4,12.998,9.995],"texture":"#5"},"south":{"uv":[11.998,4,12.998,9.995],"texture":"#5"},"west":{"uv":[11.998,4,12.998,9.995],"texture":"#5"},"up":{"uv":[11.998,4,12.998,4.995],"texture":"#5"},"down":{"uv":[11.998,8.995,12.997,9.994],"texture":"#5"}}},{"from":[8.35,5.25,5],"to":[8.6,7.25,5.5],"rotation":{"angle":0,"axis":"y","origin":[8.475,6.75,5.25]},"faces":{"north":{"uv":[1,4,2.997,6.995],"texture":"#5"},"east":{"uv":[1,4,2.997,6.995],"texture":"#5"},"south":{"uv":[1,4,2.997,6.995],"texture":"#5"},"west":{"uv":[1,4,2.997,6.995],"texture":"#5"},"up":{"uv":[1,4,2.997,6.995],"texture":"#5"},"down":{"uv":[1,4,2.997,6.995],"texture":"#5"}}},{"from":[8.35,11.25,5],"to":[8.6,12.25,5.5],"rotation":{"angle":0,"axis":"y","origin":[8.475,9.75,4.75]},"faces":{"north":{"uv":[1,4,2.997,6.996],"texture":"#5"},"east":{"uv":[9,4,10.996,6.996],"texture":"#5"},"south":{"uv":[6,4,7.997,6.996],"texture":"#5"},"west":{"uv":[5,4,6.996,6.996],"texture":"#5"},"up":{"uv":[6,4,7.996,4.995],"texture":"#5"},"down":{"uv":[6,5.995,7.996,6.995],"texture":"#5"}}},{"from":[7.9,7.4,6.9],"to":[9.1,11.1,8.1],"rotation":{"angle":0,"axis":"y","origin":[8.5,9.75,7.5]},"faces":{"north":{"uv":[9,7,12.999,12.999],"texture":"#5"},"east":{"uv":[7,7,11,12.999],"texture":"#5"},"south":{"uv":[3,3,6.999,8.999],"texture":"#5"},"west":{"uv":[4,3,8,8.999],"texture":"#5"},"up":{"uv":[0,0,4,6],"texture":"#5"},"down":{"uv":[0,0,4,6],"texture":"#5"}}},{"from":[7.9,-4.6,6.9],"to":[9.1,-3.9,8.1],"rotation":{"angle":0,"axis":"y","origin":[8.5,-4.25,7.5]},"faces":{"north":{"uv":[7,8,9.999,9.998],"texture":"#5"},"east":{"uv":[7,8,9.999,9.998],"texture":"#5"},"south":{"uv":[7,8,9.999,9.998],"texture":"#5"},"west":{"uv":[7,8,9.999,9.998],"texture":"#5"},"up":{"uv":[7,8,9.999,9.998],"texture":"#5"},"down":{"uv":[7,8,9.999,9.998],"texture":"#5"}}},{"from":[7.9,-4.6,6.9],"to":[9.1,-3.9,8.1],"rotation":{"angle":45,"axis":"y","origin":[8.5,-4.25,7.5]},"faces":{"north":{"uv":[7,8,9.999,9.998],"texture":"#5"},"east":{"uv":[7,8,9.999,9.998],"texture":"#5"},"south":{"uv":[7,8,9.999,9.998],"texture":"#5"},"west":{"uv":[7,8,9.999,9.998],"texture":"#5"},"up":{"uv":[7,8,9.999,9.998],"texture":"#5"},"down":{"uv":[7,8,9.999,9.998],"texture":"#5"}}},{"from":[8.075,-1.925,7.075],"to":[8.925,3.925,7.925],"rotation":{"angle":0,"axis":"y","origin":[8.5,1,7.5]},"faces":{"north":{"uv":[0,0,16,16],"texture":"#2"},"east":{"uv":[0,0,16,16],"texture":"#2"},"south":{"uv":[0,0,16,16],"texture":"#2"},"west":{"uv":[0,0,16,16],"texture":"#2"},"up":{"uv":[0,0,16,16],"texture":"#2"},"down":{"uv":[0,0,16,16],"texture":"#2"}}},{"from":[7.96,-4.5,6.96],"to":[9.04,-3.92,8.04],"rotation":{"angle":0,"axis":"y","origin":[8.5,-4.21,7.5]},"faces":{"north":{"uv":[0,0,16,16],"texture":"#3"},"east":{"uv":[0,0,16,16],"texture":"#3"},"south":{"uv":[0,0,16,16],"texture":"#3"},"west":{"uv":[0,0,16,16],"texture":"#3"},"up":{"uv":[0,0,16,16],"texture":"#3"},"down":{"uv":[0,0,16,16],"texture":"#3"}}},{"from":[7.96,11.5,6.96],"to":[9.04,12.08,8.04],"rotation":{"angle":0,"axis":"y","origin":[8.5,11.79,7.5]},"faces":{"north":{"uv":[0,0,16,16],"texture":"#3"},"east":{"uv":[0,0,16,16],"texture":"#3"},"south":{"uv":[0,0,16,16],"texture":"#3"},"west":{"uv":[0,0,16,16],"texture":"#3"},"up":{"uv":[0,0,16,16],"texture":"#3"},"down":{"uv":[0,0,16,16],"texture":"#3"}}}],"display":{"thirdperson_righthand":{"translation":[-1,6.5,1.5],"scale":[1.2,1.2,1.2]},"thirdperson_lefthand":{"translation":[0.25,6.5,1.5],"scale":[1.2,1.2,1.2]},"firstperson_righthand":{"rotation":[-5,0,0],"translation":[3.5,5.5,-0.75],"scale":[1.2,1.2,1.2]},"firstperson_lefthand":{"rotation":[-5,0,0],"translation":[3.5,5.5,-0.75],"scale":[1.2,1.2,1.2]},"ground":{"translation":[0,11,0],"scale":[1.2,1.2,1.2]},"gui":{"rotation":[-45,-41,-62],"translation":[1.25,3,0]},"head":{"rotation":[-80,0,0],"translation":[-0.25,9.75,0],"scale":[1.2,-1.2,1.2]},"fixed":{"rotation":[0,90,0],"translation":[1,5.25,-0.5],"scale":[1.2,1.2,1.2]}}}