{"credit":"Made with Blockbench","textures":{"2":"iceandfire:custom/raddadste","3":"iceandfire:custom/silver_block","5":"iceandfire:custom/silver_block","particle":"iceandfire:custom/raddadste"},"elements":[{"from":[8.075,-1.925,7.075],"to":[8.925,2.925,7.925],"rotation":{"angle":0,"axis":"y","origin":[8.5,0.5,7.5]},"faces":{"north":{"uv":[0,0,16,16],"texture":"#2"},"east":{"uv":[0,0,16,16],"texture":"#2"},"south":{"uv":[0,0,16,16],"texture":"#2"},"west":{"uv":[0,0,16,16],"texture":"#2"},"up":{"uv":[0,0,16,16],"texture":"#2"},"down":{"uv":[0,0,16,16],"texture":"#2"}}},{"from":[7.98,-0.52,7.23],"to":[9.02,0.02,7.77],"rotation":{"angle":45,"axis":"x","origin":[8.5,-0.25,7.5]},"faces":{"north":{"uv":[4,4,6,6],"texture":"#5"},"east":{"uv":[4,4,6,6],"texture":"#5"},"south":{"uv":[4,4,6,6],"texture":"#5"},"west":{"uv":[4,4,6,6],"texture":"#5"},"up":{"uv":[4,4,6,6],"texture":"#5"},"down":{"uv":[4,4,6,6],"texture":"#5"}}},{"from":[7.98,0.48,7.23],"to":[9.02,1.02,7.77],"rotation":{"angle":45,"axis":"x","origin":[8.5,0.75,7.5]},"faces":{"north":{"uv":[4,4,6,6],"texture":"#5"},"east":{"uv":[4,4,6,6],"texture":"#5"},"south":{"uv":[4,4,6,6],"texture":"#5"},"west":{"uv":[4,4,6,6],"texture":"#5"},"up":{"uv":[4,4,6,6],"texture":"#5"},"down":{"uv":[4,4,6,6],"texture":"#5"}}},{"from":[7.98,2.48,7.23],"to":[9.02,3.02,7.77],"rotation":{"angle":45,"axis":"x","origin":[8.5,2.75,7.5]},"faces":{"north":{"uv":[4,4,6,6],"texture":"#5"},"east":{"uv":[4,4,6,6],"texture":"#5"},"south":{"uv":[4,4,6,6],"texture":"#5"},"west":{"uv":[4,4,6,6],"texture":"#5"},"up":{"uv":[4,4,6,6],"texture":"#5"},"down":{"uv":[4,4,6,6],"texture":"#5"}}},{"from":[7.98,1.48,7.23],"to":[9.02,2.02,7.77],"rotation":{"angle":45,"axis":"x","origin":[8.5,1.75,7.5]},"faces":{"north":{"uv":[4,4,6,6],"texture":"#5"},"east":{"uv":[4,4,6,6],"texture":"#5"},"south":{"uv":[4,4,6,6],"texture":"#5"},"west":{"uv":[4,4,6,6],"texture":"#5"},"up":{"uv":[4,4,6,6],"texture":"#5"},"down":{"uv":[4,4,6,6],"texture":"#5"}}},{"from":[7.98,-1.52,7.23],"to":[9.02,-0.98,7.77],"rotation":{"angle":45,"axis":"x","origin":[8.5,-1.25,7.5]},"faces":{"north":{"uv":[4,4,6,6],"texture":"#5"},"east":{"uv":[4,4,6,6],"texture":"#5"},"south":{"uv":[4,4,6,6],"texture":"#5"},"west":{"uv":[4,4,6,6],"texture":"#5"},"up":{"uv":[4,4,6,6],"texture":"#5"},"down":{"uv":[4,4,6,6],"texture":"#5"}}},{"from":[7.96,2.96,5.5],"to":[9.04,4.04,9.5],"rotation":{"angle":0,"axis":"y","origin":[8.5,3.5,7.5]},"faces":{"north":{"uv":[15,14,15.999,14.999],"texture":"#3"},"east":{"uv":[15,14,15.999,14.999],"texture":"#3"},"south":{"uv":[15,14,15.999,14.999],"texture":"#3"},"west":{"uv":[15,14,15.999,14.999],"texture":"#3"},"up":{"uv":[15,14,15.999,14.999],"texture":"#3"},"down":{"uv":[15,14,15.999,14.999],"texture":"#3"}}},{"from":[7.96,2.96,8.96],"to":[9.04,4.04,10.04],"rotation":{"angle":45,"axis":"x","origin":[8.5,3.5,9.5]},"faces":{"north":{"uv":[14.997,13.997,15.996,14.996],"texture":"#3"},"east":{"uv":[14.997,13.997,15.996,14.996],"texture":"#3"},"south":{"uv":[14.997,13.997,15.996,14.996],"texture":"#3"},"west":{"uv":[14.997,13.997,15.996,14.996],"texture":"#3"},"up":{"uv":[14.997,13.997,15.996,14.996],"texture":"#3"},"down":{"uv":[14.997,13.997,15.996,14.996],"texture":"#3"}}},{"from":[7.96,2.96,4.96],"to":[9.04,4.04,6.04],"rotation":{"angle":45,"axis":"x","origin":[8.5,3.5,5.5]},"faces":{"north":{"uv":[15,14,15.998,14.998],"texture":"#3"},"east":{"uv":[15,14,15.998,14.998],"texture":"#3"},"south":{"uv":[15,14,15.998,14.998],"texture":"#3"},"west":{"uv":[15,14,15.998,14.998],"texture":"#3"},"up":{"uv":[15,14,15.998,14.998],"texture":"#3"},"down":{"uv":[15,14,15.998,14.998],"texture":"#3"}}},{"from":[8,3.5,7],"to":[9,5.5,8],"rotation":{"angle":0,"axis":"z","origin":[8.5,4,7.5]},"faces":{"north":{"uv":[13.997,10,14.996,14.995],"texture":"#3"},"east":{"uv":[13.997,10,14.996,14.995],"texture":"#3"},"south":{"uv":[13.997,10,14.996,14.995],"texture":"#3"},"west":{"uv":[13.997,10,14.996,14.995],"texture":"#3"},"up":{"uv":[13.997,10,14.996,14.995],"texture":"#3"},"down":{"uv":[13.997,10,14.996,14.995],"texture":"#3"}}},{"from":[8,3.5,8.7],"to":[9,4.5,8.9],"rotation":{"angle":-22.5,"axis":"x","origin":[8.5,4,8.8]},"faces":{"north":{"uv":[14,0,15.999,1],"rotation":180,"texture":"#3"},"east":{"uv":[14,0,15.999,1],"rotation":270,"texture":"#3"},"south":{"uv":[14,0,15.999,1],"texture":"#3"},"west":{"uv":[14,0,15.999,1],"rotation":90,"texture":"#3"},"up":{"uv":[14,0,15.999,1],"rotation":180,"texture":"#3"},"down":{"uv":[14,0,15.999,1],"texture":"#3"}}},{"from":[8,3.5,6.2],"to":[9,4.5,6.4],"rotation":{"angle":22.5,"axis":"x","origin":[8.5,4,6.3]},"faces":{"north":{"uv":[14,0,15.999,1],"rotation":180,"texture":"#3"},"east":{"uv":[14,0,15.999,1],"rotation":270,"texture":"#3"},"south":{"uv":[14,0,15.999,1],"texture":"#3"},"west":{"uv":[14,0,15.999,1],"rotation":90,"texture":"#3"},"up":{"uv":[14,0,15.999,1],"rotation":180,"texture":"#3"},"down":{"uv":[14,0,15.999,1],"texture":"#3"}}},{"from":[7.96,-2.5,6.96],"to":[9.04,-1.5,8.04],"rotation":{"angle":45,"axis":"x","origin":[8.5,-2,7.5]},"faces":{"north":{"uv":[15,14,15.998,14.999],"texture":"#3"},"east":{"uv":[15,14,15.998,14.999],"texture":"#3"},"south":{"uv":[15,14,15.998,14.999],"texture":"#3"},"west":{"uv":[15,14,15.998,14.999],"texture":"#3"},"up":{"uv":[15,14,15.998,14.999],"texture":"#3"},"down":{"uv":[15,14,15.998,14.999],"texture":"#3"}}},{"from":[8.375,4,7.25],"to":[8.625,14,7.75],"rotation":{"angle":0,"axis":"y","origin":[8.5,9,7.5]},"faces":{"north":{"uv":[14,8,14.998,15.996],"texture":"#5"},"east":{"uv":[14,8,14.998,15.996],"texture":"#5"},"south":{"uv":[14,8,14.998,15.996],"texture":"#5"},"west":{"uv":[14,8,14.998,15.996],"texture":"#5"},"up":{"uv":[14,8,14.998,15.996],"texture":"#5"},"down":{"uv":[14,8,14.998,15.996],"texture":"#5"}}},{"from":[8.375,4,6.25],"to":[8.625,14,6.5],"rotation":{"angle":0,"axis":"y","origin":[8.5,9,6.375]},"faces":{"north":{"uv":[11,8,11.998,15.996],"texture":"#5"},"east":{"uv":[11,8,11.998,15.996],"texture":"#5"},"south":{"uv":[11,8,11.998,15.996],"texture":"#5"},"west":{"uv":[11,8,11.998,15.996],"texture":"#5"},"up":{"uv":[11,8,11.998,15.996],"texture":"#5"},"down":{"uv":[11,8,11.998,15.996],"texture":"#5"}}},{"from":[8.375,4,8.5],"to":[8.625,14,8.75],"rotation":{"angle":0,"axis":"y","origin":[8.5,9,8.625]},"faces":{"north":{"uv":[10,8,10.998,15.995],"texture":"#5"},"east":{"uv":[10,8,10.998,15.995],"texture":"#5"},"south":{"uv":[10,8,10.998,15.995],"texture":"#5"},"west":{"uv":[10,8,10.998,15.995],"texture":"#5"},"up":{"uv":[10,8,10.998,15.995],"texture":"#5"},"down":{"uv":[10,8,10.998,15.995],"texture":"#5"}}},{"from":[8.375,14,7.25],"to":[8.625,27,7.75],"rotation":{"angle":0,"axis":"y","origin":[8.48778,17.50173,7.51049]},"faces":{"north":{"uv":[14,1,14.997,7.997],"texture":"#5"},"east":{"uv":[14,1,14.997,7.997],"texture":"#5"},"south":{"uv":[14,1,14.997,7.997],"texture":"#5"},"west":{"uv":[14,1,14.997,7.997],"texture":"#5"},"up":{"uv":[14,1,14.997,7.997],"texture":"#5"},"down":{"uv":[14,1,14.997,7.997],"texture":"#5"}}},{"from":[8.375,14,6.25],"to":[8.625,27,6.5],"rotation":{"angle":0,"axis":"y","origin":[8.5,22,6.125]},"faces":{"north":{"uv":[11,1,11.996,7.994],"texture":"#5"},"east":{"uv":[11,1,11.996,7.994],"texture":"#5"},"south":{"uv":[11,1,11.996,7.994],"texture":"#5"},"west":{"uv":[11,1,11.996,7.994],"texture":"#5"},"up":{"uv":[11,1,11.996,7.994],"texture":"#5"},"down":{"uv":[11,1,11.996,7.994],"texture":"#5"}}},{"from":[8.375,14,8.5],"to":[8.625,27,8.75],"rotation":{"angle":0,"axis":"y","origin":[8.5,20.5,8.625]},"faces":{"north":{"uv":[12,1,12.998,7.996],"texture":"#5"},"east":{"uv":[12,1,12.998,7.996],"texture":"#5"},"south":{"uv":[12,1,12.998,7.996],"texture":"#5"},"west":{"uv":[12,1,12.998,7.996],"texture":"#5"},"up":{"uv":[12,1,12.998,7.996],"texture":"#5"},"down":{"uv":[12,1,12.998,7.996],"texture":"#5"}}},{"from":[8.375,16.5,8.75],"to":[8.625,26.5,8.95],"rotation":{"angle":0,"axis":"y","origin":[8.5,22,8.85]},"faces":{"north":{"uv":[8,3,8.997,9.995],"texture":"#5"},"east":{"uv":[8,3,8.997,9.995],"texture":"#5"},"south":{"uv":[8,3,8.997,9.995],"texture":"#5"},"west":{"uv":[8,3,8.997,9.995],"texture":"#5"},"up":{"uv":[8,3,8.997,9.995],"texture":"#5"},"down":{"uv":[8,3,8.997,9.995],"texture":"#5"}}},{"from":[8.375,18,8.95],"to":[8.625,26,9.15],"rotation":{"angle":0,"axis":"y","origin":[8.5,22,9.05]},"faces":{"north":{"uv":[8,3,8.997,9.995],"texture":"#5"},"east":{"uv":[8,3,8.997,9.995],"texture":"#5"},"south":{"uv":[8,3,8.997,9.995],"texture":"#5"},"west":{"uv":[8,3,8.997,9.995],"texture":"#5"},"up":{"uv":[8,3,8.997,9.995],"texture":"#5"},"down":{"uv":[8,3,8.997,9.995],"texture":"#5"}}},{"from":[8.375,3.5,8.75],"to":[8.625,12.5,8.95],"rotation":{"angle":0,"axis":"y","origin":[8.5,8,8.85]},"faces":{"north":{"uv":[8,3,8.997,9.995],"texture":"#5"},"east":{"uv":[8,3,8.997,9.995],"texture":"#5"},"south":{"uv":[8,3,8.997,9.995],"texture":"#5"},"west":{"uv":[8,3,8.997,9.995],"texture":"#5"},"up":{"uv":[8,3,8.997,9.995],"texture":"#5"},"down":{"uv":[8,3,8.997,9.995],"texture":"#5"}}},{"from":[8.375,3.5,8.95],"to":[8.625,10.5,9.15],"rotation":{"angle":0,"axis":"y","origin":[8.5,8,8.85]},"faces":{"north":{"uv":[8,3,8.997,9.995],"texture":"#5"},"east":{"uv":[8,3,8.997,9.995],"texture":"#5"},"south":{"uv":[8,3,8.997,9.995],"texture":"#5"},"west":{"uv":[8,3,8.997,9.995],"texture":"#5"},"up":{"uv":[8,3,8.997,9.995],"texture":"#5"},"down":{"uv":[8,3,8.997,9.995],"texture":"#5"}}},{"from":[8.375,16.5,6.05],"to":[8.625,26.5,6.25],"rotation":{"angle":0,"axis":"y","origin":[8.5,22,6.15]},"faces":{"north":{"uv":[1,4,1.999,12.996],"texture":"#5"},"east":{"uv":[1,4,1.999,12.996],"texture":"#5"},"south":{"uv":[1,4,1.999,12.996],"texture":"#5"},"west":{"uv":[1,4,1.999,12.996],"texture":"#5"},"up":{"uv":[1,4,1.999,12.996],"texture":"#5"},"down":{"uv":[1,4,1.999,12.996],"texture":"#5"}}},{"from":[8.375,18,5.85],"to":[8.625,26,6.05],"rotation":{"angle":0,"axis":"y","origin":[8.5,22,5.95]},"faces":{"north":{"uv":[1,4,1.999,12.996],"texture":"#5"},"east":{"uv":[1,4,1.999,12.996],"texture":"#5"},"south":{"uv":[1,4,1.999,12.996],"texture":"#5"},"west":{"uv":[1,4,1.999,12.996],"texture":"#5"},"up":{"uv":[1,4,1.999,12.996],"texture":"#5"},"down":{"uv":[1,4,1.999,12.996],"texture":"#5"}}},{"from":[8.375,3.5,6.05],"to":[8.625,12.5,6.25],"rotation":{"angle":0,"axis":"y","origin":[8.5,8,6.15]},"faces":{"north":{"uv":[1,4,1.999,12.996],"texture":"#5"},"east":{"uv":[1,4,1.999,12.996],"texture":"#5"},"south":{"uv":[1,4,1.999,12.996],"texture":"#5"},"west":{"uv":[1,4,1.999,12.996],"texture":"#5"},"up":{"uv":[1,4,1.999,12.996],"texture":"#5"},"down":{"uv":[1,4,1.999,12.996],"texture":"#5"}}},{"from":[8.375,3.5,5.85],"to":[8.625,10.5,6.05],"rotation":{"angle":0,"axis":"y","origin":[8.5,7,5.95]},"faces":{"north":{"uv":[1,4,1.999,12.996],"texture":"#5"},"east":{"uv":[1,4,1.999,12.996],"texture":"#5"},"south":{"uv":[1,4,1.999,12.996],"texture":"#5"},"west":{"uv":[1,4,1.999,12.996],"texture":"#5"},"up":{"uv":[1,4,1.999,12.996],"texture":"#5"},"down":{"uv":[1,4,1.999,12.996],"texture":"#5"}}},{"from":[8.375,27,7.25],"to":[8.625,27.25,7.75],"rotation":{"angle":0,"axis":"y","origin":[8.46924,28.12669,7.52907]},"faces":{"north":{"uv":[10,3,10.997,3.998],"texture":"#5"},"east":{"uv":[10,3,10.997,3.998],"texture":"#5"},"south":{"uv":[10,3,10.997,3.998],"texture":"#5"},"west":{"uv":[10,3,10.997,3.998],"texture":"#5"},"up":{"uv":[10,3,10.997,3.998],"texture":"#5"},"down":{"uv":[10,3,10.997,3.998],"texture":"#5"}}},{"from":[8.25,27,6.75],"to":[8.75,27.375,7.25],"rotation":{"angle":0,"axis":"y","origin":[8.5,27.1875,7]},"faces":{"north":{"uv":[7,3,7.998,3.998],"texture":"#5"},"east":{"uv":[7,3,7.998,3.998],"texture":"#5"},"south":{"uv":[7,3,7.998,3.998],"texture":"#5"},"west":{"uv":[7,3,7.998,3.998],"texture":"#5"},"up":{"uv":[7,3,7.998,3.998],"texture":"#5"},"down":{"uv":[7,3,7.998,3.998],"texture":"#5"}}},{"from":[8.375,27.375,6.75],"to":[8.625,27.75,7.25],"rotation":{"angle":0,"axis":"y","origin":[8.5,28.5625,7]},"faces":{"north":{"uv":[6,10,7.997,10.998],"texture":"#5"},"east":{"uv":[6,10,7.997,10.998],"texture":"#5"},"south":{"uv":[6,10,7.997,10.998],"texture":"#5"},"west":{"uv":[6,10,7.997,10.998],"texture":"#5"},"up":{"uv":[6,10,7.997,10.998],"texture":"#5"},"down":{"uv":[6,10,7.997,10.998],"texture":"#5"}}},{"from":[8.25,27,7.75],"to":[8.75,27.375,8.25],"rotation":{"angle":0,"axis":"y","origin":[8.5,27.1875,8]},"faces":{"north":{"uv":[7,3,7.998,3.998],"texture":"#5"},"east":{"uv":[7,3,7.998,3.998],"texture":"#5"},"south":{"uv":[7,3,7.998,3.998],"texture":"#5"},"west":{"uv":[7,3,7.998,3.998],"texture":"#5"},"up":{"uv":[7,3,7.998,3.998],"texture":"#5"},"down":{"uv":[7,3,7.998,3.998],"texture":"#5"}}},{"from":[8.375,27,8.25],"to":[8.625,27.375,8.5],"rotation":{"angle":0,"axis":"y","origin":[8.5,27.1875,8.375]},"faces":{"north":{"uv":[6,6,6.998,6.998],"texture":"#5"},"east":{"uv":[6,6,6.998,6.998],"texture":"#5"},"south":{"uv":[6,6,6.998,6.998],"texture":"#5"},"west":{"uv":[6,6,6.998,6.998],"texture":"#5"},"up":{"uv":[6,6,6.998,6.998],"texture":"#5"},"down":{"uv":[6,6,6.998,6.998],"texture":"#5"}}},{"from":[8.375,27,6.5],"to":[8.625,27.375,6.75],"rotation":{"angle":0,"axis":"y","origin":[8.5,27.1875,6.625]},"faces":{"north":{"uv":[5,9,5.998,9.998],"texture":"#5"},"east":{"uv":[5,9,5.998,9.998],"texture":"#5"},"south":{"uv":[5,9,5.998,9.998],"texture":"#5"},"west":{"uv":[5,9,5.998,9.998],"texture":"#5"},"up":{"uv":[5,9,5.998,9.998],"texture":"#5"},"down":{"uv":[5,9,5.998,9.998],"texture":"#5"}}},{"from":[8.375,27.375,7.75],"to":[8.625,27.75,8.25],"rotation":{"angle":0,"axis":"y","origin":[8.5,28.5625,8]},"faces":{"north":{"uv":[4,4,5.998,4.998],"texture":"#5"},"east":{"uv":[4,4,5.998,4.998],"texture":"#5"},"south":{"uv":[4,4,5.998,4.998],"texture":"#5"},"west":{"uv":[4,4,5.998,4.998],"texture":"#5"},"up":{"uv":[4,4,5.998,4.998],"texture":"#5"},"down":{"uv":[4,4,5.998,4.998],"texture":"#5"}}},{"from":[8.375,27.75,7],"to":[8.625,28.125,7.25],"rotation":{"angle":0,"axis":"y","origin":[8.46716,28.93985,7.15549]},"faces":{"north":{"uv":[4,6,4.997,6.998],"texture":"#5"},"east":{"uv":[4,6,4.997,6.998],"texture":"#5"},"south":{"uv":[4,6,4.997,6.998],"texture":"#5"},"west":{"uv":[4,6,4.997,6.998],"texture":"#5"},"up":{"uv":[4,6,4.997,6.998],"texture":"#5"},"down":{"uv":[4,6,4.997,6.998],"texture":"#5"}}},{"from":[8.375,27.75,7.75],"to":[8.625,28.125,8],"rotation":{"angle":0,"axis":"y","origin":[8.5,27.9375,7.875]},"faces":{"north":{"uv":[4,7,4.997,7.998],"texture":"#5"},"east":{"uv":[4,7,4.997,7.998],"texture":"#5"},"south":{"uv":[4,7,4.997,7.998],"texture":"#5"},"west":{"uv":[4,7,4.997,7.998],"texture":"#5"},"up":{"uv":[4,7,4.997,7.998],"texture":"#5"},"down":{"uv":[4,7,4.997,7.998],"texture":"#5"}}},{"from":[8.375,27.25,7.25],"to":[8.625,28.5,7.75],"rotation":{"angle":0,"axis":"y","origin":[8.5,27.625,7.5]},"faces":{"north":{"uv":[14,9,14.995,11.996],"texture":"#5"},"east":{"uv":[14,9,14.995,11.996],"texture":"#5"},"south":{"uv":[14,9,14.995,11.996],"texture":"#5"},"west":{"uv":[14,9,14.995,11.996],"texture":"#5"},"up":{"uv":[14,9,14.995,11.996],"texture":"#5"},"down":{"uv":[14,9,14.995,11.996],"texture":"#5"}}},{"from":[8.25,4,7.75],"to":[8.75,14,8.5],"rotation":{"angle":0,"axis":"y","origin":[8.5,14.5,8]},"faces":{"north":{"uv":[12,8,12.998,15.995],"texture":"#5"},"east":{"uv":[12,8,12.998,15.995],"texture":"#5"},"south":{"uv":[12,8,12.998,15.995],"texture":"#5"},"west":{"uv":[12,8,12.998,15.995],"texture":"#5"},"up":{"uv":[12,8,12.998,15.995],"texture":"#5"},"down":{"uv":[12,8,12.998,15.995],"texture":"#5"}}},{"from":[8.25,14,7.75],"to":[8.75,27,8.5],"rotation":{"angle":0,"axis":"y","origin":[8.5,22,8.125]},"faces":{"north":{"uv":[13,1,13.995,7.996],"texture":"#5"},"east":{"uv":[13,1,13.995,7.996],"texture":"#5"},"south":{"uv":[13,1,13.995,7.996],"texture":"#5"},"west":{"uv":[13,1,13.995,7.996],"texture":"#5"},"up":{"uv":[13,1,13.995,7.996],"texture":"#5"},"down":{"uv":[13,1,13.995,7.996],"texture":"#5"}}},{"from":[8.25,14,6.5],"to":[8.75,27,7.25],"rotation":{"angle":0,"axis":"y","origin":[8.5,22,6.875]},"faces":{"north":{"uv":[12,1,12.997,7.994],"texture":"#5"},"east":{"uv":[12,1,12.997,7.994],"texture":"#5"},"south":{"uv":[12,1,12.997,7.994],"texture":"#5"},"west":{"uv":[12,1,12.997,7.994],"texture":"#5"},"up":{"uv":[12,1,12.997,7.994],"texture":"#5"},"down":{"uv":[12,1,12.997,7.994],"texture":"#5"}}},{"from":[8.25,4,6.5],"to":[8.75,14,7.25],"rotation":{"angle":0,"axis":"y","origin":[8.5,9,6.875]},"faces":{"north":{"uv":[12,8,12.998,15.996],"texture":"#5"},"east":{"uv":[12,8,12.998,15.996],"texture":"#5"},"south":{"uv":[12,8,12.998,15.996],"texture":"#5"},"west":{"uv":[12,8,12.998,15.996],"texture":"#5"},"up":{"uv":[12,8,12.998,15.996],"texture":"#5"},"down":{"uv":[12,8,12.998,15.996],"texture":"#5"}}}],"display":{"thirdperson_righthand":{"translation":[-1,5.25,1.25]},"thirdperson_lefthand":{"translation":[0,5.25,1.5]},"firstperson_righthand":{"rotation":[-5,0,0],"translation":[0,3.25,-0.75],"scale":[0.8,0.8,0.8]},"firstperson_lefthand":{"rotation":[-5,0,0],"translation":[0,3.25,-0.75],"scale":[0.8,0.8,0.8]},"ground":{"translation":[0,6,0]},"gui":{"rotation":[-45,-41,-62],"translation":[-2.25,-1.75,0],"scale":[0.8,0.8,0.8]},"head":{"translation":[-0.75,6.5,0],"scale":[1,-1,1]},"fixed":{"rotation":[0,90,0],"translation":[1,-1.25,-0.5]}}}