{
	"credit": "Made with Blockbench",
	"textures": {
		"0": "blocks/beetroots_stages",
		"particle": "blocks/beetroots_stages"
	},
	"elements": [
		{
			"from": [12.5, 0, 12],
			"to": [12.5, 6, 13],
			"rotation": {"angle": 0, "axis": "y", "origin": [20.5, 9, 20]},
			"faces": {
				"north": {"uv": [0, 0, 0, 4], "texture": "#0"},
				"east": {"uv": [14, 10, 15, 16], "texture": "#0"},
				"south": {"uv": [0, 0, 0, 4], "texture": "#0"},
				"west": {"uv": [13, 10, 14, 16], "texture": "#0"},
				"up": {"uv": [0, 0, 0, 1], "texture": "#0"},
				"down": {"uv": [0, 0, 0, 1], "texture": "#0"}
			}
		},
		{
			"from": [12, 0, 12.5],
			"to": [13, 6, 12.5],
			"rotation": {"angle": 0, "axis": "y", "origin": [20, 9, 19.5]},
			"faces": {
				"north": {"uv": [12, 10, 13, 16], "texture": "#0"},
				"east": {"uv": [0, 0, 0, 4], "texture": "#0"},
				"south": {"uv": [12, 10, 13, 16], "texture": "#0"},
				"west": {"uv": [0, 0, 0, 4], "texture": "#0"},
				"up": {"uv": [0, 0, 1, 0], "texture": "#0"},
				"down": {"uv": [0, 0, 1, 0], "texture": "#0"}
			}
		},
		{
			"from": [12, -0.3, 11.5],
			"to": [13, 1.7, 11.5],
			"rotation": {"angle": -22.5, "axis": "x", "origin": [12.5, 1.2, 12]},
			"faces": {
				"north": {"uv": [3, 9, 7, 10], "rotation": 270, "texture": "#0"},
				"east": {"uv": [0, 0, 2, 0], "rotation": 270, "texture": "#0"},
				"south": {"uv": [0, 10, 4, 11], "rotation": 90, "texture": "#0"},
				"west": {"uv": [0, 0, 2, 0], "rotation": 90, "texture": "#0"},
				"up": {"uv": [0, 0, 1, 0], "rotation": 180, "texture": "#0"},
				"down": {"uv": [0, 0, 1, 0], "texture": "#0"}
			}
		},
		{
			"from": [12, -0.3, 13.5],
			"to": [13, 1.7, 13.5],
			"rotation": {"angle": 22.5, "axis": "x", "origin": [12.5, 1.2, 13]},
			"faces": {
				"north": {"uv": [1, 10, 5, 11], "rotation": 90, "texture": "#0"},
				"east": {"uv": [0, 0, 2, 0], "rotation": 90, "texture": "#0"},
				"south": {"uv": [0, 10, 4, 11], "rotation": 90, "texture": "#0"},
				"west": {"uv": [0, 0, 2, 0], "rotation": 270, "texture": "#0"},
				"up": {"uv": [0, 0, 1, 0], "texture": "#0"},
				"down": {"uv": [0, 0, 1, 0], "rotation": 180, "texture": "#0"}
			}
		},
		{
			"from": [13.5, -0.3, 11.9],
			"to": [13.5, 1.7, 12.9],
			"rotation": {"angle": -22.5, "axis": "z", "origin": [13, 1.2, 12.4]},
			"faces": {
				"north": {"uv": [0, 0, 2, 0], "rotation": 90, "texture": "#0"},
				"east": {"uv": [2, 10, 6, 11], "rotation": 270, "texture": "#0"},
				"south": {"uv": [0, 0, 2, 0], "rotation": 270, "texture": "#0"},
				"west": {"uv": [0, 10, 4, 11], "rotation": 90, "texture": "#0"},
				"up": {"uv": [0, 0, 1, 0], "rotation": 270, "texture": "#0"},
				"down": {"uv": [0, 0, 1, 0], "rotation": 270, "texture": "#0"}
			}
		},
		{
			"from": [11.4, -0.3, 11.9],
			"to": [11.4, 1.7, 12.9],
			"rotation": {"angle": 22.5, "axis": "z", "origin": [11.9, 1.2, 12.4]},
			"faces": {
				"north": {"uv": [0, 0, 2, 0], "rotation": 270, "texture": "#0"},
				"east": {"uv": [0, 6, 4, 7], "rotation": 90, "texture": "#0"},
				"south": {"uv": [0, 0, 2, 0], "rotation": 90, "texture": "#0"},
				"west": {"uv": [3, 4, 7, 5], "rotation": 90, "texture": "#0"},
				"up": {"uv": [0, 0, 1, 0], "rotation": 90, "texture": "#0"},
				"down": {"uv": [0, 0, 1, 0], "rotation": 90, "texture": "#0"}
			}
		},
		{
			"from": [12, 4, 12],
			"to": [13, 4, 13],
			"rotation": {"angle": 0, "axis": "z", "origin": [12.6, 4.2, 12.5]},
			"faces": {
				"north": {"uv": [0, 0, 1, 0], "texture": "#0"},
				"east": {"uv": [0, 0, 1, 0], "texture": "#0"},
				"south": {"uv": [0, 0, 1, 0], "texture": "#0"},
				"west": {"uv": [0, 0, 1, 0], "texture": "#0"},
				"up": {"uv": [6, 12, 7, 13], "texture": "#0"},
				"down": {"uv": [6, 15, 7, 16], "texture": "#0"}
			}
		},
		{
			"from": [11, 1.6, 13.5],
			"to": [14, 1.6, 15.5],
			"rotation": {"angle": -22.5, "axis": "x", "origin": [12.6, 1.8, 14]},
			"faces": {
				"north": {"uv": [0, 0, 1, 0], "texture": "#0"},
				"east": {"uv": [0, 0, 1, 0], "texture": "#0"},
				"south": {"uv": [0, 0, 1, 0], "texture": "#0"},
				"west": {"uv": [0, 0, 1, 0], "texture": "#0"},
				"up": {"uv": [9, 6, 12, 8], "rotation": 180, "texture": "#0"},
				"down": {"uv": [9, 6, 12, 8], "texture": "#0"}
			}
		},
		{
			"from": [13.5, 1.6, 10.9],
			"to": [15.5, 1.6, 13.9],
			"rotation": {"angle": 22.5, "axis": "z", "origin": [14, 1.8, 12.3]},
			"faces": {
				"north": {"uv": [0, 0, 1, 0], "texture": "#0"},
				"east": {"uv": [0, 0, 1, 0], "texture": "#0"},
				"south": {"uv": [0, 0, 1, 0], "texture": "#0"},
				"west": {"uv": [0, 0, 1, 0], "texture": "#0"},
				"up": {"uv": [9, 6, 12, 8], "rotation": 90, "texture": "#0"},
				"down": {"uv": [9, 6, 12, 8], "rotation": 90, "texture": "#0"}
			}
		},
		{
			"from": [11, 1.6, 9.5],
			"to": [14, 1.6, 11.5],
			"rotation": {"angle": 22.5, "axis": "x", "origin": [12.4, 1.8, 11]},
			"faces": {
				"north": {"uv": [0, 0, 1, 0], "texture": "#0"},
				"east": {"uv": [0, 0, 1, 0], "texture": "#0"},
				"south": {"uv": [0, 0, 1, 0], "texture": "#0"},
				"west": {"uv": [0, 0, 1, 0], "texture": "#0"},
				"up": {"uv": [9, 6, 12, 8], "texture": "#0"},
				"down": {"uv": [9, 6, 12, 8], "rotation": 180, "texture": "#0"}
			}
		},
		{
			"from": [9.4, 1.6, 10.9],
			"to": [11.4, 1.6, 13.9],
			"rotation": {"angle": -22.5, "axis": "z", "origin": [10.9, 1.8, 12.5]},
			"faces": {
				"north": {"uv": [0, 0, 1, 0], "texture": "#0"},
				"east": {"uv": [0, 0, 1, 0], "texture": "#0"},
				"south": {"uv": [0, 0, 1, 0], "texture": "#0"},
				"west": {"uv": [0, 0, 1, 0], "texture": "#0"},
				"up": {"uv": [9, 6, 12, 8], "rotation": 270, "texture": "#0"},
				"down": {"uv": [9, 6, 12, 8], "rotation": 270, "texture": "#0"}
			}
		},
		{
			"from": [11, 5.6, 8.2],
			"to": [14, 5.6, 12.2],
			"rotation": {"angle": -45, "axis": "x", "origin": [12.6, 5.8, 11.7]},
			"faces": {
				"north": {"uv": [0, 0, 1, 0], "texture": "#0"},
				"east": {"uv": [0, 0, 1, 0], "texture": "#0"},
				"south": {"uv": [0, 0, 1, 0], "texture": "#0"},
				"west": {"uv": [0, 0, 1, 0], "texture": "#0"},
				"up": {"uv": [9, 0, 12, 4], "rotation": 180, "texture": "#0"},
				"down": {"uv": [9, 0, 12, 4], "texture": "#0"}
			}
		},
		{
			"from": [12, 5.6, 10.2],
			"to": [13, 5.6, 12.2],
			"rotation": {"angle": 22.5, "axis": "x", "origin": [12.6, 5.8, 11.7]},
			"faces": {
				"north": {"uv": [0, 0, 1, 0], "texture": "#0"},
				"east": {"uv": [0, 0, 1, 0], "texture": "#0"},
				"south": {"uv": [0, 0, 1, 0], "texture": "#0"},
				"west": {"uv": [0, 0, 1, 0], "texture": "#0"},
				"up": {"uv": [10, 4, 11, 6], "rotation": 180, "texture": "#0"},
				"down": {"uv": [10, 4, 11, 6], "texture": "#0"}
			}
		},
		{
			"from": [12.2, 5.6, 12.8],
			"to": [13.2, 5.6, 14.8],
			"rotation": {"angle": -22.5, "axis": "x", "origin": [12.6, 5.8, 13.3]},
			"faces": {
				"north": {"uv": [0, 0, 1, 0], "texture": "#0"},
				"east": {"uv": [0, 0, 1, 0], "texture": "#0"},
				"south": {"uv": [0, 0, 1, 0], "texture": "#0"},
				"west": {"uv": [0, 0, 1, 0], "texture": "#0"},
				"up": {"uv": [10, 4, 11, 6], "texture": "#0"},
				"down": {"uv": [10, 4, 11, 6], "rotation": 180, "texture": "#0"}
			}
		},
		{
			"from": [13, 5.6, 11.7],
			"to": [15, 5.6, 12.7],
			"rotation": {"angle": 22.5, "axis": "z", "origin": [13.5, 5.8, 12.3]},
			"faces": {
				"north": {"uv": [0, 0, 1, 0], "texture": "#0"},
				"east": {"uv": [0, 0, 1, 0], "texture": "#0"},
				"south": {"uv": [0, 0, 1, 0], "texture": "#0"},
				"west": {"uv": [0, 0, 1, 0], "texture": "#0"},
				"up": {"uv": [10, 4, 11, 6], "rotation": 270, "texture": "#0"},
				"down": {"uv": [10, 4, 11, 6], "rotation": 270, "texture": "#0"}
			}
		},
		{
			"from": [10.2, 5.6, 11.9],
			"to": [12.2, 5.6, 12.9],
			"rotation": {"angle": -22.5, "axis": "z", "origin": [11.7, 5.8, 12.3]},
			"faces": {
				"north": {"uv": [0, 0, 1, 0], "texture": "#0"},
				"east": {"uv": [0, 0, 1, 0], "texture": "#0"},
				"south": {"uv": [0, 0, 1, 0], "texture": "#0"},
				"west": {"uv": [0, 0, 1, 0], "texture": "#0"},
				"up": {"uv": [10, 4, 11, 6], "rotation": 90, "texture": "#0"},
				"down": {"uv": [10, 4, 11, 6], "rotation": 90, "texture": "#0"}
			}
		},
		{
			"from": [11, 5.6, 12.8],
			"to": [14, 5.6, 16.8],
			"rotation": {"angle": 45, "axis": "x", "origin": [12.6, 5.8, 13.3]},
			"faces": {
				"north": {"uv": [0, 0, 1, 0], "texture": "#0"},
				"east": {"uv": [0, 0, 1, 0], "texture": "#0"},
				"south": {"uv": [0, 0, 1, 0], "texture": "#0"},
				"west": {"uv": [0, 0, 1, 0], "texture": "#0"},
				"up": {"uv": [9, 0, 12, 4], "texture": "#0"},
				"down": {"uv": [9, 0, 12, 4], "rotation": 180, "texture": "#0"}
			}
		},
		{
			"from": [8.2, 5.7, 11],
			"to": [12.2, 5.7, 14],
			"rotation": {"angle": 45, "axis": "z", "origin": [11.8, 5.9, 12.5]},
			"faces": {
				"north": {"uv": [0, 0, 1, 0], "texture": "#0"},
				"east": {"uv": [0, 0, 1, 0], "texture": "#0"},
				"south": {"uv": [0, 0, 1, 0], "texture": "#0"},
				"west": {"uv": [0, 0, 1, 0], "texture": "#0"},
				"up": {"uv": [9, 0, 12, 4], "rotation": 90, "texture": "#0"},
				"down": {"uv": [9, 0, 12, 4], "rotation": 90, "texture": "#0"}
			}
		},
		{
			"from": [12.68787, 5.62929, 11],
			"to": [16.68787, 5.62929, 14],
			"rotation": {"angle": -45, "axis": "z", "origin": [13.18787, 5.62929, 12.5]},
			"faces": {
				"north": {"uv": [0, 0, 1, 0], "texture": "#0"},
				"east": {"uv": [0, 0, 1, 0], "texture": "#0"},
				"south": {"uv": [0, 0, 1, 0], "texture": "#0"},
				"west": {"uv": [0, 0, 1, 0], "texture": "#0"},
				"up": {"uv": [9, 0, 12, 4], "rotation": 270, "texture": "#0"},
				"down": {"uv": [9, 0, 12, 4], "rotation": 270, "texture": "#0"}
			}
		},
		{
			"name": "beetroot",
			"from": [11, -3, 11],
			"to": [14, 0, 14],
			"rotation": {"angle": 0, "axis": "y", "origin": [20, 7, 20]},
			"faces": {
				"north": {"uv": [1, 5, 4, 8], "texture": "#0"},
				"east": {"uv": [2, 4, 5, 7], "texture": "#0"},
				"south": {"uv": [2, 6, 5, 9], "texture": "#0"},
				"west": {"uv": [2, 4, 5, 7], "texture": "#0"},
				"up": {"uv": [3, 6, 6, 9], "texture": "#0"},
				"down": {"uv": [0, 0, 3, 3], "texture": "#0"}
			}
		},
		{
			"from": [12.5, 0, 3],
			"to": [12.5, 6, 4],
			"rotation": {"angle": 0, "axis": "y", "origin": [20.5, 9, 11]},
			"faces": {
				"north": {"uv": [0, 0, 0, 4], "texture": "#0"},
				"east": {"uv": [14, 10, 15, 16], "texture": "#0"},
				"south": {"uv": [0, 0, 0, 4], "texture": "#0"},
				"west": {"uv": [13, 10, 14, 16], "texture": "#0"},
				"up": {"uv": [0, 0, 0, 1], "texture": "#0"},
				"down": {"uv": [0, 0, 0, 1], "texture": "#0"}
			}
		},
		{
			"from": [12, 0, 3.5],
			"to": [13, 6, 3.5],
			"rotation": {"angle": 0, "axis": "y", "origin": [20, 9, 10.5]},
			"faces": {
				"north": {"uv": [12, 10, 13, 16], "texture": "#0"},
				"east": {"uv": [0, 0, 0, 4], "texture": "#0"},
				"south": {"uv": [12, 10, 13, 16], "texture": "#0"},
				"west": {"uv": [0, 0, 0, 4], "texture": "#0"},
				"up": {"uv": [0, 0, 1, 0], "texture": "#0"},
				"down": {"uv": [0, 0, 1, 0], "texture": "#0"}
			}
		},
		{
			"from": [12, -0.3, 2.5],
			"to": [13, 1.7, 2.5],
			"rotation": {"angle": -22.5, "axis": "x", "origin": [12.5, 1.2, 3]},
			"faces": {
				"north": {"uv": [3, 9, 7, 10], "rotation": 270, "texture": "#0"},
				"east": {"uv": [0, 0, 2, 0], "rotation": 270, "texture": "#0"},
				"south": {"uv": [0, 10, 4, 11], "rotation": 90, "texture": "#0"},
				"west": {"uv": [0, 0, 2, 0], "rotation": 90, "texture": "#0"},
				"up": {"uv": [0, 0, 1, 0], "rotation": 180, "texture": "#0"},
				"down": {"uv": [0, 0, 1, 0], "texture": "#0"}
			}
		},
		{
			"from": [12, -0.3, 4.5],
			"to": [13, 1.7, 4.5],
			"rotation": {"angle": 22.5, "axis": "x", "origin": [12.5, 1.2, 4]},
			"faces": {
				"north": {"uv": [1, 10, 5, 11], "rotation": 90, "texture": "#0"},
				"east": {"uv": [0, 0, 2, 0], "rotation": 90, "texture": "#0"},
				"south": {"uv": [0, 10, 4, 11], "rotation": 90, "texture": "#0"},
				"west": {"uv": [0, 0, 2, 0], "rotation": 270, "texture": "#0"},
				"up": {"uv": [0, 0, 1, 0], "texture": "#0"},
				"down": {"uv": [0, 0, 1, 0], "rotation": 180, "texture": "#0"}
			}
		},
		{
			"from": [13.5, -0.3, 2.9],
			"to": [13.5, 1.7, 3.9],
			"rotation": {"angle": -22.5, "axis": "z", "origin": [13, 1.2, 3.4]},
			"faces": {
				"north": {"uv": [0, 0, 2, 0], "rotation": 90, "texture": "#0"},
				"east": {"uv": [2, 10, 6, 11], "rotation": 270, "texture": "#0"},
				"south": {"uv": [0, 0, 2, 0], "rotation": 270, "texture": "#0"},
				"west": {"uv": [0, 10, 4, 11], "rotation": 90, "texture": "#0"},
				"up": {"uv": [0, 0, 1, 0], "rotation": 270, "texture": "#0"},
				"down": {"uv": [0, 0, 1, 0], "rotation": 270, "texture": "#0"}
			}
		},
		{
			"from": [11.4, -0.3, 2.9],
			"to": [11.4, 1.7, 3.9],
			"rotation": {"angle": 22.5, "axis": "z", "origin": [11.9, 1.2, 3.4]},
			"faces": {
				"north": {"uv": [0, 0, 2, 0], "rotation": 270, "texture": "#0"},
				"east": {"uv": [0, 6, 4, 7], "rotation": 90, "texture": "#0"},
				"south": {"uv": [0, 0, 2, 0], "rotation": 90, "texture": "#0"},
				"west": {"uv": [3, 4, 7, 5], "rotation": 90, "texture": "#0"},
				"up": {"uv": [0, 0, 1, 0], "rotation": 90, "texture": "#0"},
				"down": {"uv": [0, 0, 1, 0], "rotation": 90, "texture": "#0"}
			}
		},
		{
			"from": [12, 4, 3],
			"to": [13, 4, 4],
			"rotation": {"angle": 0, "axis": "z", "origin": [12.6, 4.2, 3.5]},
			"faces": {
				"north": {"uv": [0, 0, 1, 0], "texture": "#0"},
				"east": {"uv": [0, 0, 1, 0], "texture": "#0"},
				"south": {"uv": [0, 0, 1, 0], "texture": "#0"},
				"west": {"uv": [0, 0, 1, 0], "texture": "#0"},
				"up": {"uv": [6, 12, 7, 13], "texture": "#0"},
				"down": {"uv": [6, 15, 7, 16], "texture": "#0"}
			}
		},
		{
			"from": [11, 1.6, 4.5],
			"to": [14, 1.6, 6.5],
			"rotation": {"angle": -22.5, "axis": "x", "origin": [12.6, 1.8, 5]},
			"faces": {
				"north": {"uv": [0, 0, 1, 0], "texture": "#0"},
				"east": {"uv": [0, 0, 1, 0], "texture": "#0"},
				"south": {"uv": [0, 0, 1, 0], "texture": "#0"},
				"west": {"uv": [0, 0, 1, 0], "texture": "#0"},
				"up": {"uv": [9, 6, 12, 8], "rotation": 180, "texture": "#0"},
				"down": {"uv": [9, 6, 12, 8], "texture": "#0"}
			}
		},
		{
			"from": [13.5, 1.6, 1.9],
			"to": [15.5, 1.6, 4.9],
			"rotation": {"angle": 22.5, "axis": "z", "origin": [14, 1.8, 3.3]},
			"faces": {
				"north": {"uv": [0, 0, 1, 0], "texture": "#0"},
				"east": {"uv": [0, 0, 1, 0], "texture": "#0"},
				"south": {"uv": [0, 0, 1, 0], "texture": "#0"},
				"west": {"uv": [0, 0, 1, 0], "texture": "#0"},
				"up": {"uv": [9, 6, 12, 8], "rotation": 90, "texture": "#0"},
				"down": {"uv": [9, 6, 12, 8], "rotation": 90, "texture": "#0"}
			}
		},
		{
			"from": [11, 1.6, 0.5],
			"to": [14, 1.6, 2.5],
			"rotation": {"angle": 22.5, "axis": "x", "origin": [12.4, 1.8, 2]},
			"faces": {
				"north": {"uv": [0, 0, 1, 0], "texture": "#0"},
				"east": {"uv": [0, 0, 1, 0], "texture": "#0"},
				"south": {"uv": [0, 0, 1, 0], "texture": "#0"},
				"west": {"uv": [0, 0, 1, 0], "texture": "#0"},
				"up": {"uv": [9, 6, 12, 8], "texture": "#0"},
				"down": {"uv": [9, 6, 12, 8], "rotation": 180, "texture": "#0"}
			}
		},
		{
			"from": [9.4, 1.6, 1.9],
			"to": [11.4, 1.6, 4.9],
			"rotation": {"angle": -22.5, "axis": "z", "origin": [10.9, 1.8, 3.5]},
			"faces": {
				"north": {"uv": [0, 0, 1, 0], "texture": "#0"},
				"east": {"uv": [0, 0, 1, 0], "texture": "#0"},
				"south": {"uv": [0, 0, 1, 0], "texture": "#0"},
				"west": {"uv": [0, 0, 1, 0], "texture": "#0"},
				"up": {"uv": [9, 6, 12, 8], "rotation": 270, "texture": "#0"},
				"down": {"uv": [9, 6, 12, 8], "rotation": 270, "texture": "#0"}
			}
		},
		{
			"from": [11, 5.6, -0.8],
			"to": [14, 5.6, 3.2],
			"rotation": {"angle": -45, "axis": "x", "origin": [12.6, 5.8, 2.7]},
			"faces": {
				"north": {"uv": [0, 0, 1, 0], "texture": "#0"},
				"east": {"uv": [0, 0, 1, 0], "texture": "#0"},
				"south": {"uv": [0, 0, 1, 0], "texture": "#0"},
				"west": {"uv": [0, 0, 1, 0], "texture": "#0"},
				"up": {"uv": [9, 0, 12, 4], "rotation": 180, "texture": "#0"},
				"down": {"uv": [9, 0, 12, 4], "texture": "#0"}
			}
		},
		{
			"from": [12, 5.6, 1.2],
			"to": [13, 5.6, 3.2],
			"rotation": {"angle": 22.5, "axis": "x", "origin": [12.6, 5.8, 2.7]},
			"faces": {
				"north": {"uv": [0, 0, 1, 0], "texture": "#0"},
				"east": {"uv": [0, 0, 1, 0], "texture": "#0"},
				"south": {"uv": [0, 0, 1, 0], "texture": "#0"},
				"west": {"uv": [0, 0, 1, 0], "texture": "#0"},
				"up": {"uv": [10, 4, 11, 6], "rotation": 180, "texture": "#0"},
				"down": {"uv": [10, 4, 11, 6], "texture": "#0"}
			}
		},
		{
			"from": [12.2, 5.6, 3.8],
			"to": [13.2, 5.6, 5.8],
			"rotation": {"angle": -22.5, "axis": "x", "origin": [12.6, 5.8, 4.3]},
			"faces": {
				"north": {"uv": [0, 0, 1, 0], "texture": "#0"},
				"east": {"uv": [0, 0, 1, 0], "texture": "#0"},
				"south": {"uv": [0, 0, 1, 0], "texture": "#0"},
				"west": {"uv": [0, 0, 1, 0], "texture": "#0"},
				"up": {"uv": [10, 4, 11, 6], "texture": "#0"},
				"down": {"uv": [10, 4, 11, 6], "rotation": 180, "texture": "#0"}
			}
		},
		{
			"from": [13, 5.6, 2.7],
			"to": [15, 5.6, 3.7],
			"rotation": {"angle": 22.5, "axis": "z", "origin": [13.5, 5.8, 3.3]},
			"faces": {
				"north": {"uv": [0, 0, 1, 0], "texture": "#0"},
				"east": {"uv": [0, 0, 1, 0], "texture": "#0"},
				"south": {"uv": [0, 0, 1, 0], "texture": "#0"},
				"west": {"uv": [0, 0, 1, 0], "texture": "#0"},
				"up": {"uv": [10, 4, 11, 6], "rotation": 270, "texture": "#0"},
				"down": {"uv": [10, 4, 11, 6], "rotation": 270, "texture": "#0"}
			}
		},
		{
			"from": [10.2, 5.6, 2.9],
			"to": [12.2, 5.6, 3.9],
			"rotation": {"angle": -22.5, "axis": "z", "origin": [11.7, 5.8, 3.3]},
			"faces": {
				"north": {"uv": [0, 0, 1, 0], "texture": "#0"},
				"east": {"uv": [0, 0, 1, 0], "texture": "#0"},
				"south": {"uv": [0, 0, 1, 0], "texture": "#0"},
				"west": {"uv": [0, 0, 1, 0], "texture": "#0"},
				"up": {"uv": [10, 4, 11, 6], "rotation": 90, "texture": "#0"},
				"down": {"uv": [10, 4, 11, 6], "rotation": 90, "texture": "#0"}
			}
		},
		{
			"from": [11, 5.6, 3.8],
			"to": [14, 5.6, 7.8],
			"rotation": {"angle": 45, "axis": "x", "origin": [12.6, 5.8, 4.3]},
			"faces": {
				"north": {"uv": [0, 0, 1, 0], "texture": "#0"},
				"east": {"uv": [0, 0, 1, 0], "texture": "#0"},
				"south": {"uv": [0, 0, 1, 0], "texture": "#0"},
				"west": {"uv": [0, 0, 1, 0], "texture": "#0"},
				"up": {"uv": [9, 0, 12, 4], "texture": "#0"},
				"down": {"uv": [9, 0, 12, 4], "rotation": 180, "texture": "#0"}
			}
		},
		{
			"from": [8.2, 5.7, 2],
			"to": [12.2, 5.7, 5],
			"rotation": {"angle": 45, "axis": "z", "origin": [11.8, 5.9, 3.5]},
			"faces": {
				"north": {"uv": [0, 0, 1, 0], "texture": "#0"},
				"east": {"uv": [0, 0, 1, 0], "texture": "#0"},
				"south": {"uv": [0, 0, 1, 0], "texture": "#0"},
				"west": {"uv": [0, 0, 1, 0], "texture": "#0"},
				"up": {"uv": [9, 0, 12, 4], "rotation": 90, "texture": "#0"},
				"down": {"uv": [9, 0, 12, 4], "rotation": 90, "texture": "#0"}
			}
		},
		{
			"from": [12.68787, 5.62929, 2],
			"to": [16.68787, 5.62929, 5],
			"rotation": {"angle": -45, "axis": "z", "origin": [13.18787, 5.62929, 3.5]},
			"faces": {
				"north": {"uv": [0, 0, 1, 0], "texture": "#0"},
				"east": {"uv": [0, 0, 1, 0], "texture": "#0"},
				"south": {"uv": [0, 0, 1, 0], "texture": "#0"},
				"west": {"uv": [0, 0, 1, 0], "texture": "#0"},
				"up": {"uv": [9, 0, 12, 4], "rotation": 270, "texture": "#0"},
				"down": {"uv": [9, 0, 12, 4], "rotation": 270, "texture": "#0"}
			}
		},
		{
			"name": "beetroot",
			"from": [11, -3, 2],
			"to": [14, 0, 5],
			"rotation": {"angle": 0, "axis": "y", "origin": [20, 7, 11]},
			"faces": {
				"north": {"uv": [1, 5, 4, 8], "texture": "#0"},
				"east": {"uv": [2, 4, 5, 7], "texture": "#0"},
				"south": {"uv": [2, 6, 5, 9], "texture": "#0"},
				"west": {"uv": [2, 4, 5, 7], "texture": "#0"},
				"up": {"uv": [3, 6, 6, 9], "texture": "#0"},
				"down": {"uv": [0, 0, 3, 3], "texture": "#0"}
			}
		},
		{
			"from": [3.5, 0, 3],
			"to": [3.5, 6, 4],
			"rotation": {"angle": 0, "axis": "y", "origin": [11.5, 9, 11]},
			"faces": {
				"north": {"uv": [0, 0, 0, 4], "texture": "#0"},
				"east": {"uv": [14, 10, 15, 16], "texture": "#0"},
				"south": {"uv": [0, 0, 0, 4], "texture": "#0"},
				"west": {"uv": [13, 10, 14, 16], "texture": "#0"},
				"up": {"uv": [0, 0, 0, 1], "texture": "#0"},
				"down": {"uv": [0, 0, 0, 1], "texture": "#0"}
			}
		},
		{
			"from": [3, 0, 3.5],
			"to": [4, 6, 3.5],
			"rotation": {"angle": 0, "axis": "y", "origin": [11, 9, 10.5]},
			"faces": {
				"north": {"uv": [12, 10, 13, 16], "texture": "#0"},
				"east": {"uv": [0, 0, 0, 4], "texture": "#0"},
				"south": {"uv": [12, 10, 13, 16], "texture": "#0"},
				"west": {"uv": [0, 0, 0, 4], "texture": "#0"},
				"up": {"uv": [0, 0, 1, 0], "texture": "#0"},
				"down": {"uv": [0, 0, 1, 0], "texture": "#0"}
			}
		},
		{
			"from": [3, -0.3, 2.5],
			"to": [4, 1.7, 2.5],
			"rotation": {"angle": -22.5, "axis": "x", "origin": [3.5, 1.2, 3]},
			"faces": {
				"north": {"uv": [3, 9, 7, 10], "rotation": 270, "texture": "#0"},
				"east": {"uv": [0, 0, 2, 0], "rotation": 270, "texture": "#0"},
				"south": {"uv": [0, 10, 4, 11], "rotation": 90, "texture": "#0"},
				"west": {"uv": [0, 0, 2, 0], "rotation": 90, "texture": "#0"},
				"up": {"uv": [0, 0, 1, 0], "rotation": 180, "texture": "#0"},
				"down": {"uv": [0, 0, 1, 0], "texture": "#0"}
			}
		},
		{
			"from": [3, -0.3, 4.5],
			"to": [4, 1.7, 4.5],
			"rotation": {"angle": 22.5, "axis": "x", "origin": [3.5, 1.2, 4]},
			"faces": {
				"north": {"uv": [1, 10, 5, 11], "rotation": 90, "texture": "#0"},
				"east": {"uv": [0, 0, 2, 0], "rotation": 90, "texture": "#0"},
				"south": {"uv": [0, 10, 4, 11], "rotation": 90, "texture": "#0"},
				"west": {"uv": [0, 0, 2, 0], "rotation": 270, "texture": "#0"},
				"up": {"uv": [0, 0, 1, 0], "texture": "#0"},
				"down": {"uv": [0, 0, 1, 0], "rotation": 180, "texture": "#0"}
			}
		},
		{
			"from": [4.5, -0.3, 2.9],
			"to": [4.5, 1.7, 3.9],
			"rotation": {"angle": -22.5, "axis": "z", "origin": [4, 1.2, 3.4]},
			"faces": {
				"north": {"uv": [0, 0, 2, 0], "rotation": 90, "texture": "#0"},
				"east": {"uv": [2, 10, 6, 11], "rotation": 270, "texture": "#0"},
				"south": {"uv": [0, 0, 2, 0], "rotation": 270, "texture": "#0"},
				"west": {"uv": [0, 10, 4, 11], "rotation": 90, "texture": "#0"},
				"up": {"uv": [0, 0, 1, 0], "rotation": 270, "texture": "#0"},
				"down": {"uv": [0, 0, 1, 0], "rotation": 270, "texture": "#0"}
			}
		},
		{
			"from": [2.4, -0.3, 2.9],
			"to": [2.4, 1.7, 3.9],
			"rotation": {"angle": 22.5, "axis": "z", "origin": [2.9, 1.2, 3.4]},
			"faces": {
				"north": {"uv": [0, 0, 2, 0], "rotation": 270, "texture": "#0"},
				"east": {"uv": [0, 6, 4, 7], "rotation": 90, "texture": "#0"},
				"south": {"uv": [0, 0, 2, 0], "rotation": 90, "texture": "#0"},
				"west": {"uv": [3, 4, 7, 5], "rotation": 90, "texture": "#0"},
				"up": {"uv": [0, 0, 1, 0], "rotation": 90, "texture": "#0"},
				"down": {"uv": [0, 0, 1, 0], "rotation": 90, "texture": "#0"}
			}
		},
		{
			"from": [3, 4, 3],
			"to": [4, 4, 4],
			"rotation": {"angle": 0, "axis": "z", "origin": [3.6, 4.2, 3.5]},
			"faces": {
				"north": {"uv": [0, 0, 1, 0], "texture": "#0"},
				"east": {"uv": [0, 0, 1, 0], "texture": "#0"},
				"south": {"uv": [0, 0, 1, 0], "texture": "#0"},
				"west": {"uv": [0, 0, 1, 0], "texture": "#0"},
				"up": {"uv": [6, 12, 7, 13], "texture": "#0"},
				"down": {"uv": [6, 15, 7, 16], "texture": "#0"}
			}
		},
		{
			"from": [2, 1.6, 4.5],
			"to": [5, 1.6, 6.5],
			"rotation": {"angle": -22.5, "axis": "x", "origin": [3.6, 1.8, 5]},
			"faces": {
				"north": {"uv": [0, 0, 1, 0], "texture": "#0"},
				"east": {"uv": [0, 0, 1, 0], "texture": "#0"},
				"south": {"uv": [0, 0, 1, 0], "texture": "#0"},
				"west": {"uv": [0, 0, 1, 0], "texture": "#0"},
				"up": {"uv": [9, 6, 12, 8], "rotation": 180, "texture": "#0"},
				"down": {"uv": [9, 6, 12, 8], "texture": "#0"}
			}
		},
		{
			"from": [4.5, 1.6, 1.9],
			"to": [6.5, 1.6, 4.9],
			"rotation": {"angle": 22.5, "axis": "z", "origin": [5, 1.8, 3.3]},
			"faces": {
				"north": {"uv": [0, 0, 1, 0], "texture": "#0"},
				"east": {"uv": [0, 0, 1, 0], "texture": "#0"},
				"south": {"uv": [0, 0, 1, 0], "texture": "#0"},
				"west": {"uv": [0, 0, 1, 0], "texture": "#0"},
				"up": {"uv": [9, 6, 12, 8], "rotation": 90, "texture": "#0"},
				"down": {"uv": [9, 6, 12, 8], "rotation": 90, "texture": "#0"}
			}
		},
		{
			"from": [2, 1.6, 0.5],
			"to": [5, 1.6, 2.5],
			"rotation": {"angle": 22.5, "axis": "x", "origin": [3.4, 1.8, 2]},
			"faces": {
				"north": {"uv": [0, 0, 1, 0], "texture": "#0"},
				"east": {"uv": [0, 0, 1, 0], "texture": "#0"},
				"south": {"uv": [0, 0, 1, 0], "texture": "#0"},
				"west": {"uv": [0, 0, 1, 0], "texture": "#0"},
				"up": {"uv": [9, 6, 12, 8], "texture": "#0"},
				"down": {"uv": [9, 6, 12, 8], "rotation": 180, "texture": "#0"}
			}
		},
		{
			"from": [0.4, 1.6, 1.9],
			"to": [2.4, 1.6, 4.9],
			"rotation": {"angle": -22.5, "axis": "z", "origin": [1.9, 1.8, 3.5]},
			"faces": {
				"north": {"uv": [0, 0, 1, 0], "texture": "#0"},
				"east": {"uv": [0, 0, 1, 0], "texture": "#0"},
				"south": {"uv": [0, 0, 1, 0], "texture": "#0"},
				"west": {"uv": [0, 0, 1, 0], "texture": "#0"},
				"up": {"uv": [9, 6, 12, 8], "rotation": 270, "texture": "#0"},
				"down": {"uv": [9, 6, 12, 8], "rotation": 270, "texture": "#0"}
			}
		},
		{
			"from": [2, 5.6, -0.8],
			"to": [5, 5.6, 3.2],
			"rotation": {"angle": -45, "axis": "x", "origin": [3.6, 5.8, 2.7]},
			"faces": {
				"north": {"uv": [0, 0, 1, 0], "texture": "#0"},
				"east": {"uv": [0, 0, 1, 0], "texture": "#0"},
				"south": {"uv": [0, 0, 1, 0], "texture": "#0"},
				"west": {"uv": [0, 0, 1, 0], "texture": "#0"},
				"up": {"uv": [9, 0, 12, 4], "rotation": 180, "texture": "#0"},
				"down": {"uv": [9, 0, 12, 4], "texture": "#0"}
			}
		},
		{
			"from": [3, 5.6, 1.2],
			"to": [4, 5.6, 3.2],
			"rotation": {"angle": 22.5, "axis": "x", "origin": [3.6, 5.8, 2.7]},
			"faces": {
				"north": {"uv": [0, 0, 1, 0], "texture": "#0"},
				"east": {"uv": [0, 0, 1, 0], "texture": "#0"},
				"south": {"uv": [0, 0, 1, 0], "texture": "#0"},
				"west": {"uv": [0, 0, 1, 0], "texture": "#0"},
				"up": {"uv": [10, 4, 11, 6], "rotation": 180, "texture": "#0"},
				"down": {"uv": [10, 4, 11, 6], "texture": "#0"}
			}
		},
		{
			"from": [3.2, 5.6, 3.8],
			"to": [4.2, 5.6, 5.8],
			"rotation": {"angle": -22.5, "axis": "x", "origin": [3.6, 5.8, 4.3]},
			"faces": {
				"north": {"uv": [0, 0, 1, 0], "texture": "#0"},
				"east": {"uv": [0, 0, 1, 0], "texture": "#0"},
				"south": {"uv": [0, 0, 1, 0], "texture": "#0"},
				"west": {"uv": [0, 0, 1, 0], "texture": "#0"},
				"up": {"uv": [10, 4, 11, 6], "texture": "#0"},
				"down": {"uv": [10, 4, 11, 6], "rotation": 180, "texture": "#0"}
			}
		},
		{
			"from": [4, 5.6, 2.7],
			"to": [6, 5.6, 3.7],
			"rotation": {"angle": 22.5, "axis": "z", "origin": [4.5, 5.8, 3.3]},
			"faces": {
				"north": {"uv": [0, 0, 1, 0], "texture": "#0"},
				"east": {"uv": [0, 0, 1, 0], "texture": "#0"},
				"south": {"uv": [0, 0, 1, 0], "texture": "#0"},
				"west": {"uv": [0, 0, 1, 0], "texture": "#0"},
				"up": {"uv": [10, 4, 11, 6], "rotation": 270, "texture": "#0"},
				"down": {"uv": [10, 4, 11, 6], "rotation": 270, "texture": "#0"}
			}
		},
		{
			"from": [1.2, 5.6, 2.9],
			"to": [3.2, 5.6, 3.9],
			"rotation": {"angle": -22.5, "axis": "z", "origin": [2.7, 5.8, 3.3]},
			"faces": {
				"north": {"uv": [0, 0, 1, 0], "texture": "#0"},
				"east": {"uv": [0, 0, 1, 0], "texture": "#0"},
				"south": {"uv": [0, 0, 1, 0], "texture": "#0"},
				"west": {"uv": [0, 0, 1, 0], "texture": "#0"},
				"up": {"uv": [10, 4, 11, 6], "rotation": 90, "texture": "#0"},
				"down": {"uv": [10, 4, 11, 6], "rotation": 90, "texture": "#0"}
			}
		},
		{
			"from": [2, 5.6, 3.8],
			"to": [5, 5.6, 7.8],
			"rotation": {"angle": 45, "axis": "x", "origin": [3.6, 5.8, 4.3]},
			"faces": {
				"north": {"uv": [0, 0, 1, 0], "texture": "#0"},
				"east": {"uv": [0, 0, 1, 0], "texture": "#0"},
				"south": {"uv": [0, 0, 1, 0], "texture": "#0"},
				"west": {"uv": [0, 0, 1, 0], "texture": "#0"},
				"up": {"uv": [9, 0, 12, 4], "texture": "#0"},
				"down": {"uv": [9, 0, 12, 4], "rotation": 180, "texture": "#0"}
			}
		},
		{
			"from": [-0.8, 5.7, 2],
			"to": [3.2, 5.7, 5],
			"rotation": {"angle": 45, "axis": "z", "origin": [2.8, 5.9, 3.5]},
			"faces": {
				"north": {"uv": [0, 0, 1, 0], "texture": "#0"},
				"east": {"uv": [0, 0, 1, 0], "texture": "#0"},
				"south": {"uv": [0, 0, 1, 0], "texture": "#0"},
				"west": {"uv": [0, 0, 1, 0], "texture": "#0"},
				"up": {"uv": [9, 0, 12, 4], "rotation": 90, "texture": "#0"},
				"down": {"uv": [9, 0, 12, 4], "rotation": 90, "texture": "#0"}
			}
		},
		{
			"from": [3.68787, 5.62929, 2],
			"to": [7.68787, 5.62929, 5],
			"rotation": {"angle": -45, "axis": "z", "origin": [4.18787, 5.62929, 3.5]},
			"faces": {
				"north": {"uv": [0, 0, 1, 0], "texture": "#0"},
				"east": {"uv": [0, 0, 1, 0], "texture": "#0"},
				"south": {"uv": [0, 0, 1, 0], "texture": "#0"},
				"west": {"uv": [0, 0, 1, 0], "texture": "#0"},
				"up": {"uv": [9, 0, 12, 4], "rotation": 270, "texture": "#0"},
				"down": {"uv": [9, 0, 12, 4], "rotation": 270, "texture": "#0"}
			}
		},
		{
			"name": "beetroot",
			"from": [2, -3, 2],
			"to": [5, 0, 5],
			"rotation": {"angle": 0, "axis": "y", "origin": [11, 7, 11]},
			"faces": {
				"north": {"uv": [1, 5, 4, 8], "texture": "#0"},
				"east": {"uv": [2, 4, 5, 7], "texture": "#0"},
				"south": {"uv": [2, 6, 5, 9], "texture": "#0"},
				"west": {"uv": [2, 4, 5, 7], "texture": "#0"},
				"up": {"uv": [3, 6, 6, 9], "texture": "#0"},
				"down": {"uv": [0, 0, 3, 3], "texture": "#0"}
			}
		},
		{
			"from": [3.5, 0, 12],
			"to": [3.5, 6, 13],
			"rotation": {"angle": 0, "axis": "y", "origin": [11.5, 9, 20]},
			"faces": {
				"north": {"uv": [0, 0, 0, 4], "texture": "#0"},
				"east": {"uv": [14, 10, 15, 16], "texture": "#0"},
				"south": {"uv": [0, 0, 0, 4], "texture": "#0"},
				"west": {"uv": [13, 10, 14, 16], "texture": "#0"},
				"up": {"uv": [0, 0, 0, 1], "texture": "#0"},
				"down": {"uv": [0, 0, 0, 1], "texture": "#0"}
			}
		},
		{
			"from": [3, 0, 12.5],
			"to": [4, 6, 12.5],
			"rotation": {"angle": 0, "axis": "y", "origin": [11, 9, 19.5]},
			"faces": {
				"north": {"uv": [12, 10, 13, 16], "texture": "#0"},
				"east": {"uv": [0, 0, 0, 4], "texture": "#0"},
				"south": {"uv": [12, 10, 13, 16], "texture": "#0"},
				"west": {"uv": [0, 0, 0, 4], "texture": "#0"},
				"up": {"uv": [0, 0, 1, 0], "texture": "#0"},
				"down": {"uv": [0, 0, 1, 0], "texture": "#0"}
			}
		},
		{
			"from": [3, -0.3, 11.5],
			"to": [4, 1.7, 11.5],
			"rotation": {"angle": -22.5, "axis": "x", "origin": [3.5, 1.2, 12]},
			"faces": {
				"north": {"uv": [3, 9, 7, 10], "rotation": 270, "texture": "#0"},
				"east": {"uv": [0, 0, 2, 0], "rotation": 270, "texture": "#0"},
				"south": {"uv": [0, 10, 4, 11], "rotation": 90, "texture": "#0"},
				"west": {"uv": [0, 0, 2, 0], "rotation": 90, "texture": "#0"},
				"up": {"uv": [0, 0, 1, 0], "rotation": 180, "texture": "#0"},
				"down": {"uv": [0, 0, 1, 0], "texture": "#0"}
			}
		},
		{
			"from": [3, -0.3, 13.5],
			"to": [4, 1.7, 13.5],
			"rotation": {"angle": 22.5, "axis": "x", "origin": [3.5, 1.2, 13]},
			"faces": {
				"north": {"uv": [1, 10, 5, 11], "rotation": 90, "texture": "#0"},
				"east": {"uv": [0, 0, 2, 0], "rotation": 90, "texture": "#0"},
				"south": {"uv": [0, 10, 4, 11], "rotation": 90, "texture": "#0"},
				"west": {"uv": [0, 0, 2, 0], "rotation": 270, "texture": "#0"},
				"up": {"uv": [0, 0, 1, 0], "texture": "#0"},
				"down": {"uv": [0, 0, 1, 0], "rotation": 180, "texture": "#0"}
			}
		},
		{
			"from": [4.5, -0.3, 11.9],
			"to": [4.5, 1.7, 12.9],
			"rotation": {"angle": -22.5, "axis": "z", "origin": [4, 1.2, 12.4]},
			"faces": {
				"north": {"uv": [0, 0, 2, 0], "rotation": 90, "texture": "#0"},
				"east": {"uv": [2, 10, 6, 11], "rotation": 270, "texture": "#0"},
				"south": {"uv": [0, 0, 2, 0], "rotation": 270, "texture": "#0"},
				"west": {"uv": [0, 10, 4, 11], "rotation": 90, "texture": "#0"},
				"up": {"uv": [0, 0, 1, 0], "rotation": 270, "texture": "#0"},
				"down": {"uv": [0, 0, 1, 0], "rotation": 270, "texture": "#0"}
			}
		},
		{
			"from": [2.4, -0.3, 11.9],
			"to": [2.4, 1.7, 12.9],
			"rotation": {"angle": 22.5, "axis": "z", "origin": [2.9, 1.2, 12.4]},
			"faces": {
				"north": {"uv": [0, 0, 2, 0], "rotation": 270, "texture": "#0"},
				"east": {"uv": [0, 6, 4, 7], "rotation": 90, "texture": "#0"},
				"south": {"uv": [0, 0, 2, 0], "rotation": 90, "texture": "#0"},
				"west": {"uv": [3, 4, 7, 5], "rotation": 90, "texture": "#0"},
				"up": {"uv": [0, 0, 1, 0], "rotation": 90, "texture": "#0"},
				"down": {"uv": [0, 0, 1, 0], "rotation": 90, "texture": "#0"}
			}
		},
		{
			"from": [3, 4, 12],
			"to": [4, 4, 13],
			"rotation": {"angle": 0, "axis": "z", "origin": [3.6, 4.2, 12.5]},
			"faces": {
				"north": {"uv": [0, 0, 1, 0], "texture": "#0"},
				"east": {"uv": [0, 0, 1, 0], "texture": "#0"},
				"south": {"uv": [0, 0, 1, 0], "texture": "#0"},
				"west": {"uv": [0, 0, 1, 0], "texture": "#0"},
				"up": {"uv": [6, 12, 7, 13], "texture": "#0"},
				"down": {"uv": [6, 15, 7, 16], "texture": "#0"}
			}
		},
		{
			"from": [2, 1.6, 13.5],
			"to": [5, 1.6, 15.5],
			"rotation": {"angle": -22.5, "axis": "x", "origin": [3.6, 1.8, 14]},
			"faces": {
				"north": {"uv": [0, 0, 1, 0], "texture": "#0"},
				"east": {"uv": [0, 0, 1, 0], "texture": "#0"},
				"south": {"uv": [0, 0, 1, 0], "texture": "#0"},
				"west": {"uv": [0, 0, 1, 0], "texture": "#0"},
				"up": {"uv": [9, 6, 12, 8], "rotation": 180, "texture": "#0"},
				"down": {"uv": [9, 6, 12, 8], "texture": "#0"}
			}
		},
		{
			"from": [4.5, 1.6, 10.9],
			"to": [6.5, 1.6, 13.9],
			"rotation": {"angle": 22.5, "axis": "z", "origin": [5, 1.8, 12.3]},
			"faces": {
				"north": {"uv": [0, 0, 1, 0], "texture": "#0"},
				"east": {"uv": [0, 0, 1, 0], "texture": "#0"},
				"south": {"uv": [0, 0, 1, 0], "texture": "#0"},
				"west": {"uv": [0, 0, 1, 0], "texture": "#0"},
				"up": {"uv": [9, 6, 12, 8], "rotation": 90, "texture": "#0"},
				"down": {"uv": [9, 6, 12, 8], "rotation": 90, "texture": "#0"}
			}
		},
		{
			"from": [2, 1.6, 9.5],
			"to": [5, 1.6, 11.5],
			"rotation": {"angle": 22.5, "axis": "x", "origin": [3.4, 1.8, 11]},
			"faces": {
				"north": {"uv": [0, 0, 1, 0], "texture": "#0"},
				"east": {"uv": [0, 0, 1, 0], "texture": "#0"},
				"south": {"uv": [0, 0, 1, 0], "texture": "#0"},
				"west": {"uv": [0, 0, 1, 0], "texture": "#0"},
				"up": {"uv": [9, 6, 12, 8], "texture": "#0"},
				"down": {"uv": [9, 6, 12, 8], "rotation": 180, "texture": "#0"}
			}
		},
		{
			"from": [0.4, 1.6, 10.9],
			"to": [2.4, 1.6, 13.9],
			"rotation": {"angle": -22.5, "axis": "z", "origin": [1.9, 1.8, 12.5]},
			"faces": {
				"north": {"uv": [0, 0, 1, 0], "texture": "#0"},
				"east": {"uv": [0, 0, 1, 0], "texture": "#0"},
				"south": {"uv": [0, 0, 1, 0], "texture": "#0"},
				"west": {"uv": [0, 0, 1, 0], "texture": "#0"},
				"up": {"uv": [9, 6, 12, 8], "rotation": 270, "texture": "#0"},
				"down": {"uv": [9, 6, 12, 8], "rotation": 270, "texture": "#0"}
			}
		},
		{
			"from": [2, 5.6, 8.2],
			"to": [5, 5.6, 12.2],
			"rotation": {"angle": -45, "axis": "x", "origin": [3.6, 5.8, 11.7]},
			"faces": {
				"north": {"uv": [0, 0, 1, 0], "texture": "#0"},
				"east": {"uv": [0, 0, 1, 0], "texture": "#0"},
				"south": {"uv": [0, 0, 1, 0], "texture": "#0"},
				"west": {"uv": [0, 0, 1, 0], "texture": "#0"},
				"up": {"uv": [9, 0, 12, 4], "rotation": 180, "texture": "#0"},
				"down": {"uv": [9, 0, 12, 4], "texture": "#0"}
			}
		},
		{
			"from": [3, 5.6, 10.2],
			"to": [4, 5.6, 12.2],
			"rotation": {"angle": 22.5, "axis": "x", "origin": [3.6, 5.8, 11.7]},
			"faces": {
				"north": {"uv": [0, 0, 1, 0], "texture": "#0"},
				"east": {"uv": [0, 0, 1, 0], "texture": "#0"},
				"south": {"uv": [0, 0, 1, 0], "texture": "#0"},
				"west": {"uv": [0, 0, 1, 0], "texture": "#0"},
				"up": {"uv": [10, 4, 11, 6], "rotation": 180, "texture": "#0"},
				"down": {"uv": [10, 4, 11, 6], "texture": "#0"}
			}
		},
		{
			"from": [3.2, 5.6, 12.8],
			"to": [4.2, 5.6, 14.8],
			"rotation": {"angle": -22.5, "axis": "x", "origin": [3.6, 5.8, 13.3]},
			"faces": {
				"north": {"uv": [0, 0, 1, 0], "texture": "#0"},
				"east": {"uv": [0, 0, 1, 0], "texture": "#0"},
				"south": {"uv": [0, 0, 1, 0], "texture": "#0"},
				"west": {"uv": [0, 0, 1, 0], "texture": "#0"},
				"up": {"uv": [10, 4, 11, 6], "texture": "#0"},
				"down": {"uv": [10, 4, 11, 6], "rotation": 180, "texture": "#0"}
			}
		},
		{
			"from": [4, 5.6, 11.7],
			"to": [6, 5.6, 12.7],
			"rotation": {"angle": 22.5, "axis": "z", "origin": [4.5, 5.8, 12.3]},
			"faces": {
				"north": {"uv": [0, 0, 1, 0], "texture": "#0"},
				"east": {"uv": [0, 0, 1, 0], "texture": "#0"},
				"south": {"uv": [0, 0, 1, 0], "texture": "#0"},
				"west": {"uv": [0, 0, 1, 0], "texture": "#0"},
				"up": {"uv": [10, 4, 11, 6], "rotation": 270, "texture": "#0"},
				"down": {"uv": [10, 4, 11, 6], "rotation": 270, "texture": "#0"}
			}
		},
		{
			"from": [1.2, 5.6, 11.9],
			"to": [3.2, 5.6, 12.9],
			"rotation": {"angle": -22.5, "axis": "z", "origin": [2.7, 5.8, 12.3]},
			"faces": {
				"north": {"uv": [0, 0, 1, 0], "texture": "#0"},
				"east": {"uv": [0, 0, 1, 0], "texture": "#0"},
				"south": {"uv": [0, 0, 1, 0], "texture": "#0"},
				"west": {"uv": [0, 0, 1, 0], "texture": "#0"},
				"up": {"uv": [10, 4, 11, 6], "rotation": 90, "texture": "#0"},
				"down": {"uv": [10, 4, 11, 6], "rotation": 90, "texture": "#0"}
			}
		},
		{
			"from": [2, 5.6, 12.8],
			"to": [5, 5.6, 16.8],
			"rotation": {"angle": 45, "axis": "x", "origin": [3.6, 5.8, 13.3]},
			"faces": {
				"north": {"uv": [0, 0, 1, 0], "texture": "#0"},
				"east": {"uv": [0, 0, 1, 0], "texture": "#0"},
				"south": {"uv": [0, 0, 1, 0], "texture": "#0"},
				"west": {"uv": [0, 0, 1, 0], "texture": "#0"},
				"up": {"uv": [9, 0, 12, 4], "texture": "#0"},
				"down": {"uv": [9, 0, 12, 4], "rotation": 180, "texture": "#0"}
			}
		},
		{
			"from": [-0.8, 5.7, 11],
			"to": [3.2, 5.7, 14],
			"rotation": {"angle": 45, "axis": "z", "origin": [2.8, 5.9, 12.5]},
			"faces": {
				"north": {"uv": [0, 0, 1, 0], "texture": "#0"},
				"east": {"uv": [0, 0, 1, 0], "texture": "#0"},
				"south": {"uv": [0, 0, 1, 0], "texture": "#0"},
				"west": {"uv": [0, 0, 1, 0], "texture": "#0"},
				"up": {"uv": [9, 0, 12, 4], "rotation": 90, "texture": "#0"},
				"down": {"uv": [9, 0, 12, 4], "rotation": 90, "texture": "#0"}
			}
		},
		{
			"from": [3.68787, 5.62929, 11],
			"to": [7.68787, 5.62929, 14],
			"rotation": {"angle": -45, "axis": "z", "origin": [4.18787, 5.62929, 12.5]},
			"faces": {
				"north": {"uv": [0, 0, 1, 0], "texture": "#0"},
				"east": {"uv": [0, 0, 1, 0], "texture": "#0"},
				"south": {"uv": [0, 0, 1, 0], "texture": "#0"},
				"west": {"uv": [0, 0, 1, 0], "texture": "#0"},
				"up": {"uv": [9, 0, 12, 4], "rotation": 270, "texture": "#0"},
				"down": {"uv": [9, 0, 12, 4], "rotation": 270, "texture": "#0"}
			}
		},
		{
			"name": "beetroot",
			"from": [2, -3, 11],
			"to": [5, 0, 14],
			"rotation": {"angle": 0, "axis": "y", "origin": [11, 7, 20]},
			"faces": {
				"north": {"uv": [1, 5, 4, 8], "texture": "#0"},
				"east": {"uv": [2, 4, 5, 7], "texture": "#0"},
				"south": {"uv": [2, 6, 5, 9], "texture": "#0"},
				"west": {"uv": [2, 4, 5, 7], "texture": "#0"},
				"up": {"uv": [3, 6, 6, 9], "texture": "#0"},
				"down": {"uv": [0, 0, 3, 3], "texture": "#0"}
			}
		}
	],
	"groups": [
		{
			"name": "beetroots_stage3",
			"origin": [8, 8, 8],
			"children": [
				{
					"name": "beetroots_stage1",
					"origin": [8, 8, 8],
					"children": [
						{
							"name": "group",
							"origin": [8.1, 1.8, 7.7],
							"children": [0, 1, 2, 3, 4, 5, 6,
								{
									"name": "group",
									"origin": [13.18787, 2.62929, 3.5],
									"children": [7, 8, 9, 10]
								},
								{
									"name": "group",
									"origin": [13.18787, 2.62929, 3.5],
									"children": [11, 12, 13, 14, 15, 16, 17, 18]
								},
								{
									"name": "group",
									"origin": [17, 8, 9],
									"children": [19]
								}
							]
						}
					]
				},
				{
					"name": "beetroots_stage1",
					"origin": [8, 8, 8],
					"children": [
						{
							"name": "group",
							"origin": [8.1, 1.8, 7.7],
							"children": [20, 21, 22, 23, 24, 25, 26,
								{
									"name": "group",
									"origin": [13.18787, 2.62929, 3.5],
									"children": [27, 28, 29, 30]
								},
								{
									"name": "group",
									"origin": [13.18787, 2.62929, 3.5],
									"children": [31, 32, 33, 34, 35, 36, 37, 38]
								},
								{
									"name": "group",
									"origin": [17, 8, 9],
									"children": [39]
								}
							]
						}
					]
				},
				{
					"name": "beetroots_stage1",
					"origin": [8, 8, 8],
					"children": [
						{
							"name": "group",
							"origin": [8.1, 1.8, 7.7],
							"children": [40, 41, 42, 43, 44, 45, 46,
								{
									"name": "group",
									"origin": [13.18787, 2.62929, 3.5],
									"children": [47, 48, 49, 50]
								},
								{
									"name": "group",
									"origin": [13.18787, 2.62929, 3.5],
									"children": [51, 52, 53, 54, 55, 56, 57, 58]
								},
								{
									"name": "group",
									"origin": [17, 8, 9],
									"children": [59]
								}
							]
						}
					]
				},
				{
					"name": "beetroots_stage1",
					"origin": [8, 8, 8],
					"children": [
						{
							"name": "group",
							"origin": [8.1, 1.8, 7.7],
							"children": [60, 61, 62, 63, 64, 65, 66,
								{
									"name": "group",
									"origin": [13.18787, 2.62929, 3.5],
									"children": [67, 68, 69, 70]
								},
								{
									"name": "group",
									"origin": [13.18787, 2.62929, 3.5],
									"children": [71, 72, 73, 74, 75, 76, 77, 78]
								},
								{
									"name": "group",
									"origin": [17, 8, 9],
									"children": [79]
								}
							]
						}
					]
				}
			]
		}
	]
}