{
	"credit": "Made with Blockbench",
	"textures": {
		"0": "blocks/beetroots_stages",
		"particle": "blocks/beetroots_stages"
	},
	"elements": [
		{
			"from": [12.5, 2, 3],
			"to": [12.5, 8, 4],
			"rotation": {"angle": 0, "axis": "y", "origin": [20.5, 11, 11]},
			"faces": {
				"north": {"uv": [0, 0, 0, 4], "texture": "#0"},
				"east": {"uv": [14, 10, 15, 16], "texture": "#0"},
				"south": {"uv": [0, 0, 0, 4], "texture": "#0"},
				"west": {"uv": [13, 10, 14, 16], "texture": "#0"},
				"up": {"uv": [0, 0, 0, 1], "texture": "#0"},
				"down": {"uv": [0, 0, 0, 1], "texture": "#0"}
			}
		},
		{
			"from": [12, 2, 3.5],
			"to": [13, 8, 3.5],
			"rotation": {"angle": 0, "axis": "y", "origin": [20, 11, 10.5]},
			"faces": {
				"north": {"uv": [12, 10, 13, 16], "texture": "#0"},
				"east": {"uv": [0, 0, 0, 4], "texture": "#0"},
				"south": {"uv": [12, 10, 13, 16], "texture": "#0"},
				"west": {"uv": [0, 0, 0, 4], "texture": "#0"},
				"up": {"uv": [0, 0, 1, 0], "texture": "#0"},
				"down": {"uv": [0, 0, 1, 0], "texture": "#0"}
			}
		},
		{
			"from": [12, 1.7, 2.5],
			"to": [13, 5.7, 2.5],
			"rotation": {"angle": -22.5, "axis": "x", "origin": [12.5, 3.2, 3]},
			"faces": {
				"north": {"uv": [3, 9, 7, 10], "rotation": 270, "texture": "#0"},
				"east": {"uv": [0, 0, 2, 0], "rotation": 270, "texture": "#0"},
				"south": {"uv": [0, 10, 4, 11], "rotation": 90, "texture": "#0"},
				"west": {"uv": [0, 0, 2, 0], "rotation": 90, "texture": "#0"},
				"up": {"uv": [0, 0, 1, 0], "rotation": 180, "texture": "#0"},
				"down": {"uv": [0, 0, 1, 0], "texture": "#0"}
			}
		},
		{
			"from": [12, 1.7, 4.5],
			"to": [13, 5.7, 4.5],
			"rotation": {"angle": 22.5, "axis": "x", "origin": [12.5, 3.2, 4]},
			"faces": {
				"north": {"uv": [1, 10, 5, 11], "rotation": 90, "texture": "#0"},
				"east": {"uv": [0, 0, 2, 0], "rotation": 90, "texture": "#0"},
				"south": {"uv": [0, 10, 4, 11], "rotation": 90, "texture": "#0"},
				"west": {"uv": [0, 0, 2, 0], "rotation": 270, "texture": "#0"},
				"up": {"uv": [0, 0, 1, 0], "texture": "#0"},
				"down": {"uv": [0, 0, 1, 0], "rotation": 180, "texture": "#0"}
			}
		},
		{
			"from": [13.5, 1.7, 2.9],
			"to": [13.5, 5.7, 3.9],
			"rotation": {"angle": -22.5, "axis": "z", "origin": [13, 3.2, 3.4]},
			"faces": {
				"north": {"uv": [0, 0, 2, 0], "rotation": 90, "texture": "#0"},
				"east": {"uv": [2, 10, 6, 11], "rotation": 270, "texture": "#0"},
				"south": {"uv": [0, 0, 2, 0], "rotation": 270, "texture": "#0"},
				"west": {"uv": [0, 10, 4, 11], "rotation": 90, "texture": "#0"},
				"up": {"uv": [0, 0, 1, 0], "rotation": 270, "texture": "#0"},
				"down": {"uv": [0, 0, 1, 0], "rotation": 270, "texture": "#0"}
			}
		},
		{
			"from": [11.4, 1.7, 2.9],
			"to": [11.4, 5.7, 3.9],
			"rotation": {"angle": 22.5, "axis": "z", "origin": [11.9, 3.2, 3.4]},
			"faces": {
				"north": {"uv": [0, 0, 2, 0], "rotation": 270, "texture": "#0"},
				"east": {"uv": [0, 6, 4, 7], "rotation": 90, "texture": "#0"},
				"south": {"uv": [0, 0, 2, 0], "rotation": 90, "texture": "#0"},
				"west": {"uv": [3, 4, 7, 5], "rotation": 90, "texture": "#0"},
				"up": {"uv": [0, 0, 1, 0], "rotation": 90, "texture": "#0"},
				"down": {"uv": [0, 0, 1, 0], "rotation": 90, "texture": "#0"}
			}
		},
		{
			"from": [12, 6, 3],
			"to": [13, 6, 4],
			"rotation": {"angle": 0, "axis": "z", "origin": [12.6, 6.2, 3.5]},
			"faces": {
				"north": {"uv": [0, 0, 1, 0], "texture": "#0"},
				"east": {"uv": [0, 0, 1, 0], "texture": "#0"},
				"south": {"uv": [0, 0, 1, 0], "texture": "#0"},
				"west": {"uv": [0, 0, 1, 0], "texture": "#0"},
				"up": {"uv": [6, 12, 7, 13], "texture": "#0"},
				"down": {"uv": [6, 15, 7, 16], "texture": "#0"}
			}
		},
		{
			"from": [11, 4.7, -2.2],
			"to": [14, 4.7, 1.8],
			"rotation": {"angle": -22.5, "axis": "x", "origin": [12.6, 4.9, 1.3]},
			"faces": {
				"north": {"uv": [0, 0, 1, 0], "texture": "#0"},
				"east": {"uv": [0, 0, 1, 0], "texture": "#0"},
				"south": {"uv": [0, 0, 1, 0], "texture": "#0"},
				"west": {"uv": [0, 0, 1, 0], "texture": "#0"},
				"up": {"uv": [9, 0, 12, 4], "rotation": 180, "texture": "#0"},
				"down": {"uv": [9, 0, 12, 4], "texture": "#0"}
			}
		},
		{
			"from": [11, 4.7, 5.2],
			"to": [14, 4.7, 9.2],
			"rotation": {"angle": 22.5, "axis": "x", "origin": [12.6, 4.9, 5.7]},
			"faces": {
				"north": {"uv": [0, 0, 1, 0], "texture": "#0"},
				"east": {"uv": [0, 0, 1, 0], "texture": "#0"},
				"south": {"uv": [0, 0, 1, 0], "texture": "#0"},
				"west": {"uv": [0, 0, 1, 0], "texture": "#0"},
				"up": {"uv": [9, 0, 12, 4], "texture": "#0"},
				"down": {"uv": [9, 0, 12, 4], "rotation": 180, "texture": "#0"}
			}
		},
		{
			"from": [11, 2.7, 4.1],
			"to": [14, 2.7, 6.1],
			"rotation": {"angle": -22.5, "axis": "x", "origin": [12.6, 2.9, 4.6]},
			"faces": {
				"north": {"uv": [0, 0, 1, 0], "texture": "#0"},
				"east": {"uv": [0, 0, 1, 0], "texture": "#0"},
				"south": {"uv": [0, 0, 1, 0], "texture": "#0"},
				"west": {"uv": [0, 0, 1, 0], "texture": "#0"},
				"up": {"uv": [9, 6, 12, 8], "rotation": 180, "texture": "#0"},
				"down": {"uv": [9, 6, 12, 8], "texture": "#0"}
			}
		},
		{
			"from": [13.1, 2.7, 1.9],
			"to": [15.1, 2.7, 4.9],
			"rotation": {"angle": 22.5, "axis": "z", "origin": [13.6, 2.9, 3.3]},
			"faces": {
				"north": {"uv": [0, 0, 1, 0], "texture": "#0"},
				"east": {"uv": [0, 0, 1, 0], "texture": "#0"},
				"south": {"uv": [0, 0, 1, 0], "texture": "#0"},
				"west": {"uv": [0, 0, 1, 0], "texture": "#0"},
				"up": {"uv": [9, 6, 12, 8], "rotation": 90, "texture": "#0"},
				"down": {"uv": [9, 6, 12, 8], "rotation": 90, "texture": "#0"}
			}
		},
		{
			"from": [11, 2.7, 0.9],
			"to": [14, 2.7, 2.9],
			"rotation": {"angle": 22.5, "axis": "x", "origin": [12.4, 2.9, 2.4]},
			"faces": {
				"north": {"uv": [0, 0, 1, 0], "texture": "#0"},
				"east": {"uv": [0, 0, 1, 0], "texture": "#0"},
				"south": {"uv": [0, 0, 1, 0], "texture": "#0"},
				"west": {"uv": [0, 0, 1, 0], "texture": "#0"},
				"up": {"uv": [9, 6, 12, 8], "texture": "#0"},
				"down": {"uv": [9, 6, 12, 8], "rotation": 180, "texture": "#0"}
			}
		},
		{
			"from": [9.8, 2.7, 1.9],
			"to": [11.8, 2.7, 4.9],
			"rotation": {"angle": -22.5, "axis": "z", "origin": [11.3, 2.9, 3.5]},
			"faces": {
				"north": {"uv": [0, 0, 1, 0], "texture": "#0"},
				"east": {"uv": [0, 0, 1, 0], "texture": "#0"},
				"south": {"uv": [0, 0, 1, 0], "texture": "#0"},
				"west": {"uv": [0, 0, 1, 0], "texture": "#0"},
				"up": {"uv": [9, 6, 12, 8], "rotation": 270, "texture": "#0"},
				"down": {"uv": [9, 6, 12, 8], "rotation": 270, "texture": "#0"}
			}
		},
		{
			"from": [6.6, 4.8, 2],
			"to": [10.6, 4.8, 5],
			"rotation": {"angle": 22.5, "axis": "z", "origin": [10.2, 5, 3.5]},
			"faces": {
				"north": {"uv": [0, 0, 1, 0], "texture": "#0"},
				"east": {"uv": [0, 0, 1, 0], "texture": "#0"},
				"south": {"uv": [0, 0, 1, 0], "texture": "#0"},
				"west": {"uv": [0, 0, 1, 0], "texture": "#0"},
				"up": {"uv": [9, 0, 12, 4], "rotation": 90, "texture": "#0"},
				"down": {"uv": [9, 0, 12, 4], "rotation": 90, "texture": "#0"}
			}
		},
		{
			"from": [13.98787, 4.82929, 2],
			"to": [17.98787, 4.82929, 5],
			"rotation": {"angle": -22.5, "axis": "z", "origin": [14.48787, 4.82929, 3.5]},
			"faces": {
				"north": {"uv": [0, 0, 1, 0], "texture": "#0"},
				"east": {"uv": [0, 0, 1, 0], "texture": "#0"},
				"south": {"uv": [0, 0, 1, 0], "texture": "#0"},
				"west": {"uv": [0, 0, 1, 0], "texture": "#0"},
				"up": {"uv": [9, 0, 12, 4], "rotation": 270, "texture": "#0"},
				"down": {"uv": [9, 0, 12, 4], "rotation": 270, "texture": "#0"}
			}
		},
		{
			"from": [11, 7.6, -0.8],
			"to": [14, 7.6, 3.2],
			"rotation": {"angle": -22.5, "axis": "x", "origin": [12.6, 7.8, 2.7]},
			"faces": {
				"north": {"uv": [0, 0, 1, 0], "texture": "#0"},
				"east": {"uv": [0, 0, 1, 0], "texture": "#0"},
				"south": {"uv": [0, 0, 1, 0], "texture": "#0"},
				"west": {"uv": [0, 0, 1, 0], "texture": "#0"},
				"up": {"uv": [9, 0, 12, 4], "rotation": 180, "texture": "#0"},
				"down": {"uv": [9, 0, 12, 4], "texture": "#0"}
			}
		},
		{
			"from": [11, 7.6, 1.2],
			"to": [14, 7.6, 3.2],
			"rotation": {"angle": 22.5, "axis": "x", "origin": [12.6, 7.8, 2.7]},
			"faces": {
				"north": {"uv": [0, 0, 1, 0], "texture": "#0"},
				"east": {"uv": [0, 0, 1, 0], "texture": "#0"},
				"south": {"uv": [0, 0, 1, 0], "texture": "#0"},
				"west": {"uv": [0, 0, 1, 0], "texture": "#0"},
				"up": {"uv": [9, 4, 12, 6], "rotation": 180, "texture": "#0"},
				"down": {"uv": [9, 4, 12, 6], "texture": "#0"}
			}
		},
		{
			"from": [11.2, 7.6, 3.8],
			"to": [14.2, 7.6, 5.8],
			"rotation": {"angle": -22.5, "axis": "x", "origin": [12.6, 7.8, 4.3]},
			"faces": {
				"north": {"uv": [0, 0, 1, 0], "texture": "#0"},
				"east": {"uv": [0, 0, 1, 0], "texture": "#0"},
				"south": {"uv": [0, 0, 1, 0], "texture": "#0"},
				"west": {"uv": [0, 0, 1, 0], "texture": "#0"},
				"up": {"uv": [9, 4, 12, 6], "texture": "#0"},
				"down": {"uv": [9, 4, 12, 6], "rotation": 180, "texture": "#0"}
			}
		},
		{
			"from": [13, 7.6, 1.7],
			"to": [15, 7.6, 4.7],
			"rotation": {"angle": 22.5, "axis": "z", "origin": [13.5, 7.8, 3.3]},
			"faces": {
				"north": {"uv": [0, 0, 1, 0], "texture": "#0"},
				"east": {"uv": [0, 0, 1, 0], "texture": "#0"},
				"south": {"uv": [0, 0, 1, 0], "texture": "#0"},
				"west": {"uv": [0, 0, 1, 0], "texture": "#0"},
				"up": {"uv": [9, 4, 12, 6], "rotation": 270, "texture": "#0"},
				"down": {"uv": [9, 4, 12, 6], "rotation": 270, "texture": "#0"}
			}
		},
		{
			"from": [10.2, 7.6, 1.9],
			"to": [12.2, 7.6, 4.9],
			"rotation": {"angle": -22.5, "axis": "z", "origin": [11.7, 7.8, 3.3]},
			"faces": {
				"north": {"uv": [0, 0, 1, 0], "texture": "#0"},
				"east": {"uv": [0, 0, 1, 0], "texture": "#0"},
				"south": {"uv": [0, 0, 1, 0], "texture": "#0"},
				"west": {"uv": [0, 0, 1, 0], "texture": "#0"},
				"up": {"uv": [9, 4, 12, 6], "rotation": 90, "texture": "#0"},
				"down": {"uv": [9, 4, 12, 6], "rotation": 90, "texture": "#0"}
			}
		},
		{
			"from": [11, 7.6, 3.8],
			"to": [14, 7.6, 7.8],
			"rotation": {"angle": 22.5, "axis": "x", "origin": [12.6, 7.8, 4.3]},
			"faces": {
				"north": {"uv": [0, 0, 1, 0], "texture": "#0"},
				"east": {"uv": [0, 0, 1, 0], "texture": "#0"},
				"south": {"uv": [0, 0, 1, 0], "texture": "#0"},
				"west": {"uv": [0, 0, 1, 0], "texture": "#0"},
				"up": {"uv": [9, 0, 12, 4], "texture": "#0"},
				"down": {"uv": [9, 0, 12, 4], "rotation": 180, "texture": "#0"}
			}
		},
		{
			"from": [8.2, 7.7, 2],
			"to": [12.2, 7.7, 5],
			"rotation": {"angle": 22.5, "axis": "z", "origin": [11.8, 7.9, 3.5]},
			"faces": {
				"north": {"uv": [0, 0, 1, 0], "texture": "#0"},
				"east": {"uv": [0, 0, 1, 0], "texture": "#0"},
				"south": {"uv": [0, 0, 1, 0], "texture": "#0"},
				"west": {"uv": [0, 0, 1, 0], "texture": "#0"},
				"up": {"uv": [9, 0, 12, 4], "rotation": 90, "texture": "#0"},
				"down": {"uv": [9, 0, 12, 4], "rotation": 90, "texture": "#0"}
			}
		},
		{
			"from": [12.68787, 7.62929, 2],
			"to": [16.68787, 7.62929, 5],
			"rotation": {"angle": -22.5, "axis": "z", "origin": [13.18787, 7.62929, 3.5]},
			"faces": {
				"north": {"uv": [0, 0, 1, 0], "texture": "#0"},
				"east": {"uv": [0, 0, 1, 0], "texture": "#0"},
				"south": {"uv": [0, 0, 1, 0], "texture": "#0"},
				"west": {"uv": [0, 0, 1, 0], "texture": "#0"},
				"up": {"uv": [9, 0, 12, 4], "rotation": 270, "texture": "#0"},
				"down": {"uv": [9, 0, 12, 4], "rotation": 270, "texture": "#0"}
			}
		},
		{
			"name": "beetroot",
			"from": [11, 1, 2],
			"to": [14, 2, 5],
			"rotation": {"angle": 0, "axis": "y", "origin": [20, 9, 11]},
			"faces": {
				"north": {"uv": [1, 5, 4, 6], "texture": "#0"},
				"east": {"uv": [2, 4, 5, 5], "texture": "#0"},
				"south": {"uv": [2, 6, 5, 7], "texture": "#0"},
				"west": {"uv": [2, 4, 5, 5], "texture": "#0"},
				"up": {"uv": [3, 6, 6, 9], "texture": "#0"},
				"down": {"uv": [0, 0, 3, 3], "texture": "#0"}
			}
		},
		{
			"name": "beetroot",
			"from": [11, -2, 5],
			"to": [14, 1, 6],
			"rotation": {"angle": 0, "axis": "y", "origin": [20, 8, 12]},
			"faces": {
				"north": {"uv": [0, 0, 3, 3], "texture": "#0"},
				"east": {"uv": [6, 6, 7, 9], "texture": "#0"},
				"south": {"uv": [4, 6, 7, 9], "texture": "#0"},
				"west": {"uv": [6, 6, 7, 9], "texture": "#0"},
				"up": {"uv": [4, 6, 7, 7], "texture": "#0"},
				"down": {"uv": [4, 9, 7, 10], "texture": "#0"}
			}
		},
		{
			"name": "beetroot",
			"from": [11, -2, 1],
			"to": [14, 1, 2],
			"rotation": {"angle": 0, "axis": "y", "origin": [20, 8, 8]},
			"faces": {
				"north": {"uv": [3, 7, 6, 10], "texture": "#0"},
				"east": {"uv": [1, 6, 2, 9], "texture": "#0"},
				"south": {"uv": [4, 6, 7, 9], "texture": "#0"},
				"west": {"uv": [2, 6, 3, 9], "texture": "#0"},
				"up": {"uv": [1, 9, 4, 10], "texture": "#0"},
				"down": {"uv": [3, 9, 6, 10], "texture": "#0"}
			}
		},
		{
			"name": "beetroot",
			"from": [14, -2, 2],
			"to": [15, 1, 5],
			"rotation": {"angle": 0, "axis": "y", "origin": [21, 8, 9]},
			"faces": {
				"north": {"uv": [0, 8, 1, 11], "texture": "#0"},
				"east": {"uv": [2, 7, 5, 10], "texture": "#0"},
				"south": {"uv": [1, 6, 2, 9], "texture": "#0"},
				"west": {"uv": [4, 6, 7, 9], "texture": "#0"},
				"up": {"uv": [1, 5, 2, 8], "texture": "#0"},
				"down": {"uv": [6, 6, 7, 9], "texture": "#0"}
			}
		},
		{
			"name": "beetroot",
			"from": [10, -2, 2],
			"to": [11, 1, 5],
			"rotation": {"angle": 0, "axis": "y", "origin": [17, 8, 9]},
			"faces": {
				"north": {"uv": [1, 5, 2, 8], "texture": "#0"},
				"east": {"uv": [2, 7, 5, 10], "texture": "#0"},
				"south": {"uv": [5, 5, 6, 8], "texture": "#0"},
				"west": {"uv": [3, 7, 6, 10], "texture": "#0"},
				"up": {"uv": [5, 6, 6, 9], "texture": "#0"},
				"down": {"uv": [4, 7, 5, 10], "texture": "#0"}
			}
		},
		{
			"from": [3.5, 2, 3],
			"to": [3.5, 8, 4],
			"rotation": {"angle": 0, "axis": "y", "origin": [11.5, 11, 11]},
			"faces": {
				"north": {"uv": [0, 0, 0, 4], "texture": "#0"},
				"east": {"uv": [14, 10, 15, 16], "texture": "#0"},
				"south": {"uv": [0, 0, 0, 4], "texture": "#0"},
				"west": {"uv": [13, 10, 14, 16], "texture": "#0"},
				"up": {"uv": [0, 0, 0, 1], "texture": "#0"},
				"down": {"uv": [0, 0, 0, 1], "texture": "#0"}
			}
		},
		{
			"from": [3, 2, 3.5],
			"to": [4, 8, 3.5],
			"rotation": {"angle": 0, "axis": "y", "origin": [11, 11, 10.5]},
			"faces": {
				"north": {"uv": [12, 10, 13, 16], "texture": "#0"},
				"east": {"uv": [0, 0, 0, 4], "texture": "#0"},
				"south": {"uv": [12, 10, 13, 16], "texture": "#0"},
				"west": {"uv": [0, 0, 0, 4], "texture": "#0"},
				"up": {"uv": [0, 0, 1, 0], "texture": "#0"},
				"down": {"uv": [0, 0, 1, 0], "texture": "#0"}
			}
		},
		{
			"from": [3, 1.7, 2.5],
			"to": [4, 5.7, 2.5],
			"rotation": {"angle": -22.5, "axis": "x", "origin": [3.5, 3.2, 3]},
			"faces": {
				"north": {"uv": [3, 9, 7, 10], "rotation": 270, "texture": "#0"},
				"east": {"uv": [0, 0, 2, 0], "rotation": 270, "texture": "#0"},
				"south": {"uv": [0, 10, 4, 11], "rotation": 90, "texture": "#0"},
				"west": {"uv": [0, 0, 2, 0], "rotation": 90, "texture": "#0"},
				"up": {"uv": [0, 0, 1, 0], "rotation": 180, "texture": "#0"},
				"down": {"uv": [0, 0, 1, 0], "texture": "#0"}
			}
		},
		{
			"from": [3, 1.7, 4.5],
			"to": [4, 5.7, 4.5],
			"rotation": {"angle": 22.5, "axis": "x", "origin": [3.5, 3.2, 4]},
			"faces": {
				"north": {"uv": [1, 10, 5, 11], "rotation": 90, "texture": "#0"},
				"east": {"uv": [0, 0, 2, 0], "rotation": 90, "texture": "#0"},
				"south": {"uv": [0, 10, 4, 11], "rotation": 90, "texture": "#0"},
				"west": {"uv": [0, 0, 2, 0], "rotation": 270, "texture": "#0"},
				"up": {"uv": [0, 0, 1, 0], "texture": "#0"},
				"down": {"uv": [0, 0, 1, 0], "rotation": 180, "texture": "#0"}
			}
		},
		{
			"from": [4.5, 1.7, 2.9],
			"to": [4.5, 5.7, 3.9],
			"rotation": {"angle": -22.5, "axis": "z", "origin": [4, 3.2, 3.4]},
			"faces": {
				"north": {"uv": [0, 0, 2, 0], "rotation": 90, "texture": "#0"},
				"east": {"uv": [2, 10, 6, 11], "rotation": 270, "texture": "#0"},
				"south": {"uv": [0, 0, 2, 0], "rotation": 270, "texture": "#0"},
				"west": {"uv": [0, 10, 4, 11], "rotation": 90, "texture": "#0"},
				"up": {"uv": [0, 0, 1, 0], "rotation": 270, "texture": "#0"},
				"down": {"uv": [0, 0, 1, 0], "rotation": 270, "texture": "#0"}
			}
		},
		{
			"from": [2.4, 1.7, 2.9],
			"to": [2.4, 5.7, 3.9],
			"rotation": {"angle": 22.5, "axis": "z", "origin": [2.9, 3.2, 3.4]},
			"faces": {
				"north": {"uv": [0, 0, 2, 0], "rotation": 270, "texture": "#0"},
				"east": {"uv": [0, 6, 4, 7], "rotation": 90, "texture": "#0"},
				"south": {"uv": [0, 0, 2, 0], "rotation": 90, "texture": "#0"},
				"west": {"uv": [3, 4, 7, 5], "rotation": 90, "texture": "#0"},
				"up": {"uv": [0, 0, 1, 0], "rotation": 90, "texture": "#0"},
				"down": {"uv": [0, 0, 1, 0], "rotation": 90, "texture": "#0"}
			}
		},
		{
			"from": [3, 6, 3],
			"to": [4, 6, 4],
			"rotation": {"angle": 0, "axis": "z", "origin": [3.6, 6.2, 3.5]},
			"faces": {
				"north": {"uv": [0, 0, 1, 0], "texture": "#0"},
				"east": {"uv": [0, 0, 1, 0], "texture": "#0"},
				"south": {"uv": [0, 0, 1, 0], "texture": "#0"},
				"west": {"uv": [0, 0, 1, 0], "texture": "#0"},
				"up": {"uv": [6, 12, 7, 13], "texture": "#0"},
				"down": {"uv": [6, 15, 7, 16], "texture": "#0"}
			}
		},
		{
			"from": [2, 4.7, -2.2],
			"to": [5, 4.7, 1.8],
			"rotation": {"angle": -22.5, "axis": "x", "origin": [3.6, 4.9, 1.3]},
			"faces": {
				"north": {"uv": [0, 0, 1, 0], "texture": "#0"},
				"east": {"uv": [0, 0, 1, 0], "texture": "#0"},
				"south": {"uv": [0, 0, 1, 0], "texture": "#0"},
				"west": {"uv": [0, 0, 1, 0], "texture": "#0"},
				"up": {"uv": [9, 0, 12, 4], "rotation": 180, "texture": "#0"},
				"down": {"uv": [9, 0, 12, 4], "texture": "#0"}
			}
		},
		{
			"from": [2, 4.7, 5.2],
			"to": [5, 4.7, 9.2],
			"rotation": {"angle": 22.5, "axis": "x", "origin": [3.6, 4.9, 5.7]},
			"faces": {
				"north": {"uv": [0, 0, 1, 0], "texture": "#0"},
				"east": {"uv": [0, 0, 1, 0], "texture": "#0"},
				"south": {"uv": [0, 0, 1, 0], "texture": "#0"},
				"west": {"uv": [0, 0, 1, 0], "texture": "#0"},
				"up": {"uv": [9, 0, 12, 4], "texture": "#0"},
				"down": {"uv": [9, 0, 12, 4], "rotation": 180, "texture": "#0"}
			}
		},
		{
			"from": [2, 2.7, 4.1],
			"to": [5, 2.7, 6.1],
			"rotation": {"angle": -22.5, "axis": "x", "origin": [3.6, 2.9, 4.6]},
			"faces": {
				"north": {"uv": [0, 0, 1, 0], "texture": "#0"},
				"east": {"uv": [0, 0, 1, 0], "texture": "#0"},
				"south": {"uv": [0, 0, 1, 0], "texture": "#0"},
				"west": {"uv": [0, 0, 1, 0], "texture": "#0"},
				"up": {"uv": [9, 6, 12, 8], "rotation": 180, "texture": "#0"},
				"down": {"uv": [9, 6, 12, 8], "texture": "#0"}
			}
		},
		{
			"from": [4.1, 2.7, 1.9],
			"to": [6.1, 2.7, 4.9],
			"rotation": {"angle": 22.5, "axis": "z", "origin": [4.6, 2.9, 3.3]},
			"faces": {
				"north": {"uv": [0, 0, 1, 0], "texture": "#0"},
				"east": {"uv": [0, 0, 1, 0], "texture": "#0"},
				"south": {"uv": [0, 0, 1, 0], "texture": "#0"},
				"west": {"uv": [0, 0, 1, 0], "texture": "#0"},
				"up": {"uv": [9, 6, 12, 8], "rotation": 90, "texture": "#0"},
				"down": {"uv": [9, 6, 12, 8], "rotation": 90, "texture": "#0"}
			}
		},
		{
			"from": [2, 2.7, 0.9],
			"to": [5, 2.7, 2.9],
			"rotation": {"angle": 22.5, "axis": "x", "origin": [3.4, 2.9, 2.4]},
			"faces": {
				"north": {"uv": [0, 0, 1, 0], "texture": "#0"},
				"east": {"uv": [0, 0, 1, 0], "texture": "#0"},
				"south": {"uv": [0, 0, 1, 0], "texture": "#0"},
				"west": {"uv": [0, 0, 1, 0], "texture": "#0"},
				"up": {"uv": [9, 6, 12, 8], "texture": "#0"},
				"down": {"uv": [9, 6, 12, 8], "rotation": 180, "texture": "#0"}
			}
		},
		{
			"from": [0.8, 2.7, 1.9],
			"to": [2.8, 2.7, 4.9],
			"rotation": {"angle": -22.5, "axis": "z", "origin": [2.3, 2.9, 3.5]},
			"faces": {
				"north": {"uv": [0, 0, 1, 0], "texture": "#0"},
				"east": {"uv": [0, 0, 1, 0], "texture": "#0"},
				"south": {"uv": [0, 0, 1, 0], "texture": "#0"},
				"west": {"uv": [0, 0, 1, 0], "texture": "#0"},
				"up": {"uv": [9, 6, 12, 8], "rotation": 270, "texture": "#0"},
				"down": {"uv": [9, 6, 12, 8], "rotation": 270, "texture": "#0"}
			}
		},
		{
			"from": [-2.4, 4.8, 2],
			"to": [1.6, 4.8, 5],
			"rotation": {"angle": 22.5, "axis": "z", "origin": [1.2, 5, 3.5]},
			"faces": {
				"north": {"uv": [0, 0, 1, 0], "texture": "#0"},
				"east": {"uv": [0, 0, 1, 0], "texture": "#0"},
				"south": {"uv": [0, 0, 1, 0], "texture": "#0"},
				"west": {"uv": [0, 0, 1, 0], "texture": "#0"},
				"up": {"uv": [9, 0, 12, 4], "rotation": 90, "texture": "#0"},
				"down": {"uv": [9, 0, 12, 4], "rotation": 90, "texture": "#0"}
			}
		},
		{
			"from": [4.98787, 4.82929, 2],
			"to": [8.98787, 4.82929, 5],
			"rotation": {"angle": -22.5, "axis": "z", "origin": [5.48787, 4.82929, 3.5]},
			"faces": {
				"north": {"uv": [0, 0, 1, 0], "texture": "#0"},
				"east": {"uv": [0, 0, 1, 0], "texture": "#0"},
				"south": {"uv": [0, 0, 1, 0], "texture": "#0"},
				"west": {"uv": [0, 0, 1, 0], "texture": "#0"},
				"up": {"uv": [9, 0, 12, 4], "rotation": 270, "texture": "#0"},
				"down": {"uv": [9, 0, 12, 4], "rotation": 270, "texture": "#0"}
			}
		},
		{
			"from": [2, 7.6, -0.8],
			"to": [5, 7.6, 3.2],
			"rotation": {"angle": -22.5, "axis": "x", "origin": [3.6, 7.8, 2.7]},
			"faces": {
				"north": {"uv": [0, 0, 1, 0], "texture": "#0"},
				"east": {"uv": [0, 0, 1, 0], "texture": "#0"},
				"south": {"uv": [0, 0, 1, 0], "texture": "#0"},
				"west": {"uv": [0, 0, 1, 0], "texture": "#0"},
				"up": {"uv": [9, 0, 12, 4], "rotation": 180, "texture": "#0"},
				"down": {"uv": [9, 0, 12, 4], "texture": "#0"}
			}
		},
		{
			"from": [2, 7.6, 1.2],
			"to": [5, 7.6, 3.2],
			"rotation": {"angle": 22.5, "axis": "x", "origin": [3.6, 7.8, 2.7]},
			"faces": {
				"north": {"uv": [0, 0, 1, 0], "texture": "#0"},
				"east": {"uv": [0, 0, 1, 0], "texture": "#0"},
				"south": {"uv": [0, 0, 1, 0], "texture": "#0"},
				"west": {"uv": [0, 0, 1, 0], "texture": "#0"},
				"up": {"uv": [9, 4, 12, 6], "rotation": 180, "texture": "#0"},
				"down": {"uv": [9, 4, 12, 6], "texture": "#0"}
			}
		},
		{
			"from": [2.2, 7.6, 3.8],
			"to": [5.2, 7.6, 5.8],
			"rotation": {"angle": -22.5, "axis": "x", "origin": [3.6, 7.8, 4.3]},
			"faces": {
				"north": {"uv": [0, 0, 1, 0], "texture": "#0"},
				"east": {"uv": [0, 0, 1, 0], "texture": "#0"},
				"south": {"uv": [0, 0, 1, 0], "texture": "#0"},
				"west": {"uv": [0, 0, 1, 0], "texture": "#0"},
				"up": {"uv": [9, 4, 12, 6], "texture": "#0"},
				"down": {"uv": [9, 4, 12, 6], "rotation": 180, "texture": "#0"}
			}
		},
		{
			"from": [4, 7.6, 1.7],
			"to": [6, 7.6, 4.7],
			"rotation": {"angle": 22.5, "axis": "z", "origin": [4.5, 7.8, 3.3]},
			"faces": {
				"north": {"uv": [0, 0, 1, 0], "texture": "#0"},
				"east": {"uv": [0, 0, 1, 0], "texture": "#0"},
				"south": {"uv": [0, 0, 1, 0], "texture": "#0"},
				"west": {"uv": [0, 0, 1, 0], "texture": "#0"},
				"up": {"uv": [9, 4, 12, 6], "rotation": 270, "texture": "#0"},
				"down": {"uv": [9, 4, 12, 6], "rotation": 270, "texture": "#0"}
			}
		},
		{
			"from": [1.2, 7.6, 1.9],
			"to": [3.2, 7.6, 4.9],
			"rotation": {"angle": -22.5, "axis": "z", "origin": [2.7, 7.8, 3.3]},
			"faces": {
				"north": {"uv": [0, 0, 1, 0], "texture": "#0"},
				"east": {"uv": [0, 0, 1, 0], "texture": "#0"},
				"south": {"uv": [0, 0, 1, 0], "texture": "#0"},
				"west": {"uv": [0, 0, 1, 0], "texture": "#0"},
				"up": {"uv": [9, 4, 12, 6], "rotation": 90, "texture": "#0"},
				"down": {"uv": [9, 4, 12, 6], "rotation": 90, "texture": "#0"}
			}
		},
		{
			"from": [2, 7.6, 3.8],
			"to": [5, 7.6, 7.8],
			"rotation": {"angle": 22.5, "axis": "x", "origin": [3.6, 7.8, 4.3]},
			"faces": {
				"north": {"uv": [0, 0, 1, 0], "texture": "#0"},
				"east": {"uv": [0, 0, 1, 0], "texture": "#0"},
				"south": {"uv": [0, 0, 1, 0], "texture": "#0"},
				"west": {"uv": [0, 0, 1, 0], "texture": "#0"},
				"up": {"uv": [9, 0, 12, 4], "texture": "#0"},
				"down": {"uv": [9, 0, 12, 4], "rotation": 180, "texture": "#0"}
			}
		},
		{
			"from": [-0.8, 7.7, 2],
			"to": [3.2, 7.7, 5],
			"rotation": {"angle": 22.5, "axis": "z", "origin": [2.8, 7.9, 3.5]},
			"faces": {
				"north": {"uv": [0, 0, 1, 0], "texture": "#0"},
				"east": {"uv": [0, 0, 1, 0], "texture": "#0"},
				"south": {"uv": [0, 0, 1, 0], "texture": "#0"},
				"west": {"uv": [0, 0, 1, 0], "texture": "#0"},
				"up": {"uv": [9, 0, 12, 4], "rotation": 90, "texture": "#0"},
				"down": {"uv": [9, 0, 12, 4], "rotation": 90, "texture": "#0"}
			}
		},
		{
			"from": [3.68787, 7.62929, 2],
			"to": [7.68787, 7.62929, 5],
			"rotation": {"angle": -22.5, "axis": "z", "origin": [4.18787, 7.62929, 3.5]},
			"faces": {
				"north": {"uv": [0, 0, 1, 0], "texture": "#0"},
				"east": {"uv": [0, 0, 1, 0], "texture": "#0"},
				"south": {"uv": [0, 0, 1, 0], "texture": "#0"},
				"west": {"uv": [0, 0, 1, 0], "texture": "#0"},
				"up": {"uv": [9, 0, 12, 4], "rotation": 270, "texture": "#0"},
				"down": {"uv": [9, 0, 12, 4], "rotation": 270, "texture": "#0"}
			}
		},
		{
			"name": "beetroot",
			"from": [2, 1, 2],
			"to": [5, 2, 5],
			"rotation": {"angle": 0, "axis": "y", "origin": [11, 9, 11]},
			"faces": {
				"north": {"uv": [1, 5, 4, 6], "texture": "#0"},
				"east": {"uv": [2, 4, 5, 5], "texture": "#0"},
				"south": {"uv": [2, 6, 5, 7], "texture": "#0"},
				"west": {"uv": [2, 4, 5, 5], "texture": "#0"},
				"up": {"uv": [3, 6, 6, 9], "texture": "#0"},
				"down": {"uv": [0, 0, 3, 3], "texture": "#0"}
			}
		},
		{
			"name": "beetroot",
			"from": [2, -2, 5],
			"to": [5, 1, 6],
			"rotation": {"angle": 0, "axis": "y", "origin": [11, 8, 12]},
			"faces": {
				"north": {"uv": [0, 0, 3, 3], "texture": "#0"},
				"east": {"uv": [6, 6, 7, 9], "texture": "#0"},
				"south": {"uv": [4, 6, 7, 9], "texture": "#0"},
				"west": {"uv": [6, 6, 7, 9], "texture": "#0"},
				"up": {"uv": [4, 6, 7, 7], "texture": "#0"},
				"down": {"uv": [4, 9, 7, 10], "texture": "#0"}
			}
		},
		{
			"name": "beetroot",
			"from": [2, -2, 1],
			"to": [5, 1, 2],
			"rotation": {"angle": 0, "axis": "y", "origin": [11, 8, 8]},
			"faces": {
				"north": {"uv": [3, 7, 6, 10], "texture": "#0"},
				"east": {"uv": [1, 6, 2, 9], "texture": "#0"},
				"south": {"uv": [4, 6, 7, 9], "texture": "#0"},
				"west": {"uv": [2, 6, 3, 9], "texture": "#0"},
				"up": {"uv": [1, 9, 4, 10], "texture": "#0"},
				"down": {"uv": [3, 9, 6, 10], "texture": "#0"}
			}
		},
		{
			"name": "beetroot",
			"from": [5, -2, 2],
			"to": [6, 1, 5],
			"rotation": {"angle": 0, "axis": "y", "origin": [12, 8, 9]},
			"faces": {
				"north": {"uv": [0, 8, 1, 11], "texture": "#0"},
				"east": {"uv": [2, 7, 5, 10], "texture": "#0"},
				"south": {"uv": [1, 6, 2, 9], "texture": "#0"},
				"west": {"uv": [4, 6, 7, 9], "texture": "#0"},
				"up": {"uv": [1, 5, 2, 8], "texture": "#0"},
				"down": {"uv": [6, 6, 7, 9], "texture": "#0"}
			}
		},
		{
			"name": "beetroot",
			"from": [1, -2, 2],
			"to": [2, 1, 5],
			"rotation": {"angle": 0, "axis": "y", "origin": [8, 8, 9]},
			"faces": {
				"north": {"uv": [1, 5, 2, 8], "texture": "#0"},
				"east": {"uv": [2, 7, 5, 10], "texture": "#0"},
				"south": {"uv": [5, 5, 6, 8], "texture": "#0"},
				"west": {"uv": [3, 7, 6, 10], "texture": "#0"},
				"up": {"uv": [5, 6, 6, 9], "texture": "#0"},
				"down": {"uv": [4, 7, 5, 10], "texture": "#0"}
			}
		},
		{
			"from": [3.5, 2, 12],
			"to": [3.5, 8, 13],
			"rotation": {"angle": 0, "axis": "y", "origin": [11.5, 11, 20]},
			"faces": {
				"north": {"uv": [0, 0, 0, 4], "texture": "#0"},
				"east": {"uv": [14, 10, 15, 16], "texture": "#0"},
				"south": {"uv": [0, 0, 0, 4], "texture": "#0"},
				"west": {"uv": [13, 10, 14, 16], "texture": "#0"},
				"up": {"uv": [0, 0, 0, 1], "texture": "#0"},
				"down": {"uv": [0, 0, 0, 1], "texture": "#0"}
			}
		},
		{
			"from": [3, 2, 12.5],
			"to": [4, 8, 12.5],
			"rotation": {"angle": 0, "axis": "y", "origin": [11, 11, 19.5]},
			"faces": {
				"north": {"uv": [12, 10, 13, 16], "texture": "#0"},
				"east": {"uv": [0, 0, 0, 4], "texture": "#0"},
				"south": {"uv": [12, 10, 13, 16], "texture": "#0"},
				"west": {"uv": [0, 0, 0, 4], "texture": "#0"},
				"up": {"uv": [0, 0, 1, 0], "texture": "#0"},
				"down": {"uv": [0, 0, 1, 0], "texture": "#0"}
			}
		},
		{
			"from": [3, 1.7, 11.5],
			"to": [4, 5.7, 11.5],
			"rotation": {"angle": -22.5, "axis": "x", "origin": [3.5, 3.2, 12]},
			"faces": {
				"north": {"uv": [3, 9, 7, 10], "rotation": 270, "texture": "#0"},
				"east": {"uv": [0, 0, 2, 0], "rotation": 270, "texture": "#0"},
				"south": {"uv": [0, 10, 4, 11], "rotation": 90, "texture": "#0"},
				"west": {"uv": [0, 0, 2, 0], "rotation": 90, "texture": "#0"},
				"up": {"uv": [0, 0, 1, 0], "rotation": 180, "texture": "#0"},
				"down": {"uv": [0, 0, 1, 0], "texture": "#0"}
			}
		},
		{
			"from": [3, 1.7, 13.5],
			"to": [4, 5.7, 13.5],
			"rotation": {"angle": 22.5, "axis": "x", "origin": [3.5, 3.2, 13]},
			"faces": {
				"north": {"uv": [1, 10, 5, 11], "rotation": 90, "texture": "#0"},
				"east": {"uv": [0, 0, 2, 0], "rotation": 90, "texture": "#0"},
				"south": {"uv": [0, 10, 4, 11], "rotation": 90, "texture": "#0"},
				"west": {"uv": [0, 0, 2, 0], "rotation": 270, "texture": "#0"},
				"up": {"uv": [0, 0, 1, 0], "texture": "#0"},
				"down": {"uv": [0, 0, 1, 0], "rotation": 180, "texture": "#0"}
			}
		},
		{
			"from": [4.5, 1.7, 11.9],
			"to": [4.5, 5.7, 12.9],
			"rotation": {"angle": -22.5, "axis": "z", "origin": [4, 3.2, 12.4]},
			"faces": {
				"north": {"uv": [0, 0, 2, 0], "rotation": 90, "texture": "#0"},
				"east": {"uv": [2, 10, 6, 11], "rotation": 270, "texture": "#0"},
				"south": {"uv": [0, 0, 2, 0], "rotation": 270, "texture": "#0"},
				"west": {"uv": [0, 10, 4, 11], "rotation": 90, "texture": "#0"},
				"up": {"uv": [0, 0, 1, 0], "rotation": 270, "texture": "#0"},
				"down": {"uv": [0, 0, 1, 0], "rotation": 270, "texture": "#0"}
			}
		},
		{
			"from": [2.4, 1.7, 11.9],
			"to": [2.4, 5.7, 12.9],
			"rotation": {"angle": 22.5, "axis": "z", "origin": [2.9, 3.2, 12.4]},
			"faces": {
				"north": {"uv": [0, 0, 2, 0], "rotation": 270, "texture": "#0"},
				"east": {"uv": [0, 6, 4, 7], "rotation": 90, "texture": "#0"},
				"south": {"uv": [0, 0, 2, 0], "rotation": 90, "texture": "#0"},
				"west": {"uv": [3, 4, 7, 5], "rotation": 90, "texture": "#0"},
				"up": {"uv": [0, 0, 1, 0], "rotation": 90, "texture": "#0"},
				"down": {"uv": [0, 0, 1, 0], "rotation": 90, "texture": "#0"}
			}
		},
		{
			"from": [3, 6, 12],
			"to": [4, 6, 13],
			"rotation": {"angle": 0, "axis": "z", "origin": [3.6, 6.2, 12.5]},
			"faces": {
				"north": {"uv": [0, 0, 1, 0], "texture": "#0"},
				"east": {"uv": [0, 0, 1, 0], "texture": "#0"},
				"south": {"uv": [0, 0, 1, 0], "texture": "#0"},
				"west": {"uv": [0, 0, 1, 0], "texture": "#0"},
				"up": {"uv": [6, 12, 7, 13], "texture": "#0"},
				"down": {"uv": [6, 15, 7, 16], "texture": "#0"}
			}
		},
		{
			"from": [2, 4.7, 6.8],
			"to": [5, 4.7, 10.8],
			"rotation": {"angle": -22.5, "axis": "x", "origin": [3.6, 4.9, 10.3]},
			"faces": {
				"north": {"uv": [0, 0, 1, 0], "texture": "#0"},
				"east": {"uv": [0, 0, 1, 0], "texture": "#0"},
				"south": {"uv": [0, 0, 1, 0], "texture": "#0"},
				"west": {"uv": [0, 0, 1, 0], "texture": "#0"},
				"up": {"uv": [9, 0, 12, 4], "rotation": 180, "texture": "#0"},
				"down": {"uv": [9, 0, 12, 4], "texture": "#0"}
			}
		},
		{
			"from": [2, 4.7, 14.2],
			"to": [5, 4.7, 18.2],
			"rotation": {"angle": 22.5, "axis": "x", "origin": [3.6, 4.9, 14.7]},
			"faces": {
				"north": {"uv": [0, 0, 1, 0], "texture": "#0"},
				"east": {"uv": [0, 0, 1, 0], "texture": "#0"},
				"south": {"uv": [0, 0, 1, 0], "texture": "#0"},
				"west": {"uv": [0, 0, 1, 0], "texture": "#0"},
				"up": {"uv": [9, 0, 12, 4], "texture": "#0"},
				"down": {"uv": [9, 0, 12, 4], "rotation": 180, "texture": "#0"}
			}
		},
		{
			"from": [2, 2.7, 13.1],
			"to": [5, 2.7, 15.1],
			"rotation": {"angle": -22.5, "axis": "x", "origin": [3.6, 2.9, 13.6]},
			"faces": {
				"north": {"uv": [0, 0, 1, 0], "texture": "#0"},
				"east": {"uv": [0, 0, 1, 0], "texture": "#0"},
				"south": {"uv": [0, 0, 1, 0], "texture": "#0"},
				"west": {"uv": [0, 0, 1, 0], "texture": "#0"},
				"up": {"uv": [9, 6, 12, 8], "rotation": 180, "texture": "#0"},
				"down": {"uv": [9, 6, 12, 8], "texture": "#0"}
			}
		},
		{
			"from": [4.1, 2.7, 10.9],
			"to": [6.1, 2.7, 13.9],
			"rotation": {"angle": 22.5, "axis": "z", "origin": [4.6, 2.9, 12.3]},
			"faces": {
				"north": {"uv": [0, 0, 1, 0], "texture": "#0"},
				"east": {"uv": [0, 0, 1, 0], "texture": "#0"},
				"south": {"uv": [0, 0, 1, 0], "texture": "#0"},
				"west": {"uv": [0, 0, 1, 0], "texture": "#0"},
				"up": {"uv": [9, 6, 12, 8], "rotation": 90, "texture": "#0"},
				"down": {"uv": [9, 6, 12, 8], "rotation": 90, "texture": "#0"}
			}
		},
		{
			"from": [2, 2.7, 9.9],
			"to": [5, 2.7, 11.9],
			"rotation": {"angle": 22.5, "axis": "x", "origin": [3.4, 2.9, 11.4]},
			"faces": {
				"north": {"uv": [0, 0, 1, 0], "texture": "#0"},
				"east": {"uv": [0, 0, 1, 0], "texture": "#0"},
				"south": {"uv": [0, 0, 1, 0], "texture": "#0"},
				"west": {"uv": [0, 0, 1, 0], "texture": "#0"},
				"up": {"uv": [9, 6, 12, 8], "texture": "#0"},
				"down": {"uv": [9, 6, 12, 8], "rotation": 180, "texture": "#0"}
			}
		},
		{
			"from": [0.8, 2.7, 10.9],
			"to": [2.8, 2.7, 13.9],
			"rotation": {"angle": -22.5, "axis": "z", "origin": [2.3, 2.9, 12.5]},
			"faces": {
				"north": {"uv": [0, 0, 1, 0], "texture": "#0"},
				"east": {"uv": [0, 0, 1, 0], "texture": "#0"},
				"south": {"uv": [0, 0, 1, 0], "texture": "#0"},
				"west": {"uv": [0, 0, 1, 0], "texture": "#0"},
				"up": {"uv": [9, 6, 12, 8], "rotation": 270, "texture": "#0"},
				"down": {"uv": [9, 6, 12, 8], "rotation": 270, "texture": "#0"}
			}
		},
		{
			"from": [-2.4, 4.8, 11],
			"to": [1.6, 4.8, 14],
			"rotation": {"angle": 22.5, "axis": "z", "origin": [1.2, 5, 12.5]},
			"faces": {
				"north": {"uv": [0, 0, 1, 0], "texture": "#0"},
				"east": {"uv": [0, 0, 1, 0], "texture": "#0"},
				"south": {"uv": [0, 0, 1, 0], "texture": "#0"},
				"west": {"uv": [0, 0, 1, 0], "texture": "#0"},
				"up": {"uv": [9, 0, 12, 4], "rotation": 90, "texture": "#0"},
				"down": {"uv": [9, 0, 12, 4], "rotation": 90, "texture": "#0"}
			}
		},
		{
			"from": [4.98787, 4.82929, 11],
			"to": [8.98787, 4.82929, 14],
			"rotation": {"angle": -22.5, "axis": "z", "origin": [5.48787, 4.82929, 12.5]},
			"faces": {
				"north": {"uv": [0, 0, 1, 0], "texture": "#0"},
				"east": {"uv": [0, 0, 1, 0], "texture": "#0"},
				"south": {"uv": [0, 0, 1, 0], "texture": "#0"},
				"west": {"uv": [0, 0, 1, 0], "texture": "#0"},
				"up": {"uv": [9, 0, 12, 4], "rotation": 270, "texture": "#0"},
				"down": {"uv": [9, 0, 12, 4], "rotation": 270, "texture": "#0"}
			}
		},
		{
			"from": [2, 7.6, 8.2],
			"to": [5, 7.6, 12.2],
			"rotation": {"angle": -22.5, "axis": "x", "origin": [3.6, 7.8, 11.7]},
			"faces": {
				"north": {"uv": [0, 0, 1, 0], "texture": "#0"},
				"east": {"uv": [0, 0, 1, 0], "texture": "#0"},
				"south": {"uv": [0, 0, 1, 0], "texture": "#0"},
				"west": {"uv": [0, 0, 1, 0], "texture": "#0"},
				"up": {"uv": [9, 0, 12, 4], "rotation": 180, "texture": "#0"},
				"down": {"uv": [9, 0, 12, 4], "texture": "#0"}
			}
		},
		{
			"from": [2, 7.6, 10.2],
			"to": [5, 7.6, 12.2],
			"rotation": {"angle": 22.5, "axis": "x", "origin": [3.6, 7.8, 11.7]},
			"faces": {
				"north": {"uv": [0, 0, 1, 0], "texture": "#0"},
				"east": {"uv": [0, 0, 1, 0], "texture": "#0"},
				"south": {"uv": [0, 0, 1, 0], "texture": "#0"},
				"west": {"uv": [0, 0, 1, 0], "texture": "#0"},
				"up": {"uv": [9, 4, 12, 6], "rotation": 180, "texture": "#0"},
				"down": {"uv": [9, 4, 12, 6], "texture": "#0"}
			}
		},
		{
			"from": [2.2, 7.6, 12.8],
			"to": [5.2, 7.6, 14.8],
			"rotation": {"angle": -22.5, "axis": "x", "origin": [3.6, 7.8, 13.3]},
			"faces": {
				"north": {"uv": [0, 0, 1, 0], "texture": "#0"},
				"east": {"uv": [0, 0, 1, 0], "texture": "#0"},
				"south": {"uv": [0, 0, 1, 0], "texture": "#0"},
				"west": {"uv": [0, 0, 1, 0], "texture": "#0"},
				"up": {"uv": [9, 4, 12, 6], "texture": "#0"},
				"down": {"uv": [9, 4, 12, 6], "rotation": 180, "texture": "#0"}
			}
		},
		{
			"from": [4, 7.6, 10.7],
			"to": [6, 7.6, 13.7],
			"rotation": {"angle": 22.5, "axis": "z", "origin": [4.5, 7.8, 12.3]},
			"faces": {
				"north": {"uv": [0, 0, 1, 0], "texture": "#0"},
				"east": {"uv": [0, 0, 1, 0], "texture": "#0"},
				"south": {"uv": [0, 0, 1, 0], "texture": "#0"},
				"west": {"uv": [0, 0, 1, 0], "texture": "#0"},
				"up": {"uv": [9, 4, 12, 6], "rotation": 270, "texture": "#0"},
				"down": {"uv": [9, 4, 12, 6], "rotation": 270, "texture": "#0"}
			}
		},
		{
			"from": [1.2, 7.6, 10.9],
			"to": [3.2, 7.6, 13.9],
			"rotation": {"angle": -22.5, "axis": "z", "origin": [2.7, 7.8, 12.3]},
			"faces": {
				"north": {"uv": [0, 0, 1, 0], "texture": "#0"},
				"east": {"uv": [0, 0, 1, 0], "texture": "#0"},
				"south": {"uv": [0, 0, 1, 0], "texture": "#0"},
				"west": {"uv": [0, 0, 1, 0], "texture": "#0"},
				"up": {"uv": [9, 4, 12, 6], "rotation": 90, "texture": "#0"},
				"down": {"uv": [9, 4, 12, 6], "rotation": 90, "texture": "#0"}
			}
		},
		{
			"from": [2, 7.6, 12.8],
			"to": [5, 7.6, 16.8],
			"rotation": {"angle": 22.5, "axis": "x", "origin": [3.6, 7.8, 13.3]},
			"faces": {
				"north": {"uv": [0, 0, 1, 0], "texture": "#0"},
				"east": {"uv": [0, 0, 1, 0], "texture": "#0"},
				"south": {"uv": [0, 0, 1, 0], "texture": "#0"},
				"west": {"uv": [0, 0, 1, 0], "texture": "#0"},
				"up": {"uv": [9, 0, 12, 4], "texture": "#0"},
				"down": {"uv": [9, 0, 12, 4], "rotation": 180, "texture": "#0"}
			}
		},
		{
			"from": [-0.8, 7.7, 11],
			"to": [3.2, 7.7, 14],
			"rotation": {"angle": 22.5, "axis": "z", "origin": [2.8, 7.9, 12.5]},
			"faces": {
				"north": {"uv": [0, 0, 1, 0], "texture": "#0"},
				"east": {"uv": [0, 0, 1, 0], "texture": "#0"},
				"south": {"uv": [0, 0, 1, 0], "texture": "#0"},
				"west": {"uv": [0, 0, 1, 0], "texture": "#0"},
				"up": {"uv": [9, 0, 12, 4], "rotation": 90, "texture": "#0"},
				"down": {"uv": [9, 0, 12, 4], "rotation": 90, "texture": "#0"}
			}
		},
		{
			"from": [3.68787, 7.62929, 11],
			"to": [7.68787, 7.62929, 14],
			"rotation": {"angle": -22.5, "axis": "z", "origin": [4.18787, 7.62929, 12.5]},
			"faces": {
				"north": {"uv": [0, 0, 1, 0], "texture": "#0"},
				"east": {"uv": [0, 0, 1, 0], "texture": "#0"},
				"south": {"uv": [0, 0, 1, 0], "texture": "#0"},
				"west": {"uv": [0, 0, 1, 0], "texture": "#0"},
				"up": {"uv": [9, 0, 12, 4], "rotation": 270, "texture": "#0"},
				"down": {"uv": [9, 0, 12, 4], "rotation": 270, "texture": "#0"}
			}
		},
		{
			"name": "beetroot",
			"from": [2, 1, 11],
			"to": [5, 2, 14],
			"rotation": {"angle": 0, "axis": "y", "origin": [11, 9, 20]},
			"faces": {
				"north": {"uv": [1, 5, 4, 6], "texture": "#0"},
				"east": {"uv": [2, 4, 5, 5], "texture": "#0"},
				"south": {"uv": [2, 6, 5, 7], "texture": "#0"},
				"west": {"uv": [2, 4, 5, 5], "texture": "#0"},
				"up": {"uv": [3, 6, 6, 9], "texture": "#0"},
				"down": {"uv": [0, 0, 3, 3], "texture": "#0"}
			}
		},
		{
			"name": "beetroot",
			"from": [2, -2, 14],
			"to": [5, 1, 15],
			"rotation": {"angle": 0, "axis": "y", "origin": [11, 8, 21]},
			"faces": {
				"north": {"uv": [0, 0, 3, 3], "texture": "#0"},
				"east": {"uv": [6, 6, 7, 9], "texture": "#0"},
				"south": {"uv": [4, 6, 7, 9], "texture": "#0"},
				"west": {"uv": [6, 6, 7, 9], "texture": "#0"},
				"up": {"uv": [4, 6, 7, 7], "texture": "#0"},
				"down": {"uv": [4, 9, 7, 10], "texture": "#0"}
			}
		},
		{
			"name": "beetroot",
			"from": [2, -2, 10],
			"to": [5, 1, 11],
			"rotation": {"angle": 0, "axis": "y", "origin": [11, 8, 17]},
			"faces": {
				"north": {"uv": [3, 7, 6, 10], "texture": "#0"},
				"east": {"uv": [1, 6, 2, 9], "texture": "#0"},
				"south": {"uv": [4, 6, 7, 9], "texture": "#0"},
				"west": {"uv": [2, 6, 3, 9], "texture": "#0"},
				"up": {"uv": [1, 9, 4, 10], "texture": "#0"},
				"down": {"uv": [3, 9, 6, 10], "texture": "#0"}
			}
		},
		{
			"name": "beetroot",
			"from": [5, -2, 11],
			"to": [6, 1, 14],
			"rotation": {"angle": 0, "axis": "y", "origin": [12, 8, 18]},
			"faces": {
				"north": {"uv": [0, 8, 1, 11], "texture": "#0"},
				"east": {"uv": [2, 7, 5, 10], "texture": "#0"},
				"south": {"uv": [1, 6, 2, 9], "texture": "#0"},
				"west": {"uv": [4, 6, 7, 9], "texture": "#0"},
				"up": {"uv": [1, 5, 2, 8], "texture": "#0"},
				"down": {"uv": [6, 6, 7, 9], "texture": "#0"}
			}
		},
		{
			"name": "beetroot",
			"from": [1, -2, 11],
			"to": [2, 1, 14],
			"rotation": {"angle": 0, "axis": "y", "origin": [8, 8, 18]},
			"faces": {
				"north": {"uv": [1, 5, 2, 8], "texture": "#0"},
				"east": {"uv": [2, 7, 5, 10], "texture": "#0"},
				"south": {"uv": [5, 5, 6, 8], "texture": "#0"},
				"west": {"uv": [3, 7, 6, 10], "texture": "#0"},
				"up": {"uv": [5, 6, 6, 9], "texture": "#0"},
				"down": {"uv": [4, 7, 5, 10], "texture": "#0"}
			}
		},
		{
			"from": [12.5, 2, 12],
			"to": [12.5, 8, 13],
			"rotation": {"angle": 0, "axis": "y", "origin": [20.5, 11, 20]},
			"faces": {
				"north": {"uv": [0, 0, 0, 4], "texture": "#0"},
				"east": {"uv": [14, 10, 15, 16], "texture": "#0"},
				"south": {"uv": [0, 0, 0, 4], "texture": "#0"},
				"west": {"uv": [13, 10, 14, 16], "texture": "#0"},
				"up": {"uv": [0, 0, 0, 1], "texture": "#0"},
				"down": {"uv": [0, 0, 0, 1], "texture": "#0"}
			}
		},
		{
			"from": [12, 2, 12.5],
			"to": [13, 8, 12.5],
			"rotation": {"angle": 0, "axis": "y", "origin": [20, 11, 19.5]},
			"faces": {
				"north": {"uv": [12, 10, 13, 16], "texture": "#0"},
				"east": {"uv": [0, 0, 0, 4], "texture": "#0"},
				"south": {"uv": [12, 10, 13, 16], "texture": "#0"},
				"west": {"uv": [0, 0, 0, 4], "texture": "#0"},
				"up": {"uv": [0, 0, 1, 0], "texture": "#0"},
				"down": {"uv": [0, 0, 1, 0], "texture": "#0"}
			}
		},
		{
			"from": [12, 1.7, 11.5],
			"to": [13, 5.7, 11.5],
			"rotation": {"angle": -22.5, "axis": "x", "origin": [12.5, 3.2, 12]},
			"faces": {
				"north": {"uv": [3, 9, 7, 10], "rotation": 270, "texture": "#0"},
				"east": {"uv": [0, 0, 2, 0], "rotation": 270, "texture": "#0"},
				"south": {"uv": [0, 10, 4, 11], "rotation": 90, "texture": "#0"},
				"west": {"uv": [0, 0, 2, 0], "rotation": 90, "texture": "#0"},
				"up": {"uv": [0, 0, 1, 0], "rotation": 180, "texture": "#0"},
				"down": {"uv": [0, 0, 1, 0], "texture": "#0"}
			}
		},
		{
			"from": [12, 1.7, 13.5],
			"to": [13, 5.7, 13.5],
			"rotation": {"angle": 22.5, "axis": "x", "origin": [12.5, 3.2, 13]},
			"faces": {
				"north": {"uv": [1, 10, 5, 11], "rotation": 90, "texture": "#0"},
				"east": {"uv": [0, 0, 2, 0], "rotation": 90, "texture": "#0"},
				"south": {"uv": [0, 10, 4, 11], "rotation": 90, "texture": "#0"},
				"west": {"uv": [0, 0, 2, 0], "rotation": 270, "texture": "#0"},
				"up": {"uv": [0, 0, 1, 0], "texture": "#0"},
				"down": {"uv": [0, 0, 1, 0], "rotation": 180, "texture": "#0"}
			}
		},
		{
			"from": [13.5, 1.7, 11.9],
			"to": [13.5, 5.7, 12.9],
			"rotation": {"angle": -22.5, "axis": "z", "origin": [13, 3.2, 12.4]},
			"faces": {
				"north": {"uv": [0, 0, 2, 0], "rotation": 90, "texture": "#0"},
				"east": {"uv": [2, 10, 6, 11], "rotation": 270, "texture": "#0"},
				"south": {"uv": [0, 0, 2, 0], "rotation": 270, "texture": "#0"},
				"west": {"uv": [0, 10, 4, 11], "rotation": 90, "texture": "#0"},
				"up": {"uv": [0, 0, 1, 0], "rotation": 270, "texture": "#0"},
				"down": {"uv": [0, 0, 1, 0], "rotation": 270, "texture": "#0"}
			}
		},
		{
			"from": [11.4, 1.7, 11.9],
			"to": [11.4, 5.7, 12.9],
			"rotation": {"angle": 22.5, "axis": "z", "origin": [11.9, 3.2, 12.4]},
			"faces": {
				"north": {"uv": [0, 0, 2, 0], "rotation": 270, "texture": "#0"},
				"east": {"uv": [0, 6, 4, 7], "rotation": 90, "texture": "#0"},
				"south": {"uv": [0, 0, 2, 0], "rotation": 90, "texture": "#0"},
				"west": {"uv": [3, 4, 7, 5], "rotation": 90, "texture": "#0"},
				"up": {"uv": [0, 0, 1, 0], "rotation": 90, "texture": "#0"},
				"down": {"uv": [0, 0, 1, 0], "rotation": 90, "texture": "#0"}
			}
		},
		{
			"from": [12, 6, 12],
			"to": [13, 6, 13],
			"rotation": {"angle": 0, "axis": "z", "origin": [12.6, 6.2, 12.5]},
			"faces": {
				"north": {"uv": [0, 0, 1, 0], "texture": "#0"},
				"east": {"uv": [0, 0, 1, 0], "texture": "#0"},
				"south": {"uv": [0, 0, 1, 0], "texture": "#0"},
				"west": {"uv": [0, 0, 1, 0], "texture": "#0"},
				"up": {"uv": [6, 12, 7, 13], "texture": "#0"},
				"down": {"uv": [6, 15, 7, 16], "texture": "#0"}
			}
		},
		{
			"from": [11, 4.7, 6.8],
			"to": [14, 4.7, 10.8],
			"rotation": {"angle": -22.5, "axis": "x", "origin": [12.6, 4.9, 10.3]},
			"faces": {
				"north": {"uv": [0, 0, 1, 0], "texture": "#0"},
				"east": {"uv": [0, 0, 1, 0], "texture": "#0"},
				"south": {"uv": [0, 0, 1, 0], "texture": "#0"},
				"west": {"uv": [0, 0, 1, 0], "texture": "#0"},
				"up": {"uv": [9, 0, 12, 4], "rotation": 180, "texture": "#0"},
				"down": {"uv": [9, 0, 12, 4], "texture": "#0"}
			}
		},
		{
			"from": [11, 4.7, 14.2],
			"to": [14, 4.7, 18.2],
			"rotation": {"angle": 22.5, "axis": "x", "origin": [12.6, 4.9, 14.7]},
			"faces": {
				"north": {"uv": [0, 0, 1, 0], "texture": "#0"},
				"east": {"uv": [0, 0, 1, 0], "texture": "#0"},
				"south": {"uv": [0, 0, 1, 0], "texture": "#0"},
				"west": {"uv": [0, 0, 1, 0], "texture": "#0"},
				"up": {"uv": [9, 0, 12, 4], "texture": "#0"},
				"down": {"uv": [9, 0, 12, 4], "rotation": 180, "texture": "#0"}
			}
		},
		{
			"from": [11, 2.7, 13.1],
			"to": [14, 2.7, 15.1],
			"rotation": {"angle": -22.5, "axis": "x", "origin": [12.6, 2.9, 13.6]},
			"faces": {
				"north": {"uv": [0, 0, 1, 0], "texture": "#0"},
				"east": {"uv": [0, 0, 1, 0], "texture": "#0"},
				"south": {"uv": [0, 0, 1, 0], "texture": "#0"},
				"west": {"uv": [0, 0, 1, 0], "texture": "#0"},
				"up": {"uv": [9, 6, 12, 8], "rotation": 180, "texture": "#0"},
				"down": {"uv": [9, 6, 12, 8], "texture": "#0"}
			}
		},
		{
			"from": [13.1, 2.7, 10.9],
			"to": [15.1, 2.7, 13.9],
			"rotation": {"angle": 22.5, "axis": "z", "origin": [13.6, 2.9, 12.3]},
			"faces": {
				"north": {"uv": [0, 0, 1, 0], "texture": "#0"},
				"east": {"uv": [0, 0, 1, 0], "texture": "#0"},
				"south": {"uv": [0, 0, 1, 0], "texture": "#0"},
				"west": {"uv": [0, 0, 1, 0], "texture": "#0"},
				"up": {"uv": [9, 6, 12, 8], "rotation": 90, "texture": "#0"},
				"down": {"uv": [9, 6, 12, 8], "rotation": 90, "texture": "#0"}
			}
		},
		{
			"from": [11, 2.7, 9.9],
			"to": [14, 2.7, 11.9],
			"rotation": {"angle": 22.5, "axis": "x", "origin": [12.4, 2.9, 11.4]},
			"faces": {
				"north": {"uv": [0, 0, 1, 0], "texture": "#0"},
				"east": {"uv": [0, 0, 1, 0], "texture": "#0"},
				"south": {"uv": [0, 0, 1, 0], "texture": "#0"},
				"west": {"uv": [0, 0, 1, 0], "texture": "#0"},
				"up": {"uv": [9, 6, 12, 8], "texture": "#0"},
				"down": {"uv": [9, 6, 12, 8], "rotation": 180, "texture": "#0"}
			}
		},
		{
			"from": [9.8, 2.7, 10.9],
			"to": [11.8, 2.7, 13.9],
			"rotation": {"angle": -22.5, "axis": "z", "origin": [11.3, 2.9, 12.5]},
			"faces": {
				"north": {"uv": [0, 0, 1, 0], "texture": "#0"},
				"east": {"uv": [0, 0, 1, 0], "texture": "#0"},
				"south": {"uv": [0, 0, 1, 0], "texture": "#0"},
				"west": {"uv": [0, 0, 1, 0], "texture": "#0"},
				"up": {"uv": [9, 6, 12, 8], "rotation": 270, "texture": "#0"},
				"down": {"uv": [9, 6, 12, 8], "rotation": 270, "texture": "#0"}
			}
		},
		{
			"from": [6.6, 4.8, 11],
			"to": [10.6, 4.8, 14],
			"rotation": {"angle": 22.5, "axis": "z", "origin": [10.2, 5, 12.5]},
			"faces": {
				"north": {"uv": [0, 0, 1, 0], "texture": "#0"},
				"east": {"uv": [0, 0, 1, 0], "texture": "#0"},
				"south": {"uv": [0, 0, 1, 0], "texture": "#0"},
				"west": {"uv": [0, 0, 1, 0], "texture": "#0"},
				"up": {"uv": [9, 0, 12, 4], "rotation": 90, "texture": "#0"},
				"down": {"uv": [9, 0, 12, 4], "rotation": 90, "texture": "#0"}
			}
		},
		{
			"from": [13.98787, 4.82929, 11],
			"to": [17.98787, 4.82929, 14],
			"rotation": {"angle": -22.5, "axis": "z", "origin": [14.48787, 4.82929, 12.5]},
			"faces": {
				"north": {"uv": [0, 0, 1, 0], "texture": "#0"},
				"east": {"uv": [0, 0, 1, 0], "texture": "#0"},
				"south": {"uv": [0, 0, 1, 0], "texture": "#0"},
				"west": {"uv": [0, 0, 1, 0], "texture": "#0"},
				"up": {"uv": [9, 0, 12, 4], "rotation": 270, "texture": "#0"},
				"down": {"uv": [9, 0, 12, 4], "rotation": 270, "texture": "#0"}
			}
		},
		{
			"from": [11, 7.6, 8.2],
			"to": [14, 7.6, 12.2],
			"rotation": {"angle": -22.5, "axis": "x", "origin": [12.6, 7.8, 11.7]},
			"faces": {
				"north": {"uv": [0, 0, 1, 0], "texture": "#0"},
				"east": {"uv": [0, 0, 1, 0], "texture": "#0"},
				"south": {"uv": [0, 0, 1, 0], "texture": "#0"},
				"west": {"uv": [0, 0, 1, 0], "texture": "#0"},
				"up": {"uv": [9, 0, 12, 4], "rotation": 180, "texture": "#0"},
				"down": {"uv": [9, 0, 12, 4], "texture": "#0"}
			}
		},
		{
			"from": [11, 7.6, 10.2],
			"to": [14, 7.6, 12.2],
			"rotation": {"angle": 22.5, "axis": "x", "origin": [12.6, 7.8, 11.7]},
			"faces": {
				"north": {"uv": [0, 0, 1, 0], "texture": "#0"},
				"east": {"uv": [0, 0, 1, 0], "texture": "#0"},
				"south": {"uv": [0, 0, 1, 0], "texture": "#0"},
				"west": {"uv": [0, 0, 1, 0], "texture": "#0"},
				"up": {"uv": [9, 4, 12, 6], "rotation": 180, "texture": "#0"},
				"down": {"uv": [9, 4, 12, 6], "texture": "#0"}
			}
		},
		{
			"from": [11.2, 7.6, 12.8],
			"to": [14.2, 7.6, 14.8],
			"rotation": {"angle": -22.5, "axis": "x", "origin": [12.6, 7.8, 13.3]},
			"faces": {
				"north": {"uv": [0, 0, 1, 0], "texture": "#0"},
				"east": {"uv": [0, 0, 1, 0], "texture": "#0"},
				"south": {"uv": [0, 0, 1, 0], "texture": "#0"},
				"west": {"uv": [0, 0, 1, 0], "texture": "#0"},
				"up": {"uv": [9, 4, 12, 6], "texture": "#0"},
				"down": {"uv": [9, 4, 12, 6], "rotation": 180, "texture": "#0"}
			}
		},
		{
			"from": [13, 7.6, 10.7],
			"to": [15, 7.6, 13.7],
			"rotation": {"angle": 22.5, "axis": "z", "origin": [13.5, 7.8, 12.3]},
			"faces": {
				"north": {"uv": [0, 0, 1, 0], "texture": "#0"},
				"east": {"uv": [0, 0, 1, 0], "texture": "#0"},
				"south": {"uv": [0, 0, 1, 0], "texture": "#0"},
				"west": {"uv": [0, 0, 1, 0], "texture": "#0"},
				"up": {"uv": [9, 4, 12, 6], "rotation": 270, "texture": "#0"},
				"down": {"uv": [9, 4, 12, 6], "rotation": 270, "texture": "#0"}
			}
		},
		{
			"from": [10.2, 7.6, 10.9],
			"to": [12.2, 7.6, 13.9],
			"rotation": {"angle": -22.5, "axis": "z", "origin": [11.7, 7.8, 12.3]},
			"faces": {
				"north": {"uv": [0, 0, 1, 0], "texture": "#0"},
				"east": {"uv": [0, 0, 1, 0], "texture": "#0"},
				"south": {"uv": [0, 0, 1, 0], "texture": "#0"},
				"west": {"uv": [0, 0, 1, 0], "texture": "#0"},
				"up": {"uv": [9, 4, 12, 6], "rotation": 90, "texture": "#0"},
				"down": {"uv": [9, 4, 12, 6], "rotation": 90, "texture": "#0"}
			}
		},
		{
			"from": [11, 7.6, 12.8],
			"to": [14, 7.6, 16.8],
			"rotation": {"angle": 22.5, "axis": "x", "origin": [12.6, 7.8, 13.3]},
			"faces": {
				"north": {"uv": [0, 0, 1, 0], "texture": "#0"},
				"east": {"uv": [0, 0, 1, 0], "texture": "#0"},
				"south": {"uv": [0, 0, 1, 0], "texture": "#0"},
				"west": {"uv": [0, 0, 1, 0], "texture": "#0"},
				"up": {"uv": [9, 0, 12, 4], "texture": "#0"},
				"down": {"uv": [9, 0, 12, 4], "rotation": 180, "texture": "#0"}
			}
		},
		{
			"from": [8.2, 7.7, 11],
			"to": [12.2, 7.7, 14],
			"rotation": {"angle": 22.5, "axis": "z", "origin": [11.8, 7.9, 12.5]},
			"faces": {
				"north": {"uv": [0, 0, 1, 0], "texture": "#0"},
				"east": {"uv": [0, 0, 1, 0], "texture": "#0"},
				"south": {"uv": [0, 0, 1, 0], "texture": "#0"},
				"west": {"uv": [0, 0, 1, 0], "texture": "#0"},
				"up": {"uv": [9, 0, 12, 4], "rotation": 90, "texture": "#0"},
				"down": {"uv": [9, 0, 12, 4], "rotation": 90, "texture": "#0"}
			}
		},
		{
			"from": [12.68787, 7.62929, 11],
			"to": [16.68787, 7.62929, 14],
			"rotation": {"angle": -22.5, "axis": "z", "origin": [13.18787, 7.62929, 12.5]},
			"faces": {
				"north": {"uv": [0, 0, 1, 0], "texture": "#0"},
				"east": {"uv": [0, 0, 1, 0], "texture": "#0"},
				"south": {"uv": [0, 0, 1, 0], "texture": "#0"},
				"west": {"uv": [0, 0, 1, 0], "texture": "#0"},
				"up": {"uv": [9, 0, 12, 4], "rotation": 270, "texture": "#0"},
				"down": {"uv": [9, 0, 12, 4], "rotation": 270, "texture": "#0"}
			}
		},
		{
			"name": "beetroot",
			"from": [11, 1, 11],
			"to": [14, 2, 14],
			"rotation": {"angle": 0, "axis": "y", "origin": [20, 9, 20]},
			"faces": {
				"north": {"uv": [1, 5, 4, 6], "texture": "#0"},
				"east": {"uv": [2, 4, 5, 5], "texture": "#0"},
				"south": {"uv": [2, 6, 5, 7], "texture": "#0"},
				"west": {"uv": [2, 4, 5, 5], "texture": "#0"},
				"up": {"uv": [3, 6, 6, 9], "texture": "#0"},
				"down": {"uv": [0, 0, 3, 3], "texture": "#0"}
			}
		},
		{
			"name": "beetroot",
			"from": [11, -2, 14],
			"to": [14, 1, 15],
			"rotation": {"angle": 0, "axis": "y", "origin": [20, 8, 21]},
			"faces": {
				"north": {"uv": [0, 0, 3, 3], "texture": "#0"},
				"east": {"uv": [6, 6, 7, 9], "texture": "#0"},
				"south": {"uv": [4, 6, 7, 9], "texture": "#0"},
				"west": {"uv": [6, 6, 7, 9], "texture": "#0"},
				"up": {"uv": [4, 6, 7, 7], "texture": "#0"},
				"down": {"uv": [4, 9, 7, 10], "texture": "#0"}
			}
		},
		{
			"name": "beetroot",
			"from": [11, -2, 10],
			"to": [14, 1, 11],
			"rotation": {"angle": 0, "axis": "y", "origin": [20, 8, 17]},
			"faces": {
				"north": {"uv": [3, 7, 6, 10], "texture": "#0"},
				"east": {"uv": [1, 6, 2, 9], "texture": "#0"},
				"south": {"uv": [4, 6, 7, 9], "texture": "#0"},
				"west": {"uv": [2, 6, 3, 9], "texture": "#0"},
				"up": {"uv": [1, 9, 4, 10], "texture": "#0"},
				"down": {"uv": [3, 9, 6, 10], "texture": "#0"}
			}
		},
		{
			"name": "beetroot",
			"from": [14, -2, 11],
			"to": [15, 1, 14],
			"rotation": {"angle": 0, "axis": "y", "origin": [21, 8, 18]},
			"faces": {
				"north": {"uv": [0, 8, 1, 11], "texture": "#0"},
				"east": {"uv": [2, 7, 5, 10], "texture": "#0"},
				"south": {"uv": [1, 6, 2, 9], "texture": "#0"},
				"west": {"uv": [4, 6, 7, 9], "texture": "#0"},
				"up": {"uv": [1, 5, 2, 8], "texture": "#0"},
				"down": {"uv": [6, 6, 7, 9], "texture": "#0"}
			}
		},
		{
			"name": "beetroot",
			"from": [10, -2, 11],
			"to": [11, 1, 14],
			"rotation": {"angle": 0, "axis": "y", "origin": [17, 8, 18]},
			"faces": {
				"north": {"uv": [1, 5, 2, 8], "texture": "#0"},
				"east": {"uv": [2, 7, 5, 10], "texture": "#0"},
				"south": {"uv": [5, 5, 6, 8], "texture": "#0"},
				"west": {"uv": [3, 7, 6, 10], "texture": "#0"},
				"up": {"uv": [5, 6, 6, 9], "texture": "#0"},
				"down": {"uv": [4, 7, 5, 10], "texture": "#0"}
			}
		}
	],
	"groups": [
		{
			"name": "beetroots_stage1",
			"origin": [8, 8, 8],
			"children": [
				{
					"name": "group",
					"origin": [8.1, 1.8, 7.7],
					"children": [0, 1, 2, 3, 4, 5, 6,
						{
							"name": "group",
							"origin": [13.18787, 2.62929, 3.5],
							"children": [7, 8, 9, 10, 11, 12, 13, 14]
						},
						{
							"name": "group",
							"origin": [13.18787, 2.62929, 3.5],
							"children": [15, 16, 17, 18, 19, 20, 21, 22]
						},
						{
							"name": "group",
							"origin": [17, 8, 9],
							"children": [23, 24, 25, 26, 27]
						}
					]
				},
				{
					"name": "group",
					"origin": [8.1, 1.8, 7.7],
					"children": [28, 29, 30, 31, 32, 33, 34,
						{
							"name": "group",
							"origin": [13.18787, 2.62929, 3.5],
							"children": [35, 36, 37, 38, 39, 40, 41, 42]
						},
						{
							"name": "group",
							"origin": [13.18787, 2.62929, 3.5],
							"children": [43, 44, 45, 46, 47, 48, 49, 50]
						},
						{
							"name": "group",
							"origin": [17, 8, 9],
							"children": [51, 52, 53, 54, 55]
						}
					]
				},
				{
					"name": "group",
					"origin": [8.1, 1.8, 7.7],
					"children": [56, 57, 58, 59, 60, 61, 62,
						{
							"name": "group",
							"origin": [13.18787, 2.62929, 3.5],
							"children": [63, 64, 65, 66, 67, 68, 69, 70]
						},
						{
							"name": "group",
							"origin": [13.18787, 2.62929, 3.5],
							"children": [71, 72, 73, 74, 75, 76, 77, 78]
						},
						{
							"name": "group",
							"origin": [17, 8, 9],
							"children": [79, 80, 81, 82, 83]
						}
					]
				},
				{
					"name": "group",
					"origin": [8.1, 1.8, 7.7],
					"children": [84, 85, 86, 87, 88, 89, 90,
						{
							"name": "group",
							"origin": [13.18787, 2.62929, 3.5],
							"children": [91, 92, 93, 94, 95, 96, 97, 98]
						},
						{
							"name": "group",
							"origin": [13.18787, 2.62929, 3.5],
							"children": [99, 100, 101, 102, 103, 104, 105, 106]
						},
						{
							"name": "group",
							"origin": [17, 8, 9],
							"children": [107, 108, 109, 110, 111]
						}
					]
				}
			]
		}
	]
}