{
	"credit": "Made with Blockbench",
	"textures": {
		"0": "blocks/beetroots_stages",
		"particle": "blocks/beetroots_stages"
	},
	"elements": [
		{
			"from": [12, -1, 12],
			"to": [13, 2, 12],
			"rotation": {"angle": -22.5, "axis": "x", "origin": [12.5, 0.5, 12.5]},
			"faces": {
				"north": {"uv": [13, 15, 16, 16], "rotation": 270, "texture": "#0"},
				"east": {"uv": [0, 0, 2, 0], "rotation": 270, "texture": "#0"},
				"south": {"uv": [13, 14, 16, 15], "rotation": 90, "texture": "#0"},
				"west": {"uv": [0, 0, 3, 0], "rotation": 90, "texture": "#0"},
				"up": {"uv": [0, 0, 1, 0], "rotation": 180, "texture": "#0"},
				"down": {"uv": [0, 0, 1, 0], "texture": "#0"}
			}
		},
		{
			"from": [12, -1, 13],
			"to": [13, 2, 13],
			"rotation": {"angle": 22.5, "axis": "x", "origin": [12.5, 0.5, 12.5]},
			"faces": {
				"north": {"uv": [13, 14, 16, 15], "rotation": 90, "texture": "#0"},
				"east": {"uv": [0, 0, 2, 0], "rotation": 90, "texture": "#0"},
				"south": {"uv": [13, 14, 16, 15], "rotation": 90, "texture": "#0"},
				"west": {"uv": [0, 0, 3, 0], "rotation": 270, "texture": "#0"},
				"up": {"uv": [0, 0, 1, 0], "texture": "#0"},
				"down": {"uv": [0, 0, 1, 0], "rotation": 180, "texture": "#0"}
			}
		},
		{
			"from": [13, -1, 12],
			"to": [13, 2, 13],
			"rotation": {"angle": -22.5, "axis": "z", "origin": [12.5, 0.5, 12.5]},
			"faces": {
				"north": {"uv": [0, 0, 3, 0], "rotation": 90, "texture": "#0"},
				"east": {"uv": [12, 15, 15, 16], "rotation": 270, "texture": "#0"},
				"south": {"uv": [0, 0, 3, 0], "rotation": 270, "texture": "#0"},
				"west": {"uv": [12, 14, 15, 15], "rotation": 90, "texture": "#0"},
				"up": {"uv": [0, 0, 1, 0], "rotation": 270, "texture": "#0"},
				"down": {"uv": [0, 0, 1, 0], "rotation": 270, "texture": "#0"}
			}
		},
		{
			"from": [12, -1, 12],
			"to": [12, 2, 13],
			"rotation": {"angle": 22.5, "axis": "z", "origin": [12.5, 0.5, 12.5]},
			"faces": {
				"north": {"uv": [0, 0, 3, 0], "rotation": 270, "texture": "#0"},
				"east": {"uv": [12, 15, 15, 16], "rotation": 90, "texture": "#0"},
				"south": {"uv": [0, 0, 3, 0], "rotation": 90, "texture": "#0"},
				"west": {"uv": [12, 15, 15, 16], "rotation": 90, "texture": "#0"},
				"up": {"uv": [0, 0, 1, 0], "rotation": 90, "texture": "#0"},
				"down": {"uv": [0, 0, 1, 0], "rotation": 90, "texture": "#0"}
			}
		},
		{
			"from": [3, -1, 12],
			"to": [4, 2, 12],
			"rotation": {"angle": -22.5, "axis": "x", "origin": [3.5, 0.5, 12.5]},
			"faces": {
				"north": {"uv": [13, 15, 16, 16], "rotation": 270, "texture": "#0"},
				"east": {"uv": [0, 0, 2, 0], "rotation": 270, "texture": "#0"},
				"south": {"uv": [13, 14, 16, 15], "rotation": 90, "texture": "#0"},
				"west": {"uv": [0, 0, 3, 0], "rotation": 90, "texture": "#0"},
				"up": {"uv": [0, 0, 1, 0], "rotation": 180, "texture": "#0"},
				"down": {"uv": [0, 0, 1, 0], "texture": "#0"}
			}
		},
		{
			"from": [3, -1, 13],
			"to": [4, 2, 13],
			"rotation": {"angle": 22.5, "axis": "x", "origin": [3.5, 0.5, 12.5]},
			"faces": {
				"north": {"uv": [13, 14, 16, 15], "rotation": 90, "texture": "#0"},
				"east": {"uv": [0, 0, 2, 0], "rotation": 90, "texture": "#0"},
				"south": {"uv": [13, 14, 16, 15], "rotation": 90, "texture": "#0"},
				"west": {"uv": [0, 0, 3, 0], "rotation": 270, "texture": "#0"},
				"up": {"uv": [0, 0, 1, 0], "texture": "#0"},
				"down": {"uv": [0, 0, 1, 0], "rotation": 180, "texture": "#0"}
			}
		},
		{
			"from": [4, -1, 12],
			"to": [4, 2, 13],
			"rotation": {"angle": -22.5, "axis": "z", "origin": [3.5, 0.5, 12.5]},
			"faces": {
				"north": {"uv": [0, 0, 3, 0], "rotation": 90, "texture": "#0"},
				"east": {"uv": [12, 15, 15, 16], "rotation": 270, "texture": "#0"},
				"south": {"uv": [0, 0, 3, 0], "rotation": 270, "texture": "#0"},
				"west": {"uv": [12, 14, 15, 15], "rotation": 90, "texture": "#0"},
				"up": {"uv": [0, 0, 1, 0], "rotation": 270, "texture": "#0"},
				"down": {"uv": [0, 0, 1, 0], "rotation": 270, "texture": "#0"}
			}
		},
		{
			"from": [3, -1, 12],
			"to": [3, 2, 13],
			"rotation": {"angle": 22.5, "axis": "z", "origin": [3.5, 0.5, 12.5]},
			"faces": {
				"north": {"uv": [0, 0, 3, 0], "rotation": 270, "texture": "#0"},
				"east": {"uv": [12, 15, 15, 16], "rotation": 90, "texture": "#0"},
				"south": {"uv": [0, 0, 3, 0], "rotation": 90, "texture": "#0"},
				"west": {"uv": [12, 15, 15, 16], "rotation": 90, "texture": "#0"},
				"up": {"uv": [0, 0, 1, 0], "rotation": 90, "texture": "#0"},
				"down": {"uv": [0, 0, 1, 0], "rotation": 90, "texture": "#0"}
			}
		},
		{
			"from": [3, -1, 3],
			"to": [4, 2, 3],
			"rotation": {"angle": -22.5, "axis": "x", "origin": [3.5, 0.5, 3.5]},
			"faces": {
				"north": {"uv": [13, 15, 16, 16], "rotation": 270, "texture": "#0"},
				"east": {"uv": [0, 0, 2, 0], "rotation": 270, "texture": "#0"},
				"south": {"uv": [13, 14, 16, 15], "rotation": 90, "texture": "#0"},
				"west": {"uv": [0, 0, 3, 0], "rotation": 90, "texture": "#0"},
				"up": {"uv": [0, 0, 1, 0], "rotation": 180, "texture": "#0"},
				"down": {"uv": [0, 0, 1, 0], "texture": "#0"}
			}
		},
		{
			"from": [3, -1, 4],
			"to": [4, 2, 4],
			"rotation": {"angle": 22.5, "axis": "x", "origin": [3.5, 0.5, 3.5]},
			"faces": {
				"north": {"uv": [13, 14, 16, 15], "rotation": 90, "texture": "#0"},
				"east": {"uv": [0, 0, 2, 0], "rotation": 90, "texture": "#0"},
				"south": {"uv": [13, 14, 16, 15], "rotation": 90, "texture": "#0"},
				"west": {"uv": [0, 0, 3, 0], "rotation": 270, "texture": "#0"},
				"up": {"uv": [0, 0, 1, 0], "texture": "#0"},
				"down": {"uv": [0, 0, 1, 0], "rotation": 180, "texture": "#0"}
			}
		},
		{
			"from": [4, -1, 3],
			"to": [4, 2, 4],
			"rotation": {"angle": -22.5, "axis": "z", "origin": [3.5, 0.5, 3.5]},
			"faces": {
				"north": {"uv": [0, 0, 3, 0], "rotation": 90, "texture": "#0"},
				"east": {"uv": [12, 15, 15, 16], "rotation": 270, "texture": "#0"},
				"south": {"uv": [0, 0, 3, 0], "rotation": 270, "texture": "#0"},
				"west": {"uv": [12, 14, 15, 15], "rotation": 90, "texture": "#0"},
				"up": {"uv": [0, 0, 1, 0], "rotation": 270, "texture": "#0"},
				"down": {"uv": [0, 0, 1, 0], "rotation": 270, "texture": "#0"}
			}
		},
		{
			"from": [3, -1, 3],
			"to": [3, 2, 4],
			"rotation": {"angle": 22.5, "axis": "z", "origin": [3.5, 0.5, 3.5]},
			"faces": {
				"north": {"uv": [0, 0, 3, 0], "rotation": 270, "texture": "#0"},
				"east": {"uv": [12, 15, 15, 16], "rotation": 90, "texture": "#0"},
				"south": {"uv": [0, 0, 3, 0], "rotation": 90, "texture": "#0"},
				"west": {"uv": [12, 15, 15, 16], "rotation": 90, "texture": "#0"},
				"up": {"uv": [0, 0, 1, 0], "rotation": 90, "texture": "#0"},
				"down": {"uv": [0, 0, 1, 0], "rotation": 90, "texture": "#0"}
			}
		},
		{
			"from": [12, -1, 3],
			"to": [13, 2, 3],
			"rotation": {"angle": -22.5, "axis": "x", "origin": [12.5, 0.5, 3.5]},
			"faces": {
				"north": {"uv": [13, 15, 16, 16], "rotation": 270, "texture": "#0"},
				"east": {"uv": [0, 0, 2, 0], "rotation": 270, "texture": "#0"},
				"south": {"uv": [13, 14, 16, 15], "rotation": 90, "texture": "#0"},
				"west": {"uv": [0, 0, 3, 0], "rotation": 90, "texture": "#0"},
				"up": {"uv": [0, 0, 1, 0], "rotation": 180, "texture": "#0"},
				"down": {"uv": [0, 0, 1, 0], "texture": "#0"}
			}
		},
		{
			"from": [12, -1, 4],
			"to": [13, 2, 4],
			"rotation": {"angle": 22.5, "axis": "x", "origin": [12.5, 0.5, 3.5]},
			"faces": {
				"north": {"uv": [13, 14, 16, 15], "rotation": 90, "texture": "#0"},
				"east": {"uv": [0, 0, 2, 0], "rotation": 90, "texture": "#0"},
				"south": {"uv": [13, 14, 16, 15], "rotation": 90, "texture": "#0"},
				"west": {"uv": [0, 0, 3, 0], "rotation": 270, "texture": "#0"},
				"up": {"uv": [0, 0, 1, 0], "texture": "#0"},
				"down": {"uv": [0, 0, 1, 0], "rotation": 180, "texture": "#0"}
			}
		},
		{
			"from": [13, -1, 3],
			"to": [13, 2, 4],
			"rotation": {"angle": -22.5, "axis": "z", "origin": [12.5, 0.5, 3.5]},
			"faces": {
				"north": {"uv": [0, 0, 3, 0], "rotation": 90, "texture": "#0"},
				"east": {"uv": [12, 15, 15, 16], "rotation": 270, "texture": "#0"},
				"south": {"uv": [0, 0, 3, 0], "rotation": 270, "texture": "#0"},
				"west": {"uv": [12, 14, 15, 15], "rotation": 90, "texture": "#0"},
				"up": {"uv": [0, 0, 1, 0], "rotation": 270, "texture": "#0"},
				"down": {"uv": [0, 0, 1, 0], "rotation": 270, "texture": "#0"}
			}
		},
		{
			"from": [12, -1, 3],
			"to": [12, 2, 4],
			"rotation": {"angle": 22.5, "axis": "z", "origin": [12.5, 0.5, 3.5]},
			"faces": {
				"north": {"uv": [0, 0, 3, 0], "rotation": 270, "texture": "#0"},
				"east": {"uv": [12, 15, 15, 16], "rotation": 90, "texture": "#0"},
				"south": {"uv": [0, 0, 3, 0], "rotation": 90, "texture": "#0"},
				"west": {"uv": [12, 15, 15, 16], "rotation": 90, "texture": "#0"},
				"up": {"uv": [0, 0, 1, 0], "rotation": 90, "texture": "#0"},
				"down": {"uv": [0, 0, 1, 0], "rotation": 90, "texture": "#0"}
			}
		}
	],
	"groups": [
		{
			"name": "group",
			"origin": [8.1, 1.8, 7.7],
			"children": [0, 1, 2, 3]
		},
		{
			"name": "group",
			"origin": [8.1, 1.8, 7.7],
			"children": [4, 5, 6, 7]
		},
		{
			"name": "group",
			"origin": [8.1, 1.8, 7.7],
			"children": [8, 9, 10, 11]
		},
		{
			"name": "group",
			"origin": [8.1, 1.8, 7.7],
			"children": [12, 13, 14, 15]
		}
	]
}