{
	"credit": "Made with Blockbench",
	"textures": {
		"0": "blocks/beetroots_stages",
		"particle": "blocks/beetroots_stages"
	},
	"elements": [
		{
			"from": [12.5, -1, 3],
			"to": [12.5, 3, 4],
			"rotation": {"angle": 0, "axis": "y", "origin": [20.5, 8, 11]},
			"faces": {
				"north": {"uv": [0, 0, 0, 4], "texture": "#0"},
				"east": {"uv": [13, 12, 14, 16], "texture": "#0"},
				"south": {"uv": [0, 0, 0, 4], "texture": "#0"},
				"west": {"uv": [13, 12, 14, 16], "texture": "#0"},
				"up": {"uv": [0, 0, 0, 1], "texture": "#0"},
				"down": {"uv": [0, 0, 0, 1], "texture": "#0"}
			}
		},
		{
			"from": [12, -1, 3.5],
			"to": [13, 3, 3.5],
			"rotation": {"angle": 0, "axis": "y", "origin": [20, 8, 10.5]},
			"faces": {
				"north": {"uv": [12, 12, 13, 16], "texture": "#0"},
				"east": {"uv": [0, 0, 0, 4], "texture": "#0"},
				"south": {"uv": [12, 12, 13, 16], "texture": "#0"},
				"west": {"uv": [0, 0, 0, 4], "texture": "#0"},
				"up": {"uv": [0, 0, 1, 0], "texture": "#0"},
				"down": {"uv": [0, 0, 1, 0], "texture": "#0"}
			}
		},
		{
			"from": [12, -0.3, 2.5],
			"to": [13, -0.3, 4.5],
			"rotation": {"angle": 22.5, "axis": "x", "origin": [12.5, 0.2, 3]},
			"faces": {
				"north": {"uv": [0, 0, 1, 0], "texture": "#0"},
				"east": {"uv": [0, 0, 2, 0], "texture": "#0"},
				"south": {"uv": [0, 0, 1, 0], "texture": "#0"},
				"west": {"uv": [0, 0, 2, 0], "texture": "#0"},
				"up": {"uv": [2, 15, 4, 16], "rotation": 90, "texture": "#0"},
				"down": {"uv": [2, 15, 4, 16], "rotation": 90, "texture": "#0"}
			}
		},
		{
			"from": [12, -0.3, 2.5],
			"to": [13, -0.3, 4.5],
			"rotation": {"angle": -22.5, "axis": "x", "origin": [12.5, 0.2, 4]},
			"faces": {
				"north": {"uv": [0, 0, 1, 0], "texture": "#0"},
				"east": {"uv": [0, 0, 2, 0], "texture": "#0"},
				"south": {"uv": [0, 0, 1, 0], "texture": "#0"},
				"west": {"uv": [0, 0, 2, 0], "texture": "#0"},
				"up": {"uv": [2, 15, 4, 16], "rotation": 270, "texture": "#0"},
				"down": {"uv": [2, 15, 4, 16], "rotation": 90, "texture": "#0"}
			}
		},
		{
			"from": [11.5, -0.3, 2.9],
			"to": [13.5, -0.3, 3.9],
			"rotation": {"angle": 22.5, "axis": "z", "origin": [13, 0.2, 3.4]},
			"faces": {
				"north": {"uv": [0, 0, 2, 0], "texture": "#0"},
				"east": {"uv": [0, 0, 1, 0], "texture": "#0"},
				"south": {"uv": [0, 0, 2, 0], "texture": "#0"},
				"west": {"uv": [0, 0, 1, 0], "texture": "#0"},
				"up": {"uv": [2, 15, 4, 16], "rotation": 180, "texture": "#0"},
				"down": {"uv": [2, 15, 4, 16], "texture": "#0"}
			}
		},
		{
			"from": [11.4, -0.3, 2.9],
			"to": [13.4, -0.3, 3.9],
			"rotation": {"angle": -22.5, "axis": "z", "origin": [11.9, 0.2, 3.4]},
			"faces": {
				"north": {"uv": [0, 0, 2, 0], "texture": "#0"},
				"east": {"uv": [0, 0, 1, 0], "texture": "#0"},
				"south": {"uv": [0, 0, 2, 0], "texture": "#0"},
				"west": {"uv": [0, 0, 1, 0], "texture": "#0"},
				"up": {"uv": [2, 15, 4, 16], "texture": "#0"},
				"down": {"uv": [2, 15, 4, 16], "texture": "#0"}
			}
		},
		{
			"from": [12, 3, 3],
			"to": [13, 3, 4],
			"rotation": {"angle": 0, "axis": "z", "origin": [12.6, 3.2, 3.5]},
			"faces": {
				"north": {"uv": [0, 0, 1, 0], "texture": "#0"},
				"east": {"uv": [0, 0, 1, 0], "texture": "#0"},
				"south": {"uv": [0, 0, 1, 0], "texture": "#0"},
				"west": {"uv": [0, 0, 1, 0], "texture": "#0"},
				"up": {"uv": [11, 13, 12, 14], "texture": "#0"},
				"down": {"uv": [6, 15, 7, 16], "texture": "#0"}
			}
		},
		{
			"from": [11, 2.6, 1.2],
			"to": [14, 2.6, 3.2],
			"rotation": {"angle": -45, "axis": "x", "origin": [12.6, 2.8, 2.7]},
			"faces": {
				"north": {"uv": [0, 0, 1, 0], "texture": "#0"},
				"east": {"uv": [0, 0, 1, 0], "texture": "#0"},
				"south": {"uv": [0, 0, 1, 0], "texture": "#0"},
				"west": {"uv": [0, 0, 1, 0], "texture": "#0"},
				"up": {"uv": [9, 6, 12, 8], "rotation": 180, "texture": "#0"},
				"down": {"uv": [9, 6, 12, 8], "texture": "#0"}
			}
		},
		{
			"from": [11, 2.6, 3.8],
			"to": [14, 2.6, 5.8],
			"rotation": {"angle": 45, "axis": "x", "origin": [12.6, 2.8, 4.3]},
			"faces": {
				"north": {"uv": [0, 0, 1, 0], "texture": "#0"},
				"east": {"uv": [0, 0, 1, 0], "texture": "#0"},
				"south": {"uv": [0, 0, 1, 0], "texture": "#0"},
				"west": {"uv": [0, 0, 1, 0], "texture": "#0"},
				"up": {"uv": [9, 6, 12, 8], "texture": "#0"},
				"down": {"uv": [9, 6, 12, 8], "rotation": 180, "texture": "#0"}
			}
		},
		{
			"from": [10.2, 2.7, 2],
			"to": [12.2, 2.7, 5],
			"rotation": {"angle": 45, "axis": "z", "origin": [11.8, 2.9, 3.5]},
			"faces": {
				"north": {"uv": [0, 0, 1, 0], "texture": "#0"},
				"east": {"uv": [0, 0, 1, 0], "texture": "#0"},
				"south": {"uv": [0, 0, 1, 0], "texture": "#0"},
				"west": {"uv": [0, 0, 1, 0], "texture": "#0"},
				"up": {"uv": [9, 6, 12, 8], "rotation": 90, "texture": "#0"},
				"down": {"uv": [9, 6, 12, 8], "rotation": 90, "texture": "#0"}
			}
		},
		{
			"from": [12.68787, 2.62929, 2],
			"to": [14.68787, 2.62929, 5],
			"rotation": {"angle": -45, "axis": "z", "origin": [13.18787, 2.62929, 3.5]},
			"faces": {
				"north": {"uv": [0, 0, 1, 0], "texture": "#0"},
				"east": {"uv": [0, 0, 1, 0], "texture": "#0"},
				"south": {"uv": [0, 0, 1, 0], "texture": "#0"},
				"west": {"uv": [0, 0, 1, 0], "texture": "#0"},
				"up": {"uv": [9, 6, 12, 8], "rotation": 270, "texture": "#0"},
				"down": {"uv": [9, 6, 12, 8], "rotation": 270, "texture": "#0"}
			}
		},
		{
			"from": [12.5, -1, 12],
			"to": [12.5, 3, 13],
			"rotation": {"angle": 0, "axis": "y", "origin": [20.5, 8, 20]},
			"faces": {
				"north": {"uv": [0, 0, 0, 4], "texture": "#0"},
				"east": {"uv": [13, 12, 14, 16], "texture": "#0"},
				"south": {"uv": [0, 0, 0, 4], "texture": "#0"},
				"west": {"uv": [13, 12, 14, 16], "texture": "#0"},
				"up": {"uv": [0, 0, 0, 1], "texture": "#0"},
				"down": {"uv": [0, 0, 0, 1], "texture": "#0"}
			}
		},
		{
			"from": [12, -1, 12.5],
			"to": [13, 3, 12.5],
			"rotation": {"angle": 0, "axis": "y", "origin": [20, 8, 19.5]},
			"faces": {
				"north": {"uv": [12, 12, 13, 16], "texture": "#0"},
				"east": {"uv": [0, 0, 0, 4], "texture": "#0"},
				"south": {"uv": [12, 12, 13, 16], "texture": "#0"},
				"west": {"uv": [0, 0, 0, 4], "texture": "#0"},
				"up": {"uv": [0, 0, 1, 0], "texture": "#0"},
				"down": {"uv": [0, 0, 1, 0], "texture": "#0"}
			}
		},
		{
			"from": [12, -0.3, 11.5],
			"to": [13, -0.3, 13.5],
			"rotation": {"angle": 22.5, "axis": "x", "origin": [12.5, 0.2, 12]},
			"faces": {
				"north": {"uv": [0, 0, 1, 0], "texture": "#0"},
				"east": {"uv": [0, 0, 2, 0], "texture": "#0"},
				"south": {"uv": [0, 0, 1, 0], "texture": "#0"},
				"west": {"uv": [0, 0, 2, 0], "texture": "#0"},
				"up": {"uv": [2, 15, 4, 16], "rotation": 90, "texture": "#0"},
				"down": {"uv": [2, 15, 4, 16], "rotation": 90, "texture": "#0"}
			}
		},
		{
			"from": [12, -0.3, 11.5],
			"to": [13, -0.3, 13.5],
			"rotation": {"angle": -22.5, "axis": "x", "origin": [12.5, 0.2, 13]},
			"faces": {
				"north": {"uv": [0, 0, 1, 0], "texture": "#0"},
				"east": {"uv": [0, 0, 2, 0], "texture": "#0"},
				"south": {"uv": [0, 0, 1, 0], "texture": "#0"},
				"west": {"uv": [0, 0, 2, 0], "texture": "#0"},
				"up": {"uv": [2, 15, 4, 16], "rotation": 270, "texture": "#0"},
				"down": {"uv": [2, 15, 4, 16], "rotation": 90, "texture": "#0"}
			}
		},
		{
			"from": [11.5, -0.3, 11.9],
			"to": [13.5, -0.3, 12.9],
			"rotation": {"angle": 22.5, "axis": "z", "origin": [13, 0.2, 12.4]},
			"faces": {
				"north": {"uv": [0, 0, 2, 0], "texture": "#0"},
				"east": {"uv": [0, 0, 1, 0], "texture": "#0"},
				"south": {"uv": [0, 0, 2, 0], "texture": "#0"},
				"west": {"uv": [0, 0, 1, 0], "texture": "#0"},
				"up": {"uv": [2, 15, 4, 16], "rotation": 180, "texture": "#0"},
				"down": {"uv": [2, 15, 4, 16], "texture": "#0"}
			}
		},
		{
			"from": [11.4, -0.3, 11.9],
			"to": [13.4, -0.3, 12.9],
			"rotation": {"angle": -22.5, "axis": "z", "origin": [11.9, 0.2, 12.4]},
			"faces": {
				"north": {"uv": [0, 0, 2, 0], "texture": "#0"},
				"east": {"uv": [0, 0, 1, 0], "texture": "#0"},
				"south": {"uv": [0, 0, 2, 0], "texture": "#0"},
				"west": {"uv": [0, 0, 1, 0], "texture": "#0"},
				"up": {"uv": [2, 15, 4, 16], "texture": "#0"},
				"down": {"uv": [2, 15, 4, 16], "texture": "#0"}
			}
		},
		{
			"from": [12, 3, 12],
			"to": [13, 3, 13],
			"rotation": {"angle": 0, "axis": "z", "origin": [12.6, 3.2, 12.5]},
			"faces": {
				"north": {"uv": [0, 0, 1, 0], "texture": "#0"},
				"east": {"uv": [0, 0, 1, 0], "texture": "#0"},
				"south": {"uv": [0, 0, 1, 0], "texture": "#0"},
				"west": {"uv": [0, 0, 1, 0], "texture": "#0"},
				"up": {"uv": [12, 12, 13, 13], "texture": "#0"},
				"down": {"uv": [6, 15, 7, 16], "texture": "#0"}
			}
		},
		{
			"from": [11, 2.6, 10.2],
			"to": [14, 2.6, 12.2],
			"rotation": {"angle": -45, "axis": "x", "origin": [12.6, 2.8, 11.7]},
			"faces": {
				"north": {"uv": [0, 0, 1, 0], "texture": "#0"},
				"east": {"uv": [0, 0, 1, 0], "texture": "#0"},
				"south": {"uv": [0, 0, 1, 0], "texture": "#0"},
				"west": {"uv": [0, 0, 1, 0], "texture": "#0"},
				"up": {"uv": [9, 6, 12, 8], "rotation": 180, "texture": "#0"},
				"down": {"uv": [9, 6, 12, 8], "texture": "#0"}
			}
		},
		{
			"from": [11, 2.6, 12.8],
			"to": [14, 2.6, 14.8],
			"rotation": {"angle": 45, "axis": "x", "origin": [12.6, 2.8, 13.3]},
			"faces": {
				"north": {"uv": [0, 0, 1, 0], "texture": "#0"},
				"east": {"uv": [0, 0, 1, 0], "texture": "#0"},
				"south": {"uv": [0, 0, 1, 0], "texture": "#0"},
				"west": {"uv": [0, 0, 1, 0], "texture": "#0"},
				"up": {"uv": [9, 6, 12, 8], "texture": "#0"},
				"down": {"uv": [9, 6, 12, 8], "rotation": 180, "texture": "#0"}
			}
		},
		{
			"from": [10.2, 2.7, 11],
			"to": [12.2, 2.7, 14],
			"rotation": {"angle": 45, "axis": "z", "origin": [11.8, 2.9, 12.5]},
			"faces": {
				"north": {"uv": [0, 0, 1, 0], "texture": "#0"},
				"east": {"uv": [0, 0, 1, 0], "texture": "#0"},
				"south": {"uv": [0, 0, 1, 0], "texture": "#0"},
				"west": {"uv": [0, 0, 1, 0], "texture": "#0"},
				"up": {"uv": [9, 6, 12, 8], "rotation": 90, "texture": "#0"},
				"down": {"uv": [9, 6, 12, 8], "rotation": 90, "texture": "#0"}
			}
		},
		{
			"from": [12.68787, 2.62929, 11],
			"to": [14.68787, 2.62929, 14],
			"rotation": {"angle": -45, "axis": "z", "origin": [13.18787, 2.62929, 12.5]},
			"faces": {
				"north": {"uv": [0, 0, 1, 0], "texture": "#0"},
				"east": {"uv": [0, 0, 1, 0], "texture": "#0"},
				"south": {"uv": [0, 0, 1, 0], "texture": "#0"},
				"west": {"uv": [0, 0, 1, 0], "texture": "#0"},
				"up": {"uv": [9, 6, 12, 8], "rotation": 270, "texture": "#0"},
				"down": {"uv": [9, 6, 12, 8], "rotation": 270, "texture": "#0"}
			}
		},
		{
			"from": [3.5, -1, 12],
			"to": [3.5, 3, 13],
			"rotation": {"angle": 0, "axis": "y", "origin": [11.5, 8, 20]},
			"faces": {
				"north": {"uv": [0, 0, 0, 4], "texture": "#0"},
				"east": {"uv": [13, 12, 14, 16], "texture": "#0"},
				"south": {"uv": [0, 0, 0, 4], "texture": "#0"},
				"west": {"uv": [13, 12, 14, 16], "texture": "#0"},
				"up": {"uv": [0, 0, 0, 1], "texture": "#0"},
				"down": {"uv": [0, 0, 0, 1], "texture": "#0"}
			}
		},
		{
			"from": [3, -1, 12.5],
			"to": [4, 3, 12.5],
			"rotation": {"angle": 0, "axis": "y", "origin": [11, 8, 19.5]},
			"faces": {
				"north": {"uv": [12, 12, 13, 16], "texture": "#0"},
				"east": {"uv": [0, 0, 0, 4], "texture": "#0"},
				"south": {"uv": [12, 12, 13, 16], "texture": "#0"},
				"west": {"uv": [0, 0, 0, 4], "texture": "#0"},
				"up": {"uv": [0, 0, 1, 0], "texture": "#0"},
				"down": {"uv": [0, 0, 1, 0], "texture": "#0"}
			}
		},
		{
			"from": [3, -0.3, 11.5],
			"to": [4, -0.3, 13.5],
			"rotation": {"angle": 22.5, "axis": "x", "origin": [3.5, 0.2, 12]},
			"faces": {
				"north": {"uv": [0, 0, 1, 0], "texture": "#0"},
				"east": {"uv": [0, 0, 2, 0], "texture": "#0"},
				"south": {"uv": [0, 0, 1, 0], "texture": "#0"},
				"west": {"uv": [0, 0, 2, 0], "texture": "#0"},
				"up": {"uv": [2, 15, 4, 16], "rotation": 90, "texture": "#0"},
				"down": {"uv": [2, 15, 4, 16], "rotation": 90, "texture": "#0"}
			}
		},
		{
			"from": [3, -0.3, 11.5],
			"to": [4, -0.3, 13.5],
			"rotation": {"angle": -22.5, "axis": "x", "origin": [3.5, 0.2, 13]},
			"faces": {
				"north": {"uv": [0, 0, 1, 0], "texture": "#0"},
				"east": {"uv": [0, 0, 2, 0], "texture": "#0"},
				"south": {"uv": [0, 0, 1, 0], "texture": "#0"},
				"west": {"uv": [0, 0, 2, 0], "texture": "#0"},
				"up": {"uv": [2, 15, 4, 16], "rotation": 270, "texture": "#0"},
				"down": {"uv": [2, 15, 4, 16], "rotation": 90, "texture": "#0"}
			}
		},
		{
			"from": [2.5, -0.3, 11.9],
			"to": [4.5, -0.3, 12.9],
			"rotation": {"angle": 22.5, "axis": "z", "origin": [4, 0.2, 12.4]},
			"faces": {
				"north": {"uv": [0, 0, 2, 0], "texture": "#0"},
				"east": {"uv": [0, 0, 1, 0], "texture": "#0"},
				"south": {"uv": [0, 0, 2, 0], "texture": "#0"},
				"west": {"uv": [0, 0, 1, 0], "texture": "#0"},
				"up": {"uv": [2, 15, 4, 16], "rotation": 180, "texture": "#0"},
				"down": {"uv": [2, 15, 4, 16], "texture": "#0"}
			}
		},
		{
			"from": [2.4, -0.3, 11.9],
			"to": [4.4, -0.3, 12.9],
			"rotation": {"angle": -22.5, "axis": "z", "origin": [2.9, 0.2, 12.4]},
			"faces": {
				"north": {"uv": [0, 0, 2, 0], "texture": "#0"},
				"east": {"uv": [0, 0, 1, 0], "texture": "#0"},
				"south": {"uv": [0, 0, 2, 0], "texture": "#0"},
				"west": {"uv": [0, 0, 1, 0], "texture": "#0"},
				"up": {"uv": [2, 15, 4, 16], "texture": "#0"},
				"down": {"uv": [2, 15, 4, 16], "texture": "#0"}
			}
		},
		{
			"from": [3, 3, 12],
			"to": [4, 3, 13],
			"rotation": {"angle": 0, "axis": "z", "origin": [3.6, 3.2, 12.5]},
			"faces": {
				"north": {"uv": [0, 0, 1, 0], "texture": "#0"},
				"east": {"uv": [0, 0, 1, 0], "texture": "#0"},
				"south": {"uv": [0, 0, 1, 0], "texture": "#0"},
				"west": {"uv": [0, 0, 1, 0], "texture": "#0"},
				"up": {"uv": [12, 14, 13, 15], "texture": "#0"},
				"down": {"uv": [6, 15, 7, 16], "texture": "#0"}
			}
		},
		{
			"from": [2, 2.6, 10.2],
			"to": [5, 2.6, 12.2],
			"rotation": {"angle": -45, "axis": "x", "origin": [3.6, 2.8, 11.7]},
			"faces": {
				"north": {"uv": [0, 0, 1, 0], "texture": "#0"},
				"east": {"uv": [0, 0, 1, 0], "texture": "#0"},
				"south": {"uv": [0, 0, 1, 0], "texture": "#0"},
				"west": {"uv": [0, 0, 1, 0], "texture": "#0"},
				"up": {"uv": [9, 6, 12, 8], "rotation": 180, "texture": "#0"},
				"down": {"uv": [9, 6, 12, 8], "texture": "#0"}
			}
		},
		{
			"from": [2, 2.6, 12.8],
			"to": [5, 2.6, 14.8],
			"rotation": {"angle": 45, "axis": "x", "origin": [3.6, 2.8, 13.3]},
			"faces": {
				"north": {"uv": [0, 0, 1, 0], "texture": "#0"},
				"east": {"uv": [0, 0, 1, 0], "texture": "#0"},
				"south": {"uv": [0, 0, 1, 0], "texture": "#0"},
				"west": {"uv": [0, 0, 1, 0], "texture": "#0"},
				"up": {"uv": [9, 6, 12, 8], "texture": "#0"},
				"down": {"uv": [9, 6, 12, 8], "rotation": 180, "texture": "#0"}
			}
		},
		{
			"from": [1.2, 2.7, 11],
			"to": [3.2, 2.7, 14],
			"rotation": {"angle": 45, "axis": "z", "origin": [2.8, 2.9, 12.5]},
			"faces": {
				"north": {"uv": [0, 0, 1, 0], "texture": "#0"},
				"east": {"uv": [0, 0, 1, 0], "texture": "#0"},
				"south": {"uv": [0, 0, 1, 0], "texture": "#0"},
				"west": {"uv": [0, 0, 1, 0], "texture": "#0"},
				"up": {"uv": [9, 6, 12, 8], "rotation": 90, "texture": "#0"},
				"down": {"uv": [9, 6, 12, 8], "rotation": 90, "texture": "#0"}
			}
		},
		{
			"from": [3.68787, 2.62929, 11],
			"to": [5.68787, 2.62929, 14],
			"rotation": {"angle": -45, "axis": "z", "origin": [4.18787, 2.62929, 12.5]},
			"faces": {
				"north": {"uv": [0, 0, 1, 0], "texture": "#0"},
				"east": {"uv": [0, 0, 1, 0], "texture": "#0"},
				"south": {"uv": [0, 0, 1, 0], "texture": "#0"},
				"west": {"uv": [0, 0, 1, 0], "texture": "#0"},
				"up": {"uv": [9, 6, 12, 8], "rotation": 270, "texture": "#0"},
				"down": {"uv": [9, 6, 12, 8], "rotation": 270, "texture": "#0"}
			}
		},
		{
			"from": [3.5, -1, 3],
			"to": [3.5, 3, 4],
			"rotation": {"angle": 0, "axis": "y", "origin": [11.5, 8, 11]},
			"faces": {
				"north": {"uv": [0, 0, 0, 4], "texture": "#0"},
				"east": {"uv": [13, 12, 14, 16], "texture": "#0"},
				"south": {"uv": [0, 0, 0, 4], "texture": "#0"},
				"west": {"uv": [13, 12, 14, 16], "texture": "#0"},
				"up": {"uv": [0, 0, 0, 1], "texture": "#0"},
				"down": {"uv": [0, 0, 0, 1], "texture": "#0"}
			}
		},
		{
			"from": [3, -1, 3.5],
			"to": [4, 3, 3.5],
			"rotation": {"angle": 0, "axis": "y", "origin": [11, 8, 10.5]},
			"faces": {
				"north": {"uv": [12, 12, 13, 16], "texture": "#0"},
				"east": {"uv": [0, 0, 0, 4], "texture": "#0"},
				"south": {"uv": [12, 12, 13, 16], "texture": "#0"},
				"west": {"uv": [0, 0, 0, 4], "texture": "#0"},
				"up": {"uv": [0, 0, 1, 0], "texture": "#0"},
				"down": {"uv": [0, 0, 1, 0], "texture": "#0"}
			}
		},
		{
			"from": [3, -0.3, 2.5],
			"to": [4, -0.3, 4.5],
			"rotation": {"angle": 22.5, "axis": "x", "origin": [3.5, 0.2, 3]},
			"faces": {
				"north": {"uv": [0, 0, 1, 0], "texture": "#0"},
				"east": {"uv": [0, 0, 2, 0], "texture": "#0"},
				"south": {"uv": [0, 0, 1, 0], "texture": "#0"},
				"west": {"uv": [0, 0, 2, 0], "texture": "#0"},
				"up": {"uv": [2, 15, 4, 16], "rotation": 90, "texture": "#0"},
				"down": {"uv": [2, 15, 4, 16], "rotation": 90, "texture": "#0"}
			}
		},
		{
			"from": [3, -0.3, 2.5],
			"to": [4, -0.3, 4.5],
			"rotation": {"angle": -22.5, "axis": "x", "origin": [3.5, 0.2, 4]},
			"faces": {
				"north": {"uv": [0, 0, 1, 0], "texture": "#0"},
				"east": {"uv": [0, 0, 2, 0], "texture": "#0"},
				"south": {"uv": [0, 0, 1, 0], "texture": "#0"},
				"west": {"uv": [0, 0, 2, 0], "texture": "#0"},
				"up": {"uv": [2, 15, 4, 16], "rotation": 270, "texture": "#0"},
				"down": {"uv": [2, 15, 4, 16], "rotation": 90, "texture": "#0"}
			}
		},
		{
			"from": [2.5, -0.3, 2.9],
			"to": [4.5, -0.3, 3.9],
			"rotation": {"angle": 22.5, "axis": "z", "origin": [4, 0.2, 3.4]},
			"faces": {
				"north": {"uv": [0, 0, 2, 0], "texture": "#0"},
				"east": {"uv": [0, 0, 1, 0], "texture": "#0"},
				"south": {"uv": [0, 0, 2, 0], "texture": "#0"},
				"west": {"uv": [0, 0, 1, 0], "texture": "#0"},
				"up": {"uv": [2, 15, 4, 16], "rotation": 180, "texture": "#0"},
				"down": {"uv": [2, 15, 4, 16], "texture": "#0"}
			}
		},
		{
			"from": [2.4, -0.3, 2.9],
			"to": [4.4, -0.3, 3.9],
			"rotation": {"angle": -22.5, "axis": "z", "origin": [2.9, 0.2, 3.4]},
			"faces": {
				"north": {"uv": [0, 0, 2, 0], "texture": "#0"},
				"east": {"uv": [0, 0, 1, 0], "texture": "#0"},
				"south": {"uv": [0, 0, 2, 0], "texture": "#0"},
				"west": {"uv": [0, 0, 1, 0], "texture": "#0"},
				"up": {"uv": [2, 15, 4, 16], "texture": "#0"},
				"down": {"uv": [2, 15, 4, 16], "texture": "#0"}
			}
		},
		{
			"from": [3, 3, 3],
			"to": [4, 3, 4],
			"rotation": {"angle": 0, "axis": "z", "origin": [3.6, 3.2, 3.5]},
			"faces": {
				"north": {"uv": [0, 0, 1, 0], "texture": "#0"},
				"east": {"uv": [0, 0, 1, 0], "texture": "#0"},
				"south": {"uv": [0, 0, 1, 0], "texture": "#0"},
				"west": {"uv": [0, 0, 1, 0], "texture": "#0"},
				"up": {"uv": [12, 14, 13, 15], "texture": "#0"},
				"down": {"uv": [6, 15, 7, 16], "texture": "#0"}
			}
		},
		{
			"from": [2, 2.6, 1.2],
			"to": [5, 2.6, 3.2],
			"rotation": {"angle": -45, "axis": "x", "origin": [3.6, 2.8, 2.7]},
			"faces": {
				"north": {"uv": [0, 0, 1, 0], "texture": "#0"},
				"east": {"uv": [0, 0, 1, 0], "texture": "#0"},
				"south": {"uv": [0, 0, 1, 0], "texture": "#0"},
				"west": {"uv": [0, 0, 1, 0], "texture": "#0"},
				"up": {"uv": [9, 6, 12, 8], "rotation": 180, "texture": "#0"},
				"down": {"uv": [9, 6, 12, 8], "texture": "#0"}
			}
		},
		{
			"from": [2, 2.6, 3.8],
			"to": [5, 2.6, 5.8],
			"rotation": {"angle": 45, "axis": "x", "origin": [3.6, 2.8, 4.3]},
			"faces": {
				"north": {"uv": [0, 0, 1, 0], "texture": "#0"},
				"east": {"uv": [0, 0, 1, 0], "texture": "#0"},
				"south": {"uv": [0, 0, 1, 0], "texture": "#0"},
				"west": {"uv": [0, 0, 1, 0], "texture": "#0"},
				"up": {"uv": [9, 6, 12, 8], "texture": "#0"},
				"down": {"uv": [9, 6, 12, 8], "rotation": 180, "texture": "#0"}
			}
		},
		{
			"from": [1.2, 2.7, 2],
			"to": [3.2, 2.7, 5],
			"rotation": {"angle": 45, "axis": "z", "origin": [2.8, 2.9, 3.5]},
			"faces": {
				"north": {"uv": [0, 0, 1, 0], "texture": "#0"},
				"east": {"uv": [0, 0, 1, 0], "texture": "#0"},
				"south": {"uv": [0, 0, 1, 0], "texture": "#0"},
				"west": {"uv": [0, 0, 1, 0], "texture": "#0"},
				"up": {"uv": [9, 6, 12, 8], "rotation": 90, "texture": "#0"},
				"down": {"uv": [9, 6, 12, 8], "rotation": 90, "texture": "#0"}
			}
		},
		{
			"from": [3.68787, 2.62929, 2],
			"to": [5.68787, 2.62929, 5],
			"rotation": {"angle": -45, "axis": "z", "origin": [4.18787, 2.62929, 3.5]},
			"faces": {
				"north": {"uv": [0, 0, 1, 0], "texture": "#0"},
				"east": {"uv": [0, 0, 1, 0], "texture": "#0"},
				"south": {"uv": [0, 0, 1, 0], "texture": "#0"},
				"west": {"uv": [0, 0, 1, 0], "texture": "#0"},
				"up": {"uv": [9, 6, 12, 8], "rotation": 270, "texture": "#0"},
				"down": {"uv": [9, 6, 12, 8], "rotation": 270, "texture": "#0"}
			}
		}
	],
	"groups": [
		{
			"name": "group",
			"origin": [8.1, 1.8, 7.7],
			"children": [0, 1, 2, 3, 4, 5, 6,
				{
					"name": "group",
					"origin": [13.18787, 2.62929, 3.5],
					"children": [7, 8, 9, 10]
				}
			]
		},
		{
			"name": "group",
			"origin": [8.1, 1.8, 7.7],
			"children": [11, 12, 13, 14, 15, 16, 17,
				{
					"name": "group",
					"origin": [13.18787, 2.62929, 3.5],
					"children": [18, 19, 20, 21]
				}
			]
		},
		{
			"name": "group",
			"origin": [8.1, 1.8, 7.7],
			"children": [22, 23, 24, 25, 26, 27, 28,
				{
					"name": "group",
					"origin": [13.18787, 2.62929, 3.5],
					"children": [29, 30, 31, 32]
				}
			]
		},
		{
			"name": "group",
			"origin": [8.1, 1.8, 7.7],
			"children": [33, 34, 35, 36, 37, 38, 39,
				{
					"name": "group",
					"origin": [13.18787, 2.62929, 3.5],
					"children": [40, 41, 42, 43]
				}
			]
		}
	]
}