{
	"credit": "Made with Blockbench",
	"textures": {
		"0": "blocks/carrots_stages",
		"particle": "blocks/carrots_stages"
	},
	"elements": [
		{
			"from": [11, 2, 4],
			"to": [14, 8, 4],
			"rotation": {"angle": 22.5, "axis": "x", "origin": [12.5, 3.5, 4]},
			"faces": {
				"north": {"uv": [13, 7, 16, 13], "texture": "#0"},
				"east": {"uv": [0, 0, 0, 3], "texture": "#0"},
				"south": {"uv": [13, 7, 16, 13], "texture": "#0"},
				"west": {"uv": [15, 11, 16, 12], "texture": "#0"},
				"up": {"uv": [0, 0, 3, 0], "texture": "#0"},
				"down": {"uv": [0, 0, 3, 0], "texture": "#0"}
			}
		},
		{
			"from": [13.5, 2, 1.5],
			"to": [13.5, 8, 4.5],
			"rotation": {"angle": -22.5, "axis": "z", "origin": [13.5, 3.5, 3]},
			"faces": {
				"north": {"uv": [0, 0, 0, 3], "texture": "#0"},
				"east": {"uv": [13, 7, 16, 13], "texture": "#0"},
				"south": {"uv": [0, 0, 0, 3], "texture": "#0"},
				"west": {"uv": [13, 7, 16, 13], "texture": "#0"},
				"up": {"uv": [0, 0, 3, 0], "rotation": 270, "texture": "#0"},
				"down": {"uv": [0, 0, 3, 0], "rotation": 90, "texture": "#0"}
			}
		},
		{
			"from": [11.5, 2, 1.5],
			"to": [11.5, 8, 4.5],
			"rotation": {"angle": 22.5, "axis": "z", "origin": [11.5, 3.5, 3]},
			"faces": {
				"north": {"uv": [0, 0, 0, 3], "texture": "#0"},
				"east": {"uv": [13, 7, 16, 13], "texture": "#0"},
				"south": {"uv": [0, 0, 0, 3], "texture": "#0"},
				"west": {"uv": [13, 7, 16, 13], "texture": "#0"},
				"up": {"uv": [0, 0, 3, 0], "rotation": 270, "texture": "#0"},
				"down": {"uv": [0, 0, 3, 0], "rotation": 90, "texture": "#0"}
			}
		},
		{
			"from": [11, 2, 2],
			"to": [14, 8, 2],
			"rotation": {"angle": -22.5, "axis": "x", "origin": [12.5, 3.5, 2]},
			"faces": {
				"north": {"uv": [13, 7, 16, 13], "texture": "#0"},
				"east": {"uv": [0, 0, 0, 3], "texture": "#0"},
				"south": {"uv": [13, 7, 16, 13], "texture": "#0"},
				"west": {"uv": [13, 7, 16, 13], "texture": "#0"},
				"up": {"uv": [0, 0, 3, 0], "texture": "#0"},
				"down": {"uv": [0, 0, 3, 0], "texture": "#0"}
			}
		},
		{
			"from": [13.5, -0.8, 2],
			"to": [13.5, 2.4, 3],
			"rotation": {"angle": 45, "axis": "y", "origin": [13.5, 1.7, 4]},
			"faces": {
				"north": {"uv": [0, 0, 0, 2.2], "texture": "#0"},
				"east": {"uv": [14, 14, 15, 16], "texture": "#0"},
				"south": {"uv": [0, 0, 0, 2.2], "texture": "#0"},
				"west": {"uv": [14, 14, 15, 17.2], "texture": "#0"},
				"up": {"uv": [0, 0, 0, 1], "texture": "#0"},
				"down": {"uv": [0, 0, 0, 1], "texture": "#0"}
			}
		},
		{
			"from": [14.2, -0.8, 2.7],
			"to": [14.2, 0.2, 3.7],
			"rotation": {"angle": 45, "axis": "y", "origin": [14.2, 0.7, 4.7]},
			"faces": {
				"north": {"uv": [0, 0, 0, 1], "texture": "#0"},
				"east": {"uv": [14, 14, 15, 15], "texture": "#0"},
				"south": {"uv": [0, 0, 0, 1], "texture": "#0"},
				"west": {"uv": [14, 14, 15, 15], "texture": "#0"},
				"up": {"uv": [0, 0, 0, 1], "texture": "#0"},
				"down": {"uv": [0, 0, 0, 1], "texture": "#0"}
			}
		},
		{
			"from": [2, 2.3, 2.5],
			"to": [3, 2.3, 3.5],
			"rotation": {"angle": 0, "axis": "y", "origin": [4, 3.8, 3.5]},
			"faces": {
				"north": {"uv": [0, 0, 1, 0], "texture": "#0"},
				"east": {"uv": [0, 0, 1, 0], "texture": "#0"},
				"south": {"uv": [0, 0, 1, 0], "texture": "#0"},
				"west": {"uv": [0, 0, 1, 0], "texture": "#0"},
				"up": {"uv": [14, 9, 15, 10], "rotation": 270, "texture": "#0"},
				"down": {"uv": [14, 9, 15, 10], "rotation": 90, "texture": "#0"}
			}
		},
		{
			"from": [12, 2.3, 2.5],
			"to": [13, 2.3, 3.5],
			"rotation": {"angle": 0, "axis": "y", "origin": [14, 3.8, 3.5]},
			"faces": {
				"north": {"uv": [0, 0, 1, 0], "texture": "#0"},
				"east": {"uv": [0, 0, 1, 0], "texture": "#0"},
				"south": {"uv": [0, 0, 1, 0], "texture": "#0"},
				"west": {"uv": [0, 0, 1, 0], "texture": "#0"},
				"up": {"uv": [14, 9, 15, 10], "rotation": 270, "texture": "#0"},
				"down": {"uv": [14, 9, 15, 10], "rotation": 90, "texture": "#0"}
			}
		},
		{
			"from": [12, 2.3, 12.5],
			"to": [13, 2.3, 13.5],
			"rotation": {"angle": 0, "axis": "y", "origin": [14, 3.8, 13.5]},
			"faces": {
				"north": {"uv": [0, 0, 1, 0], "texture": "#0"},
				"east": {"uv": [0, 0, 1, 0], "texture": "#0"},
				"south": {"uv": [0, 0, 1, 0], "texture": "#0"},
				"west": {"uv": [0, 0, 1, 0], "texture": "#0"},
				"up": {"uv": [14, 9, 15, 10], "rotation": 270, "texture": "#0"},
				"down": {"uv": [14, 9, 15, 10], "rotation": 90, "texture": "#0"}
			}
		},
		{
			"from": [2, 2.3, 12.5],
			"to": [3, 2.3, 13.5],
			"rotation": {"angle": 0, "axis": "y", "origin": [4, 3.8, 13.5]},
			"faces": {
				"north": {"uv": [0, 0, 1, 0], "texture": "#0"},
				"east": {"uv": [0, 0, 1, 0], "texture": "#0"},
				"south": {"uv": [0, 0, 1, 0], "texture": "#0"},
				"west": {"uv": [0, 0, 1, 0], "texture": "#0"},
				"up": {"uv": [14, 9, 15, 10], "rotation": 270, "texture": "#0"},
				"down": {"uv": [14, 9, 15, 10], "rotation": 90, "texture": "#0"}
			}
		},
		{
			"from": [12.8, -0.8, 1.3],
			"to": [12.8, 0.2, 2.3],
			"rotation": {"angle": 45, "axis": "y", "origin": [12.8, 0.7, 3.3]},
			"faces": {
				"north": {"uv": [0, 0, 0, 1], "texture": "#0"},
				"east": {"uv": [13, 14, 14, 15], "texture": "#0"},
				"south": {"uv": [0, 0, 0, 1], "texture": "#0"},
				"west": {"uv": [13, 14, 14, 15], "texture": "#0"},
				"up": {"uv": [0, 0, 0, 1], "texture": "#0"},
				"down": {"uv": [0, 0, 0, 1], "texture": "#0"}
			}
		},
		{
			"from": [11.5, -1, 2],
			"to": [11.5, 2.2, 3],
			"rotation": {"angle": -45, "axis": "y", "origin": [11.5, 1.5, 4]},
			"faces": {
				"north": {"uv": [0, 0, 0, 2.2], "texture": "#0"},
				"east": {"uv": [14, 11, 15, 13], "texture": "#0"},
				"south": {"uv": [0, 0, 0, 2.2], "texture": "#0"},
				"west": {"uv": [14, 10, 15, 13.2], "texture": "#0"},
				"up": {"uv": [0, 0, 0, 1], "texture": "#0"},
				"down": {"uv": [0, 0, 0, 1], "texture": "#0"}
			}
		},
		{
			"from": [10.5, -0.8, 2.6],
			"to": [10.5, 0.2, 3.6],
			"rotation": {"angle": -45, "axis": "y", "origin": [10.56066, 0.7, 5.03934]},
			"faces": {
				"north": {"uv": [0, 0, 0, 1], "texture": "#0"},
				"east": {"uv": [15, 14, 16, 15], "texture": "#0"},
				"south": {"uv": [0, 0, 0, 1], "texture": "#0"},
				"west": {"uv": [13, 14, 14, 15], "texture": "#0"},
				"up": {"uv": [0, 0, 0, 1], "texture": "#0"},
				"down": {"uv": [0, 0, 0, 1], "texture": "#0"}
			}
		},
		{
			"from": [11.8, -0.8, 1.3],
			"to": [11.8, 0.2, 2.3],
			"rotation": {"angle": -45, "axis": "y", "origin": [11.86066, 0.7, 3.73934]},
			"faces": {
				"north": {"uv": [0, 0, 0, 1], "texture": "#0"},
				"east": {"uv": [15, 14, 16, 15], "texture": "#0"},
				"south": {"uv": [0, 0, 0, 1], "texture": "#0"},
				"west": {"uv": [14, 14, 15, 15], "texture": "#0"},
				"up": {"uv": [0, 0, 0, 1], "texture": "#0"},
				"down": {"uv": [0, 0, 0, 1], "texture": "#0"}
			}
		},
		{
			"from": [1, 2, 4],
			"to": [4, 8, 4],
			"rotation": {"angle": 22.5, "axis": "x", "origin": [2.5, 3.5, 4]},
			"faces": {
				"north": {"uv": [13, 7, 16, 13], "texture": "#0"},
				"east": {"uv": [0, 0, 0, 3], "texture": "#0"},
				"south": {"uv": [13, 7, 16, 13], "texture": "#0"},
				"west": {"uv": [15, 11, 16, 12], "texture": "#0"},
				"up": {"uv": [0, 0, 3, 0], "texture": "#0"},
				"down": {"uv": [0, 0, 3, 0], "texture": "#0"}
			}
		},
		{
			"from": [3.5, 2, 1.5],
			"to": [3.5, 8, 4.5],
			"rotation": {"angle": -22.5, "axis": "z", "origin": [3.5, 3.5, 3]},
			"faces": {
				"north": {"uv": [0, 0, 0, 3], "texture": "#0"},
				"east": {"uv": [13, 7, 16, 13], "texture": "#0"},
				"south": {"uv": [0, 0, 0, 3], "texture": "#0"},
				"west": {"uv": [13, 7, 16, 13], "texture": "#0"},
				"up": {"uv": [0, 0, 3, 0], "rotation": 270, "texture": "#0"},
				"down": {"uv": [0, 0, 3, 0], "rotation": 90, "texture": "#0"}
			}
		},
		{
			"from": [1.5, 2, 1.5],
			"to": [1.5, 8, 4.5],
			"rotation": {"angle": 22.5, "axis": "z", "origin": [1.5, 3.5, 3]},
			"faces": {
				"north": {"uv": [0, 0, 0, 3], "texture": "#0"},
				"east": {"uv": [13, 7, 16, 13], "texture": "#0"},
				"south": {"uv": [0, 0, 0, 3], "texture": "#0"},
				"west": {"uv": [13, 7, 16, 13], "texture": "#0"},
				"up": {"uv": [0, 0, 3, 0], "rotation": 270, "texture": "#0"},
				"down": {"uv": [0, 0, 3, 0], "rotation": 90, "texture": "#0"}
			}
		},
		{
			"from": [1, 2, 2],
			"to": [4, 8, 2],
			"rotation": {"angle": -22.5, "axis": "x", "origin": [2.5, 3.5, 2]},
			"faces": {
				"north": {"uv": [13, 7, 16, 13], "texture": "#0"},
				"east": {"uv": [0, 0, 0, 3], "texture": "#0"},
				"south": {"uv": [13, 7, 16, 13], "texture": "#0"},
				"west": {"uv": [13, 7, 16, 13], "texture": "#0"},
				"up": {"uv": [0, 0, 3, 0], "texture": "#0"},
				"down": {"uv": [0, 0, 3, 0], "texture": "#0"}
			}
		},
		{
			"from": [0.5, -1, 2.6],
			"to": [0.5, 0, 3.6],
			"rotation": {"angle": -45, "axis": "y", "origin": [0.56066, 0.5, 5.03934]},
			"faces": {
				"north": {"uv": [0, 0, 0, 1], "texture": "#0"},
				"east": {"uv": [15, 14, 16, 15], "texture": "#0"},
				"south": {"uv": [0, 0, 0, 1], "texture": "#0"},
				"west": {"uv": [13, 14, 14, 15], "texture": "#0"},
				"up": {"uv": [0, 0, 0, 1], "texture": "#0"},
				"down": {"uv": [0, 0, 0, 1], "texture": "#0"}
			}
		},
		{
			"from": [1.8, -1, 1.3],
			"to": [1.8, 0, 2.3],
			"rotation": {"angle": -45, "axis": "y", "origin": [1.86066, 0.5, 3.73934]},
			"faces": {
				"north": {"uv": [0, 0, 0, 1], "texture": "#0"},
				"east": {"uv": [15, 14, 16, 15], "texture": "#0"},
				"south": {"uv": [0, 0, 0, 1], "texture": "#0"},
				"west": {"uv": [14, 14, 15, 15], "texture": "#0"},
				"up": {"uv": [0, 0, 0, 1], "texture": "#0"},
				"down": {"uv": [0, 0, 0, 1], "texture": "#0"}
			}
		},
		{
			"from": [2.8, -1, 1.3],
			"to": [2.8, 0, 2.3],
			"rotation": {"angle": 45, "axis": "y", "origin": [2.8, 0.5, 3.3]},
			"faces": {
				"north": {"uv": [0, 0, 0, 1], "texture": "#0"},
				"east": {"uv": [13, 14, 14, 15], "texture": "#0"},
				"south": {"uv": [0, 0, 0, 1], "texture": "#0"},
				"west": {"uv": [13, 14, 14, 15], "texture": "#0"},
				"up": {"uv": [0, 0, 0, 1], "texture": "#0"},
				"down": {"uv": [0, 0, 0, 1], "texture": "#0"}
			}
		},
		{
			"from": [4.2, -1, 2.7],
			"to": [4.2, 0, 3.7],
			"rotation": {"angle": 45, "axis": "y", "origin": [4.2, 0.5, 4.7]},
			"faces": {
				"north": {"uv": [0, 0, 0, 1], "texture": "#0"},
				"east": {"uv": [14, 14, 15, 15], "texture": "#0"},
				"south": {"uv": [0, 0, 0, 1], "texture": "#0"},
				"west": {"uv": [14, 14, 15, 15], "texture": "#0"},
				"up": {"uv": [0, 0, 0, 1], "texture": "#0"},
				"down": {"uv": [0, 0, 0, 1], "texture": "#0"}
			}
		},
		{
			"from": [1.5, -1, 2],
			"to": [1.5, 2.2, 3],
			"rotation": {"angle": -45, "axis": "y", "origin": [1.5, 1.5, 4]},
			"faces": {
				"north": {"uv": [0, 0, 0, 2.2], "texture": "#0"},
				"east": {"uv": [14, 11, 15, 13], "texture": "#0"},
				"south": {"uv": [0, 0, 0, 2.2], "texture": "#0"},
				"west": {"uv": [14, 10, 15, 12], "texture": "#0"},
				"up": {"uv": [0, 0, 0, 1], "texture": "#0"},
				"down": {"uv": [0, 0, 0, 1], "texture": "#0"}
			}
		},
		{
			"from": [3.5, -1, 2],
			"to": [3.5, 2.2, 3],
			"rotation": {"angle": 45, "axis": "y", "origin": [3.5, 1.5, 4]},
			"faces": {
				"north": {"uv": [0, 0, 0, 2.2], "texture": "#0"},
				"east": {"uv": [14, 14, 15, 16], "texture": "#0"},
				"south": {"uv": [0, 0, 0, 2.2], "texture": "#0"},
				"west": {"uv": [14, 14, 15, 16], "texture": "#0"},
				"up": {"uv": [0, 0, 0, 1], "texture": "#0"},
				"down": {"uv": [0, 0, 0, 1], "texture": "#0"}
			}
		},
		{
			"from": [1, 2, 14],
			"to": [4, 8, 14],
			"rotation": {"angle": 22.5, "axis": "x", "origin": [2.5, 3.5, 14]},
			"faces": {
				"north": {"uv": [13, 7, 16, 13], "texture": "#0"},
				"east": {"uv": [0, 0, 0, 3], "texture": "#0"},
				"south": {"uv": [13, 7, 16, 13], "texture": "#0"},
				"west": {"uv": [15, 11, 16, 12], "texture": "#0"},
				"up": {"uv": [0, 0, 3, 0], "texture": "#0"},
				"down": {"uv": [0, 0, 3, 0], "texture": "#0"}
			}
		},
		{
			"from": [3.5, 2, 11.5],
			"to": [3.5, 8, 14.5],
			"rotation": {"angle": -22.5, "axis": "z", "origin": [3.5, 3.5, 13]},
			"faces": {
				"north": {"uv": [0, 0, 0, 3], "texture": "#0"},
				"east": {"uv": [13, 7, 16, 13], "texture": "#0"},
				"south": {"uv": [0, 0, 0, 3], "texture": "#0"},
				"west": {"uv": [13, 7, 16, 13], "texture": "#0"},
				"up": {"uv": [0, 0, 3, 0], "rotation": 270, "texture": "#0"},
				"down": {"uv": [0, 0, 3, 0], "rotation": 90, "texture": "#0"}
			}
		},
		{
			"from": [1.5, 2, 11.5],
			"to": [1.5, 8, 14.5],
			"rotation": {"angle": 22.5, "axis": "z", "origin": [1.5, 3.5, 13]},
			"faces": {
				"north": {"uv": [0, 0, 0, 3], "texture": "#0"},
				"east": {"uv": [13, 7, 16, 13], "texture": "#0"},
				"south": {"uv": [0, 0, 0, 3], "texture": "#0"},
				"west": {"uv": [13, 7, 16, 13], "texture": "#0"},
				"up": {"uv": [0, 0, 3, 0], "rotation": 270, "texture": "#0"},
				"down": {"uv": [0, 0, 3, 0], "rotation": 90, "texture": "#0"}
			}
		},
		{
			"from": [1, 2, 12],
			"to": [4, 8, 12],
			"rotation": {"angle": -22.5, "axis": "x", "origin": [2.5, 3.5, 12]},
			"faces": {
				"north": {"uv": [13, 7, 16, 13], "texture": "#0"},
				"east": {"uv": [0, 0, 0, 3], "texture": "#0"},
				"south": {"uv": [13, 7, 16, 13], "texture": "#0"},
				"west": {"uv": [13, 7, 16, 13], "texture": "#0"},
				"up": {"uv": [0, 0, 3, 0], "texture": "#0"},
				"down": {"uv": [0, 0, 3, 0], "texture": "#0"}
			}
		},
		{
			"from": [4.2, -1, 12.7],
			"to": [4.2, 0, 13.7],
			"rotation": {"angle": 45, "axis": "y", "origin": [4.2, 0.5, 14.7]},
			"faces": {
				"north": {"uv": [0, 0, 0, 1], "texture": "#0"},
				"east": {"uv": [14, 14, 15, 15], "texture": "#0"},
				"south": {"uv": [0, 0, 0, 1], "texture": "#0"},
				"west": {"uv": [14, 14, 15, 15], "texture": "#0"},
				"up": {"uv": [0, 0, 0, 1], "texture": "#0"},
				"down": {"uv": [0, 0, 0, 1], "texture": "#0"}
			}
		},
		{
			"from": [2.8, -1, 11.3],
			"to": [2.8, 0, 12.3],
			"rotation": {"angle": 45, "axis": "y", "origin": [2.8, 0.5, 13.3]},
			"faces": {
				"north": {"uv": [0, 0, 0, 1], "texture": "#0"},
				"east": {"uv": [13, 14, 14, 15], "texture": "#0"},
				"south": {"uv": [0, 0, 0, 1], "texture": "#0"},
				"west": {"uv": [13, 14, 14, 15], "texture": "#0"},
				"up": {"uv": [0, 0, 0, 1], "texture": "#0"},
				"down": {"uv": [0, 0, 0, 1], "texture": "#0"}
			}
		},
		{
			"from": [3.5, -1, 12],
			"to": [3.5, 2.2, 13],
			"rotation": {"angle": 45, "axis": "y", "origin": [3.5, 1.5, 14]},
			"faces": {
				"north": {"uv": [0, 0, 0, 2.2], "texture": "#0"},
				"east": {"uv": [14, 14, 15, 16], "texture": "#0"},
				"south": {"uv": [0, 0, 0, 2.2], "texture": "#0"},
				"west": {"uv": [14, 14, 15, 16], "texture": "#0"},
				"up": {"uv": [0, 0, 0, 1], "texture": "#0"},
				"down": {"uv": [0, 0, 0, 1], "texture": "#0"}
			}
		},
		{
			"from": [1.5, -1, 12],
			"to": [1.5, 2.2, 13],
			"rotation": {"angle": -45, "axis": "y", "origin": [1.5, 1.5, 14]},
			"faces": {
				"north": {"uv": [0, 0, 0, 2.2], "texture": "#0"},
				"east": {"uv": [14, 11, 15, 13], "texture": "#0"},
				"south": {"uv": [0, 0, 0, 2.2], "texture": "#0"},
				"west": {"uv": [14, 10, 15, 12], "texture": "#0"},
				"up": {"uv": [0, 0, 0, 1], "texture": "#0"},
				"down": {"uv": [0, 0, 0, 1], "texture": "#0"}
			}
		},
		{
			"from": [0.5, -1, 12.6],
			"to": [0.5, 0, 13.6],
			"rotation": {"angle": -45, "axis": "y", "origin": [0.56066, 0.5, 15.03934]},
			"faces": {
				"north": {"uv": [0, 0, 0, 1], "texture": "#0"},
				"east": {"uv": [15, 14, 16, 15], "texture": "#0"},
				"south": {"uv": [0, 0, 0, 1], "texture": "#0"},
				"west": {"uv": [13, 14, 14, 15], "texture": "#0"},
				"up": {"uv": [0, 0, 0, 1], "texture": "#0"},
				"down": {"uv": [0, 0, 0, 1], "texture": "#0"}
			}
		},
		{
			"from": [1.8, -1, 11.3],
			"to": [1.8, 0, 12.3],
			"rotation": {"angle": -45, "axis": "y", "origin": [1.86066, 0.5, 13.73934]},
			"faces": {
				"north": {"uv": [0, 0, 0, 1], "texture": "#0"},
				"east": {"uv": [15, 14, 16, 15], "texture": "#0"},
				"south": {"uv": [0, 0, 0, 1], "texture": "#0"},
				"west": {"uv": [14, 14, 15, 15], "texture": "#0"},
				"up": {"uv": [0, 0, 0, 1], "texture": "#0"},
				"down": {"uv": [0, 0, 0, 1], "texture": "#0"}
			}
		},
		{
			"from": [11, 2, 14],
			"to": [14, 8, 14],
			"rotation": {"angle": 22.5, "axis": "x", "origin": [12.5, 3.5, 14]},
			"faces": {
				"north": {"uv": [13, 7, 16, 13], "texture": "#0"},
				"east": {"uv": [0, 0, 0, 3], "texture": "#0"},
				"south": {"uv": [13, 7, 16, 13], "texture": "#0"},
				"west": {"uv": [15, 11, 16, 12], "texture": "#0"},
				"up": {"uv": [0, 0, 3, 0], "texture": "#0"},
				"down": {"uv": [0, 0, 3, 0], "texture": "#0"}
			}
		},
		{
			"from": [13.5, 2, 11.5],
			"to": [13.5, 8, 14.5],
			"rotation": {"angle": -22.5, "axis": "z", "origin": [13.5, 3.5, 13]},
			"faces": {
				"north": {"uv": [0, 0, 0, 3], "texture": "#0"},
				"east": {"uv": [13, 7, 16, 13], "texture": "#0"},
				"south": {"uv": [0, 0, 0, 3], "texture": "#0"},
				"west": {"uv": [13, 7, 16, 13], "texture": "#0"},
				"up": {"uv": [0, 0, 3, 0], "rotation": 270, "texture": "#0"},
				"down": {"uv": [0, 0, 3, 0], "rotation": 90, "texture": "#0"}
			}
		},
		{
			"from": [11.5, 2, 11.5],
			"to": [11.5, 8, 14.5],
			"rotation": {"angle": 22.5, "axis": "z", "origin": [11.5, 3.5, 13]},
			"faces": {
				"north": {"uv": [0, 0, 0, 3], "texture": "#0"},
				"east": {"uv": [13, 7, 16, 13], "texture": "#0"},
				"south": {"uv": [0, 0, 0, 3], "texture": "#0"},
				"west": {"uv": [13, 7, 16, 13], "texture": "#0"},
				"up": {"uv": [0, 0, 3, 0], "rotation": 270, "texture": "#0"},
				"down": {"uv": [0, 0, 3, 0], "rotation": 90, "texture": "#0"}
			}
		},
		{
			"from": [11, 2, 12],
			"to": [14, 8, 12],
			"rotation": {"angle": -22.5, "axis": "x", "origin": [12.5, 3.5, 12]},
			"faces": {
				"north": {"uv": [13, 7, 16, 13], "texture": "#0"},
				"east": {"uv": [0, 0, 0, 3], "texture": "#0"},
				"south": {"uv": [13, 7, 16, 13], "texture": "#0"},
				"west": {"uv": [13, 7, 16, 13], "texture": "#0"},
				"up": {"uv": [0, 0, 3, 0], "texture": "#0"},
				"down": {"uv": [0, 0, 3, 0], "texture": "#0"}
			}
		},
		{
			"from": [11.8, -0.8, 11.3],
			"to": [11.8, 0.2, 12.3],
			"rotation": {"angle": -45, "axis": "y", "origin": [11.86066, 0.7, 13.73934]},
			"faces": {
				"north": {"uv": [0, 0, 0, 1], "texture": "#0"},
				"east": {"uv": [15, 14, 16, 15], "texture": "#0"},
				"south": {"uv": [0, 0, 0, 1], "texture": "#0"},
				"west": {"uv": [14, 14, 15, 15], "texture": "#0"},
				"up": {"uv": [0, 0, 0, 1], "texture": "#0"},
				"down": {"uv": [0, 0, 0, 1], "texture": "#0"}
			}
		},
		{
			"from": [10.5, -0.8, 12.6],
			"to": [10.5, 0.2, 13.6],
			"rotation": {"angle": -45, "axis": "y", "origin": [10.56066, 0.7, 15.03934]},
			"faces": {
				"north": {"uv": [0, 0, 0, 1], "texture": "#0"},
				"east": {"uv": [15, 14, 16, 15], "texture": "#0"},
				"south": {"uv": [0, 0, 0, 1], "texture": "#0"},
				"west": {"uv": [13, 14, 14, 15], "texture": "#0"},
				"up": {"uv": [0, 0, 0, 1], "texture": "#0"},
				"down": {"uv": [0, 0, 0, 1], "texture": "#0"}
			}
		},
		{
			"from": [11.5, -0.8, 12],
			"to": [11.5, 2.3, 13],
			"rotation": {"angle": -45, "axis": "y", "origin": [11.5, 1.5, 14]},
			"faces": {
				"north": {"uv": [0, 0, 0, 2.2], "texture": "#0"},
				"east": {"uv": [14, 10, 15, 13], "texture": "#0"},
				"south": {"uv": [0, 0, 0, 3], "texture": "#0"},
				"west": {"uv": [14, 10, 15, 13], "texture": "#0"},
				"up": {"uv": [0, 0, 0, 1], "texture": "#0"},
				"down": {"uv": [0, 0, 0, 1], "texture": "#0"}
			}
		},
		{
			"from": [14.2, -0.8, 12.7],
			"to": [14.2, 0.2, 13.7],
			"rotation": {"angle": 45, "axis": "y", "origin": [14.2, 0.7, 14.7]},
			"faces": {
				"north": {"uv": [0, 0, 0, 1], "texture": "#0"},
				"east": {"uv": [14, 14, 15, 15], "texture": "#0"},
				"south": {"uv": [0, 0, 0, 1], "texture": "#0"},
				"west": {"uv": [14, 14, 15, 15], "texture": "#0"},
				"up": {"uv": [0, 0, 0, 1], "texture": "#0"},
				"down": {"uv": [0, 0, 0, 1], "texture": "#0"}
			}
		},
		{
			"from": [13.5, -0.8, 12],
			"to": [13.5, 2.3, 13],
			"rotation": {"angle": 45, "axis": "y", "origin": [13.5, 1.5, 14]},
			"faces": {
				"north": {"uv": [0, 0, 0, 2.2], "texture": "#0"},
				"east": {"uv": [14, 10, 15, 13], "texture": "#0"},
				"south": {"uv": [0, 0, 0, 3], "texture": "#0"},
				"west": {"uv": [14, 10, 15, 13], "texture": "#0"},
				"up": {"uv": [0, 0, 0, 1], "texture": "#0"},
				"down": {"uv": [0, 0, 0, 1], "texture": "#0"}
			}
		},
		{
			"from": [12.8, -0.8, 11.3],
			"to": [12.8, 0.2, 12.3],
			"rotation": {"angle": 45, "axis": "y", "origin": [12.8, 0.7, 13.3]},
			"faces": {
				"north": {"uv": [0, 0, 0, 1], "texture": "#0"},
				"east": {"uv": [13, 14, 14, 15], "texture": "#0"},
				"south": {"uv": [0, 0, 0, 1], "texture": "#0"},
				"west": {"uv": [13, 14, 14, 15], "texture": "#0"},
				"up": {"uv": [0, 0, 0, 1], "texture": "#0"},
				"down": {"uv": [0, 0, 0, 1], "texture": "#0"}
			}
		}
	],
	"groups": [
		{
			"name": "carrots_stage1",
			"origin": [8, 8, 8],
			"children": [
				{
					"name": "carrots_stage0",
					"origin": [8, 8, 8],
					"children": [
						{
							"name": "carrot",
							"origin": [8, 8, 8],
							"children": [0, 1, 2, 3, 4, 5, 6, 7, 8, 9, 10, 11, 12, 13]
						},
						{
							"name": "carrot",
							"origin": [8, 8, 8],
							"children": [14, 15, 16, 17, 18, 19, 20, 21, 22, 23]
						},
						{
							"name": "carrot",
							"origin": [8, 8, 8],
							"children": [24, 25, 26, 27, 28, 29, 30, 31, 32, 33]
						},
						{
							"name": "carrot",
							"origin": [8, 8, 8],
							"children": [34, 35, 36, 37, 38, 39, 40, 41, 42, 43]
						}
					]
				}
			]
		}
	]
}