{
	"credit": "Made with Blockbench",
	"textures": {
		"0": "blocks/carrots_stages",
		"particle": "blocks/carrots_stages"
	},
	"elements": [
		{
			"from": [11, 2, 4],
			"to": [14, 8, 4],
			"rotation": {"angle": 22.5, "axis": "x", "origin": [12.5, 3.5, 4]},
			"faces": {
				"north": {"uv": [13, 7, 16, 13], "texture": "#0"},
				"east": {"uv": [0, 0, 0, 3], "texture": "#0"},
				"south": {"uv": [13, 7, 16, 13], "texture": "#0"},
				"west": {"uv": [15, 11, 16, 12], "texture": "#0"},
				"up": {"uv": [0, 0, 3, 0], "texture": "#0"},
				"down": {"uv": [0, 0, 3, 0], "texture": "#0"}
			}
		},
		{
			"from": [13.5, 2, 1.5],
			"to": [13.5, 8, 4.5],
			"rotation": {"angle": -22.5, "axis": "z", "origin": [13.5, 3.5, 3]},
			"faces": {
				"north": {"uv": [0, 0, 0, 3], "texture": "#0"},
				"east": {"uv": [13, 7, 16, 13], "texture": "#0"},
				"south": {"uv": [0, 0, 0, 3], "texture": "#0"},
				"west": {"uv": [13, 7, 16, 13], "texture": "#0"},
				"up": {"uv": [0, 0, 3, 0], "rotation": 270, "texture": "#0"},
				"down": {"uv": [0, 0, 3, 0], "rotation": 90, "texture": "#0"}
			}
		},
		{
			"from": [11.5, 2, 1.5],
			"to": [11.5, 8, 4.5],
			"rotation": {"angle": 22.5, "axis": "z", "origin": [11.5, 3.5, 3]},
			"faces": {
				"north": {"uv": [0, 0, 0, 3], "texture": "#0"},
				"east": {"uv": [13, 7, 16, 13], "texture": "#0"},
				"south": {"uv": [0, 0, 0, 3], "texture": "#0"},
				"west": {"uv": [13, 7, 16, 13], "texture": "#0"},
				"up": {"uv": [0, 0, 3, 0], "rotation": 270, "texture": "#0"},
				"down": {"uv": [0, 0, 3, 0], "rotation": 90, "texture": "#0"}
			}
		},
		{
			"from": [11, 2, 2],
			"to": [14, 8, 2],
			"rotation": {"angle": -22.5, "axis": "x", "origin": [12.5, 3.5, 2]},
			"faces": {
				"north": {"uv": [13, 7, 16, 13], "texture": "#0"},
				"east": {"uv": [0, 0, 0, 3], "texture": "#0"},
				"south": {"uv": [13, 7, 16, 13], "texture": "#0"},
				"west": {"uv": [13, 7, 16, 13], "texture": "#0"},
				"up": {"uv": [0, 0, 3, 0], "texture": "#0"},
				"down": {"uv": [0, 0, 3, 0], "texture": "#0"}
			}
		},
		{
			"from": [13.5, 0, 2],
			"to": [13.5, 2.2, 3],
			"rotation": {"angle": 45, "axis": "y", "origin": [13.5, 1.5, 4]},
			"faces": {
				"north": {"uv": [0, 0, 0, 2.2], "texture": "#0"},
				"east": {"uv": [14, 14, 15, 16], "texture": "#0"},
				"south": {"uv": [0, 0, 0, 2.2], "texture": "#0"},
				"west": {"uv": [14, 14, 15, 16], "texture": "#0"},
				"up": {"uv": [0, 0, 0, 1], "texture": "#0"},
				"down": {"uv": [0, 0, 0, 1], "texture": "#0"}
			}
		},
		{
			"from": [2, 2.3, 2.5],
			"to": [3, 2.3, 3.5],
			"rotation": {"angle": 0, "axis": "y", "origin": [4, 3.8, 3.5]},
			"faces": {
				"north": {"uv": [0, 0, 1, 0], "texture": "#0"},
				"east": {"uv": [0, 0, 1, 0], "texture": "#0"},
				"south": {"uv": [0, 0, 1, 0], "texture": "#0"},
				"west": {"uv": [0, 0, 1, 0], "texture": "#0"},
				"up": {"uv": [14, 9, 15, 10], "rotation": 270, "texture": "#0"},
				"down": {"uv": [14, 9, 15, 10], "rotation": 90, "texture": "#0"}
			}
		},
		{
			"from": [12, 2.3, 2.5],
			"to": [13, 2.3, 3.5],
			"rotation": {"angle": 0, "axis": "y", "origin": [14, 3.8, 3.5]},
			"faces": {
				"north": {"uv": [0, 0, 1, 0], "texture": "#0"},
				"east": {"uv": [0, 0, 1, 0], "texture": "#0"},
				"south": {"uv": [0, 0, 1, 0], "texture": "#0"},
				"west": {"uv": [0, 0, 1, 0], "texture": "#0"},
				"up": {"uv": [14, 9, 15, 10], "rotation": 270, "texture": "#0"},
				"down": {"uv": [14, 9, 15, 10], "rotation": 90, "texture": "#0"}
			}
		},
		{
			"from": [12, 0.73431, 1.83431],
			"to": [13, 0.73431, 2.83431],
			"rotation": {"angle": 45, "axis": "x", "origin": [12.5, 1.3, 2.9]},
			"faces": {
				"north": {"uv": [0, 0, 1, 0], "texture": "#0"},
				"east": {"uv": [0, 0, 1, 0], "texture": "#0"},
				"south": {"uv": [0, 0, 1, 0], "texture": "#0"},
				"west": {"uv": [0, 0, 1, 0], "texture": "#0"},
				"up": {"uv": [14, 9, 15, 10], "rotation": 270, "texture": "#0"},
				"down": {"uv": [14, 9, 15, 10], "rotation": 90, "texture": "#0"}
			}
		},
		{
			"from": [2, 1.36569, 13.46569],
			"to": [3, 2.36569, 13.46569],
			"rotation": {"angle": 45, "axis": "x", "origin": [2.5, 1.3, 12.9]},
			"faces": {
				"north": {"uv": [14, 9, 15, 10], "rotation": 270, "texture": "#0"},
				"east": {"uv": [0, 0, 1, 0], "texture": "#0"},
				"south": {"uv": [14, 9, 15, 10], "rotation": 270, "texture": "#0"},
				"west": {"uv": [0, 0, 1, 0], "rotation": 90, "texture": "#0"},
				"up": {"uv": [0, 0, 1, 0], "rotation": 180, "texture": "#0"},
				"down": {"uv": [0, 0, 1, 0], "texture": "#0"}
			}
		},
		{
			"from": [12, 0.73431, 11.83431],
			"to": [13, 0.73431, 12.83431],
			"rotation": {"angle": 45, "axis": "x", "origin": [12.5, 1.3, 12.9]},
			"faces": {
				"north": {"uv": [0, 0, 1, 0], "texture": "#0"},
				"east": {"uv": [0, 0, 1, 0], "texture": "#0"},
				"south": {"uv": [0, 0, 1, 0], "texture": "#0"},
				"west": {"uv": [0, 0, 1, 0], "texture": "#0"},
				"up": {"uv": [14, 9, 15, 10], "rotation": 270, "texture": "#0"},
				"down": {"uv": [14, 9, 15, 10], "rotation": 90, "texture": "#0"}
			}
		},
		{
			"from": [12.03431, 1.36569, 12.4],
			"to": [12.03431, 2.36569, 13.4],
			"rotation": {"angle": 45, "axis": "z", "origin": [12.6, 1.3, 12.9]},
			"faces": {
				"north": {"uv": [0, 0, 1, 0], "rotation": 270, "texture": "#0"},
				"east": {"uv": [0, 0, 1, 0], "texture": "#0"},
				"south": {"uv": [0, 0, 1, 0], "rotation": 90, "texture": "#0"},
				"west": {"uv": [14, 9, 15, 10], "rotation": 270, "texture": "#0"},
				"up": {"uv": [0, 0, 1, 0], "rotation": 90, "texture": "#0"},
				"down": {"uv": [0, 0, 1, 0], "rotation": 90, "texture": "#0"}
			}
		},
		{
			"from": [12.83431, 0.56569, 12.4],
			"to": [12.83431, 1.56569, 13.4],
			"rotation": {"angle": -45, "axis": "z", "origin": [13.4, 0.5, 12.9]},
			"faces": {
				"north": {"uv": [0, 0, 1, 0], "rotation": 270, "texture": "#0"},
				"east": {"uv": [0, 0, 1, 0], "texture": "#0"},
				"south": {"uv": [0, 0, 1, 0], "rotation": 90, "texture": "#0"},
				"west": {"uv": [14, 9, 15, 10], "rotation": 270, "texture": "#0"},
				"up": {"uv": [0, 0, 1, 0], "rotation": 90, "texture": "#0"},
				"down": {"uv": [0, 0, 1, 0], "rotation": 90, "texture": "#0"}
			}
		},
		{
			"from": [12, 1.36569, 13.46569],
			"to": [13, 2.36569, 13.46569],
			"rotation": {"angle": 45, "axis": "x", "origin": [12.5, 1.3, 12.9]},
			"faces": {
				"north": {"uv": [14, 9, 15, 10], "rotation": 270, "texture": "#0"},
				"east": {"uv": [0, 0, 1, 0], "texture": "#0"},
				"south": {"uv": [14, 9, 15, 10], "rotation": 270, "texture": "#0"},
				"west": {"uv": [0, 0, 1, 0], "rotation": 90, "texture": "#0"},
				"up": {"uv": [0, 0, 1, 0], "rotation": 180, "texture": "#0"},
				"down": {"uv": [0, 0, 1, 0], "texture": "#0"}
			}
		},
		{
			"from": [2.83431, 0.56569, 12.4],
			"to": [2.83431, 1.56569, 13.4],
			"rotation": {"angle": -45, "axis": "z", "origin": [3.4, 0.5, 12.9]},
			"faces": {
				"north": {"uv": [0, 0, 1, 0], "rotation": 270, "texture": "#0"},
				"east": {"uv": [0, 0, 1, 0], "texture": "#0"},
				"south": {"uv": [0, 0, 1, 0], "rotation": 90, "texture": "#0"},
				"west": {"uv": [14, 9, 15, 10], "rotation": 270, "texture": "#0"},
				"up": {"uv": [0, 0, 1, 0], "rotation": 90, "texture": "#0"},
				"down": {"uv": [0, 0, 1, 0], "rotation": 90, "texture": "#0"}
			}
		},
		{
			"from": [2.03431, 1.36569, 12.4],
			"to": [2.03431, 2.36569, 13.4],
			"rotation": {"angle": 45, "axis": "z", "origin": [2.6, 1.3, 12.9]},
			"faces": {
				"north": {"uv": [0, 0, 1, 0], "rotation": 270, "texture": "#0"},
				"east": {"uv": [0, 0, 1, 0], "texture": "#0"},
				"south": {"uv": [0, 0, 1, 0], "rotation": 90, "texture": "#0"},
				"west": {"uv": [14, 9, 15, 10], "rotation": 270, "texture": "#0"},
				"up": {"uv": [0, 0, 1, 0], "rotation": 90, "texture": "#0"},
				"down": {"uv": [0, 0, 1, 0], "rotation": 90, "texture": "#0"}
			}
		},
		{
			"from": [2, 0.73431, 11.83431],
			"to": [3, 0.73431, 12.83431],
			"rotation": {"angle": 45, "axis": "x", "origin": [2.5, 1.3, 12.9]},
			"faces": {
				"north": {"uv": [0, 0, 1, 0], "texture": "#0"},
				"east": {"uv": [0, 0, 1, 0], "texture": "#0"},
				"south": {"uv": [0, 0, 1, 0], "texture": "#0"},
				"west": {"uv": [0, 0, 1, 0], "texture": "#0"},
				"up": {"uv": [14, 9, 15, 10], "rotation": 270, "texture": "#0"},
				"down": {"uv": [14, 9, 15, 10], "rotation": 90, "texture": "#0"}
			}
		},
		{
			"from": [12.03431, 1.36569, 2.4],
			"to": [12.03431, 2.36569, 3.4],
			"rotation": {"angle": 45, "axis": "z", "origin": [12.6, 1.3, 2.9]},
			"faces": {
				"north": {"uv": [0, 0, 1, 0], "rotation": 270, "texture": "#0"},
				"east": {"uv": [0, 0, 1, 0], "texture": "#0"},
				"south": {"uv": [0, 0, 1, 0], "rotation": 90, "texture": "#0"},
				"west": {"uv": [14, 9, 15, 10], "rotation": 270, "texture": "#0"},
				"up": {"uv": [0, 0, 1, 0], "rotation": 90, "texture": "#0"},
				"down": {"uv": [0, 0, 1, 0], "rotation": 90, "texture": "#0"}
			}
		},
		{
			"from": [12.83431, 0.56569, 2.4],
			"to": [12.83431, 1.56569, 3.4],
			"rotation": {"angle": -45, "axis": "z", "origin": [13.4, 0.5, 2.9]},
			"faces": {
				"north": {"uv": [0, 0, 1, 0], "rotation": 270, "texture": "#0"},
				"east": {"uv": [0, 0, 1, 0], "texture": "#0"},
				"south": {"uv": [0, 0, 1, 0], "rotation": 90, "texture": "#0"},
				"west": {"uv": [14, 9, 15, 10], "rotation": 270, "texture": "#0"},
				"up": {"uv": [0, 0, 1, 0], "rotation": 90, "texture": "#0"},
				"down": {"uv": [0, 0, 1, 0], "rotation": 90, "texture": "#0"}
			}
		},
		{
			"from": [12, 1.36569, 3.46569],
			"to": [13, 2.36569, 3.46569],
			"rotation": {"angle": 45, "axis": "x", "origin": [12.5, 1.3, 2.9]},
			"faces": {
				"north": {"uv": [14, 9, 15, 10], "rotation": 270, "texture": "#0"},
				"east": {"uv": [0, 0, 1, 0], "texture": "#0"},
				"south": {"uv": [14, 9, 15, 10], "rotation": 270, "texture": "#0"},
				"west": {"uv": [0, 0, 1, 0], "rotation": 90, "texture": "#0"},
				"up": {"uv": [0, 0, 1, 0], "rotation": 180, "texture": "#0"},
				"down": {"uv": [0, 0, 1, 0], "texture": "#0"}
			}
		},
		{
			"from": [2, 2.3, 12.5],
			"to": [3, 2.3, 13.5],
			"rotation": {"angle": 0, "axis": "y", "origin": [4, 3.8, 13.5]},
			"faces": {
				"north": {"uv": [0, 0, 1, 0], "texture": "#0"},
				"east": {"uv": [0, 0, 1, 0], "texture": "#0"},
				"south": {"uv": [0, 0, 1, 0], "texture": "#0"},
				"west": {"uv": [0, 0, 1, 0], "texture": "#0"},
				"up": {"uv": [14, 9, 15, 10], "rotation": 270, "texture": "#0"},
				"down": {"uv": [14, 9, 15, 10], "rotation": 90, "texture": "#0"}
			}
		},
		{
			"from": [11.5, 0, 2],
			"to": [11.5, 2.2, 3],
			"rotation": {"angle": -45, "axis": "y", "origin": [11.5, 1.5, 4]},
			"faces": {
				"north": {"uv": [0, 0, 0, 2.2], "texture": "#0"},
				"east": {"uv": [14, 11, 15, 13], "texture": "#0"},
				"south": {"uv": [0, 0, 0, 2.2], "texture": "#0"},
				"west": {"uv": [14, 10, 15, 12], "texture": "#0"},
				"up": {"uv": [0, 0, 0, 1], "texture": "#0"},
				"down": {"uv": [0, 0, 0, 1], "texture": "#0"}
			}
		},
		{
			"from": [1.1, -5, 1.4],
			"to": [4.1, 1, 4.4],
			"rotation": {"angle": 0, "axis": "y", "origin": [10.1, 6, 10.4]},
			"faces": {
				"north": {"uv": [9, 0, 12, 6], "texture": "#0"},
				"east": {"uv": [9, 0, 12, 6], "texture": "#0"},
				"south": {"uv": [9, 0, 12, 6], "texture": "#0"},
				"west": {"uv": [9, 0, 12, 6], "texture": "#0"},
				"up": {"uv": [13, 0, 16, 3], "texture": "#0"},
				"down": {"uv": [13, 0, 16, 3], "texture": "#0"}
			}
		},
		{
			"from": [1, 2, 4],
			"to": [4, 8, 4],
			"rotation": {"angle": 22.5, "axis": "x", "origin": [2.5, 3.5, 4]},
			"faces": {
				"north": {"uv": [13, 7, 16, 13], "texture": "#0"},
				"east": {"uv": [0, 0, 0, 3], "texture": "#0"},
				"south": {"uv": [13, 7, 16, 13], "texture": "#0"},
				"west": {"uv": [15, 11, 16, 12], "texture": "#0"},
				"up": {"uv": [0, 0, 3, 0], "texture": "#0"},
				"down": {"uv": [0, 0, 3, 0], "texture": "#0"}
			}
		},
		{
			"from": [3.5, 2, 1.5],
			"to": [3.5, 8, 4.5],
			"rotation": {"angle": -22.5, "axis": "z", "origin": [3.5, 3.5, 3]},
			"faces": {
				"north": {"uv": [0, 0, 0, 3], "texture": "#0"},
				"east": {"uv": [13, 7, 16, 13], "texture": "#0"},
				"south": {"uv": [0, 0, 0, 3], "texture": "#0"},
				"west": {"uv": [13, 7, 16, 13], "texture": "#0"},
				"up": {"uv": [0, 0, 3, 0], "rotation": 270, "texture": "#0"},
				"down": {"uv": [0, 0, 3, 0], "rotation": 90, "texture": "#0"}
			}
		},
		{
			"from": [1.5, 2, 1.5],
			"to": [1.5, 8, 4.5],
			"rotation": {"angle": 22.5, "axis": "z", "origin": [1.5, 3.5, 3]},
			"faces": {
				"north": {"uv": [0, 0, 0, 3], "texture": "#0"},
				"east": {"uv": [13, 7, 16, 13], "texture": "#0"},
				"south": {"uv": [0, 0, 0, 3], "texture": "#0"},
				"west": {"uv": [13, 7, 16, 13], "texture": "#0"},
				"up": {"uv": [0, 0, 3, 0], "rotation": 270, "texture": "#0"},
				"down": {"uv": [0, 0, 3, 0], "rotation": 90, "texture": "#0"}
			}
		},
		{
			"from": [1, 2, 2],
			"to": [4, 8, 2],
			"rotation": {"angle": -22.5, "axis": "x", "origin": [2.5, 3.5, 2]},
			"faces": {
				"north": {"uv": [13, 7, 16, 13], "texture": "#0"},
				"east": {"uv": [0, 0, 0, 3], "texture": "#0"},
				"south": {"uv": [13, 7, 16, 13], "texture": "#0"},
				"west": {"uv": [13, 7, 16, 13], "texture": "#0"},
				"up": {"uv": [0, 0, 3, 0], "texture": "#0"},
				"down": {"uv": [0, 0, 3, 0], "texture": "#0"}
			}
		},
		{
			"from": [1.5, 0, 2],
			"to": [1.5, 2.2, 3],
			"rotation": {"angle": -45, "axis": "y", "origin": [1.5, 1.5, 4]},
			"faces": {
				"north": {"uv": [0, 0, 0, 2.2], "texture": "#0"},
				"east": {"uv": [14, 11, 15, 13], "texture": "#0"},
				"south": {"uv": [0, 0, 0, 2.2], "texture": "#0"},
				"west": {"uv": [14, 10, 15, 12], "texture": "#0"},
				"up": {"uv": [0, 0, 0, 1], "texture": "#0"},
				"down": {"uv": [0, 0, 0, 1], "texture": "#0"}
			}
		},
		{
			"from": [3.5, 0, 2],
			"to": [3.5, 2.2, 3],
			"rotation": {"angle": 45, "axis": "y", "origin": [3.5, 1.5, 4]},
			"faces": {
				"north": {"uv": [0, 0, 0, 2.2], "texture": "#0"},
				"east": {"uv": [14, 14, 15, 16], "texture": "#0"},
				"south": {"uv": [0, 0, 0, 2.2], "texture": "#0"},
				"west": {"uv": [14, 14, 15, 16], "texture": "#0"},
				"up": {"uv": [0, 0, 0, 1], "texture": "#0"},
				"down": {"uv": [0, 0, 0, 1], "texture": "#0"}
			}
		},
		{
			"from": [11.1, -5, 1.4],
			"to": [14.1, 1, 4.4],
			"rotation": {"angle": 0, "axis": "y", "origin": [20.1, 6, 10.4]},
			"faces": {
				"north": {"uv": [9, 0, 12, 6], "texture": "#0"},
				"east": {"uv": [9, 0, 12, 6], "texture": "#0"},
				"south": {"uv": [9, 0, 12, 6], "texture": "#0"},
				"west": {"uv": [9, 0, 12, 6], "texture": "#0"},
				"up": {"uv": [13, 0, 16, 3], "texture": "#0"},
				"down": {"uv": [13, 0, 16, 3], "texture": "#0"}
			}
		},
		{
			"from": [1, 2, 14],
			"to": [4, 8, 14],
			"rotation": {"angle": 22.5, "axis": "x", "origin": [2.5, 3.5, 14]},
			"faces": {
				"north": {"uv": [13, 7, 16, 13], "texture": "#0"},
				"east": {"uv": [0, 0, 0, 3], "texture": "#0"},
				"south": {"uv": [13, 7, 16, 13], "texture": "#0"},
				"west": {"uv": [15, 11, 16, 12], "texture": "#0"},
				"up": {"uv": [0, 0, 3, 0], "texture": "#0"},
				"down": {"uv": [0, 0, 3, 0], "texture": "#0"}
			}
		},
		{
			"from": [3.5, 2, 11.5],
			"to": [3.5, 8, 14.5],
			"rotation": {"angle": -22.5, "axis": "z", "origin": [3.5, 3.5, 13]},
			"faces": {
				"north": {"uv": [0, 0, 0, 3], "texture": "#0"},
				"east": {"uv": [13, 7, 16, 13], "texture": "#0"},
				"south": {"uv": [0, 0, 0, 3], "texture": "#0"},
				"west": {"uv": [13, 7, 16, 13], "texture": "#0"},
				"up": {"uv": [0, 0, 3, 0], "rotation": 270, "texture": "#0"},
				"down": {"uv": [0, 0, 3, 0], "rotation": 90, "texture": "#0"}
			}
		},
		{
			"from": [1.5, 2, 11.5],
			"to": [1.5, 8, 14.5],
			"rotation": {"angle": 22.5, "axis": "z", "origin": [1.5, 3.5, 13]},
			"faces": {
				"north": {"uv": [0, 0, 0, 3], "texture": "#0"},
				"east": {"uv": [13, 7, 16, 13], "texture": "#0"},
				"south": {"uv": [0, 0, 0, 3], "texture": "#0"},
				"west": {"uv": [13, 7, 16, 13], "texture": "#0"},
				"up": {"uv": [0, 0, 3, 0], "rotation": 270, "texture": "#0"},
				"down": {"uv": [0, 0, 3, 0], "rotation": 90, "texture": "#0"}
			}
		},
		{
			"from": [1, 2, 12],
			"to": [4, 8, 12],
			"rotation": {"angle": -22.5, "axis": "x", "origin": [2.5, 3.5, 12]},
			"faces": {
				"north": {"uv": [13, 7, 16, 13], "texture": "#0"},
				"east": {"uv": [0, 0, 0, 3], "texture": "#0"},
				"south": {"uv": [13, 7, 16, 13], "texture": "#0"},
				"west": {"uv": [13, 7, 16, 13], "texture": "#0"},
				"up": {"uv": [0, 0, 3, 0], "texture": "#0"},
				"down": {"uv": [0, 0, 3, 0], "texture": "#0"}
			}
		},
		{
			"from": [3.5, 0, 12],
			"to": [3.5, 2.2, 13],
			"rotation": {"angle": 45, "axis": "y", "origin": [3.5, 1.5, 14]},
			"faces": {
				"north": {"uv": [0, 0, 0, 2.2], "texture": "#0"},
				"east": {"uv": [14, 14, 15, 16], "texture": "#0"},
				"south": {"uv": [0, 0, 0, 2.2], "texture": "#0"},
				"west": {"uv": [14, 14, 15, 16], "texture": "#0"},
				"up": {"uv": [0, 0, 0, 1], "texture": "#0"},
				"down": {"uv": [0, 0, 0, 1], "texture": "#0"}
			}
		},
		{
			"from": [1.5, 0, 12],
			"to": [1.5, 2.2, 13],
			"rotation": {"angle": -45, "axis": "y", "origin": [1.5, 1.5, 14]},
			"faces": {
				"north": {"uv": [0, 0, 0, 2.2], "texture": "#0"},
				"east": {"uv": [14, 11, 15, 13], "texture": "#0"},
				"south": {"uv": [0, 0, 0, 2.2], "texture": "#0"},
				"west": {"uv": [14, 10, 15, 12], "texture": "#0"},
				"up": {"uv": [0, 0, 0, 1], "texture": "#0"},
				"down": {"uv": [0, 0, 0, 1], "texture": "#0"}
			}
		},
		{
			"from": [1.1, -5, 11.4],
			"to": [4.1, 1, 14.4],
			"rotation": {"angle": 0, "axis": "y", "origin": [10.1, 6, 20.4]},
			"faces": {
				"north": {"uv": [9, 0, 12, 6], "texture": "#0"},
				"east": {"uv": [9, 0, 12, 6], "texture": "#0"},
				"south": {"uv": [9, 0, 12, 6], "texture": "#0"},
				"west": {"uv": [9, 0, 12, 6], "texture": "#0"},
				"up": {"uv": [13, 0, 16, 3], "texture": "#0"},
				"down": {"uv": [13, 0, 16, 3], "texture": "#0"}
			}
		},
		{
			"from": [11, 2.1, 14],
			"to": [14, 8.1, 14],
			"rotation": {"angle": 22.5, "axis": "x", "origin": [12.5, 3.6, 14]},
			"faces": {
				"north": {"uv": [13, 7, 16, 13], "texture": "#0"},
				"east": {"uv": [0, 0, 0, 3], "texture": "#0"},
				"south": {"uv": [13, 7, 16, 13], "texture": "#0"},
				"west": {"uv": [15, 11, 16, 12], "texture": "#0"},
				"up": {"uv": [0, 0, 3, 0], "texture": "#0"},
				"down": {"uv": [0, 0, 3, 0], "texture": "#0"}
			}
		},
		{
			"from": [13.5, 2.1, 11.5],
			"to": [13.5, 8.1, 14.5],
			"rotation": {"angle": -22.5, "axis": "z", "origin": [13.5, 3.6, 13]},
			"faces": {
				"north": {"uv": [0, 0, 0, 3], "texture": "#0"},
				"east": {"uv": [13, 7, 16, 13], "texture": "#0"},
				"south": {"uv": [0, 0, 0, 3], "texture": "#0"},
				"west": {"uv": [13, 7, 16, 13], "texture": "#0"},
				"up": {"uv": [0, 0, 3, 0], "rotation": 270, "texture": "#0"},
				"down": {"uv": [0, 0, 3, 0], "rotation": 90, "texture": "#0"}
			}
		},
		{
			"from": [11.5, 2.1, 11.5],
			"to": [11.5, 8.1, 14.5],
			"rotation": {"angle": 22.5, "axis": "z", "origin": [11.5, 3.6, 13]},
			"faces": {
				"north": {"uv": [0, 0, 0, 3], "texture": "#0"},
				"east": {"uv": [13, 7, 16, 13], "texture": "#0"},
				"south": {"uv": [0, 0, 0, 3], "texture": "#0"},
				"west": {"uv": [13, 7, 16, 13], "texture": "#0"},
				"up": {"uv": [0, 0, 3, 0], "rotation": 270, "texture": "#0"},
				"down": {"uv": [0, 0, 3, 0], "rotation": 90, "texture": "#0"}
			}
		},
		{
			"from": [11, 2.1, 12],
			"to": [14, 8.1, 12],
			"rotation": {"angle": -22.5, "axis": "x", "origin": [12.5, 3.6, 12]},
			"faces": {
				"north": {"uv": [13, 7, 16, 13], "texture": "#0"},
				"east": {"uv": [0, 0, 0, 3], "texture": "#0"},
				"south": {"uv": [13, 7, 16, 13], "texture": "#0"},
				"west": {"uv": [13, 7, 16, 13], "texture": "#0"},
				"up": {"uv": [0, 0, 3, 0], "texture": "#0"},
				"down": {"uv": [0, 0, 3, 0], "texture": "#0"}
			}
		},
		{
			"from": [11.5, 0.1, 12],
			"to": [11.5, 2.3, 13],
			"rotation": {"angle": -45, "axis": "y", "origin": [11.5, 1.6, 14]},
			"faces": {
				"north": {"uv": [0, 0, 0, 2.2], "texture": "#0"},
				"east": {"uv": [14, 11, 15, 13], "texture": "#0"},
				"south": {"uv": [0, 0, 0, 2.2], "texture": "#0"},
				"west": {"uv": [14, 10, 15, 12], "texture": "#0"},
				"up": {"uv": [0, 0, 0, 1], "texture": "#0"},
				"down": {"uv": [0, 0, 0, 1], "texture": "#0"}
			}
		},
		{
			"from": [13.5, 0.1, 12],
			"to": [13.5, 2.3, 13],
			"rotation": {"angle": 45, "axis": "y", "origin": [13.5, 1.6, 14]},
			"faces": {
				"north": {"uv": [0, 0, 0, 2.2], "texture": "#0"},
				"east": {"uv": [14, 14, 15, 16], "texture": "#0"},
				"south": {"uv": [0, 0, 0, 2.2], "texture": "#0"},
				"west": {"uv": [14, 14, 15, 16], "texture": "#0"},
				"up": {"uv": [0, 0, 0, 1], "texture": "#0"},
				"down": {"uv": [0, 0, 0, 1], "texture": "#0"}
			}
		},
		{
			"from": [12, 2.4, 12.5],
			"to": [13, 2.4, 13.5],
			"rotation": {"angle": 0, "axis": "y", "origin": [14, 3.9, 13.5]},
			"faces": {
				"north": {"uv": [0, 0, 1, 0], "texture": "#0"},
				"east": {"uv": [0, 0, 1, 0], "texture": "#0"},
				"south": {"uv": [0, 0, 1, 0], "texture": "#0"},
				"west": {"uv": [0, 0, 1, 0], "texture": "#0"},
				"up": {"uv": [14, 9, 15, 10], "rotation": 270, "texture": "#0"},
				"down": {"uv": [14, 9, 15, 10], "rotation": 90, "texture": "#0"}
			}
		},
		{
			"from": [11.1, -4.9, 11.4],
			"to": [14.1, 1.1, 14.4],
			"rotation": {"angle": 0, "axis": "y", "origin": [20.1, 6.1, 20.4]},
			"faces": {
				"north": {"uv": [6, 0, 9, 6], "texture": "#0"},
				"east": {"uv": [9, 0, 12, 6], "texture": "#0"},
				"south": {"uv": [9, 0, 12, 6], "texture": "#0"},
				"west": {"uv": [9, 0, 12, 6], "texture": "#0"},
				"up": {"uv": [13, 0, 16, 3], "texture": "#0"},
				"down": {"uv": [13, 0, 16, 3], "texture": "#0"}
			}
		}
	],
	"groups": [
		{
			"name": "carrots_stage2",
			"origin": [8, 8, 8],
			"children": [
				{
					"name": "carrots_stage1",
					"origin": [8, 8, 8],
					"children": [
						{
							"name": "carrots_stage0",
							"origin": [8, 8, 8],
							"children": [
								{
									"name": "carrot",
									"origin": [8, 8, 8],
									"children": [0, 1, 2, 3, 4, 5, 6, 7, 8, 9, 10, 11, 12, 13, 14, 15, 16, 17, 18, 19, 20, 21]
								},
								{
									"name": "carrot",
									"origin": [8, 8, 8],
									"children": [22, 23, 24, 25, 26, 27, 28]
								},
								{
									"name": "carrot",
									"origin": [8, 8, 8],
									"children": [29, 30, 31, 32, 33, 34, 35]
								},
								{
									"name": "carrot",
									"origin": [8, 8, 8],
									"children": [36, 37, 38, 39, 40, 41, 42, 43]
								}
							]
						}
					]
				}
			]
		}
	]
}