{
	"__comment": "Designed by Sawors with Cubik Studio - https://cubik.studio",
	"textures": {
		"particle": "blocks/dand_flower",
		"dand_flower": "blocks/dand_flower",
		"dand_stem": "blocks/dand_stem",
		"dand_core": "blocks/dand_core"
	},
	"elements": [ 	 
		{
			"__comment": "Box1",
			"from": [ 8, 0, 7.5 ],
			"to": [ 9, 5, 8.5 ],
			"faces": {
				"down": { "uv": [ 8, 7.5, 9, 8.5 ], "texture": "#dand_stem" },
				"up": { "uv": [ 8, 7.5, 9, 8.5 ], "texture": "#dand_stem" },
				"north": { "uv": [ 7, 11, 8, 16 ], "texture": "#dand_stem" },
				"south": { "uv": [ 8, 11, 9, 16 ], "texture": "#dand_stem" },
				"west": { "uv": [ 6, 11, 7, 16 ], "texture": "#dand_stem" },
				"east": { "uv": [ 10, 11, 11, 16 ], "texture": "#dand_stem" }
			}
		},
		{
			"__comment": "Box2",
			"from": [ 8, 3, 5.5 ],
			"to": [ 9, 4, 7.5 ],
			"faces": {
				"down": { "uv": [ 8, 8, 9, 10 ], "texture": "#dand_stem" },
				"up": { "uv": [ 8, 6, 9, 8 ], "texture": "#dand_stem" },
				"north": { "uv": [ 7, 12, 8, 13 ], "texture": "#dand_stem" },
				"south": { "uv": [ 8, 12, 9, 13 ], "texture": "#dand_stem" },
				"west": { "uv": [ 5, 12, 7, 13 ], "texture": "#dand_stem" },
				"east": { "uv": [ 8, 12, 10, 13 ], "texture": "#dand_stem" }
			}
		},
		{
			"__comment": "Box2",
			"from": [ 8, 2, 8.5 ],
			"to": [ 9, 3, 10.5 ],
			"faces": {
				"down": { "uv": [ 8, 5, 9, 7 ], "texture": "#dand_stem" },
				"up": { "uv": [ 8, 9, 9, 11 ], "texture": "#dand_stem" },
				"north": { "uv": [ 7, 13, 8, 14 ], "texture": "#dand_stem" },
				"south": { "uv": [ 8, 13, 9, 14 ], "texture": "#dand_stem" },
				"west": { "uv": [ 9, 13, 11, 14 ], "texture": "#dand_stem" },
				"east": { "uv": [ 5, 13, 7, 14 ], "texture": "#dand_stem" }
			}
		},
		{
			"__comment": "Box2",
			"from": [ 8, 1, 8.5 ],
			"to": [ 9, 2, 9.5 ],
			"faces": {
				"down": { "uv": [ 8, 6.5, 9, 7.5 ], "texture": "#dand_stem" },
				"up": { "uv": [ 8, 9, 9, 10 ], "texture": "#dand_stem" },
				"north": { "uv": [ 7, 14, 8, 15 ], "texture": "#dand_stem" },
				"south": { "uv": [ 8, 14, 9, 15 ], "texture": "#dand_stem" },
				"west": { "uv": [ 9, 14, 10, 15 ], "texture": "#dand_stem" },
				"east": { "uv": [ 6, 14, 7, 15 ], "texture": "#dand_stem" }
			}
		},
		{
			"__comment": "Box2",
			"from": [ 8, 2, 6.5 ],
			"to": [ 9, 3, 7.5 ],
			"faces": {
				"down": { "uv": [ 8, 9, 9, 10 ], "texture": "#dand_stem" },
				"up": { "uv": [ 8, 6, 9, 7 ], "texture": "#dand_stem" },
				"north": { "uv": [ 7, 13, 8, 14 ], "texture": "#dand_stem" },
				"south": { "uv": [ 8, 13, 9, 14 ], "texture": "#dand_stem" },
				"west": { "uv": [ 6, 13, 7, 14 ], "texture": "#dand_stem" },
				"east": { "uv": [ 9, 13, 10, 14 ], "texture": "#dand_stem" }
			}
		},
		{
			"__comment": "Box6",
			"from": [ 6.5, 5, 6 ],
			"to": [ 10.5, 7, 10 ],
			"faces": {
				"down": { "uv": [ 2, 4, 6, 8 ], "texture": "#dand_flower" },
				"up": { "uv": [ 2, 5, 6, 9 ], "texture": "#dand_flower" },
				"north": { "uv": [ 5.5, 9, 9.5, 11 ], "texture": "#dand_flower" },
				"south": { "uv": [ 6.5, 9, 10.5, 11 ], "texture": "#dand_flower" },
				"west": { "uv": [ 6, 9, 10, 11 ], "texture": "#dand_flower" },
				"east": { "uv": [ 6, 9, 10, 11 ], "texture": "#dand_flower" }
			}
		},
		{
			"__comment": "Box14",
			"from": [ 7.5, 6.5, 7 ],
			"to": [ 9.5, 7.5, 9 ],
			"faces": {
				"down": { "uv": [ 7.5, 7, 9.5, 9 ], "texture": "#dand_core" },
				"up": { "uv": [ 8, 7, 10, 9 ], "texture": "#dand_core" },
				"north": { "uv": [ 6.5, 8.5, 8.5, 9.5 ], "texture": "#dand_core" },
				"south": { "uv": [ 7.5, 8.5, 9.5, 9.5 ], "texture": "#dand_core" },
				"west": { "uv": [ 7, 8.5, 9, 9.5 ], "texture": "#dand_core" },
				"east": { "uv": [ 7, 8.5, 9, 9.5 ], "texture": "#dand_core" }
			}
		},
		{
			"__comment": "Box15",
			"from": [ 6.5, 5, 5 ],
			"to": [ 10.5, 6, 6 ],
			"faces": {
				"down": { "uv": [ 6.5, 10, 10.5, 11 ], "texture": "#dand_flower" },
				"up": { "uv": [ 5, 5, 9, 6 ], "texture": "#dand_flower" },
				"north": { "uv": [ 5.5, 10, 9.5, 11 ], "texture": "#dand_flower" },
				"south": { "uv": [ 6.5, 10, 10.5, 11 ], "texture": "#dand_flower" },
				"west": { "uv": [ 5, 10, 6, 11 ], "texture": "#dand_flower" },
				"east": { "uv": [ 10, 10, 11, 11 ], "texture": "#dand_flower" }
			}
		},
		{
			"__comment": "Box15",
			"from": [ 6.5, 5, 10 ],
			"to": [ 10.5, 6, 11 ],
			"faces": {
				"down": { "uv": [ 6.5, 5, 10.5, 6 ], "texture": "#dand_flower" },
				"up": { "uv": [ 7, 11, 11, 12 ], "texture": "#dand_flower" },
				"north": { "uv": [ 6, 10, 10, 11 ], "texture": "#dand_flower" },
				"south": { "uv": [ 7, 10, 11, 11 ], "texture": "#dand_flower" },
				"west": { "uv": [ 10, 10, 11, 11 ], "texture": "#dand_flower" },
				"east": { "uv": [ 5, 10, 6, 11 ], "texture": "#dand_flower" }
			}
		},
		{
			"__comment": "Box17",
			"from": [ 5.5, 5, 6 ],
			"to": [ 6.5, 6, 10 ],
			"faces": {
				"down": { "uv": [ 5, 6, 6, 10 ], "texture": "#dand_flower" },
				"up": { "uv": [ 6, 6, 7, 10 ], "texture": "#dand_flower" },
				"north": { "uv": [ 9, 10, 10, 11 ], "texture": "#dand_flower" },
				"south": { "uv": [ 6, 10, 7, 11 ], "texture": "#dand_flower" },
				"west": { "uv": [ 6, 10, 10, 11 ], "texture": "#dand_flower" },
				"east": { "uv": [ 6, 10, 10, 11 ], "texture": "#dand_flower" }
			}
		},
		{
			"__comment": "Box17",
			"from": [ 10.5, 5, 6 ],
			"to": [ 11.5, 6, 10 ],
			"faces": {
				"down": { "uv": [ 11, 6, 12, 10 ], "texture": "#dand_flower" },
				"up": { "uv": [ 10, 6, 11, 10 ], "texture": "#dand_flower" },
				"north": { "uv": [ 4, 10, 5, 11 ], "texture": "#dand_flower" },
				"south": { "uv": [ 11, 10, 12, 11 ], "texture": "#dand_flower" },
				"west": { "uv": [ 6, 10, 10, 11 ], "texture": "#dand_flower" },
				"east": { "uv": [ 6, 10, 10, 11 ], "texture": "#dand_flower" }
			}
		}
	]
}