{
	"credit": "Made with Blockbench",
	"textures": {
		"1": "blocks/pumpkin_side",
		"2": "blocks/pumpkin_top",
		"4": "blocks/pumpkin_face_on",
		"5": "blocks/pumpkin_indside_lit",
		"6": "blocks/pumpkin_inside_top_lit",
		"7": "blocks/torch_on",
		"particle": "blocks/pumpkin_side"
	},
	"elements": [
		{
			"from": [0, 0, 0],
			"to": [16, 1, 16],
			"rotation": {"angle": 0, "axis": "y", "origin": [8.78571, 7.87143, 1.95714]},
			"faces": {
				"north": {"uv": [0, 15, 16, 16], "texture": "#4"},
				"east": {"uv": [0, 15, 16, 16], "texture": "#1"},
				"south": {"uv": [0, 15, 16, 16], "texture": "#1"},
				"west": {"uv": [0, 15, 16, 16], "texture": "#1"},
				"up": {"uv": [0, 0, 16, 16], "rotation": 90, "texture": "#6"},
				"down": {"uv": [0, 0, 16, 16], "rotation": 270, "texture": "#2"}
			}
		},
		{
			"from": [0, 15, 0],
			"to": [16, 16, 16],
			"rotation": {"angle": 0, "axis": "y", "origin": [8.78571, 7.87143, 1.95714]},
			"faces": {
				"north": {"uv": [0, 0, 16, 1], "texture": "#4"},
				"east": {"uv": [0, 0, 16, 1], "texture": "#1"},
				"south": {"uv": [0, 0, 16, 1], "texture": "#1"},
				"west": {"uv": [0, 0, 16, 1], "texture": "#1"},
				"up": {"uv": [0, 0, 16, 16], "rotation": 90, "texture": "#2"},
				"down": {"uv": [0, 0, 16, 16], "rotation": 270, "texture": "#6"}
			}
		},
		{
			"from": [15, 1, 1],
			"to": [16, 15, 15],
			"rotation": {"angle": 0, "axis": "y", "origin": [8.78571, 7.87143, 1.95714]},
			"faces": {
				"north": {"uv": [0, 0, 1, 14], "texture": "#missing"},
				"east": {"uv": [1, 1, 15, 15], "texture": "#1"},
				"south": {"uv": [0, 0, 1, 14], "texture": "#missing"},
				"west": {"uv": [1, 1, 15, 15], "texture": "#5"},
				"up": {"uv": [0, 0, 14, 1], "rotation": 90, "texture": "#missing"},
				"down": {"uv": [0, 0, 14, 1], "rotation": 270, "texture": "#missing"}
			}
		},
		{
			"from": [0, 1, 1],
			"to": [1, 15, 15],
			"rotation": {"angle": 0, "axis": "y", "origin": [7.78571, 7.87143, 1.95714]},
			"faces": {
				"north": {"uv": [0, 0, 1, 14], "texture": "#missing"},
				"east": {"uv": [1, 1, 15, 15], "texture": "#5"},
				"south": {"uv": [0, 0, 1, 14], "texture": "#missing"},
				"west": {"uv": [1, 1, 15, 15], "texture": "#1"},
				"up": {"uv": [0, 0, 14, 1], "rotation": 90, "texture": "#missing"},
				"down": {"uv": [0, 0, 14, 1], "rotation": 270, "texture": "#missing"}
			}
		},
		{
			"from": [0, 1, 15],
			"to": [16, 15, 16],
			"rotation": {"angle": 0, "axis": "y", "origin": [8.78571, 7.87143, 1.95714]},
			"faces": {
				"north": {"uv": [0, 1, 16, 15], "texture": "#5"},
				"east": {"uv": [15, 1, 16, 15], "texture": "#1"},
				"south": {"uv": [0, 1, 16, 15], "texture": "#1"},
				"west": {"uv": [15, 1, 16, 15], "texture": "#1"},
				"up": {"uv": [0, 0, 1, 16], "rotation": 90, "texture": "#missing"},
				"down": {"uv": [0, 0, 1, 16], "rotation": 270, "texture": "#missing"}
			}
		},
		{
			"from": [7, 1, 7],
			"to": [9, 9, 9],
			"rotation": {"angle": 0, "axis": "y", "origin": [15, 9, 15]},
			"faces": {
				"north": {"uv": [7, 6, 9, 14], "texture": "#7"},
				"east": {"uv": [7, 6, 9, 14], "texture": "#7"},
				"south": {"uv": [7, 6, 9, 14], "texture": "#7"},
				"west": {"uv": [7, 6, 9, 14], "texture": "#7"},
				"up": {"uv": [7, 6, 9, 8], "texture": "#7"},
				"down": {"uv": [0, 0, 2, 2], "texture": "#missing"}
			}
		},
		{
			"from": [12.99996, 1, 0],
			"to": [13.99996, 4, 1],
			"rotation": {"angle": 0, "axis": "y", "origin": [7.78571, 7.87143, 1.95714]},
			"faces": {
				"north": {"uv": [2, 12, 3, 15], "texture": "#4"},
				"east": {"uv": [0, 0, 1, 3], "texture": "#4"},
				"south": {"uv": [0, 0, 1, 3], "texture": "#4"},
				"west": {"uv": [0, 0, 1, 3], "texture": "#4"},
				"up": {"uv": [0, 0, 1, 1], "rotation": 90, "texture": "#4"},
				"down": {"uv": [0, 0, 1, 1], "rotation": 270, "texture": "#4"}
			}
		},
		{
			"from": [12.99996, 6, 0],
			"to": [13.99996, 7, 1],
			"rotation": {"angle": 0, "axis": "y", "origin": [7.78571, 7.87143, 1.95714]},
			"faces": {
				"north": {"uv": [2, 9, 3, 10], "texture": "#4"},
				"east": {"uv": [0, 0, 1, 1], "texture": "#4"},
				"south": {"uv": [0, 0, 1, 1], "texture": "#4"},
				"west": {"uv": [0, 0, 1, 1], "texture": "#4"},
				"up": {"uv": [0, 0, 1, 1], "rotation": 90, "texture": "#4"},
				"down": {"uv": [0, 0, 1, 1], "rotation": 270, "texture": "#4"}
			}
		},
		{
			"from": [10.99996, 6, 0],
			"to": [11.99996, 7, 1],
			"rotation": {"angle": 0, "axis": "y", "origin": [7.78571, 7.87143, 1.95714]},
			"faces": {
				"north": {"uv": [4, 9, 5, 10], "texture": "#4"},
				"east": {"uv": [0, 0, 1, 1], "texture": "#4"},
				"south": {"uv": [0, 0, 1, 1], "texture": "#4"},
				"west": {"uv": [0, 0, 1, 1], "texture": "#4"},
				"up": {"uv": [0, 0, 1, 1], "rotation": 90, "texture": "#4"},
				"down": {"uv": [0, 0, 1, 1], "rotation": 270, "texture": "#4"}
			}
		},
		{
			"from": [7.99996, 6, 0],
			"to": [9.99996, 7, 1],
			"rotation": {"angle": 0, "axis": "y", "origin": [7.78571, 7.87143, 1.95714]},
			"faces": {
				"north": {"uv": [6, 9, 8, 10], "texture": "#4"},
				"east": {"uv": [0, 0, 1, 1], "texture": "#4"},
				"south": {"uv": [0, 0, 2, 1], "texture": "#4"},
				"west": {"uv": [0, 0, 1, 1], "texture": "#4"},
				"up": {"uv": [0, 0, 1, 2], "rotation": 90, "texture": "#4"},
				"down": {"uv": [0, 0, 1, 2], "rotation": 270, "texture": "#4"}
			}
		},
		{
			"from": [4.99996, 6, 0],
			"to": [6.99996, 7, 1],
			"rotation": {"angle": 0, "axis": "y", "origin": [7.78571, 7.87143, 1.95714]},
			"faces": {
				"north": {"uv": [9, 9, 11, 10], "texture": "#4"},
				"east": {"uv": [0, 0, 1, 1], "texture": "#4"},
				"south": {"uv": [0, 0, 2, 1], "texture": "#4"},
				"west": {"uv": [0, 0, 1, 1], "texture": "#4"},
				"up": {"uv": [0, 0, 1, 2], "rotation": 90, "texture": "#4"},
				"down": {"uv": [0, 0, 1, 2], "rotation": 270, "texture": "#4"}
			}
		},
		{
			"from": [2.99996, 6, 0],
			"to": [3.99996, 7, 1],
			"rotation": {"angle": 0, "axis": "y", "origin": [7.78571, 7.87143, 1.95714]},
			"faces": {
				"north": {"uv": [12, 9, 13, 10], "texture": "#4"},
				"east": {"uv": [0, 0, 1, 1], "texture": "#4"},
				"south": {"uv": [0, 0, 1, 1], "texture": "#4"},
				"west": {"uv": [0, 0, 1, 1], "texture": "#4"},
				"up": {"uv": [0, 0, 1, 1], "rotation": 90, "texture": "#4"},
				"down": {"uv": [0, 0, 1, 1], "rotation": 270, "texture": "#4"}
			}
		},
		{
			"from": [5.99996, 8, 0],
			"to": [6.99996, 9, 1],
			"rotation": {"angle": 0, "axis": "y", "origin": [7.78571, 7.87143, 1.95714]},
			"faces": {
				"north": {"uv": [9, 7, 10, 8], "texture": "#4"},
				"east": {"uv": [0, 0, 1, 1], "texture": "#4"},
				"south": {"uv": [0, 0, 1, 1], "texture": "#4"},
				"west": {"uv": [0, 0, 1, 1], "texture": "#4"},
				"up": {"uv": [0, 0, 1, 1], "rotation": 90, "texture": "#4"},
				"down": {"uv": [0, 0, 1, 1], "rotation": 270, "texture": "#4"}
			}
		},
		{
			"from": [8.99996, 8, 0],
			"to": [9.99996, 9, 1],
			"rotation": {"angle": 0, "axis": "y", "origin": [7.78571, 7.87143, 1.95714]},
			"faces": {
				"north": {"uv": [6, 7, 7, 8], "texture": "#4"},
				"east": {"uv": [0, 0, 1, 1], "texture": "#4"},
				"south": {"uv": [0, 0, 1, 1], "texture": "#4"},
				"west": {"uv": [0, 0, 1, 1], "texture": "#4"},
				"up": {"uv": [0, 0, 1, 1], "rotation": 90, "texture": "#4"},
				"down": {"uv": [0, 0, 1, 1], "rotation": 270, "texture": "#4"}
			}
		},
		{
			"from": [11.99996, 8, 0],
			"to": [12.99996, 9, 1],
			"rotation": {"angle": 0, "axis": "y", "origin": [7.78571, 7.87143, 1.95714]},
			"faces": {
				"north": {"uv": [0, 0, 1, 1], "texture": "#4"},
				"east": {"uv": [0, 0, 1, 1], "texture": "#4"},
				"south": {"uv": [0, 0, 1, 1], "texture": "#4"},
				"west": {"uv": [0, 0, 1, 1], "texture": "#4"},
				"up": {"uv": [3, 7, 4, 8], "rotation": 90, "texture": "#4"},
				"down": {"uv": [0, 0, 1, 1], "rotation": 270, "texture": "#4"}
			}
		},
		{
			"from": [11.99996, 12, 0],
			"to": [12.99996, 14, 1],
			"rotation": {"angle": 0, "axis": "y", "origin": [7.78571, 7.87143, 1.95714]},
			"faces": {
				"north": {"uv": [3, 2, 4, 4], "texture": "#4"},
				"east": {"uv": [0, 0, 1, 2], "texture": "#4"},
				"south": {"uv": [0, 0, 1, 2], "texture": "#4"},
				"west": {"uv": [0, 0, 1, 2], "texture": "#4"},
				"up": {"uv": [0, 0, 1, 1], "rotation": 90, "texture": "#4"},
				"down": {"uv": [0, 0, 1, 1], "rotation": 270, "texture": "#4"}
			}
		},
		{
			"from": [8.99996, 13, 0],
			"to": [9.99996, 14, 1],
			"rotation": {"angle": 0, "axis": "y", "origin": [7.78571, 7.87143, 1.95714]},
			"faces": {
				"north": {"uv": [6, 2, 7, 3], "texture": "#4"},
				"east": {"uv": [0, 0, 1, 1], "texture": "#4"},
				"south": {"uv": [0, 0, 1, 1], "texture": "#4"},
				"west": {"uv": [0, 0, 1, 1], "texture": "#4"},
				"up": {"uv": [0, 0, 1, 1], "rotation": 90, "texture": "#4"},
				"down": {"uv": [0, 0, 1, 1], "rotation": 270, "texture": "#4"}
			}
		},
		{
			"from": [5.99996, 13, 0],
			"to": [6.99996, 14, 1],
			"rotation": {"angle": 0, "axis": "y", "origin": [7.78571, 7.87143, 1.95714]},
			"faces": {
				"north": {"uv": [9, 2, 10, 3], "texture": "#4"},
				"east": {"uv": [0, 0, 1, 1], "texture": "#4"},
				"south": {"uv": [0, 0, 1, 1], "texture": "#4"},
				"west": {"uv": [0, 0, 1, 1], "texture": "#4"},
				"up": {"uv": [0, 0, 1, 1], "rotation": 90, "texture": "#4"},
				"down": {"uv": [0, 0, 1, 1], "rotation": 270, "texture": "#4"}
			}
		},
		{
			"from": [12.99996, 8, 0],
			"to": [13.99996, 15, 1],
			"rotation": {"angle": 0, "axis": "y", "origin": [7.78571, 7.87143, 1.95714]},
			"faces": {
				"north": {"uv": [2, 1, 3, 8], "texture": "#4"},
				"east": {"uv": [0, 0, 1, 7], "texture": "#4"},
				"south": {"uv": [0, 0, 1, 7], "texture": "#4"},
				"west": {"uv": [0, 0, 1, 7], "texture": "#4"},
				"up": {"uv": [0, 0, 1, 1], "rotation": 90, "texture": "#4"},
				"down": {"uv": [0, 0, 1, 1], "rotation": 270, "texture": "#4"}
			}
		},
		{
			"from": [0.99996, 14, 0],
			"to": [12.99996, 15, 1],
			"rotation": {"angle": 0, "axis": "y", "origin": [7.78571, 7.87143, 1.95714]},
			"faces": {
				"north": {"uv": [3, 1, 15, 2], "texture": "#4"},
				"east": {"uv": [0, 0, 1, 1], "texture": "#4"},
				"south": {"uv": [0, 0, 12, 1], "texture": "#4"},
				"west": {"uv": [0, 0, 1, 1], "texture": "#4"},
				"up": {"uv": [15, 3, 16, 15], "rotation": 90, "texture": "#4"},
				"down": {"uv": [0, 0, 1, 12], "rotation": 270, "texture": "#4"}
			}
		},
		{
			"from": [0.99996, 5, 0],
			"to": [1.99996, 14, 1],
			"rotation": {"angle": 0, "axis": "y", "origin": [7.78571, 7.87143, 1.95714]},
			"faces": {
				"north": {"uv": [14, 2, 15, 11], "texture": "#4"},
				"east": {"uv": [0, 0, 1, 9], "texture": "#4"},
				"south": {"uv": [0, 0, 1, 9], "texture": "#4"},
				"west": {"uv": [0, 0, 1, 9], "texture": "#4"},
				"up": {"uv": [0, 0, 1, 1], "rotation": 90, "texture": "#4"},
				"down": {"uv": [0, 0, 1, 1], "rotation": 270, "texture": "#4"}
			}
		},
		{
			"from": [1.99996, 7, 0],
			"to": [13.99996, 8, 1],
			"rotation": {"angle": 0, "axis": "y", "origin": [7.78571, 7.87143, 1.95714]},
			"faces": {
				"north": {"uv": [2, 8, 14, 9], "texture": "#4"},
				"east": {"uv": [0, 0, 1, 1], "texture": "#4"},
				"south": {"uv": [0, 0, 12, 1], "texture": "#4"},
				"west": {"uv": [0, 0, 1, 1], "texture": "#4"},
				"up": {"uv": [0, 0, 1, 12], "rotation": 90, "texture": "#4"},
				"down": {"uv": [0, 0, 1, 12], "rotation": 270, "texture": "#4"}
			}
		},
		{
			"from": [6.99996, 8, 0],
			"to": [8.99996, 14, 1],
			"rotation": {"angle": 0, "axis": "y", "origin": [7.78571, 7.87143, 1.95714]},
			"faces": {
				"north": {"uv": [7, 2, 9, 8], "texture": "#4"},
				"east": {"uv": [0, 0, 1, 6], "texture": "#4"},
				"south": {"uv": [0, 0, 2, 6], "texture": "#4"},
				"west": {"uv": [0, 0, 1, 6], "texture": "#4"},
				"up": {"uv": [0, 0, 1, 2], "rotation": 90, "texture": "#4"},
				"down": {"uv": [0, 0, 1, 2], "rotation": 270, "texture": "#4"}
			}
		},
		{
			"from": [0.99996, 1, 0],
			"to": [12.99996, 2, 1],
			"rotation": {"angle": 0, "axis": "y", "origin": [7.78571, 7.87143, 1.95714]},
			"faces": {
				"north": {"uv": [0, 0, 12, 1], "texture": "#4"},
				"east": {"uv": [0, 0, 1, 1], "texture": "#4"},
				"south": {"uv": [0, 0, 12, 1], "texture": "#4"},
				"west": {"uv": [0, 0, 1, 1], "texture": "#4"},
				"up": {"uv": [0, 0, 1, 12], "rotation": 90, "texture": "#4"},
				"down": {"uv": [0, 0, 1, 12], "rotation": 270, "texture": "#4"}
			}
		},
		{
			"from": [2.99996, 3, 0],
			"to": [3.99996, 4, 1],
			"rotation": {"angle": 0, "axis": "y", "origin": [7.78571, 7.87143, 1.95714]},
			"faces": {
				"north": {"uv": [12, 12, 13, 13], "texture": "#4"},
				"east": {"uv": [0, 0, 1, 1], "texture": "#4"},
				"south": {"uv": [0, 0, 1, 1], "texture": "#4"},
				"west": {"uv": [0, 0, 1, 1], "texture": "#4"},
				"up": {"uv": [0, 0, 1, 1], "rotation": 90, "texture": "#4"},
				"down": {"uv": [0, 0, 1, 1], "rotation": 270, "texture": "#4"}
			}
		},
		{
			"from": [6.99996, 3, 0],
			"to": [7.99996, 4, 1],
			"rotation": {"angle": 0, "axis": "y", "origin": [7.78571, 7.87143, 1.95714]},
			"faces": {
				"north": {"uv": [8, 12, 9, 13], "texture": "#4"},
				"east": {"uv": [0, 0, 1, 1], "texture": "#4"},
				"south": {"uv": [0, 0, 1, 1], "texture": "#4"},
				"west": {"uv": [0, 0, 1, 1], "texture": "#4"},
				"up": {"uv": [0, 0, 1, 1], "rotation": 90, "texture": "#4"},
				"down": {"uv": [0, 0, 1, 1], "rotation": 270, "texture": "#4"}
			}
		},
		{
			"from": [-0.00004, 1, 0],
			"to": [0.99996, 15, 1],
			"rotation": {"angle": 0, "axis": "y", "origin": [7.78571, 7.87143, 1.95714]},
			"faces": {
				"north": {"uv": [15, 1, 16, 15], "texture": "#4"},
				"east": {"uv": [0, 0, 1, 14], "texture": "#4"},
				"south": {"uv": [0, 0, 1, 14], "texture": "#4"},
				"west": {"uv": [0, 0, 1, 14], "texture": "#4"},
				"up": {"uv": [0, 0, 1, 1], "rotation": 90, "texture": "#4"},
				"down": {"uv": [0, 0, 1, 1], "rotation": 270, "texture": "#4"}
			}
		},
		{
			"from": [0.99996, 2, 0],
			"to": [3.99996, 3, 1],
			"rotation": {"angle": 0, "axis": "y", "origin": [7.78571, 7.87143, 1.95714]},
			"faces": {
				"north": {"uv": [12, 13, 15, 14], "texture": "#4"},
				"east": {"uv": [0, 0, 1, 1], "texture": "#4"},
				"south": {"uv": [0, 0, 3, 1], "texture": "#4"},
				"west": {"uv": [0, 0, 1, 1], "texture": "#4"},
				"up": {"uv": [0, 0, 1, 3], "rotation": 90, "texture": "#4"},
				"down": {"uv": [0, 0, 1, 3], "rotation": 270, "texture": "#4"}
			}
		},
		{
			"from": [4.99996, 2, 0],
			"to": [8.99996, 3, 1],
			"rotation": {"angle": 0, "axis": "y", "origin": [7.78571, 7.87143, 1.95714]},
			"faces": {
				"north": {"uv": [7, 13, 11, 14], "texture": "#4"},
				"east": {"uv": [0, 0, 1, 1], "texture": "#4"},
				"south": {"uv": [0, 0, 4, 1], "texture": "#4"},
				"west": {"uv": [0, 0, 1, 1], "texture": "#4"},
				"up": {"uv": [0, 0, 1, 4], "rotation": 90, "texture": "#4"},
				"down": {"uv": [0, 0, 1, 4], "rotation": 270, "texture": "#4"}
			}
		},
		{
			"from": [9.99996, 2, 0],
			"to": [11.99996, 3, 1],
			"rotation": {"angle": 0, "axis": "y", "origin": [7.78571, 7.87143, 1.95714]},
			"faces": {
				"north": {"uv": [4, 13, 6, 14], "texture": "#4"},
				"east": {"uv": [0, 0, 1, 1], "texture": "#4"},
				"south": {"uv": [0, 0, 2, 1], "texture": "#4"},
				"west": {"uv": [0, 0, 1, 1], "texture": "#4"},
				"up": {"uv": [0, 0, 1, 2], "rotation": 90, "texture": "#4"},
				"down": {"uv": [0, 0, 1, 2], "rotation": 270, "texture": "#4"}
			}
		},
		{
			"from": [9.99996, 3, 0],
			"to": [10.99996, 4, 1],
			"rotation": {"angle": 0, "axis": "y", "origin": [7.78571, 7.87143, 1.95714]},
			"faces": {
				"north": {"uv": [5, 12, 6, 13], "texture": "#4"},
				"east": {"uv": [0, 0, 1, 1], "texture": "#4"},
				"south": {"uv": [0, 0, 1, 1], "texture": "#4"},
				"west": {"uv": [0, 0, 1, 1], "texture": "#4"},
				"up": {"uv": [0, 0, 1, 1], "rotation": 90, "texture": "#4"},
				"down": {"uv": [0, 0, 1, 1], "rotation": 270, "texture": "#4"}
			}
		},
		{
			"from": [13.99996, 1, 0],
			"to": [15.99996, 15, 1],
			"rotation": {"angle": 0, "axis": "y", "origin": [7.78571, 7.87143, 1.95714]},
			"faces": {
				"north": {"uv": [0, 1, 2, 15], "texture": "#4"},
				"east": {"uv": [0, 0, 1, 14], "texture": "#4"},
				"south": {"uv": [0, 0, 2, 14], "texture": "#4"},
				"west": {"uv": [0, 0, 1, 14], "texture": "#4"},
				"up": {"uv": [0, 0, 1, 2], "rotation": 90, "texture": "#4"},
				"down": {"uv": [0, 0, 1, 2], "rotation": 270, "texture": "#4"}
			}
		},
		{
			"from": [1.99996, 12, 0],
			"to": [3.99996, 14, 1],
			"rotation": {"angle": 0, "axis": "y", "origin": [7.78571, 7.87143, 1.95714]},
			"faces": {
				"north": {"uv": [12, 2, 14, 4], "texture": "#4"},
				"east": {"uv": [0, 0, 1, 2], "texture": "#4"},
				"south": {"uv": [0, 0, 2, 2], "texture": "#4"},
				"west": {"uv": [0, 0, 1, 2], "texture": "#4"},
				"up": {"uv": [0, 0, 1, 2], "rotation": 90, "texture": "#4"},
				"down": {"uv": [0, 0, 1, 2], "rotation": 270, "texture": "#4"}
			}
		},
		{
			"from": [1.99996, 10, 0],
			"to": [2.99996, 12, 1],
			"rotation": {"angle": 0, "axis": "y", "origin": [7.78571, 7.87143, 1.95714]},
			"faces": {
				"north": {"uv": [13, 4, 14, 6], "texture": "#4"},
				"east": {"uv": [0, 0, 1, 2], "texture": "#4"},
				"south": {"uv": [0, 0, 1, 2], "texture": "#4"},
				"west": {"uv": [0, 0, 1, 2], "texture": "#4"},
				"up": {"uv": [0, 0, 1, 1], "rotation": 90, "texture": "#4"},
				"down": {"uv": [0, 0, 1, 1], "rotation": 270, "texture": "#4"}
			}
		},
		{
			"from": [3.99996, 13, 0],
			"to": [4.99996, 14, 1],
			"rotation": {"angle": 0, "axis": "y", "origin": [7.78571, 7.87143, 1.95714]},
			"faces": {
				"north": {"uv": [9, 2, 10, 3], "texture": "#4"},
				"east": {"uv": [0, 0, 1, 1], "texture": "#4"},
				"south": {"uv": [0, 0, 1, 1], "texture": "#4"},
				"west": {"uv": [0, 0, 1, 1], "texture": "#4"},
				"up": {"uv": [0, 0, 1, 1], "rotation": 90, "texture": "#4"},
				"down": {"uv": [0, 0, 1, 1], "rotation": 270, "texture": "#4"}
			}
		}
	],
	"display": {
		 "gui": {
		 "rotation": [ 30, 225, 0 ],
		 "translation": [ 0, 0, 0],
		 "scale":[ 0.625, 0.625, 0.625 ]
		 },
		 "ground": {
		 "rotation": [ 0, 0, 0 ],
		 "translation": [ 0, 3, 0],
		 "scale":[ 0.25, 0.25, 0.25 ]
		 },
		 "fixed": {
		 "rotation": [ 0, 0, 0 ],
		 "translation": [ 0, 0, 0],
		 "scale":[ 0.5, 0.5, 0.5 ]
		 },
		 "thirdperson_righthand": {
		 "rotation": [ 75, 45, 0 ],
		 "translation": [ 0, 2.5, 0],
		 "scale": [ 0.375, 0.375, 0.375 ]
		 },
		 "firstperson_righthand": {
		 "rotation": [ 0, 45, 0 ],
		 "translation": [ 0, 0, 0 ],
		 "scale": [ 0.40, 0.40, 0.40 ]
		 },
		 "firstperson_lefthand": {
		 "rotation": [ 0, 225, 0 ],
		 "translation": [ 0, 0, 0 ],
		 "scale": [ 0.40, 0.40, 0.40 ]
		 }
		}},
	"groups": [0, 1, 2, 3, 4,
		{
			"name": "candle",
			"origin": [8, 8, 8],
			"children": [5]
		},
		{
			"name": "group",
			"origin": [8, 8, 8],
			"children": [6, 7, 8, 9, 10, 11, 12, 13, 14, 15, 16, 17, 18, 19, 20, 21, 22, 23, 24, 25, 26, 27, 28, 29, 30, 31, 32, 33, 34]
		}
	]
}