{
	"credit": "Made with Blockbench",
	"textures": {
		"1": "blocks/potatoes_stage0",
		"particle": "blocks/potatoes_stage0"
	},
	"elements": [
		{
			"from": [7.5, -0.5, 6.3],
			"to": [8.5, -0.5, 7.3],
			"rotation": {"angle": 22.5, "axis": "x", "origin": [8, -0.5, 6.8]},
			"faces": {
				"north": {"uv": [0, 0, 1, 0], "texture": "#1"},
				"east": {"uv": [0, 0, 1, 0], "texture": "#1"},
				"south": {"uv": [0, 0, 1, 0], "texture": "#1"},
				"west": {"uv": [0, 0, 1, 0], "texture": "#1"},
				"up": {"uv": [15, 13, 16, 14], "texture": "#1"},
				"down": {"uv": [14, 12, 15, 13], "texture": "#1"}
			}
		},
		{
			"from": [7.5, -0.3, 5.4],
			"to": [8.5, -0.3, 6.4],
			"rotation": {"angle": 0, "axis": "x", "origin": [8, -0.3, 5.9]},
			"faces": {
				"north": {"uv": [0, 0, 1, 0], "texture": "#1"},
				"east": {"uv": [0, 0, 1, 0], "texture": "#1"},
				"south": {"uv": [0, 0, 1, 0], "texture": "#1"},
				"west": {"uv": [0, 0, 1, 0], "texture": "#1"},
				"up": {"uv": [15, 12, 16, 13], "texture": "#1"},
				"down": {"uv": [14, 13, 15, 14], "texture": "#1"}
			}
		},
		{
			"from": [7.5, -0.5, 7.1],
			"to": [8.5, -0.5, 8.1],
			"rotation": {"angle": -22.5, "axis": "x", "origin": [8, -0.5, 7.6]},
			"faces": {
				"north": {"uv": [0, 0, 1, 0], "texture": "#1"},
				"east": {"uv": [0, 0, 1, 0], "texture": "#1"},
				"south": {"uv": [0, 0, 1, 0], "texture": "#1"},
				"west": {"uv": [0, 0, 1, 0], "texture": "#1"},
				"up": {"uv": [14, 12, 15, 13], "texture": "#1"},
				"down": {"uv": [14, 13, 15, 14], "texture": "#1"}
			}
		},
		{
			"from": [7.5, -0.5, 7.9],
			"to": [8.5, -0.5, 8.9],
			"rotation": {"angle": 22.5, "axis": "x", "origin": [8, -0.5, 8.4]},
			"faces": {
				"north": {"uv": [0, 0, 1, 0], "texture": "#1"},
				"east": {"uv": [0, 0, 1, 0], "texture": "#1"},
				"south": {"uv": [0, 0, 1, 0], "texture": "#1"},
				"west": {"uv": [0, 0, 1, 0], "texture": "#1"},
				"up": {"uv": [14, 12, 15, 13], "texture": "#1"},
				"down": {"uv": [14, 13, 15, 14], "texture": "#1"}
			}
		},
		{
			"from": [7.1, -0.5, 7.5],
			"to": [8.1, -0.5, 8.5],
			"rotation": {"angle": 22.5, "axis": "z", "origin": [7.6, -0.5, 8]},
			"faces": {
				"north": {"uv": [0, 0, 1, 0], "texture": "#1"},
				"east": {"uv": [0, 0, 1, 0], "texture": "#1"},
				"south": {"uv": [0, 0, 1, 0], "texture": "#1"},
				"west": {"uv": [0, 0, 1, 0], "texture": "#1"},
				"up": {"uv": [14, 12, 15, 13], "texture": "#1"},
				"down": {"uv": [14, 13, 15, 14], "texture": "#1"}
			}
		},
		{
			"from": [7.9, -0.5, 7.5],
			"to": [8.9, -0.5, 8.5],
			"rotation": {"angle": -22.5, "axis": "z", "origin": [8.4, -0.5, 8]},
			"faces": {
				"north": {"uv": [0, 0, 1, 0], "texture": "#1"},
				"east": {"uv": [0, 0, 1, 0], "texture": "#1"},
				"south": {"uv": [0, 0, 1, 0], "texture": "#1"},
				"west": {"uv": [0, 0, 1, 0], "texture": "#1"},
				"up": {"uv": [14, 12, 15, 13], "texture": "#1"},
				"down": {"uv": [14, 13, 15, 14], "texture": "#1"}
			}
		},
		{
			"from": [7.5, -0.5, 4.5],
			"to": [8.5, -0.5, 5.5],
			"rotation": {"angle": -22.5, "axis": "x", "origin": [8, -0.5, 5]},
			"faces": {
				"north": {"uv": [0, 0, 1, 0], "texture": "#1"},
				"east": {"uv": [0, 0, 1, 0], "texture": "#1"},
				"south": {"uv": [0, 0, 1, 0], "texture": "#1"},
				"west": {"uv": [0, 0, 1, 0], "texture": "#1"},
				"up": {"uv": [14, 15, 15, 16], "texture": "#1"},
				"down": {"uv": [14, 13, 15, 14], "texture": "#1"}
			}
		},
		{
			"from": [7, -0.7, 8],
			"to": [9, 6.3, 8],
			"rotation": {"angle": 0, "axis": "y", "origin": [16, 6.3, 16]},
			"faces": {
				"north": {"uv": [14, 5, 16, 12], "rotation": 180, "texture": "#1"},
				"east": {"uv": [0, 0, 1, 1], "texture": "#1"},
				"south": {"uv": [14, 5, 16, 12], "rotation": 180, "texture": "#1"},
				"west": {"uv": [0, 0, 1, 1], "texture": "#1"},
				"up": {"uv": [0, 0, 1, 1], "texture": "#1"},
				"down": {"uv": [0, 0, 1, 1], "texture": "#1"}
			}
		},
		{
			"from": [8, -0.7, 7],
			"to": [8, 6.3, 9],
			"rotation": {"angle": 0, "axis": "y", "origin": [8, 1.3, 8]},
			"faces": {
				"north": {"uv": [0, 0, 1, 1], "texture": "#1"},
				"east": {"uv": [14, 9, 16, 16], "texture": "#1"},
				"south": {"uv": [0, 0, 0, 6], "texture": "#1"},
				"west": {"uv": [14, 9, 16, 16], "texture": "#1"},
				"up": {"uv": [0, 0, 2, 0], "rotation": 270, "texture": "#1"},
				"down": {"uv": [0, 0, 1, 1], "rotation": 90, "texture": "#1"}
			}
		},
		{
			"from": [7, 2.3, 5],
			"to": [9, 2.3, 8],
			"rotation": {"angle": 22.5, "axis": "x", "origin": [7.5, 2.8, 7.5]},
			"faces": {
				"north": {"uv": [0, 0, 2, 0], "texture": "#1"},
				"east": {"uv": [0, 0, 2, 0], "texture": "#1"},
				"south": {"uv": [0, 0, 2, 0], "texture": "#1"},
				"west": {"uv": [0, 0, 2, 0], "texture": "#1"},
				"up": {"uv": [14, 12, 16, 15], "texture": "#1"},
				"down": {"uv": [14, 12, 16, 15], "rotation": 180, "texture": "#1"}
			}
		},
		{
			"from": [7, 4.3, 8],
			"to": [9, 4.3, 11],
			"rotation": {"angle": -22.5, "axis": "x", "origin": [7.5, 4.8, 9.5]},
			"faces": {
				"north": {"uv": [0, 0, 2, 0], "texture": "#1"},
				"east": {"uv": [0, 0, 2, 0], "texture": "#1"},
				"south": {"uv": [0, 0, 2, 0], "texture": "#1"},
				"west": {"uv": [0, 0, 2, 0], "texture": "#1"},
				"up": {"uv": [14, 8, 16, 11], "texture": "#1"},
				"down": {"uv": [14, 8, 16, 11], "rotation": 180, "texture": "#1"}
			}
		},
		{
			"from": [8, 5.3, 7],
			"to": [11, 5.3, 9],
			"rotation": {"angle": 45, "axis": "z", "origin": [8.5, 5.8, 8.5]},
			"faces": {
				"north": {"uv": [0, 0, 2, 0], "texture": "#1"},
				"east": {"uv": [0, 0, 2, 0], "texture": "#1"},
				"south": {"uv": [0, 0, 2, 0], "texture": "#1"},
				"west": {"uv": [0, 0, 2, 0], "texture": "#1"},
				"up": {"uv": [14, 8, 16, 11], "rotation": 90, "texture": "#1"},
				"down": {"uv": [14, 8, 16, 11], "rotation": 90, "texture": "#1"}
			}
		},
		{
			"from": [6, 3.3, 7],
			"to": [8, 3.3, 9],
			"rotation": {"angle": -22.5, "axis": "z", "origin": [6.5, 3.8, 8.5]},
			"faces": {
				"north": {"uv": [0, 0, 2, 0], "texture": "#1"},
				"east": {"uv": [0, 0, 2, 0], "texture": "#1"},
				"south": {"uv": [0, 0, 2, 0], "texture": "#1"},
				"west": {"uv": [0, 0, 2, 0], "texture": "#1"},
				"up": {"uv": [14, 13, 16, 15], "rotation": 180, "texture": "#1"},
				"down": {"uv": [14, 13, 16, 15], "rotation": 270, "texture": "#1"}
			}
		},
		{
			"from": [5, 5.3, 7],
			"to": [8, 5.3, 9],
			"rotation": {"angle": -45, "axis": "z", "origin": [6.5, 5.8, 8.5]},
			"faces": {
				"north": {"uv": [0, 0, 2, 0], "texture": "#1"},
				"east": {"uv": [0, 0, 2, 0], "texture": "#1"},
				"south": {"uv": [0, 0, 2, 0], "texture": "#1"},
				"west": {"uv": [0, 0, 2, 0], "texture": "#1"},
				"up": {"uv": [14, 11, 16, 14], "rotation": 270, "texture": "#1"},
				"down": {"uv": [14, 11, 16, 14], "rotation": 270, "texture": "#1"}
			}
		},
		{
			"from": [8, 3.3, 7],
			"to": [10, 3.3, 9],
			"rotation": {"angle": 22.5, "axis": "z", "origin": [9.5, 3.8, 8.5]},
			"faces": {
				"north": {"uv": [0, 0, 2, 0], "texture": "#1"},
				"east": {"uv": [0, 0, 2, 0], "texture": "#1"},
				"south": {"uv": [0, 0, 2, 0], "texture": "#1"},
				"west": {"uv": [0, 0, 2, 0], "texture": "#1"},
				"up": {"uv": [14, 14, 16, 16], "rotation": 180, "texture": "#1"},
				"down": {"uv": [14, 14, 16, 16], "rotation": 180, "texture": "#1"}
			}
		},
		{
			"from": [8, 1.3, 7],
			"to": [11, 1.3, 9],
			"rotation": {"angle": 22.5, "axis": "z", "origin": [9.5, 1.8, 8.5]},
			"faces": {
				"north": {"uv": [0, 0, 2, 0], "texture": "#1"},
				"east": {"uv": [0, 0, 2, 0], "texture": "#1"},
				"south": {"uv": [0, 0, 2, 0], "texture": "#1"},
				"west": {"uv": [0, 0, 2, 0], "texture": "#1"},
				"up": {"uv": [14, 13, 16, 16], "rotation": 90, "texture": "#1"},
				"down": {"uv": [14, 13, 16, 16], "rotation": 270, "texture": "#1"}
			}
		}
	],
	"groups": [
		{
			"name": "potatoes_stage0",
			"origin": [8, 8, 8],
			"children": [
				{
					"name": "roots",
					"origin": [6.5, 3.5, 8.5],
					"children": [0, 1, 2, 3, 4, 5, 6]
				},
				{
					"name": "stem",
					"origin": [6.5, 3.5, 8.5],
					"children": [7, 8, 9, 10, 11, 12, 13, 14, 15]
				}
			]
		}
	]
}