{
	"credit": "Made with Blockbench",
	"textures": {
		"1": "blocks/potatoes_stage0",
		"particle": "blocks/potatoes_stage0"
	},
	"elements": [
		{
			"from": [7, -1, 8],
			"to": [9, 4, 8],
			"rotation": {"angle": 0, "axis": "y", "origin": [16, 6, 16]},
			"faces": {
				"north": {"uv": [14, 11, 16, 16], "texture": "#1"},
				"east": {"uv": [0, 0, 1, 1], "texture": "#1"},
				"south": {"uv": [14, 11, 16, 16], "texture": "#1"},
				"west": {"uv": [0, 0, 1, 1], "texture": "#1"},
				"up": {"uv": [0, 0, 1, 1], "texture": "#1"},
				"down": {"uv": [0, 0, 1, 1], "texture": "#1"}
			}
		},
		{
			"from": [8, -1, 7],
			"to": [8, 4, 9],
			"rotation": {"angle": 0, "axis": "y", "origin": [8, 1, 8]},
			"faces": {
				"north": {"uv": [0, 0, 1, 1], "texture": "#1"},
				"east": {"uv": [14, 11, 16, 16], "texture": "#1"},
				"south": {"uv": [0, 0, 0, 5], "texture": "#1"},
				"west": {"uv": [14, 11, 16, 16], "texture": "#1"},
				"up": {"uv": [0, 0, 2, 0], "rotation": 270, "texture": "#1"},
				"down": {"uv": [0, 0, 1, 1], "rotation": 90, "texture": "#1"}
			}
		},
		{
			"from": [7, 0, 6],
			"to": [9, 0, 8],
			"rotation": {"angle": 22.5, "axis": "x", "origin": [7.5, 0.5, 7.5]},
			"faces": {
				"north": {"uv": [0, 0, 2, 0], "texture": "#1"},
				"east": {"uv": [0, 0, 2, 0], "texture": "#1"},
				"south": {"uv": [0, 0, 2, 0], "texture": "#1"},
				"west": {"uv": [0, 0, 2, 0], "texture": "#1"},
				"up": {"uv": [14, 13, 16, 15], "rotation": 90, "texture": "#1"},
				"down": {"uv": [14, 13, 16, 15], "rotation": 270, "texture": "#1"}
			}
		},
		{
			"from": [7, 2, 8],
			"to": [9, 2, 10],
			"rotation": {"angle": -22.5, "axis": "x", "origin": [7.5, 2.5, 9.5]},
			"faces": {
				"north": {"uv": [0, 0, 2, 0], "texture": "#1"},
				"east": {"uv": [0, 0, 2, 0], "texture": "#1"},
				"south": {"uv": [0, 0, 2, 0], "texture": "#1"},
				"west": {"uv": [0, 0, 2, 0], "texture": "#1"},
				"up": {"uv": [14, 14, 16, 16], "texture": "#1"},
				"down": {"uv": [14, 14, 16, 16], "rotation": 270, "texture": "#1"}
			}
		},
		{
			"from": [8, 3, 7],
			"to": [10, 3, 9],
			"rotation": {"angle": 45, "axis": "z", "origin": [8.5, 3.5, 8.5]},
			"faces": {
				"north": {"uv": [0, 0, 2, 0], "texture": "#1"},
				"east": {"uv": [0, 0, 2, 0], "texture": "#1"},
				"south": {"uv": [0, 0, 2, 0], "texture": "#1"},
				"west": {"uv": [0, 0, 2, 0], "texture": "#1"},
				"up": {"uv": [14, 9, 16, 11], "texture": "#1"},
				"down": {"uv": [14, 9, 16, 11], "rotation": 270, "texture": "#1"}
			}
		},
		{
			"from": [6, 1, 7],
			"to": [8, 1, 9],
			"rotation": {"angle": -22.5, "axis": "z", "origin": [6.5, 1.5, 8.5]},
			"faces": {
				"north": {"uv": [0, 0, 2, 0], "texture": "#1"},
				"east": {"uv": [0, 0, 2, 0], "texture": "#1"},
				"south": {"uv": [0, 0, 2, 0], "texture": "#1"},
				"west": {"uv": [0, 0, 2, 0], "texture": "#1"},
				"up": {"uv": [14, 11, 16, 13], "texture": "#1"},
				"down": {"uv": [14, 11, 16, 13], "rotation": 270, "texture": "#1"}
			}
		},
		{
			"from": [6, 3, 7],
			"to": [8, 3, 9],
			"rotation": {"angle": -45, "axis": "z", "origin": [6.5, 3.5, 8.5]},
			"faces": {
				"north": {"uv": [0, 0, 2, 0], "texture": "#1"},
				"east": {"uv": [0, 0, 2, 0], "texture": "#1"},
				"south": {"uv": [0, 0, 2, 0], "texture": "#1"},
				"west": {"uv": [0, 0, 2, 0], "texture": "#1"},
				"up": {"uv": [14, 12, 16, 14], "texture": "#1"},
				"down": {"uv": [14, 12, 16, 14], "texture": "#1"}
			}
		},
		{
			"from": [8, 1, 7],
			"to": [10, 1, 9],
			"rotation": {"angle": 22.5, "axis": "z", "origin": [9.5, 1.5, 8.5]},
			"faces": {
				"north": {"uv": [0, 0, 2, 0], "texture": "#1"},
				"east": {"uv": [0, 0, 2, 0], "texture": "#1"},
				"south": {"uv": [0, 0, 2, 0], "texture": "#1"},
				"west": {"uv": [0, 0, 2, 0], "texture": "#1"},
				"up": {"uv": [14, 14, 16, 16], "rotation": 180, "texture": "#1"},
				"down": {"uv": [14, 14, 16, 16], "rotation": 180, "texture": "#1"}
			}
		}
	],
	"groups": [
		{
			"name": "group",
			"origin": [6.5, 3.5, 8.5],
			"children": [0, 1, 2, 3, 4, 5, 6, 7]
		}
	]
}