{
	"credit": "Made with Blockbench",
	"textures": {
		"1": "blocks/potatoes_stage0",
		"particle": "blocks/potatoes_stage0"
	},
	"elements": [
		{
			"from": [7.5, 0.7, 6.3],
			"to": [8.5, 0.7, 7.3],
			"rotation": {"angle": 22.5, "axis": "x", "origin": [8, 0.7, 6.8]},
			"faces": {
				"north": {"uv": [0, 0, 1, 0], "texture": "#1"},
				"east": {"uv": [0, 0, 1, 0], "texture": "#1"},
				"south": {"uv": [0, 0, 1, 0], "texture": "#1"},
				"west": {"uv": [0, 0, 1, 0], "texture": "#1"},
				"up": {"uv": [15, 13, 16, 14], "texture": "#1"},
				"down": {"uv": [14, 12, 15, 13], "texture": "#1"}
			}
		},
		{
			"from": [7.5, 0.7, 5.4],
			"to": [8.5, 0.7, 6.4],
			"rotation": {"angle": -22.5, "axis": "x", "origin": [8, 0.7, 5.9]},
			"faces": {
				"north": {"uv": [0, 0, 1, 0], "texture": "#1"},
				"east": {"uv": [0, 0, 1, 0], "texture": "#1"},
				"south": {"uv": [0, 0, 1, 0], "texture": "#1"},
				"west": {"uv": [0, 0, 1, 0], "texture": "#1"},
				"up": {"uv": [15, 12, 16, 13], "texture": "#1"},
				"down": {"uv": [14, 13, 15, 14], "texture": "#1"}
			}
		},
		{
			"from": [7.5, 0.7, 7.1],
			"to": [8.5, 0.7, 8.1],
			"rotation": {"angle": -22.5, "axis": "x", "origin": [8, 0.7, 7.6]},
			"faces": {
				"north": {"uv": [0, 0, 1, 0], "texture": "#1"},
				"east": {"uv": [0, 0, 1, 0], "texture": "#1"},
				"south": {"uv": [0, 0, 1, 0], "texture": "#1"},
				"west": {"uv": [0, 0, 1, 0], "texture": "#1"},
				"up": {"uv": [14, 12, 15, 13], "texture": "#1"},
				"down": {"uv": [14, 13, 15, 14], "texture": "#1"}
			}
		},
		{
			"from": [7.5, 0.7, 7.9],
			"to": [8.5, 0.7, 8.9],
			"rotation": {"angle": 22.5, "axis": "x", "origin": [8, 0.7, 8.4]},
			"faces": {
				"north": {"uv": [0, 0, 1, 0], "texture": "#1"},
				"east": {"uv": [0, 0, 1, 0], "texture": "#1"},
				"south": {"uv": [0, 0, 1, 0], "texture": "#1"},
				"west": {"uv": [0, 0, 1, 0], "texture": "#1"},
				"up": {"uv": [14, 12, 15, 13], "texture": "#1"},
				"down": {"uv": [14, 13, 15, 14], "texture": "#1"}
			}
		},
		{
			"from": [7.1, 0.7, 7.5],
			"to": [8.1, 0.7, 8.5],
			"rotation": {"angle": 22.5, "axis": "z", "origin": [7.6, 0.7, 8]},
			"faces": {
				"north": {"uv": [0, 0, 1, 0], "texture": "#1"},
				"east": {"uv": [0, 0, 1, 0], "texture": "#1"},
				"south": {"uv": [0, 0, 1, 0], "texture": "#1"},
				"west": {"uv": [0, 0, 1, 0], "texture": "#1"},
				"up": {"uv": [14, 12, 15, 13], "texture": "#1"},
				"down": {"uv": [14, 13, 15, 14], "texture": "#1"}
			}
		},
		{
			"from": [7.9, 0.7, 7.5],
			"to": [8.9, 0.7, 8.5],
			"rotation": {"angle": -22.5, "axis": "z", "origin": [8.4, 0.7, 8]},
			"faces": {
				"north": {"uv": [0, 0, 1, 0], "texture": "#1"},
				"east": {"uv": [0, 0, 1, 0], "texture": "#1"},
				"south": {"uv": [0, 0, 1, 0], "texture": "#1"},
				"west": {"uv": [0, 0, 1, 0], "texture": "#1"},
				"up": {"uv": [14, 12, 15, 13], "texture": "#1"},
				"down": {"uv": [14, 13, 15, 14], "texture": "#1"}
			}
		},
		{
			"from": [7.5, 0.5, 4.5],
			"to": [8.5, 0.5, 5.5],
			"rotation": {"angle": 0, "axis": "x", "origin": [8, 0.5, 5]},
			"faces": {
				"north": {"uv": [0, 0, 1, 0], "texture": "#1"},
				"east": {"uv": [0, 0, 1, 0], "texture": "#1"},
				"south": {"uv": [0, 0, 1, 0], "texture": "#1"},
				"west": {"uv": [0, 0, 1, 0], "texture": "#1"},
				"up": {"uv": [14, 15, 15, 16], "texture": "#1"},
				"down": {"uv": [14, 13, 15, 14], "texture": "#1"}
			}
		},
		{
			"from": [7.5, 0.2, 3.7],
			"to": [8.5, 0.2, 4.7],
			"rotation": {"angle": -45, "axis": "x", "origin": [8, 0.2, 4.2]},
			"faces": {
				"north": {"uv": [0, 0, 1, 0], "texture": "#1"},
				"east": {"uv": [0, 0, 1, 0], "texture": "#1"},
				"south": {"uv": [0, 0, 1, 0], "texture": "#1"},
				"west": {"uv": [0, 0, 1, 0], "texture": "#1"},
				"up": {"uv": [14, 15, 15, 16], "texture": "#1"},
				"down": {"uv": [14, 13, 15, 14], "texture": "#1"}
			}
		},
		{
			"from": [5, -1, 8],
			"to": [7, -1, 9],
			"rotation": {"angle": -45, "axis": "z", "origin": [6, -1, 8.5]},
			"faces": {
				"north": {"uv": [0, 0, 2, 0], "texture": "#1"},
				"east": {"uv": [0, 0, 1, 0], "texture": "#1"},
				"south": {"uv": [0, 0, 2, 0], "texture": "#1"},
				"west": {"uv": [0, 0, 1, 0], "texture": "#1"},
				"up": {"uv": [14, 6, 15, 7], "texture": "#1"},
				"down": {"uv": [14, 12, 15, 14], "rotation": 90, "texture": "#1"}
			}
		},
		{
			"from": [4.4, -0.7, 8],
			"to": [5.4, -0.7, 9],
			"rotation": {"angle": 22.5, "axis": "z", "origin": [4.4, -0.7, 8.5]},
			"faces": {
				"north": {"uv": [0, 0, 1, 0], "texture": "#1"},
				"east": {"uv": [0, 0, 1, 0], "texture": "#1"},
				"south": {"uv": [0, 0, 1, 0], "texture": "#1"},
				"west": {"uv": [0, 0, 1, 0], "texture": "#1"},
				"up": {"uv": [15, 6, 16, 7], "texture": "#1"},
				"down": {"uv": [14, 15, 15, 16], "rotation": 90, "texture": "#1"}
			}
		},
		{
			"from": [3.7, -1.4, 8],
			"to": [4.7, -1.4, 9],
			"rotation": {"angle": 45, "axis": "z", "origin": [3.7, -1.4, 8.5]},
			"faces": {
				"north": {"uv": [0, 0, 1, 0], "texture": "#1"},
				"east": {"uv": [0, 0, 1, 0], "texture": "#1"},
				"south": {"uv": [0, 0, 1, 0], "texture": "#1"},
				"west": {"uv": [0, 0, 1, 0], "texture": "#1"},
				"up": {"uv": [15, 7, 16, 8], "texture": "#1"},
				"down": {"uv": [15, 13, 16, 14], "rotation": 90, "texture": "#1"}
			}
		},
		{
			"from": [10.9, -0.7, 6.9],
			"to": [11.9, 0.3, 6.9],
			"rotation": {"angle": -22.5, "axis": "x", "origin": [11.4, -0.2, 6.9]},
			"faces": {
				"north": {"uv": [15, 13, 16, 14], "texture": "#1"},
				"east": {"uv": [0, 0, 0, 1], "texture": "#1"},
				"south": {"uv": [15, 15, 16, 16], "texture": "#1"},
				"west": {"uv": [0, 0, 0, 1], "texture": "#1"},
				"up": {"uv": [15, 13, 16, 14], "texture": "#1"},
				"down": {"uv": [14, 13, 15, 14], "texture": "#1"}
			}
		},
		{
			"from": [3, -1, 3.4],
			"to": [4, 0, 3.4],
			"rotation": {"angle": -22.5, "axis": "x", "origin": [3.5, -0.5, 3.4]},
			"faces": {
				"north": {"uv": [15, 13, 16, 14], "texture": "#1"},
				"east": {"uv": [0, 0, 0, 1], "texture": "#1"},
				"south": {"uv": [15, 15, 16, 16], "texture": "#1"},
				"west": {"uv": [0, 0, 0, 1], "texture": "#1"},
				"up": {"uv": [15, 13, 16, 15], "texture": "#1"},
				"down": {"uv": [14, 13, 15, 14], "texture": "#1"}
			}
		},
		{
			"from": [11.1, 0.2, 5.8],
			"to": [12.1, 0.2, 6.8],
			"rotation": {"angle": 0, "axis": "x", "origin": [11.6, 0.2, 6.3]},
			"faces": {
				"north": {"uv": [0, 0, 1, 0], "rotation": 180, "texture": "#1"},
				"east": {"uv": [0, 0, 0, 1], "rotation": 90, "texture": "#1"},
				"south": {"uv": [0, 0, 1, 0], "texture": "#1"},
				"west": {"uv": [0, 0, 0, 1], "rotation": 270, "texture": "#1"},
				"up": {"uv": [15, 13, 16, 14], "texture": "#1"},
				"down": {"uv": [14, 15, 15, 16], "rotation": 180, "texture": "#1"}
			}
		},
		{
			"from": [3.1, -0.2, 3.1],
			"to": [4.1, -0.2, 4.1],
			"rotation": {"angle": 22.5, "axis": "z", "origin": [3.6, -0.2, 3.6]},
			"faces": {
				"north": {"uv": [0, 0, 1, 0], "rotation": 180, "texture": "#1"},
				"east": {"uv": [0, 0, 0, 1], "rotation": 90, "texture": "#1"},
				"south": {"uv": [0, 0, 1, 0], "texture": "#1"},
				"west": {"uv": [0, 0, 0, 1], "rotation": 270, "texture": "#1"},
				"up": {"uv": [15, 13, 16, 15], "texture": "#1"},
				"down": {"uv": [14, 15, 15, 16], "rotation": 180, "texture": "#1"}
			}
		},
		{
			"from": [8, -1.7, 12.9],
			"to": [9, 0.3, 12.9],
			"rotation": {"angle": -22.5, "axis": "x", "origin": [8.5, -0.2, 12.9]},
			"faces": {
				"north": {"uv": [15, 13, 16, 14], "texture": "#1"},
				"east": {"uv": [0, 0, 0, 1], "texture": "#1"},
				"south": {"uv": [15, 15, 16, 16], "texture": "#1"},
				"west": {"uv": [0, 0, 0, 1], "texture": "#1"},
				"up": {"uv": [15, 13, 16, 15], "texture": "#1"},
				"down": {"uv": [14, 13, 15, 14], "texture": "#1"}
			}
		},
		{
			"from": [7.15661, -0.17257, 11.8],
			"to": [8.15661, -0.17257, 12.8],
			"rotation": {"angle": 22.5, "axis": "z", "origin": [7.23451, -0.2551, 12.3]},
			"faces": {
				"north": {"uv": [0, 0, 0, 1], "rotation": 270, "texture": "#1"},
				"east": {"uv": [0, 0, 1, 0], "rotation": 180, "texture": "#1"},
				"south": {"uv": [0, 0, 0, 1], "rotation": 90, "texture": "#1"},
				"west": {"uv": [0, 0, 1, 0], "texture": "#1"},
				"up": {"uv": [15, 13, 16, 15], "rotation": 180, "texture": "#1"},
				"down": {"uv": [14, 15, 15, 16], "rotation": 90, "texture": "#1"}
			}
		},
		{
			"from": [6.31295, -0.16983, 11.8],
			"to": [7.31295, -0.16983, 12.8],
			"rotation": {"angle": 45, "axis": "z", "origin": [7.23451, -0.2551, 12.3]},
			"faces": {
				"north": {"uv": [0, 0, 0, 1], "rotation": 270, "texture": "#1"},
				"east": {"uv": [0, 0, 1, 0], "rotation": 180, "texture": "#1"},
				"south": {"uv": [0, 0, 0, 1], "rotation": 90, "texture": "#1"},
				"west": {"uv": [0, 0, 1, 0], "texture": "#1"},
				"up": {"uv": [15, 13, 16, 15], "rotation": 180, "texture": "#1"},
				"down": {"uv": [14, 13, 15, 14], "rotation": 90, "texture": "#1"}
			}
		},
		{
			"from": [8, 0.2, 11.8],
			"to": [9, 0.2, 12.8],
			"rotation": {"angle": 0, "axis": "y", "origin": [8.5, 0.2, 12.3]},
			"faces": {
				"north": {"uv": [0, 0, 1, 0], "rotation": 180, "texture": "#1"},
				"east": {"uv": [0, 0, 0, 1], "rotation": 90, "texture": "#1"},
				"south": {"uv": [0, 0, 1, 0], "texture": "#1"},
				"west": {"uv": [0, 0, 0, 1], "rotation": 270, "texture": "#1"},
				"up": {"uv": [15, 13, 16, 15], "texture": "#1"},
				"down": {"uv": [14, 15, 15, 16], "rotation": 180, "texture": "#1"}
			}
		},
		{
			"from": [11.4, 0.2, 4.8],
			"to": [12.4, 0.2, 5.8],
			"rotation": {"angle": 0, "axis": "x", "origin": [11.9, 0.2, 5.3]},
			"faces": {
				"north": {"uv": [0, 0, 1, 0], "rotation": 180, "texture": "#1"},
				"east": {"uv": [0, 0, 0, 1], "rotation": 90, "texture": "#1"},
				"south": {"uv": [0, 0, 1, 0], "texture": "#1"},
				"west": {"uv": [0, 0, 0, 1], "rotation": 270, "texture": "#1"},
				"up": {"uv": [15, 12, 16, 13], "texture": "#1"},
				"down": {"uv": [14, 13, 15, 14], "rotation": 180, "texture": "#1"}
			}
		},
		{
			"from": [4, 0, 3.7],
			"to": [5, 0, 4.7],
			"rotation": {"angle": 0, "axis": "x", "origin": [4.5, 0, 4.2]},
			"faces": {
				"north": {"uv": [0, 0, 1, 0], "rotation": 180, "texture": "#1"},
				"east": {"uv": [0, 0, 0, 1], "rotation": 90, "texture": "#1"},
				"south": {"uv": [0, 0, 1, 0], "texture": "#1"},
				"west": {"uv": [0, 0, 0, 1], "rotation": 270, "texture": "#1"},
				"up": {"uv": [15, 12, 16, 13], "texture": "#1"},
				"down": {"uv": [14, 13, 15, 14], "rotation": 180, "texture": "#1"}
			}
		},
		{
			"from": [11, 0, 2.9],
			"to": [12, 0, 4.9],
			"rotation": {"angle": -22.5, "axis": "x", "origin": [11.5, 0, 4.4]},
			"faces": {
				"north": {"uv": [0, 0, 1, 0], "rotation": 180, "texture": "#1"},
				"east": {"uv": [0, 0, 0, 2], "rotation": 90, "texture": "#1"},
				"south": {"uv": [0, 0, 1, 0], "texture": "#1"},
				"west": {"uv": [0, 0, 0, 2], "rotation": 270, "texture": "#1"},
				"up": {"uv": [15, 13, 16, 15], "texture": "#1"},
				"down": {"uv": [15, 14, 16, 16], "rotation": 180, "texture": "#1"}
			}
		},
		{
			"from": [12.2, -0.4, 4.8],
			"to": [13.2, -0.4, 5.8],
			"rotation": {"angle": -22.5, "axis": "z", "origin": [13.7, -0.4, 5.3]},
			"faces": {
				"north": {"uv": [0, 0, 0, 1], "rotation": 90, "texture": "#1"},
				"east": {"uv": [0, 0, 1, 0], "texture": "#1"},
				"south": {"uv": [0, 0, 0, 1], "rotation": 270, "texture": "#1"},
				"west": {"uv": [0, 0, 1, 0], "rotation": 180, "texture": "#1"},
				"up": {"uv": [15, 13, 16, 14], "rotation": 270, "texture": "#1"},
				"down": {"uv": [14, 15, 15, 16], "rotation": 270, "texture": "#1"}
			}
		},
		{
			"from": [4.8, -0.6, 3.4],
			"to": [5.8, -0.6, 4.4],
			"rotation": {"angle": -22.5, "axis": "z", "origin": [6.3, -0.6, 3.9]},
			"faces": {
				"north": {"uv": [0, 0, 0, 1], "rotation": 90, "texture": "#1"},
				"east": {"uv": [0, 0, 1, 0], "texture": "#1"},
				"south": {"uv": [0, 0, 0, 1], "rotation": 270, "texture": "#1"},
				"west": {"uv": [0, 0, 1, 0], "rotation": 180, "texture": "#1"},
				"up": {"uv": [15, 13, 16, 15], "texture": "#1"},
				"down": {"uv": [14, 15, 15, 16], "rotation": 270, "texture": "#1"}
			}
		},
		{
			"from": [13.3, -1.5, 4.8],
			"to": [14.3, -1.5, 5.8],
			"rotation": {"angle": -45, "axis": "z", "origin": [14.8, -1.5, 5.3]},
			"faces": {
				"north": {"uv": [0, 0, 0, 1], "rotation": 90, "texture": "#1"},
				"east": {"uv": [0, 0, 1, 0], "texture": "#1"},
				"south": {"uv": [0, 0, 0, 1], "rotation": 270, "texture": "#1"},
				"west": {"uv": [0, 0, 1, 0], "rotation": 180, "texture": "#1"},
				"up": {"uv": [15, 15, 16, 16], "rotation": 270, "texture": "#1"},
				"down": {"uv": [14, 13, 15, 14], "rotation": 270, "texture": "#1"}
			}
		},
		{
			"from": [5.3, -1.4, 3.1],
			"to": [6.3, -1.4, 4.1],
			"rotation": {"angle": -45, "axis": "z", "origin": [6.8, -1.4, 3.6]},
			"faces": {
				"north": {"uv": [0, 0, 0, 1], "rotation": 90, "texture": "#1"},
				"east": {"uv": [0, 0, 1, 0], "texture": "#1"},
				"south": {"uv": [0, 0, 0, 1], "rotation": 270, "texture": "#1"},
				"west": {"uv": [0, 0, 1, 0], "rotation": 180, "texture": "#1"},
				"up": {"uv": [15, 13, 16, 15], "texture": "#1"},
				"down": {"uv": [14, 13, 15, 14], "rotation": 270, "texture": "#1"}
			}
		},
		{
			"from": [7, -0.7, 8],
			"to": [9, 8.3, 8],
			"rotation": {"angle": 0, "axis": "y", "origin": [16, 6.3, 16]},
			"faces": {
				"north": {"uv": [14, 5, 16, 14], "rotation": 180, "texture": "#1"},
				"east": {"uv": [0, 0, 1, 1], "texture": "#1"},
				"south": {"uv": [14, 5, 16, 14], "rotation": 180, "texture": "#1"},
				"west": {"uv": [0, 0, 0, 9], "texture": "#1"},
				"up": {"uv": [0, 0, 1, 1], "texture": "#1"},
				"down": {"uv": [0, 0, 1, 1], "texture": "#1"}
			}
		},
		{
			"from": [8, -0.7, 7],
			"to": [8, 8.3, 9],
			"rotation": {"angle": 0, "axis": "y", "origin": [8, 1.3, 8]},
			"faces": {
				"north": {"uv": [0, 0, 1, 1], "texture": "#1"},
				"east": {"uv": [14, 7, 16, 16], "texture": "#1"},
				"south": {"uv": [0, 0, 0, 6], "texture": "#1"},
				"west": {"uv": [14, 7, 16, 16], "texture": "#1"},
				"up": {"uv": [0, 0, 2, 0], "rotation": 270, "texture": "#1"},
				"down": {"uv": [0, 0, 1, 1], "rotation": 90, "texture": "#1"}
			}
		},
		{
			"from": [6, 4.3, 4],
			"to": [10, 4.3, 7],
			"rotation": {"angle": 22.5, "axis": "x", "origin": [7.5, 4.8, 6.5]},
			"faces": {
				"north": {"uv": [0, 0, 2, 0], "texture": "#1"},
				"east": {"uv": [0, 0, 2, 0], "texture": "#1"},
				"south": {"uv": [0, 0, 2, 0], "texture": "#1"},
				"west": {"uv": [0, 0, 2, 0], "texture": "#1"},
				"up": {"uv": [10, 6, 14, 9], "texture": "#1"},
				"down": {"uv": [10, 6, 14, 9], "rotation": 180, "texture": "#1"}
			}
		},
		{
			"from": [6, 6.3, 10.3],
			"to": [10, 6.3, 13.3],
			"rotation": {"angle": -22.5, "axis": "x", "origin": [7.5, 6.8, 11.8]},
			"faces": {
				"north": {"uv": [0, 0, 2, 0], "texture": "#1"},
				"east": {"uv": [0, 0, 2, 0], "texture": "#1"},
				"south": {"uv": [0, 0, 2, 0], "texture": "#1"},
				"west": {"uv": [0, 0, 2, 0], "texture": "#1"},
				"up": {"uv": [10, 3, 14, 6], "texture": "#1"},
				"down": {"uv": [10, 3, 14, 6], "rotation": 180, "texture": "#1"}
			}
		},
		{
			"from": [6, 6.3, 8],
			"to": [10, 6.3, 11],
			"rotation": {"angle": -45, "axis": "x", "origin": [7.5, 6.8, 9.5]},
			"faces": {
				"north": {"uv": [0, 0, 2, 0], "texture": "#1"},
				"east": {"uv": [0, 0, 2, 0], "texture": "#1"},
				"south": {"uv": [0, 0, 2, 0], "texture": "#1"},
				"west": {"uv": [0, 0, 2, 0], "texture": "#1"},
				"up": {"uv": [10, 3, 14, 6], "texture": "#1"},
				"down": {"uv": [10, 3, 14, 6], "rotation": 180, "texture": "#1"}
			}
		},
		{
			"from": [9, 7.3, 6],
			"to": [12, 7.3, 10],
			"rotation": {"angle": 22.5, "axis": "z", "origin": [9.5, 7.8, 8.5]},
			"faces": {
				"north": {"uv": [0, 0, 2, 0], "texture": "#1"},
				"east": {"uv": [0, 0, 2, 0], "texture": "#1"},
				"south": {"uv": [0, 0, 2, 0], "texture": "#1"},
				"west": {"uv": [0, 0, 2, 0], "texture": "#1"},
				"up": {"uv": [10, 6, 14, 9], "rotation": 90, "texture": "#1"},
				"down": {"uv": [10, 6, 14, 9], "rotation": 90, "texture": "#1"}
			}
		},
		{
			"from": [11, 6.7, 6],
			"to": [14, 6.7, 10],
			"rotation": {"angle": 22.5, "axis": "z", "origin": [11.5, 7.2, 8.5]},
			"faces": {
				"north": {"uv": [0, 0, 2, 0], "texture": "#1"},
				"east": {"uv": [0, 0, 2, 0], "texture": "#1"},
				"south": {"uv": [0, 0, 2, 0], "texture": "#1"},
				"west": {"uv": [0, 0, 2, 0], "texture": "#1"},
				"up": {"uv": [10, 0, 14, 3], "rotation": 90, "texture": "#1"},
				"down": {"uv": [10, 0, 14, 3], "rotation": 90, "texture": "#1"}
			}
		},
		{
			"from": [4, 5.3, 6],
			"to": [6, 5.3, 10],
			"rotation": {"angle": -22.5, "axis": "z", "origin": [4.5, 5.8, 8.5]},
			"faces": {
				"north": {"uv": [0, 0, 2, 0], "texture": "#1"},
				"east": {"uv": [0, 0, 2, 0], "texture": "#1"},
				"south": {"uv": [0, 0, 2, 0], "texture": "#1"},
				"west": {"uv": [0, 0, 2, 0], "texture": "#1"},
				"up": {"uv": [10, 7, 14, 9], "rotation": 90, "texture": "#1"},
				"down": {"uv": [10, 7, 14, 9], "rotation": 90, "texture": "#1"}
			}
		},
		{
			"from": [3.2, 7.3, 6],
			"to": [6.2, 7.3, 10],
			"rotation": {"angle": -22.5, "axis": "z", "origin": [4.7, 7.8, 8.5]},
			"faces": {
				"north": {"uv": [0, 0, 2, 0], "texture": "#1"},
				"east": {"uv": [0, 0, 2, 0], "texture": "#1"},
				"south": {"uv": [0, 0, 2, 0], "texture": "#1"},
				"west": {"uv": [0, 0, 2, 0], "texture": "#1"},
				"up": {"uv": [10, 6, 14, 9], "rotation": 270, "texture": "#1"},
				"down": {"uv": [10, 6, 14, 9], "rotation": 270, "texture": "#1"}
			}
		},
		{
			"from": [6, 7.5, 7],
			"to": [8, 7.5, 9],
			"rotation": {"angle": -45, "axis": "z", "origin": [6.5, 8, 8.5]},
			"faces": {
				"north": {"uv": [0, 0, 2, 0], "texture": "#1"},
				"east": {"uv": [0, 0, 2, 0], "texture": "#1"},
				"south": {"uv": [0, 0, 2, 0], "texture": "#1"},
				"west": {"uv": [0, 0, 2, 0], "texture": "#1"},
				"up": {"uv": [14, 11, 16, 13], "rotation": 270, "texture": "#1"},
				"down": {"uv": [14, 11, 16, 13], "rotation": 270, "texture": "#1"}
			}
		},
		{
			"from": [6, 8.5, 7],
			"to": [8, 8.5, 9],
			"rotation": {"angle": -22.5, "axis": "z", "origin": [6.5, 9, 8.5]},
			"faces": {
				"north": {"uv": [0, 0, 2, 0], "texture": "#1"},
				"east": {"uv": [0, 0, 2, 0], "texture": "#1"},
				"south": {"uv": [0, 0, 2, 0], "texture": "#1"},
				"west": {"uv": [0, 0, 2, 0], "texture": "#1"},
				"up": {"uv": [14, 13, 16, 15], "rotation": 270, "texture": "#1"},
				"down": {"uv": [14, 13, 16, 15], "rotation": 270, "texture": "#1"}
			}
		},
		{
			"from": [7, 8.2, 6],
			"to": [9, 8.2, 8],
			"rotation": {"angle": 22.5, "axis": "x", "origin": [7.5, 8.7, 7.5]},
			"faces": {
				"north": {"uv": [0, 0, 2, 0], "texture": "#1"},
				"east": {"uv": [0, 0, 2, 0], "texture": "#1"},
				"south": {"uv": [0, 0, 2, 0], "texture": "#1"},
				"west": {"uv": [0, 0, 2, 0], "texture": "#1"},
				"up": {"uv": [14, 13, 16, 15], "rotation": 270, "texture": "#1"},
				"down": {"uv": [14, 13, 16, 15], "rotation": 270, "texture": "#1"}
			}
		},
		{
			"from": [7, 8.5, 8],
			"to": [9, 8.5, 10],
			"rotation": {"angle": -22.5, "axis": "x", "origin": [7.5, 9, 9.5]},
			"faces": {
				"north": {"uv": [0, 0, 2, 0], "texture": "#1"},
				"east": {"uv": [0, 0, 2, 0], "texture": "#1"},
				"south": {"uv": [0, 0, 2, 0], "texture": "#1"},
				"west": {"uv": [0, 0, 2, 0], "texture": "#1"},
				"up": {"uv": [14, 13, 16, 15], "rotation": 270, "texture": "#1"},
				"down": {"uv": [14, 13, 16, 15], "rotation": 270, "texture": "#1"}
			}
		},
		{
			"from": [8.1, 8.1, 7],
			"to": [10.1, 8.1, 9],
			"rotation": {"angle": 22.5, "axis": "z", "origin": [8.6, 8.6, 8.5]},
			"faces": {
				"north": {"uv": [0, 0, 2, 0], "texture": "#1"},
				"east": {"uv": [0, 0, 2, 0], "texture": "#1"},
				"south": {"uv": [0, 0, 2, 0], "texture": "#1"},
				"west": {"uv": [0, 0, 2, 0], "texture": "#1"},
				"up": {"uv": [14, 13, 16, 15], "rotation": 270, "texture": "#1"},
				"down": {"uv": [14, 13, 16, 15], "rotation": 270, "texture": "#1"}
			}
		},
		{
			"from": [9.9, 5.3, 6],
			"to": [11.9, 5.3, 10],
			"rotation": {"angle": 22.5, "axis": "z", "origin": [11.4, 5.8, 8.5]},
			"faces": {
				"north": {"uv": [0, 0, 2, 0], "texture": "#1"},
				"east": {"uv": [0, 0, 2, 0], "texture": "#1"},
				"south": {"uv": [0, 0, 2, 0], "texture": "#1"},
				"west": {"uv": [0, 0, 2, 0], "texture": "#1"},
				"up": {"uv": [10, 6, 14, 8], "rotation": 90, "texture": "#1"},
				"down": {"uv": [10, 6, 14, 8], "rotation": 90, "texture": "#1"}
			}
		},
		{
			"from": [9, 3.3, 6],
			"to": [12, 3.3, 10],
			"rotation": {"angle": 22.5, "axis": "z", "origin": [10.5, 3.8, 8.5]},
			"faces": {
				"north": {"uv": [0, 0, 2, 0], "texture": "#1"},
				"east": {"uv": [0, 0, 2, 0], "texture": "#1"},
				"south": {"uv": [0, 0, 2, 0], "texture": "#1"},
				"west": {"uv": [0, 0, 2, 0], "texture": "#1"},
				"up": {"uv": [10, 6, 14, 9], "rotation": 90, "texture": "#1"},
				"down": {"uv": [10, 6, 14, 9], "rotation": 270, "texture": "#1"}
			}
		},
		{
			"from": [9, 2.3, 8],
			"to": [10, 3.3, 8],
			"rotation": {"angle": 0, "axis": "y", "origin": [16, 10.3, 16]},
			"faces": {
				"north": {"uv": [14, 9, 15, 10], "texture": "#1"},
				"east": {"uv": [0, 0, 0, 1], "texture": "#1"},
				"south": {"uv": [14, 8, 15, 9], "texture": "#1"},
				"west": {"uv": [0, 0, 0, 1], "texture": "#1"},
				"up": {"uv": [0, 0, 1, 0], "texture": "#1"},
				"down": {"uv": [0, 0, 1, 0], "texture": "#1"}
			}
		},
		{
			"from": [9, 4.3, 8],
			"to": [11, 5.3, 8],
			"rotation": {"angle": 0, "axis": "y", "origin": [16, 12.3, 16]},
			"faces": {
				"north": {"uv": [14, 9, 15, 10], "texture": "#1"},
				"east": {"uv": [0, 0, 0, 1], "texture": "#1"},
				"south": {"uv": [14, 8, 15, 9], "texture": "#1"},
				"west": {"uv": [0, 0, 0, 1], "texture": "#1"},
				"up": {"uv": [0, 0, 1, 0], "texture": "#1"},
				"down": {"uv": [0, 0, 1, 0], "texture": "#1"}
			}
		},
		{
			"from": [9, 6.3, 8],
			"to": [12, 7.3, 8],
			"rotation": {"angle": 0, "axis": "y", "origin": [16, 14.3, 16]},
			"faces": {
				"north": {"uv": [14, 7, 15, 10], "rotation": 90, "texture": "#1"},
				"east": {"uv": [0, 0, 0, 1], "texture": "#1"},
				"south": {"uv": [14, 7, 15, 10], "rotation": 90, "texture": "#1"},
				"west": {"uv": [0, 0, 0, 1], "texture": "#1"},
				"up": {"uv": [0, 0, 1, 0], "texture": "#1"},
				"down": {"uv": [0, 0, 1, 0], "texture": "#1"}
			}
		},
		{
			"from": [5, 6.3, 8],
			"to": [7, 7.3, 8],
			"rotation": {"angle": 0, "axis": "y", "origin": [13, 14.3, 16]},
			"faces": {
				"north": {"uv": [14, 9, 16, 10], "texture": "#1"},
				"east": {"uv": [0, 0, 0, 1], "texture": "#1"},
				"south": {"uv": [14, 8, 16, 9], "texture": "#1"},
				"west": {"uv": [0, 0, 0, 1], "texture": "#1"},
				"up": {"uv": [0, 0, 1, 0], "texture": "#1"},
				"down": {"uv": [0, 0, 1, 0], "texture": "#1"}
			}
		},
		{
			"from": [5, 4.3, 8],
			"to": [7, 5.3, 8],
			"rotation": {"angle": 0, "axis": "y", "origin": [13, 12.3, 16]},
			"faces": {
				"north": {"uv": [14, 9, 16, 10], "texture": "#1"},
				"east": {"uv": [0, 0, 0, 1], "texture": "#1"},
				"south": {"uv": [14, 8, 16, 9], "texture": "#1"},
				"west": {"uv": [0, 0, 0, 1], "texture": "#1"},
				"up": {"uv": [0, 0, 1, 0], "texture": "#1"},
				"down": {"uv": [0, 0, 1, 0], "texture": "#1"}
			}
		},
		{
			"from": [8, 3.3, 6],
			"to": [8, 5.3, 7],
			"rotation": {"angle": 0, "axis": "y", "origin": [8, 4.8, 6.5]},
			"faces": {
				"north": {"uv": [0, 0, 0, 1], "texture": "#1"},
				"east": {"uv": [14, 8, 15, 10], "texture": "#1"},
				"south": {"uv": [0, 0, 0, 1], "texture": "#1"},
				"west": {"uv": [14, 9, 15, 11], "texture": "#1"},
				"up": {"uv": [0, 0, 1, 0], "rotation": 270, "texture": "#1"},
				"down": {"uv": [0, 0, 1, 0], "rotation": 90, "texture": "#1"}
			}
		},
		{
			"from": [8, 5.3, 9],
			"to": [8, 6.3, 12],
			"rotation": {"angle": 0, "axis": "y", "origin": [8, 5.8, 9.5]},
			"faces": {
				"north": {"uv": [0, 0, 0, 1], "texture": "#1"},
				"east": {"uv": [14, 8, 15, 11], "rotation": 90, "texture": "#1"},
				"south": {"uv": [0, 0, 0, 1], "texture": "#1"},
				"west": {"uv": [15, 9, 16, 12], "rotation": 90, "texture": "#1"},
				"up": {"uv": [0, 0, 1, 0], "rotation": 270, "texture": "#1"},
				"down": {"uv": [0, 0, 1, 0], "rotation": 90, "texture": "#1"}
			}
		},
		{
			"from": [6, -2.5, 5],
			"to": [10, 0.5, 11],
			"rotation": {"angle": 0, "axis": "y", "origin": [8, -1, 8]},
			"faces": {
				"north": {"uv": [3, 13, 7, 16], "texture": "#1"},
				"east": {"uv": [7, 13, 13, 16], "texture": "#1"},
				"south": {"uv": [5, 13, 9, 16], "texture": "#1"},
				"west": {"uv": [7, 11, 13, 14], "texture": "#1"},
				"up": {"uv": [4, 10, 10, 14], "rotation": 270, "texture": "#1"},
				"down": {"uv": [7, 12, 13, 16], "rotation": 90, "texture": "#1"}
			}
		},
		{
			"from": [2, -3, 3],
			"to": [5, 0, 7],
			"rotation": {"angle": 0, "axis": "y", "origin": [3, -1.5, 5]},
			"faces": {
				"north": {"uv": [3, 13, 6, 16], "texture": "#1"},
				"east": {"uv": [8, 13, 12, 16], "texture": "#1"},
				"south": {"uv": [5, 13, 8, 16], "texture": "#1"},
				"west": {"uv": [8, 11, 12, 14], "texture": "#1"},
				"up": {"uv": [4, 10, 7, 14], "rotation": 180, "texture": "#1"},
				"down": {"uv": [9, 13, 13, 16], "rotation": 90, "texture": "#1"}
			}
		},
		{
			"from": [12, -3.4, 3],
			"to": [15, -0.4, 7],
			"rotation": {"angle": 0, "axis": "y", "origin": [13, -1.9, 5]},
			"faces": {
				"north": {"uv": [3, 13, 6, 16], "texture": "#1"},
				"east": {"uv": [8, 13, 12, 16], "texture": "#1"},
				"south": {"uv": [5, 13, 8, 16], "texture": "#1"},
				"west": {"uv": [8, 11, 12, 14], "texture": "#1"},
				"up": {"uv": [4, 10, 7, 14], "rotation": 180, "texture": "#1"},
				"down": {"uv": [9, 13, 13, 16], "rotation": 90, "texture": "#1"}
			}
		},
		{
			"from": [4.5, -3.5, 11.5],
			"to": [8.5, -0.5, 14.5],
			"rotation": {"angle": 0, "axis": "y", "origin": [6.5, -2, 13]},
			"faces": {
				"north": {"uv": [8, 13, 12, 16], "texture": "#1"},
				"east": {"uv": [5, 13, 8, 16], "texture": "#1"},
				"south": {"uv": [8, 11, 12, 14], "texture": "#1"},
				"west": {"uv": [3, 13, 6, 16], "texture": "#1"},
				"up": {"uv": [4, 10, 7, 14], "rotation": 90, "texture": "#1"},
				"down": {"uv": [9, 13, 13, 16], "rotation": 180, "texture": "#1"}
			}
		}
	],
	"groups": [
		{
			"name": "potatoes_stage2",
			"origin": [8, 8, 8],
			"children": [
				{
					"name": "potatoes_stage1",
					"origin": [8, 8, 8],
					"children": [
						{
							"name": "potatoes_stage0",
							"origin": [8, 8, 8],
							"children": [
								{
									"name": "roots",
									"origin": [6.5, 3.5, 8.5],
									"children": [0, 1, 2, 3, 4, 5, 6, 7, 8, 9, 10, 11, 12, 13, 14, 15, 16, 17, 18, 19, 20, 21, 22, 23, 24, 25]
								},
								{
									"name": "stem",
									"origin": [6.5, 3.5, 8.5],
									"children": [26, 27, 28, 29, 30, 31, 32, 33, 34, 35, 36, 37, 38, 39, 40, 41, 42, 43, 44, 45, 46, 47, 48]
								},
								{
									"name": "potato",
									"origin": [8, 8, 8],
									"children": [49, 50, 51, 52]
								}
							]
						}
					]
				}
			]
		}
	]
}