{
	"credit": "Made with Blockbench",
	"textures": {
		"1": "blocks/red_mushroom"
	},
	"elements": [
		{
			"name": "Foot",
			"from": [7, 0, 7],
			"to": [9, 5, 9],
			"rotation": {"angle": 0, "axis": "y", "origin": [15, 8, 15]},
			"faces": {
				"north": {"uv": [8, 10, 10, 15], "texture": "#1"},
				"east": {"uv": [14, 9, 16, 14], "texture": "#1"},
				"south": {"uv": [10, 9, 12, 14], "texture": "#1"},
				"west": {"uv": [12, 10, 14, 15], "texture": "#1"},
				"up": {"uv": [10, 14, 12, 16], "texture": "#1"},
				"down": {"uv": [14, 14, 16, 16], "texture": "#1"}
			}
		},
		{
			"name": "TOP",
			"from": [6, 5, 6],
			"to": [10, 7, 10],
			"rotation": {"angle": 0, "axis": "y", "origin": [15, 14, 15]},
			"faces": {
				"north": {"uv": [0, 10, 4, 12], "texture": "#1"},
				"east": {"uv": [4, 14, 8, 16], "texture": "#1"},
				"south": {"uv": [4, 10, 8, 12], "texture": "#1"},
				"west": {"uv": [4, 12, 8, 14], "texture": "#1"},
				"up": {"uv": [0, 12, 4, 16], "texture": "#1"},
				"down": {"uv": [0, 12, 4, 16], "texture": "#1"}
			}
		},
		{
			"from": [10, 3, 6],
			"to": [11, 6, 10],
			"rotation": {"angle": 0, "axis": "y", "origin": [18, 13, 17]},
			"faces": {
				"north": {"uv": [2, 6, 3, 9], "texture": "#1"},
				"east": {"uv": [0, 3, 4, 6], "texture": "#1"},
				"south": {"uv": [3, 6, 4, 9], "texture": "#1"},
				"west": {"uv": [0, 0, 4, 3], "texture": "#1"},
				"up": {"uv": [1, 6, 2, 10], "texture": "#1"},
				"down": {"uv": [0, 6, 1, 10], "texture": "#1"}
			}
		},
		{
			"from": [5, 3, 6],
			"to": [6, 6, 10],
			"rotation": {"angle": 0, "axis": "y", "origin": [13, 13, 17]},
			"faces": {
				"north": {"uv": [7, 6, 8, 9], "texture": "#1"},
				"east": {"uv": [4, 3, 8, 6], "texture": "#1"},
				"south": {"uv": [6, 6, 7, 9], "texture": "#1"},
				"west": {"uv": [4, 0, 8, 3], "texture": "#1"},
				"up": {"uv": [5, 6, 6, 10], "texture": "#1"},
				"down": {"uv": [4, 6, 5, 10], "texture": "#1"}
			}
		},
		{
			"from": [6, 3, 5],
			"to": [10, 6, 6],
			"rotation": {"angle": 0, "axis": "y", "origin": [1, 13, -5]},
			"faces": {
				"north": {"uv": [8, 0, 12, 3], "texture": "#1"},
				"east": {"uv": [10, 6, 11, 9], "texture": "#1"},
				"south": {"uv": [8, 3, 12, 6], "texture": "#1"},
				"west": {"uv": [11, 6, 12, 9], "texture": "#1"},
				"up": {"uv": [9, 6, 10, 10], "rotation": 270, "texture": "#1"},
				"down": {"uv": [8, 6, 9, 10], "rotation": 90, "texture": "#1"}
			}
		},
		{
			"from": [6, 3, 10],
			"to": [10, 6, 11],
			"rotation": {"angle": 0, "axis": "y", "origin": [1, 13, 0]},
			"faces": {
				"north": {"uv": [12, 0, 16, 3], "texture": "#1"},
				"east": {"uv": [14, 6, 15, 9], "texture": "#1"},
				"south": {"uv": [12, 3, 16, 6], "texture": "#1"},
				"west": {"uv": [15, 6, 16, 9], "texture": "#1"},
				"up": {"uv": [13, 6, 14, 10], "rotation": 270, "texture": "#1"},
				"down": {"uv": [12, 6, 13, 10], "rotation": 90, "texture": "#1"}
			}
		}
	],
	"groups": [0,
		{
			"name": "cap",
			"origin": [1, 13, 0],
			"children": [1, 2, 3, 4, 5]
		}
	]
}