{
	"credit": "Made with Blockbench",
	"textures": {
		"particle": "items/oak_planks"
	},
	"elements": [
		{
			"from": [2, 0, 6],
			"to": [14, 1, 10],
			"rotation": {"angle": 0, "axis": "y", "origin": [10, 8, 14]},
			"faces": {
				"north": {"uv": [4, 3, 16, 4], "texture": "#particle"},
				"east": {"uv": [0, 11, 4, 12], "texture": "#particle"},
				"south": {"uv": [0, 3, 12, 4], "texture": "#particle"},
				"west": {"uv": [12, 3, 16, 4], "texture": "#particle"},
				"up": {"uv": [0, 0, 12, 4], "texture": "#particle"},
				"down": {"uv": [4, 8, 16, 12], "texture": "#particle"}
			}
		}
	],
	"display": {
		"thirdperson_righthand": {
			"rotation": [0, 0, 90],
			"translation": [-7.25, -1.75, -0.25]
		},
		"thirdperson_lefthand": {
			"rotation": [0, 0, 90],
			"translation": [-7.75, -1.25, 0]
		},
		"firstperson_righthand": {
			"rotation": [96, -180, 92],
			"translation": [8.25, 2.75, 3.75]
		},
		"firstperson_lefthand": {
			"rotation": [90, -180, 92],
			"translation": [3.5, 3.5, 9.25]
		},
		"ground": {
			"translation": [0, 2, 0],
			"scale": [0.5, 0.5, 0.5]
		},
		"gui": {
			"rotation": [90, 45, 0],
			"translation": [-0.25, 0.25, 0],
			"scale": [1.25, 1.25, 1.25]
		},
		"head": {
			"rotation": [90, -180, 0],
			"translation": [0, 4, 0.75]
		},
		"fixed": {
			"rotation": [90, 135, 0],
			"translation": [0, 0, 11.25],
			"scale": [1.5, 1.5, 1.5]
		}
	}
}