{
	"credit": "Made with Blockbench",
	"textures": {
		"1": "biomesoplenty:block/sapling_bamboo",
		"particle": "biomesoplenty:block/sapling_bamboo"
	},
	"elements": [
		{
			"from": [6, 0, 10],
			"to": [10, 7, 11],
			"rotation": {"angle": 0, "axis": "y", "origin": [7, 8, 17]},
			"faces": {
				"north": {"uv": [0, 0, 4, 8], "texture": "#1"},
				"east": {"uv": [2, 0, 3, 8], "texture": "#1"},
				"south": {"uv": [0, 0, 4, 8], "texture": "#1"},
				"west": {"uv": [1, 0, 2, 8], "texture": "#1"},
				"up": {"uv": [1, 3, 5, 4], "texture": "#1"},
				"down": {"uv": [1, 1, 5, 2], "texture": "#1"}
			}
		},
		{
			"from": [10, 0, 6],
			"to": [11, 7, 10],
			"rotation": {"angle": 0, "axis": "y", "origin": [12, 8, 12]},
			"faces": {
				"north": {"uv": [3, 0, 4, 8], "texture": "#1"},
				"east": {"uv": [0, 0, 4, 8], "texture": "#1"},
				"south": {"uv": [2, 0, 3, 8], "texture": "#1"},
				"west": {"uv": [0, 0, 4, 8], "texture": "#1"},
				"up": {"uv": [4, 0, 5, 4], "texture": "#1"},
				"down": {"uv": [1, 0, 2, 4], "texture": "#1"}
			}
		},
		{
			"from": [6, 0, 5],
			"to": [10, 7, 6],
			"rotation": {"angle": 0, "axis": "y", "origin": [7, 8, 12]},
			"faces": {
				"north": {"uv": [0, 0, 4, 8], "texture": "#1"},
				"east": {"uv": [2, 0, 3, 8], "texture": "#1"},
				"south": {"uv": [0, 0, 4, 8], "texture": "#1"},
				"west": {"uv": [1, 0, 2, 8], "texture": "#1"},
				"up": {"uv": [2, 3, 6, 4], "texture": "#1"},
				"down": {"uv": [2, 5, 6, 6], "texture": "#1"}
			}
		},
		{
			"from": [5, 0, 6],
			"to": [6, 7, 10],
			"rotation": {"angle": 0, "axis": "y", "origin": [7, 8, 12]},
			"faces": {
				"north": {"uv": [0, 0, 1, 8], "texture": "#1"},
				"east": {"uv": [0, 0, 4, 8], "texture": "#1"},
				"south": {"uv": [1, 0, 2, 8], "texture": "#1"},
				"west": {"uv": [0, 0, 4, 8], "texture": "#1"},
				"up": {"uv": [4, 2, 5, 6], "texture": "#1"},
				"down": {"uv": [2, 1, 3, 5], "texture": "#1"}
			}
		},
		{
			"from": [7, 10, 7],
			"to": [9, 12, 9],
			"rotation": {"angle": 0, "axis": "y", "origin": [20, 18, 20]},
			"faces": {
				"north": {"uv": [0, 0, 2, 2], "texture": "#1"},
				"east": {"uv": [0, 0, 2, 2], "texture": "#1"},
				"south": {"uv": [0, 0, 2, 2], "texture": "#1"},
				"west": {"uv": [0, 0, 2, 2], "texture": "#1"},
				"up": {"uv": [0, 0, 2, 2], "texture": "#1"},
				"down": {"uv": [0, 0, 2, 2], "texture": "#1"}
			}
		},
		{
			"from": [6, 7, 6],
			"to": [10, 10, 10],
			"rotation": {"angle": 0, "axis": "y", "origin": [14, 15, 14]},
			"faces": {
				"north": {"uv": [0, 0, 4, 4], "texture": "#1"},
				"east": {"uv": [0, 0, 4, 4], "texture": "#1"},
				"south": {"uv": [0, 0, 4, 4], "texture": "#1"},
				"west": {"uv": [0, 0, 4, 4], "texture": "#1"},
				"up": {"uv": [1, 1, 5, 5], "texture": "#1"},
				"down": {"uv": [1, 1, 5, 5], "texture": "#1"}
			}
		},
		{
			"from": [6, 8, 11],
			"to": [10, 13, 11],
			"rotation": {"angle": 22.5, "axis": "x", "origin": [15, 17, 18]},
			"faces": {
				"north": {"uv": [12, 9, 16, 14], "texture": "#1"},
				"east": {"uv": [12, 2, 12, 7], "texture": "#1"},
				"south": {"uv": [12, 9, 16, 14], "texture": "#1"},
				"west": {"uv": [12, 3, 12, 8], "texture": "#1"},
				"up": {"uv": [11, 15, 15, 15], "texture": "#1"},
				"down": {"uv": [11, 15, 15, 15], "texture": "#1"}
			}
		},
		{
			"from": [6, 13, 4],
			"to": [10, 18, 4],
			"rotation": {"angle": -22.5, "axis": "x", "origin": [15, 22, 11]},
			"faces": {
				"north": {"uv": [12, 9, 16, 14], "texture": "#1"},
				"east": {"uv": [12, 3, 12, 8], "texture": "#1"},
				"south": {"uv": [12, 9, 16, 14], "texture": "#1"},
				"west": {"uv": [12, 3, 12, 8], "texture": "#1"},
				"up": {"uv": [11, 15, 15, 15], "texture": "#1"},
				"down": {"uv": [11, 15, 15, 15], "texture": "#1"}
			}
		},
		{
			"from": [2, 10, 6],
			"to": [2, 15, 10],
			"rotation": {"angle": 22.5, "axis": "z", "origin": [2, 25.45406, 14.64645]},
			"faces": {
				"north": {"uv": [15, 1, 15, 6], "texture": "#1"},
				"east": {"uv": [12, 9, 16, 14], "texture": "#1"},
				"south": {"uv": [12, 0, 12, 5], "texture": "#1"},
				"west": {"uv": [12, 9, 16, 14], "texture": "#1"},
				"up": {"uv": [11, 15, 15, 15], "rotation": 270, "texture": "#1"},
				"down": {"uv": [11, 15, 15, 15], "rotation": 90, "texture": "#1"}
			}
		},
		{
			"from": [14, 10, 6],
			"to": [14, 15, 10],
			"rotation": {"angle": -22.5, "axis": "z", "origin": [14, 25.45406, 14.64645]},
			"faces": {
				"north": {"uv": [14, 1, 14, 6], "texture": "#1"},
				"east": {"uv": [12, 9, 16, 14], "texture": "#1"},
				"south": {"uv": [16, 1, 16, 6], "texture": "#1"},
				"west": {"uv": [12, 9, 16, 14], "texture": "#1"},
				"up": {"uv": [11, 15, 15, 15], "rotation": 270, "texture": "#1"},
				"down": {"uv": [11, 15, 15, 15], "rotation": 90, "texture": "#1"}
			}
		}
	],
	"display": {},
	"groups": [
		{
			"name": "BASE1",
			"origin": [7, 8, 12],
			"children": [0, 1, 2, 3, 4, 5]
		},
		{
			"name": "leafs",
			"origin": [8, 8, 8],
			"children": [6, 7, 8, 9]
		}
	]
}