{
	"credit": "Made with Blockbench",
	"textures": {
		"0": "blocks/carrots_stage0",
		"particle": "blocks/carrots_stage0"
	},
	"elements": [
		{
			"from": [3, -1, 4],
			"to": [6, 2, 4],
			"rotation": {"angle": 22.5, "axis": "x", "origin": [4.5, 0.5, 4]},
			"faces": {
				"north": {"uv": [13, 13, 16, 16], "texture": "#0"},
				"east": {"uv": [0, 0, 0, 3], "texture": "#0"},
				"south": {"uv": [13, 13, 16, 16], "texture": "#0"},
				"west": {"uv": [0, 0, 0, 3], "texture": "#0"},
				"up": {"uv": [0, 0, 3, 0], "texture": "#0"},
				"down": {"uv": [0, 0, 3, 0], "texture": "#0"}
			}
		},
		{
			"from": [5.5, -1, 1.5],
			"to": [5.5, 2, 4.5],
			"rotation": {"angle": -22.5, "axis": "z", "origin": [5.5, 0.5, 3]},
			"faces": {
				"north": {"uv": [0, 0, 0, 3], "texture": "#0"},
				"east": {"uv": [13, 13, 16, 16], "texture": "#0"},
				"south": {"uv": [0, 0, 0, 3], "texture": "#0"},
				"west": {"uv": [13, 13, 16, 16], "texture": "#0"},
				"up": {"uv": [0, 0, 3, 0], "rotation": 270, "texture": "#0"},
				"down": {"uv": [0, 0, 3, 0], "rotation": 90, "texture": "#0"}
			}
		},
		{
			"from": [3.5, -1, 1.5],
			"to": [3.5, 2, 4.5],
			"rotation": {"angle": 22.5, "axis": "z", "origin": [3.5, 0.5, 3]},
			"faces": {
				"north": {"uv": [0, 0, 0, 3], "texture": "#0"},
				"east": {"uv": [13, 13, 16, 16], "texture": "#0"},
				"south": {"uv": [0, 0, 0, 3], "texture": "#0"},
				"west": {"uv": [13, 13, 16, 16], "texture": "#0"},
				"up": {"uv": [0, 0, 3, 0], "rotation": 270, "texture": "#0"},
				"down": {"uv": [0, 0, 3, 0], "rotation": 90, "texture": "#0"}
			}
		},
		{
			"from": [3, -1, 2],
			"to": [6, 2, 2],
			"rotation": {"angle": -22.5, "axis": "x", "origin": [4.5, 0.5, 2]},
			"faces": {
				"north": {"uv": [13, 13, 16, 16], "texture": "#0"},
				"east": {"uv": [0, 0, 0, 3], "texture": "#0"},
				"south": {"uv": [13, 13, 16, 16], "texture": "#0"},
				"west": {"uv": [0, 0, 0, 3], "texture": "#0"},
				"up": {"uv": [0, 0, 3, 0], "texture": "#0"},
				"down": {"uv": [0, 0, 3, 0], "texture": "#0"}
			}
		},
		{
			"from": [11, -1, 4],
			"to": [14, 2, 4],
			"rotation": {"angle": 22.5, "axis": "x", "origin": [12.5, 0.5, 4]},
			"faces": {
				"north": {"uv": [13, 13, 16, 16], "texture": "#0"},
				"east": {"uv": [0, 0, 0, 3], "texture": "#0"},
				"south": {"uv": [13, 13, 16, 16], "texture": "#0"},
				"west": {"uv": [0, 0, 0, 3], "texture": "#0"},
				"up": {"uv": [0, 0, 3, 0], "texture": "#0"},
				"down": {"uv": [0, 0, 3, 0], "texture": "#0"}
			}
		},
		{
			"from": [13.5, -1, 1.5],
			"to": [13.5, 2, 4.5],
			"rotation": {"angle": -22.5, "axis": "z", "origin": [13.5, 0.5, 3]},
			"faces": {
				"north": {"uv": [0, 0, 0, 3], "texture": "#0"},
				"east": {"uv": [13, 13, 16, 16], "texture": "#0"},
				"south": {"uv": [0, 0, 0, 3], "texture": "#0"},
				"west": {"uv": [13, 13, 16, 16], "texture": "#0"},
				"up": {"uv": [0, 0, 3, 0], "rotation": 270, "texture": "#0"},
				"down": {"uv": [0, 0, 3, 0], "rotation": 90, "texture": "#0"}
			}
		},
		{
			"from": [11.5, -1, 1.5],
			"to": [11.5, 2, 4.5],
			"rotation": {"angle": 22.5, "axis": "z", "origin": [11.5, 0.5, 3]},
			"faces": {
				"north": {"uv": [0, 0, 0, 3], "texture": "#0"},
				"east": {"uv": [13, 13, 16, 16], "texture": "#0"},
				"south": {"uv": [0, 0, 0, 3], "texture": "#0"},
				"west": {"uv": [13, 13, 16, 16], "texture": "#0"},
				"up": {"uv": [0, 0, 3, 0], "rotation": 270, "texture": "#0"},
				"down": {"uv": [0, 0, 3, 0], "rotation": 90, "texture": "#0"}
			}
		},
		{
			"from": [11, -1, 2],
			"to": [14, 2, 2],
			"rotation": {"angle": -22.5, "axis": "x", "origin": [12.5, 0.5, 2]},
			"faces": {
				"north": {"uv": [13, 13, 16, 16], "texture": "#0"},
				"east": {"uv": [0, 0, 0, 3], "texture": "#0"},
				"south": {"uv": [13, 13, 16, 16], "texture": "#0"},
				"west": {"uv": [0, 0, 0, 3], "texture": "#0"},
				"up": {"uv": [0, 0, 3, 0], "texture": "#0"},
				"down": {"uv": [0, 0, 3, 0], "texture": "#0"}
			}
		},
		{
			"from": [11, -1, 14],
			"to": [14, 2, 14],
			"rotation": {"angle": 22.5, "axis": "x", "origin": [12.5, 0.5, 14]},
			"faces": {
				"north": {"uv": [13, 13, 16, 16], "texture": "#0"},
				"east": {"uv": [0, 0, 0, 3], "texture": "#0"},
				"south": {"uv": [13, 13, 16, 16], "texture": "#0"},
				"west": {"uv": [0, 0, 0, 3], "texture": "#0"},
				"up": {"uv": [0, 0, 3, 0], "texture": "#0"},
				"down": {"uv": [0, 0, 3, 0], "texture": "#0"}
			}
		},
		{
			"from": [13.5, -1, 11.5],
			"to": [13.5, 2, 14.5],
			"rotation": {"angle": -22.5, "axis": "z", "origin": [13.5, 0.5, 13]},
			"faces": {
				"north": {"uv": [0, 0, 0, 3], "texture": "#0"},
				"east": {"uv": [13, 13, 16, 16], "texture": "#0"},
				"south": {"uv": [0, 0, 0, 3], "texture": "#0"},
				"west": {"uv": [13, 13, 16, 16], "texture": "#0"},
				"up": {"uv": [0, 0, 3, 0], "rotation": 270, "texture": "#0"},
				"down": {"uv": [0, 0, 3, 0], "rotation": 90, "texture": "#0"}
			}
		},
		{
			"from": [11.5, -1, 11.5],
			"to": [11.5, 2, 14.5],
			"rotation": {"angle": 22.5, "axis": "z", "origin": [11.5, 0.5, 13]},
			"faces": {
				"north": {"uv": [0, 0, 0, 3], "texture": "#0"},
				"east": {"uv": [13, 13, 16, 16], "texture": "#0"},
				"south": {"uv": [0, 0, 0, 3], "texture": "#0"},
				"west": {"uv": [13, 13, 16, 16], "texture": "#0"},
				"up": {"uv": [0, 0, 3, 0], "rotation": 270, "texture": "#0"},
				"down": {"uv": [0, 0, 3, 0], "rotation": 90, "texture": "#0"}
			}
		},
		{
			"from": [11, -1, 12],
			"to": [14, 2, 12],
			"rotation": {"angle": -22.5, "axis": "x", "origin": [12.5, 0.5, 12]},
			"faces": {
				"north": {"uv": [13, 13, 16, 16], "texture": "#0"},
				"east": {"uv": [0, 0, 0, 3], "texture": "#0"},
				"south": {"uv": [13, 13, 16, 16], "texture": "#0"},
				"west": {"uv": [0, 0, 0, 3], "texture": "#0"},
				"up": {"uv": [0, 0, 3, 0], "texture": "#0"},
				"down": {"uv": [0, 0, 3, 0], "texture": "#0"}
			}
		},
		{
			"from": [3, -1, 14],
			"to": [6, 2, 14],
			"rotation": {"angle": 22.5, "axis": "x", "origin": [4.5, 0.5, 14]},
			"faces": {
				"north": {"uv": [13, 13, 16, 16], "texture": "#0"},
				"east": {"uv": [0, 0, 0, 3], "texture": "#0"},
				"south": {"uv": [13, 13, 16, 16], "texture": "#0"},
				"west": {"uv": [0, 0, 0, 3], "texture": "#0"},
				"up": {"uv": [0, 0, 3, 0], "texture": "#0"},
				"down": {"uv": [0, 0, 3, 0], "texture": "#0"}
			}
		},
		{
			"from": [5.5, -1, 11.5],
			"to": [5.5, 2, 14.5],
			"rotation": {"angle": -22.5, "axis": "z", "origin": [5.5, 0.5, 13]},
			"faces": {
				"north": {"uv": [0, 0, 0, 3], "texture": "#0"},
				"east": {"uv": [13, 13, 16, 16], "texture": "#0"},
				"south": {"uv": [0, 0, 0, 3], "texture": "#0"},
				"west": {"uv": [13, 13, 16, 16], "texture": "#0"},
				"up": {"uv": [0, 0, 3, 0], "rotation": 270, "texture": "#0"},
				"down": {"uv": [0, 0, 3, 0], "rotation": 90, "texture": "#0"}
			}
		},
		{
			"from": [3.5, -1, 11.5],
			"to": [3.5, 2, 14.5],
			"rotation": {"angle": 22.5, "axis": "z", "origin": [3.5, 0.5, 13]},
			"faces": {
				"north": {"uv": [0, 0, 0, 3], "texture": "#0"},
				"east": {"uv": [13, 13, 16, 16], "texture": "#0"},
				"south": {"uv": [0, 0, 0, 3], "texture": "#0"},
				"west": {"uv": [13, 13, 16, 16], "texture": "#0"},
				"up": {"uv": [0, 0, 3, 0], "rotation": 270, "texture": "#0"},
				"down": {"uv": [0, 0, 3, 0], "rotation": 90, "texture": "#0"}
			}
		},
		{
			"from": [3, -1, 12],
			"to": [6, 2, 12],
			"rotation": {"angle": -22.5, "axis": "x", "origin": [4.5, 0.5, 12]},
			"faces": {
				"north": {"uv": [13, 13, 16, 16], "texture": "#0"},
				"east": {"uv": [0, 0, 0, 3], "texture": "#0"},
				"south": {"uv": [13, 13, 16, 16], "texture": "#0"},
				"west": {"uv": [0, 0, 0, 3], "texture": "#0"},
				"up": {"uv": [0, 0, 3, 0], "texture": "#0"},
				"down": {"uv": [0, 0, 3, 0], "texture": "#0"}
			}
		}
	],
	"groups": [
		{
			"name": "carrot",
			"origin": [8, 8, 8],
			"children": [0, 1, 2, 3]
		},
		{
			"name": "carrot",
			"origin": [8, 8, 8],
			"children": [4, 5, 6, 7]
		},
		{
			"name": "carrot",
			"origin": [8, 8, 8],
			"children": [8, 9, 10, 11]
		},
		{
			"name": "carrot",
			"origin": [8, 8, 8],
			"children": [12, 13, 14, 15]
		}
	]
}