{
	"credit": "Made with Blockbench",
	"textures": {
		"0": "biomesoplenty:block/cattail",
		"particle": "biomesoplenty:block/cattail"
	},
	"elements": [
		{
			"from": [2, 0, 4],
			"to": [3, 5, 5],
			"rotation": {"angle": 0, "axis": "y", "origin": [10, 8, 12]},
			"faces": {
				"north": {"uv": [8, 11, 9, 16], "texture": "#0"},
				"east": {"uv": [8, 11, 9, 16], "texture": "#0"},
				"south": {"uv": [8, 11, 9, 16], "texture": "#0"},
				"west": {"uv": [8, 11, 9, 16], "texture": "#0"},
				"up": {"uv": [8, 11, 9, 12], "texture": "#0"},
				"down": {"uv": [8, 15, 9, 16], "texture": "#0"}
			}
		},
		{
			"from": [1, 5, 3],
			"to": [4, 12, 6],
			"rotation": {"angle": 0, "axis": "y", "origin": [11, 20, 12]},
			"faces": {
				"north": {"uv": [7, 4, 10, 11], "texture": "#0"},
				"east": {"uv": [7, 4, 10, 11], "texture": "#0"},
				"south": {"uv": [7, 4, 10, 11], "texture": "#0"},
				"west": {"uv": [7, 4, 10, 11], "texture": "#0"},
				"up": {"uv": [7, 4, 8, 5], "texture": "#0"},
				"down": {"uv": [9, 10, 10, 11], "texture": "#0"}
			}
		},
		{
			"from": [2, 12, 4],
			"to": [3, 13, 5],
			"rotation": {"angle": 0, "axis": "y", "origin": [11, 27, 12]},
			"faces": {
				"north": {"uv": [8, 3, 9, 4], "texture": "#0"},
				"east": {"uv": [8, 3, 9, 4], "texture": "#0"},
				"south": {"uv": [8, 3, 9, 4], "texture": "#0"},
				"west": {"uv": [8, 3, 9, 4], "texture": "#0"},
				"up": {"uv": [8, 3, 9, 4], "texture": "#0"},
				"down": {"uv": [8, 3, 9, 4], "texture": "#0"}
			}
		},
		{
			"from": [10, 0, 13],
			"to": [11, 8, 14],
			"rotation": {"angle": 0, "axis": "y", "origin": [18, 8, 21]},
			"faces": {
				"north": {"uv": [12, 8, 13, 16], "texture": "#0"},
				"east": {"uv": [12, 8, 13, 16], "texture": "#0"},
				"south": {"uv": [12, 8, 13, 16], "texture": "#0"},
				"west": {"uv": [12, 8, 13, 16], "texture": "#0"},
				"up": {"uv": [12, 8, 13, 9], "texture": "#0"},
				"down": {"uv": [12, 15, 13, 16], "texture": "#0"}
			}
		},
		{
			"from": [9, 8, 12],
			"to": [12, 15, 15],
			"rotation": {"angle": 0, "axis": "y", "origin": [19, 23, 21]},
			"faces": {
				"north": {"uv": [11, 1, 14, 8], "texture": "#0"},
				"east": {"uv": [11, 1, 14, 8], "texture": "#0"},
				"south": {"uv": [11, 1, 14, 8], "texture": "#0"},
				"west": {"uv": [11, 1, 14, 8], "texture": "#0"},
				"up": {"uv": [11, 1, 12, 2], "texture": "#0"},
				"down": {"uv": [13, 7, 14, 8], "texture": "#0"}
			}
		},
		{
			"from": [10, 15, 13],
			"to": [11, 16, 14],
			"rotation": {"angle": 0, "axis": "y", "origin": [19, 30, 21]},
			"faces": {
				"north": {"uv": [12, 0, 13, 1], "texture": "#0"},
				"east": {"uv": [12, 0, 13, 1], "texture": "#0"},
				"south": {"uv": [12, 0, 13, 1], "texture": "#0"},
				"west": {"uv": [12, 0, 13, 1], "texture": "#0"},
				"up": {"uv": [12, 0, 13, 1], "texture": "#0"},
				"down": {"uv": [12, 0, 13, 1], "texture": "#0"}
			}
		},
		{
			"from": [12, 0, 2],
			"to": [13, 7, 3],
			"rotation": {"angle": 0, "axis": "y", "origin": [20, 8, 10]},
			"faces": {
				"north": {"uv": [4, 9, 5, 16], "texture": "#0"},
				"east": {"uv": [4, 9, 5, 16], "texture": "#0"},
				"south": {"uv": [4, 9, 5, 16], "texture": "#0"},
				"west": {"uv": [4, 9, 5, 16], "texture": "#0"},
				"up": {"uv": [4, 9, 5, 10], "texture": "#0"},
				"down": {"uv": [4, 15, 5, 16], "texture": "#0"}
			}
		},
		{
			"from": [11, 7, 1],
			"to": [14, 14, 4],
			"rotation": {"angle": 0, "axis": "y", "origin": [21, 21, 10]},
			"faces": {
				"north": {"uv": [3, 2, 6, 9], "texture": "#0"},
				"east": {"uv": [3, 2, 6, 9], "texture": "#0"},
				"south": {"uv": [3, 2, 6, 9], "texture": "#0"},
				"west": {"uv": [3, 2, 6, 9], "texture": "#0"},
				"up": {"uv": [3, 2, 4, 3], "texture": "#0"},
				"down": {"uv": [5, 7, 6, 8], "texture": "#0"}
			}
		},
		{
			"from": [12, 14, 2],
			"to": [13, 15, 3],
			"rotation": {"angle": 0, "axis": "y", "origin": [21, 29, 10]},
			"faces": {
				"north": {"uv": [4, 1, 5, 2], "texture": "#0"},
				"east": {"uv": [4, 1, 5, 2], "texture": "#0"},
				"south": {"uv": [4, 1, 5, 2], "texture": "#0"},
				"west": {"uv": [4, 1, 5, 2], "texture": "#0"},
				"up": {"uv": [4, 1, 5, 2], "texture": "#0"},
				"down": {"uv": [4, 1, 5, 2], "texture": "#0"}
			}
		},
		{
			"from": [3, 0, 12],
			"to": [4, 7, 13],
			"rotation": {"angle": 0, "axis": "y", "origin": [11, 8, 20]},
			"faces": {
				"north": {"uv": [4, 9, 5, 16], "texture": "#0"},
				"east": {"uv": [4, 9, 5, 16], "texture": "#0"},
				"south": {"uv": [4, 9, 5, 16], "texture": "#0"},
				"west": {"uv": [4, 9, 5, 16], "texture": "#0"},
				"up": {"uv": [4, 9, 5, 10], "texture": "#0"},
				"down": {"uv": [4, 15, 5, 16], "texture": "#0"}
			}
		},
		{
			"from": [2, 7, 11],
			"to": [5, 14, 14],
			"rotation": {"angle": 0, "axis": "y", "origin": [12, 21, 20]},
			"faces": {
				"north": {"uv": [3, 2, 6, 9], "texture": "#0"},
				"east": {"uv": [3, 2, 6, 9], "texture": "#0"},
				"south": {"uv": [3, 2, 6, 9], "texture": "#0"},
				"west": {"uv": [3, 2, 6, 9], "texture": "#0"},
				"up": {"uv": [3, 2, 4, 3], "texture": "#0"},
				"down": {"uv": [5, 8, 6, 9], "texture": "#0"}
			}
		},
		{
			"from": [3, 14, 12],
			"to": [4, 15, 13],
			"rotation": {"angle": 0, "axis": "y", "origin": [12, 29, 20]},
			"faces": {
				"north": {"uv": [4, 1, 5, 2], "texture": "#0"},
				"east": {"uv": [4, 1, 5, 2], "texture": "#0"},
				"south": {"uv": [4, 1, 5, 2], "texture": "#0"},
				"west": {"uv": [4, 1, 5, 2], "texture": "#0"},
				"up": {"uv": [4, 8, 5, 9], "texture": "#0"},
				"down": {"uv": [3, 1, 4, 2], "texture": "#0"}
			}
		},
		{
			"from": [7, 0, 7],
			"to": [8, 5, 8],
			"rotation": {"angle": 0, "axis": "y", "origin": [15, 8, 15]},
			"faces": {
				"north": {"uv": [8, 11, 9, 16], "texture": "#0"},
				"east": {"uv": [8, 11, 9, 16], "texture": "#0"},
				"south": {"uv": [8, 11, 9, 16], "texture": "#0"},
				"west": {"uv": [8, 11, 9, 16], "texture": "#0"},
				"up": {"uv": [8, 11, 9, 12], "texture": "#0"},
				"down": {"uv": [8, 15, 9, 16], "texture": "#0"}
			}
		},
		{
			"from": [6, 5, 6],
			"to": [9, 12, 9],
			"rotation": {"angle": 0, "axis": "y", "origin": [16, 20, 15]},
			"faces": {
				"north": {"uv": [7, 4, 10, 11], "texture": "#0"},
				"east": {"uv": [7, 4, 10, 11], "texture": "#0"},
				"south": {"uv": [7, 4, 10, 11], "texture": "#0"},
				"west": {"uv": [7, 4, 10, 11], "texture": "#0"},
				"up": {"uv": [7, 4, 8, 5], "texture": "#0"},
				"down": {"uv": [9, 10, 10, 11], "texture": "#0"}
			}
		},
		{
			"from": [7, 12, 7],
			"to": [8, 13, 8],
			"rotation": {"angle": 0, "axis": "y", "origin": [16, 27, 15]},
			"faces": {
				"north": {"uv": [8, 3, 9, 4], "texture": "#0"},
				"east": {"uv": [8, 3, 9, 4], "texture": "#0"},
				"south": {"uv": [8, 3, 9, 4], "texture": "#0"},
				"west": {"uv": [8, 3, 9, 4], "texture": "#0"},
				"up": {"uv": [8, 3, 9, 4], "texture": "#0"},
				"down": {"uv": [8, 3, 9, 4], "texture": "#0"}
			}
		}
	],
	"groups": [
		{
			"name": "CT1",
			"origin": [8, 8, 8],
			"children": [0, 1, 2]
		},
		{
			"name": "CT2",
			"origin": [8, 8, 8],
			"children": [3, 4, 5]
		},
		{
			"name": "CT3",
			"origin": [8, 8, 8],
			"children": [6, 7, 8]
		},
		{
			"name": "CT4",
			"origin": [8, 8, 8],
			"children": [9, 10, 11]
		},
		{
			"name": "CT5",
			"origin": [8, 8, 8],
			"children": [12, 13, 14]
		}
	]
}