{
	"credit": "Made with Blockbench",
	"textures": {
		"0": "biomesoplenty:blocks/flat_mushroom",
		"particle": "biomesoplenty:blocks/flat_mushroom"
	},
	"elements": [
		{
			"from": [7, 0, 7],
			"to": [9, 3, 9],
			"rotation": {"angle": 0, "axis": "y", "origin": [15, 8, 15]},
			"faces": {
				"north": {"uv": [7, 13, 9, 16], "texture": "#0"},
				"east": {"uv": [7, 13, 9, 16], "texture": "#0"},
				"south": {"uv": [7, 13, 9, 16], "texture": "#0"},
				"west": {"uv": [7, 13, 9, 16], "texture": "#0"},
				"up": {"uv": [0, 0, 2, 2], "texture": "#0"},
				"down": {"uv": [0, 0, 2, 2], "texture": "#0"}
			}
		},
		{
			"from": [6, 3, 6],
			"to": [10, 4, 10],
			"rotation": {"angle": 0, "axis": "y", "origin": [15, 11, 16]},
			"faces": {
				"north": {"uv": [6, 12, 10, 13], "texture": "#0"},
				"east": {"uv": [6, 12, 10, 13], "texture": "#0"},
				"south": {"uv": [6, 12, 10, 13], "texture": "#0"},
				"west": {"uv": [6, 12, 10, 13], "texture": "#0"},
				"up": {"uv": [8, 12, 10, 13], "texture": "#0"},
				"down": {"uv": [8, 12, 10, 13], "texture": "#0"}
			}
		},
		{
			"from": [5, 4, 5],
			"to": [11, 5, 11],
			"rotation": {"angle": 0, "axis": "y", "origin": [8, 12, 15]},
			"faces": {
				"north": {"uv": [5, 11, 11, 12], "texture": "#0"},
				"east": {"uv": [5, 11, 11, 12], "texture": "#0"},
				"south": {"uv": [5, 11, 11, 12], "texture": "#0"},
				"west": {"uv": [5, 11, 11, 12], "texture": "#0"},
				"up": {"uv": [7, 11, 11, 12], "texture": "#0"},
				"down": {"uv": [6, 11, 11, 12], "texture": "#0"}
			}
		},
		{
			"from": [4, 5, 3],
			"to": [12, 6, 13],
			"rotation": {"angle": 0, "axis": "y", "origin": [11, 13, 12]},
			"faces": {
				"north": {"uv": [3, 10, 13, 11], "texture": "#0"},
				"east": {"uv": [3, 10, 13, 11], "texture": "#0"},
				"south": {"uv": [3, 10, 13, 11], "texture": "#0"},
				"west": {"uv": [3, 10, 13, 11], "texture": "#0"},
				"up": {"uv": [5, 10, 11, 11], "texture": "#0"},
				"down": {"uv": [11, 10, 13, 11], "texture": "#0"}
			}
		},
		{
			"from": [12, 5, 4],
			"to": [13, 6, 12],
			"rotation": {"angle": 0, "axis": "y", "origin": [12, 13, 12]},
			"faces": {
				"north": {"uv": [12, 10, 13, 11], "texture": "#0"},
				"east": {"uv": [3, 10, 13, 11], "texture": "#0"},
				"south": {"uv": [3, 10, 4, 11], "texture": "#0"},
				"west": {"uv": [3, 10, 13, 11], "texture": "#0"},
				"up": {"uv": [5, 10, 11, 11], "texture": "#0"},
				"down": {"uv": [11, 10, 13, 11], "texture": "#0"}
			}
		},
		{
			"from": [3, 5, 4],
			"to": [4, 6, 12],
			"rotation": {"angle": 0, "axis": "y", "origin": [3, 13, 12]},
			"faces": {
				"north": {"uv": [12, 10, 13, 11], "texture": "#0"},
				"east": {"uv": [3, 10, 13, 11], "texture": "#0"},
				"south": {"uv": [3, 10, 4, 11], "texture": "#0"},
				"west": {"uv": [3, 10, 13, 11], "texture": "#0"},
				"up": {"uv": [5, 10, 11, 11], "texture": "#0"},
				"down": {"uv": [11, 10, 13, 11], "texture": "#0"}
			}
		},
		{
			"from": [4, 6, 4],
			"to": [12, 7, 12],
			"rotation": {"angle": 0, "axis": "y", "origin": [16, 14, 17]},
			"faces": {
				"north": {"uv": [4, 9, 12, 10], "texture": "#0"},
				"east": {"uv": [4, 9, 12, 10], "texture": "#0"},
				"south": {"uv": [4, 9, 12, 10], "texture": "#0"},
				"west": {"uv": [4, 9, 12, 10], "texture": "#0"},
				"up": {"uv": [4, 9, 12, 10], "texture": "#0"},
				"down": {"uv": [5, 10, 11, 11], "texture": "#0"}
			}
		}
	]
}