{
	"credit": "Made with Blockbench",
	"textures": {
		"0": "biomesoplenty:block/glowshroom",
		"particle": "biomesoplenty:block/glowshroom"
	},
	"elements": [
		{
			"from": [7, 0, 7],
			"to": [8, 10, 8],
			"rotation": {"angle": 0, "axis": "y", "origin": [15, 8, 15]},
			"faces": {
				"north": {"uv": [6, 6, 7, 16], "texture": "#0"},
				"east": {"uv": [6, 6, 7, 16], "texture": "#0"},
				"south": {"uv": [6, 6, 7, 16], "texture": "#0"},
				"west": {"uv": [6, 6, 7, 16], "texture": "#0"},
				"up": {"uv": [0, 0, 1, 1], "texture": "#0"},
				"down": {"uv": [0, 0, 1, 1], "texture": "#0"}
			}
		},
		{
			"from": [5, 10, 5],
			"to": [10, 11, 10],
			"rotation": {"angle": 0, "axis": "y", "origin": [15, 18, 15]},
			"faces": {
				"north": {"uv": [4, 5, 9, 6], "texture": "#0"},
				"east": {"uv": [4, 5, 9, 6], "texture": "#0"},
				"south": {"uv": [4, 5, 9, 6], "texture": "#0"},
				"west": {"uv": [4, 5, 9, 6], "texture": "#0"},
				"up": {"uv": [4, 5, 9, 6], "texture": "#0"},
				"down": {"uv": [4, 6, 9, 7], "texture": "#0"}
			}
		},
		{
			"from": [5, 8, 10],
			"to": [10, 10, 11],
			"rotation": {"angle": 0, "axis": "y", "origin": [15, 17, 20]},
			"faces": {
				"north": {"uv": [3, 6, 10, 8], "texture": "#0"},
				"east": {"uv": [9, 6, 10, 8], "texture": "#0"},
				"south": {"uv": [3, 6, 10, 8], "texture": "#0"},
				"west": {"uv": [3, 6, 4, 8], "texture": "#0"},
				"up": {"uv": [3, 6, 10, 7], "texture": "#0"},
				"down": {"uv": [3, 7, 10, 8], "texture": "#0"}
			}
		},
		{
			"from": [5, 8, 4],
			"to": [10, 10, 5],
			"rotation": {"angle": 0, "axis": "y", "origin": [15, 17, 14]},
			"faces": {
				"north": {"uv": [3, 6, 10, 8], "texture": "#0"},
				"east": {"uv": [9, 6, 10, 8], "texture": "#0"},
				"south": {"uv": [3, 6, 10, 8], "texture": "#0"},
				"west": {"uv": [3, 6, 4, 8], "texture": "#0"},
				"up": {"uv": [3, 6, 10, 7], "texture": "#0"},
				"down": {"uv": [3, 7, 10, 8], "texture": "#0"}
			}
		},
		{
			"from": [4, 8, 5],
			"to": [5, 10, 10],
			"rotation": {"angle": 0, "axis": "y", "origin": [4.5, 9, 7.5]},
			"faces": {
				"north": {"uv": [9, 6, 10, 8], "texture": "#0"},
				"east": {"uv": [3, 6, 10, 8], "texture": "#0"},
				"south": {"uv": [3, 6, 4, 8], "texture": "#0"},
				"west": {"uv": [3, 6, 10, 8], "texture": "#0"},
				"up": {"uv": [3, 6, 10, 7], "rotation": 270, "texture": "#0"},
				"down": {"uv": [3, 7, 10, 8], "rotation": 90, "texture": "#0"}
			}
		},
		{
			"from": [10, 8, 5],
			"to": [11, 10, 10],
			"rotation": {"angle": 0, "axis": "y", "origin": [10.5, 9, 7.5]},
			"faces": {
				"north": {"uv": [9, 6, 10, 8], "texture": "#0"},
				"east": {"uv": [3, 6, 10, 8], "texture": "#0"},
				"south": {"uv": [3, 6, 4, 8], "texture": "#0"},
				"west": {"uv": [3, 6, 10, 8], "texture": "#0"},
				"up": {"uv": [3, 6, 10, 7], "rotation": 270, "texture": "#0"},
				"down": {"uv": [3, 7, 10, 8], "rotation": 90, "texture": "#0"}
			}
		},
		{
			"from": [7, 0, 14],
			"to": [8, 6, 15],
			"rotation": {"angle": 0, "axis": "y", "origin": [15, 8, 22]},
			"faces": {
				"north": {"uv": [6, 6, 7, 16], "texture": "#0"},
				"east": {"uv": [6, 6, 7, 16], "texture": "#0"},
				"south": {"uv": [6, 6, 7, 16], "texture": "#0"},
				"west": {"uv": [6, 6, 7, 16], "texture": "#0"},
				"up": {"uv": [0, 0, 1, 1], "texture": "#0"},
				"down": {"uv": [0, 0, 1, 1], "texture": "#0"}
			}
		},
		{
			"from": [6, 6, 13],
			"to": [9, 7, 16],
			"rotation": {"angle": 0, "axis": "y", "origin": [15, 14, 22]},
			"faces": {
				"north": {"uv": [4, 5, 9, 6], "texture": "#0"},
				"east": {"uv": [4, 5, 9, 6], "texture": "#0"},
				"south": {"uv": [4, 5, 9, 6], "texture": "#0"},
				"west": {"uv": [4, 5, 9, 6], "texture": "#0"},
				"up": {"uv": [4, 5, 9, 6], "texture": "#0"},
				"down": {"uv": [4, 6, 9, 7], "texture": "#0"}
			}
		},
		{
			"from": [5, 5, 13],
			"to": [6, 6, 16],
			"rotation": {"angle": 0, "axis": "y", "origin": [5.5, 5, 14.5]},
			"faces": {
				"north": {"uv": [8, 10, 9, 11], "texture": "#0"},
				"east": {"uv": [8, 10, 13, 11], "texture": "#0"},
				"south": {"uv": [12, 10, 13, 11], "texture": "#0"},
				"west": {"uv": [8, 10, 13, 11], "texture": "#0"},
				"up": {"uv": [8, 10, 13, 11], "rotation": 270, "texture": "#0"},
				"down": {"uv": [8, 10, 13, 11], "rotation": 90, "texture": "#0"}
			}
		},
		{
			"from": [9, 5, 13],
			"to": [10, 6, 16],
			"rotation": {"angle": 0, "axis": "y", "origin": [9.5, 5, 14.5]},
			"faces": {
				"north": {"uv": [8, 10, 9, 11], "texture": "#0"},
				"east": {"uv": [8, 10, 13, 11], "texture": "#0"},
				"south": {"uv": [12, 10, 13, 11], "texture": "#0"},
				"west": {"uv": [8, 10, 13, 11], "texture": "#0"},
				"up": {"uv": [8, 10, 13, 11], "rotation": 270, "texture": "#0"},
				"down": {"uv": [8, 10, 13, 11], "rotation": 90, "texture": "#0"}
			}
		},
		{
			"from": [6, 5, 16],
			"to": [9, 6, 17],
			"rotation": {"angle": 0, "axis": "y", "origin": [7.5, 5.5, 16.5]},
			"faces": {
				"north": {"uv": [8, 10, 13, 11], "texture": "#0"},
				"east": {"uv": [12, 10, 13, 11], "texture": "#0"},
				"south": {"uv": [8, 10, 13, 11], "texture": "#0"},
				"west": {"uv": [8, 10, 9, 11], "texture": "#0"},
				"up": {"uv": [8, 10, 13, 11], "rotation": 180, "texture": "#0"},
				"down": {"uv": [8, 10, 13, 11], "rotation": 180, "texture": "#0"}
			}
		},
		{
			"from": [6, 5, 12],
			"to": [9, 6, 13],
			"rotation": {"angle": 0, "axis": "y", "origin": [7.5, 5.5, 12.5]},
			"faces": {
				"north": {"uv": [8, 10, 13, 11], "texture": "#0"},
				"east": {"uv": [12, 10, 13, 11], "texture": "#0"},
				"south": {"uv": [8, 10, 13, 11], "texture": "#0"},
				"west": {"uv": [8, 10, 9, 11], "texture": "#0"},
				"up": {"uv": [8, 10, 13, 11], "rotation": 180, "texture": "#0"},
				"down": {"uv": [8, 10, 13, 11], "rotation": 180, "texture": "#0"}
			}
		},
		{
			"from": [2, 0, 10],
			"to": [3, 5, 11],
			"rotation": {"angle": 0, "axis": "y", "origin": [10, 8, 18]},
			"faces": {
				"north": {"uv": [13, 11, 14, 16], "texture": "#0"},
				"east": {"uv": [13, 11, 14, 16], "texture": "#0"},
				"south": {"uv": [13, 11, 14, 16], "texture": "#0"},
				"west": {"uv": [13, 11, 14, 16], "texture": "#0"},
				"up": {"uv": [13, 11, 14, 12], "texture": "#0"},
				"down": {"uv": [0, 0, 1, 1], "texture": "#0"}
			}
		},
		{
			"from": [1, 3, 10],
			"to": [2, 4, 11],
			"rotation": {"angle": 0, "axis": "y", "origin": [9, 11, 18]},
			"faces": {
				"north": {"uv": [14, 12, 15, 13], "texture": "#0"},
				"east": {"uv": [14, 12, 15, 13], "texture": "#0"},
				"south": {"uv": [14, 12, 15, 13], "texture": "#0"},
				"west": {"uv": [14, 12, 15, 13], "texture": "#0"},
				"up": {"uv": [14, 12, 15, 13], "texture": "#0"},
				"down": {"uv": [14, 12, 15, 13], "texture": "#0"}
			}
		},
		{
			"from": [3, 3, 10],
			"to": [4, 4, 11],
			"rotation": {"angle": 0, "axis": "y", "origin": [11, 11, 18]},
			"faces": {
				"north": {"uv": [14, 12, 15, 13], "texture": "#0"},
				"east": {"uv": [14, 12, 15, 13], "texture": "#0"},
				"south": {"uv": [14, 12, 15, 13], "texture": "#0"},
				"west": {"uv": [14, 12, 15, 13], "texture": "#0"},
				"up": {"uv": [14, 12, 15, 13], "texture": "#0"},
				"down": {"uv": [14, 12, 15, 13], "texture": "#0"}
			}
		},
		{
			"from": [2, 3, 11],
			"to": [3, 4, 12],
			"rotation": {"angle": 0, "axis": "y", "origin": [10, 11, 19]},
			"faces": {
				"north": {"uv": [12, 12, 13, 13], "texture": "#0"},
				"east": {"uv": [12, 12, 13, 13], "texture": "#0"},
				"south": {"uv": [12, 12, 13, 13], "texture": "#0"},
				"west": {"uv": [12, 12, 13, 13], "texture": "#0"},
				"up": {"uv": [12, 12, 13, 13], "texture": "#0"},
				"down": {"uv": [12, 12, 13, 13], "texture": "#0"}
			}
		},
		{
			"from": [2, 3, 9],
			"to": [3, 4, 10],
			"rotation": {"angle": 0, "axis": "y", "origin": [10, 11, 17]},
			"faces": {
				"north": {"uv": [12, 12, 13, 13], "texture": "#0"},
				"east": {"uv": [12, 12, 13, 13], "texture": "#0"},
				"south": {"uv": [12, 12, 13, 13], "texture": "#0"},
				"west": {"uv": [12, 12, 13, 13], "texture": "#0"},
				"up": {"uv": [12, 12, 13, 13], "texture": "#0"},
				"down": {"uv": [12, 12, 13, 13], "texture": "#0"}
			}
		},
		{
			"from": [13, 0, 3],
			"to": [14, 3, 4],
			"rotation": {"angle": 0, "axis": "y", "origin": [21, 8, 11]},
			"faces": {
				"north": {"uv": [3, 13, 4, 16], "texture": "#0"},
				"east": {"uv": [3, 13, 4, 16], "texture": "#0"},
				"south": {"uv": [3, 13, 4, 16], "texture": "#0"},
				"west": {"uv": [3, 13, 4, 16], "texture": "#0"},
				"up": {"uv": [0, 0, 1, 1], "texture": "#0"},
				"down": {"uv": [0, 0, 1, 1], "texture": "#0"}
			}
		},
		{
			"from": [12, 3, 2],
			"to": [15, 4, 5],
			"rotation": {"angle": 0, "axis": "y", "origin": [21, 11, 11]},
			"faces": {
				"north": {"uv": [4, 5, 9, 6], "texture": "#0"},
				"east": {"uv": [4, 5, 9, 6], "texture": "#0"},
				"south": {"uv": [4, 5, 9, 6], "texture": "#0"},
				"west": {"uv": [4, 5, 9, 6], "texture": "#0"},
				"up": {"uv": [4, 5, 9, 6], "texture": "#0"},
				"down": {"uv": [4, 6, 9, 7], "texture": "#0"}
			}
		},
		{
			"from": [11, 2, 2],
			"to": [12, 3, 5],
			"rotation": {"angle": 0, "axis": "y", "origin": [11.5, 2, 3.5]},
			"faces": {
				"north": {"uv": [8, 10, 9, 11], "texture": "#0"},
				"east": {"uv": [8, 10, 13, 11], "texture": "#0"},
				"south": {"uv": [12, 10, 13, 11], "texture": "#0"},
				"west": {"uv": [8, 10, 13, 11], "texture": "#0"},
				"up": {"uv": [8, 10, 13, 11], "rotation": 270, "texture": "#0"},
				"down": {"uv": [8, 10, 13, 11], "rotation": 90, "texture": "#0"}
			}
		},
		{
			"from": [15, 2, 2],
			"to": [16, 3, 5],
			"rotation": {"angle": 0, "axis": "y", "origin": [15.5, 2, 3.5]},
			"faces": {
				"north": {"uv": [8, 10, 9, 11], "texture": "#0"},
				"east": {"uv": [8, 10, 13, 11], "texture": "#0"},
				"south": {"uv": [12, 10, 13, 11], "texture": "#0"},
				"west": {"uv": [8, 10, 13, 11], "texture": "#0"},
				"up": {"uv": [8, 10, 13, 11], "rotation": 270, "texture": "#0"},
				"down": {"uv": [8, 10, 13, 11], "rotation": 90, "texture": "#0"}
			}
		},
		{
			"from": [12, 2, 5],
			"to": [15, 3, 6],
			"rotation": {"angle": 0, "axis": "y", "origin": [13.5, 2.5, 5.5]},
			"faces": {
				"north": {"uv": [8, 10, 13, 11], "texture": "#0"},
				"east": {"uv": [12, 10, 13, 11], "texture": "#0"},
				"south": {"uv": [8, 10, 13, 11], "texture": "#0"},
				"west": {"uv": [8, 10, 9, 11], "texture": "#0"},
				"up": {"uv": [8, 10, 13, 11], "rotation": 180, "texture": "#0"},
				"down": {"uv": [8, 10, 13, 11], "rotation": 180, "texture": "#0"}
			}
		},
		{
			"from": [12, 2, 1],
			"to": [15, 3, 2],
			"rotation": {"angle": 0, "axis": "y", "origin": [13.5, 2.5, 1.5]},
			"faces": {
				"north": {"uv": [8, 10, 13, 11], "texture": "#0"},
				"east": {"uv": [12, 10, 13, 11], "texture": "#0"},
				"south": {"uv": [8, 10, 13, 11], "texture": "#0"},
				"west": {"uv": [8, 10, 9, 11], "texture": "#0"},
				"up": {"uv": [8, 10, 13, 11], "rotation": 180, "texture": "#0"},
				"down": {"uv": [8, 10, 13, 11], "rotation": 180, "texture": "#0"}
			}
		},
		{
			"from": [4, 0, 3],
			"to": [5, 3, 4],
			"rotation": {"angle": 0, "axis": "y", "origin": [12, 8, 11]},
			"faces": {
				"north": {"uv": [8, 13, 9, 16], "texture": "#0"},
				"east": {"uv": [8, 13, 9, 16], "texture": "#0"},
				"south": {"uv": [8, 13, 9, 16], "texture": "#0"},
				"west": {"uv": [8, 13, 9, 16], "texture": "#0"},
				"up": {"uv": [13, 11, 14, 12], "texture": "#0"},
				"down": {"uv": [0, 0, 1, 1], "texture": "#0"}
			}
		},
		{
			"from": [3, 1, 3],
			"to": [4, 2, 4],
			"rotation": {"angle": 0, "axis": "y", "origin": [11, 9, 11]},
			"faces": {
				"north": {"uv": [14, 12, 15, 13], "texture": "#0"},
				"east": {"uv": [14, 12, 15, 13], "texture": "#0"},
				"south": {"uv": [14, 12, 15, 13], "texture": "#0"},
				"west": {"uv": [14, 12, 15, 13], "texture": "#0"},
				"up": {"uv": [14, 12, 15, 13], "texture": "#0"},
				"down": {"uv": [14, 12, 15, 13], "texture": "#0"}
			}
		},
		{
			"from": [5, 1, 3],
			"to": [6, 2, 4],
			"rotation": {"angle": 0, "axis": "y", "origin": [13, 9, 11]},
			"faces": {
				"north": {"uv": [14, 12, 15, 13], "texture": "#0"},
				"east": {"uv": [14, 12, 15, 13], "texture": "#0"},
				"south": {"uv": [14, 12, 15, 13], "texture": "#0"},
				"west": {"uv": [14, 12, 15, 13], "texture": "#0"},
				"up": {"uv": [14, 12, 15, 13], "texture": "#0"},
				"down": {"uv": [14, 12, 15, 13], "texture": "#0"}
			}
		},
		{
			"from": [4, 1, 4],
			"to": [5, 2, 5],
			"rotation": {"angle": 0, "axis": "y", "origin": [12, 9, 12]},
			"faces": {
				"north": {"uv": [12, 12, 13, 13], "texture": "#0"},
				"east": {"uv": [12, 12, 13, 13], "texture": "#0"},
				"south": {"uv": [12, 12, 13, 13], "texture": "#0"},
				"west": {"uv": [12, 12, 13, 13], "texture": "#0"},
				"up": {"uv": [12, 12, 13, 13], "texture": "#0"},
				"down": {"uv": [12, 12, 13, 13], "texture": "#0"}
			}
		},
		{
			"from": [4, 1, 2],
			"to": [5, 2, 3],
			"rotation": {"angle": 0, "axis": "y", "origin": [12, 9, 10]},
			"faces": {
				"north": {"uv": [12, 12, 13, 13], "texture": "#0"},
				"east": {"uv": [12, 12, 13, 13], "texture": "#0"},
				"south": {"uv": [12, 12, 13, 13], "texture": "#0"},
				"west": {"uv": [12, 12, 13, 13], "texture": "#0"},
				"up": {"uv": [12, 12, 13, 13], "texture": "#0"},
				"down": {"uv": [12, 12, 13, 13], "texture": "#0"}
			}
		}
	],
	"groups": [
		{
			"name": "L_MUSH",
			"origin": [10.5, 9, 7.5],
			"children": [0, 1, 2, 3, 4, 5]
		},
		{
			"name": "LM_MUSH",
			"origin": [10.5, 9, 7.5],
			"children": [6, 7, 8, 9, 10, 11]
		},
		{
			"name": "SM_MUSH",
			"origin": [10, 8, 18],
			"children": [12, 13, 14, 15, 16]
		},
		{
			"name": "LS_MUSH",
			"origin": [10.5, 9, 7.5],
			"children": [17, 18, 19, 20, 21, 22]
		},
		{
			"name": "SS_MUSH",
			"origin": [10, 8, 18],
			"children": [23, 24, 25, 26, 27]
		}
	]
}