{
	"credit": "Made with Blockbench",
	"textures": {
		"0": "biomesoplenty:blocks/swampflower",
		"particle": "biomesoplenty:blocks/swampflower"
	},
	"elements": [
		{
			"from": [7, 0, 7],
			"to": [8, 5, 8],
			"rotation": {"angle": 0, "axis": "y", "origin": [15, 8, 15]},
			"faces": {
				"north": {"uv": [8, 11, 9, 16], "texture": "#0"},
				"east": {"uv": [8, 11, 9, 16], "texture": "#0"},
				"south": {"uv": [8, 11, 9, 16], "texture": "#0"},
				"west": {"uv": [8, 11, 9, 16], "texture": "#0"},
				"up": {"uv": [8, 11, 9, 12], "texture": "#0"},
				"down": {"uv": [0, 0, 1, 1], "texture": "#0"}
			}
		},
		{
			"from": [7, 5, 6],
			"to": [8, 6, 9],
			"rotation": {"angle": 0, "axis": "y", "origin": [15, 13, 15]},
			"faces": {
				"north": {"uv": [8, 8, 9, 9], "texture": "#0"},
				"east": {"uv": [7, 8, 10, 9], "texture": "#0"},
				"south": {"uv": [8, 8, 9, 9], "texture": "#0"},
				"west": {"uv": [7, 8, 10, 9], "texture": "#0"},
				"up": {"uv": [7, 8, 10, 9], "rotation": 90, "texture": "#0"},
				"down": {"uv": [7, 8, 10, 9], "rotation": 90, "texture": "#0"}
			}
		},
		{
			"from": [6, 5, 6],
			"to": [7, 7, 9],
			"rotation": {"angle": 0, "axis": "y", "origin": [14, 13, 15]},
			"faces": {
				"north": {"uv": [7, 9, 8, 11], "texture": "#0"},
				"east": {"uv": [7, 9, 10, 11], "texture": "#0"},
				"south": {"uv": [9, 9, 10, 11], "texture": "#0"},
				"west": {"uv": [7, 9, 10, 11], "texture": "#0"},
				"up": {"uv": [7, 9, 10, 10], "rotation": 90, "texture": "#0"},
				"down": {"uv": [7, 10, 10, 11], "rotation": 90, "texture": "#0"}
			}
		},
		{
			"from": [8, 5, 6],
			"to": [9, 7, 9],
			"rotation": {"angle": 0, "axis": "y", "origin": [16, 13, 15]},
			"faces": {
				"north": {"uv": [7, 9, 8, 11], "texture": "#0"},
				"east": {"uv": [7, 9, 10, 11], "texture": "#0"},
				"south": {"uv": [9, 9, 10, 11], "texture": "#0"},
				"west": {"uv": [7, 9, 10, 11], "texture": "#0"},
				"up": {"uv": [7, 9, 10, 10], "rotation": 90, "texture": "#0"},
				"down": {"uv": [7, 10, 10, 11], "rotation": 90, "texture": "#0"}
			}
		},
		{
			"from": [7, 5, 9],
			"to": [8, 7, 10],
			"rotation": {"angle": 0, "axis": "y", "origin": [15, 13, 16]},
			"faces": {
				"north": {"uv": [6, 8, 7, 10], "texture": "#0"},
				"east": {"uv": [6, 8, 7, 10], "texture": "#0"},
				"south": {"uv": [6, 8, 7, 10], "texture": "#0"},
				"west": {"uv": [6, 8, 7, 10], "texture": "#0"},
				"up": {"uv": [6, 8, 7, 9], "rotation": 90, "texture": "#0"},
				"down": {"uv": [6, 9, 7, 10], "rotation": 90, "texture": "#0"}
			}
		},
		{
			"from": [7, 5, 5],
			"to": [8, 7, 6],
			"rotation": {"angle": 0, "axis": "y", "origin": [15, 13, 12]},
			"faces": {
				"north": {"uv": [6, 8, 7, 10], "texture": "#0"},
				"east": {"uv": [6, 8, 7, 10], "texture": "#0"},
				"south": {"uv": [6, 8, 7, 10], "texture": "#0"},
				"west": {"uv": [6, 8, 7, 10], "texture": "#0"},
				"up": {"uv": [6, 8, 7, 9], "rotation": 90, "texture": "#0"},
				"down": {"uv": [6, 9, 7, 10], "rotation": 90, "texture": "#0"}
			}
		},
		{
			"from": [7, 4, 6],
			"to": [8, 5, 7],
			"rotation": {"angle": 0, "axis": "y", "origin": [15, 12, 13]},
			"faces": {
				"north": {"uv": [6, 9, 7, 10], "texture": "#0"},
				"east": {"uv": [6, 9, 7, 10], "texture": "#0"},
				"south": {"uv": [6, 9, 7, 10], "texture": "#0"},
				"west": {"uv": [6, 9, 7, 10], "texture": "#0"},
				"up": {"uv": [6, 9, 7, 10], "rotation": 90, "texture": "#0"},
				"down": {"uv": [6, 9, 7, 10], "rotation": 90, "texture": "#0"}
			}
		},
		{
			"from": [7, 4, 8],
			"to": [8, 5, 9],
			"rotation": {"angle": 0, "axis": "y", "origin": [15, 12, 15]},
			"faces": {
				"north": {"uv": [6, 9, 7, 10], "texture": "#0"},
				"east": {"uv": [6, 9, 7, 10], "texture": "#0"},
				"south": {"uv": [6, 9, 7, 10], "texture": "#0"},
				"west": {"uv": [6, 9, 7, 10], "texture": "#0"},
				"up": {"uv": [6, 9, 7, 10], "rotation": 90, "texture": "#0"},
				"down": {"uv": [6, 9, 7, 10], "rotation": 90, "texture": "#0"}
			}
		},
		{
			"from": [7, 1, 8],
			"to": [8, 2, 9],
			"rotation": {"angle": 0, "axis": "y", "origin": [15, 9, 15]},
			"faces": {
				"north": {"uv": [7, 13, 8, 14], "texture": "#0"},
				"east": {"uv": [7, 13, 8, 14], "texture": "#0"},
				"south": {"uv": [7, 13, 8, 14], "texture": "#0"},
				"west": {"uv": [7, 13, 8, 14], "texture": "#0"},
				"up": {"uv": [7, 13, 8, 14], "rotation": 90, "texture": "#0"},
				"down": {"uv": [7, 13, 8, 14], "rotation": 90, "texture": "#0"}
			}
		},
		{
			"from": [7, 2, 6],
			"to": [8, 3, 7],
			"rotation": {"angle": 0, "axis": "y", "origin": [15, 10, 13]},
			"faces": {
				"north": {"uv": [7, 13, 8, 14], "texture": "#0"},
				"east": {"uv": [7, 13, 8, 14], "texture": "#0"},
				"south": {"uv": [7, 13, 8, 14], "texture": "#0"},
				"west": {"uv": [7, 13, 8, 14], "texture": "#0"},
				"up": {"uv": [7, 13, 8, 14], "rotation": 90, "texture": "#0"},
				"down": {"uv": [7, 13, 8, 14], "rotation": 90, "texture": "#0"}
			}
		},
		{
			"from": [8, 0, 7],
			"to": [9, 1, 8],
			"rotation": {"angle": 0, "axis": "y", "origin": [16, 8, 14]},
			"faces": {
				"north": {"uv": [7, 13, 8, 14], "texture": "#0"},
				"east": {"uv": [7, 13, 8, 14], "texture": "#0"},
				"south": {"uv": [7, 13, 8, 14], "texture": "#0"},
				"west": {"uv": [7, 13, 8, 14], "texture": "#0"},
				"up": {"uv": [7, 13, 8, 14], "rotation": 90, "texture": "#0"},
				"down": {"uv": [7, 13, 8, 14], "rotation": 90, "texture": "#0"}
			}
		},
		{
			"from": [7, 0, 6],
			"to": [8, 1, 7],
			"rotation": {"angle": 0, "axis": "y", "origin": [15, 8, 13]},
			"faces": {
				"north": {"uv": [7, 13, 8, 14], "texture": "#0"},
				"east": {"uv": [7, 13, 8, 14], "texture": "#0"},
				"south": {"uv": [7, 13, 8, 14], "texture": "#0"},
				"west": {"uv": [7, 13, 8, 14], "texture": "#0"},
				"up": {"uv": [7, 13, 8, 14], "rotation": 90, "texture": "#0"},
				"down": {"uv": [7, 13, 8, 14], "rotation": 90, "texture": "#0"}
			}
		},
		{
			"from": [11, 0, 6],
			"to": [12, 1, 7],
			"rotation": {"angle": 0, "axis": "y", "origin": [19, 8, 13]},
			"faces": {
				"north": {"uv": [7, 13, 8, 14], "texture": "#0"},
				"east": {"uv": [7, 13, 8, 14], "texture": "#0"},
				"south": {"uv": [7, 13, 8, 14], "texture": "#0"},
				"west": {"uv": [7, 13, 8, 14], "texture": "#0"},
				"up": {"uv": [7, 13, 8, 14], "rotation": 90, "texture": "#0"},
				"down": {"uv": [7, 13, 8, 14], "rotation": 90, "texture": "#0"}
			}
		},
		{
			"from": [11, 0, 5],
			"to": [12, 1, 6],
			"rotation": {"angle": 0, "axis": "y", "origin": [19, 8, 12]},
			"faces": {
				"north": {"uv": [7, 13, 8, 14], "texture": "#0"},
				"east": {"uv": [7, 13, 8, 14], "texture": "#0"},
				"south": {"uv": [7, 13, 8, 14], "texture": "#0"},
				"west": {"uv": [7, 13, 8, 14], "texture": "#0"},
				"up": {"uv": [7, 13, 8, 14], "rotation": 90, "texture": "#0"},
				"down": {"uv": [7, 13, 8, 14], "rotation": 90, "texture": "#0"}
			}
		},
		{
			"from": [10, 0, 5],
			"to": [11, 1, 6],
			"rotation": {"angle": 0, "axis": "y", "origin": [18, 8, 12]},
			"faces": {
				"north": {"uv": [7, 13, 8, 14], "texture": "#0"},
				"east": {"uv": [7, 13, 8, 14], "texture": "#0"},
				"south": {"uv": [7, 13, 8, 14], "texture": "#0"},
				"west": {"uv": [7, 13, 8, 14], "texture": "#0"},
				"up": {"uv": [7, 13, 8, 14], "rotation": 90, "texture": "#0"},
				"down": {"uv": [7, 13, 8, 14], "rotation": 90, "texture": "#0"}
			}
		},
		{
			"from": [8, 0, 2],
			"to": [9, 1, 3],
			"rotation": {"angle": 0, "axis": "y", "origin": [16, 8, 9]},
			"faces": {
				"north": {"uv": [7, 13, 8, 14], "texture": "#0"},
				"east": {"uv": [7, 13, 8, 14], "texture": "#0"},
				"south": {"uv": [7, 13, 8, 14], "texture": "#0"},
				"west": {"uv": [7, 13, 8, 14], "texture": "#0"},
				"up": {"uv": [7, 13, 8, 14], "rotation": 90, "texture": "#0"},
				"down": {"uv": [7, 13, 8, 14], "rotation": 90, "texture": "#0"}
			}
		},
		{
			"from": [2, 0, 5],
			"to": [3, 1, 6],
			"rotation": {"angle": 0, "axis": "y", "origin": [10, 8, 12]},
			"faces": {
				"north": {"uv": [7, 13, 8, 14], "texture": "#0"},
				"east": {"uv": [7, 13, 8, 14], "texture": "#0"},
				"south": {"uv": [7, 13, 8, 14], "texture": "#0"},
				"west": {"uv": [7, 13, 8, 14], "texture": "#0"},
				"up": {"uv": [7, 13, 8, 14], "rotation": 90, "texture": "#0"},
				"down": {"uv": [7, 13, 8, 14], "rotation": 90, "texture": "#0"}
			}
		},
		{
			"from": [4, 0, 8],
			"to": [5, 1, 9],
			"rotation": {"angle": 0, "axis": "y", "origin": [12, 8, 15]},
			"faces": {
				"north": {"uv": [7, 13, 8, 14], "texture": "#0"},
				"east": {"uv": [7, 13, 8, 14], "texture": "#0"},
				"south": {"uv": [7, 13, 8, 14], "texture": "#0"},
				"west": {"uv": [7, 13, 8, 14], "texture": "#0"},
				"up": {"uv": [7, 13, 8, 14], "rotation": 90, "texture": "#0"},
				"down": {"uv": [7, 13, 8, 14], "rotation": 90, "texture": "#0"}
			}
		},
		{
			"from": [6, 0, 10],
			"to": [7, 1, 11],
			"rotation": {"angle": 0, "axis": "y", "origin": [14, 8, 17]},
			"faces": {
				"north": {"uv": [7, 13, 8, 14], "texture": "#0"},
				"east": {"uv": [7, 13, 8, 14], "texture": "#0"},
				"south": {"uv": [7, 13, 8, 14], "texture": "#0"},
				"west": {"uv": [7, 13, 8, 14], "texture": "#0"},
				"up": {"uv": [7, 13, 8, 14], "rotation": 90, "texture": "#0"},
				"down": {"uv": [7, 13, 8, 14], "rotation": 90, "texture": "#0"}
			}
		},
		{
			"from": [5, 0, 10],
			"to": [6, 1, 11],
			"rotation": {"angle": 0, "axis": "y", "origin": [13, 8, 17]},
			"faces": {
				"north": {"uv": [7, 13, 8, 14], "texture": "#0"},
				"east": {"uv": [7, 13, 8, 14], "texture": "#0"},
				"south": {"uv": [7, 13, 8, 14], "texture": "#0"},
				"west": {"uv": [7, 13, 8, 14], "texture": "#0"},
				"up": {"uv": [7, 13, 8, 14], "rotation": 90, "texture": "#0"},
				"down": {"uv": [7, 13, 8, 14], "rotation": 90, "texture": "#0"}
			}
		},
		{
			"from": [4, 0, 10],
			"to": [5, 1, 11],
			"rotation": {"angle": 0, "axis": "y", "origin": [12, 8, 17]},
			"faces": {
				"north": {"uv": [7, 13, 8, 14], "texture": "#0"},
				"east": {"uv": [7, 13, 8, 14], "texture": "#0"},
				"south": {"uv": [7, 13, 8, 14], "texture": "#0"},
				"west": {"uv": [7, 13, 8, 14], "texture": "#0"},
				"up": {"uv": [7, 13, 8, 14], "rotation": 90, "texture": "#0"},
				"down": {"uv": [7, 13, 8, 14], "rotation": 90, "texture": "#0"}
			}
		},
		{
			"from": [11, 0, 13],
			"to": [12, 1, 14],
			"rotation": {"angle": 0, "axis": "y", "origin": [19, 8, 20]},
			"faces": {
				"north": {"uv": [7, 13, 8, 14], "texture": "#0"},
				"east": {"uv": [7, 13, 8, 14], "texture": "#0"},
				"south": {"uv": [7, 13, 8, 14], "texture": "#0"},
				"west": {"uv": [7, 13, 8, 14], "texture": "#0"},
				"up": {"uv": [7, 13, 8, 14], "rotation": 90, "texture": "#0"},
				"down": {"uv": [7, 13, 8, 14], "rotation": 90, "texture": "#0"}
			}
		},
		{
			"from": [7, 0, 8],
			"to": [8, 1, 9],
			"rotation": {"angle": 0, "axis": "y", "origin": [15, 8, 15]},
			"faces": {
				"north": {"uv": [7, 13, 8, 14], "texture": "#0"},
				"east": {"uv": [7, 13, 8, 14], "texture": "#0"},
				"south": {"uv": [7, 13, 8, 14], "texture": "#0"},
				"west": {"uv": [7, 13, 8, 14], "texture": "#0"},
				"up": {"uv": [7, 13, 8, 14], "rotation": 90, "texture": "#0"},
				"down": {"uv": [7, 13, 8, 14], "rotation": 90, "texture": "#0"}
			}
		},
		{
			"from": [6, 0, 7],
			"to": [7, 1, 8],
			"rotation": {"angle": 0, "axis": "y", "origin": [14, 8, 14]},
			"faces": {
				"north": {"uv": [7, 13, 8, 14], "texture": "#0"},
				"east": {"uv": [7, 13, 8, 14], "texture": "#0"},
				"south": {"uv": [7, 13, 8, 14], "texture": "#0"},
				"west": {"uv": [7, 13, 8, 14], "texture": "#0"},
				"up": {"uv": [7, 13, 8, 14], "rotation": 90, "texture": "#0"},
				"down": {"uv": [7, 13, 8, 14], "rotation": 90, "texture": "#0"}
			}
		},
		{
			"from": [6, 3, 7],
			"to": [7, 4, 8],
			"rotation": {"angle": 0, "axis": "y", "origin": [14, 11, 14]},
			"faces": {
				"north": {"uv": [7, 13, 8, 14], "texture": "#0"},
				"east": {"uv": [7, 13, 8, 14], "texture": "#0"},
				"south": {"uv": [7, 13, 8, 14], "texture": "#0"},
				"west": {"uv": [7, 13, 8, 14], "texture": "#0"},
				"up": {"uv": [7, 13, 8, 14], "rotation": 90, "texture": "#0"},
				"down": {"uv": [7, 13, 8, 14], "rotation": 90, "texture": "#0"}
			}
		},
		{
			"from": [12, 0, 10],
			"to": [13, 3, 11],
			"rotation": {"angle": 0, "axis": "y", "origin": [20, 8, 18]},
			"faces": {
				"north": {"uv": [8, 11, 9, 14], "texture": "#0"},
				"east": {"uv": [8, 11, 9, 14], "texture": "#0"},
				"south": {"uv": [8, 13, 9, 16], "texture": "#0"},
				"west": {"uv": [8, 11, 9, 14], "texture": "#0"},
				"up": {"uv": [8, 8, 9, 9], "texture": "#0"},
				"down": {"uv": [0, 0, 1, 1], "texture": "#0"}
			}
		},
		{
			"from": [11, 3, 10],
			"to": [12, 5, 11],
			"rotation": {"angle": 0, "axis": "y", "origin": [19, 11, 19]},
			"faces": {
				"north": {"uv": [7, 9, 8, 11], "texture": "#0"},
				"east": {"uv": [7, 9, 10, 11], "texture": "#0"},
				"south": {"uv": [9, 9, 10, 11], "texture": "#0"},
				"west": {"uv": [7, 9, 10, 11], "texture": "#0"},
				"up": {"uv": [7, 9, 10, 10], "rotation": 90, "texture": "#0"},
				"down": {"uv": [7, 10, 10, 11], "rotation": 90, "texture": "#0"}
			}
		},
		{
			"from": [13, 3, 10],
			"to": [14, 5, 11],
			"rotation": {"angle": 0, "axis": "y", "origin": [21, 11, 19]},
			"faces": {
				"north": {"uv": [7, 9, 8, 11], "texture": "#0"},
				"east": {"uv": [7, 9, 10, 11], "texture": "#0"},
				"south": {"uv": [9, 9, 10, 11], "texture": "#0"},
				"west": {"uv": [7, 9, 10, 11], "texture": "#0"},
				"up": {"uv": [7, 9, 10, 10], "rotation": 90, "texture": "#0"},
				"down": {"uv": [7, 10, 10, 11], "rotation": 90, "texture": "#0"}
			}
		},
		{
			"from": [12, 3, 11],
			"to": [13, 5, 12],
			"rotation": {"angle": 0, "axis": "y", "origin": [20, 11, 18]},
			"faces": {
				"north": {"uv": [6, 8, 7, 10], "texture": "#0"},
				"east": {"uv": [6, 8, 7, 10], "texture": "#0"},
				"south": {"uv": [6, 8, 7, 10], "texture": "#0"},
				"west": {"uv": [6, 8, 7, 10], "texture": "#0"},
				"up": {"uv": [6, 8, 7, 9], "rotation": 90, "texture": "#0"},
				"down": {"uv": [6, 9, 7, 10], "rotation": 90, "texture": "#0"}
			}
		},
		{
			"from": [12, 3, 9],
			"to": [13, 5, 10],
			"rotation": {"angle": 0, "axis": "y", "origin": [20, 11, 16]},
			"faces": {
				"north": {"uv": [6, 8, 7, 10], "texture": "#0"},
				"east": {"uv": [6, 8, 7, 10], "texture": "#0"},
				"south": {"uv": [6, 8, 7, 10], "texture": "#0"},
				"west": {"uv": [6, 8, 7, 10], "texture": "#0"},
				"up": {"uv": [6, 8, 7, 9], "rotation": 90, "texture": "#0"},
				"down": {"uv": [6, 9, 7, 10], "rotation": 90, "texture": "#0"}
			}
		},
		{
			"from": [13, 1, 10],
			"to": [14, 2, 11],
			"rotation": {"angle": 0, "axis": "y", "origin": [12.5, 1, 10.5]},
			"faces": {
				"north": {"uv": [7, 13, 8, 14], "texture": "#0"},
				"east": {"uv": [7, 13, 8, 14], "texture": "#0"},
				"south": {"uv": [7, 13, 8, 14], "texture": "#0"},
				"west": {"uv": [7, 13, 8, 14], "texture": "#0"},
				"up": {"uv": [7, 13, 8, 14], "texture": "#0"},
				"down": {"uv": [7, 13, 8, 14], "rotation": 180, "texture": "#0"}
			}
		},
		{
			"from": [11, 2, 10],
			"to": [12, 3, 11],
			"rotation": {"angle": 0, "axis": "y", "origin": [12.5, 1, 10.5]},
			"faces": {
				"north": {"uv": [7, 13, 8, 14], "texture": "#0"},
				"east": {"uv": [7, 13, 8, 14], "texture": "#0"},
				"south": {"uv": [7, 13, 8, 14], "texture": "#0"},
				"west": {"uv": [7, 13, 8, 14], "texture": "#0"},
				"up": {"uv": [7, 13, 8, 14], "texture": "#0"},
				"down": {"uv": [7, 13, 8, 14], "rotation": 180, "texture": "#0"}
			}
		},
		{
			"from": [12, 0, 9],
			"to": [13, 1, 10],
			"rotation": {"angle": 0, "axis": "y", "origin": [12.5, 1, 10.5]},
			"faces": {
				"north": {"uv": [7, 13, 8, 14], "texture": "#0"},
				"east": {"uv": [7, 13, 8, 14], "texture": "#0"},
				"south": {"uv": [7, 13, 8, 14], "texture": "#0"},
				"west": {"uv": [7, 13, 8, 14], "texture": "#0"},
				"up": {"uv": [7, 13, 8, 14], "texture": "#0"},
				"down": {"uv": [7, 13, 8, 14], "rotation": 180, "texture": "#0"}
			}
		},
		{
			"from": [11, 0, 10],
			"to": [12, 1, 11],
			"rotation": {"angle": 0, "axis": "y", "origin": [12.5, 1, 10.5]},
			"faces": {
				"north": {"uv": [7, 13, 8, 14], "texture": "#0"},
				"east": {"uv": [7, 13, 8, 14], "texture": "#0"},
				"south": {"uv": [7, 13, 8, 14], "texture": "#0"},
				"west": {"uv": [7, 13, 8, 14], "texture": "#0"},
				"up": {"uv": [7, 13, 8, 14], "texture": "#0"},
				"down": {"uv": [7, 13, 8, 14], "rotation": 180, "texture": "#0"}
			}
		},
		{
			"from": [13, 0, 10],
			"to": [14, 1, 11],
			"rotation": {"angle": 0, "axis": "y", "origin": [12.5, 1, 10.5]},
			"faces": {
				"north": {"uv": [7, 13, 8, 14], "texture": "#0"},
				"east": {"uv": [7, 13, 8, 14], "texture": "#0"},
				"south": {"uv": [7, 13, 8, 14], "texture": "#0"},
				"west": {"uv": [7, 13, 8, 14], "texture": "#0"},
				"up": {"uv": [7, 13, 8, 14], "texture": "#0"},
				"down": {"uv": [7, 13, 8, 14], "rotation": 180, "texture": "#0"}
			}
		},
		{
			"from": [12, 0, 11],
			"to": [13, 1, 12],
			"rotation": {"angle": 0, "axis": "y", "origin": [12.5, 1, 10.5]},
			"faces": {
				"north": {"uv": [7, 13, 8, 14], "texture": "#0"},
				"east": {"uv": [7, 13, 8, 14], "texture": "#0"},
				"south": {"uv": [7, 13, 8, 14], "texture": "#0"},
				"west": {"uv": [7, 13, 8, 14], "texture": "#0"},
				"up": {"uv": [7, 13, 8, 14], "texture": "#0"},
				"down": {"uv": [7, 13, 8, 14], "rotation": 180, "texture": "#0"}
			}
		},
		{
			"from": [3, 0, 13],
			"to": [4, 3, 14],
			"rotation": {"angle": 0, "axis": "y", "origin": [11, 8, 21]},
			"faces": {
				"north": {"uv": [8, 11, 9, 14], "texture": "#0"},
				"east": {"uv": [8, 11, 9, 14], "texture": "#0"},
				"south": {"uv": [8, 13, 9, 16], "texture": "#0"},
				"west": {"uv": [8, 11, 9, 14], "texture": "#0"},
				"up": {"uv": [8, 8, 9, 9], "texture": "#0"},
				"down": {"uv": [0, 0, 1, 1], "texture": "#0"}
			}
		},
		{
			"from": [2, 3, 13],
			"to": [3, 5, 14],
			"rotation": {"angle": 0, "axis": "y", "origin": [10, 11, 22]},
			"faces": {
				"north": {"uv": [7, 9, 8, 11], "texture": "#0"},
				"east": {"uv": [7, 9, 10, 11], "texture": "#0"},
				"south": {"uv": [9, 9, 10, 11], "texture": "#0"},
				"west": {"uv": [7, 9, 10, 11], "texture": "#0"},
				"up": {"uv": [7, 9, 10, 10], "rotation": 90, "texture": "#0"},
				"down": {"uv": [7, 10, 10, 11], "rotation": 90, "texture": "#0"}
			}
		},
		{
			"from": [4, 3, 13],
			"to": [5, 5, 14],
			"rotation": {"angle": 0, "axis": "y", "origin": [12, 11, 22]},
			"faces": {
				"north": {"uv": [7, 9, 8, 11], "texture": "#0"},
				"east": {"uv": [7, 9, 10, 11], "texture": "#0"},
				"south": {"uv": [9, 9, 10, 11], "texture": "#0"},
				"west": {"uv": [7, 9, 10, 11], "texture": "#0"},
				"up": {"uv": [7, 9, 10, 10], "rotation": 90, "texture": "#0"},
				"down": {"uv": [7, 10, 10, 11], "rotation": 90, "texture": "#0"}
			}
		},
		{
			"from": [3, 3, 14],
			"to": [4, 5, 15],
			"rotation": {"angle": 0, "axis": "y", "origin": [11, 11, 21]},
			"faces": {
				"north": {"uv": [6, 8, 7, 10], "texture": "#0"},
				"east": {"uv": [6, 8, 7, 10], "texture": "#0"},
				"south": {"uv": [6, 8, 7, 10], "texture": "#0"},
				"west": {"uv": [6, 8, 7, 10], "texture": "#0"},
				"up": {"uv": [6, 8, 7, 9], "rotation": 90, "texture": "#0"},
				"down": {"uv": [6, 9, 7, 10], "rotation": 90, "texture": "#0"}
			}
		},
		{
			"from": [3, 3, 12],
			"to": [4, 5, 13],
			"rotation": {"angle": 0, "axis": "y", "origin": [11, 11, 19]},
			"faces": {
				"north": {"uv": [6, 8, 7, 10], "texture": "#0"},
				"east": {"uv": [6, 8, 7, 10], "texture": "#0"},
				"south": {"uv": [6, 8, 7, 10], "texture": "#0"},
				"west": {"uv": [6, 8, 7, 10], "texture": "#0"},
				"up": {"uv": [6, 8, 7, 9], "rotation": 90, "texture": "#0"},
				"down": {"uv": [6, 9, 7, 10], "rotation": 90, "texture": "#0"}
			}
		},
		{
			"from": [4, 1, 13],
			"to": [5, 2, 14],
			"rotation": {"angle": 0, "axis": "y", "origin": [3.5, 1, 13.5]},
			"faces": {
				"north": {"uv": [7, 13, 8, 14], "texture": "#0"},
				"east": {"uv": [7, 13, 8, 14], "texture": "#0"},
				"south": {"uv": [7, 13, 8, 14], "texture": "#0"},
				"west": {"uv": [7, 13, 8, 14], "texture": "#0"},
				"up": {"uv": [7, 13, 8, 14], "texture": "#0"},
				"down": {"uv": [7, 13, 8, 14], "rotation": 180, "texture": "#0"}
			}
		},
		{
			"from": [2, 2, 13],
			"to": [3, 3, 14],
			"rotation": {"angle": 0, "axis": "y", "origin": [3.5, 1, 13.5]},
			"faces": {
				"north": {"uv": [7, 13, 8, 14], "texture": "#0"},
				"east": {"uv": [7, 13, 8, 14], "texture": "#0"},
				"south": {"uv": [7, 13, 8, 14], "texture": "#0"},
				"west": {"uv": [7, 13, 8, 14], "texture": "#0"},
				"up": {"uv": [7, 13, 8, 14], "texture": "#0"},
				"down": {"uv": [7, 13, 8, 14], "rotation": 180, "texture": "#0"}
			}
		},
		{
			"from": [3, 0, 12],
			"to": [4, 1, 13],
			"rotation": {"angle": 0, "axis": "y", "origin": [3.5, 1, 13.5]},
			"faces": {
				"north": {"uv": [7, 13, 8, 14], "texture": "#0"},
				"east": {"uv": [7, 13, 8, 14], "texture": "#0"},
				"south": {"uv": [7, 13, 8, 14], "texture": "#0"},
				"west": {"uv": [7, 13, 8, 14], "texture": "#0"},
				"up": {"uv": [7, 13, 8, 14], "texture": "#0"},
				"down": {"uv": [7, 13, 8, 14], "rotation": 180, "texture": "#0"}
			}
		},
		{
			"from": [2, 0, 13],
			"to": [3, 1, 14],
			"rotation": {"angle": 0, "axis": "y", "origin": [3.5, 1, 13.5]},
			"faces": {
				"north": {"uv": [7, 13, 8, 14], "texture": "#0"},
				"east": {"uv": [7, 13, 8, 14], "texture": "#0"},
				"south": {"uv": [7, 13, 8, 14], "texture": "#0"},
				"west": {"uv": [7, 13, 8, 14], "texture": "#0"},
				"up": {"uv": [7, 13, 8, 14], "texture": "#0"},
				"down": {"uv": [7, 13, 8, 14], "rotation": 180, "texture": "#0"}
			}
		},
		{
			"from": [4, 0, 13],
			"to": [5, 1, 14],
			"rotation": {"angle": 0, "axis": "y", "origin": [3.5, 1, 13.5]},
			"faces": {
				"north": {"uv": [7, 13, 8, 14], "texture": "#0"},
				"east": {"uv": [7, 13, 8, 14], "texture": "#0"},
				"south": {"uv": [7, 13, 8, 14], "texture": "#0"},
				"west": {"uv": [7, 13, 8, 14], "texture": "#0"},
				"up": {"uv": [7, 13, 8, 14], "texture": "#0"},
				"down": {"uv": [7, 13, 8, 14], "rotation": 180, "texture": "#0"}
			}
		},
		{
			"from": [3, 0, 14],
			"to": [4, 1, 15],
			"rotation": {"angle": 0, "axis": "y", "origin": [3.5, 1, 13.5]},
			"faces": {
				"north": {"uv": [7, 13, 8, 14], "texture": "#0"},
				"east": {"uv": [7, 13, 8, 14], "texture": "#0"},
				"south": {"uv": [7, 13, 8, 14], "texture": "#0"},
				"west": {"uv": [7, 13, 8, 14], "texture": "#0"},
				"up": {"uv": [7, 13, 8, 14], "texture": "#0"},
				"down": {"uv": [7, 13, 8, 14], "rotation": 180, "texture": "#0"}
			}
		},
		{
			"from": [4, 0, 3],
			"to": [5, 3, 4],
			"rotation": {"angle": 0, "axis": "y", "origin": [12, 8, 11]},
			"faces": {
				"north": {"uv": [8, 11, 9, 14], "texture": "#0"},
				"east": {"uv": [8, 11, 9, 14], "texture": "#0"},
				"south": {"uv": [8, 13, 9, 16], "texture": "#0"},
				"west": {"uv": [8, 11, 9, 14], "texture": "#0"},
				"up": {"uv": [8, 8, 9, 9], "texture": "#0"},
				"down": {"uv": [0, 0, 1, 1], "texture": "#0"}
			}
		},
		{
			"from": [3, 3, 3],
			"to": [4, 5, 4],
			"rotation": {"angle": 0, "axis": "y", "origin": [11, 11, 12]},
			"faces": {
				"north": {"uv": [7, 9, 8, 11], "texture": "#0"},
				"east": {"uv": [7, 9, 10, 11], "texture": "#0"},
				"south": {"uv": [9, 9, 10, 11], "texture": "#0"},
				"west": {"uv": [7, 9, 10, 11], "texture": "#0"},
				"up": {"uv": [7, 9, 10, 10], "rotation": 90, "texture": "#0"},
				"down": {"uv": [7, 10, 10, 11], "rotation": 90, "texture": "#0"}
			}
		},
		{
			"from": [5, 3, 3],
			"to": [6, 5, 4],
			"rotation": {"angle": 0, "axis": "y", "origin": [13, 11, 12]},
			"faces": {
				"north": {"uv": [7, 9, 8, 11], "texture": "#0"},
				"east": {"uv": [7, 9, 10, 11], "texture": "#0"},
				"south": {"uv": [9, 9, 10, 11], "texture": "#0"},
				"west": {"uv": [7, 9, 10, 11], "texture": "#0"},
				"up": {"uv": [7, 9, 10, 10], "rotation": 90, "texture": "#0"},
				"down": {"uv": [7, 10, 10, 11], "rotation": 90, "texture": "#0"}
			}
		},
		{
			"from": [4, 3, 4],
			"to": [5, 5, 5],
			"rotation": {"angle": 0, "axis": "y", "origin": [12, 11, 11]},
			"faces": {
				"north": {"uv": [6, 8, 7, 10], "texture": "#0"},
				"east": {"uv": [6, 8, 7, 10], "texture": "#0"},
				"south": {"uv": [6, 8, 7, 10], "texture": "#0"},
				"west": {"uv": [6, 8, 7, 10], "texture": "#0"},
				"up": {"uv": [6, 8, 7, 9], "rotation": 90, "texture": "#0"},
				"down": {"uv": [6, 9, 7, 10], "rotation": 90, "texture": "#0"}
			}
		},
		{
			"from": [4, 3, 2],
			"to": [5, 5, 3],
			"rotation": {"angle": 0, "axis": "y", "origin": [12, 11, 9]},
			"faces": {
				"north": {"uv": [6, 8, 7, 10], "texture": "#0"},
				"east": {"uv": [6, 8, 7, 10], "texture": "#0"},
				"south": {"uv": [6, 8, 7, 10], "texture": "#0"},
				"west": {"uv": [6, 8, 7, 10], "texture": "#0"},
				"up": {"uv": [6, 8, 7, 9], "rotation": 90, "texture": "#0"},
				"down": {"uv": [6, 9, 7, 10], "rotation": 90, "texture": "#0"}
			}
		},
		{
			"from": [5, 1, 3],
			"to": [6, 2, 4],
			"rotation": {"angle": 0, "axis": "y", "origin": [4.5, 1, 3.5]},
			"faces": {
				"north": {"uv": [7, 13, 8, 14], "texture": "#0"},
				"east": {"uv": [7, 13, 8, 14], "texture": "#0"},
				"south": {"uv": [7, 13, 8, 14], "texture": "#0"},
				"west": {"uv": [7, 13, 8, 14], "texture": "#0"},
				"up": {"uv": [7, 13, 8, 14], "texture": "#0"},
				"down": {"uv": [7, 13, 8, 14], "rotation": 180, "texture": "#0"}
			}
		},
		{
			"from": [3, 2, 3],
			"to": [4, 3, 4],
			"rotation": {"angle": 0, "axis": "y", "origin": [4.5, 1, 3.5]},
			"faces": {
				"north": {"uv": [7, 13, 8, 14], "texture": "#0"},
				"east": {"uv": [7, 13, 8, 14], "texture": "#0"},
				"south": {"uv": [7, 13, 8, 14], "texture": "#0"},
				"west": {"uv": [7, 13, 8, 14], "texture": "#0"},
				"up": {"uv": [7, 13, 8, 14], "texture": "#0"},
				"down": {"uv": [7, 13, 8, 14], "rotation": 180, "texture": "#0"}
			}
		},
		{
			"from": [4, 0, 2],
			"to": [5, 1, 3],
			"rotation": {"angle": 0, "axis": "y", "origin": [4.5, 1, 3.5]},
			"faces": {
				"north": {"uv": [7, 13, 8, 14], "texture": "#0"},
				"east": {"uv": [7, 13, 8, 14], "texture": "#0"},
				"south": {"uv": [7, 13, 8, 14], "texture": "#0"},
				"west": {"uv": [7, 13, 8, 14], "texture": "#0"},
				"up": {"uv": [7, 13, 8, 14], "texture": "#0"},
				"down": {"uv": [7, 13, 8, 14], "rotation": 180, "texture": "#0"}
			}
		},
		{
			"from": [3, 0, 3],
			"to": [4, 1, 4],
			"rotation": {"angle": 0, "axis": "y", "origin": [4.5, 1, 3.5]},
			"faces": {
				"north": {"uv": [7, 13, 8, 14], "texture": "#0"},
				"east": {"uv": [7, 13, 8, 14], "texture": "#0"},
				"south": {"uv": [7, 13, 8, 14], "texture": "#0"},
				"west": {"uv": [7, 13, 8, 14], "texture": "#0"},
				"up": {"uv": [7, 13, 8, 14], "texture": "#0"},
				"down": {"uv": [7, 13, 8, 14], "rotation": 180, "texture": "#0"}
			}
		},
		{
			"from": [5, 0, 3],
			"to": [6, 1, 4],
			"rotation": {"angle": 0, "axis": "y", "origin": [4.5, 1, 3.5]},
			"faces": {
				"north": {"uv": [7, 13, 8, 14], "texture": "#0"},
				"east": {"uv": [7, 13, 8, 14], "texture": "#0"},
				"south": {"uv": [7, 13, 8, 14], "texture": "#0"},
				"west": {"uv": [7, 13, 8, 14], "texture": "#0"},
				"up": {"uv": [7, 13, 8, 14], "texture": "#0"},
				"down": {"uv": [7, 13, 8, 14], "rotation": 180, "texture": "#0"}
			}
		},
		{
			"from": [4, 0, 4],
			"to": [5, 1, 5],
			"rotation": {"angle": 0, "axis": "y", "origin": [4.5, 1, 3.5]},
			"faces": {
				"north": {"uv": [7, 13, 8, 14], "texture": "#0"},
				"east": {"uv": [7, 13, 8, 14], "texture": "#0"},
				"south": {"uv": [7, 13, 8, 14], "texture": "#0"},
				"west": {"uv": [7, 13, 8, 14], "texture": "#0"},
				"up": {"uv": [7, 13, 8, 14], "texture": "#0"},
				"down": {"uv": [7, 13, 8, 14], "rotation": 180, "texture": "#0"}
			}
		},
		{
			"from": [12, 0, 3],
			"to": [13, 1, 4],
			"rotation": {"angle": 0, "axis": "y", "origin": [20, 8, 11]},
			"faces": {
				"north": {"uv": [8, 11, 9, 14], "texture": "#0"},
				"east": {"uv": [8, 11, 9, 14], "texture": "#0"},
				"south": {"uv": [8, 13, 9, 16], "texture": "#0"},
				"west": {"uv": [8, 11, 9, 14], "texture": "#0"},
				"up": {"uv": [8, 8, 9, 9], "texture": "#0"},
				"down": {"uv": [0, 0, 1, 1], "texture": "#0"}
			}
		},
		{
			"from": [11, 1, 3],
			"to": [12, 2, 4],
			"rotation": {"angle": 0, "axis": "y", "origin": [19, 9, 12]},
			"faces": {
				"north": {"uv": [7, 9, 8, 10], "texture": "#0"},
				"east": {"uv": [7, 9, 8, 10], "texture": "#0"},
				"south": {"uv": [9, 9, 10, 10], "texture": "#0"},
				"west": {"uv": [7, 9, 8, 10], "texture": "#0"},
				"up": {"uv": [7, 9, 8, 10], "rotation": 90, "texture": "#0"},
				"down": {"uv": [7, 10, 10, 11], "rotation": 90, "texture": "#0"}
			}
		},
		{
			"from": [13, 1, 3],
			"to": [14, 2, 4],
			"rotation": {"angle": 0, "axis": "y", "origin": [21, 9, 12]},
			"faces": {
				"north": {"uv": [7, 9, 8, 10], "texture": "#0"},
				"east": {"uv": [7, 9, 8, 10], "texture": "#0"},
				"south": {"uv": [9, 9, 10, 10], "texture": "#0"},
				"west": {"uv": [7, 9, 8, 10], "texture": "#0"},
				"up": {"uv": [7, 9, 8, 10], "rotation": 90, "texture": "#0"},
				"down": {"uv": [7, 10, 10, 11], "rotation": 90, "texture": "#0"}
			}
		},
		{
			"from": [12, 1, 4],
			"to": [13, 2, 5],
			"rotation": {"angle": 0, "axis": "y", "origin": [20, 9, 11]},
			"faces": {
				"north": {"uv": [6, 8, 7, 9], "texture": "#0"},
				"east": {"uv": [6, 8, 7, 9], "texture": "#0"},
				"south": {"uv": [6, 8, 7, 9], "texture": "#0"},
				"west": {"uv": [6, 8, 7, 9], "texture": "#0"},
				"up": {"uv": [6, 8, 7, 9], "rotation": 90, "texture": "#0"},
				"down": {"uv": [6, 9, 7, 10], "rotation": 90, "texture": "#0"}
			}
		},
		{
			"from": [12, 1, 2],
			"to": [13, 2, 3],
			"rotation": {"angle": 0, "axis": "y", "origin": [20, 9, 9]},
			"faces": {
				"north": {"uv": [6, 8, 7, 9], "texture": "#0"},
				"east": {"uv": [6, 8, 7, 9], "texture": "#0"},
				"south": {"uv": [6, 8, 7, 9], "texture": "#0"},
				"west": {"uv": [6, 8, 7, 9], "texture": "#0"},
				"up": {"uv": [6, 8, 7, 9], "rotation": 90, "texture": "#0"},
				"down": {"uv": [6, 9, 7, 10], "rotation": 90, "texture": "#0"}
			}
		},
		{
			"from": [8, 0, 12],
			"to": [9, 1, 13],
			"rotation": {"angle": 0, "axis": "y", "origin": [16, 8, 20]},
			"faces": {
				"north": {"uv": [8, 11, 9, 14], "texture": "#0"},
				"east": {"uv": [8, 11, 9, 14], "texture": "#0"},
				"south": {"uv": [8, 13, 9, 16], "texture": "#0"},
				"west": {"uv": [8, 11, 9, 14], "texture": "#0"},
				"up": {"uv": [8, 8, 9, 9], "texture": "#0"},
				"down": {"uv": [0, 0, 1, 1], "texture": "#0"}
			}
		},
		{
			"from": [7, 1, 12],
			"to": [8, 2, 13],
			"rotation": {"angle": 0, "axis": "y", "origin": [15, 9, 21]},
			"faces": {
				"north": {"uv": [7, 9, 8, 10], "texture": "#0"},
				"east": {"uv": [7, 9, 8, 10], "texture": "#0"},
				"south": {"uv": [9, 9, 10, 10], "texture": "#0"},
				"west": {"uv": [7, 9, 8, 10], "texture": "#0"},
				"up": {"uv": [7, 9, 8, 10], "rotation": 90, "texture": "#0"},
				"down": {"uv": [7, 10, 10, 11], "rotation": 90, "texture": "#0"}
			}
		},
		{
			"from": [9, 1, 12],
			"to": [10, 2, 13],
			"rotation": {"angle": 0, "axis": "y", "origin": [17, 9, 21]},
			"faces": {
				"north": {"uv": [7, 9, 8, 10], "texture": "#0"},
				"east": {"uv": [7, 9, 8, 10], "texture": "#0"},
				"south": {"uv": [9, 9, 10, 10], "texture": "#0"},
				"west": {"uv": [7, 9, 8, 10], "texture": "#0"},
				"up": {"uv": [7, 9, 8, 10], "rotation": 90, "texture": "#0"},
				"down": {"uv": [7, 10, 10, 11], "rotation": 90, "texture": "#0"}
			}
		},
		{
			"from": [8, 1, 13],
			"to": [9, 2, 14],
			"rotation": {"angle": 0, "axis": "y", "origin": [16, 9, 20]},
			"faces": {
				"north": {"uv": [6, 8, 7, 9], "texture": "#0"},
				"east": {"uv": [6, 8, 7, 9], "texture": "#0"},
				"south": {"uv": [6, 8, 7, 9], "texture": "#0"},
				"west": {"uv": [6, 8, 7, 9], "texture": "#0"},
				"up": {"uv": [6, 8, 7, 9], "rotation": 90, "texture": "#0"},
				"down": {"uv": [6, 9, 7, 10], "rotation": 90, "texture": "#0"}
			}
		},
		{
			"from": [8, 1, 11],
			"to": [9, 2, 12],
			"rotation": {"angle": 0, "axis": "y", "origin": [16, 9, 18]},
			"faces": {
				"north": {"uv": [6, 8, 7, 9], "texture": "#0"},
				"east": {"uv": [6, 8, 7, 9], "texture": "#0"},
				"south": {"uv": [6, 8, 7, 9], "texture": "#0"},
				"west": {"uv": [6, 8, 7, 9], "texture": "#0"},
				"up": {"uv": [6, 8, 7, 9], "rotation": 90, "texture": "#0"},
				"down": {"uv": [6, 9, 7, 10], "rotation": 90, "texture": "#0"}
			}
		},
		{
			"from": [1, 0, 8],
			"to": [2, 1, 9],
			"rotation": {"angle": 0, "axis": "y", "origin": [9, 8, 16]},
			"faces": {
				"north": {"uv": [8, 11, 9, 14], "texture": "#0"},
				"east": {"uv": [8, 11, 9, 14], "texture": "#0"},
				"south": {"uv": [8, 13, 9, 16], "texture": "#0"},
				"west": {"uv": [8, 11, 9, 14], "texture": "#0"},
				"up": {"uv": [8, 8, 9, 9], "texture": "#0"},
				"down": {"uv": [0, 0, 1, 1], "texture": "#0"}
			}
		},
		{
			"from": [0, 1, 8],
			"to": [1, 2, 9],
			"rotation": {"angle": 0, "axis": "y", "origin": [8, 9, 17]},
			"faces": {
				"north": {"uv": [7, 9, 8, 10], "texture": "#0"},
				"east": {"uv": [7, 9, 8, 10], "texture": "#0"},
				"south": {"uv": [9, 9, 10, 10], "texture": "#0"},
				"west": {"uv": [7, 9, 8, 10], "texture": "#0"},
				"up": {"uv": [7, 9, 8, 10], "rotation": 90, "texture": "#0"},
				"down": {"uv": [7, 10, 10, 11], "rotation": 90, "texture": "#0"}
			}
		},
		{
			"from": [2, 1, 8],
			"to": [3, 2, 9],
			"rotation": {"angle": 0, "axis": "y", "origin": [10, 9, 17]},
			"faces": {
				"north": {"uv": [7, 9, 8, 10], "texture": "#0"},
				"east": {"uv": [7, 9, 8, 10], "texture": "#0"},
				"south": {"uv": [9, 9, 10, 10], "texture": "#0"},
				"west": {"uv": [7, 9, 8, 10], "texture": "#0"},
				"up": {"uv": [7, 9, 8, 10], "rotation": 90, "texture": "#0"},
				"down": {"uv": [7, 10, 10, 11], "rotation": 90, "texture": "#0"}
			}
		},
		{
			"from": [1, 1, 9],
			"to": [2, 2, 10],
			"rotation": {"angle": 0, "axis": "y", "origin": [9, 9, 16]},
			"faces": {
				"north": {"uv": [6, 8, 7, 9], "texture": "#0"},
				"east": {"uv": [6, 8, 7, 9], "texture": "#0"},
				"south": {"uv": [6, 8, 7, 9], "texture": "#0"},
				"west": {"uv": [6, 8, 7, 9], "texture": "#0"},
				"up": {"uv": [6, 8, 7, 9], "rotation": 90, "texture": "#0"},
				"down": {"uv": [6, 9, 7, 10], "rotation": 90, "texture": "#0"}
			}
		},
		{
			"from": [1, 1, 7],
			"to": [2, 2, 8],
			"rotation": {"angle": 0, "axis": "y", "origin": [9, 9, 14]},
			"faces": {
				"north": {"uv": [6, 8, 7, 9], "texture": "#0"},
				"east": {"uv": [6, 8, 7, 9], "texture": "#0"},
				"south": {"uv": [6, 8, 7, 9], "texture": "#0"},
				"west": {"uv": [6, 8, 7, 9], "texture": "#0"},
				"up": {"uv": [6, 8, 7, 9], "rotation": 90, "texture": "#0"},
				"down": {"uv": [6, 9, 7, 10], "rotation": 90, "texture": "#0"}
			}
		}
	],
	"groups": [
		{
			"name": "group",
			"origin": [14, 11, 14],
			"children": [0, 1, 2, 3, 4, 5, 6, 7, 8, 9, 10, 11, 12, 13, 14, 15, 16, 17, 18, 19, 20, 21, 22, 23, 24]
		},
		{
			"name": "group",
			"origin": [14, 11, 14],
			"children": [25, 26, 27, 28, 29, 30, 31, 32, 33, 34, 35]
		},
		{
			"name": "group",
			"origin": [14, 11, 14],
			"children": [36, 37, 38, 39, 40, 41, 42, 43, 44, 45, 46]
		},
		{
			"name": "group",
			"origin": [14, 11, 14],
			"children": [47, 48, 49, 50, 51, 52, 53, 54, 55, 56, 57]
		},
		{
			"name": "group",
			"origin": [14, 11, 14],
			"children": [58, 59, 60, 61, 62]
		},
		{
			"name": "group",
			"origin": [14, 11, 14],
			"children": [63, 64, 65, 66, 67]
		},
		{
			"name": "group",
			"origin": [14, 11, 14],
			"children": [68, 69, 70, 71, 72]
		}
	]
}