{
"__comment": "Designed by tomaxed with Cubik",
"textures": {
    "particle": "spells/lightnight",
    "texture": "spells/lightnight"
},
"elements": [ 
{
    "from": [ -1.5, -16, -16 ],
    "to": [ -1.4375, 32, 32 ],
    "rotation": { "origin": [ -1.5, -16, -16 ], "axis": "y", "angle": 22.5 },
    "faces": {
        "west":  { "uv": [ 0, 0, 16, 16 ], "texture": "#texture" },
        "east":  { "uv": [ 16, 0, 0, 16 ], "texture": "#texture" }
    }
},
{
    "from": [ -16, -16, 17.5 ],
    "to": [ 32, 32, 17.5625 ],
    "rotation": { "origin": [ -16, -16, 17.5 ], "axis": "y", "angle": 22.5 },
    "faces": {
        "north": { "uv": [ 0, 0, 16, 16 ], "texture": "#texture" },
        "south": { "uv": [ 16, 0, 0, 16 ], "texture": "#texture" }
    }
}
],
"display": {
    "thirdperson_righthand": {
        "rotation": [ 90, 0, 0 ],
        "translation": [ -6, -1.89, 0 ],
        "scale": [ 4, 4, 4 ]
    },
    "head": {
        "rotation": [ 0, 0, 0 ],
        "translation": [ 0, 5, 0 ],
        "scale": [ 4, 4, 4 ]
    },
    "ground": {
        "rotation": [ 0, 0, 0 ],
        "translation": [ 0, 24, 0 ],
        "scale": [ 4, 4, 4 ]
    },
    "firstperson_righthand": {
        "rotation": [ 0, 45, 0 ],
        "translation": [ 0, 0, 0 ],
        "scale": [ 0.4, 0.4, 0.4 ]
    },
    "gui": {
        "rotation": [ 30, 180, 0 ],
        "translation": [ 0, 3.02, 0 ],
        "scale": [ 0.3, 0.3, 0.3 ]
    }
}
}