{
"__comment": "Designed by tomaxed with Cubik",
"textures": {
    "particle": "spells_misc/fireball",
    "texture": "spells_misc/fireball"
},
"elements": [ 
{
    "from": [ 6, -16, 6 ],
    "to": [ 10, -12, 10 ],
    "faces": {
        "down":  { "uv": [ 4, 4, 12, 12 ], "texture": "#texture" },
        "up":    { "uv": [ 4, 4, 12, 12 ], "texture": "#texture" },
        "north": { "uv": [ 4, 4, 12, 12 ], "texture": "#texture" },
        "south": { "uv": [ 4, 4, 12, 12 ], "texture": "#texture" },
        "west":  { "uv": [ 4, 4, 12, 12 ], "texture": "#texture" },
        "east":  { "uv": [ 4, 4, 12, 12 ], "texture": "#texture" }
    }
}
],
"display": {
    "head": {
        "rotation": [ 0, 0, 0 ],
        "translation": [ 0, 8, 0 ],
        "scale": [ 3.5, 3.5, 3.5 ]
    },
    "ground": {
        "rotation": [ 0, 0, 0 ],
        "translation": [ 0, 0, 0 ],
        "scale": [ 0, 0, 0 ]
    },
    "gui": {
        "rotation": [ 0, 0, 0 ],
        "translation": [ 0, 0, 0 ],
        "scale": [ 0.5, 0.5, 0.5 ]
    }
}
}