{
"__comment": "Designed by tomaxed with Cubik",
"textures": {
    "texture": "specialgui/gui7"
},
"elements": [ 
{
    "from": [ -16, 15.9375, -16 ],
    "to": [ 32, 16, 32 ],
    "faces": {
        "up":    { "uv": [ 0, 0, 16, 16 ], "texture": "#texture" }
    }
}
],
"display": {

    "thirdperson_righthand": {
        "rotation": [ 0, 0, 0 ],
        "translation": [ 0, 0, 0 ],
        "scale": [ 0, 0, 0 ]
    },
	    "thirdperson_lefthand": {
        "rotation": [ 0, 0, 0 ],
        "translation": [ 0, 0, 0 ],
        "scale": [ 0, 0, 0 ]
    },
    "firstperson_righthand": {
        "rotation": [ 0, 0, 0 ],
        "translation": [ 0, 0, 0 ],
        "scale": [ 0, 0, 0 ]
    },
    "firstperson_lefthand": {
        "rotation": [ 0, 0, 0 ],
        "translation": [ 0, 0, 0 ],
        "scale": [ 0, 0, 0 ]
    },
    "gui": {
        "rotation": [ 90, 0, 0 ],
        "translation": [ -62, 90, -24 ],
        "scale": [ 4, 4, 4 ]
    }
}
}