{
"__comment": "Designed by tomaxed with Cubik",
"textures": {
    "particle": "blocks/fence_acacia",
    "fence_acacia_behind": "blocks/fence_acacia_behind",
    "texture": "blocks/fence_acacia"
},
"elements": [ 
{
    "from": [ 7, 8, 8 ],
    "to": [ 9, 11, 16 ],
    "faces": {
        "down":  { "uv": [ 0, 7, 9, 8 ], "rotation": 270, "texture": "#fence_acacia_behind" },
        "up":    { "uv": [ 0, 5, 9, 6 ], "rotation": 90, "texture": "#fence_acacia_behind" },
        "south": { "uv": [ 7, 5, 8, 8 ], "texture": "#texture" },
        "west":  { "uv": [ 0, 5, 9, 8 ], "texture": "#fence_acacia_behind" },
        "east":  { "uv": [ 9, 5, 0, 8 ], "texture": "#fence_acacia_behind" }
    }
},
{
    "from": [ 7.5, 0, 8 ],
    "to": [ 8.5, 16, 16 ],
    "faces": {
        "down":  { "uv": [ 0, 15, 8, 16 ], "rotation": 270, "texture": "#texture" },
        "up":    { "uv": [ 0, 0, 8, 1 ], "rotation": 90, "texture": "#texture" },
        "south": { "uv": [ 7, 0, 8, 16 ], "texture": "#texture" },
        "west":  { "uv": [ 0, 0, 8, 16 ], "texture": "#texture" },
        "east":  { "uv": [ 8, 0, 16, 16 ], "texture": "#texture" }
    }
},
{
    "from": [ 7.5, 16, 8 ],
    "to": [ 8.5, 16.5, 9 ],
    "faces": {
        "up":    { "uv": [ 0, 15, 1, 16 ], "texture": "#texture" },
        "south": { "uv": [ 0, 15.5, 1, 16 ], "texture": "#texture" },
        "west":  { "uv": [ 0, 15.5, 1, 16 ], "texture": "#texture" },
        "east":  { "uv": [ 15, 15.5, 16, 16 ], "texture": "#texture" }
    }
},
{
    "from": [ 7.5, 16, 12 ],
    "to": [ 8.5, 16.5, 13 ],
    "faces": {
        "up":    { "uv": [ 4, 15, 5, 16 ], "texture": "#texture" },
        "north": { "uv": [ 4, 15.5, 5, 16 ], "texture": "#texture" },
        "west":  { "uv": [ 4, 15.5, 5, 16 ], "texture": "#texture" },
        "east":  { "uv": [ 11, 15.5, 12, 16 ], "texture": "#texture" }
    }
},
{
    "from": [ 7.5, 16, 13 ],
    "to": [ 8.5, 17, 14 ],
    "faces": {
        "up":    { "uv": [ 8, 15, 9, 16 ], "texture": "#texture" },
        "north": { "uv": [ 5, 15, 6, 16 ], "texture": "#texture" },
        "south": { "uv": [ 5, 15, 6, 16 ], "texture": "#texture" },
        "west":  { "uv": [ 5, 15, 6, 16 ], "texture": "#texture" },
        "east":  { "uv": [ 10, 15, 11, 16 ], "texture": "#texture" }
    }
},
{
    "from": [ 7.5, 16, 10 ],
    "to": [ 8.5, 16.5, 11 ],
    "faces": {
        "up":    { "uv": [ 2, 15, 3, 16 ], "texture": "#texture" },
        "north": { "uv": [ 2, 15.5, 3, 16 ], "texture": "#texture" },
        "south": { "uv": [ 2, 15.5, 3, 16 ], "texture": "#texture" },
        "west":  { "uv": [ 2, 15.5, 3, 16 ], "texture": "#texture" },
        "east":  { "uv": [ 13, 15.5, 14, 16 ], "texture": "#texture" }
    }
},
{
    "from": [ 7.5, 16, 15 ],
    "to": [ 8.5, 16.5, 16 ],
    "faces": {
        "up":    { "uv": [ 7, 15, 8, 16 ], "texture": "#texture" },
        "north": { "uv": [ 7, 15.5, 8, 16 ], "texture": "#texture" },
        "south": { "uv": [ 7, 15.5, 8, 16 ], "texture": "#texture" },
        "west":  { "uv": [ 7, 15.5, 8, 16 ], "texture": "#texture" },
        "east":  { "uv": [ 8, 15.5, 9, 16 ], "texture": "#texture" }
    }
},
{
    "from": [ 7, 8, 0 ],
    "to": [ 9, 11, 8 ],
    "faces": {
        "down":  { "uv": [ 0, 7, 9, 8 ], "rotation": 270, "texture": "#fence_acacia_behind" },
        "up":    { "uv": [ 0, 5, 9, 6 ], "rotation": 90, "texture": "#fence_acacia_behind" },
        "north": { "uv": [ 0, 5, 1, 8 ], "texture": "#texture" },
        "west":  { "uv": [ 0, 5, 9, 8 ], "texture": "#fence_acacia_behind" },
        "east":  { "uv": [ 9, 5, 0, 8 ], "texture": "#fence_acacia_behind" }
    }
},
{
    "from": [ 7.5, 0, 0 ],
    "to": [ 8.5, 16, 8 ],
    "faces": {
        "down":  { "uv": [ 0, 15, 8, 16 ], "rotation": 270, "texture": "#texture" },
        "up":    { "uv": [ 0, 0, 8, 1 ], "rotation": 90, "texture": "#texture" },
        "north": { "uv": [ 0, 0, 1, 16 ], "texture": "#texture" },
        "west":  { "uv": [ 0, 0, 8, 16 ], "texture": "#texture" },
        "east":  { "uv": [ 8, 0, 16, 16 ], "texture": "#texture" }
    }
},
{
    "from": [ 7.5, 16, 0 ],
    "to": [ 8.5, 16.5, 1 ],
    "faces": {
        "up":    { "uv": [ 0, 15, 1, 16 ], "texture": "#texture" },
        "north": { "uv": [ 0, 15.5, 1, 16 ], "texture": "#texture" },
        "south": { "uv": [ 0, 15.5, 1, 16 ], "texture": "#texture" },
        "west":  { "uv": [ 0, 15.5, 1, 16 ], "texture": "#texture" },
        "east":  { "uv": [ 15, 15.5, 16, 16 ], "texture": "#texture" }
    }
},
{
    "from": [ 7.5, 16, 4 ],
    "to": [ 8.5, 16.5, 5 ],
    "faces": {
        "up":    { "uv": [ 4, 15, 5, 16 ], "texture": "#texture" },
        "north": { "uv": [ 4, 15.5, 5, 16 ], "texture": "#texture" },
        "west":  { "uv": [ 4, 15.5, 5, 16 ], "texture": "#texture" },
        "east":  { "uv": [ 11, 15.5, 12, 16 ], "texture": "#texture" }
    }
},
{
    "from": [ 7.5, 16, 5 ],
    "to": [ 8.5, 17, 6 ],
    "faces": {
        "up":    { "uv": [ 8, 15, 9, 16 ], "texture": "#texture" },
        "north": { "uv": [ 5, 15, 6, 16 ], "texture": "#texture" },
        "south": { "uv": [ 5, 15, 6, 16 ], "texture": "#texture" },
        "west":  { "uv": [ 5, 15, 6, 16 ], "texture": "#texture" },
        "east":  { "uv": [ 10, 15, 11, 16 ], "texture": "#texture" }
    }
},
{
    "from": [ 7.5, 16, 2 ],
    "to": [ 8.5, 16.5, 3 ],
    "faces": {
        "up":    { "uv": [ 2, 15, 3, 16 ], "texture": "#texture" },
        "north": { "uv": [ 2, 15.5, 3, 16 ], "texture": "#texture" },
        "south": { "uv": [ 2, 15.5, 3, 16 ], "texture": "#texture" },
        "west":  { "uv": [ 2, 15.5, 3, 16 ], "texture": "#texture" },
        "east":  { "uv": [ 13, 15.5, 14, 16 ], "texture": "#texture" }
    }
},
{
    "from": [ 7.5, 16, 7 ],
    "to": [ 8.5, 16.5, 8 ],
    "faces": {
        "up":    { "uv": [ 7, 15, 8, 16 ], "texture": "#texture" },
        "north": { "uv": [ 7, 15.5, 8, 16 ], "texture": "#texture" },
        "west":  { "uv": [ 7, 15.5, 8, 16 ], "texture": "#texture" },
        "east":  { "uv": [ 8, 15.5, 9, 16 ], "texture": "#texture" }
    }
}
],
"display": {
    "thirdperson_righthand": {
        "rotation": [ 75, 45, 0 ],
        "translation": [ 0, 2.5, 0 ],
        "scale": [ 0.5, 0.5, 0.5 ]
    },
    "head": {
        "rotation": [ 0, 90, 0 ],
        "translation": [ 0, -1.32, 0 ],
        "scale": [ 1, 1, 1 ]
    },
    "ground": {
        "rotation": [ 0, 0, 0 ],
        "translation": [ 0, 3, 0 ],
        "scale": [ 0.25, 0.25, 0.25 ]
    },
    "fixed": {
        "rotation": [ 0, 90, 0 ],
        "translation": [ 0, 0, 0 ],
        "scale": [ 1, 1, 1 ]
    },
    "firstperson_righthand": {
        "rotation": [ 0, 45, 0 ],
        "translation": [ 0, 0, 0 ],
        "scale": [ 0.4, 0.4, 0.4 ]
    },
    "gui": {
        "rotation": [ 30, 135, 0 ],
        "translation": [ 0, 0, 0 ],
        "scale": [ 0.62, 0.62, 0.62 ]
    }
}
}