{
"elements": [ 
{
    "from": [ -16, -4.0625, -16 ],
    "to": [ 32, -4, 32 ],
    "faces": {
        "up":    { "uv": [ 0, 0, 16, 16 ], "texture": "#texture" }
    }
}
],
"display": {
    "thirdperson_righthand": {
        "rotation": [ 90, 0, 0 ],
        "translation": [ -6, -1.89, 0 ],
        "scale": [ 4, 0.99, 4 ]
    },
    "head": {
        "rotation": [ 0, 0, 0 ],
        "translation": [ 0, 5, 0 ],
        "scale": [ 4, 4, 4 ]
    },
    "ground": {
        "rotation": [ 0, 0, 0 ],
        "translation": [ 0, 24, 0 ],
        "scale": [ 4, 4, 4 ]
    },
    "firstperson_righthand": {
        "rotation": [ 0, 45, 0 ],
        "translation": [ 0, 0, 0 ],
        "scale": [ 0.4, 0.4, 0.4 ]
    },
    "gui": {
        "rotation": [ 30, 180, 0 ],
        "translation": [ 0, 3.02, 0 ],
        "scale": [ 0.3, 0.3, 0.3 ]
    }
}
}