{
"__comment": "Designed by tomaxed with Cubik",
"textures": {
    "particle": "items/book",
    "texture": "items/book",
    "book_enchanted_side": "items/book_normal_side"
},
"elements": [ 
{
    "from": [ 1, 10.5, 0.5 ],
    "to": [ 12.5, 11, 15.5 ],
    "faces": {
        "down":  { "uv": [ 12.5, 0.5, 1, 15.5 ], "texture": "#texture" },
        "up":    { "uv": [ 1, 0.5, 12.5, 15.5 ], "texture": "#texture" },
        "north": { "uv": [ 0, 13, 10, 13.5 ], "texture": "#book_enchanted_side" },
        "south": { "uv": [ 10, 13, 0, 13.5 ], "texture": "#book_enchanted_side" },
        "east":  { "uv": [ 0.5, 0.5, 1, 15.5 ], "rotation": 270, "texture": "#texture" }
    }
},
{
    "from": [ 1, 8, 0.5 ],
    "to": [ 12.5, 8.5, 15.5 ],
    "faces": {
        "down":  { "uv": [ 12.5, 15.5, 1, 0.5 ], "texture": "#texture" },
        "up":    { "uv": [ 1, 0.5, 12.5, 15.5 ], "texture": "#texture" },
        "north": { "uv": [ 0, 15.5, 10, 16 ], "texture": "#book_enchanted_side" },
        "south": { "uv": [ 10, 15.5, 0, 16 ], "texture": "#book_enchanted_side" },
        "east":  { "uv": [ 12, 0.5, 12.5, 15.5 ], "rotation": 270, "texture": "#texture" }
    }
},
{
    "from": [ 0.5, 8, 0.5 ],
    "to": [ 1, 11, 15.5 ],
    "faces": {
        "down":  { "uv": [ 0.5, 0.5, 1, 15.5 ], "texture": "#texture" },
        "up":    { "uv": [ 0.5, 0.5, 1, 15.5 ], "texture": "#texture" },
        "north": { "uv": [ 0, 13, 0.5, 16 ], "rotation": 90, "texture": "#book_enchanted_side" },
        "south": { "uv": [ 0, 13, 0.5, 16 ], "rotation": 270, "texture": "#book_enchanted_side" },
        "west":  { "uv": [ 13.5, 0.5, 15.5, 15.5 ], "rotation": 90, "texture": "#book_enchanted_side" },
        "east":  { "uv": [ 13.5, 1, 15.5, 15 ], "rotation": 270, "texture": "#texture" }
    }
},
{
    "from": [ 1, 8.5, 1 ],
    "to": [ 12, 10.5, 15 ],
    "faces": {
        "north": { "uv": [ 0.5, 13.5, 10, 15.5 ], "texture": "#book_enchanted_side" },
        "south": { "uv": [ 0.5, 13.5, 10, 15.5 ], "texture": "#book_enchanted_side" },
        "east":  { "uv": [ 10.5, 0.5, 12.5, 15.5 ], "rotation": 270, "texture": "#book_enchanted_side" }
    }
},
{
    "from": [ 0.5, 11, 0.5 ],
    "to": [ 3, 11.5, 1 ],
    "faces": {
        "down":  { "uv": [ 0.5, 0.5, 3, 1 ], "texture": "#texture" },
        "up":    { "uv": [ 0.5, 0.5, 3, 1 ], "texture": "#texture" },
        "north": { "uv": [ 0.5, 0.5, 3, 1 ], "texture": "#texture" },
        "south": { "uv": [ 0.5, 0.5, 3, 1 ], "texture": "#texture" },
        "west":  { "uv": [ 0.5, 0.5, 1, 1 ], "texture": "#texture" },
        "east":  { "uv": [ 2.5, 0.5, 3, 1 ], "texture": "#texture" }
    }
},
{
    "from": [ 0.5, 11, 1 ],
    "to": [ 2.5, 11.5, 1.5 ],
    "faces": {
        "down":  { "uv": [ 0.5, 1, 2.5, 1.5 ], "texture": "#texture" },
        "up":    { "uv": [ 0.5, 1, 2.5, 1.5 ], "texture": "#texture" },
        "south": { "uv": [ 0.5, 1, 2.5, 1.5 ], "texture": "#texture" },
        "west":  { "uv": [ 0.5, 1, 1, 1.5 ], "texture": "#texture" },
        "east":  { "uv": [ 2, 1, 2.5, 1.5 ], "texture": "#texture" }
    }
},
{
    "from": [ 0.5, 11, 1.5 ],
    "to": [ 2, 11.5, 2 ],
    "faces": {
        "down":  { "uv": [ 0.5, 1.5, 2, 2 ], "texture": "#texture" },
        "up":    { "uv": [ 0.5, 1.5, 2, 2 ], "texture": "#texture" },
        "south": { "uv": [ 0.5, 1.5, 2, 2 ], "texture": "#texture" },
        "west":  { "uv": [ 0.5, 1.5, 1, 2 ], "texture": "#texture" },
        "east":  { "uv": [ 1.5, 1.5, 2, 2 ], "texture": "#texture" }
    }
},
{
    "from": [ 0.5, 11, 2 ],
    "to": [ 1.5, 11.5, 2.5 ],
    "faces": {
        "down":  { "uv": [ 0.5, 2, 1.5, 2.5 ], "texture": "#texture" },
        "up":    { "uv": [ 0.5, 2, 1.5, 2.5 ], "texture": "#texture" },
        "south": { "uv": [ 0.5, 2, 1.5, 2.5 ], "texture": "#texture" },
        "west":  { "uv": [ 0.5, 2, 1, 2.5 ], "texture": "#texture" },
        "east":  { "uv": [ 1, 2, 1.5, 2.5 ], "texture": "#texture" }
    }
},
{
    "from": [ 10, 11, 0.5 ],
    "to": [ 12.5, 11.5, 1 ],
    "faces": {
        "up":    { "uv": [ 10, 0.5, 12.5, 1 ], "texture": "#texture" },
        "north": { "uv": [ 10, 0.5, 12.5, 1 ], "texture": "#texture" },
        "south": { "uv": [ 10, 0.5, 12.5, 1 ], "texture": "#texture" },
        "west":  { "uv": [ 10, 0.5, 10.5, 1 ], "texture": "#texture" },
        "east":  { "uv": [ 12, 0.5, 12.5, 1 ], "texture": "#texture" }
    }
},
{
    "from": [ 10, 11, 15 ],
    "to": [ 12.5, 11.5, 15.5 ],
    "faces": {
        "up":    { "uv": [ 10, 15, 12.5, 15.5 ], "texture": "#texture" },
        "north": { "uv": [ 10, 15, 12.5, 15.5 ], "texture": "#texture" },
        "south": { "uv": [ 10, 15, 12.5, 15.5 ], "texture": "#texture" },
        "west":  { "uv": [ 10, 15, 10.5, 15.5 ], "texture": "#texture" },
        "east":  { "uv": [ 12, 15, 12.5, 15.5 ], "texture": "#texture" }
    }
},
{
    "from": [ 0.5, 11, 15 ],
    "to": [ 3, 11.5, 15.5 ],
    "faces": {
        "down":  { "uv": [ 0.5, 15, 3, 15.5 ], "texture": "#texture" },
        "up":    { "uv": [ 0.5, 15, 3, 15.5 ], "texture": "#texture" },
        "north": { "uv": [ 0.5, 15, 3, 15.5 ], "texture": "#texture" },
        "south": { "uv": [ 0.5, 15, 3, 15.5 ], "texture": "#texture" },
        "west":  { "uv": [ 0.5, 15, 1, 15.5 ], "texture": "#texture" },
        "east":  { "uv": [ 2.5, 15, 3, 15.5 ], "texture": "#texture" }
    }
},
{
    "from": [ 10.5, 11, 1 ],
    "to": [ 12.5, 11.5, 1.5 ],
    "faces": {
        "up":    { "uv": [ 10.5, 1, 12.5, 1.5 ], "texture": "#texture" },
        "south": { "uv": [ 10.5, 1, 12.5, 1.5 ], "texture": "#texture" },
        "west":  { "uv": [ 10.5, 1, 11, 1.5 ], "texture": "#texture" },
        "east":  { "uv": [ 12, 1, 12.5, 1.5 ], "texture": "#texture" }
    }
},
{
    "from": [ 10.5, 11, 14.5 ],
    "to": [ 12.5, 11.5, 15 ],
    "faces": {
        "up":    { "uv": [ 10.5, 14.5, 12.5, 15 ], "texture": "#texture" },
        "north": { "uv": [ 10.5, 14.5, 12.5, 15 ], "texture": "#texture" },
        "west":  { "uv": [ 10.5, 14.5, 11, 15 ], "texture": "#texture" },
        "east":  { "uv": [ 12, 14.5, 12.5, 15 ], "texture": "#texture" }
    }
},
{
    "from": [ 0.5, 11, 14.5 ],
    "to": [ 2.5, 11.5, 15 ],
    "faces": {
        "down":  { "uv": [ 0.5, 14.5, 2.5, 15 ], "texture": "#texture" },
        "up":    { "uv": [ 0.5, 14.5, 2.5, 15 ], "texture": "#texture" },
        "north": { "uv": [ 0.5, 14.5, 2.5, 15 ], "texture": "#texture" },
        "west":  { "uv": [ 0.5, 14.5, 1, 15 ], "texture": "#texture" },
        "east":  { "uv": [ 2, 14.5, 2.5, 15 ], "texture": "#texture" }
    }
},
{
    "from": [ 11, 11, 1.5 ],
    "to": [ 12.5, 11.5, 2 ],
    "faces": {
        "up":    { "uv": [ 11, 1.5, 12.5, 2 ], "texture": "#texture" },
        "south": { "uv": [ 11, 1.5, 12.5, 2 ], "texture": "#texture" },
        "west":  { "uv": [ 11, 1.5, 11.5, 2 ], "texture": "#texture" },
        "east":  { "uv": [ 12, 1.5, 12.5, 2 ], "texture": "#texture" }
    }
},
{
    "from": [ 11, 11, 14 ],
    "to": [ 12.5, 11.5, 14.5 ],
    "faces": {
        "up":    { "uv": [ 11, 14, 12.5, 14.5 ], "texture": "#texture" },
        "north": { "uv": [ 11, 14, 12.5, 14.5 ], "texture": "#texture" },
        "west":  { "uv": [ 11, 14, 11.5, 14.5 ], "texture": "#texture" },
        "east":  { "uv": [ 12, 14, 12.5, 14.5 ], "texture": "#texture" }
    }
},
{
    "from": [ 0.5, 11, 14 ],
    "to": [ 2, 11.5, 14.5 ],
    "faces": {
        "down":  { "uv": [ 0.5, 14, 2, 14.5 ], "texture": "#texture" },
        "up":    { "uv": [ 0.5, 14, 2, 14.5 ], "texture": "#texture" },
        "north": { "uv": [ 0.5, 14, 2, 14.5 ], "texture": "#texture" },
        "west":  { "uv": [ 0.5, 14, 1, 14.5 ], "texture": "#texture" },
        "east":  { "uv": [ 1.5, 14, 2, 14.5 ], "texture": "#texture" }
    }
},
{
    "from": [ 11.5, 11, 2 ],
    "to": [ 12.5, 11.5, 2.5 ],
    "faces": {
        "up":    { "uv": [ 11.5, 2, 12.5, 2.5 ], "texture": "#texture" },
        "south": { "uv": [ 11.5, 2, 12.5, 2.5 ], "texture": "#texture" },
        "west":  { "uv": [ 11.5, 2, 12, 2.5 ], "texture": "#texture" },
        "east":  { "uv": [ 12, 2, 12.5, 2.5 ], "texture": "#texture" }
    }
},
{
    "from": [ 12, 11, 2.5 ],
    "to": [ 12.5, 11.5, 3 ],
    "faces": {
        "up":    { "uv": [ 12, 2.5, 12.5, 3 ], "texture": "#texture" },
        "south": { "uv": [ 12, 2.5, 12.5, 3 ], "texture": "#texture" },
        "west":  { "uv": [ 12, 2.5, 12.5, 3 ], "texture": "#texture" },
        "east":  { "uv": [ 12, 2.5, 12.5, 3 ], "texture": "#texture" }
    }
},
{
    "from": [ 11.5, 11, 13.5 ],
    "to": [ 12.5, 11.5, 14 ],
    "faces": {
        "up":    { "uv": [ 11.5, 13.5, 12.5, 14 ], "texture": "#texture" },
        "north": { "uv": [ 11.5, 13.5, 12.5, 14 ], "texture": "#texture" },
        "west":  { "uv": [ 11.5, 13.5, 12, 14 ], "texture": "#texture" },
        "east":  { "uv": [ 12, 13.5, 12.5, 14 ], "texture": "#texture" }
    }
},
{
    "from": [ 12, 11, 13 ],
    "to": [ 12.5, 11.5, 13.5 ],
    "faces": {
        "up":    { "uv": [ 12, 13, 12.5, 13.5 ], "texture": "#texture" },
        "north": { "uv": [ 12, 13, 12.5, 13.5 ], "texture": "#texture" },
        "west":  { "uv": [ 12, 13, 12.5, 13.5 ], "texture": "#texture" },
        "east":  { "uv": [ 12, 13, 12.5, 13.5 ], "texture": "#texture" }
    }
},
{
    "from": [ 0.5, 11, 13.5 ],
    "to": [ 1.5, 11.5, 14 ],
    "faces": {
        "down":  { "uv": [ 0.5, 13.5, 1.5, 14 ], "texture": "#texture" },
        "up":    { "uv": [ 0.5, 13.5, 1.5, 14 ], "texture": "#texture" },
        "north": { "uv": [ 0.5, 13.5, 1.5, 14 ], "texture": "#texture" },
        "west":  { "uv": [ 0.5, 13.5, 1, 14 ], "texture": "#texture" },
        "east":  { "uv": [ 1, 13.5, 1.5, 14 ], "texture": "#texture" }
    }
},
{
    "from": [ 0.5, 11, 13 ],
    "to": [ 1, 11.5, 13.5 ],
    "faces": {
        "up":    { "uv": [ 0.5, 13, 1, 13.5 ], "texture": "#texture" },
        "north": { "uv": [ 0.5, 13, 1, 13.5 ], "texture": "#texture" },
        "west":  { "uv": [ 0.5, 13, 1, 13.5 ], "texture": "#texture" },
        "east":  { "uv": [ 0.5, 13, 1, 13.5 ], "texture": "#texture" }
    }
},
{
    "from": [ 0.5, 11, 2.5 ],
    "to": [ 1, 11.5, 3 ],
    "faces": {
        "up":    { "uv": [ 0.5, 2.5, 1, 3 ], "texture": "#texture" },
        "south": { "uv": [ 0.5, 2.5, 1, 3 ], "texture": "#texture" },
        "west":  { "uv": [ 0.5, 2.5, 1, 3 ], "texture": "#texture" },
        "east":  { "uv": [ 0.5, 2.5, 1, 3 ], "texture": "#texture" }
    }
},
{
    "from": [ 0.5, 11, 3 ],
    "to": [ 1, 11.25, 13 ],
    "faces": {
        "down":  { "uv": [ 0.5, 3, 1, 13 ], "texture": "#texture" },
        "up":    { "uv": [ 0.5, 3, 1, 13 ], "texture": "#texture" },
        "north": { "uv": [ 0.5, 4.75, 1, 5 ], "texture": "#texture" },
        "south": { "uv": [ 0.5, 4.75, 1, 5 ], "texture": "#texture" },
        "west":  { "uv": [ 0.5, 3, 1, 13 ], "rotation": 90, "texture": "#texture" },
        "east":  { "uv": [ 0.5, 3, 1, 13 ], "rotation": 270, "texture": "#texture" }
    }
},
{
    "from": [ 12, 11, 3 ],
    "to": [ 12.5, 11.25, 13 ],
    "faces": {
        "down":  { "uv": [ 0.5, 3, 1, 13 ], "texture": "#texture" },
        "up":    { "uv": [ 0.5, 3, 1, 13 ], "texture": "#texture" },
        "north": { "uv": [ 0.5, 4.75, 1, 5 ], "texture": "#texture" },
        "south": { "uv": [ 0.5, 4.75, 1, 5 ], "texture": "#texture" },
        "west":  { "uv": [ 0.5, 3, 1, 13 ], "rotation": 90, "texture": "#texture" },
        "east":  { "uv": [ 0.5, 3, 1, 13 ], "rotation": 270, "texture": "#texture" }
    }
},
{
    "from": [ 3, 11, 0.5 ],
    "to": [ 10, 11.25, 1 ],
    "faces": {
        "down":  { "uv": [ 3, 0.5, 10, 1 ], "texture": "#texture" },
        "up":    { "uv": [ 3, 0.5, 10, 1 ], "texture": "#texture" },
        "north": { "uv": [ 3, 0.5, 10, 1 ], "texture": "#texture" },
        "south": { "uv": [ 3, 0.5, 10, 1 ], "texture": "#texture" },
        "west":  { "uv": [ 3.5, 0.5, 4, 1 ], "texture": "#texture" },
        "east":  { "uv": [ 3.5, 0.5, 4, 1 ], "texture": "#texture" }
    }
},
{
    "from": [ 3, 11, 15 ],
    "to": [ 10, 11.25, 15.5 ],
    "faces": {
        "down":  { "uv": [ 3, 0.5, 10, 1 ], "texture": "#texture" },
        "up":    { "uv": [ 3, 0.5, 10, 1 ], "texture": "#texture" },
        "north": { "uv": [ 3, 0.5, 10, 1 ], "texture": "#texture" },
        "south": { "uv": [ 3, 0.5, 10, 1 ], "texture": "#texture" },
        "west":  { "uv": [ 3.5, 0.5, 4, 1 ], "texture": "#texture" },
        "east":  { "uv": [ 3.5, 0.5, 4, 1 ], "texture": "#texture" }
    }
},
{
    "from": [ 6.4375, 8.9375, 0 ],
    "to": [ 9.9375, 9, 2 ],
    "rotation": { "origin": [ 6.4375, 8.9375, 0 ], "axis": "y", "angle": -22.5 },
    "faces": {
        "down":  { "uv": [ 4, 10.5, 0.5, 12.5 ], "texture": "#book_enchanted_side" },
        "up":    { "uv": [ 0.5, 10.5, 4, 12.5 ], "texture": "#book_enchanted_side" }
    }
},
{
    "from": [ 4.5, 9.9375, 12.75 ],
    "to": [ 8, 10, 14.75 ],
    "rotation": { "origin": [ 4.5, 9.9375, 12.75 ], "axis": "y", "angle": -22.5 },
    "faces": {
        "down":  { "uv": [ 4, 10.5, 0.5, 12.5 ], "texture": "#book_enchanted_side" },
        "up":    { "uv": [ 0.5, 10.5, 4, 12.5 ], "texture": "#book_enchanted_side" }
    }
},
{
    "from": [ 9.5, 9.4375, 4.5 ],
    "to": [ 13, 9.5, 6.5 ],
    "rotation": { "origin": [ 9.5, 9.4375, 4.5 ], "axis": "y", "angle": -22.5 },
    "faces": {
        "down":  { "uv": [ 4, 10.5, 0.5, 12.5 ], "texture": "#book_enchanted_side" },
        "up":    { "uv": [ 0.5, 10.5, 4, 12.5 ], "texture": "#book_enchanted_side" }
    }
},
{
    "from": [ 8, 9.3125, 14.0625 ],
    "to": [ 10.5, 9.375, 17.5625 ],
    "rotation": { "origin": [ 8, 9.375, 14.0625 ], "axis": "x", "angle": 22.5 },
    "faces": {
        "down":  { "uv": [ 0.5, 10, 3, 6.5 ], "texture": "#book_enchanted_side" },
        "up":    { "uv": [ 0.5, 6.5, 3, 10 ], "texture": "#book_enchanted_side" }
    }
},
{
    "from": [ 11.5, 8.9375, 9.5 ],
    "to": [ 14, 9, 12 ],
    "rotation": { "origin": [ 11.5, 9, 9.5 ], "axis": "z", "angle": -22.5 },
    "faces": {
        "down":  { "uv": [ 6, 3.5, 3.5, 6 ], "rotation": 270, "texture": "#book_enchanted_side" },
        "up":    { "uv": [ 3.5, 3.5, 6, 6 ], "rotation": 270, "texture": "#book_enchanted_side" }
    }
},
{
    "from": [ 13.75, 8, 9.5 ],
    "to": [ 15.75, 8.0625, 12 ],
    "faces": {
        "down":  { "uv": [ 6, 7, 3.5, 9 ], "rotation": 270, "texture": "#book_enchanted_side" },
        "up":    { "uv": [ 3.5, 7, 6, 9 ], "rotation": 270, "texture": "#book_enchanted_side" }
    }
},
{
    "from": [ 9.9375, 9.9375, 10.75 ],
    "to": [ 11.9375, 10, 14.25 ],
    "rotation": { "origin": [ 9.9375, 9.9375, 10.75 ], "axis": "y", "angle": 22.5 },
    "faces": {
        "down":  { "uv": [ 4, 10.5, 0.5, 12.5 ], "rotation": 270, "texture": "#book_enchanted_side" },
        "up":    { "uv": [ 0.5, 10.5, 4, 12.5 ], "rotation": 90, "texture": "#book_enchanted_side" }
    }
}
],
"display": {
    "thirdperson_righthand": {
        "rotation": [ 90, 0, 0 ],
        "translation": [ 1.13, 6.05, 0 ],
        "scale": [ 0.8, 0.8, 0.8 ]
    },
    "head": {
        "rotation": [ 0, 180, 0 ],
        "translation": [ -1.7, 6.43, 0 ],
        "scale": [ 1.08, 1.05, 1.05 ]
    },
    "ground": {
        "rotation": [ 0, 0, 0 ],
        "translation": [ 0, -1.32, 0 ],
        "scale": [ 0.4, 0.4, 0.4 ]
    },
    "fixed": {
        "rotation": [ 90, 0, 180 ],
        "translation": [ -1.7, 0, 0.38 ],
        "scale": [ 1, 1, 1 ]
    },
    "firstperson_righthand": {
        "rotation": [ 57, -43, 65 ],
        "translation": [ 6.05, -0.19, -4.35 ],
        "scale": [ 0.7, 0.7, 0.7 ]
    },
    "gui": {
        "rotation": [ 34, -24, 0 ],
        "translation": [ 1.12, -2.08, -0.56 ],
        "scale": [ 0.9, 0.9, 0.9 ]
    }
}
}