{
	"parent": "item/handheld",
	"textures": {
		"layer0": "item/carrot_on_a_stick"
	},
	"overrides": [
		{ "predicate": {"damaged": 0, "damage": 0}, "model": "item/carrot_on_a_stick_default"},
		{ "predicate": {"damaged": 0, "damage": 0.04}, "model": "item/_icon_invisible"},
		{ "predicate": {"damaged": 0, "damage": 0.08}, "model": "item/_icon1"},
		{ "predicate": {"damaged": 0, "damage": 0.12}, "model": "item/_icon2"},
		{ "predicate": {"damaged": 0, "damage": 0.16}, "model": "item/_icon3"},
		{ "predicate": {"damaged": 0, "damage": 0.2}, "model": "item/_icon4"},
		{ "predicate": {"damaged": 0, "damage": 0.24}, "model": "item/_icon5"},
		{ "predicate": {"damaged": 0, "damage": 0.28}, "model": "item/_icon6"},
		{ "predicate": {"damaged": 0, "damage": 0.32}, "model": "item/_icon7"},
		{ "predicate": {"damaged": 0, "damage": 0.36}, "model": "item/_icon8"},
		{ "predicate": {"damaged": 0, "damage": 0.4}, "model": "item/_icon9"},
		{ "predicate": {"damaged": 0, "damage": 0.44}, "model": "item/_icon10"},
		{ "predicate": {"damaged": 0, "damage": 0.48}, "model": "item/_icon11"},
		{ "predicate": {"damaged": 0, "damage": 0.52}, "model": "item/_icon12"},
		{ "predicate": {"damaged": 0, "damage": 0.56}, "model": "item/_icon13"},
		{ "predicate": {"damaged": 0, "damage": 0.6}, "model": "item/_icon14"},
		{ "predicate": {"damaged": 0, "damage": 0.64}, "model": "item/_icon15"},
		{ "predicate": {"damaged": 0, "damage": 0.68}, "model": "item/_icon16"},
		{ "predicate": {"damaged": 0, "damage": 0.72}, "model": "item/_icon17"},
		{ "predicate": {"damaged": 0, "damage": 0.76}, "model": "item/_icon18"},
		{ "predicate": {"damaged": 0, "damage": 0.8}, "model": "item/_icon19"},
		{ "predicate": {"damaged": 0, "damage": 0.84}, "model": "item/_icon20"},
		{ "predicate": {"damaged": 0, "damage": 0.88}, "model": "item/_icon21"},
		{ "predicate": {"damaged": 0, "damage": 0.92}, "model": "item/_icon22"},
		{ "predicate": {"damaged": 0, "damage": 0.96}, "model": "item/_icon23"},
		
		{ "predicate": {"damaged": 1, "damage": 0}, "model": "item/carrot_on_a_stick_default"},
		{ "predicate": {"damaged": 1, "damage": 0.04}, "model": "item/carrot_on_a_stick_default"},
		{ "predicate": {"damaged": 1, "damage": 0.08}, "model": "item/carrot_on_a_stick_default"},
		{ "predicate": {"damaged": 1, "damage": 0.12}, "model": "item/carrot_on_a_stick_default"},
		{ "predicate": {"damaged": 1, "damage": 0.16}, "model": "item/carrot_on_a_stick_default"},
		{ "predicate": {"damaged": 1, "damage": 0.2}, "model": "item/carrot_on_a_stick_default"},
		{ "predicate": {"damaged": 1, "damage": 0.24}, "model": "item/carrot_on_a_stick_default"},
		{ "predicate": {"damaged": 1, "damage": 0.28}, "model": "item/carrot_on_a_stick_default"},
		{ "predicate": {"damaged": 1, "damage": 0.32}, "model": "item/carrot_on_a_stick_default"},
		{ "predicate": {"damaged": 1, "damage": 0.36}, "model": "item/carrot_on_a_stick_default"},
		{ "predicate": {"damaged": 1, "damage": 0.4}, "model": "item/carrot_on_a_stick_default"},
		{ "predicate": {"damaged": 1, "damage": 0.44}, "model": "item/carrot_on_a_stick_default"},
		{ "predicate": {"damaged": 1, "damage": 0.48}, "model": "item/carrot_on_a_stick_default"},
		{ "predicate": {"damaged": 1, "damage": 0.52}, "model": "item/carrot_on_a_stick_default"},
		{ "predicate": {"damaged": 1, "damage": 0.56}, "model": "item/carrot_on_a_stick_default"},
		{ "predicate": {"damaged": 1, "damage": 0.6}, "model": "item/carrot_on_a_stick_default"},
		{ "predicate": {"damaged": 1, "damage": 0.64}, "model": "item/carrot_on_a_stick_default"},
		{ "predicate": {"damaged": 1, "damage": 0.68}, "model": "item/carrot_on_a_stick_default"},
		{ "predicate": {"damaged": 1, "damage": 0.72}, "model": "item/carrot_on_a_stick_default"},
		{ "predicate": {"damaged": 1, "damage": 0.76}, "model": "item/carrot_on_a_stick_default"},
		{ "predicate": {"damaged": 1, "damage": 0.8}, "model": "item/carrot_on_a_stick_default"},
		{ "predicate": {"damaged": 1, "damage": 0.84}, "model": "item/carrot_on_a_stick_default"},
		{ "predicate": {"damaged": 1, "damage": 0.88}, "model": "item/carrot_on_a_stick_default"},
		{ "predicate": {"damaged": 1, "damage": 0.92}, "model": "item/carrot_on_a_stick_default"},
		{ "predicate": {"damaged": 1, "damage": 0.96}, "model": "item/carrot_on_a_stick_default"}
	]
}