{
"__comment": "Designed by tomaxed with Cubik",
"textures": {
    "particle": "weaponstools/diamond_shovel",
    "texture": "weaponstools/diamond_shovel"
},


"elements": [ 
{
    "from": [ 7.75, 0, 7 ],
    "to": [ 8.25, 9.5, 9 ],
    "faces": {
        "down":  { "uv": [ 8.1875, 9, 7.6875, 7 ], "texture": "#texture" },
        "up":    { "uv": [ 7.8125, 7, 8.3125, 9 ], "texture": "#texture" },
        "north": { "uv": [ 7, 6.5, 7.5, 16 ], "texture": "#texture" },
        "south": { "uv": [ 8.5, 6.5, 9, 16 ], "texture": "#texture" },
        "west":  { "uv": [ 7, 6.5, 9, 16 ], "texture": "#texture" },
        "east":  { "uv": [ 9, 6.5, 7, 16 ], "texture": "#texture" }
    }
},
{
    "from": [ 7.75, -2, 7 ],
    "to": [ 8.25, 0, 9 ],
    "faces": {
        "down":  { "uv": [ 11.5, 12, 12, 14 ], "texture": "#texture" },
        "up":    { "uv": [ 10, 12, 10.5, 14 ], "texture": "#texture" },
        "north": { "uv": [ 10, 12, 10.5, 14 ], "texture": "#texture" },
        "south": { "uv": [ 10, 12, 10.5, 14 ], "texture": "#texture" },
        "west":  { "uv": [ 10, 12, 12, 14 ], "texture": "#texture" },
        "east":  { "uv": [ 12, 12, 10, 14 ], "texture": "#texture" }
    }
},
{
    "from": [ 7.75, -3, 6.5 ],
    "to": [ 8.25, -2, 9.5 ],
    "faces": {
        "down":  { "uv": [ 12, 14.5, 12.5, 15 ], "texture": "#texture" },
        "up":    { "uv": [ 10, 14, 10.5, 14.5 ], "texture": "#texture" },
        "north": { "uv": [ 9.5, 14, 10, 15 ], "texture": "#texture" },
        "south": { "uv": [ 12, 14, 12.5, 15 ], "texture": "#texture" },
        "west":  { "uv": [ 9.5, 14, 12.5, 15 ], "texture": "#texture" },
        "east":  { "uv": [ 12.5, 14, 9.5, 15 ], "texture": "#texture" }
    }
},
{
    "from": [ 7.75, -3.5, 7 ],
    "to": [ 8.25, -3, 9 ],
    "faces": {
        "down":  { "uv": [ 10.5, 15, 11, 15.5 ], "texture": "#texture" },
        "up":    { "uv": [ 8.5, 7.5, 9, 9.5 ], "texture": "#texture" },
        "north": { "uv": [ 10, 15, 10.5, 15.5 ], "texture": "#texture" },
        "south": { "uv": [ 11.5, 15, 12, 15.5 ], "texture": "#texture" },
        "west":  { "uv": [ 10, 15, 12, 15.5 ], "texture": "#texture" },
        "east":  { "uv": [ 12, 15, 10, 15.5 ], "texture": "#texture" }
    }
},
{
    "from": [ 7.75, -4, 7.5 ],
    "to": [ 8.25, -3.5, 8.5 ],
    "faces": {
        "down":  { "uv": [ 10.5, 15.5, 11, 16 ], "texture": "#texture" },
        "up":    { "uv": [ 7.8125, 7.5, 8.3125, 8.5 ], "texture": "#texture" },
        "north": { "uv": [ 10.5, 15.5, 11, 16 ], "texture": "#texture" },
        "south": { "uv": [ 11, 15.5, 11.5, 16 ], "texture": "#texture" },
        "west":  { "uv": [ 10.5, 15.5, 11.5, 16 ], "texture": "#texture" },
        "east":  { "uv": [ 11.5, 15.5, 10.5, 16 ], "texture": "#texture" }
    }
},
{
    "from": [ 7.75, 9.5, 7.5 ],
    "to": [ 8.25, 10, 8.5 ],
    "faces": {
        "down":  { "uv": [ 8, 5.5, 8.5, 6 ], "texture": "#texture" },
        "up":    { "uv": [ 7.5, 5.5, 8, 6 ], "texture": "#texture" },
        "north": { "uv": [ 7.5, 6, 8, 6.5 ], "texture": "#texture" },
        "south": { "uv": [ 8, 6, 8.5, 6.5 ], "texture": "#texture" },
        "west":  { "uv": [ 7.5, 6, 8.5, 6.5 ], "texture": "#texture" },
        "east":  { "uv": [ 8.5, 6, 7.5, 6.5 ], "texture": "#texture" }
    }
},
{
    "from": [ 7.75, 10, 6 ],
    "to": [ 8.25, 10.5, 10 ],
    "faces": {
        "down":  { "uv": [ 6, 5.5, 10, 6 ], "rotation": 270, "texture": "#texture" },
        "up":    { "uv": [ 6, 5.5, 10, 6 ], "rotation": 90, "texture": "#texture" },
        "north": { "uv": [ 6, 5.5, 6.5, 6 ], "texture": "#texture" },
        "south": { "uv": [ 9.5, 5.5, 10, 6 ], "texture": "#texture" },
        "west":  { "uv": [ 6, 5.5, 10, 6 ], "texture": "#texture" },
        "east":  { "uv": [ 10, 5.5, 6, 6 ], "texture": "#texture" }
    }
},
{
    "from": [ 7.75, 10.5, 5.5 ],
    "to": [ 8.25, 15.5, 10.5 ],
    "faces": {
        "down":  { "uv": [ 5.5, 5, 10.5, 5.5 ], "rotation": 270, "texture": "#texture" },
        "up":    { "uv": [ 5.5, 0.5, 10.5, 1 ], "rotation": 90, "texture": "#texture" },
        "north": { "uv": [ 5.5, 0.5, 6, 5.5 ], "texture": "#texture" },
        "south": { "uv": [ 10, 0.5, 10.5, 5.5 ], "texture": "#texture" },
        "west":  { "uv": [ 5.5, 0.5, 10.5, 5.5 ], "texture": "#texture" },
        "east":  { "uv": [ 10.5, 0.5, 5.5, 5.5 ], "texture": "#texture" }
    }
},
{
    "from": [ 7.75, 15.5, 6 ],
    "to": [ 8.25, 16, 10 ],
    "faces": {
        "down":  { "uv": [ 6, 0, 10, 0.5 ], "rotation": 90, "texture": "#texture" },
        "up":    { "uv": [ 6, 0, 10, 0.5 ], "rotation": 90, "texture": "#texture" },
        "north": { "uv": [ 6, 0, 6.5, 0.5 ], "texture": "#texture" },
        "south": { "uv": [ 9.5, 0, 10, 0.5 ], "texture": "#texture" },
        "west":  { "uv": [ 6, 0, 10, 0.5 ], "texture": "#texture" },
        "east":  { "uv": [ 10, 0, 6, 0.5 ], "texture": "#texture" }
    }
},
{
    "from": [ 7.5, 0, 7.5 ],
    "to": [ 8.5, 8.5, 8.5 ],
    "faces": {
        "down":  { "uv": [ 7.5, 7.5, 8.5, 8.5 ], "texture": "#texture" },
        "up":    { "uv": [ 7.5, 7.5, 8.5, 8.5 ], "texture": "#texture" },
        "north": { "uv": [ 7.5, 7.5, 8.5, 16 ], "texture": "#texture" },
        "south": { "uv": [ 8.5, 7.5, 7.5, 16 ], "texture": "#texture" },
        "west":  { "uv": [ 7.5, 7.5, 8.5, 16 ], "texture": "#texture" },
        "east":  { "uv": [ 8.5, 7.5, 7.5, 16 ], "texture": "#texture" }
    }
},
{
    "from": [ 7.5, -1.5, 7.5 ],
    "to": [ 8.5, 0, 8.5 ],
    "faces": {
        "down":  { "uv": [ 10.5, 12, 11.5, 13 ], "texture": "#texture" },
        "up":    { "uv": [ 10.5, 12, 11.5, 13 ], "texture": "#texture" },
        "north": { "uv": [ 10.5, 12, 11.5, 13.5 ], "texture": "#texture" },
        "south": { "uv": [ 11.5, 12, 10.5, 13.5 ], "texture": "#texture" },
        "west":  { "uv": [ 10.5, 12, 11.5, 13.5 ], "texture": "#texture" },
        "east":  { "uv": [ 11.5, 12, 10.5, 13.5 ], "texture": "#texture" }
    }
},
{
    "from": [ 7.5, -3.5, 7.5 ],
    "to": [ 8.5, -3, 8.5 ],
    "faces": {
        "down":  { "uv": [ 10.5, 14.5, 11.5, 15.5 ], "texture": "#texture" },
        "up":    { "uv": [ 10.5, 13.5, 11.5, 14.5 ], "texture": "#texture" },
        "north": { "uv": [ 10.5, 15, 11.5, 15.5 ], "texture": "#texture" },
        "south": { "uv": [ 10.5, 15, 11.5, 15.5 ], "texture": "#texture" },
        "west":  { "uv": [ 10.5, 15, 11.5, 15.5 ], "texture": "#texture" },
        "east":  { "uv": [ 11.5, 15, 10.5, 15.5 ], "texture": "#texture" }
    }
},
{
    "from": [ 7.25, -3, 7 ],
    "to": [ 8.75, -1.5, 9 ],
    "faces": {
        "down":  { "uv": [ 10, 14, 12, 14.5 ], "rotation": 270, "texture": "#texture" },
        "up":    { "uv": [ 10, 14, 12, 14.5 ], "rotation": 90, "texture": "#texture" },
        "north": { "uv": [ 10, 13.5, 10.5, 15 ], "texture": "#texture" },
        "south": { "uv": [ 11.5, 13.5, 12, 15 ], "texture": "#texture" },
        "west":  { "uv": [ 10, 13.5, 12, 15 ], "texture": "#texture" },
        "east":  { "uv": [ 12, 13.5, 10, 15 ], "texture": "#texture" }
    }
},
{
    "from": [ 7.25, 8.5, 7 ],
    "to": [ 8.75, 9.5, 9 ],
    "faces": {
        "down":  { "uv": [ 7, 6.5, 9, 7.5 ], "rotation": 270, "texture": "#texture" },
        "up":    { "uv": [ 7, 6.5, 9, 7.5 ], "rotation": 90, "texture": "#texture" },
        "north": { "uv": [ 7, 6.5, 7.5, 7.5 ], "texture": "#texture" },
        "south": { "uv": [ 8.5, 6.5, 9, 7.5 ], "texture": "#texture" },
        "west":  { "uv": [ 7, 6.5, 9, 7.5 ], "texture": "#texture" },
        "east":  { "uv": [ 9, 6.5, 7, 7.5 ], "texture": "#texture" }
    }
},
{
    "from": [ 7.25, 9.5, 6.5 ],
    "to": [ 8.75, 10, 7.5 ],
    "faces": {
        "down":  { "uv": [ 7, 6.5, 8.5, 7.5 ], "texture": "#texture" },
        "up":    { "uv": [ 7, 6.5, 8.5, 7.5 ], "texture": "#texture" },
        "north": { "uv": [ 6.5, 6, 7.5, 6.5 ], "texture": "#texture" },
        "south": { "uv": [ 7.5, 6, 6.5, 6.5 ], "texture": "#texture" },
        "west":  { "uv": [ 6.5, 6, 7.5, 6.5 ], "texture": "#texture" },
        "east":  { "uv": [ 7.5, 6, 6.5, 6.5 ], "texture": "#texture" }
    }
},
{
    "from": [ 7.25, 9.5, 8.5 ],
    "to": [ 8.75, 10, 9.5 ],
    "faces": {
        "down":  { "uv": [ 8.5, 6, 9.5, 6.5 ], "texture": "#texture" },
        "up":    { "uv": [ 8.5, 6, 9.5, 6.5 ], "texture": "#texture" },
        "north": { "uv": [ 8.5, 6, 9, 6.5 ], "texture": "#texture" },
        "south": { "uv": [ 9, 6, 9.5, 6.5 ], "texture": "#texture" },
        "west":  { "uv": [ 8.5, 6, 9.5, 6.5 ], "texture": "#texture" },
        "east":  { "uv": [ 9.5, 6, 8.5, 6.5 ], "texture": "#texture" }
    }
},
{
    "from": [ 7.5, 10.5, 5.5 ],
    "to": [ 8.5, 14.5, 6.5 ],
    "faces": {
        "down":  { "uv": [ 5.5, 5, 6.5, 5.5 ], "rotation": 270, "texture": "#texture" },
        "up":    { "uv": [ 5.5, 0.5, 6.5, 1 ], "rotation": 90, "texture": "#texture" },
        "north": { "uv": [ 5.5, 1.5, 6, 5.5 ], "texture": "#texture" },
        "south": { "uv": [ 6, 1.5, 6.5, 5.5 ], "texture": "#texture" },
        "west":  { "uv": [ 5.5, 1.5, 6.5, 5.5 ], "texture": "#texture" },
        "east":  { "uv": [ 6.5, 1.5, 5.5, 5.5 ], "texture": "#texture" }
    }
},
{
    "from": [ 7.5, 10, 6 ],
    "to": [ 8.5, 10.5, 7 ],
    "faces": {
        "down":  { "uv": [ 6, 5.5, 7, 6 ], "rotation": 270, "texture": "#texture" },
        "up":    { "uv": [ 6, 5.5, 7, 6 ], "texture": "#texture" },
        "north": { "uv": [ 6, 5.5, 6.5, 6 ], "texture": "#texture" },
        "south": { "uv": [ 6.5, 5.5, 7, 6 ], "texture": "#texture" },
        "west":  { "uv": [ 6, 5.5, 7, 6 ], "texture": "#texture" },
        "east":  { "uv": [ 7, 5.5, 6, 6 ], "texture": "#texture" }
    }
},
{
    "from": [ 7.5, 10, 9 ],
    "to": [ 8.5, 10.5, 10 ],
    "faces": {
        "down":  { "uv": [ 9, 5.5, 10, 6 ], "rotation": 270, "texture": "#texture" },
        "up":    { "uv": [ 9, 5.5, 10, 6 ], "texture": "#texture" },
        "north": { "uv": [ 9, 5.5, 9.5, 6 ], "texture": "#texture" },
        "south": { "uv": [ 9.5, 5.5, 10, 6 ], "texture": "#texture" },
        "west":  { "uv": [ 9, 5.5, 10, 6 ], "texture": "#texture" },
        "east":  { "uv": [ 10, 5.5, 9, 6 ], "texture": "#texture" }
    }
},
{
    "from": [ 7.5, 10.5, 9.5 ],
    "to": [ 8.5, 14.5, 10.5 ],
    "faces": {
        "down":  { "uv": [ 9.5, 5, 10.5, 5.5 ], "rotation": 270, "texture": "#texture" },
        "up":    { "uv": [ 9.5, 4, 10.5, 5 ], "texture": "#texture" },
        "north": { "uv": [ 9.5, 1.5, 10, 5.5 ], "texture": "#texture" },
        "south": { "uv": [ 10, 1.5, 10.5, 5.5 ], "texture": "#texture" },
        "west":  { "uv": [ 9.5, 1.5, 10.5, 5.5 ], "texture": "#texture" },
        "east":  { "uv": [ 10.5, 1.5, 9.5, 5.5 ], "texture": "#texture" }
    }
}
],
"display": {
    "thirdperson_righthand": {
        "rotation": [ 0, 0, 0 ],
        "translation": [ 0, 5.29, 1.89 ],
        "scale": [ 1, 1, 1 ]
    },
    "ground": {
        "rotation": [ 45, 0, 0 ],
        "translation": [ 0, 3.97, 0 ],
        "scale": [ 0.4, 0.4, 0.4 ]
    },
    "fixed": {
        "rotation": [ 90, -45, 90 ],
        "translation": [ -1.13, 1.13, 0 ],
        "scale": [ 1, 1, 1 ]
    },
    "firstperson_righthand": {
        "rotation": [ 18, 3, -3 ],
        "translation": [ 5.1, 0.38, -4.35 ],
        "scale": [ 1.2, 1.2, 1.2 ]
    },
    "gui": {
        "rotation": [ -90, -45, -90 ],
        "translation": [ 0.57, 0.94, 0 ],
        "scale": [ 0.9, 0.9, 0.9 ]
    }
}
}