{
"__comment": "Designed by tomaxed with Cubik",
"textures": {
    "particle": "weaponstools/diamond_axe",
    "texture": "weaponstools/diamond_axe",
    "moving": "weaponstools/diamond_axe_moving"
},
"elements": [ 
{
    "from": [ 6.75, 11, 8 ],
    "to": [ 9.25, 12.5, 10.5 ],
    "faces": {
        "down":  { "uv": [ 8.5, 3, 10, 5.5 ], "texture": "#texture" },
        "up":    { "uv": [ 8.5, 3, 10, 5.5 ], "texture": "#texture" },
        "north": { "uv": [ 8, 3.5, 10.5, 5 ], "texture": "#texture" },
        "south": { "uv": [ 10.5, 3.5, 8, 5 ], "texture": "#texture" },
        "west":  { "uv": [ 8, 3.5, 10.5, 5 ], "texture": "#texture" },
        "east":  { "uv": [ 10.5, 3.5, 8, 5 ], "texture": "#texture" }
    }
},
{
    "from": [ 7.25, 3.5, 8.5 ],
    "to": [ 8.75, 10.5, 10 ],
    "faces": {
        "north": { "uv": [ 8.5, 5.5, 9, 12.5 ], "texture": "#texture" },
        "south": { "uv": [ 9.5, 5.5, 10, 12.5 ], "texture": "#texture" },
        "west":  { "uv": [ 8.5, 5.5, 10, 12.5 ], "texture": "#texture" },
        "east":  { "uv": [ 10, 5.5, 8.5, 12.5 ], "texture": "#texture" }
    }
},
{
    "from": [ 7, 2.5, 8 ],
    "to": [ 9, 3.5, 10.5 ],
    "faces": {
        "down":  { "uv": [ 8, 12.5, 10.5, 13.5 ], "rotation": 270, "texture": "#texture" },
        "up":    { "uv": [ 8, 12.5, 10.5, 13.5 ], "rotation": 90, "texture": "#texture" },
        "north": { "uv": [ 8, 12.5, 8.5, 13.5 ], "texture": "#texture" },
        "south": { "uv": [ 10, 12.5, 10.5, 13.5 ], "texture": "#texture" },
        "west":  { "uv": [ 8, 12.5, 10.5, 13.5 ], "texture": "#texture" },
        "east":  { "uv": [ 10.5, 12.5, 8, 13.5 ], "texture": "#texture" }
    }
},
{
    "from": [ 7.75, 5, 11 ],
    "to": [ 8.25, 5.5, 15 ],
    "faces": {
        "down":  { "uv": [ 11, 10.5, 15, 11 ], "rotation": 270, "texture": "#texture" },
        "up":    { "uv": [ 11, 10.5, 15, 11 ], "rotation": 90, "texture": "#texture" },
        "north": { "uv": [ 11, 10.5, 11.5, 11 ], "texture": "#texture" },
        "south": { "uv": [ 14.5, 10.5, 15, 11 ], "texture": "#texture" },
        "west":  { "uv": [ 11, 10.5, 15, 11 ], "texture": "#texture" },
        "east":  { "uv": [ 15, 10.5, 11, 11 ], "texture": "#texture" }
    }
},
{
    "from": [ 7.75, 5.5, 10 ],
    "to": [ 8.25, 6.5, 14.5 ],
    "faces": {
        "down":  { "uv": [ 10, 10, 14.5, 10.5 ], "rotation": 270, "texture": "#texture" },
        "up":    { "uv": [ 10, 9.5, 14.5, 10 ], "rotation": 90, "texture": "#texture" },
        "south": { "uv": [ 14, 9.5, 14.5, 10.5 ], "texture": "#texture" },
        "west":  { "uv": [ 10, 9.5, 14.5, 10.5 ], "texture": "#texture" },
        "east":  { "uv": [ 14.5, 9.5, 10, 10.5 ], "texture": "#texture" }
    }
},
{
    "from": [ 7.75, 6.5, 10 ],
    "to": [ 8.25, 7.5, 14 ],
    "faces": {
        "south": { "uv": [ 13.5, 8.5, 14, 9.5 ], "texture": "#texture" },
        "west":  { "uv": [ 10, 8.5, 14, 9.5 ], "texture": "#texture" },
        "east":  { "uv": [ 14, 8.5, 10, 9.5 ], "texture": "#texture" }
    }
},
{
    "from": [ 7.75, 8.5, 10 ],
    "to": [ 8.25, 9.5, 15.5 ],
    "faces": {
        "up":    { "uv": [ 10, 6.5, 15.5, 7 ], "rotation": 90, "texture": "#texture" },
        "south": { "uv": [ 15, 6.5, 15.5, 7.5 ], "texture": "#texture" },
        "west":  { "uv": [ 10, 6.5, 15.5, 7.5 ], "texture": "#texture" },
        "east":  { "uv": [ 15.5, 6.5, 10, 7.5 ], "texture": "#texture" }
    }
},
{
    "from": [ 7.75, 7.5, 10 ],
    "to": [ 8.25, 8.5, 16 ],
    "faces": {
        "down":  { "uv": [ 10, 7.5, 16, 8.5 ], "rotation": 270, "texture": "#texture" },
        "up":    { "uv": [ 10, 7.5, 16, 8.5 ], "rotation": 90, "texture": "#texture" },
        "south": { "uv": [ 15.5, 7.5, 16, 8.5 ], "texture": "#texture" },
        "west":  { "uv": [ 10, 7.5, 16, 8.5 ], "texture": "#texture" },
        "east":  { "uv": [ 16, 7.5, 10, 8.5 ], "texture": "#texture" }
    }
},
{
    "from": [ 7.75, 7, 15.5 ],
    "to": [ 8.25, 7.5, 16 ],
    "faces": {
        "down":  { "uv": [ 15.5, 8.5, 16, 9 ], "texture": "#texture" },
        "north": { "uv": [ 15.5, 8.5, 16, 9 ], "texture": "#texture" },
        "south": { "uv": [ 15.5, 8.5, 16, 9 ], "texture": "#texture" },
        "west":  { "uv": [ 15.5, 8.5, 16, 9 ], "texture": "#texture" },
        "east":  { "uv": [ 15.5, 8.5, 16, 9 ], "texture": "#texture" }
    }
},
{
    "from": [ 7.75, 4.5, 11.5 ],
    "to": [ 8.25, 5, 15 ],
    "faces": {
        "down":  { "uv": [ 11.5, 11, 15, 11.5 ], "rotation": 270, "texture": "#texture" },
        "north": { "uv": [ 11.5, 11, 12, 11.5 ], "texture": "#texture" },
        "south": { "uv": [ 14.5, 11, 15, 11.5 ], "texture": "#texture" },
        "west":  { "uv": [ 11.5, 11, 15, 11.5 ], "texture": "#texture" },
        "east":  { "uv": [ 15, 11, 11.5, 11.5 ], "texture": "#texture" }
    }
},
{
    "from": [ 7.75, 4, 14 ],
    "to": [ 8.25, 4.5, 15.5 ],
    "faces": {
        "down":  { "uv": [ 14, 11.5, 15.5, 12 ], "rotation": 270, "texture": "#texture" },
        "up":    { "uv": [ 14, 11.5, 15.5, 12 ], "rotation": 90, "texture": "#texture" },
        "north": { "uv": [ 14, 11.5, 14.5, 12 ], "texture": "#texture" },
        "south": { "uv": [ 15, 11.5, 15.5, 12 ], "texture": "#texture" },
        "west":  { "uv": [ 14, 11.5, 15.5, 12 ], "texture": "#texture" },
        "east":  { "uv": [ 15.5, 11.5, 14, 12 ], "texture": "#texture" }
    }
},
{
    "from": [ 7.75, 3.5, 14.5 ],
    "to": [ 8.25, 4, 15.5 ],
    "faces": {
        "down":  { "uv": [ 14.5, 12, 15.5, 12.5 ], "rotation": 270, "texture": "#texture" },
        "north": { "uv": [ 14.5, 12, 15, 12.5 ], "texture": "#texture" },
        "south": { "uv": [ 15, 12, 15.5, 12.5 ], "texture": "#texture" },
        "west":  { "uv": [ 14.5, 12, 15.5, 12.5 ], "texture": "#texture" },
        "east":  { "uv": [ 15.5, 12, 14.5, 12.5 ], "texture": "#texture" }
    }
},
{
    "from": [ 7.75, 3, 15 ],
    "to": [ 8.25, 3.5, 15.5 ],
    "faces": {
        "down":  { "uv": [ 15, 12.5, 15.5, 13 ], "texture": "#texture" },
        "north": { "uv": [ 15, 12.5, 15.5, 13 ], "texture": "#texture" },
        "south": { "uv": [ 15, 12.5, 15.5, 13 ], "texture": "#texture" },
        "west":  { "uv": [ 15, 12.5, 15.5, 13 ], "texture": "#texture" },
        "east":  { "uv": [ 15, 12.5, 15.5, 13 ], "texture": "#texture" }
    }
},
{
    "from": [ 7.75, 3.5, 11.5 ],
    "to": [ 8.25, 4.5, 13.5 ],
    "faces": {
        "north": { "uv": [ 11.5, 11.5, 12, 12.5 ], "texture": "#texture" },
        "south": { "uv": [ 13, 11.5, 13.5, 12.5 ], "texture": "#texture" },
        "west":  { "uv": [ 11.5, 11.5, 13.5, 12.5 ], "texture": "#texture" },
        "east":  { "uv": [ 13.5, 11.5, 11.5, 12.5 ], "texture": "#texture" }
    }
},
{
    "from": [ 7.75, 3, 11.5 ],
    "to": [ 8.25, 3.5, 14 ],
    "faces": {
        "down":  { "uv": [ 11.5, 12.5, 14, 13 ], "rotation": 270, "texture": "#texture" },
        "up":    { "uv": [ 11.5, 12.5, 14, 13 ], "rotation": 90, "texture": "#texture" },
        "north": { "uv": [ 11.5, 12.5, 12, 13 ], "texture": "#texture" },
        "south": { "uv": [ 13.5, 12.5, 14, 13 ], "texture": "#texture" },
        "west":  { "uv": [ 11.5, 12.5, 14, 13 ], "texture": "#texture" },
        "east":  { "uv": [ 14, 12.5, 11.5, 13 ], "texture": "#texture" }
    }
},
{
    "from": [ 7.75, 2.5, 12 ],
    "to": [ 8.25, 3, 14 ],
    "faces": {
        "down":  { "uv": [ 12, 13, 14, 13.5 ], "rotation": 270, "texture": "#texture" },
        "north": { "uv": [ 12, 13, 12.5, 13.5 ], "texture": "#texture" },
        "south": { "uv": [ 13.5, 13, 14, 13.5 ], "texture": "#texture" },
        "west":  { "uv": [ 12, 13, 14, 13.5 ], "texture": "#texture" },
        "east":  { "uv": [ 14, 13, 12, 13.5 ], "texture": "#texture" }
    }
},
{
    "from": [ 7.75, 1.5, 12 ],
    "to": [ 8.25, 2.5, 13.5 ],
    "faces": {
        "down":  { "uv": [ 12, 14, 13.5, 14.5 ], "rotation": 270, "texture": "#texture" },
        "north": { "uv": [ 12, 13.5, 12.5, 14.5 ], "texture": "#texture" },
        "south": { "uv": [ 13, 13.5, 13.5, 14.5 ], "texture": "#texture" },
        "west":  { "uv": [ 12, 13.5, 13.5, 14.5 ], "texture": "#texture" },
        "east":  { "uv": [ 13.5, 13.5, 12, 14.5 ], "texture": "#texture" }
    }
},
{
    "from": [ 7.75, 1, 12 ],
    "to": [ 8.25, 1.5, 13 ],
    "faces": {
        "down":  { "uv": [ 12, 14.5, 13, 15 ], "rotation": 270, "texture": "#texture" },
        "north": { "uv": [ 12, 14.5, 12.5, 15 ], "texture": "#texture" },
        "south": { "uv": [ 12.5, 14.5, 13, 15 ], "texture": "#texture" },
        "west":  { "uv": [ 12, 14.5, 13, 15 ], "texture": "#texture" },
        "east":  { "uv": [ 13, 14.5, 12, 15 ], "texture": "#texture" }
    }
},
{
    "from": [ 7.75, 0.5, 12 ],
    "to": [ 8.25, 1, 12.5 ],
    "faces": {
        "down":  { "uv": [ 12, 15, 12.5, 15.5 ], "texture": "#texture" },
        "north": { "uv": [ 12, 15, 12.5, 15.5 ], "texture": "#texture" },
        "south": { "uv": [ 12, 15, 12.5, 15.5 ], "texture": "#texture" },
        "west":  { "uv": [ 12, 15, 12.5, 15.5 ], "texture": "#texture" },
        "east":  { "uv": [ 12, 15, 12.5, 15.5 ], "texture": "#texture" }
    }
},
{
    "from": [ 7.75, 9.5, 10 ],
    "to": [ 8.25, 10, 15 ],
    "faces": {
        "up":    { "uv": [ 10, 6, 15, 6.5 ], "rotation": 90, "texture": "#texture" },
        "south": { "uv": [ 14.5, 6, 15, 6.5 ], "texture": "#texture" },
        "west":  { "uv": [ 10, 6, 15, 6.5 ], "texture": "#texture" },
        "east":  { "uv": [ 15, 6, 10, 6.5 ], "texture": "#texture" }
    }
},
{
    "from": [ 7.75, 10, 14 ],
    "to": [ 8.25, 10.5, 14.5 ],
    "faces": {
        "up":    { "uv": [ 14, 5.5, 14.5, 6 ], "texture": "#texture" },
        "north": { "uv": [ 14, 5.5, 14.5, 6 ], "texture": "#texture" },
        "south": { "uv": [ 14, 5.5, 14.5, 6 ], "texture": "#texture" },
        "west":  { "uv": [ 14, 5.5, 14.5, 6 ], "texture": "#texture" },
        "east":  { "uv": [ 14, 5.5, 14.5, 6 ], "texture": "#texture" }
    }
},
{
    "from": [ 7.75, 10, 10 ],
    "to": [ 8.25, 11, 13.5 ],
    "faces": {
        "up":    { "uv": [ 10, 5, 13.5, 5.5 ], "rotation": 90, "texture": "#texture" },
        "north": { "uv": [ 10, 5, 10.5, 6 ], "texture": "#texture" },
        "south": { "uv": [ 13, 5, 13.5, 6 ], "texture": "#texture" },
        "west":  { "uv": [ 10, 5, 13.5, 6 ], "texture": "#texture" },
        "east":  { "uv": [ 13.5, 5, 10, 6 ], "texture": "#texture" }
    }
},
{
    "from": [ 7.75, 11, 10.5 ],
    "to": [ 8.25, 11.5, 14 ],
    "faces": {
        "down":  { "uv": [ 10.5, 4.5, 14, 5 ], "rotation": 270, "texture": "#texture" },
        "up":    { "uv": [ 10.5, 4.5, 14, 5 ], "rotation": 90, "texture": "#texture" },
        "south": { "uv": [ 13.5, 4.5, 14, 5 ], "texture": "#texture" },
        "west":  { "uv": [ 10.5, 4.5, 14, 5 ], "texture": "#texture" },
        "east":  { "uv": [ 14, 4.5, 10.5, 5 ], "texture": "#texture" }
    }
},
{
    "from": [ 7.75, 11.5, 11 ],
    "to": [ 8.25, 12, 14.5 ],
    "faces": {
        "down":  { "uv": [ 11, 4, 14.5, 4.5 ], "rotation": 270, "texture": "#texture" },
        "up":    { "uv": [ 11, 4, 14.5, 4.5 ], "rotation": 90, "texture": "#texture" },
        "north": { "uv": [ 11, 4, 11.5, 4.5 ], "texture": "#texture" },
        "south": { "uv": [ 14, 4, 14.5, 4.5 ], "texture": "#texture" },
        "west":  { "uv": [ 11, 4, 14.5, 4.5 ], "texture": "#texture" },
        "east":  { "uv": [ 14.5, 4, 11, 4.5 ], "texture": "#texture" }
    }
},
{
    "from": [ 7.75, 12, 11.5 ],
    "to": [ 8.25, 12.5, 15 ],
    "faces": {
        "down":  { "uv": [ 11.5, 3.5, 15, 4 ], "rotation": 270, "texture": "#texture" },
        "up":    { "uv": [ 11.5, 3.5, 15, 4 ], "rotation": 90, "texture": "#texture" },
        "north": { "uv": [ 11.5, 3.5, 12, 4 ], "texture": "#texture" },
        "south": { "uv": [ 14.5, 3.5, 15, 4 ], "texture": "#texture" },
        "west":  { "uv": [ 11.5, 3.5, 15, 4 ], "texture": "#texture" },
        "east":  { "uv": [ 15, 3.5, 11.5, 4 ], "texture": "#texture" }
    }
},
{
    "from": [ 7.75, 12.5, 12.5 ],
    "to": [ 8.25, 13, 15 ],
    "faces": {
        "up":    { "uv": [ 12.5, 3, 15, 3.5 ], "rotation": 90, "texture": "#texture" },
        "north": { "uv": [ 12.5, 3, 13, 3.5 ], "texture": "#texture" },
        "south": { "uv": [ 12.5, 3, 13, 3.5 ], "texture": "#texture" },
        "west":  { "uv": [ 12.5, 3, 15, 3.5 ], "texture": "#texture" },
        "east":  { "uv": [ 15, 3, 12.5, 3.5 ], "texture": "#texture" }
    }
},
{
    "from": [ 7.75, 13, 13.5 ],
    "to": [ 8.25, 13.5, 15.5 ],
    "faces": {
        "down":  { "uv": [ 13.5, 2.5, 15.5, 3 ], "rotation": 270, "texture": "#texture" },
        "up":    { "uv": [ 13.5, 2.5, 15.5, 3 ], "rotation": 90, "texture": "#texture" },
        "north": { "uv": [ 13.5, 2.5, 14, 3 ], "texture": "#texture" },
        "south": { "uv": [ 15, 2.5, 15.5, 3 ], "texture": "#texture" },
        "west":  { "uv": [ 13.5, 2.5, 15.5, 3 ], "texture": "#texture" },
        "east":  { "uv": [ 15.5, 2.5, 13.5, 3 ], "texture": "#texture" }
    }
},
{
    "from": [ 7.75, 13.5, 14 ],
    "to": [ 8.25, 14, 15.5 ],
    "faces": {
        "up":    { "uv": [ 14, 2, 15.5, 2.5 ], "rotation": 90, "texture": "#texture" },
        "north": { "uv": [ 14, 2, 14.5, 2.5 ], "texture": "#texture" },
        "south": { "uv": [ 15, 2, 15.5, 2.5 ], "texture": "#texture" },
        "west":  { "uv": [ 14, 2, 15.5, 2.5 ], "texture": "#texture" },
        "east":  { "uv": [ 15.5, 2, 14, 2.5 ], "texture": "#texture" }
    }
},
{
    "from": [ 7.75, 14, 14.5 ],
    "to": [ 8.25, 14.5, 15.5 ],
    "faces": {
        "up":    { "uv": [ 14.5, 1.5, 15.5, 2 ], "rotation": 90, "texture": "#texture" },
        "north": { "uv": [ 14.5, 1.5, 15, 2 ], "texture": "#texture" },
        "south": { "uv": [ 15, 1.5, 15.5, 2 ], "texture": "#texture" },
        "west":  { "uv": [ 14.5, 1.5, 15.5, 2 ], "texture": "#texture" },
        "east":  { "uv": [ 15.5, 1.5, 14.5, 2 ], "texture": "#texture" }
    }
},
{
    "from": [ 7.75, 14.5, 15 ],
    "to": [ 8.25, 15, 15.5 ],
    "faces": {
        "up":    { "uv": [ 15, 1, 15.5, 1.5 ], "texture": "#texture" },
        "north": { "uv": [ 15, 1, 15.5, 1.5 ], "texture": "#texture" },
        "south": { "uv": [ 15, 1, 15.5, 1.5 ], "texture": "#texture" },
        "west":  { "uv": [ 15, 1, 15.5, 1.5 ], "texture": "#texture" },
        "east":  { "uv": [ 15, 1, 15.5, 1.5 ], "texture": "#texture" }
    }
},
{
    "from": [ 7.75, 5.5, 7.5 ],
    "to": [ 8.25, 7, 8.5 ],
    "faces": {
        "down":  { "uv": [ 7.5, 10, 8.5, 10.5 ], "rotation": 270, "texture": "#texture" },
        "up":    { "uv": [ 7.5, 9, 8.5, 9.5 ], "rotation": 90, "texture": "#texture" },
        "north": { "uv": [ 7.5, 9, 8, 10.5 ], "texture": "#texture" },
        "west":  { "uv": [ 7.5, 9, 8.5, 10.5 ], "texture": "#texture" },
        "east":  { "uv": [ 8.5, 9, 7.5, 10.5 ], "texture": "#texture" }
    }
},
{
    "from": [ 7.75, 6, 7 ],
    "to": [ 8.25, 6.5, 7.5 ],
    "faces": {
        "down":  { "uv": [ 7, 9.5, 7.5, 10 ], "texture": "#texture" },
        "up":    { "uv": [ 7, 9.5, 7.5, 10 ], "texture": "#texture" },
        "north": { "uv": [ 7, 9.5, 7.5, 10 ], "texture": "#texture" },
        "west":  { "uv": [ 7, 9.5, 7.5, 10 ], "texture": "#texture" },
        "east":  { "uv": [ 7, 9.5, 7.5, 10 ], "texture": "#texture" }
    }
},
{
    "from": [ 7.75, 7.5, 8 ],
    "to": [ 8.25, 8, 8.5 ],
    "faces": {
        "down":  { "uv": [ 8, 8, 8.5, 8.5 ], "texture": "#texture" },
        "north": { "uv": [ 8, 8, 8.5, 8.5 ], "texture": "#texture" },
        "west":  { "uv": [ 8, 8, 8.5, 8.5 ], "texture": "#texture" },
        "east":  { "uv": [ 8, 8, 8.5, 8.5 ], "texture": "#texture" }
    }
},
{
    "from": [ 7.75, 8, 7 ],
    "to": [ 8.25, 8.5, 8.5 ],
    "faces": {
        "down":  { "uv": [ 7, 7.5, 8.5, 8 ], "rotation": 270, "texture": "#texture" },
        "north": { "uv": [ 7, 7.5, 7.5, 8 ], "texture": "#texture" },
        "west":  { "uv": [ 7, 7.5, 8.5, 8 ], "texture": "#texture" },
        "east":  { "uv": [ 8.5, 7.5, 7, 8 ], "texture": "#texture" }
    }
},
{
    "from": [ 7.75, 8.5, 6.5 ],
    "to": [ 8.25, 9, 8.5 ],
    "faces": {
        "down":  { "uv": [ 6.5, 7, 8.5, 7.5 ], "rotation": 270, "texture": "#texture" },
        "north": { "uv": [ 6.5, 7, 7, 7.5 ], "texture": "#texture" },
        "west":  { "uv": [ 6.5, 7, 8.5, 7.5 ], "texture": "#texture" },
        "east":  { "uv": [ 8.5, 7, 6.5, 7.5 ], "texture": "#texture" }
    }
},
{
    "from": [ 7.75, 9.5, 6.5 ],
    "to": [ 8.25, 10, 8.5 ],
    "faces": {
        "up":    { "uv": [ 6.5, 6, 8.5, 6.5 ], "rotation": 90, "texture": "#texture" },
        "north": { "uv": [ 6.5, 6, 7, 6.5 ], "texture": "#texture" },
        "west":  { "uv": [ 6.5, 6, 8.5, 6.5 ], "texture": "#texture" },
        "east":  { "uv": [ 8.5, 6, 6.5, 6.5 ], "texture": "#texture" }
    }
},
{
    "from": [ 7.75, 9, 6 ],
    "to": [ 8.25, 9.5, 8.5 ],
    "faces": {
        "down":  { "uv": [ 6, 6.5, 8.5, 7 ], "rotation": 270, "texture": "#texture" },
        "up":    { "uv": [ 6, 6.5, 8.5, 7 ], "rotation": 90, "texture": "#texture" },
        "north": { "uv": [ 6, 6.5, 6.5, 7 ], "texture": "#texture" },
        "west":  { "uv": [ 6, 6.5, 8.5, 7 ], "texture": "#texture" },
        "east":  { "uv": [ 8.5, 6.5, 6, 7 ], "texture": "#texture" }
    }
},
{
    "from": [ 7.75, 10, 7.5 ],
    "to": [ 8.25, 11, 8.5 ],
    "faces": {
        "up":    { "uv": [ 7.5, 5, 8.5, 5.5 ], "rotation": 90, "texture": "#texture" },
        "north": { "uv": [ 7.5, 5, 8, 6 ], "texture": "#texture" },
        "south": { "uv": [ 8, 5, 8.5, 6 ], "texture": "#texture" },
        "west":  { "uv": [ 7.5, 5, 8.5, 6 ], "texture": "#texture" },
        "east":  { "uv": [ 8.5, 5, 7.5, 6 ], "texture": "#texture" }
    }
},
{
    "from": [ 7.5, -9, 8.5 ],
    "to": [ 8.5, 2.5, 10 ],
    "faces": {
        "north": { "uv": [ 0, 0, 0.5, 11.5 ], "texture": "#texture" },
        "south": { "uv": [ 1, 0, 1.5, 11.5 ], "texture": "#texture" },
        "west":  { "uv": [ 0, 0, 1.5, 11.5 ], "texture": "#texture" },
        "east":  { "uv": [ 1.5, 0, 0, 11.5 ], "texture": "#texture" }
    }
},
{
    "from": [ 7.75, 13, 8.5 ],
    "to": [ 8.25, 13.5, 9.5 ],
    "faces": {
        "up":    { "uv": [ 8.5, 2.5, 9.5, 3 ], "rotation": 90, "texture": "#texture" },
        "north": { "uv": [ 8.5, 2.5, 9, 3 ], "texture": "#texture" },
        "south": { "uv": [ 9, 2.5, 9.5, 3 ], "texture": "#texture" },
        "west":  { "uv": [ 8.5, 2.5, 9.5, 3 ], "texture": "#texture" },
        "east":  { "uv": [ 9.5, 2.5, 8.5, 3 ], "texture": "#texture" }
    }
},
{
    "from": [ 7.75, -9.5, 8 ],
    "to": [ 8.25, -9, 10.5 ],
    "faces": {
        "down":  { "uv": [ 1.5, 13, 4, 13.5 ], "rotation": 270, "texture": "#texture" },
        "up":    { "uv": [ 1.5, 13, 4, 13.5 ], "rotation": 90, "texture": "#texture" },
        "north": { "uv": [ 1.5, 13, 2, 13.5 ], "texture": "#texture" },
        "south": { "uv": [ 3.5, 13, 4, 13.5 ], "texture": "#texture" },
        "west":  { "uv": [ 1.5, 13, 4, 13.5 ], "texture": "#texture" },
        "east":  { "uv": [ 4, 13, 1.5, 13.5 ], "texture": "#texture" }
    }
},
{
    "from": [ 7.75, -10, 7.5 ],
    "to": [ 8.25, -9.5, 10 ],
    "faces": {
        "down":  { "uv": [ 1, 13.5, 3.5, 14 ], "rotation": 270, "texture": "#texture" },
        "up":    { "uv": [ 1, 13.5, 3.5, 14 ], "rotation": 90, "texture": "#texture" },
        "north": { "uv": [ 1, 13.5, 1.5, 14 ], "texture": "#texture" },
        "south": { "uv": [ 3, 13.5, 3.5, 14 ], "texture": "#texture" },
        "west":  { "uv": [ 1, 13.5, 3.5, 14 ], "texture": "#texture" },
        "east":  { "uv": [ 3.5, 13.5, 1, 14 ], "texture": "#texture" }
    }
},
{
    "from": [ 7.75, -11, 8.5 ],
    "to": [ 8.25, -10, 10 ],
    "faces": {
        "down":  { "uv": [ 2, 14.5, 3.5, 15 ], "rotation": 270, "texture": "#texture" },
        "north": { "uv": [ 2, 14, 2.5, 15 ], "texture": "#texture" },
        "south": { "uv": [ 3, 14, 3.5, 15 ], "texture": "#texture" },
        "west":  { "uv": [ 2, 14, 3.5, 15 ], "texture": "#texture" },
        "east":  { "uv": [ 3.5, 14, 2, 15 ], "texture": "#texture" }
    }
},
{
    "from": [ 7.75, -11.5, 8.5 ],
    "to": [ 8.25, -11, 9.5 ],
    "faces": {
        "down":  { "uv": [ 2, 15, 3, 15.5 ], "rotation": 270, "texture": "#texture" },
        "north": { "uv": [ 2, 15, 2.5, 15.5 ], "texture": "#texture" },
        "south": { "uv": [ 2.5, 15, 3, 15.5 ], "texture": "#texture" },
        "west":  { "uv": [ 2, 15, 3, 15.5 ], "texture": "#texture" },
        "east":  { "uv": [ 3, 15, 2, 15.5 ], "texture": "#texture" }
    }
},
{
    "from": [ 7.75, 14, 8.5 ],
    "to": [ 8.25, 14.5, 9.5 ],
    "faces": {
        "down":  { "uv": [ 8.5, 1.5, 9.5, 2 ], "rotation": 270, "texture": "#moving" },
        "north": { "uv": [ 8.5, 1.5, 9, 2 ], "texture": "#moving" },
        "south": { "uv": [ 9, 1.5, 9.5, 2 ], "texture": "#moving" },
        "west":  { "uv": [ 8.5, 1.5, 9.5, 2 ], "texture": "#moving" },
        "east":  { "uv": [ 9.5, 1.5, 8.5, 2 ], "texture": "#moving" }
    }
},
{
    "from": [ 7.75, 14.5, 8 ],
    "to": [ 8.25, 15, 9.5 ],
    "faces": {
        "down":  { "uv": [ 8, 1, 9.5, 1.5 ], "rotation": 270, "texture": "#moving" },
        "up":    { "uv": [ 8, 1, 9.5, 1.5 ], "rotation": 90, "texture": "#moving" },
        "north": { "uv": [ 8, 1, 8.5, 1.5 ], "texture": "#moving" },
        "south": { "uv": [ 9, 1, 9.5, 1.5 ], "texture": "#moving" },
        "west":  { "uv": [ 8, 1, 9.5, 1.5 ], "texture": "#moving" },
        "east":  { "uv": [ 9.5, 1, 8, 1.5 ], "texture": "#moving" }
    }
},
{
    "from": [ 7.75, 15, 8.5 ],
    "to": [ 8.25, 15.5, 9 ],
    "faces": {
        "up":    { "uv": [ 8.5, 0.5, 9, 1 ], "texture": "#moving" },
        "north": { "uv": [ 8.5, 0.5, 9, 1 ], "texture": "#moving" },
        "south": { "uv": [ 8.5, 0.5, 9, 1 ], "texture": "#moving" },
        "west":  { "uv": [ 8.5, 0.5, 9, 1 ], "texture": "#moving" },
        "east":  { "uv": [ 8.5, 0.5, 9, 1 ], "texture": "#moving" }
    }
},
{
    "from": [ 7.75, 10.5, 6 ],
    "to": [ 8.25, 11.5, 7 ],
    "faces": {
        "down":  { "uv": [ 6, 5, 7, 5.5 ], "rotation": 270, "texture": "#moving" },
        "up":    { "uv": [ 6, 4.5, 7, 5 ], "rotation": 90, "texture": "#moving" },
        "north": { "uv": [ 6, 4.5, 6.5, 5.5 ], "texture": "#moving" },
        "south": { "uv": [ 6.5, 4.5, 7, 5.5 ], "texture": "#moving" },
        "west":  { "uv": [ 6, 4.5, 7, 5.5 ], "texture": "#moving" },
        "east":  { "uv": [ 7, 4.5, 6, 5.5 ], "texture": "#moving" }
    }
},
{
    "from": [ 7.75, 10, 5.5 ],
    "to": [ 8.25, 10.5, 6.5 ],
    "faces": {
        "down":  { "uv": [ 5.5, 5.5, 6.5, 6 ], "rotation": 270, "texture": "#moving" },
        "up":    { "uv": [ 5.5, 5.5, 6.5, 6 ], "rotation": 90, "texture": "#moving" },
        "north": { "uv": [ 5.5, 5.5, 6, 6 ], "texture": "#moving" },
        "south": { "uv": [ 6, 5.5, 6.5, 6 ], "texture": "#moving" },
        "west":  { "uv": [ 5.5, 5.5, 6.5, 6 ], "texture": "#moving" },
        "east":  { "uv": [ 6.5, 5.5, 5.5, 6 ], "texture": "#moving" }
    }
},
{
    "from": [ 7.75, 12, 5.5 ],
    "to": [ 8.25, 12.5, 6 ],
    "faces": {
        "down":  { "uv": [ 5.5, 3.5, 6, 4 ], "texture": "#moving" },
        "up":    { "uv": [ 5.5, 3.5, 6, 4 ], "texture": "#moving" },
        "north": { "uv": [ 5.5, 3.5, 6, 4 ], "texture": "#moving" },
        "south": { "uv": [ 5.5, 3.5, 6, 4 ], "texture": "#moving" },
        "west":  { "uv": [ 5.5, 3.5, 6, 4 ], "texture": "#moving" },
        "east":  { "uv": [ 5.5, 3.5, 6, 4 ], "texture": "#moving" }
    }
},
{
    "from": [ 7.75, 11, 4 ],
    "to": [ 8.25, 11.5, 5.5 ],
    "faces": {
        "down":  { "uv": [ 4, 4.5, 5.5, 5 ], "rotation": 270, "texture": "#moving" },
        "up":    { "uv": [ 4, 4.5, 5.5, 5 ], "rotation": 90, "texture": "#moving" },
        "north": { "uv": [ 4, 4.5, 4.5, 5 ], "texture": "#moving" },
        "south": { "uv": [ 5, 4.5, 5.5, 5 ], "texture": "#moving" },
        "west":  { "uv": [ 4, 4.5, 5.5, 5 ], "texture": "#moving" },
        "east":  { "uv": [ 5.5, 4.5, 4, 5 ], "texture": "#moving" }
    }
},
{
    "from": [ 7.75, 10.5, 3.5 ],
    "to": [ 8.25, 11, 5 ],
    "faces": {
        "down":  { "uv": [ 3.5, 5, 5, 5.5 ], "rotation": 270, "texture": "#moving" },
        "up":    { "uv": [ 3.5, 5, 5, 5.5 ], "rotation": 90, "texture": "#moving" },
        "north": { "uv": [ 3.5, 5, 4, 5.5 ], "texture": "#moving" },
        "south": { "uv": [ 4.5, 5, 5, 5.5 ], "texture": "#moving" },
        "west":  { "uv": [ 3.5, 5, 5, 5.5 ], "texture": "#moving" },
        "east":  { "uv": [ 5, 5, 3.5, 5.5 ], "texture": "#moving" }
    }
},
{
    "from": [ 7.75, 10, 4 ],
    "to": [ 8.25, 10.5, 4.5 ],
    "faces": {
        "down":  { "uv": [ 4, 5.5, 4.5, 6 ], "texture": "#moving" },
        "north": { "uv": [ 4, 5.5, 4.5, 6 ], "texture": "#moving" },
        "south": { "uv": [ 4, 5.5, 4.5, 6 ], "texture": "#moving" },
        "west":  { "uv": [ 4, 5.5, 4.5, 6 ], "texture": "#moving" },
        "east":  { "uv": [ 4, 5.5, 4.5, 6 ], "texture": "#moving" }
    }
},
{
    "from": [ 7.75, 9, 3.5 ],
    "to": [ 8.25, 9.5, 4.5 ],
    "faces": {
        "up":    { "uv": [ 3.5, 6.5, 4.5, 7 ], "rotation": 90, "texture": "#moving" },
        "north": { "uv": [ 3.5, 6.5, 4, 7 ], "texture": "#moving" },
        "south": { "uv": [ 4, 6.5, 4.5, 7 ], "texture": "#moving" },
        "west":  { "uv": [ 3.5, 6.5, 4.5, 7 ], "texture": "#moving" },
        "east":  { "uv": [ 4.5, 6.5, 3.5, 7 ], "texture": "#moving" }
    }
},
{
    "from": [ 7.75, 8.5, 3 ],
    "to": [ 8.25, 9, 5 ],
    "faces": {
        "down":  { "uv": [ 3, 7, 5, 7.5 ], "rotation": 270, "texture": "#moving" },
        "up":    { "uv": [ 3, 7, 5, 7.5 ], "rotation": 90, "texture": "#moving" },
        "north": { "uv": [ 3, 7, 3.5, 7.5 ], "texture": "#moving" },
        "south": { "uv": [ 4.5, 7, 5, 7.5 ], "texture": "#moving" },
        "west":  { "uv": [ 3, 7, 5, 7.5 ], "texture": "#moving" },
        "east":  { "uv": [ 5, 7, 3, 7.5 ], "texture": "#moving" }
    }
},
{
    "from": [ 7.75, 8, 3.5 ],
    "to": [ 8.25, 8.5, 4.5 ],
    "faces": {
        "down":  { "uv": [ 3.5, 7.5, 4.5, 8 ], "rotation": 270, "texture": "#moving" },
        "north": { "uv": [ 3.5, 7.5, 4, 8 ], "texture": "#moving" },
        "south": { "uv": [ 4, 7.5, 4.5, 8 ], "texture": "#moving" },
        "west":  { "uv": [ 3.5, 7.5, 4.5, 8 ], "texture": "#moving" },
        "east":  { "uv": [ 4.5, 7.5, 3.5, 8 ], "texture": "#moving" }
    }
},
{
    "from": [ 7.75, 8, 5.5 ],
    "to": [ 8.25, 8.5, 6.5 ],
    "faces": {
        "up":    { "uv": [ 5.5, 7.5, 6.5, 8 ], "rotation": 90, "texture": "#moving" },
        "north": { "uv": [ 5.5, 7.5, 6, 8 ], "texture": "#moving" },
        "south": { "uv": [ 6, 7.5, 6.5, 8 ], "texture": "#moving" },
        "west":  { "uv": [ 5.5, 7.5, 6.5, 8 ], "texture": "#moving" },
        "east":  { "uv": [ 6.5, 7.5, 5.5, 8 ], "texture": "#moving" }
    }
},
{
    "from": [ 7.75, 7.5, 5.5 ],
    "to": [ 8.25, 8, 7 ],
    "faces": {
        "down":  { "uv": [ 5.5, 8, 7, 8.5 ], "rotation": 270, "texture": "#moving" },
        "up":    { "uv": [ 5.5, 8, 7, 8.5 ], "rotation": 90, "texture": "#moving" },
        "north": { "uv": [ 5.5, 8, 6, 8.5 ], "texture": "#moving" },
        "south": { "uv": [ 6.5, 8, 7, 8.5 ], "texture": "#moving" },
        "west":  { "uv": [ 5.5, 8, 7, 8.5 ], "texture": "#moving" },
        "east":  { "uv": [ 5.5, 8, 7, 8.5 ], "texture": "#moving" }
    }
},
{
    "from": [ 7.75, 6.5, 4.5 ],
    "to": [ 8.25, 7, 6.5 ],
    "faces": {
        "down":  { "uv": [ 4.5, 9, 6.5, 9.5 ], "rotation": 270, "texture": "#moving" },
        "up":    { "uv": [ 4.5, 9, 6.5, 9.5 ], "rotation": 90, "texture": "#moving" },
        "north": { "uv": [ 4.5, 9, 5, 9.5 ], "texture": "#moving" },
        "south": { "uv": [ 6, 9, 6.5, 9.5 ], "texture": "#moving" },
        "west":  { "uv": [ 4.5, 9, 6.5, 9.5 ], "texture": "#moving" },
        "east":  { "uv": [ 6.5, 9, 4.5, 9.5 ], "texture": "#moving" }
    }
},
{
    "from": [ 7.75, 6, 5 ],
    "to": [ 8.25, 6.5, 6 ],
    "faces": {
        "down":  { "uv": [ 5, 9.5, 6, 10 ], "rotation": 270, "texture": "#moving" },
        "north": { "uv": [ 5, 9.5, 5.5, 10 ], "texture": "#moving" },
        "south": { "uv": [ 5.5, 9.5, 6, 10 ], "texture": "#moving" },
        "west":  { "uv": [ 5, 9.5, 6, 10 ], "texture": "#moving" },
        "east":  { "uv": [ 6, 9.5, 5, 10 ], "texture": "#moving" }
    }
},
{
    "from": [ 7.75, 5, 6 ],
    "to": [ 8.25, 5.5, 6.5 ],
    "faces": {
        "up":    { "uv": [ 6, 10.5, 6.5, 11 ], "texture": "#moving" },
        "north": { "uv": [ 6, 10.5, 6.5, 11 ], "texture": "#moving" },
        "south": { "uv": [ 6, 10.5, 6.5, 11 ], "texture": "#moving" },
        "west":  { "uv": [ 6, 10.5, 6.5, 11 ], "texture": "#moving" },
        "east":  { "uv": [ 6, 10.5, 6.5, 11 ], "texture": "#moving" }
    }
},
{
    "from": [ 7.75, 4.5, 5.5 ],
    "to": [ 8.25, 5, 7 ],
    "faces": {
        "down":  { "uv": [ 5.5, 11, 7, 11.5 ], "rotation": 270, "texture": "#moving" },
        "up":    { "uv": [ 5.5, 11, 7, 11.5 ], "rotation": 90, "texture": "#moving" },
        "north": { "uv": [ 5.5, 11, 6, 11.5 ], "texture": "#moving" },
        "south": { "uv": [ 6.5, 11, 7, 11.5 ], "texture": "#moving" },
        "west":  { "uv": [ 5.5, 11, 7, 11.5 ], "texture": "#moving" },
        "east":  { "uv": [ 7, 11, 5.5, 11.5 ], "texture": "#moving" }
    }
},
{
    "from": [ 7.75, 4, 6 ],
    "to": [ 8.25, 4.5, 7 ],
    "faces": {
        "down":  { "uv": [ 6, 11.5, 7, 12 ], "rotation": 270, "texture": "#moving" },
        "north": { "uv": [ 6, 11.5, 6.5, 12 ], "texture": "#moving" },
        "south": { "uv": [ 6.5, 11.5, 7, 12 ], "texture": "#moving" },
        "west":  { "uv": [ 6, 11.5, 7, 12 ], "texture": "#moving" },
        "east":  { "uv": [ 7, 11.5, 6, 12 ], "texture": "#moving" }
    }
},
{
    "from": [ 7.75, 3.5, 6 ],
    "to": [ 8.25, 4, 6.5 ],
    "faces": {
        "down":  { "uv": [ 6, 12, 6.5, 12.5 ], "texture": "#moving" },
        "north": { "uv": [ 6, 12, 6.5, 12.5 ], "texture": "#moving" },
        "south": { "uv": [ 6, 12, 6.5, 12.5 ], "texture": "#moving" },
        "west":  { "uv": [ 6, 12, 6.5, 12.5 ], "texture": "#moving" },
        "east":  { "uv": [ 6, 12, 6.5, 12.5 ], "texture": "#moving" }
    }
},
{
    "from": [ 7.75, -11.5, 7 ],
    "to": [ 8.25, -10.5, 8 ],
    "faces": {
        "down":  { "uv": [ 0.5, 15, 1.5, 15.5 ], "rotation": 270, "texture": "#moving" },
        "up":    { "uv": [ 0.5, 14.5, 1.5, 15 ], "rotation": 90, "texture": "#moving" },
        "north": { "uv": [ 0.5, 14.5, 1, 15.5 ], "texture": "#moving" },
        "south": { "uv": [ 1, 14.5, 1.5, 15.5 ], "texture": "#moving" },
        "west":  { "uv": [ 0.5, 14.5, 1.5, 15.5 ], "texture": "#moving" },
        "east":  { "uv": [ 1.5, 14.5, 0.5, 15.5 ], "texture": "#moving" }
    }
},
{
    "from": [ 7.75, -12, 6.5 ],
    "to": [ 8.25, -11, 7.5 ],
    "faces": {
        "down":  { "uv": [ 0, 15.5, 1, 16 ], "rotation": 270, "texture": "#moving" },
        "up":    { "uv": [ 0, 15, 1, 15.5 ], "rotation": 90, "texture": "#moving" },
        "north": { "uv": [ 0, 15, 0.5, 16 ], "texture": "#moving" },
        "south": { "uv": [ 0.5, 15, 1, 16 ], "texture": "#moving" },
        "west":  { "uv": [ 0, 15, 1, 16 ], "texture": "#moving" },
        "east":  { "uv": [ 1, 15, 0, 16 ], "texture": "#moving" }
    }
},
{
    "from": [ 7.5, 6, 10 ],
    "to": [ 8.5, 10, 13.5 ],
    "faces": {
        "down":  { "uv": [ 10, 9.5, 13.5, 10 ], "rotation": 270, "texture": "#texture" },
        "up":    { "uv": [ 10, 6, 13.5, 6.5 ], "rotation": 90, "texture": "#texture" },
        "south": { "uv": [ 13, 6, 13.5, 10 ], "texture": "#texture" },
        "west":  { "uv": [ 10, 6, 13.5, 10 ], "texture": "#texture" },
        "east":  { "uv": [ 13.5, 6, 10, 10 ], "texture": "#texture" }
    }
},
{
    "from": [ 7.5, 11.5, 11.5 ],
    "to": [ 8.5, 12, 14 ],
    "faces": {
        "down":  { "uv": [ 11.5, 4, 14, 4.5 ], "rotation": 270, "texture": "#texture" },
        "up":    { "uv": [ 11.5, 4, 14, 4.5 ], "rotation": 90, "texture": "#texture" },
        "north": { "uv": [ 11.5, 4, 12, 4.5 ], "texture": "#texture" },
        "south": { "uv": [ 13.5, 4, 14, 4.5 ], "texture": "#texture" },
        "west":  { "uv": [ 11.5, 4, 14, 4.5 ], "texture": "#texture" },
        "east":  { "uv": [ 14, 4, 11.5, 4.5 ], "texture": "#texture" }
    }
},
{
    "from": [ 7.5, 12, 12.5 ],
    "to": [ 8.5, 12.5, 14.5 ],
    "faces": {
        "down":  { "uv": [ 12.5, 3.5, 14.5, 4 ], "rotation": 270, "texture": "#texture" },
        "up":    { "uv": [ 12.5, 3.5, 14.5, 4 ], "rotation": 90, "texture": "#texture" },
        "north": { "uv": [ 12.5, 3.5, 13, 4 ], "texture": "#texture" },
        "south": { "uv": [ 14, 3.5, 14.5, 4 ], "texture": "#texture" },
        "west":  { "uv": [ 12.5, 3.5, 14.5, 4 ], "texture": "#texture" },
        "east":  { "uv": [ 14.5, 3.5, 12.5, 4 ], "texture": "#texture" }
    }
},
{
    "from": [ 7.5, 12.5, 13.5 ],
    "to": [ 8.5, 13, 14.5 ],
    "faces": {
        "up":    { "uv": [ 13.5, 3, 14.5, 3.5 ], "rotation": 90, "texture": "#texture" },
        "north": { "uv": [ 13.5, 3, 14, 3.5 ], "texture": "#texture" },
        "south": { "uv": [ 14, 3, 14.5, 3.5 ], "texture": "#texture" },
        "west":  { "uv": [ 13.5, 3, 14.5, 3.5 ], "texture": "#texture" },
        "east":  { "uv": [ 14.5, 3, 13.5, 3.5 ], "texture": "#texture" }
    }
},
{
    "from": [ 7.5, 13, 14 ],
    "to": [ 8.5, 13.5, 15 ],
    "faces": {
        "down":  { "uv": [ 14, 2.5, 15, 3 ], "rotation": 270, "texture": "#texture" },
        "up":    { "uv": [ 14, 2.5, 15, 3 ], "rotation": 90, "texture": "#texture" },
        "north": { "uv": [ 14, 2.5, 14.5, 3 ], "texture": "#texture" },
        "south": { "uv": [ 14.5, 2.5, 15, 3 ], "texture": "#texture" },
        "west":  { "uv": [ 14, 2.5, 15, 3 ], "texture": "#texture" },
        "east":  { "uv": [ 15, 2.5, 14, 3 ], "texture": "#texture" }
    }
},
{
    "from": [ 7.5, 13.5, 14.5 ],
    "to": [ 8.5, 14, 15 ],
    "faces": {
        "up":    { "uv": [ 14.5, 2, 15, 2.5 ], "texture": "#texture" },
        "north": { "uv": [ 14.5, 2, 15, 2.5 ], "texture": "#texture" },
        "south": { "uv": [ 14.5, 2, 15, 2.5 ], "texture": "#texture" },
        "west":  { "uv": [ 14.5, 2, 15, 2.5 ], "texture": "#texture" },
        "east":  { "uv": [ 14.5, 2, 15, 2.5 ], "texture": "#texture" }
    }
},
{
    "from": [ 7.5, 11, 11 ],
    "to": [ 8.5, 11.5, 13.5 ],
    "faces": {
        "down":  { "uv": [ 11, 4.5, 13.5, 5 ], "rotation": 270, "texture": "#texture" },
        "up":    { "uv": [ 11, 4.5, 13.5, 5 ], "rotation": 90, "texture": "#texture" },
        "north": { "uv": [ 11, 4.5, 11.5, 5 ], "texture": "#texture" },
        "south": { "uv": [ 13, 4.5, 13.5, 5 ], "texture": "#texture" },
        "west":  { "uv": [ 11, 4.5, 13.5, 5 ], "texture": "#texture" },
        "east":  { "uv": [ 13.5, 4.5, 11, 5 ], "texture": "#texture" }
    }
},
{
    "from": [ 7.5, 10, 10 ],
    "to": [ 8.5, 11, 13 ],
    "faces": {
        "up":    { "uv": [ 10, 5, 13, 5.5 ], "rotation": 90, "texture": "#texture" },
        "north": { "uv": [ 10, 5, 10.5, 6 ], "texture": "#texture" },
        "south": { "uv": [ 12.5, 5, 13, 6 ], "texture": "#texture" },
        "west":  { "uv": [ 10, 5, 13, 6 ], "texture": "#texture" },
        "east":  { "uv": [ 13, 5, 10, 6 ], "texture": "#texture" }
    }
},
{
    "from": [ 7.5, 5.5, 11 ],
    "to": [ 8.5, 6, 14 ],
    "faces": {
        "down":  { "uv": [ 11, 10, 14, 10.5 ], "rotation": 270, "texture": "#texture" },
        "up":    { "uv": [ 11, 10, 14, 10.5 ], "rotation": 90, "texture": "#texture" },
        "north": { "uv": [ 11, 10, 11.5, 10.5 ], "texture": "#texture" },
        "south": { "uv": [ 13.5, 10, 14, 10.5 ], "texture": "#texture" },
        "west":  { "uv": [ 11, 10, 14, 10.5 ], "texture": "#texture" },
        "east":  { "uv": [ 14, 10, 11, 10.5 ], "texture": "#texture" }
    }
},
{
    "from": [ 7.5, 8, 13.5 ],
    "to": [ 8.5, 9.5, 15 ],
    "faces": {
        "down":  { "uv": [ 13.5, 7.5, 15, 8 ], "rotation": 270, "texture": "#texture" },
        "up":    { "uv": [ 13.5, 6.5, 15, 7 ], "rotation": 90, "texture": "#texture" },
        "south": { "uv": [ 14.5, 6.5, 15, 8 ], "texture": "#texture" },
        "west":  { "uv": [ 13.5, 6.5, 15, 8 ], "texture": "#texture" },
        "east":  { "uv": [ 15, 6.5, 13.5, 8 ], "texture": "#texture" }
    }
},
{
    "from": [ 7.5, 5, 11.5 ],
    "to": [ 8.5, 5.5, 14.5 ],
    "faces": {
        "down":  { "uv": [ 11.5, 10.5, 14.5, 11 ], "rotation": 270, "texture": "#texture" },
        "up":    { "uv": [ 11.5, 10.5, 14.5, 11 ], "rotation": 90, "texture": "#texture" },
        "north": { "uv": [ 11.5, 10.5, 12, 11 ], "texture": "#texture" },
        "south": { "uv": [ 14, 10.5, 14.5, 11 ], "texture": "#texture" },
        "west":  { "uv": [ 11.5, 10.5, 14.5, 11 ], "texture": "#texture" },
        "east":  { "uv": [ 14.5, 10.5, 11.5, 11 ], "texture": "#texture" }
    }
},
{
    "from": [ 7.5, 3, 12 ],
    "to": [ 8.5, 5, 13 ],
    "faces": {
        "down":  { "uv": [ 12, 12.5, 13, 13 ], "rotation": 270, "texture": "#texture" },
        "north": { "uv": [ 12, 11, 12.5, 13 ], "texture": "#texture" },
        "south": { "uv": [ 12.5, 11, 13, 13 ], "texture": "#texture" },
        "west":  { "uv": [ 12, 11, 13, 13 ], "texture": "#texture" },
        "east":  { "uv": [ 13, 11, 12, 13 ], "texture": "#texture" }
    }
},
{
    "from": [ 7.5, 1.5, 12.5 ],
    "to": [ 8.5, 3, 13 ],
    "faces": {
        "down":  { "uv": [ 12.5, 14, 13, 14.5 ], "texture": "#texture" },
        "north": { "uv": [ 12.5, 13, 13, 14.5 ], "texture": "#texture" },
        "south": { "uv": [ 12.5, 13, 13, 14.5 ], "texture": "#texture" },
        "west":  { "uv": [ 12.5, 13, 13, 14.5 ], "texture": "#texture" },
        "east":  { "uv": [ 12.5, 13, 13, 14.5 ], "texture": "#texture" }
    }
},
{
    "from": [ 7.5, 2.5, 13 ],
    "to": [ 8.5, 3.5, 13.5 ],
    "faces": {
        "down":  { "uv": [ 13, 13, 13.5, 13.5 ], "texture": "#texture" },
        "up":    { "uv": [ 13, 12.5, 13.5, 13 ], "texture": "#texture" },
        "north": { "uv": [ 13, 12.5, 13.5, 13.5 ], "texture": "#texture" },
        "south": { "uv": [ 13, 12.5, 13.5, 13.5 ], "texture": "#texture" },
        "west":  { "uv": [ 13, 12.5, 13.5, 13.5 ], "texture": "#texture" },
        "east":  { "uv": [ 13, 12.5, 13.5, 13.5 ], "texture": "#texture" }
    }
},
{
    "from": [ 7.5, 4.5, 14 ],
    "to": [ 8.5, 5, 14.5 ],
    "faces": {
        "down":  { "uv": [ 14, 11, 14.5, 11.5 ], "texture": "#texture" },
        "north": { "uv": [ 14, 11, 14.5, 11.5 ], "texture": "#texture" },
        "south": { "uv": [ 14, 11, 14.5, 11.5 ], "texture": "#texture" },
        "west":  { "uv": [ 14, 11, 14.5, 11.5 ], "texture": "#texture" },
        "east":  { "uv": [ 14, 11, 14.5, 11.5 ], "texture": "#texture" }
    }
},
{
    "from": [ 7.5, 4, 14.5 ],
    "to": [ 8.5, 4.5, 15 ],
    "faces": {
        "down":  { "uv": [ 14.5, 11.5, 15, 12 ], "texture": "#texture" },
        "up":    { "uv": [ 14.5, 11.5, 15, 12 ], "texture": "#texture" },
        "north": { "uv": [ 14.5, 11.5, 15, 12 ], "texture": "#texture" },
        "south": { "uv": [ 14.5, 11.5, 15, 12 ], "texture": "#texture" },
        "west":  { "uv": [ 14.5, 11.5, 15, 12 ], "texture": "#texture" },
        "east":  { "uv": [ 14.5, 11.5, 15, 12 ], "texture": "#texture" }
    }
},
{
    "from": [ 7.5, 8, 15 ],
    "to": [ 8.5, 8.5, 15.5 ],
    "faces": {
        "down":  { "uv": [ 15, 7.5, 15.5, 8 ], "texture": "#texture" },
        "up":    { "uv": [ 15, 7.5, 15.5, 8 ], "texture": "#texture" },
        "south": { "uv": [ 15, 7.5, 15.5, 8 ], "texture": "#texture" },
        "west":  { "uv": [ 15, 7.5, 15.5, 8 ], "texture": "#texture" },
        "east":  { "uv": [ 15, 7.5, 15.5, 8 ], "texture": "#texture" }
    }
},
{
    "from": [ 7.5, 7.5, 13.5 ],
    "to": [ 8.5, 8, 14 ],
    "faces": {
        "down":  { "uv": [ 13.5, 8, 14, 8.5 ], "texture": "#texture" },
        "south": { "uv": [ 13.5, 8, 14, 8.5 ], "texture": "#texture" },
        "west":  { "uv": [ 13.5, 8, 14, 8.5 ], "texture": "#texture" },
        "east":  { "uv": [ 13.5, 8, 14, 8.5 ], "texture": "#texture" }
    }
},
{
    "from": [ 7.5, 6, 7.5 ],
    "to": [ 8.5, 6.5, 8.5 ],
    "faces": {
        "down":  { "uv": [ 7.5, 9.5, 8.5, 10 ], "rotation": 270, "texture": "#texture" },
        "up":    { "uv": [ 7.5, 9.5, 8.5, 10 ], "rotation": 90, "texture": "#texture" },
        "north": { "uv": [ 7.5, 9.5, 8, 10 ], "texture": "#texture" },
        "west":  { "uv": [ 7.5, 9.5, 8.5, 10 ], "texture": "#texture" },
        "east":  { "uv": [ 8.5, 9.5, 7.5, 10 ], "texture": "#texture" }
    }
},
{
    "from": [ 7.5, 9, 6.5 ],
    "to": [ 8.5, 9.5, 8.5 ],
    "faces": {
        "down":  { "uv": [ 6.5, 6.5, 8.5, 7 ], "rotation": 270, "texture": "#texture" },
        "up":    { "uv": [ 6.5, 6.5, 8.5, 7 ], "rotation": 90, "texture": "#texture" },
        "north": { "uv": [ 6.5, 6.5, 7, 7 ], "texture": "#texture" },
        "west":  { "uv": [ 6.5, 6.5, 8.5, 7 ], "texture": "#texture" },
        "east":  { "uv": [ 8.5, 6.5, 6.5, 7 ], "texture": "#texture" }
    }
},
{
    "from": [ 7.5, 9.5, 7.5 ],
    "to": [ 8.5, 10, 8.5 ],
    "faces": {
        "up":    { "uv": [ 7.5, 6, 8.5, 6.5 ], "rotation": 90, "texture": "#texture" },
        "north": { "uv": [ 7.5, 6, 8, 6.5 ], "texture": "#texture" },
        "west":  { "uv": [ 7.5, 6, 8.5, 6.5 ], "texture": "#texture" },
        "east":  { "uv": [ 8.5, 6, 7.5, 6.5 ], "texture": "#texture" }
    }
},
{
    "from": [ 7.5, 8.5, 7 ],
    "to": [ 8.5, 9, 8.5 ],
    "faces": {
        "down":  { "uv": [ 7, 7, 8.5, 7.5 ], "rotation": 270, "texture": "#texture" },
        "north": { "uv": [ 7, 7, 7.5, 7.5 ], "texture": "#texture" },
        "west":  { "uv": [ 7, 7, 8.5, 7.5 ], "texture": "#texture" },
        "east":  { "uv": [ 8.5, 7, 7, 7.5 ], "texture": "#texture" }
    }
},
{
    "from": [ 7.5, 8, 8 ],
    "to": [ 8.5, 8.5, 8.5 ],
    "faces": {
        "down":  { "uv": [ 8, 7.5, 8.5, 8 ], "texture": "#texture" },
        "north": { "uv": [ 8, 7.5, 8.5, 8 ], "texture": "#texture" },
        "west":  { "uv": [ 8, 7.5, 8.5, 8 ], "texture": "#texture" },
        "east":  { "uv": [ 8, 7.5, 8.5, 8 ], "texture": "#texture" }
    }
},
{
    "from": [ 6.5, 11, 8.5 ],
    "to": [ 9.5, 12.5, 10 ],
    "faces": {
        "down":  { "uv": [ 8.5, 4.5, 10, 5 ], "rotation": 270, "texture": "#texture" },
        "up":    { "uv": [ 8.5, 3.5, 10, 4 ], "rotation": 90, "texture": "#texture" },
        "north": { "uv": [ 8.5, 3.5, 9, 5 ], "texture": "#texture" },
        "south": { "uv": [ 9.5, 3.5, 10, 5 ], "texture": "#texture" },
        "west":  { "uv": [ 8.5, 3.5, 10, 5 ], "texture": "#texture" },
        "east":  { "uv": [ 10, 3.5, 8.5, 5 ], "texture": "#texture" }
    }
},
{
    "from": [ 7.25, 9, 10 ],
    "to": [ 8.75, 10, 12 ],
    "faces": {
        "down":  { "uv": [ 10, 6.5, 12, 7 ], "rotation": 270, "texture": "#texture" },
        "up":    { "uv": [ 10, 6, 12, 6.5 ], "rotation": 90, "texture": "#texture" },
        "south": { "uv": [ 11.5, 6, 12, 7 ], "texture": "#texture" },
        "west":  { "uv": [ 10, 6, 12, 7 ], "texture": "#texture" },
        "east":  { "uv": [ 12, 6, 10, 7 ], "texture": "#texture" }
    }
},
{
    "from": [ 7.25, 9.5, 12 ],
    "to": [ 8.75, 10, 13 ],
    "faces": {
        "down":  { "uv": [ 12, 6, 13, 6.5 ], "rotation": 270, "texture": "#texture" },
        "up":    { "uv": [ 12, 6, 13, 6.5 ], "rotation": 90, "texture": "#texture" },
        "south": { "uv": [ 12.5, 6, 13, 6.5 ], "texture": "#texture" },
        "west":  { "uv": [ 12, 6, 13, 6.5 ], "texture": "#texture" },
        "east":  { "uv": [ 13, 6, 12, 6.5 ], "texture": "#texture" }
    }
},
{
    "from": [ 7.25, 10, 11 ],
    "to": [ 8.75, 10.5, 12.5 ],
    "faces": {
        "down":  { "uv": [ 11, 5.5, 12.5, 6 ], "rotation": 270, "texture": "#texture" },
        "up":    { "uv": [ 11, 5.5, 12.5, 6 ], "rotation": 90, "texture": "#texture" },
        "north": { "uv": [ 11, 5.5, 11.5, 6 ], "texture": "#texture" },
        "south": { "uv": [ 12, 5.5, 12.5, 6 ], "texture": "#texture" },
        "west":  { "uv": [ 11, 5.5, 12.5, 6 ], "texture": "#texture" },
        "east":  { "uv": [ 12.5, 5.5, 11, 6 ], "texture": "#texture" }
    }
},
{
    "from": [ 7.25, 7.5, 11.5 ],
    "to": [ 8.75, 8, 13.5 ],
    "faces": {
        "down":  { "uv": [ 11.5, 8, 13.5, 8.5 ], "rotation": 270, "texture": "#texture" },
        "up":    { "uv": [ 11.5, 8, 13.5, 8.5 ], "rotation": 90, "texture": "#texture" },
        "north": { "uv": [ 11.5, 8, 12, 8.5 ], "texture": "#texture" },
        "south": { "uv": [ 13, 8, 13.5, 8.5 ], "texture": "#texture" },
        "west":  { "uv": [ 11.5, 8, 13.5, 8.5 ], "texture": "#texture" },
        "east":  { "uv": [ 13.5, 8, 11.5, 8.5 ], "texture": "#texture" }
    }
},
{
    "from": [ 7.25, 8, 10 ],
    "to": [ 8.75, 8.5, 12.5 ],
    "faces": {
        "down":  { "uv": [ 10, 7.5, 12.5, 8 ], "rotation": 270, "texture": "#texture" },
        "up":    { "uv": [ 10, 7.5, 12.5, 8 ], "rotation": 90, "texture": "#texture" },
        "south": { "uv": [ 12, 7.5, 12.5, 8 ], "texture": "#texture" },
        "west":  { "uv": [ 10, 7.5, 12.5, 8 ], "texture": "#texture" },
        "east":  { "uv": [ 12.5, 7.5, 10, 8 ], "texture": "#texture" }
    }
},
{
    "from": [ 7.25, 6.5, 10 ],
    "to": [ 8.75, 7, 11.5 ],
    "faces": {
        "down":  { "uv": [ 10, 9, 11.5, 9.5 ], "rotation": 270, "texture": "#texture" },
        "up":    { "uv": [ 10, 9, 11.5, 9.5 ], "rotation": 90, "texture": "#texture" },
        "south": { "uv": [ 11, 9, 11.5, 9.5 ], "texture": "#texture" },
        "west":  { "uv": [ 10, 9, 11.5, 9.5 ], "texture": "#texture" },
        "east":  { "uv": [ 11.5, 9, 10, 9.5 ], "texture": "#texture" }
    }
},
{
    "from": [ 7.25, 6, 11 ],
    "to": [ 8.75, 6.5, 12 ],
    "faces": {
        "down":  { "uv": [ 11, 9.5, 12, 10 ], "rotation": 270, "texture": "#texture" },
        "up":    { "uv": [ 11, 9.5, 12, 10 ], "rotation": 90, "texture": "#texture" },
        "north": { "uv": [ 11, 9.5, 11.5, 10 ], "texture": "#texture" },
        "south": { "uv": [ 11.5, 9.5, 12, 10 ], "texture": "#texture" },
        "west":  { "uv": [ 11, 9.5, 12, 10 ], "texture": "#texture" },
        "east":  { "uv": [ 12, 9.5, 11, 10 ], "texture": "#texture" }
    }
},
{
    "from": [ 7.25, 5.5, 11.5 ],
    "to": [ 8.75, 6, 12 ],
    "faces": {
        "down":  { "uv": [ 11.5, 10, 12, 10.5 ], "texture": "#texture" },
        "north": { "uv": [ 11.5, 10, 12, 10.5 ], "texture": "#texture" },
        "south": { "uv": [ 11.5, 10, 12, 10.5 ], "texture": "#texture" },
        "west":  { "uv": [ 11.5, 10, 12, 10.5 ], "texture": "#texture" },
        "east":  { "uv": [ 11.5, 10, 12, 10.5 ], "texture": "#texture" }
    }
},
{
    "from": [ 7.25, 5, 12 ],
    "to": [ 8.75, 5.5, 12.5 ],
    "faces": {
        "down":  { "uv": [ 12, 10.5, 12.5, 11 ], "texture": "#texture" },
        "up":    { "uv": [ 12, 10.5, 12.5, 11 ], "texture": "#texture" },
        "north": { "uv": [ 12, 10.5, 12.5, 11 ], "texture": "#texture" },
        "south": { "uv": [ 12, 10.5, 12.5, 11 ], "texture": "#texture" },
        "west":  { "uv": [ 12, 10.5, 12.5, 11 ], "texture": "#texture" },
        "east":  { "uv": [ 12, 10.5, 12.5, 11 ], "texture": "#texture" }
    }
},
{
    "from": [ 7.25, 5.5, 13 ],
    "to": [ 8.75, 6, 13.5 ],
    "faces": {
        "down":  { "uv": [ 13, 10, 13.5, 10.5 ], "texture": "#texture" },
        "up":    { "uv": [ 13, 10, 13.5, 10.5 ], "texture": "#texture" },
        "north": { "uv": [ 13, 10, 13.5, 10.5 ], "texture": "#texture" },
        "south": { "uv": [ 13, 10, 13.5, 10.5 ], "texture": "#texture" },
        "west":  { "uv": [ 13, 10, 13.5, 10.5 ], "texture": "#texture" },
        "east":  { "uv": [ 13, 10, 13.5, 10.5 ], "texture": "#texture" }
    }
},
{
    "from": [ 7.25, 8, 13.5 ],
    "to": [ 8.75, 8.5, 14 ],
    "faces": {
        "down":  { "uv": [ 13.5, 7.5, 14, 8 ], "texture": "#texture" },
        "up":    { "uv": [ 13.5, 7.5, 14, 8 ], "texture": "#texture" },
        "north": { "uv": [ 13.5, 7.5, 14, 8 ], "texture": "#texture" },
        "south": { "uv": [ 13.5, 7.5, 14, 8 ], "texture": "#texture" },
        "west":  { "uv": [ 13.5, 7.5, 14, 8 ], "texture": "#texture" },
        "east":  { "uv": [ 13.5, 7.5, 14, 8 ], "texture": "#texture" }
    }
},
{
    "from": [ 7.25, 9, 7.5 ],
    "to": [ 8.75, 9.5, 8.5 ],
    "faces": {
        "down":  { "uv": [ 7.5, 6.5, 8.5, 7 ], "rotation": 270, "texture": "#texture" },
        "up":    { "uv": [ 7.5, 6.5, 8.5, 7 ], "rotation": 90, "texture": "#texture" },
        "north": { "uv": [ 7.5, 6.5, 8, 7 ], "texture": "#texture" },
        "west":  { "uv": [ 7.5, 6.5, 8.5, 7 ], "texture": "#texture" },
        "east":  { "uv": [ 8.5, 6.5, 7.5, 7 ], "texture": "#texture" }
    }
},
{
    "from": [ 7.25, 8.5, 8 ],
    "to": [ 8.75, 9, 8.5 ],
    "faces": {
        "down":  { "uv": [ 8, 7, 8.5, 7.5 ], "texture": "#texture" },
        "north": { "uv": [ 8, 7, 8.5, 7.5 ], "texture": "#texture" },
        "west":  { "uv": [ 8, 7, 8.5, 7.5 ], "texture": "#texture" },
        "east":  { "uv": [ 8, 7, 8.5, 7.5 ], "texture": "#texture" }
    }
},
{
    "from": [ 7.25, 7, 10 ],
    "to": [ 8.75, 7.5, 11 ],
    "faces": {
        "up":    { "uv": [ 10, 8.5, 11, 9 ], "rotation": 90, "texture": "#texture" },
        "south": { "uv": [ 10.5, 8.5, 11, 9 ], "texture": "#texture" },
        "west":  { "uv": [ 10, 8.5, 11, 9 ], "texture": "#texture" },
        "east":  { "uv": [ 11, 8.5, 10, 9 ], "texture": "#texture" }
    }
},
{
    "from": [ 6.75, 10.5, 8.5 ],
    "to": [ 9.25, 13, 10 ],
    "faces": {
        "down":  { "uv": [ 8, 3.5, 10.5, 5 ], "texture": "#texture" },
        "up":    { "uv": [ 8, 3.5, 10.5, 5 ], "texture": "#texture" },
        "north": { "uv": [ 8, 3, 10.5, 5.5 ], "texture": "#texture" },
        "south": { "uv": [ 10.5, 3, 8, 5.5 ], "texture": "#texture" },
        "west":  { "uv": [ 8.5, 3, 10, 5.5 ], "texture": "#texture" },
        "east":  { "uv": [ 8.5, 3, 10, 5.5 ], "texture": "#texture" }
    }
},
{
    "from": [ 7.25, 10.5, 8 ],
    "to": [ 8.75, 13, 10.5 ],
    "faces": {
        "down":  { "uv": [ 8, 3.5, 10.5, 5 ], "rotation": 270, "texture": "#texture" },
        "up":    { "uv": [ 8, 3.5, 10.5, 5 ], "rotation": 90, "texture": "#texture" },
        "north": { "uv": [ 8.5, 3, 10, 5.5 ], "texture": "#texture" },
        "south": { "uv": [ 10, 3, 8.5, 5.5 ], "texture": "#texture" },
        "west":  { "uv": [ 8, 3, 10.5, 5.5 ], "texture": "#texture" },
        "east":  { "uv": [ 10.5, 3, 8, 5.5 ], "texture": "#texture" }
    }
},
{
    "from": [ 7.25, -9, 9 ],
    "to": [ 8.75, 2.5, 9.5 ],
    "faces": {
        "north": { "uv": [ 0.5, 0, 1, 11.5 ], "texture": "#texture" },
        "south": { "uv": [ 0.5, 0, 1, 11.5 ], "texture": "#texture" },
        "west":  { "uv": [ 0.5, 0, 1, 11.5 ], "texture": "#texture" },
        "east":  { "uv": [ 0.5, 0, 1, 11.5 ], "texture": "#texture" }
    }
},
{
    "from": [ 7.25, -9.5, 8.5 ],
    "to": [ 8.75, -9, 10 ],
    "faces": {
        "down":  { "uv": [ 2, 13, 3.5, 13.5 ], "rotation": 270, "texture": "#texture" },
        "up":    { "uv": [ 2, 13, 3.5, 13.5 ], "rotation": 90, "texture": "#texture" },
        "north": { "uv": [ 2, 13, 2.5, 13.5 ], "texture": "#texture" },
        "south": { "uv": [ 3, 13, 3.5, 13.5 ], "texture": "#texture" },
        "west":  { "uv": [ 2, 13, 3.5, 13.5 ], "texture": "#texture" },
        "east":  { "uv": [ 3.5, 13, 2, 13.5 ], "texture": "#texture" }
    }
},
{
    "from": [ 7.25, -10, 8.5 ],
    "to": [ 8.75, -9.5, 9.5 ],
    "faces": {
        "down":  { "uv": [ 2, 13.5, 3, 14 ], "rotation": 270, "texture": "#texture" },
        "north": { "uv": [ 2, 13.5, 2.5, 14 ], "texture": "#texture" },
        "south": { "uv": [ 2.5, 13.5, 3, 14 ], "texture": "#texture" },
        "west":  { "uv": [ 2, 13.5, 3, 14 ], "texture": "#texture" },
        "east":  { "uv": [ 3, 13.5, 2, 14 ], "texture": "#texture" }
    }
},
{
    "from": [ 7.25, -11, 9 ],
    "to": [ 8.75, -10, 9.5 ],
    "faces": {
        "down":  { "uv": [ 2.5, 14.5, 3, 15 ], "rotation": 270, "texture": "#texture" },
        "north": { "uv": [ 2.5, 14, 3, 15 ], "texture": "#texture" },
        "south": { "uv": [ 2.5, 14, 3, 15 ], "texture": "#texture" },
        "west":  { "uv": [ 2.5, 14, 3, 15 ], "texture": "#texture" },
        "east":  { "uv": [ 2.5, 14, 3, 15 ], "texture": "#texture" }
    }
},
{
    "from": [ 7.25, 11, 7.75 ],
    "to": [ 8.75, 12.5, 10.75 ],
    "faces": {
        "down":  { "uv": [ 8.5, 3.5, 10, 5 ], "rotation": 270, "texture": "#texture" },
        "up":    { "uv": [ 8.5, 3.5, 10, 5 ], "rotation": 90, "texture": "#texture" },
        "north": { "uv": [ 8.5, 3.5, 10, 5 ], "texture": "#texture" },
        "south": { "uv": [ 10, 3.5, 8.5, 5 ], "texture": "#texture" },
        "west":  { "uv": [ 8.5, 3.5, 10, 5 ], "texture": "#texture" },
        "east":  { "uv": [ 8.5, 3.5, 10, 5 ], "texture": "#texture" }
    }
}
],
"display": {
    "thirdperson_righthand": {
        "rotation": [ 0, 180, 0 ],
        "translation": [ 0, 9.45, 3.21 ],
        "scale": [ 1.2, 1.2, 1.2 ]
    },
    "ground": {
        "rotation": [ 45, 0, 0 ],
        "translation": [ 0, 3.97, 0 ],
        "scale": [ 0.3, 0.3, 0.3 ]
    },
    "firstperson_righthand": {
        "rotation": [ 10, -177, 3 ],
        "translation": [ 6.99, 4.72, -4.34 ],
        "scale": [ 1, 1, 1 ]
    },
    "gui": {
        "rotation": [ -90, -45, -90 ],
        "translation": [ 3.21, 1.51, 0 ],
        "scale": [ 0.62, 0.62, 0.62 ]
    }
}
}