{
"__comment": "made by tomaxed with Cubik Pro",
"textures": {
    "particle": "weaponstools/diamond_hoe",
    "texture": "weaponstools/diamond_hoe"
},
		
"elements": [ 
{
    "from": [ 7, 14, 7 ],
    "to": [ 9, 16, 9 ],
    "faces": {
        "down":  { "uv": [ 0, 0, 2, 2 ], "texture": "#texture" },
        "up":    { "uv": [ 0, 0, 2, 2 ], "texture": "#texture" },
        "north": { "uv": [ 0, 0, 2, 2 ], "texture": "#texture" },
        "south": { "uv": [ 0, 0, 2, 2 ], "texture": "#texture" },
        "west":  { "uv": [ 0, 0, 2, 2 ], "texture": "#texture" },
        "east":  { "uv": [ 0, 0, 2, 2 ], "texture": "#texture" }
    }
},
{
    "from": [ 7.5, -2.5, 7.5 ],
    "to": [ 8.5, 14, 8.5 ],
    "faces": {
        "north": { "uv": [ 7.5, 0, 8.5, 16 ], "texture": "#texture", "cullface": "down" },
        "south": { "uv": [ 7.5, 0, 8.5, 16 ], "texture": "#texture", "cullface": "down" },
        "west":  { "uv": [ 7.5, 0, 8.5, 16 ], "texture": "#texture", "cullface": "down" },
        "east":  { "uv": [ 7.5, 0, 8.5, 16 ], "texture": "#texture", "cullface": "down" }
    }
},
{
    "from": [ 7.5, 16, 7.5 ],
    "to": [ 8.5, 16.5, 8.5 ],
    "faces": {
        "up":    { "uv": [ 0.5, 0.5, 1.5, 1.5 ], "texture": "#texture" },
        "north": { "uv": [ 0.5, 1, 1.5, 1.5 ], "texture": "#texture" },
        "south": { "uv": [ 0.5, 1, 1.5, 1.5 ], "texture": "#texture" },
        "west":  { "uv": [ 0.5, 1, 1.5, 1.5 ], "texture": "#texture" },
        "east":  { "uv": [ 0.5, 1, 1.5, 1.5 ], "texture": "#texture" }
    }
},
{
    "from": [ 7.5, 14.5, 6.5 ],
    "to": [ 8.5, 15.5, 7 ],
    "faces": {
        "down":  { "uv": [ 0.5, 1, 1.5, 1.5 ], "texture": "#texture" },
        "up":    { "uv": [ 0.5, 1, 1.5, 1.5 ], "texture": "#texture" },
        "north": { "uv": [ 0.5, 0.5, 1.5, 1.5 ], "texture": "#texture" },
        "west":  { "uv": [ 0.5, 0.5, 1, 1.5 ], "texture": "#texture" },
        "east":  { "uv": [ 0.5, 0.5, 1, 1.5 ], "texture": "#texture" }
    }
},
{
    "from": [ 7.5, 14.5, 9 ],
    "to": [ 8.5, 15.5, 9.5 ],
    "faces": {
        "down":  { "uv": [ 0.5, 1, 1.5, 1.5 ], "texture": "#texture" },
        "up":    { "uv": [ 0.5, 1, 1.5, 1.5 ], "texture": "#texture" },
        "south": { "uv": [ 0.5, 0.5, 1.5, 1.5 ], "texture": "#texture" },
        "west":  { "uv": [ 1, 0.5, 1.5, 1.5 ], "texture": "#texture" },
        "east":  { "uv": [ 1, 0.5, 1.5, 1.5 ], "texture": "#texture" }
    }
},
{
    "from": [ 9, 14.5, 7.5 ],
    "to": [ 9.5, 15.5, 8.5 ],
    "faces": {
        "down":  { "uv": [ 1, 0.5, 1.5, 1.5 ], "texture": "#texture" },
        "up":    { "uv": [ 1, 0.5, 1.5, 1.5 ], "texture": "#texture" },
        "north": { "uv": [ 0.5, 0.5, 1, 1.5 ], "texture": "#texture" },
        "south": { "uv": [ 0.5, 0.5, 1, 1.5 ], "texture": "#texture" },
        "east":  { "uv": [ 0.5, 0.5, 1.5, 1.5 ], "texture": "#texture" }
    }
},
{
    "from": [ 6.5, 14.5, 7.5 ],
    "to": [ 7, 15.5, 8.5 ],
    "faces": {
        "down":  { "uv": [ 0.5, 0.5, 1, 1.5 ], "texture": "#texture" },
        "up":    { "uv": [ 0.5, 0.5, 1, 1.5 ], "texture": "#texture" },
        "north": { "uv": [ 1, 0.5, 1.5, 1.5 ], "texture": "#texture" },
        "south": { "uv": [ 1, 0.5, 1.5, 1.5 ], "texture": "#texture" },
        "west":  { "uv": [ 0.5, 0.5, 1.5, 1.5 ], "texture": "#texture" }
    }
},
{
    "from": [ 7.8125, 10, 7 ],
    "to": [ 8.3125, 12, 7.5 ],
    "faces": {
        "down":  { "uv": [ 8.1875, 7.5, 7.6875, 7 ], "texture": "#texture" },
        "up":    { "uv": [ 7.8125, 7, 8.3125, 7.5 ], "texture": "#texture" },
        "north": { "uv": [ 7.6875, 10, 8.1875, 12 ], "texture": "#texture" },
        "west":  { "uv": [ 7, 10, 7.5, 12 ], "texture": "#texture" },
        "east":  { "uv": [ 8.5, 10, 9, 12 ], "texture": "#texture" }
    }
},
{
    "from": [ 7.8125, 12.5, 5.5 ],
    "to": [ 8.3125, 13.5, 6 ],
    "faces": {
        "down":  { "uv": [ 8.1875, 6, 7.6875, 5.5 ], "texture": "#texture" },
        "up":    { "uv": [ 7.8125, 5.5, 8.3125, 6 ], "texture": "#texture" },
        "north": { "uv": [ 7.6875, 8.5, 8.1875, 9.5 ], "texture": "#texture" },
        "south": { "uv": [ 7.8125, 8.5, 8.3125, 9.5 ], "texture": "#texture" },
        "west":  { "uv": [ 5.5, 8.5, 6, 9.5 ], "texture": "#texture" },
        "east":  { "uv": [ 10, 8.5, 10.5, 9.5 ], "texture": "#texture" }
    }
},
{
    "from": [ 7.8125, 13, 5 ],
    "to": [ 8.3125, 14, 5.5 ],
    "faces": {
        "down":  { "uv": [ 8.1875, 5.5, 7.6875, 5 ], "texture": "#texture" },
        "north": { "uv": [ 7.6875, 8, 8.1875, 9 ], "texture": "#texture" },
        "south": { "uv": [ 7.8125, 8, 8.3125, 9 ], "texture": "#texture" },
        "west":  { "uv": [ 5, 8, 5.5, 9 ], "texture": "#texture" },
        "east":  { "uv": [ 10.5, 8, 11, 9 ], "texture": "#texture" }
    }
},
{
    "from": [ 7.8125, 14, 5 ],
    "to": [ 8.3125, 14.5, 6 ],
    "faces": {
        "down":  { "uv": [ 8.1875, 6, 7.6875, 5 ], "texture": "#texture" },
        "up":    { "uv": [ 7.8125, 5, 8.3125, 6 ], "texture": "#texture" },
        "north": { "uv": [ 7.6875, 7.5, 8.1875, 8 ], "texture": "#texture" },
        "south": { "uv": [ 7.8125, 7.5, 8.3125, 8 ], "texture": "#texture" },
        "west":  { "uv": [ 5, 7.5, 6, 8 ], "texture": "#texture" },
        "east":  { "uv": [ 10, 7.5, 11, 8 ], "texture": "#texture" }
    }
},
{
    "from": [ 7.8125, 10, 8.5 ],
    "to": [ 8.3125, 12, 9 ],
    "faces": {
        "down":  { "uv": [ 8.1875, 9, 7.6875, 8.5 ], "texture": "#texture" },
        "up":    { "uv": [ 7.8125, 8.5, 8.3125, 9 ], "texture": "#texture" },
        "south": { "uv": [ 7.8125, 10, 8.3125, 12 ], "texture": "#texture" },
        "west":  { "uv": [ 8.5, 10, 9, 12 ], "texture": "#texture" },
        "east":  { "uv": [ 7, 10, 7.5, 12 ], "texture": "#texture" }
    }
},
{
    "from": [ 7.8125, 12.5, 10 ],
    "to": [ 8.3125, 13.5, 10.5 ],
    "faces": {
        "down":  { "uv": [ 8.1875, 10.5, 7.6875, 10 ], "texture": "#texture" },
        "up":    { "uv": [ 7.8125, 10, 8.3125, 10.5 ], "texture": "#texture" },
        "north": { "uv": [ 7.6875, 8.5, 8.1875, 9.5 ], "texture": "#texture" },
        "south": { "uv": [ 7.8125, 8.5, 8.3125, 9.5 ], "texture": "#texture" },
        "west":  { "uv": [ 10, 8.5, 10.5, 9.5 ], "texture": "#texture" },
        "east":  { "uv": [ 5.5, 8.5, 6, 9.5 ], "texture": "#texture" }
    }
},
{
    "from": [ 7.8125, 13, 10.5 ],
    "to": [ 8.3125, 14, 11 ],
    "faces": {
        "down":  { "uv": [ 8.1875, 11, 7.6875, 10.5 ], "texture": "#texture" },
        "north": { "uv": [ 7.6875, 8, 8.1875, 9 ], "texture": "#texture" },
        "south": { "uv": [ 7.8125, 8, 8.3125, 9 ], "texture": "#texture" },
        "west":  { "uv": [ 10.5, 8, 11, 9 ], "texture": "#texture" },
        "east":  { "uv": [ 5, 8, 5.5, 9 ], "texture": "#texture" }
    }
},
{
    "from": [ 7.8125, 14, 10 ],
    "to": [ 8.3125, 14.5, 11 ],
    "faces": {
        "down":  { "uv": [ 8.1875, 11, 7.6875, 10 ], "texture": "#texture" },
        "up":    { "uv": [ 7.8125, 10, 8.3125, 11 ], "texture": "#texture" },
        "north": { "uv": [ 7.6875, 7.5, 8.1875, 8 ], "texture": "#texture" },
        "south": { "uv": [ 7.8125, 7.5, 8.3125, 8 ], "texture": "#texture" },
        "west":  { "uv": [ 10, 7.5, 11, 8 ], "texture": "#texture" },
        "east":  { "uv": [ 5, 7.5, 6, 8 ], "texture": "#texture" }
    }
},
{
    "from": [ 7.8125, 14.5, 5.5 ],
    "to": [ 8.3125, 15, 6.5 ],
    "faces": {
        "down":  { "uv": [ 8.1875, 6.5, 7.6875, 5.5 ], "texture": "#texture" },
        "up":    { "uv": [ 7.8125, 5.5, 8.3125, 6.5 ], "texture": "#texture" },
        "north": { "uv": [ 7.6875, 7, 8.1875, 7.5 ], "texture": "#texture" },
        "west":  { "uv": [ 5.5, 7, 6.5, 7.5 ], "texture": "#texture" },
        "east":  { "uv": [ 9.5, 7, 10.5, 7.5 ], "texture": "#texture" }
    }
},
{
    "from": [ 7.8125, 14.5, 9.5 ],
    "to": [ 8.3125, 15, 10.5 ],
    "faces": {
        "down":  { "uv": [ 8.1875, 10.5, 7.6875, 9.5 ], "texture": "#texture" },
        "up":    { "uv": [ 7.8125, 9.5, 8.3125, 10.5 ], "texture": "#texture" },
        "south": { "uv": [ 7.8125, 7, 8.3125, 7.5 ], "texture": "#texture" },
        "west":  { "uv": [ 9.5, 7, 10.5, 7.5 ], "texture": "#texture" },
        "east":  { "uv": [ 5.5, 7, 6.5, 7.5 ], "texture": "#texture" }
    }
},
{
    "from": [ 7.8125, 12, 6 ],
    "to": [ 8.3125, 13, 6.5 ],
    "faces": {
        "down":  { "uv": [ 8.1875, 6.5, 7.6875, 6 ], "texture": "#texture" },
        "up":    { "uv": [ 7.8125, 6, 8.3125, 6.5 ], "texture": "#texture" },
        "north": { "uv": [ 7.6875, 9, 8.1875, 10 ], "texture": "#texture" },
        "south": { "uv": [ 7.8125, 9, 8.3125, 10 ], "texture": "#texture" },
        "west":  { "uv": [ 6, 9, 6.5, 10 ], "texture": "#texture" },
        "east":  { "uv": [ 9.5, 9, 10, 10 ], "texture": "#texture" }
    }
},
{
    "from": [ 7.8125, 12, 9.5 ],
    "to": [ 8.3125, 13, 10 ],
    "faces": {
        "down":  { "uv": [ 8.1875, 10, 7.6875, 9.5 ], "texture": "#texture" },
        "up":    { "uv": [ 7.8125, 9.5, 8.3125, 10 ], "texture": "#texture" },
        "north": { "uv": [ 7.6875, 9, 8.1875, 10 ], "texture": "#texture" },
        "south": { "uv": [ 7.8125, 9, 8.3125, 10 ], "texture": "#texture" },
        "west":  { "uv": [ 9.5, 9, 10, 10 ], "texture": "#texture" },
        "east":  { "uv": [ 6, 9, 6.5, 10 ], "texture": "#texture" }
    }
},
{
    "from": [ 7.8125, 11.5, 9 ],
    "to": [ 8.3125, 12.5, 9.5 ],
    "faces": {
        "down":  { "uv": [ 8.1875, 9.5, 7.6875, 9 ], "texture": "#texture" },
        "up":    { "uv": [ 7.8125, 9, 8.3125, 9.5 ], "texture": "#texture" },
        "north": { "uv": [ 7.6875, 9.5, 8.1875, 10.5 ], "texture": "#texture" },
        "south": { "uv": [ 7.8125, 9.5, 8.3125, 10.5 ], "texture": "#texture" },
        "west":  { "uv": [ 9, 9.5, 9.5, 10.5 ], "texture": "#texture" },
        "east":  { "uv": [ 6.5, 9.5, 7, 10.5 ], "texture": "#texture" }
    }
},
{
    "from": [ 7.8125, 11.5, 6.5 ],
    "to": [ 8.3125, 12.5, 7 ],
    "faces": {
        "down":  { "uv": [ 8.1875, 7, 7.6875, 6.5 ], "texture": "#texture" },
        "up":    { "uv": [ 7.8125, 6.5, 8.3125, 7 ], "texture": "#texture" },
        "north": { "uv": [ 7.6875, 9.5, 8.1875, 10.5 ], "texture": "#texture" },
        "south": { "uv": [ 7.8125, 9.5, 8.3125, 10.5 ], "texture": "#texture" },
        "west":  { "uv": [ 6.5, 9.5, 7, 10.5 ], "texture": "#texture" },
        "east":  { "uv": [ 9, 9.5, 9.5, 10.5 ], "texture": "#texture" }
    }
},
{
    "from": [ 7.8125, 15.5, 6 ],
    "to": [ 8.3125, 16, 7 ],
    "faces": {
        "down":  { "uv": [ 8.1875, 7, 7.6875, 6 ], "texture": "#texture" },
        "up":    { "uv": [ 7.8125, 6, 8.3125, 7 ], "texture": "#texture" },
        "north": { "uv": [ 7.6875, 6, 8.1875, 6.5 ], "texture": "#texture" },
        "west":  { "uv": [ 6, 6, 7, 6.5 ], "texture": "#texture" },
        "east":  { "uv": [ 9, 6, 10, 6.5 ], "texture": "#texture" }
    }
},
{
    "from": [ 7.8125, 16, 6 ],
    "to": [ 8.3125, 17, 6.5 ],
    "faces": {
        "up":    { "uv": [ 7.8125, 6, 8.3125, 6.5 ], "texture": "#texture" },
        "north": { "uv": [ 7.6875, 5, 8.1875, 6 ], "texture": "#texture" },
        "south": { "uv": [ 7.8125, 5, 8.3125, 6 ], "texture": "#texture" },
        "west":  { "uv": [ 6, 5, 6.5, 6 ], "texture": "#texture" },
        "east":  { "uv": [ 9.5, 5, 10, 6 ], "texture": "#texture" }
    }
},
{
    "from": [ 7.8125, 16.5, 5.5 ],
    "to": [ 8.3125, 18, 6 ],
    "faces": {
        "down":  { "uv": [ 8.1875, 6, 7.6875, 5.5 ], "texture": "#texture" },
        "up":    { "uv": [ 7.8125, 5.5, 8.3125, 6 ], "texture": "#texture" },
        "north": { "uv": [ 7.6875, 4, 8.1875, 5.5 ], "texture": "#texture" },
        "south": { "uv": [ 7.8125, 4, 8.3125, 5.5 ], "texture": "#texture" },
        "west":  { "uv": [ 5.5, 4, 6, 5.5 ], "texture": "#texture" },
        "east":  { "uv": [ 10, 4, 10.5, 5.5 ], "texture": "#texture" }
    }
},
{
    "from": [ 7.8125, 17.5, 5 ],
    "to": [ 8.3125, 19, 5.5 ],
    "faces": {
        "down":  { "uv": [ 8.1875, 5.5, 7.6875, 5 ], "texture": "#texture" },
        "up":    { "uv": [ 7.8125, 5, 8.3125, 5.5 ], "texture": "#texture" },
        "north": { "uv": [ 7.6875, 3, 8.1875, 4.5 ], "texture": "#texture" },
        "south": { "uv": [ 7.8125, 3, 8.3125, 4.5 ], "texture": "#texture" },
        "west":  { "uv": [ 5, 3, 5.5, 4.5 ], "texture": "#texture" },
        "east":  { "uv": [ 10.5, 3, 11, 4.5 ], "texture": "#texture" }
    }
},
{
    "from": [ 7.8125, 15.5, 9 ],
    "to": [ 8.3125, 16, 10 ],
    "faces": {
        "down":  { "uv": [ 8.1875, 10, 7.6875, 9 ], "texture": "#texture" },
        "up":    { "uv": [ 7.8125, 9, 8.3125, 10 ], "texture": "#texture" },
        "south": { "uv": [ 7.8125, 6, 8.3125, 6.5 ], "texture": "#texture" },
        "west":  { "uv": [ 9, 6, 10, 6.5 ], "texture": "#texture" },
        "east":  { "uv": [ 6, 6, 7, 6.5 ], "texture": "#texture" }
    }
},
{
    "from": [ 7.8125, 16, 9.5 ],
    "to": [ 8.3125, 17, 10 ],
    "faces": {
        "up":    { "uv": [ 7.8125, 9.5, 8.3125, 10 ], "texture": "#texture" },
        "north": { "uv": [ 7.6875, 5, 8.1875, 6 ], "texture": "#texture" },
        "south": { "uv": [ 7.8125, 5, 8.3125, 6 ], "texture": "#texture" },
        "west":  { "uv": [ 9.5, 5, 10, 6 ], "texture": "#texture" },
        "east":  { "uv": [ 6, 5, 6.5, 6 ], "texture": "#texture" }
    }
},
{
    "from": [ 7.8125, 16.5, 10 ],
    "to": [ 8.3125, 18, 10.5 ],
    "faces": {
        "down":  { "uv": [ 8.1875, 10.5, 7.6875, 10 ], "texture": "#texture" },
        "up":    { "uv": [ 7.8125, 10, 8.3125, 10.5 ], "texture": "#texture" },
        "north": { "uv": [ 7.6875, 4, 8.1875, 5.5 ], "texture": "#texture" },
        "south": { "uv": [ 7.8125, 4, 8.3125, 5.5 ], "texture": "#texture" },
        "west":  { "uv": [ 10, 4, 10.5, 5.5 ], "texture": "#texture" },
        "east":  { "uv": [ 5.5, 4, 6, 5.5 ], "texture": "#texture" }
    }
},
{
    "from": [ 7.8125, 17.5, 10.5 ],
    "to": [ 8.3125, 19, 11 ],
    "faces": {
        "down":  { "uv": [ 8.1875, 11, 7.6875, 10.5 ], "texture": "#texture" },
        "up":    { "uv": [ 7.8125, 10.5, 8.3125, 11 ], "texture": "#texture" },
        "north": { "uv": [ 7.6875, 3, 8.1875, 4.5 ], "texture": "#texture" },
        "south": { "uv": [ 7.8125, 3, 8.3125, 4.5 ], "texture": "#texture" },
        "west":  { "uv": [ 10.5, 3, 11, 4.5 ], "texture": "#texture" },
        "east":  { "uv": [ 5, 3, 5.5, 4.5 ], "texture": "#texture" }
    }
},
{
    "from": [ 7.8125, 16.5, 6.5 ],
    "to": [ 8.3125, 17.5, 7 ],
    "faces": {
        "down":  { "uv": [ 8.1875, 7, 7.6875, 6.5 ], "texture": "#texture" },
        "up":    { "uv": [ 7.8125, 6.5, 8.3125, 7 ], "texture": "#texture" },
        "north": { "uv": [ 7.6875, 4.5, 8.1875, 5.5 ], "texture": "#texture" },
        "south": { "uv": [ 7.8125, 4.5, 8.3125, 5.5 ], "texture": "#texture" },
        "west":  { "uv": [ 6.5, 4.5, 7, 5.5 ], "texture": "#texture" },
        "east":  { "uv": [ 9, 4.5, 9.5, 5.5 ], "texture": "#texture" }
    }
},
{
    "from": [ 7.8125, 16.5, 9 ],
    "to": [ 8.3125, 17.5, 9.5 ],
    "faces": {
        "down":  { "uv": [ 8.1875, 9.5, 7.6875, 9 ], "texture": "#texture" },
        "up":    { "uv": [ 7.8125, 9, 8.3125, 9.5 ], "texture": "#texture" },
        "north": { "uv": [ 7.6875, 4.5, 8.1875, 5.5 ], "texture": "#texture" },
        "south": { "uv": [ 7.8125, 4.5, 8.3125, 5.5 ], "texture": "#texture" },
        "west":  { "uv": [ 9, 4.5, 9.5, 5.5 ], "texture": "#texture" },
        "east":  { "uv": [ 6.5, 4.5, 7, 5.5 ], "texture": "#texture" }
    }
},
{
    "from": [ 7.8125, 17, 8.5 ],
    "to": [ 8.3125, 18, 9 ],
    "faces": {
        "down":  { "uv": [ 8.1875, 9, 7.6875, 8.5 ], "texture": "#texture" },
        "up":    { "uv": [ 7.8125, 8.5, 8.3125, 9 ], "texture": "#texture" },
        "north": { "uv": [ 7.6875, 4, 8.1875, 5 ], "texture": "#texture" },
        "south": { "uv": [ 7.8125, 4, 8.3125, 5 ], "texture": "#texture" },
        "west":  { "uv": [ 8.5, 4, 9, 5 ], "texture": "#texture" },
        "east":  { "uv": [ 7, 4, 7.5, 5 ], "texture": "#texture" }
    }
},
{
    "from": [ 7.8125, 17, 7 ],
    "to": [ 8.3125, 18, 7.5 ],
    "faces": {
        "down":  { "uv": [ 8.1875, 7.5, 7.6875, 7 ], "texture": "#texture" },
        "up":    { "uv": [ 7.8125, 7, 8.3125, 7.5 ], "texture": "#texture" },
        "north": { "uv": [ 7.6875, 4, 8.1875, 5 ], "texture": "#texture" },
        "south": { "uv": [ 7.8125, 4, 8.3125, 5 ], "texture": "#texture" },
        "west":  { "uv": [ 7, 4, 7.5, 5 ], "texture": "#texture" },
        "east":  { "uv": [ 8.5, 4, 9, 5 ], "texture": "#texture" }
    }
},
{
    "from": [ 7.5625, 8.5, 7 ],
    "to": [ 8.4375, 9, 9 ],
    "faces": {
        "down":  { "uv": [ 8.4375, 9, 7.5625, 7 ], "texture": "#texture" },
        "up":    { "uv": [ 7.5625, 7, 8.4375, 9 ], "texture": "#texture" },
        "north": { "uv": [ 7.5625, 13, 8.4375, 13.5 ], "texture": "#texture" },
        "south": { "uv": [ 7.5625, 13, 8.4375, 13.5 ], "texture": "#texture" },
        "west":  { "uv": [ 7, 13, 9, 13.5 ], "texture": "#texture" },
        "east":  { "uv": [ 7, 13, 9, 13.5 ], "texture": "#texture" }
    }
},
{
    "from": [ 7.5, -3, 7 ],
    "to": [ 8.5, -2.5, 9 ],
    "faces": {
        "up":    { "uv": [ 7.5, 7, 8.5, 9 ], "texture": "#texture", "cullface": "down" },
        "north": { "uv": [ 7.5, 16, 8.5, 16 ], "texture": "#texture", "cullface": "down" },
        "south": { "uv": [ 7.5, 16, 8.5, 16 ], "texture": "#texture", "cullface": "down" },
        "west":  { "uv": [ 7, 16, 9, 16 ], "texture": "#texture", "cullface": "down" },
        "east":  { "uv": [ 7, 16, 9, 16 ], "texture": "#texture", "cullface": "down" }
    }
},
{
    "from": [ 7.5, -4.5, 7 ],
    "to": [ 8.5, -4, 9 ],
    "faces": {
        "down":  { "uv": [ 8.5, 9, 7.5, 7 ], "texture": "#texture", "cullface": "down" },
        "north": { "uv": [ 7.5, 16, 8.5, 16 ], "texture": "#texture", "cullface": "down" },
        "south": { "uv": [ 7.5, 16, 8.5, 16 ], "texture": "#texture", "cullface": "down" },
        "west":  { "uv": [ 7, 16, 9, 16 ], "texture": "#texture", "cullface": "down" },
        "east":  { "uv": [ 7, 16, 9, 16 ], "texture": "#texture", "cullface": "down" }
    }
},
{
    "from": [ 7.5, -4, 6.75 ],
    "to": [ 8.5, -3, 9.25 ],
    "faces": {
        "down":  { "uv": [ 8.5, 9.25, 7.5, 6.75 ], "texture": "#texture", "cullface": "down" },
        "up":    { "uv": [ 7.5, 6.75, 8.5, 9.25 ], "texture": "#texture", "cullface": "down" },
        "north": { "uv": [ 7.5, 16, 8.5, 16 ], "texture": "#texture", "cullface": "down" },
        "south": { "uv": [ 7.5, 16, 8.5, 16 ], "texture": "#texture", "cullface": "down" },
        "west":  { "uv": [ 6.75, 16, 9.25, 16 ], "texture": "#texture", "cullface": "down" },
        "east":  { "uv": [ 6.75, 16, 9.25, 16 ], "texture": "#texture", "cullface": "down" }
    }
},
{
    "from": [ 7.5625, 7.8125, 7.25 ],
    "to": [ 8.4375, 8.3125, 8.75 ],
    "faces": {
        "down":  { "uv": [ 7.5, 7.25, 8.5, 8.75 ], "texture": "#texture" },
        "up":    { "uv": [ 7.5, 7.25, 8.5, 8.75 ], "texture": "#texture" },
        "north": { "uv": [ 7.5, 13.6875, 8.5, 14.1875 ], "texture": "#texture" },
        "south": { "uv": [ 7.5, 13.6875, 8.5, 14.1875 ], "texture": "#texture" },
        "west":  { "uv": [ 7.25, 13.6875, 8.75, 14.1875 ], "texture": "#texture" },
        "east":  { "uv": [ 7.25, 13.6875, 8.75, 14.1875 ], "texture": "#texture" }
    }
},
{
    "from": [ 7.25, -4, 7.25 ],
    "to": [ 8.75, -3, 8.75 ],
    "faces": {
        "down":  { "uv": [ 8.75, 8.75, 7.25, 7.25 ], "texture": "#texture", "cullface": "down" },
        "up":    { "uv": [ 7.25, 7.25, 8.75, 8.75 ], "texture": "#texture", "cullface": "down" },
        "north": { "uv": [ 7.25, 16, 8.75, 16 ], "texture": "#texture", "cullface": "down" },
        "south": { "uv": [ 7.25, 16, 8.75, 16 ], "texture": "#texture", "cullface": "down" },
        "west":  { "uv": [ 7.25, 16, 8.75, 16 ], "texture": "#texture", "cullface": "down" },
        "east":  { "uv": [ 7.25, 16, 8.75, 16 ], "texture": "#texture", "cullface": "down" }
    }
},
{
    "from": [ 7.5625, -2, 7 ],
    "to": [ 8.4375, -1.5, 9 ],
    "faces": {
        "down":  { "uv": [ 8.4375, 9, 7.5625, 7 ], "texture": "#texture" },
        "up":    { "uv": [ 7.5625, 7, 8.4375, 9 ], "texture": "#texture" },
        "north": { "uv": [ 7.5625, 16, 8.4375, 16 ], "texture": "#texture" },
        "south": { "uv": [ 7.5625, 16, 8.4375, 16 ], "texture": "#texture" },
        "west":  { "uv": [ 7, 16, 9, 16 ], "texture": "#texture" },
        "east":  { "uv": [ 7, 16, 9, 16 ], "texture": "#texture" }
    }
},
{
    "from": [ 7.5625, -1.25, 7.25 ],
    "to": [ 8.4375, -0.75, 8.75 ],
    "faces": {
        "down":  { "uv": [ 7.5, 7.25, 8.5, 8.75 ], "texture": "#texture" },
        "up":    { "uv": [ 7.5, 7.25, 8.5, 8.75 ], "texture": "#texture" },
        "north": { "uv": [ 7.5, 13.6875, 8.5, 14.1875 ], "texture": "#texture" },
        "south": { "uv": [ 7.5, 13.6875, 8.5, 14.1875 ], "texture": "#texture" },
        "west":  { "uv": [ 7.25, 13.6875, 8.75, 14.1875 ], "texture": "#texture" },
        "east":  { "uv": [ 7.25, 13.6875, 8.75, 14.1875 ], "texture": "#texture" }
    }
}
],
"display": {
    "thirdperson_righthand": {
        "rotation": [ 0, 0, 0 ],
        "translation": [ 0, 3.4, 1.89 ],
        "scale": [ 1.3, 1.3, 1.3 ]
    },
    "ground": {
        "rotation": [ 45, 0, 0 ],
        "translation": [ 0, 3.97, 0 ],
        "scale": [ 0.4, 0.4, 0.4 ]
    },
    "fixed": {
        "rotation": [ 90, -45, 90 ],
        "translation": [ 0, 0, 0 ],
        "scale": [ 1, 1, 1 ]
    },
    "firstperson_righthand": {
        "rotation": [ 18, 3, -3 ],
        "translation": [ 5.09, 1.32, -4.34 ],
        "scale": [ 1.2, 1.2, 1.2 ]
    },
    "gui": {
        "rotation": [ 90, 45, -90 ],
        "translation": [ -0.38, -0.19, 0 ],
        "scale": [ 0.8, 0.8, 0.8 ]
    }
}
}