{
"textures": {
    "particle": "blocks/flower_pot",
    "flowerpot": "blocks/flower_pot",
    "dirt": "blocks/dirt"
},
"elements": [ 
{
    "from": [ 5, 0, 5 ],
    "to": [ 6, 6, 11 ],
    "faces": {
        "down":  { "uv": [ 5, 5, 6, 11 ], "texture": "#flowerpot", "cullface": "down" },
        "up":    { "uv": [ 5, 5, 6, 11 ], "texture": "#flowerpot" },
        "north": { "uv": [ 10, 10, 11, 16 ], "texture": "#flowerpot" },
        "south": { "uv": [ 5, 10, 6, 16 ], "texture": "#flowerpot" },
        "west":  { "uv": [ 5, 10, 11, 16 ], "texture": "#flowerpot" },
        "east":  { "uv": [ 5, 10, 11, 16 ], "texture": "#flowerpot" }
    }
},
{
    "from": [ 10, 0, 5 ],
    "to": [ 11, 6, 11 ],
    "faces": {
        "down":  { "uv": [ 10, 5, 11, 11 ], "texture": "#flowerpot", "cullface": "down" },
        "up":    { "uv": [ 10, 5, 11, 11 ], "texture": "#flowerpot" },
        "north": { "uv": [ 5, 10, 6, 16 ], "texture": "#flowerpot" },
        "south": { "uv": [ 10, 10, 11, 16 ], "texture": "#flowerpot" },
        "west":  { "uv": [ 5, 10, 11, 16 ], "texture": "#flowerpot" },
        "east":  { "uv": [ 5, 10, 11, 16 ], "texture": "#flowerpot" }
    }
},
{
    "from": [ 6, 0, 5 ],
    "to": [ 10, 6, 6 ],
    "faces": {
        "down":  { "uv": [ 6, 10, 10, 11 ], "texture": "#flowerpot", "cullface": "down" },
        "up":    { "uv": [ 6, 5, 10, 6 ], "texture": "#flowerpot" },
        "north": { "uv": [ 6, 10, 10, 16 ], "texture": "#flowerpot" },
        "south": { "uv": [ 6, 10, 10, 16 ], "texture": "#flowerpot" }
    }
},
{
    "from": [ 6, 0, 10 ],
    "to": [ 10, 6, 11 ],
    "faces": {
        "down":  { "uv": [ 6, 5, 10, 6 ], "texture": "#flowerpot", "cullface": "down" },
        "up":    { "uv": [ 6, 10, 10, 11 ], "texture": "#flowerpot" },
        "north": { "uv": [ 6, 10, 10, 16 ], "texture": "#flowerpot" },
        "south": { "uv": [ 6, 10, 10, 16 ], "texture": "#flowerpot" }
    }
},
{
    "from": [ 6, 0, 6 ],
    "to": [ 10, 4, 10 ],
    "faces": {
        "down":  { "uv": [ 6, 6, 10, 10 ], "texture": "#flowerpot", "cullface": "down" },
        "up":    { "uv": [ 6, 6, 10, 10 ], "texture": "#dirt" }
    }
}
],
"display": {
    "thirdperson_righthand": {
        "rotation": [ 75, 45, 0 ],
        "translation": [ 0, 2.5, 0 ],
        "scale": [ 0.5, 0.5, 0.5 ]
    },
    "ground": {
        "rotation": [ 0, 0, 0 ],
        "translation": [ 0, 3, 0 ],
        "scale": [ 0.25, 0.25, 0.25 ]
    },
    "firstperson_righthand": {
        "rotation": [ 0, 45, 0 ],
        "translation": [ 0, 3, 0 ],
        "scale": [ 1, 1, 1 ]
    },
    "firstperson_lefthand": {
        "rotation": [ 0, 225, 0 ],
        "translation": [ 0, 0, 0 ],
        "scale": [ 0.4, 0.4, 0.4 ]
    },
    "gui": {
        "rotation": [ 30, 45, 0 ],
        "translation": [ 0, 3.6, 0 ],
        "scale": [ 1, 1, 1 ]
    }
}
}