{
"__comment": "Designed by tomaxed with Cubik",
"textures": {
    "particle": "items/minecart",
    "texture": "items/minecart",
    "furnace_front_off": "blocks/furnace_front_off",
    "furnace_side": "blocks/furnace_side",
    "furnace_top": "blocks/furnace_top"
},
"elements": [ 
{
    "from": [ 0, 2, 0 ],
    "to": [ 1.5, 9, 16 ],
    "faces": {
        "north": { "uv": [ 0, 0.5, 0.5, 2.5 ], "texture": "#texture" },
        "south": { "uv": [ 0, 0.5, 0.5, 2.5 ], "texture": "#texture" },
        "west":  { "uv": [ 4.5, 0.5, 9, 2.5 ], "texture": "#texture" },
        "east":  { "uv": [ 4.5, 0.5, 9, 2.5 ], "texture": "#texture" }
    }
},
{
    "from": [ 0, 0, 0 ],
    "to": [ 1.5, 2, 16 ],
    "faces": {
        "down":  { "uv": [ 16, 16, 15, 0 ], "texture": "#texture" },
        "up":    { "uv": [ 0, 0, 1, 16 ], "texture": "#texture" },
        "north": { "uv": [ 15, 14, 16, 16 ], "texture": "#texture" },
        "south": { "uv": [ 0, 14, 1, 16 ], "texture": "#texture" },
        "west":  { "uv": [ 9.5, 0.5, 14, 1 ], "texture": "#texture" },
        "east":  { "uv": [ 9.5, 0.5, 14, 1 ], "texture": "#texture" }
    }
},
{
    "from": [ 10.5, 0, 0 ],
    "to": [ 12, 2, 16 ],
    "faces": {
        "down":  { "uv": [ 16, 16, 15, 0 ], "texture": "#texture" },
        "up":    { "uv": [ 0, 0, 1, 16 ], "texture": "#texture" },
        "north": { "uv": [ 15, 14, 16, 16 ], "texture": "#texture" },
        "south": { "uv": [ 0, 14, 1, 16 ], "texture": "#texture" },
        "west":  { "uv": [ 9.5, 0.5, 14, 1 ], "texture": "#texture" },
        "east":  { "uv": [ 9.5, 0.5, 14, 1 ], "texture": "#texture" }
    }
},
{
    "from": [ 10.5, 2, 0 ],
    "to": [ 12, 9, 16 ],
    "faces": {
        "north": { "uv": [ 0, 0.5, 0.5, 2.5 ], "texture": "#texture" },
        "south": { "uv": [ 0, 0.5, 0.5, 2.5 ], "texture": "#texture" },
        "west":  { "uv": [ 4.5, 0.5, 9, 2.5 ], "texture": "#texture" },
        "east":  { "uv": [ 4.5, 0.5, 9, 2.5 ], "texture": "#texture" }
    }
},
{
    "from": [ 1.5, 2, 0 ],
    "to": [ 10.5, 9, 1.5 ],
    "faces": {
        "north": { "uv": [ 5, 0.5, 7.5, 2.5 ], "texture": "#texture" },
        "south": { "uv": [ 5, 0.5, 7.5, 2.5 ], "texture": "#texture" },
        "west":  { "uv": [ 0, 0.5, 0.5, 2.5 ], "texture": "#texture" },
        "east":  { "uv": [ 0, 0.5, 0.5, 2.5 ], "texture": "#texture" }
    }
},
{
    "from": [ 1.5, 2, 14.5 ],
    "to": [ 10.5, 9, 16 ],
    "faces": {
        "north": { "uv": [ 5, 0.5, 7.5, 2.5 ], "texture": "#texture" },
        "south": { "uv": [ 5, 0.5, 7.5, 2.5 ], "texture": "#texture" },
        "west":  { "uv": [ 0, 0.5, 0.5, 2.5 ], "texture": "#texture" },
        "east":  { "uv": [ 0, 0.5, 0.5, 2.5 ], "texture": "#texture" }
    }
},
{
    "from": [ 0, 8.9375, 0 ],
    "to": [ 12, 9, 16 ],
    "faces": {
        "down":  { "uv": [ 11, 7, 16, 3 ], "rotation": 270, "texture": "#texture" },
        "up":    { "uv": [ 11, 3, 16, 7 ], "rotation": 90, "texture": "#texture" }
    }
},
{
    "from": [ 0, 0, 0 ],
    "to": [ 12, 2, 0.0625 ],
    "faces": {
        "north": { "uv": [ 4.5, 2, 8.5, 2.5 ], "texture": "#texture" },
        "south": { "uv": [ 4.5, 2, 8.5, 2.5 ], "texture": "#texture" }
    }
},
{
    "from": [ 0, 0, 16 ],
    "to": [ 12, 2, 16.0625 ],
    "faces": {
        "north": { "uv": [ 4.5, 2, 8.5, 2.5 ], "texture": "#texture" },
        "south": { "uv": [ 4.5, 2, 8.5, 2.5 ], "texture": "#texture" }
    }
},
{
    "from": [ 0, -0.0625, 0 ],
    "to": [ 12, 0, 16 ],
    "faces": {
        "down":  { "uv": [ 0.5, 3, 5.5, 7 ], "rotation": 270, "texture": "#texture" },
        "up":    { "uv": [ 0.5, 3, 5.5, 7 ], "rotation": 90, "texture": "#texture" }
    }
},
{
    "from": [ 1.5, 2.9375, 1.5 ],
    "to": [ 10.5, 3, 14.5 ],
    "faces": {
        "down":  { "uv": [ 6.5, 3.5, 10.5, 6.5 ], "rotation": 270, "texture": "#texture" },
        "up":    { "uv": [ 6.5, 3.5, 10.5, 6.5 ], "rotation": 90, "texture": "#texture" }
    }
},
{
    "from": [ 1.5, 3, 4 ],
    "to": [ 10.5, 12, 12.5 ],
    "faces": {
        "down":  { "uv": [ 0, 0, 16, 16 ], "texture": "#furnace_top" },
        "up":    { "uv": [ 0, 0, 16, 16 ], "texture": "#furnace_top" },
        "north": { "uv": [ 0, 0, 16, 16 ], "texture": "#furnace_front_off" },
        "south": { "uv": [ 0, 0, 16, 16 ], "texture": "#furnace_side" },
        "west":  { "uv": [ 0, 0, 16, 16 ], "texture": "#furnace_side" },
        "east":  { "uv": [ 0, 0, 16, 16 ], "texture": "#furnace_side" }
    }
}
],
"display": {
    "thirdperson_righthand": {
        "rotation": [ 35, 30, 6 ],
        "translation": [ 1, 3.02, 2.27 ],
        "scale": [ 0.3, 0.3, 0.3 ]
    },
    "head": {
        "rotation": [ 0, 0, 0 ],
        "translation": [ 2, 14.55, 0 ],
        "scale": [ 1, 1, 1 ]
    },
    "ground": {
        "rotation": [ 0, 0, 0 ],
        "translation": [ 0, 2, 0 ],
        "scale": [ 0.3, 0.3, 0.3 ]
    },
    "fixed": {
        "rotation": [ 0, 90, 0 ],
        "translation": [ 0, 3.21, -4.72 ],
        "scale": [ 0.8, 0.8, 0.8 ]
    },
    "firstperson_righthand": {
        "rotation": [ -1, 14, 7 ],
        "translation": [ 5.09, 0.56, -6.24 ],
        "scale": [ 1, 1, 1 ]
    },
    "gui": {
        "rotation": [ 30, -225, 0 ],
        "translation": [ -1, 2.5, 0 ],
        "scale": [ 0.7, 0.7, 0.7 ]
    }
}
}