{
"__comment": "Designed by tomaxed with Cubik",
"textures": {
    "particle": "weaponstools/gold_pickaxe",
    "texture": "weaponstools/gold_pickaxe"
},
"elements": [ 
{
    "from": [ 7.75, 0, 7 ],
    "to": [ 8.25, 11, 9 ],
    "faces": {
        "down":  { "uv": [ 7.75, 7, 8.25, 9 ], "texture": "#texture" },
        "up":    { "uv": [ 7.75, 7, 8.25, 9 ], "texture": "#texture" },
        "north": { "uv": [ 8.5, 4, 9, 15 ], "texture": "#texture" },
        "south": { "uv": [ 10, 4, 10.5, 15 ], "texture": "#texture" },
        "west":  { "uv": [ 8.5, 4, 10.5, 15 ], "texture": "#texture" },
        "east":  { "uv": [ 10.5, 4, 8.5, 15 ], "texture": "#texture" }
    }
},
{
    "from": [ 7.75, 11.5, 5.5 ],
    "to": [ 8.25, 14.5, 6.5 ],
    "faces": {
        "down":  { "uv": [ 7, 3, 8, 3.5 ], "rotation": 270, "texture": "#texture" },
        "up":    { "uv": [ 7, 0.5, 8, 1 ], "rotation": 90, "texture": "#texture" },
        "north": { "uv": [ 7, 0.5, 7.5, 3.5 ], "texture": "#texture" },
        "south": { "uv": [ 7.5, 0.5, 8, 3.5 ], "texture": "#texture" },
        "west":  { "uv": [ 7, 0.5, 8, 3.5 ], "texture": "#texture" },
        "east":  { "uv": [ 8, 0.5, 7, 3.5 ], "texture": "#texture" }
    }
},
{
    "from": [ 7.5, 11, 6.5 ],
    "to": [ 8.5, 15, 9.5 ],
    "faces": {
        "down":  { "uv": [ 8, 3, 11, 4 ], "rotation": 270, "texture": "#texture" },
        "up":    { "uv": [ 8, 0, 11, 1 ], "rotation": 90, "texture": "#texture" },
        "north": { "uv": [ 8, 0, 8.5, 4 ], "texture": "#texture" },
        "south": { "uv": [ 11, 0, 10.5, 4 ], "texture": "#texture" },
        "west":  { "uv": [ 8, 0, 11, 4 ], "texture": "#texture" },
        "east":  { "uv": [ 11, 0, 8, 4 ], "texture": "#texture" }
    }
},
{
    "from": [ 7.75, 11, 4.5 ],
    "to": [ 8.25, 14, 5.5 ],
    "faces": {
        "down":  { "uv": [ 6, 3.5, 7, 4 ], "rotation": 270, "texture": "#texture" },
        "up":    { "uv": [ 6, 1, 7, 1.5 ], "rotation": 90, "texture": "#texture" },
        "north": { "uv": [ 6, 1, 6.5, 4 ], "texture": "#texture" },
        "south": { "uv": [ 6.5, 1, 7, 4 ], "texture": "#texture" },
        "west":  { "uv": [ 6, 1, 7, 4 ], "texture": "#texture" },
        "east":  { "uv": [ 7, 1, 6, 4 ], "texture": "#texture" }
    }
},
{
    "from": [ 7.75, 11, 4 ],
    "to": [ 8.25, 13.5, 4.5 ],
    "faces": {
        "down":  { "uv": [ 5.5, 3.5, 6, 4 ], "texture": "#texture" },
        "up":    { "uv": [ 5.5, 1.5, 6, 2 ], "texture": "#texture" },
        "north": { "uv": [ 5.5, 1.5, 6, 4 ], "texture": "#texture" },
        "south": { "uv": [ 5.5, 1.5, 6, 4 ], "texture": "#texture" },
        "west":  { "uv": [ 5.5, 1.5, 6, 4 ], "texture": "#texture" },
        "east":  { "uv": [ 5.5, 1.5, 6, 4 ], "texture": "#texture" }
    }
},
{
    "from": [ 7.75, 10.5, 3 ],
    "to": [ 8.25, 13.5, 4 ],
    "faces": {
        "down":  { "uv": [ 4.5, 4, 5.5, 4.5 ], "rotation": 270, "texture": "#texture" },
        "up":    { "uv": [ 4.5, 1.5, 5.5, 2 ], "rotation": 90, "texture": "#texture" },
        "north": { "uv": [ 4.5, 1.5, 5, 4.5 ], "texture": "#texture" },
        "south": { "uv": [ 5, 1.5, 5.5, 4.5 ], "texture": "#texture" },
        "west":  { "uv": [ 4.5, 1.5, 5.5, 4.5 ], "texture": "#texture" },
        "east":  { "uv": [ 5.5, 1.5, 4.5, 4.5 ], "texture": "#texture" }
    }
},
{
    "from": [ 7.75, 10, 2 ],
    "to": [ 8.25, 13, 3 ],
    "faces": {
        "down":  { "uv": [ 3.5, 4.5, 4.5, 5 ], "rotation": 270, "texture": "#texture" },
        "up":    { "uv": [ 3.5, 2, 4.5, 2.5 ], "rotation": 90, "texture": "#texture" },
        "north": { "uv": [ 3.5, 2, 4, 5 ], "texture": "#texture" },
        "south": { "uv": [ 4, 2, 4.5, 5 ], "texture": "#texture" },
        "west":  { "uv": [ 3.5, 2, 4.5, 5 ], "texture": "#texture" },
        "east":  { "uv": [ 4.5, 2, 3.5, 5 ], "texture": "#texture" }
    }
},
{
    "from": [ 7.75, 9.5, 1.5 ],
    "to": [ 8.25, 12.5, 2 ],
    "faces": {
        "down":  { "uv": [ 3, 5, 3.5, 5.5 ], "texture": "#texture" },
        "up":    { "uv": [ 3, 2.5, 3.5, 3 ], "texture": "#texture" },
        "north": { "uv": [ 3, 2.5, 3.5, 5.5 ], "texture": "#texture" },
        "south": { "uv": [ 3, 2.5, 3.5, 5.5 ], "texture": "#texture" },
        "west":  { "uv": [ 3, 2.5, 3.5, 5.5 ], "texture": "#texture" },
        "east":  { "uv": [ 3, 2.5, 3.5, 5.5 ], "texture": "#texture" }
    }
},
{
    "from": [ 7.75, 9.5, 1 ],
    "to": [ 8.25, 12, 1.5 ],
    "faces": {
        "down":  { "uv": [ 2.5, 5, 3, 5.5 ], "texture": "#texture" },
        "up":    { "uv": [ 2.5, 3, 3, 3.5 ], "texture": "#texture" },
        "north": { "uv": [ 2.5, 3, 3, 5.5 ], "texture": "#texture" },
        "south": { "uv": [ 2.5, 3, 3, 5.5 ], "texture": "#texture" },
        "west":  { "uv": [ 2.5, 3, 3, 5.5 ], "texture": "#texture" },
        "east":  { "uv": [ 2.5, 3, 3, 5.5 ], "texture": "#texture" }
    }
},
{
    "from": [ 7.75, 9, 0.5 ],
    "to": [ 8.25, 11.5, 1 ],
    "faces": {
        "down":  { "uv": [ 2, 5.5, 2.5, 6 ], "texture": "#texture" },
        "up":    { "uv": [ 2, 3.5, 2.5, 4 ], "texture": "#texture" },
        "north": { "uv": [ 2, 3.5, 2.5, 6 ], "texture": "#texture" },
        "south": { "uv": [ 2, 3.5, 2.5, 6 ], "texture": "#texture" },
        "west":  { "uv": [ 2, 3.5, 2.5, 6 ], "texture": "#texture" },
        "east":  { "uv": [ 2, 3.5, 2.5, 6 ], "texture": "#texture" }
    }
},
{
    "from": [ 7.75, 9, 0 ],
    "to": [ 8.25, 11, 0.5 ],
    "faces": {
        "down":  { "uv": [ 1.5, 5.5, 2, 6 ], "texture": "#texture" },
        "up":    { "uv": [ 1.5, 4, 2, 4.5 ], "texture": "#texture" },
        "north": { "uv": [ 1.5, 4, 2, 6 ], "texture": "#texture" },
        "south": { "uv": [ 1.5, 4, 2, 6 ], "texture": "#texture" },
        "west":  { "uv": [ 1.5, 4, 2, 6 ], "texture": "#texture" },
        "east":  { "uv": [ 1.5, 4, 2, 6 ], "texture": "#texture" }
    }
},
{
    "from": [ 7.75, 8.5, -0.5 ],
    "to": [ 8.25, 10.5, 0 ],
    "faces": {
        "down":  { "uv": [ 1, 6, 1.5, 6.5 ], "texture": "#texture" },
        "up":    { "uv": [ 1, 4.5, 1.5, 5 ], "texture": "#texture" },
        "north": { "uv": [ 1, 4.5, 1.5, 6.5 ], "texture": "#texture" },
        "south": { "uv": [ 1, 4.5, 1.5, 6.5 ], "texture": "#texture" },
        "west":  { "uv": [ 1, 4.5, 1.5, 6.5 ], "texture": "#texture" },
        "east":  { "uv": [ 1, 4.5, 1.5, 6.5 ], "texture": "#texture" }
    }
},
{
    "from": [ 7.75, 8.5, -1 ],
    "to": [ 8.25, 10, -0.5 ],
    "faces": {
        "down":  { "uv": [ 0.5, 6, 1, 6.5 ], "texture": "#texture" },
        "up":    { "uv": [ 0.5, 5, 1, 5.5 ], "texture": "#texture" },
        "north": { "uv": [ 0.5, 5, 1, 6.5 ], "texture": "#texture" },
        "south": { "uv": [ 0.5, 5, 1, 6.5 ], "texture": "#texture" },
        "west":  { "uv": [ 0.5, 5, 1, 6.5 ], "texture": "#texture" },
        "east":  { "uv": [ 0.5, 5, 1, 6.5 ], "texture": "#texture" }
    }
},
{
    "from": [ 7.75, 8, -1.5 ],
    "to": [ 8.25, 9, -1 ],
    "faces": {
        "down":  { "uv": [ 0, 6.5, 0.5, 7 ], "texture": "#texture" },
        "up":    { "uv": [ 0, 6, 0.5, 6.5 ], "texture": "#texture" },
        "north": { "uv": [ 0, 6, 0.5, 7 ], "texture": "#texture" },
        "south": { "uv": [ 0, 6, 0.5, 7 ], "texture": "#texture" },
        "west":  { "uv": [ 0, 6, 0.5, 7 ], "texture": "#texture" },
        "east":  { "uv": [ 0, 6, 0.5, 7 ], "texture": "#texture" }
    }
},
{
    "from": [ 7.75, 11.5, 9.5 ],
    "to": [ 8.25, 14.5, 11 ],
    "faces": {
        "down":  { "uv": [ 11, 3, 12.5, 3.5 ], "rotation": 270, "texture": "#texture" },
        "up":    { "uv": [ 11, 0.5, 12.5, 1 ], "rotation": 90, "texture": "#texture" },
        "north": { "uv": [ 11, 0.5, 11.5, 3.5 ], "texture": "#texture" },
        "south": { "uv": [ 12, 0.5, 12.5, 3.5 ], "texture": "#texture" },
        "west":  { "uv": [ 11, 0.5, 12.5, 3.5 ], "texture": "#texture" },
        "east":  { "uv": [ 12.5, 0.5, 11, 3.5 ], "texture": "#texture" }
    }
},
{
    "from": [ 7.75, 11.5, 11 ],
    "to": [ 8.25, 14, 12 ],
    "faces": {
        "down":  { "uv": [ 12.5, 3, 13.5, 3.5 ], "rotation": 270, "texture": "#texture" },
        "up":    { "uv": [ 12.5, 1, 13.5, 1.5 ], "rotation": 90, "texture": "#texture" },
        "north": { "uv": [ 12.5, 1, 13, 3.5 ], "texture": "#texture" },
        "south": { "uv": [ 13, 1, 13.5, 3.5 ], "texture": "#texture" },
        "west":  { "uv": [ 12.5, 1, 13.5, 3.5 ], "texture": "#texture" },
        "east":  { "uv": [ 13.5, 1, 12.5, 3.5 ], "texture": "#texture" }
    }
},
{
    "from": [ 7.75, 11.5, 12 ],
    "to": [ 8.25, 13.5, 13 ],
    "faces": {
        "down":  { "uv": [ 13.5, 3, 14.5, 3.5 ], "rotation": 270, "texture": "#texture" },
        "up":    { "uv": [ 13.5, 1.5, 14.5, 2 ], "rotation": 90, "texture": "#texture" },
        "north": { "uv": [ 13.5, 1.5, 14, 3.5 ], "texture": "#texture" },
        "south": { "uv": [ 14, 1.5, 14.5, 3.5 ], "texture": "#texture" },
        "west":  { "uv": [ 13.5, 1.5, 14.5, 3.5 ], "texture": "#texture" },
        "east":  { "uv": [ 14.5, 1.5, 13.5, 3.5 ], "texture": "#texture" }
    }
},
{
    "from": [ 7.5, -0.5, 7 ],
    "to": [ 8.5, 0, 9 ],
    "faces": {
        "down":  { "uv": [ 11.5, 15, 13.5, 16 ], "texture": "#texture" },
        "up":    { "uv": [ 11.5, 13, 13.5, 14 ], "rotation": 90, "texture": "#texture" },
        "north": { "uv": [ 11.5, 13, 12, 13.5 ], "texture": "#texture" },
        "south": { "uv": [ 13, 13, 13.5, 13.5 ], "texture": "#texture" },
        "west":  { "uv": [ 11.5, 13, 13.5, 13.5 ], "texture": "#texture" },
        "east":  { "uv": [ 13.5, 13, 11.5, 13.5 ], "texture": "#texture" }
    }
},
{
    "from": [ 7.5, -2.5, 6.5 ],
    "to": [ 8.5, -0.5, 9.5 ],
    "faces": {
        "down":  { "uv": [ 11, 15, 14, 15.5 ], "rotation": 270, "texture": "#texture" },
        "up":    { "uv": [ 11, 13.5, 14, 14 ], "rotation": 90, "texture": "#texture" },
        "north": { "uv": [ 11, 13.5, 11.5, 15.5 ], "texture": "#texture" },
        "south": { "uv": [ 13.5, 13.5, 14, 15.5 ], "texture": "#texture" },
        "west":  { "uv": [ 11, 13.5, 14, 15.5 ], "texture": "#texture" },
        "east":  { "uv": [ 14, 13.5, 11, 15.5 ], "texture": "#texture" }
    }
},
{
    "from": [ 7.5, -3, 7 ],
    "to": [ 8.5, -2.5, 9 ],
    "faces": {
        "down":  { "uv": [ 11.5, 15.5, 13.5, 16 ], "rotation": 270, "texture": "#texture" },
        "up":    { "uv": [ 11.5, 11.5, 12.5, 13.5 ], "texture": "#texture" },
        "north": { "uv": [ 11.5, 15.5, 12, 16 ], "texture": "#texture" },
        "south": { "uv": [ 13, 15.5, 13.5, 16 ], "texture": "#texture" },
        "west":  { "uv": [ 11.5, 15.5, 13.5, 16 ], "texture": "#texture" },
        "east":  { "uv": [ 13.5, 15.5, 11.5, 16 ], "texture": "#texture" }
    }
},
{
    "from": [ 7.1875, -2.5, 7.5 ],
    "to": [ 8.6875, -0.5, 8.5 ],
    "faces": {
        "down":  { "uv": [ 12, 15, 13, 15.5 ], "rotation": 270, "texture": "#texture" },
        "up":    { "uv": [ 12, 13.5, 13, 14 ], "rotation": 90, "texture": "#texture" },
        "north": { "uv": [ 12, 13.5, 12.5, 15.5 ], "texture": "#texture" },
        "south": { "uv": [ 12.5, 13.5, 13, 15.5 ], "texture": "#texture" },
        "west":  { "uv": [ 12, 13.5, 13, 15.5 ], "texture": "#texture" },
        "east":  { "uv": [ 13, 13.5, 12, 15.5 ], "texture": "#texture" }
    }
},
{
    "from": [ 7.1875, -2, 7 ],
    "to": [ 8.6875, -1, 9 ],
    "faces": {
        "down":  { "uv": [ 11.5, 14.5, 13.5, 15 ], "rotation": 270, "texture": "#texture" },
        "up":    { "uv": [ 11.5, 14, 13.5, 14.5 ], "rotation": 90, "texture": "#texture" },
        "north": { "uv": [ 11.5, 14, 12, 15 ], "texture": "#texture" },
        "south": { "uv": [ 13, 14, 13.5, 15 ], "texture": "#texture" },
        "west":  { "uv": [ 11.5, 14, 13.5, 15 ], "texture": "#texture" },
        "east":  { "uv": [ 13.5, 14, 11.5, 15 ], "texture": "#texture" }
    }
},
{
    "from": [ 7.1875, 11.5, 7 ],
    "to": [ 8.6875, 14.5, 9 ],
    "faces": {
        "down":  { "uv": [ 8.5, 3, 10.5, 3.5 ], "rotation": 270, "texture": "#texture" },
        "up":    { "uv": [ 8.5, 0.5, 10.5, 1 ], "rotation": 90, "texture": "#texture" },
        "north": { "uv": [ 8.5, 0.5, 9, 3.5 ], "texture": "#texture" },
        "south": { "uv": [ 10, 0.5, 10.5, 3.5 ], "texture": "#texture" },
        "west":  { "uv": [ 8.5, 0.5, 10.5, 3.5 ], "texture": "#texture" },
        "east":  { "uv": [ 10.5, 0.5, 8.5, 3.5 ], "texture": "#texture" }
    }
},
{
    "from": [ 7.5, 12, 5.5 ],
    "to": [ 8.5, 14, 6.5 ],
    "faces": {
        "down":  { "uv": [ 7, 2.5, 8, 3 ], "rotation": 270, "texture": "#texture" },
        "up":    { "uv": [ 7, 1, 8, 1.5 ], "rotation": 90, "texture": "#texture" },
        "north": { "uv": [ 7, 1, 7.5, 3 ], "texture": "#texture" },
        "south": { "uv": [ 7.5, 1, 8, 3 ], "texture": "#texture" },
        "west":  { "uv": [ 7, 1, 8, 3 ], "texture": "#texture" },
        "east":  { "uv": [ 8, 1, 7, 3 ], "texture": "#texture" }
    }
},
{
    "from": [ 7.5, 11.5, 4.5 ],
    "to": [ 8.5, 13.5, 5.5 ],
    "faces": {
        "down":  { "uv": [ 6, 3, 7, 3.5 ], "rotation": 270, "texture": "#texture" },
        "up":    { "uv": [ 6, 1.5, 7, 2 ], "rotation": 90, "texture": "#texture" },
        "north": { "uv": [ 6, 1.5, 6.5, 3.5 ], "texture": "#texture" },
        "south": { "uv": [ 6.5, 1.5, 7, 3.5 ], "texture": "#texture" },
        "west":  { "uv": [ 6, 1.5, 7, 3.5 ], "texture": "#texture" },
        "east":  { "uv": [ 7, 1.5, 6, 3.5 ], "texture": "#texture" }
    }
},
{
    "from": [ 7.5, 11.5, 3.5 ],
    "to": [ 8.5, 13, 4.5 ],
    "faces": {
        "down":  { "uv": [ 5, 3, 6, 3.5 ], "rotation": 270, "texture": "#texture" },
        "up":    { "uv": [ 5, 2, 6, 2.5 ], "rotation": 90, "texture": "#texture" },
        "north": { "uv": [ 5, 2, 5.5, 3.5 ], "texture": "#texture" },
        "south": { "uv": [ 5.5, 2, 6, 3.5 ], "texture": "#texture" },
        "west":  { "uv": [ 5, 2, 6, 3.5 ], "texture": "#texture" },
        "east":  { "uv": [ 6, 2, 5, 3.5 ], "texture": "#texture" }
    }
},
{
    "from": [ 7.5, 11, 2.5 ],
    "to": [ 8.5, 12.5, 3.5 ],
    "faces": {
        "down":  { "uv": [ 4, 3.5, 5, 4 ], "rotation": 270, "texture": "#texture" },
        "up":    { "uv": [ 4, 2.5, 5, 3 ], "rotation": 90, "texture": "#texture" },
        "north": { "uv": [ 4, 2.5, 4.5, 4 ], "texture": "#texture" },
        "south": { "uv": [ 4.5, 2.5, 5, 4 ], "texture": "#texture" },
        "west":  { "uv": [ 4, 2.5, 5, 4 ], "texture": "#texture" },
        "east":  { "uv": [ 5, 2.5, 4, 4 ], "texture": "#texture" }
    }
},
{
    "from": [ 7.5, 10.5, 2 ],
    "to": [ 8.5, 12, 2.5 ],
    "faces": {
        "down":  { "uv": [ 3.5, 4, 4, 4.5 ], "rotation": 270, "texture": "#texture" },
        "up":    { "uv": [ 3.5, 3, 4, 3.5 ], "rotation": 90, "texture": "#texture" },
        "north": { "uv": [ 3.5, 3, 4, 4.5 ], "texture": "#texture" },
        "south": { "uv": [ 3.5, 3, 4, 4.5 ], "texture": "#texture" },
        "west":  { "uv": [ 3.5, 3, 4, 4.5 ], "texture": "#texture" },
        "east":  { "uv": [ 3.5, 3, 4, 4.5 ], "texture": "#texture" }
    }
},
{
    "from": [ 7.5, 10.5, 1.5 ],
    "to": [ 8.5, 11.5, 2 ],
    "faces": {
        "down":  { "uv": [ 3, 4.5, 3.5, 5 ], "rotation": 270, "texture": "#texture" },
        "up":    { "uv": [ 3, 3.5, 3.5, 4 ], "rotation": 90, "texture": "#texture" },
        "north": { "uv": [ 3, 3.5, 3.5, 4.5 ], "texture": "#texture" },
        "south": { "uv": [ 3, 3.5, 3.5, 4.5 ], "texture": "#texture" },
        "west":  { "uv": [ 3, 3.5, 3.5, 4.5 ], "texture": "#texture" },
        "east":  { "uv": [ 3, 3.5, 3.5, 4.5 ], "texture": "#texture" }
    }
},
{
    "from": [ 7.5, 10, 1 ],
    "to": [ 8.5, 11, 1.5 ],
    "faces": {
        "down":  { "uv": [ 2.5, 4.5, 3, 5 ], "rotation": 270, "texture": "#texture" },
        "up":    { "uv": [ 2.5, 4, 3, 4.5 ], "rotation": 90, "texture": "#texture" },
        "north": { "uv": [ 2.5, 4, 3, 5 ], "texture": "#texture" },
        "south": { "uv": [ 2.5, 4, 3, 5 ], "texture": "#texture" },
        "west":  { "uv": [ 2.5, 4, 3, 5 ], "texture": "#texture" },
        "east":  { "uv": [ 2.5, 4, 3, 5 ], "texture": "#texture" }
    }
},
{
    "from": [ 7.5, 12, 9.5 ],
    "to": [ 8.5, 14, 10.5 ],
    "faces": {
        "down":  { "uv": [ 11, 2.5, 12, 3 ], "rotation": 270, "texture": "#texture" },
        "up":    { "uv": [ 11, 1, 12, 1.5 ], "rotation": 90, "texture": "#texture" },
        "north": { "uv": [ 11, 1, 11.5, 3 ], "texture": "#texture" },
        "south": { "uv": [ 11.5, 1, 12, 3 ], "texture": "#texture" },
        "west":  { "uv": [ 11, 1, 12, 3 ], "texture": "#texture" },
        "east":  { "uv": [ 12, 1, 11, 3 ], "texture": "#texture" }
    }
},
{
    "from": [ 7.5, 12, 10.5 ],
    "to": [ 8.5, 13.5, 11.5 ],
    "faces": {
        "down":  { "uv": [ 12, 2.5, 13, 3 ], "rotation": 270, "texture": "#texture" },
        "up":    { "uv": [ 12, 1.5, 13, 2 ], "rotation": 90, "texture": "#texture" },
        "north": { "uv": [ 12, 1.5, 12.5, 3 ], "texture": "#texture" },
        "south": { "uv": [ 12.5, 1.5, 13, 3 ], "texture": "#texture" },
        "west":  { "uv": [ 12, 1.5, 13, 3 ], "texture": "#texture" },
        "east":  { "uv": [ 13, 1.5, 12, 3 ], "texture": "#texture" }
    }
},
{
    "from": [ 7.5, 12, 11.5 ],
    "to": [ 8.5, 13, 12.5 ],
    "faces": {
        "down":  { "uv": [ 13, 2, 14, 2.5 ], "rotation": 270, "texture": "#texture" },
        "up":    { "uv": [ 13, 2, 14, 2.5 ], "rotation": 90, "texture": "#texture" },
        "north": { "uv": [ 13, 2, 13.5, 3 ], "texture": "#texture" },
        "south": { "uv": [ 13.5, 2, 14, 3 ], "texture": "#texture" },
        "west":  { "uv": [ 13, 2, 14, 3 ], "texture": "#texture" },
        "east":  { "uv": [ 14, 2, 13, 3 ], "texture": "#texture" }
    }
},
{
    "from": [ 7.5, 0, 7.5 ],
    "to": [ 8.5, 11, 8.5 ],
    "faces": {
        "down":  { "uv": [ 8.5, 8.5, 7.5, 7.5 ], "texture": "#texture" },
        "up":    { "uv": [ 8, 7.5, 9, 8.5 ], "texture": "#texture" },
        "north": { "uv": [ 9, 4, 9.5, 15 ], "texture": "#texture" },
        "south": { "uv": [ 9.5, 4, 10, 15 ], "texture": "#texture" },
        "west":  { "uv": [ 9, 4, 10, 15 ], "texture": "#texture" },
        "east":  { "uv": [ 10, 4, 9, 15 ], "texture": "#texture" }
    }
}
],
"display": {
    "thirdperson_righthand": {
        "rotation": [ 0, 0, 0 ],
        "translation": [ 0, 3.21, 1.89 ],
        "scale": [ 1, 1, 1 ]
    },
    "ground": {
        "rotation": [ 45, 0, 0 ],
        "translation": [ 0, 3.97, 0 ],
        "scale": [ 0.4, 0.4, 0.4 ]
    },
    "fixed": {
        "rotation": [ 90, -45, 90 ],
        "translation": [ 0, 0, 0 ],
        "scale": [ 1, 1, 1 ]
    },
    "firstperson_righthand": {
        "rotation": [ 18, 3, -3 ],
        "translation": [ 5.1, 0.38, -4.35 ],
        "scale": [ 1.2, 1.2, 1.2 ]
    },
    "gui": {
        "rotation": [ 90, 45, -90 ],
        "translation": [ 0.56, 0.19, 0 ],
        "scale": [ 0.9, 0.9, 0.9 ]
    }
}
}