{
"__comment": "Designed by tomaxed with Cubik",
"textures": {
    "particle": "items/minecart",
    "texture": "items/minecart",
    "hopper_inside": "blocks/hopper_inside",
    "hopper_outside": "blocks/hopper_outside",
    "hopper_top": "blocks/hopper_top"
},
"elements": [ 
{
    "from": [ 0, 2, 0 ],
    "to": [ 1.5, 9, 16 ],
    "faces": {
        "north": { "uv": [ 0, 0.5, 0.5, 2.5 ], "texture": "#texture" },
        "south": { "uv": [ 0, 0.5, 0.5, 2.5 ], "texture": "#texture" },
        "west":  { "uv": [ 4.5, 0.5, 9, 2.5 ], "texture": "#texture" },
        "east":  { "uv": [ 4.5, 0.5, 9, 2.5 ], "texture": "#texture" }
    }
},
{
    "from": [ 0, 0, 0 ],
    "to": [ 1.5, 2, 16 ],
    "faces": {
        "down":  { "uv": [ 16, 16, 15, 0 ], "texture": "#texture" },
        "up":    { "uv": [ 0, 0, 1, 16 ], "texture": "#texture" },
        "north": { "uv": [ 15, 14, 16, 16 ], "texture": "#texture" },
        "south": { "uv": [ 0, 14, 1, 16 ], "texture": "#texture" },
        "west":  { "uv": [ 9.5, 0.5, 14, 1 ], "texture": "#texture" },
        "east":  { "uv": [ 9.5, 0.5, 14, 1 ], "texture": "#texture" }
    }
},
{
    "from": [ 10.5, 0, 0 ],
    "to": [ 12, 2, 16 ],
    "faces": {
        "down":  { "uv": [ 16, 16, 15, 0 ], "texture": "#texture" },
        "up":    { "uv": [ 0, 0, 1, 16 ], "texture": "#texture" },
        "north": { "uv": [ 15, 14, 16, 16 ], "texture": "#texture" },
        "south": { "uv": [ 0, 14, 1, 16 ], "texture": "#texture" },
        "west":  { "uv": [ 9.5, 0.5, 14, 1 ], "texture": "#texture" },
        "east":  { "uv": [ 9.5, 0.5, 14, 1 ], "texture": "#texture" }
    }
},
{
    "from": [ 10.5, 2, 0 ],
    "to": [ 12, 9, 16 ],
    "faces": {
        "north": { "uv": [ 0, 0.5, 0.5, 2.5 ], "texture": "#texture" },
        "south": { "uv": [ 0, 0.5, 0.5, 2.5 ], "texture": "#texture" },
        "west":  { "uv": [ 4.5, 0.5, 9, 2.5 ], "texture": "#texture" },
        "east":  { "uv": [ 4.5, 0.5, 9, 2.5 ], "texture": "#texture" }
    }
},
{
    "from": [ 1.5, 2, 0 ],
    "to": [ 10.5, 9, 1.5 ],
    "faces": {
        "north": { "uv": [ 5, 0.5, 7.5, 2.5 ], "texture": "#texture" },
        "south": { "uv": [ 5, 0.5, 7.5, 2.5 ], "texture": "#texture" },
        "west":  { "uv": [ 0, 0.5, 0.5, 2.5 ], "texture": "#texture" },
        "east":  { "uv": [ 0, 0.5, 0.5, 2.5 ], "texture": "#texture" }
    }
},
{
    "from": [ 1.5, 2, 14.5 ],
    "to": [ 10.5, 9, 16 ],
    "faces": {
        "north": { "uv": [ 5, 0.5, 7.5, 2.5 ], "texture": "#texture" },
        "south": { "uv": [ 5, 0.5, 7.5, 2.5 ], "texture": "#texture" },
        "west":  { "uv": [ 0, 0.5, 0.5, 2.5 ], "texture": "#texture" },
        "east":  { "uv": [ 0, 0.5, 0.5, 2.5 ], "texture": "#texture" }
    }
},
{
    "from": [ 0, 8.9375, 0 ],
    "to": [ 12, 9, 16 ],
    "faces": {
        "down":  { "uv": [ 11, 7, 16, 3 ], "rotation": 270, "texture": "#texture" },
        "up":    { "uv": [ 11, 3, 16, 7 ], "rotation": 90, "texture": "#texture" }
    }
},
{
    "from": [ 0, 0, 0 ],
    "to": [ 12, 2, 0.0625 ],
    "faces": {
        "north": { "uv": [ 4.5, 2, 8.5, 2.5 ], "texture": "#texture" },
        "south": { "uv": [ 4.5, 2, 8.5, 2.5 ], "texture": "#texture" }
    }
},
{
    "from": [ 0, 0, 16 ],
    "to": [ 12, 2, 16.0625 ],
    "faces": {
        "north": { "uv": [ 4.5, 2, 8.5, 2.5 ], "texture": "#texture" },
        "south": { "uv": [ 4.5, 2, 8.5, 2.5 ], "texture": "#texture" }
    }
},
{
    "from": [ 0, -0.0625, 0 ],
    "to": [ 12, 0, 16 ],
    "faces": {
        "down":  { "uv": [ 0.5, 3, 5.5, 7 ], "rotation": 270, "texture": "#texture" },
        "up":    { "uv": [ 0.5, 3, 5.5, 7 ], "rotation": 90, "texture": "#texture" }
    }
},
{
    "from": [ 1.5, 2.9375, 1.5 ],
    "to": [ 10.5, 3, 14.5 ],
    "faces": {
        "down":  { "uv": [ 6.5, 3.5, 10.5, 6.5 ], "rotation": 270, "texture": "#texture" },
        "up":    { "uv": [ 6.5, 3.5, 10.5, 6.5 ], "rotation": 90, "texture": "#texture" }
    }
},
{
    "from": [ 1.5, 7, 4 ],
    "to": [ 10.5, 10, 12.5 ],
    "faces": {
        "down":  { "uv": [ 0, 0, 16, 16 ], "texture": "#hopper_outside" },
        "up":    { "uv": [ 0, 0, 16, 16 ], "texture": "#hopper_top" },
        "north": { "uv": [ 0, 0, 16, 16 ], "texture": "#hopper_outside" },
        "south": { "uv": [ 0, 0, 16, 16 ], "texture": "#hopper_outside" },
        "west":  { "uv": [ 0, 0, 16, 16 ], "texture": "#hopper_outside" },
        "east":  { "uv": [ 0, 0, 16, 16 ], "texture": "#hopper_outside" }
    }
},
{
    "from": [ 3.5, 4, 5.5 ],
    "to": [ 8.5, 7, 11 ],
    "faces": {
        "down":  { "uv": [ 0, 0, 16, 16 ], "texture": "#hopper_outside" },
        "up":    { "uv": [ 0, 0, 16, 16 ], "texture": "#hopper_outside" },
        "north": { "uv": [ 0, 0, 16, 16 ], "texture": "#hopper_outside" },
        "south": { "uv": [ 0, 0, 16, 16 ], "texture": "#hopper_outside" },
        "west":  { "uv": [ 0, 0, 16, 16 ], "texture": "#hopper_outside" },
        "east":  { "uv": [ 0, 0, 16, 16 ], "texture": "#hopper_outside" }
    }
},
{
    "from": [ 4.5, 2, 7 ],
    "to": [ 7.5, 4, 9.5 ],
    "faces": {
        "down":  { "uv": [ 11.5, 9.5, 8.5, 7 ], "texture": "#hopper_outside" },
        "north": { "uv": [ 8.5, 12, 11.5, 14 ], "texture": "#hopper_outside" },
        "south": { "uv": [ 4.5, 12, 7.5, 14 ], "texture": "#hopper_outside" },
        "west":  { "uv": [ 7, 12, 9.5, 14 ], "texture": "#hopper_outside" },
        "east":  { "uv": [ 6.5, 12, 9, 14 ], "texture": "#hopper_outside" }
    }
},
{
    "from": [ 3, 7.5, 5.5 ],
    "to": [ 3.0625, 10, 11 ],
    "faces": {
        "down":  { "uv": [ 0, 0, 16, 16 ], "texture": "#hopper_inside" },
        "north": { "uv": [ 2, 0, 14, 8 ], "texture": "#hopper_inside" },
        "south": { "uv": [ 2, 0, 14, 8 ], "texture": "#hopper_inside" },
        "west":  { "uv": [ 2, 0, 14, 8 ], "texture": "#hopper_inside" },
        "east":  { "uv": [ 2, 0, 14, 8 ], "texture": "#hopper_inside" }
    }
},
{
    "from": [ 3, 7.5, 5.5 ],
    "to": [ 9, 10, 5.5625 ],
    "faces": {
        "north": { "uv": [ 7, 6, 13, 8.5 ], "texture": "#hopper_inside" },
        "south": { "uv": [ 3, 6, 9, 8.5 ], "texture": "#hopper_inside" },
        "west":  { "uv": [ 5.5, 6, 5.5625, 8.5 ], "texture": "#hopper_inside" },
        "east":  { "uv": [ 10.4375, 6, 10.5, 8.5 ], "texture": "#hopper_inside" }
    }
},
{
    "from": [ 9, 7.5, 5.5 ],
    "to": [ 9.0625, 10, 11 ],
    "faces": {
        "down":  { "uv": [ 0, 0, 16, 16 ], "texture": "#hopper_inside" },
        "north": { "uv": [ 2, 0, 14, 8 ], "texture": "#hopper_inside" },
        "south": { "uv": [ 2, 0, 14, 8 ], "texture": "#hopper_inside" },
        "west":  { "uv": [ 2, 0, 14, 8 ], "texture": "#hopper_inside" },
        "east":  { "uv": [ 2, 0, 14, 8 ], "texture": "#hopper_inside" }
    }
},
{
    "from": [ 3, 7.5, 11 ],
    "to": [ 9, 10, 11.0625 ],
    "faces": {
        "north": { "uv": [ 7, 6, 13, 8.5 ], "texture": "#hopper_inside" },
        "south": { "uv": [ 3, 6, 9, 8.5 ], "texture": "#hopper_inside" },
        "west":  { "uv": [ 11, 6, 11.0625, 8.5 ], "texture": "#hopper_inside" },
        "east":  { "uv": [ 4.9375, 6, 5, 8.5 ], "texture": "#hopper_inside" }
    }
},
{
    "from": [ 3, 7.9375, 5.5 ],
    "to": [ 9, 8, 11 ],
    "faces": {
        "up":    { "uv": [ 3, 5.5, 9, 11 ], "texture": "#hopper_inside" }
    }
}
],
"display": {
    "thirdperson_righthand": {
        "rotation": [ 35, 30, 6 ],
        "translation": [ 1, 3.02, 2.27 ],
        "scale": [ 0.3, 0.3, 0.3 ]
    },
    "head": {
        "rotation": [ 0, 0, 0 ],
        "translation": [ 2, 14.55, 0 ],
        "scale": [ 1, 1, 1 ]
    },
    "ground": {
        "rotation": [ 0, 0, 0 ],
        "translation": [ 0, 2, 0 ],
        "scale": [ 0.3, 0.3, 0.3 ]
    },
    "fixed": {
        "rotation": [ 0, 90, 0 ],
        "translation": [ 0, 3.21, -4.72 ],
        "scale": [ 0.8, 0.8, 0.8 ]
    },
    "firstperson_righthand": {
        "rotation": [ -1, 14, 7 ],
        "translation": [ 5.09, 0.56, -6.24 ],
        "scale": [ 1, 1, 1 ]
    },
    "gui": {
        "rotation": [ 30, -225, 0 ],
        "translation": [ -1, 2.5, 0 ],
        "scale": [ 0.7, 0.7, 0.7 ]
    }
}
}