{
"__comment": "Designed by tomaxed with Cubik",
"textures": {
    "particle": "weaponstools/iron_axe",
    "texture": "weaponstools/iron_axe"
},

"overrides": [
		{ "predicate": {"damaged": 0, "damage": 0.00398406374501992}, "model": "predicate/iron_axe1"},
		{ "predicate": {"damaged": 0, "damage": 0.00796812749003984}, "model": "predicate/iron_axe2"},
		{ "predicate": {"damaged": 0, "damage": 0.01195219123505976}, "model": "predicate/iron_axe3"},
		{ "predicate": {"damaged": 0, "damage": 0.01593625498007968}, "model": "predicate/iron_axe4"},
		{ "predicate": {"damaged": 0, "damage": 0.0199203187250996}, "model": "predicate/iron_axe5"},
		
		
		{ "predicate": {"damaged": 1, "damage": 0.00398406374501992}, "model": "item/iron_axe"},
		{ "predicate": {"damaged": 1, "damage": 0.00796812749003984}, "model": "item/iron_axe"},
		{ "predicate": {"damaged": 1, "damage": 0.01195219123505976}, "model": "item/iron_axe"},
		{ "predicate": {"damaged": 1, "damage": 0.01593625498007968}, "model": "item/iron_axe"},
		{ "predicate": {"damaged": 1, "damage": 0.0199203187250996}, "model": "item/iron_axe"}
	],
	
"elements": [ 
{
    "from": [ 7.75, 0, 6.5 ],
    "to": [ 8.25, 3, 9 ],
    "faces": {
        "down":  { "uv": [ 6.5, 13, 9, 13.5 ], "rotation": 270, "texture": "#texture" },
        "north": { "uv": [ 6.5, 13, 7, 16 ], "texture": "#texture" },
        "south": { "uv": [ 8.5, 13, 9, 16 ], "texture": "#texture" },
        "west":  { "uv": [ 6.5, 13, 9, 16 ], "texture": "#texture" },
        "east":  { "uv": [ 9, 13, 6.5, 16 ], "texture": "#texture" }
    }
},
{
    "from": [ 7.75, 3, 6 ],
    "to": [ 8.25, 3.5, 9.5 ],
    "faces": {
        "down":  { "uv": [ 6, 12.5, 9.5, 13 ], "rotation": 270, "texture": "#texture" },
        "north": { "uv": [ 6, 12.5, 6.5, 13 ], "texture": "#texture" },
        "south": { "uv": [ 9, 12.5, 9.5, 13 ], "texture": "#texture" },
        "west":  { "uv": [ 6, 12.5, 9.5, 13 ], "texture": "#texture" },
        "east":  { "uv": [ 9.5, 12.5, 6, 13 ], "texture": "#texture" }
    }
},
{
    "from": [ 7.75, 3.5, 5.5 ],
    "to": [ 8.25, 5, 10 ],
    "faces": {
        "down":  { "uv": [ 5.5, 12, 10, 12.5 ], "rotation": 270, "texture": "#texture" },
        "up":    { "uv": [ 5.5, 11, 10, 11.5 ], "rotation": 90, "texture": "#texture" },
        "north": { "uv": [ 5.5, 11, 6, 12.5 ], "texture": "#texture" },
        "south": { "uv": [ 9.5, 11, 10, 12.5 ], "texture": "#texture" },
        "west":  { "uv": [ 5.5, 11, 10, 12.5 ], "texture": "#texture" },
        "east":  { "uv": [ 10, 11, 5.5, 12.5 ], "texture": "#texture" }
    }
},
{
    "from": [ 7.75, 5, 6 ],
    "to": [ 8.25, 5.5, 9.5 ],
    "faces": {
        "up":    { "uv": [ 6, 10.5, 9.5, 11 ], "rotation": 90, "texture": "#texture" },
        "north": { "uv": [ 6, 10.5, 6.5, 11 ], "texture": "#texture" },
        "south": { "uv": [ 9, 10.5, 9.5, 11 ], "texture": "#texture" },
        "west":  { "uv": [ 6, 10.5, 9.5, 11 ], "texture": "#texture" },
        "east":  { "uv": [ 9.5, 10.5, 6, 11 ], "texture": "#texture" }
    }
},
{
    "from": [ 7.75, 5.5, 6 ],
    "to": [ 8.25, 6.5, 9 ],
    "faces": {
        "north": { "uv": [ 6, 9.5, 6.5, 10.5 ], "texture": "#texture" },
        "south": { "uv": [ 8.5, 9.5, 9, 10.5 ], "texture": "#texture" },
        "west":  { "uv": [ 6, 9.5, 9, 10.5 ], "texture": "#texture" },
        "east":  { "uv": [ 9, 9.5, 6, 10.5 ], "texture": "#texture" }
    }
},
{
    "from": [ 7.75, 6.5, 6 ],
    "to": [ 8.25, 7.5, 9.5 ],
    "faces": {
        "down":  { "uv": [ 6, 8.5, 9.5, 9 ], "rotation": 270, "texture": "#texture" },
        "up":    { "uv": [ 6, 8.5, 9.5, 9 ], "rotation": 90, "texture": "#texture" },
        "north": { "uv": [ 6, 8.5, 6.5, 9.5 ], "texture": "#texture" },
        "south": { "uv": [ 9, 8.5, 9.5, 9.5 ], "texture": "#texture" },
        "west":  { "uv": [ 6, 8.5, 9.5, 9.5 ], "texture": "#texture" },
        "east":  { "uv": [ 9.5, 8.5, 6, 9.5 ], "texture": "#texture" }
    }
},
{
    "from": [ 7.75, 7.5, 6.5 ],
    "to": [ 8.25, 8, 16 ],
    "faces": {
        "down":  { "uv": [ 6.5, 8, 16, 8.5 ], "rotation": 270, "texture": "#texture" },
        "north": { "uv": [ 6.5, 8, 7, 8.5 ], "texture": "#texture" },
        "south": { "uv": [ 15.5, 8, 16, 8.5 ], "texture": "#texture" },
        "west":  { "uv": [ 6.5, 8, 16, 8.5 ], "texture": "#texture" },
        "east":  { "uv": [ 16, 8, 6.5, 8.5 ], "texture": "#texture" }
    }
},
{
    "from": [ 7.75, 7, 10.5 ],
    "to": [ 8.25, 7.5, 16 ],
    "faces": {
        "down":  { "uv": [ 11.5, 9, 16, 9.5 ], "rotation": 270, "texture": "#texture" },
        "north": { "uv": [ 10.5, 8.5, 11, 9 ], "texture": "#texture" },
        "south": { "uv": [ 15.5, 8.5, 16, 9 ], "texture": "#texture" },
        "west":  { "uv": [ 10.5, 8.5, 16, 9 ], "texture": "#texture" },
        "east":  { "uv": [ 16, 8.5, 10.5, 9 ], "texture": "#texture" }
    }
},
{
    "from": [ 7.75, 6.5, 11.5 ],
    "to": [ 8.25, 7, 16 ],
    "faces": {
        "down":  { "uv": [ 11.5, 9, 16, 9.5 ], "rotation": 270, "texture": "#texture" },
        "north": { "uv": [ 11.5, 9, 12, 9.5 ], "texture": "#texture" },
        "south": { "uv": [ 15.5, 9, 16, 9.5 ], "texture": "#texture" },
        "west":  { "uv": [ 11.5, 9, 16, 9.5 ], "texture": "#texture" },
        "east":  { "uv": [ 16, 9, 11.5, 9.5 ], "texture": "#texture" }
    }
},
{
    "from": [ 7.75, 6, 12 ],
    "to": [ 8.25, 6.5, 16 ],
    "faces": {
        "down":  { "uv": [ 12, 9.5, 16, 10 ], "rotation": 270, "texture": "#texture" },
        "north": { "uv": [ 12, 9.5, 12.5, 10 ], "texture": "#texture" },
        "south": { "uv": [ 15.5, 9.5, 16, 10 ], "texture": "#texture" },
        "west":  { "uv": [ 12, 9.5, 16, 10 ], "texture": "#texture" },
        "east":  { "uv": [ 16, 9.5, 12, 10 ], "texture": "#texture" }
    }
},
{
    "from": [ 7.75, 4, 12 ],
    "to": [ 8.25, 6, 15.5 ],
    "faces": {
        "down":  { "uv": [ 12, 11.5, 15.5, 12 ], "rotation": 270, "texture": "#texture" },
        "north": { "uv": [ 12, 10, 12.5, 12 ], "texture": "#texture" },
        "south": { "uv": [ 15, 10, 15.5, 12 ], "texture": "#texture" },
        "west":  { "uv": [ 12, 10, 15.5, 12 ], "texture": "#texture" },
        "east":  { "uv": [ 15.5, 10, 12, 12 ], "texture": "#texture" }
    }
},
{
    "from": [ 7.75, 3.5, 11.5 ],
    "to": [ 8.25, 4, 15 ],
    "faces": {
        "down":  { "uv": [ 11.5, 12, 15, 12.5 ], "rotation": 270, "texture": "#texture" },
        "up":    { "uv": [ 11.5, 12, 15, 12.5 ], "rotation": 90, "texture": "#texture" },
        "north": { "uv": [ 11.5, 12, 12, 12.5 ], "texture": "#texture" },
        "south": { "uv": [ 14.5, 12, 15, 12.5 ], "texture": "#texture" },
        "west":  { "uv": [ 11.5, 12, 15, 12.5 ], "texture": "#texture" },
        "east":  { "uv": [ 15, 12, 11.5, 12.5 ], "texture": "#texture" }
    }
},
{
    "from": [ 7.75, 2.5, 11.5 ],
    "to": [ 8.25, 3.5, 14.5 ],
    "faces": {
        "down":  { "uv": [ 11.5, 13, 14.5, 13.5 ], "rotation": 270, "texture": "#texture" },
        "north": { "uv": [ 11.5, 12.5, 12, 13.5 ], "texture": "#texture" },
        "south": { "uv": [ 14, 12.5, 14.5, 13.5 ], "texture": "#texture" },
        "west":  { "uv": [ 11.5, 12.5, 14.5, 13.5 ], "texture": "#texture" },
        "east":  { "uv": [ 14.5, 12.5, 11.5, 13.5 ], "texture": "#texture" }
    }
},
{
    "from": [ 7.75, 2, 11.5 ],
    "to": [ 8.25, 2.5, 14 ],
    "faces": {
        "down":  { "uv": [ 11.5, 13.5, 14, 14 ], "rotation": 270, "texture": "#texture" },
        "north": { "uv": [ 11.5, 13.5, 12, 14 ], "texture": "#texture" },
        "south": { "uv": [ 13.5, 13.5, 14, 14 ], "texture": "#texture" },
        "west":  { "uv": [ 11.5, 13.5, 14, 14 ], "texture": "#texture" },
        "east":  { "uv": [ 14, 13.5, 11.5, 14 ], "texture": "#texture" }
    }
},
{
    "from": [ 7.75, 1.5, 12 ],
    "to": [ 8.25, 2, 14 ],
    "faces": {
        "down":  { "uv": [ 12, 14, 14, 14.5 ], "rotation": 270, "texture": "#texture" },
        "north": { "uv": [ 12, 14, 12.5, 14.5 ], "texture": "#texture" },
        "south": { "uv": [ 13.5, 14, 14, 14.5 ], "texture": "#texture" },
        "west":  { "uv": [ 12, 14, 14, 14.5 ], "texture": "#texture" },
        "east":  { "uv": [ 14, 14, 12, 14.5 ], "texture": "#texture" }
    }
},
{
    "from": [ 7.75, 1, 12.5 ],
    "to": [ 8.25, 1.5, 13 ],
    "faces": {
        "down":  { "uv": [ 12.5, 14.5, 13, 15 ], "texture": "#texture" },
        "north": { "uv": [ 12.5, 14.5, 13, 15 ], "texture": "#texture" },
        "south": { "uv": [ 12.5, 14.5, 13, 15 ], "texture": "#texture" },
        "west":  { "uv": [ 12.5, 14.5, 13, 15 ], "texture": "#texture" },
        "east":  { "uv": [ 12.5, 14.5, 13, 15 ], "texture": "#texture" }
    }
},
{
    "from": [ 7.75, 8, 5.5 ],
    "to": [ 8.25, 8.5, 16 ],
    "faces": {
        "down":  { "uv": [ 5.5, 7.5, 16, 8 ], "rotation": 270, "texture": "#texture" },
        "up":    { "uv": [ 5.5, 7.5, 16, 8 ], "rotation": 90, "texture": "#texture" },
        "north": { "uv": [ 5.5, 7.5, 6, 8 ], "texture": "#texture" },
        "south": { "uv": [ 15.5, 7.5, 16, 8 ], "texture": "#texture" },
        "west":  { "uv": [ 5.5, 7.5, 16, 8 ], "texture": "#texture" },
        "east":  { "uv": [ 16, 7.5, 5.5, 8 ], "texture": "#texture" }
    }
},
{
    "from": [ 7.75, 8.5, 5.5 ],
    "to": [ 8.25, 9, 15 ],
    "faces": {
        "up":    { "uv": [ 5.5, 7, 15, 7.5 ], "rotation": 90, "texture": "#texture" },
        "north": { "uv": [ 5.5, 7, 6, 7.5 ], "texture": "#texture" },
        "south": { "uv": [ 14.5, 7, 15, 7.5 ], "texture": "#texture" },
        "west":  { "uv": [ 5.5, 7, 15, 7.5 ], "texture": "#texture" },
        "east":  { "uv": [ 15, 7, 5.5, 7.5 ], "texture": "#texture" }
    }
},
{
    "from": [ 7.75, 9, 5.5 ],
    "to": [ 8.25, 9.5, 14 ],
    "faces": {
        "north": { "uv": [ 5.5, 6.5, 6, 7 ], "texture": "#texture" },
        "south": { "uv": [ 13.5, 6.5, 14, 7 ], "texture": "#texture" },
        "west":  { "uv": [ 5.5, 6.5, 14, 7 ], "texture": "#texture" },
        "east":  { "uv": [ 14, 6.5, 5.5, 7 ], "texture": "#texture" }
    }
},
{
    "from": [ 7.75, 9.5, 2 ],
    "to": [ 8.25, 10, 15.5 ],
    "faces": {
        "down":  { "uv": [ 2, 6, 15.5, 6.5 ], "rotation": 270, "texture": "#texture" },
        "north": { "uv": [ 2, 6, 2.5, 6.5 ], "texture": "#texture" },
        "south": { "uv": [ 15, 6, 15.5, 6.5 ], "texture": "#texture" },
        "west":  { "uv": [ 2, 6, 15.5, 6.5 ], "texture": "#texture" },
        "east":  { "uv": [ 15.5, 6, 2, 6.5 ], "texture": "#texture" }
    }
},
{
    "from": [ 7.75, 14.5, 7.5 ],
    "to": [ 8.25, 15, 8.5 ],
    "faces": {
        "up":    { "uv": [ 7.5, 1, 8.5, 1.5 ], "rotation": 90, "texture": "#texture" },
        "north": { "uv": [ 7.5, 1, 8, 1.5 ], "texture": "#texture" },
        "south": { "uv": [ 8, 1, 8.5, 1.5 ], "texture": "#texture" },
        "west":  { "uv": [ 7.5, 1, 8.5, 1.5 ], "texture": "#texture" },
        "east":  { "uv": [ 8.5, 1, 7.5, 1.5 ], "texture": "#texture" }
    }
},
{
    "from": [ 7.75, 9, 2 ],
    "to": [ 8.25, 9.5, 4 ],
    "faces": {
        "down":  { "uv": [ 2, 6.5, 4, 7 ], "rotation": 270, "texture": "#texture" },
        "north": { "uv": [ 2, 6.5, 2.5, 7 ], "texture": "#texture" },
        "south": { "uv": [ 3.5, 6.5, 4, 7 ], "texture": "#texture" },
        "west":  { "uv": [ 2, 6.5, 4, 7 ], "texture": "#texture" },
        "east":  { "uv": [ 4, 6.5, 2, 7 ], "texture": "#texture" }
    }
},
{
    "from": [ 7.75, 13, 4 ],
    "to": [ 8.25, 13.5, 4.5 ],
    "faces": {
        "up":    { "uv": [ 4, 2.5, 4.5, 3 ], "texture": "#texture" },
        "north": { "uv": [ 4, 2.5, 4.5, 3 ], "texture": "#texture" },
        "south": { "uv": [ 4, 2.5, 4.5, 3 ], "texture": "#texture" },
        "west":  { "uv": [ 4, 2.5, 4.5, 3 ], "texture": "#texture" },
        "east":  { "uv": [ 4, 2.5, 4.5, 3 ], "texture": "#texture" }
    }
},
{
    "from": [ 7.75, 12.5, 3 ],
    "to": [ 8.25, 13, 4.5 ],
    "faces": {
        "up":    { "uv": [ 3, 3, 4.5, 3.5 ], "rotation": 90, "texture": "#texture" },
        "north": { "uv": [ 3, 3, 3.5, 3.5 ], "texture": "#texture" },
        "south": { "uv": [ 4, 3, 4.5, 3.5 ], "texture": "#texture" },
        "west":  { "uv": [ 3, 3, 4.5, 3.5 ], "texture": "#texture" },
        "east":  { "uv": [ 4.5, 3, 3, 3.5 ], "texture": "#texture" }
    }
},
{
    "from": [ 7.75, 12, 2.5 ],
    "to": [ 8.25, 12.5, 15 ],
    "faces": {
        "up":    { "uv": [ 2.5, 3.5, 15, 4 ], "rotation": 90, "texture": "#texture" },
        "north": { "uv": [ 2.5, 3.5, 3, 4 ], "texture": "#texture" },
        "south": { "uv": [ 14.5, 3.5, 15, 4 ], "texture": "#texture" },
        "west":  { "uv": [ 2.5, 3.5, 15, 4 ], "texture": "#texture" },
        "east":  { "uv": [ 15, 3.5, 2.5, 4 ], "texture": "#texture" }
    }
},
{
    "from": [ 7.75, 11.5, 2 ],
    "to": [ 8.25, 12, 15.5 ],
    "faces": {
        "up":    { "uv": [ 2, 4, 15.5, 4.5 ], "rotation": 90, "texture": "#texture" },
        "north": { "uv": [ 2, 4, 2.5, 4.5 ], "texture": "#texture" },
        "south": { "uv": [ 15, 4, 15.5, 4.5 ], "texture": "#texture" },
        "west":  { "uv": [ 2, 4, 15.5, 4.5 ], "texture": "#texture" },
        "east":  { "uv": [ 15.5, 4, 2, 4.5 ], "texture": "#texture" }
    }
},
{
    "from": [ 7.75, 10, 2 ],
    "to": [ 8.25, 11.5, 16 ],
    "faces": {
        "down":  { "uv": [ 2, 5.5, 16, 6 ], "rotation": 270, "texture": "#texture" },
        "up":    { "uv": [ 2, 4.5, 16, 5 ], "rotation": 90, "texture": "#texture" },
        "north": { "uv": [ 2, 4.5, 2.5, 6 ], "texture": "#texture" },
        "south": { "uv": [ 15.5, 4.5, 16, 6 ], "texture": "#texture" },
        "west":  { "uv": [ 2, 4.5, 16, 6 ], "texture": "#texture" },
        "east":  { "uv": [ 16, 4.5, 2, 6 ], "texture": "#texture" }
    }
},
{
    "from": [ 7.75, 13.5, 14.5 ],
    "to": [ 8.25, 14, 15.5 ],
    "faces": {
        "down":  { "uv": [ 14.5, 2, 15.5, 2.5 ], "texture": "#texture" },
        "up":    { "uv": [ 14.5, 2, 15.5, 2.5 ], "rotation": 90, "texture": "#texture" },
        "north": { "uv": [ 15, 2, 15.5, 2.5 ], "texture": "#texture" },
        "south": { "uv": [ 15, 2, 15.5, 2.5 ], "texture": "#texture" },
        "west":  { "uv": [ 14.5, 2, 15.5, 2.5 ], "texture": "#texture" },
        "east":  { "uv": [ 15.5, 2, 14.5, 2.5 ], "texture": "#texture" }
    }
},
{
    "from": [ 7.75, 13, 13 ],
    "to": [ 8.25, 13.5, 16 ],
    "faces": {
        "down":  { "uv": [ 13, 2.5, 16, 3 ], "rotation": 270, "texture": "#texture" },
        "up":    { "uv": [ 13, 2.5, 16, 3 ], "rotation": 90, "texture": "#texture" },
        "north": { "uv": [ 13, 2.5, 13.5, 3 ], "texture": "#texture" },
        "south": { "uv": [ 15.5, 2.5, 16, 3 ], "texture": "#texture" },
        "west":  { "uv": [ 13, 2.5, 16, 3 ], "texture": "#texture" },
        "east":  { "uv": [ 16, 2.5, 13, 3 ], "texture": "#texture" }
    }
},
{
    "from": [ 7.75, 14, 7 ],
    "to": [ 8.25, 14.5, 8.5 ],
    "faces": {
        "up":    { "uv": [ 7, 1.5, 8.5, 2 ], "rotation": 90, "texture": "#texture" },
        "north": { "uv": [ 7, 1.5, 7.5, 2 ], "texture": "#texture" },
        "south": { "uv": [ 8, 1.5, 8.5, 2 ], "texture": "#texture" },
        "west":  { "uv": [ 7, 1.5, 8.5, 2 ], "texture": "#texture" },
        "east":  { "uv": [ 8.5, 1.5, 7, 2 ], "texture": "#texture" }
    }
},
{
    "from": [ 7.75, -2.5, 6.5 ],
    "to": [ 8.25, 0, 9 ],
    "faces": {
        "down":  { "uv": [ 1, 12, 3.5, 12.5 ], "texture": "#texture" },
        "up":    { "uv": [ 1, 9.5, 1.5, 12 ], "texture": "#texture" },
        "north": { "uv": [ 1, 10, 1.5, 12.5 ], "texture": "#texture" },
        "south": { "uv": [ 3, 10, 3.5, 12.5 ], "texture": "#texture" },
        "west":  { "uv": [ 1, 10, 3.5, 12.5 ], "texture": "#texture" },
        "east":  { "uv": [ 3.5, 10, 1, 12.5 ], "texture": "#texture" }
    }
},
{
    "from": [ 7.75, 13, 7 ],
    "to": [ 8.25, 14, 9 ],
    "faces": {
        "up":    { "uv": [ 7, 2, 9, 2.5 ], "rotation": 90, "texture": "#texture" },
        "north": { "uv": [ 7, 2, 7.5, 3 ], "texture": "#texture" },
        "south": { "uv": [ 8.5, 2, 9, 3 ], "texture": "#texture" },
        "west":  { "uv": [ 7, 2, 9, 3 ], "texture": "#texture" },
        "east":  { "uv": [ 9, 2, 7, 3 ], "texture": "#texture" }
    }
},
{
    "from": [ 7.75, 15, 7.5 ],
    "to": [ 8.25, 16, 8 ],
    "faces": {
        "up":    { "uv": [ 7.5, 0, 8, 0.5 ], "texture": "#texture" },
        "north": { "uv": [ 7.5, 0, 8, 1 ], "texture": "#texture" },
        "south": { "uv": [ 7.5, 0, 8, 1 ], "texture": "#texture" },
        "west":  { "uv": [ 7.5, 0, 8, 1 ], "texture": "#texture" },
        "east":  { "uv": [ 7.5, 0, 8, 1 ], "texture": "#texture" }
    }
},
{
    "from": [ 7.75, 12.5, 7 ],
    "to": [ 8.25, 13, 15.5 ],
    "faces": {
        "down":  { "uv": [ 7, 3, 15.5, 3.5 ], "rotation": 270, "texture": "#texture" },
        "up":    { "uv": [ 7, 3, 15.5, 3.5 ], "rotation": 90, "texture": "#texture" },
        "north": { "uv": [ 7, 3, 7.5, 3.5 ], "texture": "#texture" },
        "south": { "uv": [ 15, 3, 15.5, 3.5 ], "texture": "#texture" },
        "west":  { "uv": [ 7, 3, 15.5, 3.5 ], "texture": "#texture" },
        "east":  { "uv": [ 15.5, 3, 7, 3.5 ], "texture": "#texture" }
    }
},
{
    "from": [ 7.75, 7, 4 ],
    "to": [ 8.25, 7.5, 4.5 ],
    "faces": {
        "down":  { "uv": [ 4, 8.5, 4.5, 9 ], "texture": "#texture" },
        "north": { "uv": [ 4, 8.5, 4.5, 9 ], "texture": "#texture" },
        "south": { "uv": [ 4, 8.5, 4.5, 9 ], "texture": "#texture" },
        "west":  { "uv": [ 4, 8.5, 4.5, 9 ], "texture": "#texture" },
        "east":  { "uv": [ 4, 8.5, 4.5, 9 ], "texture": "#texture" }
    }
},
{
    "from": [ 7.75, 7.5, 3.5 ],
    "to": [ 8.25, 8, 4.5 ],
    "faces": {
        "down":  { "uv": [ 3.5, 8, 4.5, 8.5 ], "rotation": 270, "texture": "#texture" },
        "up":    { "uv": [ 3.5, 8, 4.5, 8.5 ], "rotation": 90, "texture": "#texture" },
        "north": { "uv": [ 3.5, 8, 4, 8.5 ], "texture": "#texture" },
        "south": { "uv": [ 4, 8, 4.5, 8.5 ], "texture": "#texture" },
        "west":  { "uv": [ 3.5, 8, 4.5, 8.5 ], "texture": "#texture" },
        "east":  { "uv": [ 4.5, 8, 3.5, 8.5 ], "texture": "#texture" }
    }
},
{
    "from": [ 7.75, 8, 3 ],
    "to": [ 8.25, 8.5, 4 ],
    "faces": {
        "down":  { "uv": [ 3, 7.5, 4, 8 ], "rotation": 270, "texture": "#texture" },
        "north": { "uv": [ 3, 7.5, 3.5, 8 ], "texture": "#texture" },
        "south": { "uv": [ 3, 7.5, 3.5, 8 ], "texture": "#texture" },
        "west":  { "uv": [ 3, 7.5, 4, 8 ], "texture": "#texture" },
        "east":  { "uv": [ 4, 7.5, 3, 8 ], "texture": "#texture" }
    }
},
{
    "from": [ 7.75, 8.5, 2.5 ],
    "to": [ 8.25, 9, 4 ],
    "faces": {
        "down":  { "uv": [ 2.5, 7, 4, 7.5 ], "rotation": 270, "texture": "#texture" },
        "north": { "uv": [ 2.5, 7, 3, 7.5 ], "texture": "#texture" },
        "south": { "uv": [ 3.5, 7, 4, 7.5 ], "texture": "#texture" },
        "west":  { "uv": [ 2.5, 7, 4, 7.5 ], "texture": "#texture" },
        "east":  { "uv": [ 4, 7, 2.5, 7.5 ], "texture": "#texture" }
    }
},
{
    "from": [ 7.75, -6, 7 ],
    "to": [ 8.25, -5.5, 8 ],
    "faces": {
        "down":  { "uv": [ 7.75, 7, 8.25, 8 ], "texture": "#texture" },
        "up":    { "uv": [ 7.75, 7, 8.25, 8 ], "texture": "#texture" },
        "north": { "uv": [ 1.5, 15.5, 2, 16 ], "texture": "#texture" },
        "south": { "uv": [ 2, 15.5, 2.5, 16 ], "texture": "#texture" },
        "west":  { "uv": [ 1.5, 15.5, 2.5, 16 ], "texture": "#texture" },
        "east":  { "uv": [ 2.5, 15.5, 1.5, 16 ], "texture": "#texture" }
    }
},
{
    "from": [ 7.75, -3, 6.5 ],
    "to": [ 8.25, -2.5, 9.5 ],
    "faces": {
        "down":  { "uv": [ 1, 12.5, 4, 13 ], "rotation": 270, "texture": "#texture" },
        "up":    { "uv": [ 1, 12.5, 4, 13 ], "rotation": 90, "texture": "#texture" },
        "north": { "uv": [ 1, 12.5, 1.5, 13 ], "texture": "#texture" },
        "south": { "uv": [ 3.5, 12.5, 4, 13 ], "texture": "#texture" },
        "west":  { "uv": [ 1, 12.5, 4, 13 ], "texture": "#texture" },
        "east":  { "uv": [ 4, 12.5, 1, 13 ], "texture": "#texture" }
    }
},
{
    "from": [ 7.75, -5.5, 7 ],
    "to": [ 8.25, -3, 9.5 ],
    "faces": {
        "down":  { "uv": [ 7.75, 7, 8.25, 9.5 ], "texture": "#texture" },
        "up":    { "uv": [ 7.75, 7, 8.25, 9.5 ], "texture": "#texture" },
        "north": { "uv": [ 1.5, 13, 2, 15.5 ], "texture": "#texture" },
        "south": { "uv": [ 3.5, 13, 4, 15.5 ], "texture": "#texture" },
        "west":  { "uv": [ 1.5, 13, 4, 15.5 ], "texture": "#texture" },
        "east":  { "uv": [ 4, 13, 1.5, 15.5 ], "texture": "#texture" }
    }
},
{
    "from": [ 7.75, -7.5, 6.5 ],
    "to": [ 8.25, -6.5, 10 ],
    "faces": {
        "down":  { "uv": [ 0, 1, 3.5, 1.5 ], "rotation": 270, "texture": "#texture" },
        "up":    { "uv": [ 0, 1, 3.5, 1.5 ], "rotation": 90, "texture": "#texture" },
        "north": { "uv": [ 0, 1, 0.5, 2 ], "texture": "#texture" },
        "south": { "uv": [ 3, 1, 3.5, 2 ], "texture": "#texture" },
        "west":  { "uv": [ 0, 1, 3.5, 2 ], "texture": "#texture" },
        "east":  { "uv": [ 3.5, 1, 0, 2 ], "texture": "#texture" }
    }
},
{
    "from": [ 7.75, -8, 6.5 ],
    "to": [ 8.25, -7.5, 9.5 ],
    "faces": {
        "down":  { "uv": [ 0, 2, 3, 2.5 ], "rotation": 270, "texture": "#texture" },
        "up":    { "uv": [ 0, 2, 3, 2.5 ], "texture": "#texture" },
        "north": { "uv": [ 0, 2, 0.5, 2.5 ], "texture": "#texture" },
        "south": { "uv": [ 2.5, 2, 3, 2.5 ], "texture": "#texture" },
        "west":  { "uv": [ 0, 2, 3, 2.5 ], "texture": "#texture" },
        "east":  { "uv": [ 3, 2, 0, 2.5 ], "texture": "#texture" }
    }
},
{
    "from": [ 7.75, -6.5, 7 ],
    "to": [ 8.25, -6, 10 ],
    "faces": {
        "down":  { "uv": [ 7.75, 7, 8.25, 10 ], "texture": "#texture" },
        "up":    { "uv": [ 0.5, 1, 1, 4 ], "texture": "#texture" },
        "north": { "uv": [ 0.5, 0.5, 1, 1 ], "texture": "#texture" },
        "south": { "uv": [ 3, 0.5, 3.5, 1 ], "texture": "#texture" },
        "west":  { "uv": [ 0.5, 0.5, 3.5, 1 ], "texture": "#texture" },
        "east":  { "uv": [ 3.5, 0.5, 0.5, 1 ], "texture": "#texture" }
    }
},
{
    "from": [ 7.75, -6, 8 ],
    "to": [ 8.25, -5.5, 10 ],
    "faces": {
        "down":  { "uv": [ 1.5, 0, 3.5, 0.5 ], "rotation": 270, "texture": "#texture" },
        "up":    { "uv": [ 1.5, 0, 3.5, 0.5 ], "rotation": 90, "texture": "#texture" },
        "north": { "uv": [ 1.5, 0, 2, 0.5 ], "texture": "#texture" },
        "south": { "uv": [ 3, 0, 3.5, 0.5 ], "texture": "#texture" },
        "west":  { "uv": [ 1.5, 0, 3.5, 0.5 ], "texture": "#texture" },
        "east":  { "uv": [ 3.5, 0, 1.5, 0.5 ], "texture": "#texture" }
    }
},
{
    "from": [ 7.75, -8.5, 7 ],
    "to": [ 8.25, -8, 9.5 ],
    "faces": {
        "down":  { "uv": [ 0.5, 2.5, 3, 3 ], "rotation": 270, "texture": "#texture" },
        "up":    { "uv": [ 0.5, 2.5, 3, 3 ], "texture": "#texture" },
        "north": { "uv": [ 0.5, 2.5, 1, 3 ], "texture": "#texture" },
        "south": { "uv": [ 2.5, 2.5, 3, 3 ], "texture": "#texture" },
        "west":  { "uv": [ 0.5, 2.5, 3, 3 ], "texture": "#texture" },
        "east":  { "uv": [ 3, 2.5, 0.5, 3 ], "texture": "#texture" }
    }
},
{
    "from": [ 7.75, -9, 7.5 ],
    "to": [ 8.25, -8.5, 9 ],
    "faces": {
        "down":  { "uv": [ 1, 3, 2.5, 3.5 ], "rotation": 270, "texture": "#texture" },
        "up":    { "uv": [ 1, 3, 2.5, 3.5 ], "texture": "#texture" },
        "north": { "uv": [ 1, 3, 1.5, 3.5 ], "texture": "#texture" },
        "south": { "uv": [ 2, 3, 2.5, 3.5 ], "texture": "#texture" },
        "west":  { "uv": [ 1, 3, 2.5, 3.5 ], "texture": "#texture" },
        "east":  { "uv": [ 2.5, 3, 1, 3.5 ], "texture": "#texture" }
    }
},
{
    "from": [ 7.5, 3.5, 6 ],
    "to": [ 8.5, 5, 9.5 ],
    "faces": {
        "down":  { "uv": [ 6, 12, 9.5, 12.5 ], "rotation": 270, "texture": "#texture" },
        "up":    { "uv": [ 6, 11, 9.5, 11.5 ], "rotation": 90, "texture": "#texture" },
        "north": { "uv": [ 6, 11, 6.5, 12.5 ], "texture": "#texture" },
        "south": { "uv": [ 9, 11, 9.5, 12.5 ], "texture": "#texture" },
        "west":  { "uv": [ 6, 11, 9.5, 12.5 ], "texture": "#texture" },
        "east":  { "uv": [ 9.5, 11, 6, 12.5 ], "texture": "#texture" }
    }
},
{
    "from": [ 7.5, 5, 6.5 ],
    "to": [ 8.5, 8, 9 ],
    "faces": {
        "down":  { "uv": [ 6.5, 10.5, 9, 11 ], "rotation": 270, "texture": "#texture" },
        "up":    { "uv": [ 6.5, 8, 9, 8.5 ], "rotation": 90, "texture": "#texture" },
        "north": { "uv": [ 6.5, 8, 7, 11 ], "texture": "#texture" },
        "south": { "uv": [ 8.5, 8, 9, 11 ], "texture": "#texture" },
        "west":  { "uv": [ 6.5, 8, 9, 11 ], "texture": "#texture" },
        "east":  { "uv": [ 9, 8, 6.5, 11 ], "texture": "#texture" }
    }
},
{
    "from": [ 7.5, 7.5, 10.5 ],
    "to": [ 8.5, 8, 14 ],
    "faces": {
        "down":  { "uv": [ 10.5, 8, 14, 8.5 ], "rotation": 270, "texture": "#texture" },
        "up":    { "uv": [ 10.5, 8, 14, 8.5 ], "rotation": 90, "texture": "#texture" },
        "north": { "uv": [ 10.5, 8, 11, 8.5 ], "texture": "#texture" },
        "south": { "uv": [ 13.5, 8, 14, 8.5 ], "texture": "#texture" },
        "west":  { "uv": [ 10.5, 8, 14, 8.5 ], "texture": "#texture" },
        "east":  { "uv": [ 14, 8, 10.5, 8.5 ], "texture": "#texture" }
    }
},
{
    "from": [ 7.5, 8, 6 ],
    "to": [ 8.5, 9.5, 12 ],
    "faces": {
        "down":  { "uv": [ 6, 7.5, 12, 8 ], "rotation": 270, "texture": "#texture" },
        "up":    { "uv": [ 6, 6.5, 12, 7 ], "rotation": 90, "texture": "#texture" },
        "north": { "uv": [ 6, 6.5, 6.5, 8 ], "texture": "#texture" },
        "south": { "uv": [ 11.5, 6.5, 12, 8 ], "texture": "#texture" },
        "west":  { "uv": [ 6, 6.5, 12, 8 ], "texture": "#texture" },
        "east":  { "uv": [ 12, 6.5, 6, 8 ], "texture": "#texture" }
    }
},
{
    "from": [ 7.5, 9.5, 5.5 ],
    "to": [ 8.5, 10, 13.5 ],
    "faces": {
        "down":  { "uv": [ 5.5, 6, 13.5, 6.5 ], "rotation": 270, "texture": "#texture" },
        "up":    { "uv": [ 5.5, 6, 13.5, 6.5 ], "rotation": 90, "texture": "#texture" },
        "north": { "uv": [ 5.5, 6, 6, 6.5 ], "texture": "#texture" },
        "south": { "uv": [ 13, 6, 13.5, 6.5 ], "texture": "#texture" },
        "west":  { "uv": [ 5.5, 6, 13.5, 6.5 ], "texture": "#texture" },
        "east":  { "uv": [ 13.5, 6, 5.5, 6.5 ], "texture": "#texture" }
    }
},
{
    "from": [ 7.5, 8, 12 ],
    "to": [ 8.5, 8.5, 14 ],
    "faces": {
        "down":  { "uv": [ 12, 7.5, 14, 8 ], "rotation": 270, "texture": "#texture" },
        "up":    { "uv": [ 12, 7.5, 14, 8 ], "rotation": 90, "texture": "#texture" },
        "north": { "uv": [ 12, 7.5, 12.5, 8 ], "texture": "#texture" },
        "south": { "uv": [ 13.5, 7.5, 14, 8 ], "texture": "#texture" },
        "west":  { "uv": [ 12, 7.5, 14, 8 ], "texture": "#texture" },
        "east":  { "uv": [ 14, 7.5, 12, 8 ], "texture": "#texture" }
    }
},
{
    "from": [ 7.5, 8.5, 12 ],
    "to": [ 8.5, 9, 13.5 ],
    "faces": {
        "down":  { "uv": [ 12, 7, 13.5, 7.5 ], "rotation": 270, "texture": "#texture" },
        "up":    { "uv": [ 12, 7, 13.5, 7.5 ], "rotation": 90, "texture": "#texture" },
        "north": { "uv": [ 12, 7, 12.5, 7.5 ], "texture": "#texture" },
        "south": { "uv": [ 13, 7, 13.5, 7.5 ], "texture": "#texture" },
        "west":  { "uv": [ 12, 7, 13.5, 7.5 ], "texture": "#texture" },
        "east":  { "uv": [ 13.5, 7, 12, 7.5 ], "texture": "#texture" }
    }
},
{
    "from": [ 7.5, 7, 11.5 ],
    "to": [ 8.5, 7.5, 13.5 ],
    "faces": {
        "down":  { "uv": [ 11.5, 8.5, 13.5, 9 ], "rotation": 270, "texture": "#texture" },
        "up":    { "uv": [ 11.5, 8.5, 13.5, 9 ], "rotation": 90, "texture": "#texture" },
        "north": { "uv": [ 11.5, 8.5, 12, 9 ], "texture": "#texture" },
        "south": { "uv": [ 13, 8.5, 13.5, 9 ], "texture": "#texture" },
        "west":  { "uv": [ 11.5, 8.5, 13.5, 9 ], "texture": "#texture" },
        "east":  { "uv": [ 13.5, 8.5, 11.5, 9 ], "texture": "#texture" }
    }
},
{
    "from": [ 7.5, 6.5, 12 ],
    "to": [ 8.5, 7, 13.5 ],
    "faces": {
        "down":  { "uv": [ 12, 9, 13.5, 9.5 ], "rotation": 270, "texture": "#texture" },
        "up":    { "uv": [ 12, 9, 13.5, 9.5 ], "rotation": 90, "texture": "#texture" },
        "north": { "uv": [ 12, 9, 12.5, 9.5 ], "texture": "#texture" },
        "south": { "uv": [ 13, 9, 13.5, 9.5 ], "texture": "#texture" },
        "west":  { "uv": [ 12, 9, 13.5, 9.5 ], "texture": "#texture" },
        "east":  { "uv": [ 13.5, 9, 12, 9.5 ], "texture": "#texture" }
    }
},
{
    "from": [ 7.5, 5, 12.5 ],
    "to": [ 8.5, 6.5, 13.5 ],
    "faces": {
        "down":  { "uv": [ 12.5, 10.5, 13.5, 11 ], "rotation": 270, "texture": "#texture" },
        "up":    { "uv": [ 12.5, 9.5, 13.5, 10 ], "rotation": 90, "texture": "#texture" },
        "north": { "uv": [ 12.5, 9.5, 13, 11 ], "texture": "#texture" },
        "south": { "uv": [ 13, 9.5, 13.5, 11 ], "texture": "#texture" },
        "west":  { "uv": [ 12.5, 9.5, 13.5, 11 ], "texture": "#texture" },
        "east":  { "uv": [ 13.5, 9.5, 12.5, 11 ], "texture": "#texture" }
    }
},
{
    "from": [ 7.5, 3, 12.5 ],
    "to": [ 8.5, 5, 13 ],
    "faces": {
        "down":  { "uv": [ 12.5, 12.5, 13, 13 ], "texture": "#texture" },
        "up":    { "uv": [ 12.5, 12.5, 13, 13 ], "texture": "#texture" },
        "north": { "uv": [ 12.5, 11, 13, 13 ], "texture": "#texture" },
        "south": { "uv": [ 12.5, 11, 13, 13 ], "texture": "#texture" },
        "west":  { "uv": [ 12.5, 11, 13, 13 ], "texture": "#texture" },
        "east":  { "uv": [ 12.5, 11, 13, 13 ], "texture": "#texture" }
    }
},
{
    "from": [ 7.5, 2, 12 ],
    "to": [ 8.5, 4, 12.5 ],
    "faces": {
        "down":  { "uv": [ 12, 13.5, 12.5, 14 ], "texture": "#texture" },
        "up":    { "uv": [ 12, 12, 12.5, 12.5 ], "texture": "#texture" },
        "north": { "uv": [ 12, 12, 12.5, 14 ], "texture": "#texture" },
        "south": { "uv": [ 12, 12, 12.5, 14 ], "texture": "#texture" },
        "west":  { "uv": [ 12, 12, 12.5, 14 ], "texture": "#texture" },
        "east":  { "uv": [ 12, 12, 12.5, 14 ], "texture": "#texture" }
    }
},
{
    "from": [ 7.5, 10, 2.5 ],
    "to": [ 8.5, 11.5, 15 ],
    "faces": {
        "down":  { "uv": [ 2.5, 5.5, 15, 6 ], "rotation": 270, "texture": "#texture" },
        "up":    { "uv": [ 2.5, 4.5, 15, 5 ], "rotation": 90, "texture": "#texture" },
        "north": { "uv": [ 2.5, 4.5, 3, 6 ], "texture": "#texture" },
        "south": { "uv": [ 14.5, 4.5, 15, 6 ], "texture": "#texture" },
        "west":  { "uv": [ 2.5, 4.5, 15, 6 ], "texture": "#texture" },
        "east":  { "uv": [ 15, 4.5, 2.5, 6 ], "texture": "#texture" }
    }
},
{
    "from": [ 7.5, 11.5, 3 ],
    "to": [ 8.5, 12, 14.5 ],
    "faces": {
        "down":  { "uv": [ 3, 4, 14.5, 4.5 ], "rotation": 270, "texture": "#texture" },
        "up":    { "uv": [ 3, 4, 14.5, 4.5 ], "rotation": 90, "texture": "#texture" },
        "north": { "uv": [ 3, 4, 3.5, 4.5 ], "texture": "#texture" },
        "south": { "uv": [ 14, 4, 14.5, 4.5 ], "texture": "#texture" },
        "west":  { "uv": [ 3, 4, 14.5, 4.5 ], "texture": "#texture" },
        "east":  { "uv": [ 14.5, 4, 3, 4.5 ], "texture": "#texture" }
    }
},
{
    "from": [ 7.5, 12, 3.5 ],
    "to": [ 8.5, 12.5, 4.5 ],
    "faces": {
        "down":  { "uv": [ 3.5, 3.5, 4.5, 4 ], "texture": "#texture" },
        "up":    { "uv": [ 3.5, 3.5, 4.5, 4 ], "rotation": 90, "texture": "#texture" },
        "north": { "uv": [ 3.5, 3.5, 4, 4 ], "texture": "#texture" },
        "south": { "uv": [ 4, 3.5, 4.5, 4 ], "texture": "#texture" },
        "west":  { "uv": [ 3.5, 3.5, 4.5, 4 ], "texture": "#texture" },
        "east":  { "uv": [ 4.5, 3.5, 3.5, 4 ], "texture": "#texture" }
    }
},
{
    "from": [ 7.5, 12, 7 ],
    "to": [ 8.5, 12.5, 14.5 ],
    "faces": {
        "down":  { "uv": [ 7, 3.5, 14.5, 4 ], "rotation": 270, "texture": "#texture" },
        "up":    { "uv": [ 7, 3.5, 14.5, 4 ], "rotation": 90, "texture": "#texture" },
        "north": { "uv": [ 7, 3.5, 7.5, 4 ], "texture": "#texture" },
        "south": { "uv": [ 14, 3.5, 14.5, 4 ], "texture": "#texture" },
        "west":  { "uv": [ 7, 3.5, 14.5, 4 ], "texture": "#texture" },
        "east":  { "uv": [ 14.5, 3.5, 7, 4 ], "texture": "#texture" }
    }
},
{
    "from": [ 7.5, 12.5, 7.5 ],
    "to": [ 8.5, 13, 9 ],
    "faces": {
        "down":  { "uv": [ 7.5, 3, 8.5, 3.5 ], "rotation": 270, "texture": "#texture" },
        "up":    { "uv": [ 7.5, 3, 8.5, 3.5 ], "rotation": 90, "texture": "#texture" },
        "north": { "uv": [ 7.5, 3, 8, 3.5 ], "texture": "#texture" },
        "south": { "uv": [ 8, 3, 8.5, 3.5 ], "texture": "#texture" },
        "west":  { "uv": [ 7.5, 3, 9, 3.5 ], "texture": "#texture" },
        "east":  { "uv": [ 9, 3, 7.5, 3.5 ], "texture": "#texture" }
    }
},
{
    "from": [ 7.5, 13, 7.5 ],
    "to": [ 8.5, 14, 8.5 ],
    "faces": {
        "down":  { "uv": [ 7.5, 2.5, 8.5, 3 ], "rotation": 270, "texture": "#texture" },
        "up":    { "uv": [ 7.5, 2, 8.5, 2.5 ], "rotation": 90, "texture": "#texture" },
        "north": { "uv": [ 7.5, 2, 8, 3 ], "texture": "#texture" },
        "south": { "uv": [ 8, 2, 8.5, 3 ], "texture": "#texture" },
        "west":  { "uv": [ 7.5, 2, 8.5, 3 ], "texture": "#texture" },
        "east":  { "uv": [ 8.5, 2, 7.5, 3 ], "texture": "#texture" }
    }
},
{
    "from": [ 7.5, 14, 7.5 ],
    "to": [ 8.5, 14.5, 8 ],
    "faces": {
        "down":  { "uv": [ 7.5, 1.5, 8, 2 ], "texture": "#texture" },
        "up":    { "uv": [ 7.5, 1.5, 8, 2 ], "texture": "#texture" },
        "north": { "uv": [ 7.5, 1.5, 8, 2 ], "texture": "#texture" },
        "south": { "uv": [ 7.5, 1.5, 8, 2 ], "texture": "#texture" },
        "west":  { "uv": [ 7.5, 1.5, 8, 2 ], "texture": "#texture" },
        "east":  { "uv": [ 7.5, 1.5, 8, 2 ], "texture": "#texture" }
    }
},
{
    "from": [ 7.5, 9.5, 2.5 ],
    "to": [ 8.5, 10, 4 ],
    "faces": {
        "down":  { "uv": [ 2.5, 6, 4, 6.5 ], "rotation": 270, "texture": "#texture" },
        "up":    { "uv": [ 2.5, 6, 4, 6.5 ], "rotation": 90, "texture": "#texture" },
        "north": { "uv": [ 2.5, 6, 3, 6.5 ], "texture": "#texture" },
        "south": { "uv": [ 3.5, 6, 4, 6.5 ], "texture": "#texture" },
        "west":  { "uv": [ 2.5, 6, 4, 6.5 ], "texture": "#texture" },
        "east":  { "uv": [ 4, 6, 2.5, 6.5 ], "texture": "#texture" }
    }
},
{
    "from": [ 7.5, 9, 2.5 ],
    "to": [ 8.5, 9.5, 3.5 ],
    "faces": {
        "down":  { "uv": [ 2.5, 6.5, 3.5, 7 ], "rotation": 270, "texture": "#texture" },
        "up":    { "uv": [ 2.5, 6.5, 3.5, 7 ], "rotation": 90, "texture": "#texture" },
        "north": { "uv": [ 2.5, 6.5, 3, 7 ], "texture": "#texture" },
        "south": { "uv": [ 3, 6.5, 3.5, 7 ], "texture": "#texture" },
        "west":  { "uv": [ 2.5, 6.5, 3.5, 7 ], "texture": "#texture" },
        "east":  { "uv": [ 3.5, 6.5, 2.5, 7 ], "texture": "#texture" }
    }
},
{
    "from": [ 7.5, 8.5, 3 ],
    "to": [ 8.5, 9, 3.5 ],
    "faces": {
        "down":  { "uv": [ 3, 7, 3.5, 7.5 ], "texture": "#texture" },
        "up":    { "uv": [ 3, 7, 3.5, 7.5 ], "texture": "#texture" },
        "north": { "uv": [ 3, 7, 3.5, 7.5 ], "texture": "#texture" },
        "south": { "uv": [ 3, 7, 3.5, 7.5 ], "texture": "#texture" },
        "west":  { "uv": [ 3, 7, 3.5, 7.5 ], "texture": "#texture" },
        "east":  { "uv": [ 3, 7, 3.5, 7.5 ], "texture": "#texture" }
    }
},
{
    "from": [ 7.25, 5, 7 ],
    "to": [ 8.75, 8, 8.5 ],
    "faces": {
        "down":  { "uv": [ 7, 10.5, 8.5, 11 ], "rotation": 270, "texture": "#texture" },
        "up":    { "uv": [ 7, 8, 8.5, 8.5 ], "rotation": 90, "texture": "#texture" },
        "north": { "uv": [ 7, 8, 7.5, 11 ], "texture": "#texture" },
        "south": { "uv": [ 8, 8, 8.5, 11 ], "texture": "#texture" },
        "west":  { "uv": [ 7, 8, 8.5, 11 ], "texture": "#texture" },
        "east":  { "uv": [ 8.5, 8, 7, 11 ], "texture": "#texture" }
    }
},
{
    "from": [ 7.25, 3.5, 6.5 ],
    "to": [ 8.75, 5, 9 ],
    "faces": {
        "down":  { "uv": [ 6.5, 12, 9, 12.5 ], "rotation": 270, "texture": "#texture" },
        "up":    { "uv": [ 6.5, 11, 9, 11.5 ], "rotation": 90, "texture": "#texture" },
        "north": { "uv": [ 6.5, 11, 7, 12.5 ], "texture": "#texture" },
        "south": { "uv": [ 8.5, 11, 9, 12.5 ], "texture": "#texture" },
        "west":  { "uv": [ 6.5, 11, 9, 12.5 ], "texture": "#texture" },
        "east":  { "uv": [ 9, 11, 6.5, 12.5 ], "texture": "#texture" }
    }
},
{
    "from": [ 7.5, 3, 6.5 ],
    "to": [ 8.5, 3.5, 9 ],
	"_cmt": "[ t.0, m.4, x.3D ]",
    "faces": {
        "down":  { "uv": [ 6.5, 12.5, 9, 13 ], "rotation": 270, "texture": "#texture" },
        "up":    { "uv": [ 7.5, 6.5, 8.5, 9 ], "texture": "#texture" },
        "north": { "uv": [ 6.5, 12.5, 7, 13 ], "texture": "#texture" },
        "south": { "uv": [ 8.5, 12.5, 9, 13 ], "texture": "#texture" },
        "west":  { "uv": [ 6.5, 12.5, 9, 13 ], "texture": "#texture" },
        "east":  { "uv": [ 9, 12.5, 6.5, 13 ], "texture": "#texture" }
    }
},
{
    "from": [ 7.25, 8, 6.5 ],
    "to": [ 8.75, 10, 9 ],
    "faces": {
        "down":  { "uv": [ 6.5, 7.5, 9, 8 ], "rotation": 270, "texture": "#texture" },
        "up":    { "uv": [ 6.5, 6, 9, 6.5 ], "rotation": 90, "texture": "#texture" },
        "north": { "uv": [ 7, 6, 7.5, 8 ], "texture": "#texture" },
        "south": { "uv": [ 8.5, 6, 9, 8 ], "texture": "#texture" },
        "west":  { "uv": [ 6.5, 6, 9, 8 ], "texture": "#texture" },
        "east":  { "uv": [ 9, 6, 6.5, 8 ], "texture": "#texture" }
    }
},
{
    "from": [ 7.25, 10, 7 ],
    "to": [ 8.75, 11.5, 9 ],
    "faces": {
        "down":  { "uv": [ 7, 5.5, 9, 6 ], "rotation": 270, "texture": "#texture" },
        "up":    { "uv": [ 7, 4.5, 9, 5 ], "rotation": 90, "texture": "#texture" },
        "north": { "uv": [ 7, 4.5, 7.5, 6 ], "texture": "#texture" },
        "south": { "uv": [ 8.5, 4.5, 9, 6 ], "texture": "#texture" },
        "west":  { "uv": [ 7, 4.5, 9, 6 ], "texture": "#texture" },
        "east":  { "uv": [ 9, 4.5, 7, 6 ], "texture": "#texture" }
    }
},
{
    "from": [ 7.25, 11.5, 7.5 ],
    "to": [ 8.75, 12.5, 8.5 ],
    "faces": {
        "down":  { "uv": [ 7.25, 7.5, 8.75, 8.5 ], "texture": "#texture" },
        "up":    { "uv": [ 7.5, 3, 8.5, 3.5 ], "rotation": 90, "texture": "#texture" },
        "north": { "uv": [ 7.5, 3.5, 8, 4.5 ], "texture": "#texture" },
        "south": { "uv": [ 8, 3.5, 8.5, 4.5 ], "texture": "#texture" },
        "west":  { "uv": [ 7.5, 3.5, 8.5, 4.5 ], "texture": "#texture" },
        "east":  { "uv": [ 8.5, 3.5, 7.5, 4.5 ], "texture": "#texture" }
    }
},
{
    "from": [ 7.25, 12.5, 8 ],
    "to": [ 8.75, 13, 8.5 ],
    "faces": {
        "down":  { "uv": [ 8.75, 8.5, 7.25, 8 ], "texture": "#texture" },
        "up":    { "uv": [ 7.25, 8, 8.75, 8.5 ], "texture": "#texture" },
        "north": { "uv": [ 7.25, 3, 8.75, 3.5 ], "texture": "#texture" },
        "south": { "uv": [ 7.25, 3, 8.75, 3.5 ], "texture": "#texture" },
        "west":  { "uv": [ 8, 3, 8.5, 3.5 ], "texture": "#texture" },
        "east":  { "uv": [ 7.5, 3, 8, 3.5 ], "texture": "#texture" }
    }
},
{
    "from": [ 7.5, 0, 7 ],
    "to": [ 8.5, 3, 8.5 ],
    "faces": {
        "down":  { "uv": [ 7.5, 7, 8.5, 8.5 ], "texture": "#texture" },
        "up":    { "uv": [ 7.5, 8, 8.5, 9.5 ], "texture": "#texture" },
        "north": { "uv": [ 7, 13, 7.5, 16 ], "texture": "#texture" },
        "south": { "uv": [ 8, 13, 8.5, 16 ], "texture": "#texture" },
        "west":  { "uv": [ 7, 13, 8.5, 16 ], "texture": "#texture" },
        "east":  { "uv": [ 8.5, 13, 7, 16 ], "texture": "#texture" }
    }
},
{
    "from": [ 7.5, -2.5, 7 ],
    "to": [ 8.5, 0, 8.5 ],
    "faces": {
        "down":  { "uv": [ 1.5, 12, 3, 12.5 ], "rotation": 270, "texture": "#texture" },
        "up":    { "uv": [ 1.5, 10, 3, 10.5 ], "rotation": 90, "texture": "#texture" },
        "north": { "uv": [ 1.5, 10, 2, 12.5 ], "texture": "#texture" },
        "south": { "uv": [ 2.5, 10, 3, 12.5 ], "texture": "#texture" },
        "west":  { "uv": [ 1.5, 10, 3, 12.5 ], "texture": "#texture" },
        "east":  { "uv": [ 3, 10, 1.5, 12.5 ], "texture": "#texture" }
    }
},
{
    "from": [ 7.5, -3, 7 ],
    "to": [ 8.5, -2.5, 9 ],
    "faces": {
        "down":  { "uv": [ 1.5, 12.5, 3.5, 13 ], "rotation": 270, "texture": "#texture" },
        "up":    { "uv": [ 1.5, 12.5, 3.5, 13 ], "rotation": 90, "texture": "#texture" },
        "north": { "uv": [ 1.5, 12.5, 2, 13 ], "texture": "#texture" },
        "south": { "uv": [ 3, 12.5, 3.5, 13 ], "texture": "#texture" },
        "west":  { "uv": [ 1.5, 12.5, 3.5, 13 ], "texture": "#texture" },
        "east":  { "uv": [ 3.5, 12.5, 1.5, 13 ], "texture": "#texture" }
    }
},
{
    "from": [ 7.5, -5.5, 7.5 ],
    "to": [ 8.5, -3, 9 ],
    "faces": {
        "down":  { "uv": [ 7.5, 7.5, 8.5, 9 ], "texture": "#texture" },
        "up":    { "uv": [ 2, 13, 3, 14.5 ], "texture": "#texture" },
        "north": { "uv": [ 2, 13, 2.5, 15.5 ], "texture": "#texture" },
        "south": { "uv": [ 3, 13, 3.5, 15.5 ], "texture": "#texture" },
        "west":  { "uv": [ 2, 13, 3.5, 15.5 ], "texture": "#texture" },
        "east":  { "uv": [ 3.5, 13, 2, 15.5 ], "texture": "#texture" }
    }
},
{
    "from": [ 7.5, -6, 7.5 ],
    "to": [ 8.5, -5.5, 8 ],
    "faces": {
        "down":  { "uv": [ 2, 15.5, 2.5, 16 ], "texture": "#texture" },
        "up":    { "uv": [ 2, 15.5, 2.5, 16 ], "texture": "#texture" },
        "north": { "uv": [ 2, 15.5, 2.5, 16 ], "texture": "#texture" },
        "south": { "uv": [ 2, 15.5, 2.5, 16 ], "texture": "#texture" },
        "west":  { "uv": [ 2, 15.5, 2.5, 16 ], "texture": "#texture" },
        "east":  { "uv": [ 2, 15.5, 2.5, 16 ], "texture": "#texture" }
    }
},
{
    "from": [ 7.5, -6, 8 ],
    "to": [ 8.5, -5.5, 9.5 ],
    "faces": {
        "down":  { "uv": [ 1.5, 0, 3, 0.5 ], "rotation": 270, "texture": "#texture" },
        "up":    { "uv": [ 1.5, 0, 3, 0.5 ], "rotation": 90, "texture": "#texture" },
        "north": { "uv": [ 1.5, 0, 2, 0.5 ], "texture": "#texture" },
        "south": { "uv": [ 2.5, 0, 3, 0.5 ], "texture": "#texture" },
        "west":  { "uv": [ 1.5, 0, 3, 0.5 ], "texture": "#texture" },
        "east":  { "uv": [ 3, 0, 1.5, 0.5 ], "texture": "#texture" }
    }
},
{
    "from": [ 7.5, -6.5, 7.5 ],
    "to": [ 8.5, -6, 9.5 ],
    "faces": {
        "down":  { "uv": [ 1, 0.5, 3, 1 ], "rotation": 270, "texture": "#texture" },
        "up":    { "uv": [ 1, 0.5, 3, 1 ], "rotation": 90, "texture": "#texture" },
        "north": { "uv": [ 1, 0.5, 1.5, 1 ], "texture": "#texture" },
        "south": { "uv": [ 2.5, 0.5, 3, 1 ], "texture": "#texture" },
        "west":  { "uv": [ 1, 0.5, 3, 1 ], "texture": "#texture" },
        "east":  { "uv": [ 3, 0.5, 1, 1 ], "texture": "#texture" }
    }
},
{
    "from": [ 7.5, -7.5, 7 ],
    "to": [ 8.5, -6.5, 9.5 ],
    "faces": {
        "down":  { "uv": [ 0.5, 1.5, 3, 2 ], "rotation": 270, "texture": "#texture" },
        "up":    { "uv": [ 0.5, 1, 3, 1.5 ], "rotation": 90, "texture": "#texture" },
        "north": { "uv": [ 0.5, 1, 1, 2 ], "texture": "#texture" },
        "south": { "uv": [ 2.5, 1, 3, 2 ], "texture": "#texture" },
        "west":  { "uv": [ 0.5, 1, 3, 2 ], "texture": "#texture" },
        "east":  { "uv": [ 3, 1, 0.5, 2 ], "texture": "#texture" }
    }
},
{
    "from": [ 7.5, -8, 7 ],
    "to": [ 8.5, -7.5, 9 ],
    "faces": {
        "down":  { "uv": [ 0.5, 2, 2.5, 2.5 ], "rotation": 270, "texture": "#texture" },
        "up":    { "uv": [ 0.5, 2, 2.5, 2.5 ], "rotation": 90, "texture": "#texture" },
        "north": { "uv": [ 1, 2, 1.5, 2.5 ], "texture": "#texture" },
        "south": { "uv": [ 2, 2, 2.5, 2.5 ], "texture": "#texture" },
        "west":  { "uv": [ 0.5, 2, 2.5, 2.5 ], "texture": "#texture" },
        "east":  { "uv": [ 2.5, 2, 0.5, 2.5 ], "texture": "#texture" }
    }
},
{
    "from": [ 7.5, -8.5, 7.5 ],
    "to": [ 8.5, -8, 9 ],
    "faces": {
        "down":  { "uv": [ 1, 2.5, 2.5, 3 ], "rotation": 270, "texture": "#texture" },
        "up":    { "uv": [ 1, 2.5, 2.5, 3 ], "rotation": 90, "texture": "#texture" },
        "north": { "uv": [ 1, 2.5, 1.5, 3 ], "texture": "#texture" },
        "south": { "uv": [ 2, 2.5, 2.5, 3 ], "texture": "#texture" },
        "west":  { "uv": [ 1, 2.5, 2.5, 3 ], "texture": "#texture" },
        "east":  { "uv": [ 2.5, 2.5, 1, 3 ], "texture": "#texture" }
    }
},
{
    "from": [ 7.25, -6.5, 8 ],
    "to": [ 8.75, -6, 9 ],
    "faces": {
        "down":  { "uv": [ 1.5, 0.5, 2.5, 1 ], "rotation": 270, "texture": "#texture" },
        "up":    { "uv": [ 1.5, 0.5, 2.5, 1 ], "rotation": 90, "texture": "#texture" },
        "north": { "uv": [ 1.5, 0.5, 2, 1 ], "texture": "#texture" },
        "south": { "uv": [ 2, 0.5, 2.5, 1 ], "texture": "#texture" },
        "west":  { "uv": [ 1.5, 0.5, 2.5, 1 ], "texture": "#texture" },
        "east":  { "uv": [ 2.5, 0.5, 1.5, 1 ], "texture": "#texture" }
    }
},
{
    "from": [ 7.25, -7.5, 7.5 ],
    "to": [ 8.75, -6.5, 9 ],
    "faces": {
        "down":  { "uv": [ 1, 1.5, 2.5, 2 ], "rotation": 270, "texture": "#texture" },
        "up":    { "uv": [ 1, 1, 2.5, 1.5 ], "rotation": 90, "texture": "#texture" },
        "north": { "uv": [ 1, 1, 1.5, 2 ], "texture": "#texture" },
        "south": { "uv": [ 2, 1, 2.5, 2 ], "texture": "#texture" },
        "west":  { "uv": [ 1, 1, 2.5, 2 ], "texture": "#texture" },
        "east":  { "uv": [ 2.5, 1, 1, 2 ], "texture": "#texture" }
    }
},
{
    "from": [ 7.25, -8, 7.5 ],
    "to": [ 8.75, -7.5, 8.5 ],
    "faces": {
        "down":  { "uv": [ 1, 2, 2, 2.5 ], "rotation": 270, "texture": "#texture" },
        "up":    { "uv": [ 1, 2, 2, 2.5 ], "rotation": 90, "texture": "#texture" },
        "north": { "uv": [ 1, 2, 1.5, 2.5 ], "texture": "#texture" },
        "south": { "uv": [ 1.5, 2, 2, 2.5 ], "texture": "#texture" },
        "west":  { "uv": [ 1, 2, 2, 2.5 ], "texture": "#texture" },
        "east":  { "uv": [ 2, 2, 1, 2.5 ], "texture": "#texture" }
    }
}
],
"display": {
    "thirdperson_righthand": {
        "rotation": [ 0, -179, 0 ],
        "translation": [ 0, 7.94, 1.89 ],
        "scale": [ 1, 1, 1 ]
    },
    "head": {
        "rotation": [ -51, -170, 0 ],
        "translation": [ 9.83, -11.15, -14.36 ],
        "scale": [ 1.2, 1.2, 1.2 ]
    },
    "ground": {
        "rotation": [ 45, 0, 0 ],
        "translation": [ 0, 5.1, 0 ],
        "scale": [ 0.35, 0.35, 0.35 ]
    },
    "fixed": {
        "rotation": [ -90, 45, 90 ],
        "translation": [ -2.27, 0.94, 0 ],
        "scale": [ 0.85, 0.85, 0.85 ]
    },
    "firstperson_righthand": {
        "rotation": [ 18, -177, -3 ],
        "translation": [ 6.43, 3.4, -4.34 ],
        "scale": [ 1, 1, 1 ]
    },
    "gui": {
        "rotation": [ -90, -45, -90 ],
        "translation": [ 1.89, 1.13, 0 ],
        "scale": [ 0.7, 0.7, 0.7 ]
    }
}
}