{
"__comment": "Designed by tomaxed with Cubik",
"textures": {
    "particle": "blocks/fence_jungle",
    "texture": "blocks/fence_jungle"
},
"elements": [ 
{
    "from": [ 7.5, 11, 8 ],
    "to": [ 8.5, 12, 12 ],
    "faces": {
        "down":  { "uv": [ 0, 4, 4, 5 ], "rotation": 270, "texture": "#texture" },
        "up":    { "uv": [ 0, 4, 4, 5 ], "rotation": 90, "texture": "#texture" },
        "north": { "uv": [ 0, 4, 1, 5 ], "texture": "#texture" },
        "south": { "uv": [ 3, 4, 4, 5 ], "texture": "#texture" },
        "west":  { "uv": [ 0, 4, 4, 5 ], "texture": "#texture" },
        "east":  { "uv": [ 4, 4, 0, 5 ], "texture": "#texture" }
    }
},
{
    "from": [ 7.5, 12, 8 ],
    "to": [ 8.5, 13, 16 ],
    "faces": {
        "down":  { "uv": [ 0, 3, 8, 4 ], "rotation": 270, "texture": "#texture" },
        "up":    { "uv": [ 0, 3, 8, 4 ], "rotation": 90, "texture": "#texture" },
        "north": { "uv": [ 0, 3, 1, 4 ], "texture": "#texture" },
        "south": { "uv": [ 7, 3, 8, 4 ], "texture": "#texture" },
        "west":  { "uv": [ 0, 3, 8, 4 ], "texture": "#texture" },
        "east":  { "uv": [ 8, 3, 0, 4 ], "texture": "#texture" }
    }
},
{
    "from": [ 7.5, 13, 11 ],
    "to": [ 8.5, 14, 16 ],
    "faces": {
        "down":  { "uv": [ 3, 2, 8, 3 ], "rotation": 270, "texture": "#texture" },
        "up":    { "uv": [ 3, 2, 8, 3 ], "rotation": 90, "texture": "#texture" },
        "north": { "uv": [ 3, 2, 4, 3 ], "texture": "#texture" },
        "south": { "uv": [ 7, 2, 8, 3 ], "texture": "#texture" },
        "west":  { "uv": [ 3, 2, 8, 3 ], "texture": "#texture" },
        "east":  { "uv": [ 8, 2, 3, 3 ], "texture": "#texture" }
    }
},
{
    "from": [ 7.5, 6, 8 ],
    "to": [ 8.5, 7, 12 ],
    "faces": {
        "down":  { "uv": [ 0, 9, 4, 10 ], "rotation": 270, "texture": "#texture" },
        "up":    { "uv": [ 0, 9, 4, 10 ], "rotation": 90, "texture": "#texture" },
        "north": { "uv": [ 0, 9, 1, 10 ], "texture": "#texture" },
        "south": { "uv": [ 3, 9, 4, 10 ], "texture": "#texture" },
        "west":  { "uv": [ 0, 9, 4, 10 ], "texture": "#texture" },
        "east":  { "uv": [ 4, 9, 0, 10 ], "texture": "#texture" }
    }
},
{
    "from": [ 7.5, 7, 8 ],
    "to": [ 8.5, 8, 16 ],
    "faces": {
        "down":  { "uv": [ 0, 8, 8, 9 ], "rotation": 270, "texture": "#texture" },
        "up":    { "uv": [ 0, 8, 8, 9 ], "rotation": 90, "texture": "#texture" },
        "north": { "uv": [ 0, 8, 1, 9 ], "texture": "#texture" },
        "south": { "uv": [ 7, 8, 8, 9 ], "texture": "#texture" },
        "west":  { "uv": [ 0, 8, 8, 9 ], "texture": "#texture" },
        "east":  { "uv": [ 8, 8, 0, 9 ], "texture": "#texture" }
    }
},
{
    "from": [ 7.5, 8, 11 ],
    "to": [ 8.5, 9, 16 ],
    "faces": {
        "down":  { "uv": [ 3, 7, 8, 8 ], "rotation": 270, "texture": "#texture" },
        "up":    { "uv": [ 3, 7, 8, 8 ], "rotation": 90, "texture": "#texture" },
        "north": { "uv": [ 3, 7, 4, 8 ], "texture": "#texture" },
        "south": { "uv": [ 7, 7, 8, 8 ], "texture": "#texture" },
        "west":  { "uv": [ 3, 7, 8, 8 ], "texture": "#texture" },
        "east":  { "uv": [ 8, 7, 3, 8 ], "texture": "#texture" }
    }
},
{
    "from": [ 7.5, 11, 4 ],
    "to": [ 8.5, 12, 8 ],
    "faces": {
        "down":  { "uv": [ 0, 4, 4, 5 ], "rotation": 270, "texture": "#texture" },
        "up":    { "uv": [ 0, 4, 4, 5 ], "rotation": 90, "texture": "#texture" },
        "north": { "uv": [ 0, 4, 1, 5 ], "texture": "#texture" },
        "south": { "uv": [ 3, 4, 4, 5 ], "texture": "#texture" },
        "west":  { "uv": [ 4, 4, 0, 5 ], "texture": "#texture" },
        "east":  { "uv": [ 0, 4, 4, 5 ], "texture": "#texture" }
    }
},
{
    "from": [ 7.5, 12, 0 ],
    "to": [ 8.5, 13, 8 ],
    "faces": {
        "down":  { "uv": [ 0, 3, 8, 4 ], "rotation": 90, "texture": "#texture" },
        "up":    { "uv": [ 0, 3, 8, 4 ], "rotation": 270, "texture": "#texture" },
        "north": { "uv": [ 0, 3, 1, 4 ], "texture": "#texture" },
        "south": { "uv": [ 7, 3, 8, 4 ], "texture": "#texture" },
        "west":  { "uv": [ 8, 3, 0, 4 ], "texture": "#texture" },
        "east":  { "uv": [ 0, 3, 8, 4 ], "texture": "#texture" }
    }
},
{
    "from": [ 7.5, 13, 0 ],
    "to": [ 8.5, 14, 5 ],
    "faces": {
        "down":  { "uv": [ 3, 2, 8, 3 ], "rotation": 90, "texture": "#texture" },
        "up":    { "uv": [ 3, 2, 8, 3 ], "rotation": 270, "texture": "#texture" },
        "north": { "uv": [ 3, 2, 4, 3 ], "texture": "#texture" },
        "south": { "uv": [ 7, 2, 8, 3 ], "texture": "#texture" },
        "west":  { "uv": [ 8, 2, 3, 3 ], "texture": "#texture" },
        "east":  { "uv": [ 3, 2, 8, 3 ], "texture": "#texture" }
    }
},
{
    "from": [ 7.5, 6, 4 ],
    "to": [ 8.5, 7, 8 ],
    "faces": {
        "down":  { "uv": [ 0, 9, 4, 10 ], "rotation": 270, "texture": "#texture" },
        "up":    { "uv": [ 0, 9, 4, 10 ], "rotation": 90, "texture": "#texture" },
        "north": { "uv": [ 0, 9, 1, 10 ], "texture": "#texture" },
        "south": { "uv": [ 3, 9, 4, 10 ], "texture": "#texture" },
        "west":  { "uv": [ 4, 9, 0, 10 ], "texture": "#texture" },
        "east":  { "uv": [ 0, 9, 4, 10 ], "texture": "#texture" }
    }
},
{
    "from": [ 7.5, 7, 0 ],
    "to": [ 8.5, 8, 8 ],
    "faces": {
        "down":  { "uv": [ 0, 8, 8, 9 ], "rotation": 90, "texture": "#texture" },
        "up":    { "uv": [ 0, 8, 8, 9 ], "rotation": 270, "texture": "#texture" },
        "north": { "uv": [ 0, 8, 1, 9 ], "texture": "#texture" },
        "south": { "uv": [ 7, 8, 8, 9 ], "texture": "#texture" },
        "west":  { "uv": [ 8, 8, 0, 9 ], "texture": "#texture" },
        "east":  { "uv": [ 0, 8, 8, 9 ], "texture": "#texture" }
    }
},
{
    "from": [ 7.5, 8, 0 ],
    "to": [ 8.5, 9, 5 ],
    "faces": {
        "down":  { "uv": [ 3, 7, 8, 8 ], "rotation": 90, "texture": "#texture" },
        "up":    { "uv": [ 3, 7, 8, 8 ], "rotation": 270, "texture": "#texture" },
        "north": { "uv": [ 3, 7, 4, 8 ], "texture": "#texture" },
        "south": { "uv": [ 7, 7, 8, 8 ], "texture": "#texture" },
        "west":  { "uv": [ 8, 7, 3, 8 ], "texture": "#texture" },
        "east":  { "uv": [ 3, 7, 8, 8 ], "texture": "#texture" }
    }
},
{
    "from": [ 6, 0, -2 ],
    "to": [ 10, 16, 2 ],
    "faces": {
        "down":  { "uv": [ 12, 12, 16, 16 ], "texture": "#texture" },
        "up":    { "uv": [ 12, 12, 16, 16 ], "texture": "#texture" },
        "north": { "uv": [ 6, 0, 10, 16 ], "texture": "#texture" },
        "south": { "uv": [ 6, 0, 10, 16 ], "texture": "#texture" },
        "west":  { "uv": [ 6, 0, 10, 16 ], "texture": "#texture" },
        "east":  { "uv": [ 6, 0, 10, 16 ], "texture": "#texture" }
    }
},
{
    "from": [ 6, 0, 14 ],
    "to": [ 10, 16, 18 ],
    "faces": {
        "down":  { "uv": [ 12, 12, 16, 16 ], "texture": "#texture" },
        "up":    { "uv": [ 12, 12, 16, 16 ], "texture": "#texture" },
        "north": { "uv": [ 6, 0, 10, 16 ], "texture": "#texture" },
        "south": { "uv": [ 6, 0, 10, 16 ], "texture": "#texture" },
        "west":  { "uv": [ 6, 0, 10, 16 ], "texture": "#texture" },
        "east":  { "uv": [ 6, 0, 10, 16 ], "texture": "#texture" }
    }
}
],
"display": {
    "thirdperson_righthand": {
        "rotation": [ 75, 45, 0 ],
        "translation": [ 0, 2.5, 0 ],
        "scale": [ 0.4, 0.4, 0.4 ]
    },
    "head": {
        "rotation": [ 0, 90, 0 ],
        "translation": [ 0, 0, 0 ],
        "scale": [ 1, 1, 1 ]
    },
    "ground": {
        "rotation": [ 0, 0, 0 ],
        "translation": [ 0, 3, 0 ],
        "scale": [ 0.25, 0.25, 0.25 ]
    },
    "fixed": {
        "rotation": [ 0, 90, 0 ],
        "translation": [ 0, 0, 0 ],
        "scale": [ 0.8, 0.8, 0.8 ]
    },
    "firstperson_righthand": {
        "rotation": [ 0, 45, 0 ],
        "translation": [ 0, 0, 0 ],
        "scale": [ 0.4, 0.4, 0.4 ]
    },
    "gui": {
        "rotation": [ 30, 135, 0 ],
        "translation": [ 0, 0, 0 ],
        "scale": [ 0.625, 0.625, 0.625 ]
    }
}
}