{
"__comment": "Designed by tomaxed with Cubik",
"textures": {
    "particle": "weaponstools/shield",
    "texture": "weaponstools/shield"
},
"elements": [ 
{
    "__comment": "shield x32",
    "from": [ 0, 6.5, 7.5 ],
    "to": [ 2, 9, 8.5 ],
    "faces": {
        "down":  { "uv": [ 0, 9.5, 2, 9 ], "texture": "#texture" },
        "up":    { "uv": [ 0, 7, 2, 7.5 ], "texture": "#texture" },
        "north": { "uv": [ 2, 7, 0, 9.5 ], "texture": "#texture" },
        "south": { "uv": [ 0, 7, 2, 9.5 ], "texture": "#texture" },
        "west":  { "uv": [ 0, 7, 0.5, 9.5 ], "texture": "#texture" },
        "east":  { "uv": [ 2, 7, 1.5, 9.5 ], "texture": "#texture" }
    }
},
{
    "__comment": "shield x32",
    "from": [ 0.5, 9, 7.5 ],
    "to": [ 2.5, 11, 8.5 ],
    "faces": {
        "down":  { "uv": [ 0.5, 7, 2.5, 6.5 ], "texture": "#texture" },
        "up":    { "uv": [ 0.5, 5, 2.5, 5.5 ], "texture": "#texture" },
        "north": { "uv": [ 2.5, 5, 0.5, 7 ], "texture": "#texture" },
        "south": { "uv": [ 0.5, 5, 2.5, 7 ], "texture": "#texture" },
        "west":  { "uv": [ 0.5, 5, 1, 7 ], "texture": "#texture" },
        "east":  { "uv": [ 2.5, 5, 2, 7 ], "texture": "#texture" }
    }
},
{
    "__comment": "shield x32",
    "from": [ 0.5, 5, 7.5 ],
    "to": [ 2.5, 6.5, 8.5 ],
    "faces": {
        "down":  { "uv": [ 0.5, 11, 2.5, 10.5 ], "texture": "#texture" },
        "up":    { "uv": [ 0.5, 9.5, 2.5, 10 ], "texture": "#texture" },
        "north": { "uv": [ 2.5, 9.5, 0.5, 11 ], "texture": "#texture" },
        "south": { "uv": [ 0.5, 9.5, 2.5, 11 ], "texture": "#texture" },
        "west":  { "uv": [ 0.5, 9.5, 1, 11 ], "texture": "#texture" },
        "east":  { "uv": [ 2.5, 9.5, 2, 11 ], "texture": "#texture" }
    }
},
{
    "__comment": "shield x32",
    "from": [ 1, 11, 7.5 ],
    "to": [ 3, 12, 8.5 ],
    "faces": {
        "down":  { "uv": [ 1, 5, 3, 4.5 ], "texture": "#texture" },
        "up":    { "uv": [ 1, 4, 3, 4.5 ], "texture": "#texture" },
        "north": { "uv": [ 3, 4, 1, 5 ], "texture": "#texture" },
        "south": { "uv": [ 1, 4, 3, 5 ], "texture": "#texture" },
        "west":  { "uv": [ 1, 4, 1.5, 5 ], "texture": "#texture" },
        "east":  { "uv": [ 3, 4, 2.5, 5 ], "texture": "#texture" }
    }
},
{
    "__comment": "shield x32",
    "from": [ 1, 4, 7.5 ],
    "to": [ 3, 5, 8.5 ],
    "faces": {
        "down":  { "uv": [ 1, 12, 3, 11.5 ], "texture": "#texture" },
        "up":    { "uv": [ 1, 11, 3, 11.5 ], "texture": "#texture" },
        "north": { "uv": [ 3, 11, 1, 12 ], "texture": "#texture" },
        "south": { "uv": [ 1, 11, 3, 12 ], "texture": "#texture" },
        "west":  { "uv": [ 1, 11, 1.5, 12 ], "texture": "#texture" },
        "east":  { "uv": [ 3, 11, 2.5, 12 ], "texture": "#texture" }
    }
},
{
    "__comment": "shield x32",
    "from": [ 1.5, 12, 7.5 ],
    "to": [ 4, 13, 8.5 ],
    "faces": {
        "down":  { "uv": [ 1.5, 4, 4, 3.5 ], "texture": "#texture" },
        "up":    { "uv": [ 1.5, 3, 4, 3.5 ], "texture": "#texture" },
        "north": { "uv": [ 4, 3, 1.5, 4 ], "texture": "#texture" },
        "south": { "uv": [ 1.5, 3, 4, 4 ], "texture": "#texture" },
        "west":  { "uv": [ 1.5, 3, 2, 4 ], "texture": "#texture" },
        "east":  { "uv": [ 4, 3, 3.5, 4 ], "texture": "#texture" }
    }
},
{
    "__comment": "shield x32",
    "from": [ 1.5, 3, 7.5 ],
    "to": [ 3.5, 4, 8.5 ],
    "faces": {
        "down":  { "uv": [ 1.5, 13, 3.5, 12.5 ], "texture": "#texture" },
        "up":    { "uv": [ 1.5, 12, 3.5, 12.5 ], "texture": "#texture" },
        "north": { "uv": [ 3.5, 12, 1.5, 13 ], "texture": "#texture" },
        "south": { "uv": [ 1.5, 12, 3.5, 13 ], "texture": "#texture" },
        "west":  { "uv": [ 1.5, 12, 2, 13 ], "texture": "#texture" },
        "east":  { "uv": [ 3.5, 12, 3, 13 ], "texture": "#texture" }
    }
},
{
    "__comment": "shield x32",
    "from": [ 2, 13, 7.5 ],
    "to": [ 5, 13.5, 8.5 ],
    "faces": {
        "down":  { "uv": [ 2, 3, 5, 2.5 ], "texture": "#texture" },
        "up":    { "uv": [ 2, 2.5, 5, 3 ], "texture": "#texture" },
        "north": { "uv": [ 5, 2.5, 2, 3 ], "texture": "#texture" },
        "south": { "uv": [ 2, 2.5, 5, 3 ], "texture": "#texture" },
        "west":  { "uv": [ 2, 2.5, 2.5, 3 ], "texture": "#texture" },
        "east":  { "uv": [ 5, 2.5, 4.5, 3 ], "texture": "#texture" }
    }
},
{
    "__comment": "shield x32",
    "from": [ 2, 2.5, 7.5 ],
    "to": [ 5, 3, 8.5 ],
    "faces": {
        "down":  { "uv": [ 2, 13.5, 5, 13 ], "texture": "#texture" },
        "up":    { "uv": [ 2, 13, 5, 13.5 ], "texture": "#texture" },
        "north": { "uv": [ 5, 13, 2, 13.5 ], "texture": "#texture" },
        "south": { "uv": [ 2, 13, 5, 13.5 ], "texture": "#texture" },
        "west":  { "uv": [ 2, 13, 2.5, 13.5 ], "texture": "#texture" },
        "east":  { "uv": [ 5, 13, 4.5, 13.5 ], "texture": "#texture" }
    }
},
{
    "__comment": "shield x32",
    "from": [ 2.5, 13.5, 7.5 ],
    "to": [ 6.5, 14, 8.5 ],
    "faces": {
        "down":  { "uv": [ 2.5, 2.5, 6.5, 2 ], "texture": "#texture" },
        "up":    { "uv": [ 2.5, 2, 6.5, 2.5 ], "texture": "#texture" },
        "north": { "uv": [ 6.5, 2, 2.5, 2.5 ], "texture": "#texture" },
        "south": { "uv": [ 2.5, 2, 6.5, 2.5 ], "texture": "#texture" },
        "west":  { "uv": [ 2.5, 2, 3, 2.5 ], "texture": "#texture" },
        "east":  { "uv": [ 6.5, 2, 6, 2.5 ], "texture": "#texture" }
    }
},
{
    "__comment": "shield x32",
    "from": [ 2.5, 2, 7.5 ],
    "to": [ 6, 2.5, 8.5 ],
    "faces": {
        "down":  { "uv": [ 2.5, 14, 6, 13.5 ], "texture": "#texture" },
        "up":    { "uv": [ 2.5, 13.5, 6, 14 ], "texture": "#texture" },
        "north": { "uv": [ 6, 13.5, 2.5, 14 ], "texture": "#texture" },
        "south": { "uv": [ 2.5, 13.5, 6, 14 ], "texture": "#texture" },
        "west":  { "uv": [ 2.5, 13.5, 3, 14 ], "texture": "#texture" },
        "east":  { "uv": [ 6, 13.5, 5.5, 14 ], "texture": "#texture" }
    }
},
{
    "__comment": "shield x32",
    "from": [ 3, 11.5, 7.5 ],
    "to": [ 3.5, 12, 8.5 ],
    "faces": {
        "down":  { "uv": [ 3, 4.5, 3.5, 4 ], "texture": "#texture" },
        "north": { "uv": [ 3.5, 4, 3, 4.5 ], "texture": "#texture" },
        "south": { "uv": [ 3, 4, 3.5, 4.5 ], "texture": "#texture" },
        "east":  { "uv": [ 3.5, 4, 3, 4.5 ], "texture": "#texture" }
    }
},
{
    "__comment": "shield x32",
    "from": [ 3, 1.5, 7.5 ],
    "to": [ 13, 2, 8.5 ],
    "faces": {
        "down":  { "uv": [ 3, 14.5, 13, 14 ], "texture": "#texture" },
        "up":    { "uv": [ 3, 14, 13, 14.5 ], "texture": "#texture" },
        "north": { "uv": [ 13, 14, 3, 14.5 ], "texture": "#texture" },
        "south": { "uv": [ 3, 14, 13, 14.5 ], "texture": "#texture" },
        "west":  { "uv": [ 3, 14, 3.5, 14.5 ], "texture": "#texture" },
        "east":  { "uv": [ 13, 14, 12.5, 14.5 ], "texture": "#texture" }
    }
},
{
    "__comment": "shield x32",
    "from": [ 3.5, 14, 7.5 ],
    "to": [ 12.5, 14.5, 8.5 ],
    "faces": {
        "down":  { "uv": [ 3.5, 2, 12.5, 1.5 ], "texture": "#texture" },
        "up":    { "uv": [ 3.5, 1.5, 12.5, 2 ], "texture": "#texture" },
        "north": { "uv": [ 12.5, 1.5, 3.5, 2 ], "texture": "#texture" },
        "south": { "uv": [ 3.5, 1.5, 12.5, 2 ], "texture": "#texture" },
        "west":  { "uv": [ 3.5, 1.5, 4, 2 ], "texture": "#texture" },
        "east":  { "uv": [ 12.5, 1.5, 12, 2 ], "texture": "#texture" }
    }
},
{
    "__comment": "shield x32",
    "from": [ 3.5, 3, 7.5 ],
    "to": [ 4.5, 3.5, 8.5 ],
    "faces": {
        "up":    { "uv": [ 3.5, 12.5, 4.5, 13 ], "texture": "#texture" },
        "north": { "uv": [ 4.5, 12.5, 3.5, 13 ], "texture": "#texture" },
        "south": { "uv": [ 3.5, 12.5, 4.5, 13 ], "texture": "#texture" },
        "east":  { "uv": [ 4.5, 12.5, 4, 13 ], "texture": "#texture" }
    }
},
{
    "__comment": "shield x32",
    "from": [ 3.5, 1, 7.5 ],
    "to": [ 12, 1.5, 8.5 ],
    "faces": {
        "down":  { "uv": [ 3.5, 15, 12, 14.5 ], "texture": "#texture" },
        "north": { "uv": [ 12, 14.5, 3.5, 15 ], "texture": "#texture" },
        "south": { "uv": [ 3.5, 14.5, 12, 15 ], "texture": "#texture" },
        "west":  { "uv": [ 3.5, 14.5, 4, 15 ], "texture": "#texture" },
        "east":  { "uv": [ 12, 14.5, 11.5, 15 ], "texture": "#texture" }
    }
},
{
    "__comment": "shield x32",
    "from": [ 4, 14.5, 7.5 ],
    "to": [ 12, 15, 8.5 ],
    "faces": {
        "up":    { "uv": [ 4, 1, 12, 1.5 ], "texture": "#texture" },
        "north": { "uv": [ 12, 1, 4, 1.5 ], "texture": "#texture" },
        "south": { "uv": [ 4, 1, 12, 1.5 ], "texture": "#texture" },
        "west":  { "uv": [ 4, 1, 4.5, 1.5 ], "texture": "#texture" },
        "east":  { "uv": [ 12, 1, 11.5, 1.5 ], "texture": "#texture" }
    }
},
{
    "__comment": "shield x32",
    "from": [ 4, 12.5, 7.5 ],
    "to": [ 4.5, 13, 8.5 ],
    "faces": {
        "down":  { "uv": [ 4, 3.5, 4.5, 3 ], "texture": "#texture" },
        "north": { "uv": [ 4.5, 3, 4, 3.5 ], "texture": "#texture" },
        "south": { "uv": [ 4, 3, 4.5, 3.5 ], "texture": "#texture" },
        "east":  { "uv": [ 4.5, 3, 4, 3.5 ], "texture": "#texture" }
    }
},
{
    "__comment": "shield x32",
    "from": [ 5, 15, 7.5 ],
    "to": [ 11, 15.5, 8.5 ],
    "faces": {
        "up":    { "uv": [ 5, 0.5, 11, 1 ], "texture": "#texture" },
        "north": { "uv": [ 11, 0.5, 5, 1 ], "texture": "#texture" },
        "south": { "uv": [ 5, 0.5, 11, 1 ], "texture": "#texture" },
        "west":  { "uv": [ 5, 0.5, 5.5, 1 ], "texture": "#texture" },
        "east":  { "uv": [ 11, 0.5, 10.5, 1 ], "texture": "#texture" }
    }
},
{
    "__comment": "shield x32",
    "from": [ 5, 0.5, 7.5 ],
    "to": [ 11, 1, 8.5 ],
    "faces": {
        "down":  { "uv": [ 5, 15.5, 11, 15 ], "texture": "#texture" },
        "north": { "uv": [ 11, 15, 5, 15.5 ], "texture": "#texture" },
        "south": { "uv": [ 5, 15, 11, 15.5 ], "texture": "#texture" },
        "west":  { "uv": [ 5, 15, 5.5, 15.5 ], "texture": "#texture" },
        "east":  { "uv": [ 11, 15, 10.5, 15.5 ], "texture": "#texture" }
    }
},
{
    "__comment": "shield x32",
    "from": [ 6.5, 15.5, 7.5 ],
    "to": [ 9.5, 16, 8.5 ],
    "faces": {
        "up":    { "uv": [ 6.5, 0, 9.5, 0.5 ], "texture": "#texture" },
        "north": { "uv": [ 9.5, 0, 6.5, 0.5 ], "texture": "#texture" },
        "south": { "uv": [ 6.5, 0, 9.5, 0.5 ], "texture": "#texture" },
        "west":  { "uv": [ 6.5, 0, 7, 0.5 ], "texture": "#texture" },
        "east":  { "uv": [ 9.5, 0, 9, 0.5 ], "texture": "#texture" }
    }
},
{
    "__comment": "shield x32",
    "from": [ 6.5, 7, 7.5 ],
    "to": [ 10, 8.5, 8 ],
    "faces": {
        "down":  { "uv": [ 6.5, 9, 10, 8.5 ], "texture": "#texture" },
        "up":    { "uv": [ 6.5, 7.5, 10, 8 ], "texture": "#texture" },
        "north": { "uv": [ 10, 7.5, 6.5, 9 ], "texture": "#texture" },
        "west":  { "uv": [ 6.5, 7.5, 7, 9 ], "texture": "#texture" },
        "east":  { "uv": [ 10, 7.5, 9.5, 9 ], "texture": "#texture" }
    }
},
{
    "__comment": "shield x32",
    "from": [ 6.5, 0, 7.5 ],
    "to": [ 9.5, 0.5, 8.5 ],
    "faces": {
        "down":  { "uv": [ 6.5, 16, 9.5, 15.5 ], "texture": "#texture" },
        "north": { "uv": [ 9.5, 15.5, 6.5, 16 ], "texture": "#texture" },
        "south": { "uv": [ 6.5, 15.5, 9.5, 16 ], "texture": "#texture" },
        "west":  { "uv": [ 6.5, 15.5, 7, 16 ], "texture": "#texture" },
        "east":  { "uv": [ 9.5, 15.5, 9, 16 ], "texture": "#texture" }
    }
},
{
    "__comment": "shield x32",
    "from": [ 7, 8.5, 7.5 ],
    "to": [ 9.5, 9, 8 ],
    "faces": {
        "up":    { "uv": [ 7, 7, 9.5, 7.5 ], "texture": "#texture" },
        "north": { "uv": [ 9.5, 7, 7, 7.5 ], "texture": "#texture" },
        "west":  { "uv": [ 7, 7, 7.5, 7.5 ], "texture": "#texture" },
        "east":  { "uv": [ 9.5, 7, 9, 7.5 ], "texture": "#texture" }
    }
},
{
    "__comment": "shield x32",
    "from": [ 7, 6.5, 7.5 ],
    "to": [ 9.5, 7, 8 ],
    "faces": {
        "down":  { "uv": [ 7, 9.5, 9.5, 9 ], "texture": "#texture" },
        "north": { "uv": [ 9.5, 9, 7, 9.5 ], "texture": "#texture" },
        "west":  { "uv": [ 7, 9, 7.5, 9.5 ], "texture": "#texture" },
        "east":  { "uv": [ 9.5, 9, 9, 9.5 ], "texture": "#texture" }
    }
},
{
    "__comment": "shield x32",
    "from": [ 7.5, 9, 7.5 ],
    "to": [ 9, 9.5, 8 ],
    "faces": {
        "up":    { "uv": [ 7.5, 6.5, 9, 7 ], "texture": "#texture" },
        "north": { "uv": [ 9, 6.5, 7.5, 7 ], "texture": "#texture" },
        "west":  { "uv": [ 7.5, 6.5, 8, 7 ], "texture": "#texture" },
        "east":  { "uv": [ 9, 6.5, 8.5, 7 ], "texture": "#texture" }
    }
},
{
    "__comment": "shield x32",
    "from": [ 7.5, 6, 7.5 ],
    "to": [ 9, 6.5, 8 ],
    "faces": {
        "down":  { "uv": [ 7.5, 10, 9, 9.5 ], "texture": "#texture" },
        "north": { "uv": [ 9, 9.5, 7.5, 10 ], "texture": "#texture" },
        "west":  { "uv": [ 7.5, 9.5, 8, 10 ], "texture": "#texture" },
        "east":  { "uv": [ 9, 9.5, 8.5, 10 ], "texture": "#texture" }
    }
},
{
    "__comment": "shield x32",
    "from": [ 9.5, 13.5, 7.5 ],
    "to": [ 13.5, 14, 8.5 ],
    "faces": {
        "down":  { "uv": [ 9.5, 2.5, 13.5, 2 ], "texture": "#texture" },
        "up":    { "uv": [ 9.5, 2, 13.5, 2.5 ], "texture": "#texture" },
        "north": { "uv": [ 13.5, 2, 9.5, 2.5 ], "texture": "#texture" },
        "south": { "uv": [ 9.5, 2, 13.5, 2.5 ], "texture": "#texture" },
        "west":  { "uv": [ 9.5, 2, 10, 2.5 ], "texture": "#texture" },
        "east":  { "uv": [ 13.5, 2, 13, 2.5 ], "texture": "#texture" }
    }
},
{
    "__comment": "shield x32",
    "from": [ 10, 2, 7.5 ],
    "to": [ 13.5, 2.5, 8.5 ],
    "faces": {
        "down":  { "uv": [ 10, 14, 13.5, 13.5 ], "texture": "#texture" },
        "up":    { "uv": [ 10, 13.5, 13.5, 14 ], "texture": "#texture" },
        "north": { "uv": [ 13.5, 13.5, 10, 14 ], "texture": "#texture" },
        "south": { "uv": [ 10, 13.5, 13.5, 14 ], "texture": "#texture" },
        "west":  { "uv": [ 10, 13.5, 10.5, 14 ], "texture": "#texture" },
        "east":  { "uv": [ 13.5, 13.5, 13, 14 ], "texture": "#texture" }
    }
},
{
    "__comment": "shield x32",
    "from": [ 11, 13, 7.5 ],
    "to": [ 14, 13.5, 8.5 ],
    "faces": {
        "down":  { "uv": [ 11, 3, 14, 2.5 ], "texture": "#texture" },
        "up":    { "uv": [ 11, 2.5, 14, 3 ], "texture": "#texture" },
        "north": { "uv": [ 14, 2.5, 11, 3 ], "texture": "#texture" },
        "south": { "uv": [ 11, 2.5, 14, 3 ], "texture": "#texture" },
        "west":  { "uv": [ 11, 2.5, 11.5, 3 ], "texture": "#texture" },
        "east":  { "uv": [ 14, 2.5, 13.5, 3 ], "texture": "#texture" }
    }
},
{
    "__comment": "shield x32",
    "from": [ 11, 2.5, 7.5 ],
    "to": [ 14, 3, 8.5 ],
    "faces": {
        "down":  { "uv": [ 11, 13.5, 14, 13 ], "texture": "#texture" },
        "up":    { "uv": [ 11, 13, 14, 13.5 ], "texture": "#texture" },
        "north": { "uv": [ 14, 13, 11, 13.5 ], "texture": "#texture" },
        "south": { "uv": [ 11, 13, 14, 13.5 ], "texture": "#texture" },
        "west":  { "uv": [ 11, 13, 11.5, 13.5 ], "texture": "#texture" },
        "east":  { "uv": [ 14, 13, 13.5, 13.5 ], "texture": "#texture" }
    }
},
{
    "__comment": "shield x32",
    "from": [ 11.5, 3, 7.5 ],
    "to": [ 14.5, 3.5, 8.5 ],
    "faces": {
        "down":  { "uv": [ 11.5, 13, 14.5, 12.5 ], "texture": "#texture" },
        "up":    { "uv": [ 11.5, 12.5, 14.5, 13 ], "texture": "#texture" },
        "north": { "uv": [ 14.5, 12.5, 11.5, 13 ], "texture": "#texture" },
        "south": { "uv": [ 11.5, 12.5, 14.5, 13 ], "texture": "#texture" },
        "west":  { "uv": [ 11.5, 12.5, 12, 13 ], "texture": "#texture" },
        "east":  { "uv": [ 14.5, 12.5, 14, 13 ], "texture": "#texture" }
    }
},
{
    "__comment": "shield x32",
    "from": [ 12, 12, 7.5 ],
    "to": [ 14, 13, 8.5 ],
    "faces": {
        "down":  { "uv": [ 12, 4, 14, 3.5 ], "texture": "#texture" },
        "north": { "uv": [ 14, 3, 12, 4 ], "texture": "#texture" },
        "south": { "uv": [ 12, 3, 14, 4 ], "texture": "#texture" },
        "west":  { "uv": [ 12, 3, 12.5, 4 ], "texture": "#texture" },
        "east":  { "uv": [ 14, 3, 13.5, 4 ], "texture": "#texture" }
    }
},
{
    "__comment": "shield x32",
    "from": [ 12, 3.5, 7.5 ],
    "to": [ 14.5, 4, 8.5 ],
    "faces": {
        "up":    { "uv": [ 12, 12, 14.5, 12.5 ], "texture": "#texture" },
        "north": { "uv": [ 14.5, 12, 12, 12.5 ], "texture": "#texture" },
        "south": { "uv": [ 12, 12, 14.5, 12.5 ], "texture": "#texture" },
        "west":  { "uv": [ 12, 12, 12.5, 12.5 ], "texture": "#texture" },
        "east":  { "uv": [ 14.5, 12, 14, 12.5 ], "texture": "#texture" }
    }
},
{
    "__comment": "shield x32",
    "from": [ 12.5, 11.5, 7.5 ],
    "to": [ 15, 12, 8.5 ],
    "faces": {
        "down":  { "uv": [ 12.5, 4.5, 15, 4 ], "texture": "#texture" },
        "up":    { "uv": [ 12.5, 4, 15, 4.5 ], "texture": "#texture" },
        "north": { "uv": [ 15, 4, 12.5, 4.5 ], "texture": "#texture" },
        "south": { "uv": [ 12.5, 4, 15, 4.5 ], "texture": "#texture" },
        "west":  { "uv": [ 12.5, 4, 13, 4.5 ], "texture": "#texture" },
        "east":  { "uv": [ 15, 4, 14.5, 4.5 ], "texture": "#texture" }
    }
},
{
    "__comment": "shield x32",
    "from": [ 12.5, 4, 7.5 ],
    "to": [ 15, 4.5, 8.5 ],
    "faces": {
        "down":  { "uv": [ 12.5, 12, 15, 11.5 ], "texture": "#texture" },
        "up":    { "uv": [ 12.5, 11.5, 15, 12 ], "texture": "#texture" },
        "north": { "uv": [ 15, 11.5, 12.5, 12 ], "texture": "#texture" },
        "south": { "uv": [ 12.5, 11.5, 15, 12 ], "texture": "#texture" },
        "west":  { "uv": [ 12.5, 11.5, 13, 12 ], "texture": "#texture" },
        "east":  { "uv": [ 15, 11.5, 14.5, 12 ], "texture": "#texture" }
    }
},
{
    "__comment": "shield x32",
    "from": [ 13, 11, 7.5 ],
    "to": [ 15, 11.5, 8.5 ],
    "faces": {
        "down":  { "uv": [ 13, 5, 15, 4.5 ], "texture": "#texture" },
        "north": { "uv": [ 15, 4.5, 13, 5 ], "texture": "#texture" },
        "south": { "uv": [ 13, 4.5, 15, 5 ], "texture": "#texture" },
        "west":  { "uv": [ 13, 4.5, 13.5, 5 ], "texture": "#texture" },
        "east":  { "uv": [ 15, 4.5, 14.5, 5 ], "texture": "#texture" }
    }
},
{
    "__comment": "shield x32",
    "from": [ 13, 4.5, 7.5 ],
    "to": [ 15, 5, 8.5 ],
    "faces": {
        "up":    { "uv": [ 13, 11, 15, 11.5 ], "texture": "#texture" },
        "north": { "uv": [ 15, 11, 13, 11.5 ], "texture": "#texture" },
        "south": { "uv": [ 13, 11, 15, 11.5 ], "texture": "#texture" },
        "west":  { "uv": [ 13, 11, 13.5, 11.5 ], "texture": "#texture" },
        "east":  { "uv": [ 15, 11, 14.5, 11.5 ], "texture": "#texture" }
    }
},
{
    "__comment": "shield x32",
    "from": [ 13.5, 9.5, 7.5 ],
    "to": [ 15.5, 11, 8.5 ],
    "faces": {
        "down":  { "uv": [ 13.5, 6.5, 15.5, 6 ], "texture": "#texture" },
        "up":    { "uv": [ 13.5, 5, 15.5, 5.5 ], "texture": "#texture" },
        "north": { "uv": [ 15.5, 5, 13.5, 6.5 ], "texture": "#texture" },
        "south": { "uv": [ 13.5, 5, 15.5, 6.5 ], "texture": "#texture" },
        "west":  { "uv": [ 13.5, 5, 14, 6.5 ], "texture": "#texture" },
        "east":  { "uv": [ 15.5, 5, 15, 6.5 ], "texture": "#texture" }
    }
},
{
    "__comment": "shield x32",
    "from": [ 13.5, 5, 7.5 ],
    "to": [ 15.5, 6.5, 8.5 ],
    "faces": {
        "down":  { "uv": [ 13.5, 11, 15.5, 10.5 ], "texture": "#texture" },
        "up":    { "uv": [ 13.5, 9.5, 15.5, 10 ], "texture": "#texture" },
        "north": { "uv": [ 15.5, 9.5, 13.5, 11 ], "texture": "#texture" },
        "south": { "uv": [ 13.5, 9.5, 15.5, 11 ], "texture": "#texture" },
        "west":  { "uv": [ 13.5, 9.5, 14, 11 ], "texture": "#texture" },
        "east":  { "uv": [ 15.5, 9.5, 15, 11 ], "texture": "#texture" }
    }
},
{
    "__comment": "shield x32",
    "from": [ 14, 12, 7.5 ],
    "to": [ 14.5, 12.5, 8.5 ],
    "faces": {
        "up":    { "uv": [ 14, 3.5, 14.5, 4 ], "texture": "#texture" },
        "north": { "uv": [ 14.5, 3.5, 14, 4 ], "texture": "#texture" },
        "south": { "uv": [ 14, 3.5, 14.5, 4 ], "texture": "#texture" },
        "east":  { "uv": [ 14.5, 3.5, 14, 4 ], "texture": "#texture" }
    }
},
{
    "__comment": "shield x32",
    "from": [ 14, 6.5, 7.5 ],
    "to": [ 15.5, 9.5, 8.5 ],
    "faces": {
        "north": { "uv": [ 15.5, 6.5, 14, 9.5 ], "texture": "#texture" },
        "south": { "uv": [ 14, 6.5, 15.5, 9.5 ], "texture": "#texture" },
        "west":  { "uv": [ 14, 6.5, 14.5, 9.5 ], "texture": "#texture" },
        "east":  { "uv": [ 15.5, 6.5, 15, 9.5 ], "texture": "#texture" }
    }
},
{
    "__comment": "shield x32",
    "from": [ 15.5, 6.5, 7.5 ],
    "to": [ 16, 9, 8.5 ],
    "faces": {
        "down":  { "uv": [ 15.5, 9.5, 16, 9 ], "texture": "#texture" },
        "up":    { "uv": [ 15.5, 7, 16, 7.5 ], "texture": "#texture" },
        "north": { "uv": [ 16, 7, 15.5, 9.5 ], "texture": "#texture" },
        "south": { "uv": [ 15.5, 7, 16, 9.5 ], "texture": "#texture" },
        "east":  { "uv": [ 16, 7, 15.5, 9.5 ], "texture": "#texture" }
    }
},
{
    "from": [ 3.5, 11.5, 8 ],
    "to": [ 12.5, 14, 8.5 ],
    "faces": {
        "north": { "uv": [ 12.5, 2, 3.5, 4.5 ], "texture": "#texture" },
        "south": { "uv": [ 3.5, 2, 12.5, 4.5 ], "texture": "#texture" },
        "west":  { "uv": [ 8, 2, 8.5, 4.5 ], "texture": "#texture" },
        "east":  { "uv": [ 7.5, 2, 8, 4.5 ], "texture": "#texture" }
    }
},
{
    "from": [ 2, 3, 8 ],
    "to": [ 14, 11.5, 8.5 ],
    "faces": {
        "down":  { "uv": [ 14, 8.5, 2, 8 ], "texture": "#texture" },
        "up":    { "uv": [ 2, 8, 14, 8.5 ], "texture": "#texture" },
        "north": { "uv": [ 14, 4.5, 2, 13 ], "texture": "#texture" },
        "south": { "uv": [ 2, 4.5, 14, 13 ], "texture": "#texture" },
        "west":  { "uv": [ 8, 4.5, 8.5, 13 ], "texture": "#texture" },
        "east":  { "uv": [ 7.5, 4.5, 8, 13 ], "texture": "#texture" }
    }
},
{
    "from": [ 5, 2, 8 ],
    "to": [ 11, 3, 8.5 ],
    "faces": {
        "north": { "uv": [ 11, 13, 5, 14 ], "texture": "#texture" },
        "south": { "uv": [ 5, 13, 11, 14 ], "texture": "#texture" },
        "west":  { "uv": [ 8, 13, 8.5, 14 ], "texture": "#texture" },
        "east":  { "uv": [ 7.5, 13, 8, 14 ], "texture": "#texture" }
    }
},
{
    "from": [ 6.5, 7.5, 8.5 ],
    "to": [ 7, 8.5, 10.5 ],
    "faces": {
        "down":  { "uv": [ 7.5, 7.5, 8, 9.5 ], "texture": "#texture" },
        "up":    { "uv": [ 8, 7, 8.5, 9 ], "texture": "#texture" },
        "north": { "uv": [ 7.5, 7.5, 8, 8.5 ], "texture": "#texture" },
        "south": { "uv": [ 7.5, 7.5, 8, 8.5 ], "texture": "#texture" },
        "west":  { "uv": [ 7, 7.5, 9, 8.5 ], "texture": "#texture" },
        "east":  { "uv": [ 7, 7.5, 9, 8.5 ], "texture": "#texture" }
    }
},
{
    "from": [ 9.5, 7.5, 8.5 ],
    "to": [ 10, 8.5, 10.5 ],
    "faces": {
        "down":  { "uv": [ 7.5, 7.5, 8, 9.5 ], "texture": "#texture" },
        "up":    { "uv": [ 8, 7, 8.5, 9 ], "texture": "#texture" },
        "north": { "uv": [ 7.5, 7.5, 8, 8.5 ], "texture": "#texture" },
        "south": { "uv": [ 7.5, 7.5, 8, 8.5 ], "texture": "#texture" },
        "west":  { "uv": [ 7, 7.5, 9, 8.5 ], "texture": "#texture" },
        "east":  { "uv": [ 7, 7.5, 9, 8.5 ], "texture": "#texture" }
    }
},
{
    "from": [ 6.5, 7.5, 10.5 ],
    "to": [ 10, 8.5, 11 ],
    "faces": {
        "down":  { "uv": [ 6.5, 8, 10, 8.5 ], "texture": "#texture" },
        "up":    { "uv": [ 6.5, 7.5, 10, 8 ], "texture": "#texture" },
        "north": { "uv": [ 6.5, 7.5, 10, 8.5 ], "texture": "#texture" },
        "south": { "uv": [ 6.5, 7.5, 10, 8.5 ], "texture": "#texture" },
        "west":  { "uv": [ 9.5, 7.5, 10, 8.5 ], "texture": "#texture" },
        "east":  { "uv": [ 6.5, 7.5, 7, 8.5 ], "texture": "#texture" }
    }
}
],
"display": {
    "thirdperson_righthand": {
        "rotation": [ 0, -90, -90 ],
        "translation": [ 3.4, -2.46, 4.16 ],
        "scale": [ 1.2, 1.2, 1.2 ]
    },
    "head": {
        "rotation": [ 0, 0, 0 ],
        "translation": [ 8.13, -19.28, -8.13 ],
        "scale": [ 1.8, 1.8, 1.8 ]
    },
    "ground": {
        "rotation": [ 0, 0, 0 ],
        "translation": [ 0, 2, 0 ],
        "scale": [ 0.4, 0.4, 0.4 ]
    },
    "fixed": {
        "rotation": [ 0, 0, 0 ],
        "translation": [ 0, 0, -0.94 ],
        "scale": [ 1, 1, 1 ]
    },
    "firstperson_righthand": {
        "rotation": [ 0, 3, -3 ],
        "translation": [ 5.09, -4, -4.34 ],
        "scale": [ 1, 1, 1 ]
    },
    "gui": {
        "rotation": [ 0, 0, -45 ],
        "translation": [ 0, 0, 0 ],
        "scale": [ 1, 1, 1 ]
    }
}
}