{
"parent": "item/sh_wood",

"overrides": [


		{ "predicate": {"blocking": 0, "damaged": 0, "damage": 0.002976190476190476}, "model": "predicate/shield1"},
		{ "predicate": {"blocking": 0, "damaged": 0, "damage": 0.005952380952380952}, "model": "predicate/shield2"},
		{ "predicate": {"blocking": 0, "damaged": 0, "damage": 0.008928571428571428}, "model": "predicate/shield3"},
		{ "predicate": {"blocking": 0, "damaged": 0, "damage": 0.011904761904761904}, "model": "predicate/shield4"},
		{ "predicate": {"blocking": 0, "damaged": 0, "damage": 0.01488095238095238}, "model": "predicate/shield5"},
		
		{ "predicate": {"blocking": 1, "damaged": 0}, "model": "item/sh_wood_blocking"},
		
		{ "predicate": {"blocking": 0, "damaged": 1, "damage": 0.002976190476190476}, "model": "item/shield"},
		{ "predicate": {"blocking": 0, "damaged": 1, "damage": 0.005952380952380952}, "model": "item/shield"},
		{ "predicate": {"blocking": 0, "damaged": 1, "damage": 0.008928571428571428}, "model": "item/shield"},
		{ "predicate": {"blocking": 0, "damaged": 1, "damage": 0.011904761904761904}, "model": "item/shield"},
		{ "predicate": {"blocking": 0, "damaged": 1, "damage": 0.01488095238095238}, "model": "item/shield"},
		
		{ "predicate": {"blocking": 1, "damaged": 0, "damage": 0.002976190476190476}, "model": "item/sh_fiery_blocking"},
		{ "predicate": {"blocking": 1, "damaged": 0, "damage": 0.005952380952380952}, "model": "item/sh_fiery_blocking"},
		{ "predicate": {"blocking": 1, "damaged": 0, "damage": 0.008928571428571428}, "model": "item/sh_fiery_blocking"},
		{ "predicate": {"blocking": 1, "damaged": 0, "damage": 0.011904761904761904}, "model": "item/sh_fiery_blocking"},
		{ "predicate": {"blocking": 1, "damaged": 0, "damage": 0.01488095238095238}, "model": "item/sh_fiery_blocking"},
		
		{ "predicate": {"blocking": 1, "damaged": 1, "damage": 0.002976190476190476}, "model": "item/sh_wood_blocking"},
		{ "predicate": {"blocking": 1, "damaged": 1, "damage": 0.005952380952380952}, "model": "item/sh_wood_blocking"},
		{ "predicate": {"blocking": 1, "damaged": 1, "damage": 0.008928571428571428}, "model": "item/sh_wood_blocking"},
		{ "predicate": {"blocking": 1, "damaged": 1, "damage": 0.011904761904761904}, "model": "item/sh_wood_blocking"},
		{ "predicate": {"blocking": 1, "damaged": 1, "damage": 0.01488095238095238}, "model": "item/sh_wood_blocking"}
		
	
		
	]
}