{
"textures": {
    "particle": "blocks/fence_spruce",
    "top": "blocks/fence_spruce_top",
    "side": "blocks/fence_spruce"
},
"elements": [ 
{
    "__comment": "North top bar",
    "from": [ 7, 11, 8 ],
    "to": [ 9, 14, 16 ],
    "faces": {
        "down":  { "uv": [ 7, 0, 9, 9 ], "texture": "#top" },
        "up":    { "uv": [ 7, 0, 9, 9 ], "texture": "#top" },
        "north": { "uv": [ 1, 13, 3, 16 ], "texture": "#side", "cullface": "north" },
        "west":  { "uv": [ 0, 2, 8, 5 ], "texture": "#side" },
        "east":  { "uv": [ 8, 2, 0, 5 ], "texture": "#side" }
    }
},
{
    "__comment": "North lower bar",
    "from": [ 7, 7, 8 ],
    "to": [ 9, 10, 16 ],
    "faces": {
        "down":  { "uv": [ 7, 0, 9, 9 ], "texture": "#top" },
        "up":    { "uv": [ 7, 0, 9, 9 ], "texture": "#top" },
        "north": { "uv": [ 1, 13, 3, 16 ], "texture": "#side", "cullface": "north" },
        "west":  { "uv": [ 0, 6, 8, 9 ], "texture": "#side" },
        "east":  { "uv": [ 8, 6, 0, 9 ], "texture": "#side" }
    }
},
{
    "__comment": "North lower bar*",
    "from": [ 7, 3, 8 ],
    "to": [ 9, 6, 16 ],
    "faces": {
        "down":  { "uv": [ 7, 0, 9, 9 ], "texture": "#top" },
        "up":    { "uv": [ 7, 0, 9, 9 ], "texture": "#top" },
        "north": { "uv": [ 1, 13, 3, 16 ], "texture": "#side", "cullface": "north" },
        "west":  { "uv": [ 0, 10, 8, 13 ], "texture": "#side" },
        "east":  { "uv": [ 8, 10, 0, 13 ], "texture": "#side" }
    }
},
{
    "__comment": "North lower bar*",
    "from": [ 7, 3, 0 ],
    "to": [ 9, 6, 8 ],
    "faces": {
        "down":  { "uv": [ 7, 0, 9, 9 ], "texture": "#top" },
        "up":    { "uv": [ 7, 0, 9, 9 ], "texture": "#top" },
        "north": { "uv": [ 1, 13, 3, 16 ], "texture": "#side", "cullface": "north" },
        "west":  { "uv": [ 8, 10, 0, 13 ], "texture": "#side" },
        "east":  { "uv": [ 0, 10, 8, 13 ], "texture": "#side" }
    }
},
{
    "__comment": "North lower bar*",
    "from": [ 7, 7, 0 ],
    "to": [ 9, 10, 8 ],
    "faces": {
        "down":  { "uv": [ 7, 0, 9, 9 ], "texture": "#top" },
        "up":    { "uv": [ 7, 0, 9, 9 ], "texture": "#top" },
        "north": { "uv": [ 1, 13, 3, 16 ], "texture": "#side", "cullface": "north" },
        "west":  { "uv": [ 8, 6, 0, 9 ], "texture": "#side" },
        "east":  { "uv": [ 0, 6, 8, 9 ], "texture": "#side" }
    }
},
{
    "__comment": "North top bar*",
    "from": [ 7, 11, 0 ],
    "to": [ 9, 14, 8 ],
    "faces": {
        "down":  { "uv": [ 7, 0, 9, 9 ], "texture": "#top" },
        "up":    { "uv": [ 7, 0, 9, 9 ], "texture": "#top" },
        "north": { "uv": [ 1, 13, 3, 16 ], "texture": "#side", "cullface": "north" },
        "west":  { "uv": [ 8, 2, 0, 5 ], "texture": "#side" },
        "east":  { "uv": [ 0, 2, 8, 5 ], "texture": "#side" }
    }
},
{
    "from": [ 6, 0, -2 ],
    "to": [ 10, 16, 2 ],
    "faces": {
        "down":  { "uv": [ 6, 6, 10, 10 ], "texture": "#top" },
        "up":    { "uv": [ 6, 6, 10, 10 ], "texture": "#top" },
        "north": { "uv": [ 6, 0, 10, 16 ], "texture": "#side" },
        "south": { "uv": [ 6, 0, 10, 16 ], "texture": "#side" },
        "west":  { "uv": [ 6, 0, 10, 16 ], "texture": "#side" },
        "east":  { "uv": [ 6, 0, 10, 16 ], "texture": "#side" }
    }
},
{
    "from": [ 6, 0, 14 ],
    "to": [ 10, 16, 18 ],
    "faces": {
        "down":  { "uv": [ 6, 6, 10, 10 ], "texture": "#top" },
        "up":    { "uv": [ 6, 6, 10, 10 ], "texture": "#top" },
        "north": { "uv": [ 6, 0, 10, 16 ], "texture": "#side" },
        "south": { "uv": [ 6, 0, 10, 16 ], "texture": "#side" },
        "west":  { "uv": [ 6, 0, 10, 16 ], "texture": "#side" },
        "east":  { "uv": [ 6, 0, 10, 16 ], "texture": "#side" }
    }
}
],
"display": {
    "thirdperson_righthand": {
        "rotation": [ 75, 45, 0 ],
        "translation": [ 0, 2.5, 0 ],
        "scale": [ 0.4, 0.4, 0.4 ]
    },
    "ground": {
        "rotation": [ 0, 0, 0 ],
        "translation": [ 0, 3, 0 ],
        "scale": [ 0.25, 0.25, 0.25 ]
    },
    "fixed": {
        "rotation": [ 0, 90, 0 ],
        "translation": [ 0, 0, 0 ],
        "scale": [ 1, 1, 1 ]
    },
    "firstperson_righthand": {
        "rotation": [ 0, 45, 0 ],
        "translation": [ 0, 0, 0 ],
        "scale": [ 0.4, 0.4, 0.4 ]
    },
    "gui": {
        "rotation": [ 30, 135, 0 ],
        "translation": [ 0, 0, 0 ],
        "scale": [ 0.625, 0.625, 0.625 ]
    }
}
}