{
"__comment": "Designed by tomaxed with Cubik",
"textures": {
    "particle": "weaponstools/stone_hoe",
    "texture": "weaponstools/stone_hoe"
},
"elements": [ 
{
    "from": [ 7, 6, 7 ],
    "to": [ 9, 6.5, 9 ],
    "faces": {
        "down":  { "uv": [ 9, 9, 7, 7 ], "texture": "#texture" },
        "up":    { "uv": [ 7, 7, 9, 9 ], "texture": "#texture" },
        "north": { "uv": [ 7, 9.5, 9, 10 ], "texture": "#texture" },
        "south": { "uv": [ 7, 9.5, 9, 10 ], "texture": "#texture" },
        "west":  { "uv": [ 7, 9.5, 9, 10 ], "texture": "#texture" },
        "east":  { "uv": [ 7, 9.5, 9, 10 ], "texture": "#texture" }
    }
},
{
    "from": [ 7.5, -10.5, 7.5 ],
    "to": [ 8.5, 6, 8.5 ],
    "faces": {
        "down":  { "uv": [ 7.5, 7.5, 8.5, 8.5 ], "texture": "#texture" },
        "up":    { "uv": [ 7.5, 7.5, 8.5, 8.5 ], "texture": "#texture" },
        "north": { "uv": [ 14, 0, 15, 16 ], "texture": "#texture" },
        "south": { "uv": [ 14, 0, 15, 16 ], "texture": "#texture" },
        "west":  { "uv": [ 15, 0, 16, 16 ], "texture": "#texture" },
        "east":  { "uv": [ 15, 0, 16, 16 ], "texture": "#texture" }
    }
},
{
    "from": [ 7.25, -11.25, 7.25 ],
    "to": [ 8.75, -10.25, 8.75 ],
    "faces": {
        "down":  { "uv": [ 14, 7.5, 15.5, 9 ], "texture": "#texture" },
        "up":    { "uv": [ 14, 7.5, 15.5, 9 ], "texture": "#texture" },
        "north": { "uv": [ 14.5, 7, 15.5, 8 ], "texture": "#texture" },
        "south": { "uv": [ 14.5, 7, 15.5, 8 ], "texture": "#texture" },
        "west":  { "uv": [ 14.5, 8.5, 15.5, 9.5 ], "texture": "#texture" },
        "east":  { "uv": [ 14.5, 8.5, 15.5, 9.5 ], "texture": "#texture" }
    }
},
{
    "from": [ 8.5, 6.5, 7 ],
    "to": [ 9.5, 7, 9 ],
    "faces": {
        "down":  { "uv": [ 7.5, 9, 6.5, 7 ], "texture": "#texture" },
        "up":    { "uv": [ 8.5, 7, 9.5, 9 ], "texture": "#texture" },
        "north": { "uv": [ 6.5, 9, 7.5, 9.5 ], "texture": "#texture" },
        "south": { "uv": [ 8.5, 9, 9.5, 9.5 ], "texture": "#texture" },
        "west":  { "uv": [ 7, 9, 9, 9.5 ], "texture": "#texture" },
        "east":  { "uv": [ 7, 9, 9, 9.5 ], "texture": "#texture" }
    }
},
{
    "from": [ 9, 7, 7 ],
    "to": [ 9.5, 8, 8.5 ],
    "faces": {
        "down":  { "uv": [ 7, 8.5, 6.5, 7 ], "texture": "#texture" },
        "up":    { "uv": [ 9, 7, 9.5, 8.5 ], "texture": "#texture" },
        "north": { "uv": [ 6.5, 8, 7, 9 ], "texture": "#texture" },
        "south": { "uv": [ 9, 8, 9.5, 9 ], "texture": "#texture" },
        "west":  { "uv": [ 7, 8, 8.5, 9 ], "texture": "#texture" },
        "east":  { "uv": [ 7.5, 8, 9, 9 ], "texture": "#texture" }
    }
},
{
    "from": [ 9.5, 7.5, 7 ],
    "to": [ 10, 9, 8 ],
    "faces": {
        "down":  { "uv": [ 6.5, 8, 6, 7 ], "texture": "#texture" },
        "up":    { "uv": [ 9.5, 7, 10, 8 ], "texture": "#texture" },
        "north": { "uv": [ 6, 7, 6.5, 8.5 ], "texture": "#texture" },
        "south": { "uv": [ 9.5, 7, 10, 8.5 ], "texture": "#texture" },
        "west":  { "uv": [ 7, 7, 8, 8.5 ], "texture": "#texture" },
        "east":  { "uv": [ 8, 7, 9, 8.5 ], "texture": "#texture" }
    }
},
{
    "from": [ 10, 8.5, 7 ],
    "to": [ 10.5, 10, 7.5 ],
    "faces": {
        "down":  { "uv": [ 6, 7.5, 5.5, 7 ], "texture": "#texture" },
        "up":    { "uv": [ 10, 7, 10.5, 7.5 ], "texture": "#texture" },
        "north": { "uv": [ 5.5, 6, 6, 7.5 ], "texture": "#texture" },
        "south": { "uv": [ 10, 6, 10.5, 7.5 ], "texture": "#texture" },
        "west":  { "uv": [ 7, 6, 7.5, 7.5 ], "texture": "#texture" },
        "east":  { "uv": [ 8.5, 6, 9, 7.5 ], "texture": "#texture" }
    }
},
{
    "from": [ 6.5, 6.5, 7.5 ],
    "to": [ 7.5, 7, 9 ],
    "faces": {
        "down":  { "uv": [ 9.5, 9, 8.5, 7.5 ], "texture": "#texture" },
        "up":    { "uv": [ 6.5, 7.5, 7.5, 9 ], "texture": "#texture" },
        "north": { "uv": [ 8.5, 9, 9.5, 9.5 ], "texture": "#texture" },
        "south": { "uv": [ 6.5, 9, 7.5, 9.5 ], "texture": "#texture" },
        "west":  { "uv": [ 7.5, 9, 9, 9.5 ], "texture": "#texture" },
        "east":  { "uv": [ 7, 9, 8.5, 9.5 ], "texture": "#texture" }
    }
},
{
    "from": [ 6.5, 7, 7 ],
    "to": [ 7, 8, 8.5 ],
    "faces": {
        "down":  { "uv": [ 9.5, 8.5, 9, 7 ], "texture": "#texture" },
        "up":    { "uv": [ 6.5, 7, 7, 8.5 ], "texture": "#texture" },
        "north": { "uv": [ 9, 8, 9.5, 9 ], "texture": "#texture" },
        "south": { "uv": [ 6.5, 8, 7, 9 ], "texture": "#texture" },
        "west":  { "uv": [ 7, 8, 8.5, 9 ], "texture": "#texture" },
        "east":  { "uv": [ 7.5, 8, 9, 9 ], "texture": "#texture" }
    }
},
{
    "from": [ 6, 7.5, 7 ],
    "to": [ 6.5, 9, 8 ],
    "faces": {
        "down":  { "uv": [ 10, 8, 9.5, 7 ], "texture": "#texture" },
        "up":    { "uv": [ 6, 7, 6.5, 8 ], "texture": "#texture" },
        "north": { "uv": [ 9.5, 7, 10, 8.5 ], "texture": "#texture" },
        "south": { "uv": [ 6, 7, 6.5, 8.5 ], "texture": "#texture" },
        "west":  { "uv": [ 7, 7, 8, 8.5 ], "texture": "#texture" },
        "east":  { "uv": [ 8, 7, 9, 8.5 ], "texture": "#texture" }
    }
},
{
    "from": [ 5.5, 8.5, 7 ],
    "to": [ 6, 10, 7.5 ],
    "faces": {
        "down":  { "uv": [ 10.5, 7.5, 10, 7 ], "texture": "#texture" },
        "up":    { "uv": [ 5.5, 7, 6, 7.5 ], "texture": "#texture" },
        "north": { "uv": [ 10, 6, 10.5, 7.5 ], "texture": "#texture" },
        "south": { "uv": [ 5.5, 6, 6, 7.5 ], "texture": "#texture" },
        "west":  { "uv": [ 7, 6, 7.5, 7.5 ], "texture": "#texture" },
        "east":  { "uv": [ 8.5, 6, 9, 7.5 ], "texture": "#texture" }
    }
},
{
    "from": [ 7, 6.5, 9 ],
    "to": [ 9, 7.5, 9.5 ],
    "faces": {
        "down":  { "uv": [ 7.5, 8.5, 9.5, 9 ], "texture": "#texture" },
        "up":    { "uv": [ 7.5, 8.5, 9.5, 9 ], "texture": "#texture" },
        "north": { "uv": [ 7, 8.5, 9, 9.5 ], "texture": "#texture" },
        "south": { "uv": [ 7, 8.5, 9, 9.5 ], "texture": "#texture" },
        "west":  { "uv": [ 9, 8.5, 9.5, 9.5 ], "texture": "#texture" },
        "east":  { "uv": [ 6.5, 8.5, 7, 9.5 ], "texture": "#texture" }
    }
},
{
    "from": [ 7.3125, 6.9375, 9.5 ],
    "to": [ 8.8125, 7.9375, 10 ],
    "faces": {
        "down":  { "uv": [ 7.5, 8.5, 9, 9 ], "texture": "#texture" },
        "up":    { "uv": [ 7.5, 8.5, 9, 9 ], "texture": "#texture" },
        "north": { "uv": [ 7, 8, 8.5, 9 ], "texture": "#texture" },
        "south": { "uv": [ 7, 8, 8.5, 9 ], "texture": "#texture" },
        "west":  { "uv": [ 9.5, 8, 10, 9 ], "texture": "#texture" },
        "east":  { "uv": [ 9.5, 8, 10, 9 ], "texture": "#texture" }
    }
},
{
    "from": [ 7.5, 7.5, 10 ],
    "to": [ 8.5, 9, 10.5 ],
    "faces": {
        "down":  { "uv": [ 7.5, 8, 8.5, 8.5 ], "texture": "#texture" },
        "up":    { "uv": [ 7.5, 8, 8.5, 8.5 ], "texture": "#texture" },
        "north": { "uv": [ 7.5, 7, 8.5, 8.5 ], "texture": "#texture" },
        "south": { "uv": [ 7.5, 7, 8.5, 8.5 ], "texture": "#texture" },
        "west":  { "uv": [ 10, 6.5, 10.5, 8 ], "texture": "#texture" },
        "east":  { "uv": [ 10, 6.5, 10.5, 8 ], "texture": "#texture" }
    }
},
{
    "from": [ 7.75, 8.5625, 10.5 ],
    "to": [ 8.25, 10.0625, 11 ],
    "faces": {
        "down":  { "uv": [ 8, 6.5, 8.5, 7 ], "texture": "#texture" },
        "up":    { "uv": [ 8, 6.5, 8.5, 7 ], "texture": "#texture" },
        "north": { "uv": [ 8, 6, 8.5, 7.5 ], "texture": "#texture" },
        "south": { "uv": [ 8, 6, 8.5, 7.5 ], "texture": "#texture" },
        "west":  { "uv": [ 10.5, 6, 11, 7.5 ], "texture": "#texture" },
        "east":  { "uv": [ 5.5, 6, 6, 7.5 ], "texture": "#texture" }
    }
}
],
"display": {
    "thirdperson_righthand": {
        "rotation": [ 0, 0, 0 ],
        "translation": [ 0, 9.07, 1.89 ],
        "scale": [ 1.2, 1.2, 1.2 ]
    },
    "ground": {
        "rotation": [ 45, 0, 0 ],
        "translation": [ 0, 3.97, 0 ],
        "scale": [ 0.4, 0.4, 0.4 ]
    },
    "fixed": {
        "rotation": [ -153, 26, 129 ],
        "translation": [ -5.1, 5.29, -0.38 ],
        "scale": [ 1, 1, 1 ]
    },
    "firstperson_righthand": {
        "rotation": [ 18, 3, -3 ],
        "translation": [ 8.13, 6.43, -4.34 ],
        "scale": [ 1.2, 1.2, 1.2 ]
    },
    "gui": {
        "rotation": [ -90, -45, -90 ],
        "translation": [ 5.67, 4.72, 0 ],
        "scale": [ 0.9, 0.9, 0.9 ]
    }
}
}