{
"__comment": "Designed by tomaxed with Cubik",
"textures": {
    "particle": "weaponstools/stone_sword",
    "texture": "weaponstools/stone_sword"
},
"elements": [ 
{
    "from": [ 7.75, 1.5, 7 ],
    "to": [ 8.25, 14, 9 ],
    "faces": {
        "up":    { "uv": [ 7, 2, 9, 2.5 ], "rotation": 90, "texture": "#texture" },
        "north": { "uv": [ 7, 2, 7.5, 14.5 ], "texture": "#texture" },
        "south": { "uv": [ 8.5, 2, 9, 14.5 ], "texture": "#texture" },
        "west":  { "uv": [ 7, 2, 9, 14.5 ], "texture": "#texture" },
        "east":  { "uv": [ 9, 2, 7, 14.5 ], "texture": "#texture" }
    }
},
{
    "from": [ 7.75, 14, 7.5 ],
    "to": [ 8.25, 15, 8.5 ],
    "faces": {
        "up":    { "uv": [ 7.5, 1, 8.5, 1.5 ], "rotation": 90, "texture": "#texture" },
        "north": { "uv": [ 7.5, 1, 8, 2 ], "texture": "#texture" },
        "south": { "uv": [ 8, 1, 8.5, 2 ], "texture": "#texture" },
        "west":  { "uv": [ 7.5, 1, 8.5, 2 ], "texture": "#texture" },
        "east":  { "uv": [ 8.5, 1, 7.5, 2 ], "texture": "#texture" }
    }
},
{
    "from": [ 7.5, 1, 4 ],
    "to": [ 8.5, 1.5, 12 ],
    "faces": {
        "down":  { "uv": [ 4, 14.5, 12, 15 ], "rotation": 270, "texture": "#texture" },
        "up":    { "uv": [ 4, 14.5, 12, 15 ], "rotation": 90, "texture": "#texture" },
        "north": { "uv": [ 4, 14.5, 4.5, 15 ], "texture": "#texture" },
        "south": { "uv": [ 11.5, 14.5, 12, 15 ], "texture": "#texture" },
        "west":  { "uv": [ 4, 14.5, 12, 15 ], "texture": "#texture" },
        "east":  { "uv": [ 12, 14.5, 4, 15 ], "texture": "#texture" }
    }
},
{
    "from": [ 7.5, 0.5, 5 ],
    "to": [ 8.5, 1, 11 ],
    "faces": {
        "down":  { "uv": [ 5, 15, 11, 15.5 ], "rotation": 270, "texture": "#texture" },
        "north": { "uv": [ 5, 15, 5.5, 15.5 ], "texture": "#texture" },
        "south": { "uv": [ 10.5, 15, 11, 15.5 ], "texture": "#texture" },
        "west":  { "uv": [ 5, 15, 11, 15.5 ], "texture": "#texture" },
        "east":  { "uv": [ 11, 15, 5, 15.5 ], "texture": "#texture" }
    }
},
{
    "from": [ 7.5, 0, 5.5 ],
    "to": [ 8.5, 0.5, 10.5 ],
    "faces": {
        "down":  { "uv": [ 5.5, 15.5, 10.5, 16 ], "rotation": 270, "texture": "#texture" },
        "north": { "uv": [ 5.5, 15.5, 6, 16 ], "texture": "#texture" },
        "south": { "uv": [ 10, 15.5, 10.5, 16 ], "texture": "#texture" },
        "west":  { "uv": [ 5.5, 15.5, 10.5, 16 ], "texture": "#texture" },
        "east":  { "uv": [ 10.5, 15.5, 5.5, 16 ], "texture": "#texture" }
    }
},
{
    "from": [ 7.5, 1.5, 7.5 ],
    "to": [ 8.5, 14, 8.5 ],
    "faces": {
        "up":    { "uv": [ 7.5, 2, 8.5, 2.5 ], "rotation": 90, "texture": "#texture" },
        "north": { "uv": [ 7.5, 2, 8, 14.5 ], "texture": "#texture" },
        "south": { "uv": [ 8, 2, 8.5, 14.5 ], "texture": "#texture" },
        "west":  { "uv": [ 7.5, 2, 8.5, 14.5 ], "texture": "#texture" },
        "east":  { "uv": [ 8.5, 2, 7.5, 14.5 ], "texture": "#texture" }
    }
},
{
    "from": [ 7.5, 1.5, 3.5 ],
    "to": [ 8.5, 2, 5.5 ],
    "faces": {
        "down":  { "uv": [ 3.5, 14, 5.5, 14.5 ], "rotation": 270, "texture": "#texture" },
        "up":    { "uv": [ 3.5, 14, 5.5, 14.5 ], "rotation": 90, "texture": "#texture" },
        "north": { "uv": [ 3.5, 14, 4, 14.5 ], "texture": "#texture" },
        "south": { "uv": [ 5, 14, 5.5, 14.5 ], "texture": "#texture" },
        "west":  { "uv": [ 3.5, 14, 5.5, 14.5 ], "texture": "#texture" },
        "east":  { "uv": [ 5.5, 14, 3.5, 14.5 ], "texture": "#texture" }
    }
},
{
    "from": [ 7.5, 1.5, 10.5 ],
    "to": [ 8.5, 2, 12.5 ],
    "faces": {
        "down":  { "uv": [ 10.5, 14, 12.5, 14.5 ], "rotation": 270, "texture": "#texture" },
        "up":    { "uv": [ 10.5, 14, 12.5, 14.5 ], "rotation": 90, "texture": "#texture" },
        "north": { "uv": [ 10.5, 14, 11, 14.5 ], "texture": "#texture" },
        "south": { "uv": [ 12, 14, 12.5, 14.5 ], "texture": "#texture" },
        "west":  { "uv": [ 10.5, 14, 12.5, 14.5 ], "texture": "#texture" },
        "east":  { "uv": [ 12.5, 14, 10.5, 14.5 ], "texture": "#texture" }
    }
},
{
    "from": [ 7.5, 2, 3.5 ],
    "to": [ 8.5, 2.5, 4.5 ],
    "faces": {
        "up":    { "uv": [ 3.5, 13.5, 4.5, 14 ], "rotation": 90, "texture": "#texture" },
        "north": { "uv": [ 3.5, 13.5, 4, 14 ], "texture": "#texture" },
        "south": { "uv": [ 4, 13.5, 4.5, 14 ], "texture": "#texture" },
        "west":  { "uv": [ 3.5, 13.5, 4.5, 14 ], "texture": "#texture" },
        "east":  { "uv": [ 4.5, 13.5, 3.5, 14 ], "texture": "#texture" }
    }
},
{
    "from": [ 7.5, 2, 11.5 ],
    "to": [ 8.5, 2.5, 12.5 ],
    "faces": {
        "up":    { "uv": [ 11.5, 13.5, 12.5, 14 ], "rotation": 90, "texture": "#texture" },
        "north": { "uv": [ 11.5, 13.5, 12, 14 ], "texture": "#texture" },
        "south": { "uv": [ 12, 13.5, 12.5, 14 ], "texture": "#texture" },
        "west":  { "uv": [ 11.5, 13.5, 12.5, 14 ], "texture": "#texture" },
        "east":  { "uv": [ 12.5, 13.5, 11.5, 14 ], "texture": "#texture" }
    }
},
{
    "from": [ 7.25, 0.5, 5.5 ],
    "to": [ 8.75, 1, 10.5 ],
    "faces": {
        "down":  { "uv": [ 5, 15, 11, 15.5 ], "rotation": 270, "texture": "#texture" },
        "up":    { "uv": [ 5, 15, 11, 15.5 ], "rotation": 90, "texture": "#texture" },
        "north": { "uv": [ 5, 15, 5.5, 15.5 ], "texture": "#texture" },
        "south": { "uv": [ 10.5, 15, 11, 15.5 ], "texture": "#texture" },
        "west":  { "uv": [ 5.5, 15, 10.5, 15.5 ], "texture": "#texture" },
        "east":  { "uv": [ 10.5, 15, 5.5, 15.5 ], "texture": "#texture" }
    }
},
{
    "from": [ 7.25, 1, 10.5 ],
    "to": [ 8.75, 1.5, 11 ],
    "faces": {
        "down":  { "uv": [ 10.5, 14.5, 11, 15 ], "texture": "#texture" },
        "up":    { "uv": [ 10.5, 14.5, 11, 15 ], "texture": "#texture" },
        "north": { "uv": [ 10.5, 14.5, 11, 15 ], "texture": "#texture" },
        "south": { "uv": [ 10.5, 14.5, 11, 15 ], "texture": "#texture" },
        "west":  { "uv": [ 10.5, 14.5, 11, 15 ], "texture": "#texture" },
        "east":  { "uv": [ 10.5, 14.5, 11, 15 ], "texture": "#texture" }
    }
},
{
    "from": [ 7.25, 1, 5 ],
    "to": [ 8.75, 1.5, 5.5 ],
    "faces": {
        "down":  { "uv": [ 5, 14.5, 5.5, 15 ], "texture": "#texture" },
        "up":    { "uv": [ 5, 14.5, 5.5, 15 ], "texture": "#texture" },
        "north": { "uv": [ 5, 14.5, 5.5, 15 ], "texture": "#texture" },
        "south": { "uv": [ 5, 14.5, 5.5, 15 ], "texture": "#texture" },
        "west":  { "uv": [ 5, 14.5, 5.5, 15 ], "texture": "#texture" },
        "east":  { "uv": [ 5, 14.5, 5.5, 15 ], "texture": "#texture" }
    }
},
{
    "from": [ 7.75, -5, 7 ],
    "to": [ 8.25, 0, 9 ],
    "faces": {
        "north": { "uv": [ 13.5, 8.5, 14, 13.5 ], "texture": "#texture" },
        "south": { "uv": [ 15, 8.5, 15.5, 13.5 ], "texture": "#texture" },
        "west":  { "uv": [ 13.5, 8.5, 15.5, 13.5 ], "texture": "#texture" },
        "east":  { "uv": [ 15.5, 8.5, 13.5, 13.5 ], "texture": "#texture" }
    }
},
{
    "from": [ 7.5, -5.5, 7 ],
    "to": [ 8.5, -5, 9 ],
    "faces": {
        "up":    { "uv": [ 13.5, 13.5, 15.5, 14 ], "rotation": 90, "texture": "#texture" },
        "north": { "uv": [ 13.5, 13.5, 14, 14 ], "texture": "#texture" },
        "south": { "uv": [ 15, 13.5, 15.5, 14 ], "texture": "#texture" },
        "west":  { "uv": [ 13.5, 13.5, 15.5, 14 ], "texture": "#texture" },
        "east":  { "uv": [ 15.5, 13.5, 13.5, 14 ], "texture": "#texture" }
    }
},
{
    "from": [ 7.5, -6.5, 6.5 ],
    "to": [ 8.5, -5.5, 9.5 ],
    "faces": {
        "down":  { "uv": [ 13, 14.5, 16, 15 ], "rotation": 270, "texture": "#texture" },
        "up":    { "uv": [ 13, 14, 16, 14.5 ], "rotation": 90, "texture": "#texture" },
        "north": { "uv": [ 13, 14, 13.5, 15 ], "texture": "#texture" },
        "south": { "uv": [ 15.5, 14, 16, 15 ], "texture": "#texture" },
        "west":  { "uv": [ 13, 14, 16, 15 ], "texture": "#texture" },
        "east":  { "uv": [ 16, 14, 13, 15 ], "texture": "#texture" }
    }
},
{
    "from": [ 7.5, -7, 7 ],
    "to": [ 8.5, -6.5, 9 ],
    "faces": {
        "down":  { "uv": [ 13.5, 15, 15.5, 15.5 ], "rotation": 270, "texture": "#texture" },
        "north": { "uv": [ 13.5, 15, 14, 15.5 ], "texture": "#texture" },
        "south": { "uv": [ 15, 15, 15.5, 15.5 ], "texture": "#texture" },
        "west":  { "uv": [ 13.5, 15, 15.5, 15.5 ], "texture": "#texture" },
        "east":  { "uv": [ 15.5, 15, 13.5, 15.5 ], "texture": "#texture" }
    }
},
{
    "from": [ 7.5, -7.5, 7.5 ],
    "to": [ 8.5, -7, 8.5 ],
    "faces": {
        "down":  { "uv": [ 14, 15.5, 15, 16 ], "rotation": 270, "texture": "#texture" },
        "north": { "uv": [ 14, 15.5, 14.5, 16 ], "texture": "#texture" },
        "south": { "uv": [ 14.5, 15.5, 15, 16 ], "texture": "#texture" },
        "west":  { "uv": [ 14, 15.5, 15, 16 ], "texture": "#texture" },
        "east":  { "uv": [ 15, 15.5, 14, 16 ], "texture": "#texture" }
    }
},
{
    "from": [ 7.5, -5, 7.5 ],
    "to": [ 8.5, -4.5, 8.5 ],
    "faces": {
        "north": { "uv": [ 14, 13, 14.5, 13.5 ], "texture": "#texture" },
        "south": { "uv": [ 14.5, 13, 15, 13.5 ], "texture": "#texture" },
        "west":  { "uv": [ 14, 13, 15, 13.5 ], "texture": "#texture" },
        "east":  { "uv": [ 15, 13, 14, 13.5 ], "texture": "#texture" }
    }
},
{
    "from": [ 7.25, -6.5, 7 ],
    "to": [ 8.75, -5.5, 9 ],
    "faces": {
        "down":  { "uv": [ 13.5, 14.5, 15.5, 15 ], "rotation": 270, "texture": "#texture" },
        "up":    { "uv": [ 13.5, 14, 15.5, 14.5 ], "rotation": 90, "texture": "#texture" },
        "north": { "uv": [ 13.5, 14, 14, 15 ], "texture": "#texture" },
        "south": { "uv": [ 15, 14, 15.5, 15 ], "texture": "#texture" },
        "west":  { "uv": [ 13.5, 14, 15.5, 15 ], "texture": "#texture" },
        "east":  { "uv": [ 15.5, 14, 13.5, 15 ], "texture": "#texture" }
    }
},
{
    "from": [ 7.25, -5.5, 7.5 ],
    "to": [ 8.75, -5, 8.5 ],
    "faces": {
        "up":    { "uv": [ 14, 13.5, 15, 14 ], "rotation": 90, "texture": "#texture" },
        "north": { "uv": [ 14, 13.5, 14.5, 14 ], "texture": "#texture" },
        "south": { "uv": [ 14.5, 13.5, 15, 14 ], "texture": "#texture" },
        "west":  { "uv": [ 14, 13.5, 15, 14 ], "texture": "#texture" },
        "east":  { "uv": [ 15, 13.5, 14, 14 ], "texture": "#texture" }
    }
},
{
    "from": [ 7.25, -7, 7.5 ],
    "to": [ 8.75, -6.5, 8.5 ],
    "faces": {
        "down":  { "uv": [ 14, 15, 15, 15.5 ], "rotation": 270, "texture": "#texture" },
        "north": { "uv": [ 14, 15, 14.5, 15.5 ], "texture": "#texture" },
        "south": { "uv": [ 14.5, 15, 15, 15.5 ], "texture": "#texture" },
        "west":  { "uv": [ 14, 15, 15, 15.5 ], "texture": "#texture" },
        "east":  { "uv": [ 15, 15, 14, 15.5 ], "texture": "#texture" }
    }
},
{
    "from": [ 7.5, -4.5, 7.5 ],
    "to": [ 8.5, 0, 8.5 ],
    "faces": {
        "north": { "uv": [ 14, 8.5, 14.5, 13 ], "texture": "#texture" },
        "south": { "uv": [ 14.5, 8.5, 15, 13 ], "texture": "#texture" },
        "west":  { "uv": [ 14, 8.5, 15, 13 ], "texture": "#texture" },
        "east":  { "uv": [ 15, 8.5, 14, 13 ], "texture": "#texture" }
    }
}
],
"display": {
    "thirdperson_righthand": {
        "rotation": [ 0, 0, 0 ],
        "translation": [ 0, 9.83, 1.89 ],
        "scale": [ 1.2, 1.2, 1.2 ]
    },
    "ground": {
        "rotation": [ 45, 0, 0 ],
        "translation": [ 0, 5.29, 0 ],
        "scale": [ 0.4, 0.4, 0.4 ]
    },
    "fixed": {
        "rotation": [ 90, -45, 90 ],
        "translation": [ -2.46, 3.02, 0 ],
        "scale": [ 1, 1, 1 ]
    },
    "firstperson_righthand": {
        "rotation": [ 18, 3, -3 ],
        "translation": [ 7.37, 3.4, -4.34 ],
        "scale": [ 1.2, 1.2, 1.2 ]
    },
    "gui": {
        "rotation": [ -90, -45, -90 ],
        "translation": [ 2.65, 2.83, 0 ],
        "scale": [ 0.9, 0.9, 0.9 ]
    }
}
}