{
"__comment": "Designed by tomaxed with Cubik",
"textures": {
    "particle": "weaponstools/stone_pickaxe",
    "texture": "weaponstools/stone_pickaxe"
},
"elements": [ 
{
    "from": [ 7.75, 0, 7 ],
    "to": [ 8.25, 10, 9 ],
    "faces": {
        "up":    { "uv": [ 7.75, 7, 8.25, 9 ], "texture": "#texture" },
        "north": { "uv": [ 7, 6, 7.5, 16 ], "texture": "#texture" },
        "south": { "uv": [ 8.5, 6, 9, 16 ], "texture": "#texture" },
        "west":  { "uv": [ 7, 6, 9, 16 ], "texture": "#texture" },
        "east":  { "uv": [ 9, 6, 7, 16 ], "texture": "#texture" }
    }
},
{
    "from": [ 7.75, -2, 7 ],
    "to": [ 8.25, 0, 9 ],
    "faces": {
        "north": { "uv": [ 10, 12, 10.5, 14 ], "texture": "#texture" },
        "south": { "uv": [ 10, 12, 10.5, 14 ], "texture": "#texture" },
        "west":  { "uv": [ 10, 12, 12, 14 ], "texture": "#texture" },
        "east":  { "uv": [ 12, 12, 10, 14 ], "texture": "#texture" }
    }
},
{
    "from": [ 7.75, -3, 6.5 ],
    "to": [ 8.25, -2, 9.5 ],
    "faces": {
        "down":  { "uv": [ 12, 14.5, 12.5, 15 ], "texture": "#texture" },
        "up":    { "uv": [ 10, 14, 10.5, 14.5 ], "texture": "#texture" },
        "north": { "uv": [ 9.5, 14, 10, 15 ], "texture": "#texture" },
        "south": { "uv": [ 12, 14, 12.5, 15 ], "texture": "#texture" },
        "west":  { "uv": [ 9.5, 14, 12.5, 15 ], "texture": "#texture" },
        "east":  { "uv": [ 12.5, 14, 9.5, 15 ], "texture": "#texture" }
    }
},
{
    "from": [ 7.75, -3.5, 7 ],
    "to": [ 8.25, -3, 9 ],
    "faces": {
        "down":  { "uv": [ 10.5, 15, 11, 15.5 ], "texture": "#texture" },
        "north": { "uv": [ 10, 15, 10.5, 15.5 ], "texture": "#texture" },
        "south": { "uv": [ 11.5, 15, 12, 15.5 ], "texture": "#texture" },
        "west":  { "uv": [ 10, 15, 12, 15.5 ], "texture": "#texture" },
        "east":  { "uv": [ 12, 15, 10, 15.5 ], "texture": "#texture" }
    }
},
{
    "from": [ 7.75, -4, 7.5 ],
    "to": [ 8.25, -3.5, 8.5 ],
    "faces": {
        "down":  { "uv": [ 10.5, 15.5, 11, 16 ], "texture": "#texture" },
        "north": { "uv": [ 10.5, 15.5, 11, 16 ], "texture": "#texture" },
        "south": { "uv": [ 11, 15.5, 11.5, 16 ], "texture": "#texture" },
        "west":  { "uv": [ 10.5, 15.5, 11.5, 16 ], "texture": "#texture" },
        "east":  { "uv": [ 11.5, 15.5, 10.5, 16 ], "texture": "#texture" }
    }
},
{
    "from": [ 7.5, 0, 7.5 ],
    "to": [ 8.5, 10, 8.5 ],
    "faces": {
        "up":    { "uv": [ 7.5, 7.5, 8.5, 8.5 ], "texture": "#texture" },
        "north": { "uv": [ 7.5, 6, 8, 16 ], "texture": "#texture" },
        "south": { "uv": [ 8, 6, 8.5, 16 ], "texture": "#texture" },
        "west":  { "uv": [ 7.5, 6, 8.5, 16 ], "texture": "#texture" },
        "east":  { "uv": [ 8.5, 6, 7.5, 16 ], "texture": "#texture" }
    }
},
{
    "from": [ 7.5, -1.5, 7.5 ],
    "to": [ 8.5, 0, 8.5 ],
    "faces": {
        "north": { "uv": [ 10.5, 12, 11.5, 13.5 ], "texture": "#texture" },
        "south": { "uv": [ 11.5, 12, 10.5, 13.5 ], "texture": "#texture" },
        "west":  { "uv": [ 10.5, 12, 11.5, 13.5 ], "texture": "#texture" },
        "east":  { "uv": [ 11.5, 12, 10.5, 13.5 ], "texture": "#texture" }
    }
},
{
    "from": [ 7.5, -3.5, 7.5 ],
    "to": [ 8.5, -3, 8.5 ],
    "faces": {
        "down":  { "uv": [ 10.5, 12, 11.5, 13 ], "texture": "#texture" },
        "north": { "uv": [ 10.5, 15, 11.5, 15.5 ], "texture": "#texture" },
        "south": { "uv": [ 10.5, 15, 11.5, 15.5 ], "texture": "#texture" },
        "west":  { "uv": [ 10.5, 15, 11.5, 15.5 ], "texture": "#texture" },
        "east":  { "uv": [ 11.5, 15, 10.5, 15.5 ], "texture": "#texture" }
    }
},
{
    "from": [ 7.25, -3, 7 ],
    "to": [ 8.75, -1.5, 9 ],
    "faces": {
        "down":  { "uv": [ 10, 13.5, 11, 15 ], "texture": "#texture" },
        "up":    { "uv": [ 10, 13.5, 11, 15 ], "texture": "#texture" },
        "north": { "uv": [ 10, 13.5, 10.5, 15 ], "texture": "#texture" },
        "south": { "uv": [ 11.5, 13.5, 12, 15 ], "texture": "#texture" },
        "west":  { "uv": [ 10, 13.5, 12, 15 ], "texture": "#texture" },
        "east":  { "uv": [ 12, 13.5, 10, 15 ], "texture": "#texture" }
    }
},
{
    "from": [ 7.5, 10, 7.5 ],
    "to": [ 8.5, 10.5, 8 ],
    "faces": {
        "west":  { "uv": [ 7.5, 5.5, 8, 6 ], "texture": "#texture" },
        "east":  { "uv": [ 8, 5.5, 8.5, 6 ], "texture": "#texture" }
    }
},
{
    "from": [ 7.25, 10, 7 ],
    "to": [ 8.75, 10.5, 7.5 ],
    "faces": {
        "down":  { "uv": [ 7, 5.5, 7.5, 6 ], "texture": "#texture" },
        "up":    { "uv": [ 7, 5.5, 7.5, 6 ], "texture": "#texture" },
        "north": { "uv": [ 7, 5.5, 7.5, 6 ], "texture": "#texture" },
        "south": { "uv": [ 7, 5.5, 7.5, 6 ], "texture": "#texture" },
        "west":  { "uv": [ 7, 5.5, 7.5, 6 ], "texture": "#texture" },
        "east":  { "uv": [ 7, 5.5, 7.5, 6 ], "texture": "#texture" }
    }
},
{
    "from": [ 7.25, 10, 8 ],
    "to": [ 8.75, 10.5, 9 ],
    "faces": {
        "down":  { "uv": [ 8, 5.5, 8.5, 6 ], "texture": "#texture" },
        "up":    { "uv": [ 8.5, 5.5, 9, 6 ], "texture": "#texture" },
        "north": { "uv": [ 8, 5.5, 8.5, 6 ], "texture": "#texture" },
        "south": { "uv": [ 8.5, 5.5, 9, 6 ], "texture": "#texture" },
        "west":  { "uv": [ 8, 5.5, 9, 6 ], "texture": "#texture" },
        "east":  { "uv": [ 9, 5.5, 8, 6 ], "texture": "#texture" }
    }
},
{
    "from": [ 7.25, 10.5, 7 ],
    "to": [ 8.75, 11.5, 8.5 ],
    "faces": {
        "down":  { "uv": [ 8, 4.5, 8.5, 5 ], "texture": "#texture" },
        "up":    { "uv": [ 7, 4.5, 7.5, 5 ], "texture": "#texture" },
        "north": { "uv": [ 7, 5, 7.5, 5.5 ], "texture": "#texture" },
        "south": { "uv": [ 8, 5, 8.5, 5.5 ], "texture": "#texture" },
        "west":  { "uv": [ 7, 4.5, 8.5, 5.5 ], "texture": "#texture" },
        "east":  { "uv": [ 8.5, 4.5, 7, 5.5 ], "texture": "#texture" }
    }
},
{
    "from": [ 7.25, 11.5, 8 ],
    "to": [ 8.75, 12.5, 9 ],
    "faces": {
        "down":  { "uv": [ 8.5, 3.5, 9, 4.5 ], "texture": "#texture" },
        "up":    { "uv": [ 8, 3.5, 8.5, 4.5 ], "texture": "#texture" },
        "north": { "uv": [ 8, 3.5, 8.5, 4.5 ], "texture": "#texture" },
        "south": { "uv": [ 8.5, 3.5, 9, 4.5 ], "texture": "#texture" },
        "west":  { "uv": [ 8, 3.5, 9, 4.5 ], "texture": "#texture" },
        "east":  { "uv": [ 9, 3.5, 8, 4.5 ], "texture": "#texture" }
    }
},
{
    "from": [ 7.25, 12.5, 8.5 ],
    "to": [ 8.75, 13, 9.5 ],
    "faces": {
        "down":  { "uv": [ 8.5, 3, 9, 3.5 ], "texture": "#texture" },
        "up":    { "uv": [ 8.5, 3, 9, 3.5 ], "texture": "#texture" },
        "north": { "uv": [ 8.5, 3, 9, 3.5 ], "texture": "#texture" },
        "south": { "uv": [ 9, 3, 9.5, 3.5 ], "texture": "#texture" },
        "west":  { "uv": [ 8.5, 3, 9.5, 3.5 ], "texture": "#texture" },
        "east":  { "uv": [ 9.5, 3, 8.5, 3.5 ], "texture": "#texture" }
    }
},
{
    "from": [ 7.25, 13, 9 ],
    "to": [ 8.75, 13.5, 10 ],
    "faces": {
        "down":  { "uv": [ 9, 2.5, 10, 3 ], "rotation": 270, "texture": "#texture" },
        "up":    { "uv": [ 9, 2.5, 10, 3 ], "rotation": 90, "texture": "#texture" },
        "north": { "uv": [ 9, 2.5, 9.5, 3 ], "texture": "#texture" },
        "south": { "uv": [ 9.5, 2.5, 10, 3 ], "texture": "#texture" },
        "west":  { "uv": [ 9, 2.5, 10, 3 ], "texture": "#texture" },
        "east":  { "uv": [ 10, 2.5, 9, 3 ], "texture": "#texture" }
    }
},
{
    "from": [ 7.25, 11.5, 6.5 ],
    "to": [ 8.75, 12, 7.5 ],
    "faces": {
        "down":  { "uv": [ 7, 4, 7.5, 4.5 ], "texture": "#texture" },
        "up":    { "uv": [ 6.5, 4, 7, 4.5 ], "texture": "#texture" },
        "north": { "uv": [ 6.5, 4, 7, 4.5 ], "texture": "#texture" },
        "south": { "uv": [ 7, 4, 7.5, 4.5 ], "texture": "#texture" },
        "west":  { "uv": [ 6.5, 4, 7.5, 4.5 ], "texture": "#texture" },
        "east":  { "uv": [ 7.5, 4, 6.5, 4.5 ], "texture": "#texture" }
    }
},
{
    "from": [ 7.25, 12, 6 ],
    "to": [ 8.75, 13, 7 ],
    "faces": {
        "down":  { "uv": [ 6, 3, 7, 3.5 ], "rotation": 270, "texture": "#texture" },
        "up":    { "uv": [ 6, 3, 7, 3.5 ], "rotation": 90, "texture": "#texture" },
        "north": { "uv": [ 6, 3, 6.5, 4 ], "texture": "#texture" },
        "south": { "uv": [ 6.5, 3, 7, 4 ], "texture": "#texture" },
        "west":  { "uv": [ 6, 3, 7, 4 ], "texture": "#texture" },
        "east":  { "uv": [ 7, 3, 6, 4 ], "texture": "#texture" }
    }
},
{
    "from": [ 7.25, 13, 6 ],
    "to": [ 8.75, 13.5, 6.5 ],
    "faces": {
        "up":    { "uv": [ 6, 2.5, 6.5, 3 ], "texture": "#texture" },
        "north": { "uv": [ 6, 2.5, 6.5, 3 ], "texture": "#texture" },
        "south": { "uv": [ 6, 2.5, 6.5, 3 ], "texture": "#texture" },
        "west":  { "uv": [ 6, 2.5, 6.5, 3 ], "texture": "#texture" },
        "east":  { "uv": [ 6, 2.5, 6.5, 3 ], "texture": "#texture" }
    }
},
{
    "from": [ 7.75, 10.5, 6.5 ],
    "to": [ 8.25, 14, 9.5 ],
    "faces": {
        "down":  { "uv": [ 6.5, 5, 9.5, 5.5 ], "rotation": 270, "texture": "#texture" },
        "up":    { "uv": [ 6.5, 2, 9.5, 2.5 ], "rotation": 90, "texture": "#texture" },
        "north": { "uv": [ 6.5, 2, 7, 5.5 ], "texture": "#texture" },
        "south": { "uv": [ 9, 2, 9.5, 5.5 ], "texture": "#texture" },
        "west":  { "uv": [ 6.5, 2, 9.5, 5.5 ], "texture": "#texture" },
        "east":  { "uv": [ 9.5, 2, 6.5, 5.5 ], "texture": "#texture" }
    }
},
{
    "from": [ 7.75, 10.5, 9.5 ],
    "to": [ 8.25, 13.5, 10.5 ],
    "faces": {
        "down":  { "uv": [ 9.5, 5, 10.5, 5.5 ], "rotation": 270, "texture": "#texture" },
        "up":    { "uv": [ 9.5, 2.5, 10.5, 3 ], "rotation": 90, "texture": "#texture" },
        "south": { "uv": [ 10, 2.5, 10.5, 5.5 ], "texture": "#texture" },
        "west":  { "uv": [ 9.5, 2.5, 10.5, 5.5 ], "texture": "#texture" },
        "east":  { "uv": [ 10.5, 2.5, 9.5, 5.5 ], "texture": "#texture" }
    }
},
{
    "from": [ 7.75, 10.5, 10.5 ],
    "to": [ 8.25, 13, 11.5 ],
    "faces": {
        "down":  { "uv": [ 10.5, 5, 11.5, 5.5 ], "rotation": 270, "texture": "#texture" },
        "up":    { "uv": [ 10.5, 3, 11.5, 3.5 ], "rotation": 90, "texture": "#texture" },
        "south": { "uv": [ 11, 3, 11.5, 5.5 ], "texture": "#texture" },
        "west":  { "uv": [ 10.5, 3, 11.5, 5.5 ], "texture": "#texture" },
        "east":  { "uv": [ 11.5, 3, 10.5, 5.5 ], "texture": "#texture" }
    }
},
{
    "from": [ 7.75, 10, 11.5 ],
    "to": [ 8.25, 12.5, 13 ],
    "faces": {
        "down":  { "uv": [ 11.5, 5.5, 13, 6 ], "rotation": 270, "texture": "#texture" },
        "up":    { "uv": [ 11.5, 3.5, 13, 4 ], "rotation": 90, "texture": "#texture" },
        "north": { "uv": [ 11.5, 3.5, 12, 6 ], "texture": "#texture" },
        "south": { "uv": [ 12.5, 3.5, 13, 6 ], "texture": "#texture" },
        "west":  { "uv": [ 11.5, 3.5, 13, 6 ], "texture": "#texture" },
        "east":  { "uv": [ 13, 3.5, 11.5, 6 ], "texture": "#texture" }
    }
},
{
    "from": [ 7.75, 9.5, 13 ],
    "to": [ 8.25, 12, 14 ],
    "faces": {
        "down":  { "uv": [ 13, 6, 14, 6.5 ], "rotation": 270, "texture": "#texture" },
        "up":    { "uv": [ 13, 4, 14, 4.5 ], "rotation": 90, "texture": "#texture" },
        "north": { "uv": [ 13, 4, 13.5, 6.5 ], "texture": "#texture" },
        "south": { "uv": [ 13.5, 4, 14, 6.5 ], "texture": "#texture" },
        "west":  { "uv": [ 13, 4, 14, 6.5 ], "texture": "#texture" },
        "east":  { "uv": [ 14, 4, 13, 6.5 ], "texture": "#texture" }
    }
},
{
    "from": [ 7.75, 9.5, 14 ],
    "to": [ 8.25, 11.5, 14.5 ],
    "faces": {
        "down":  { "uv": [ 14, 6, 14.5, 6.5 ], "texture": "#texture" },
        "up":    { "uv": [ 14, 4.5, 14.5, 5 ], "texture": "#texture" },
        "south": { "uv": [ 14, 4.5, 14.5, 6.5 ], "texture": "#texture" },
        "west":  { "uv": [ 14, 4.5, 14.5, 6.5 ], "texture": "#texture" },
        "east":  { "uv": [ 14, 4.5, 14.5, 6.5 ], "texture": "#texture" }
    }
},
{
    "from": [ 7.75, 9, 14.5 ],
    "to": [ 8.25, 11, 15 ],
    "faces": {
        "down":  { "uv": [ 14.5, 6.5, 15, 7 ], "texture": "#texture" },
        "up":    { "uv": [ 14.5, 5, 15, 5.5 ], "texture": "#texture" },
        "north": { "uv": [ 14.5, 5, 15, 7 ], "texture": "#texture" },
        "south": { "uv": [ 14.5, 5, 15, 7 ], "texture": "#texture" },
        "west":  { "uv": [ 14.5, 5, 15, 7 ], "texture": "#texture" },
        "east":  { "uv": [ 14.5, 5, 15, 7 ], "texture": "#texture" }
    }
},
{
    "from": [ 7.75, 9, 15 ],
    "to": [ 8.25, 10.5, 15.5 ],
    "faces": {
        "down":  { "uv": [ 15, 6.5, 15.5, 7 ], "texture": "#texture" },
        "up":    { "uv": [ 15, 5.5, 15.5, 6 ], "texture": "#texture" },
        "south": { "uv": [ 15, 5.5, 15.5, 7 ], "texture": "#texture" },
        "west":  { "uv": [ 15, 5.5, 15.5, 7 ], "texture": "#texture" },
        "east":  { "uv": [ 15, 5.5, 15.5, 7 ], "texture": "#texture" }
    }
},
{
    "from": [ 7.75, 9, 15.5 ],
    "to": [ 8.25, 10, 16 ],
    "faces": {
        "down":  { "uv": [ 15.5, 6.5, 16, 7 ], "texture": "#texture" },
        "up":    { "uv": [ 15.5, 6, 16, 6.5 ], "texture": "#texture" },
        "south": { "uv": [ 15.5, 6, 16, 7 ], "texture": "#texture" },
        "west":  { "uv": [ 15.5, 6, 16, 7 ], "texture": "#texture" },
        "east":  { "uv": [ 15.5, 6, 16, 7 ], "texture": "#texture" }
    }
},
{
    "from": [ 7.75, 10.5, 5.5 ],
    "to": [ 8.25, 13.5, 6.5 ],
    "faces": {
        "down":  { "uv": [ 5.5, 5, 6.5, 5.5 ], "rotation": 270, "texture": "#texture" },
        "up":    { "uv": [ 5.5, 2.5, 6.5, 3 ], "rotation": 90, "texture": "#texture" },
        "north": { "uv": [ 5.5, 2.5, 6, 5.5 ], "texture": "#texture" },
        "west":  { "uv": [ 5.5, 2.5, 6.5, 5.5 ], "texture": "#texture" },
        "east":  { "uv": [ 6.5, 2.5, 5.5, 5.5 ], "texture": "#texture" }
    }
},
{
    "from": [ 7.75, 10.5, 4.5 ],
    "to": [ 8.25, 13, 5.5 ],
    "faces": {
        "down":  { "uv": [ 4.5, 5, 5.5, 5.5 ], "rotation": 270, "texture": "#texture" },
        "up":    { "uv": [ 4.5, 3, 5.5, 3.5 ], "rotation": 90, "texture": "#texture" },
        "north": { "uv": [ 4.5, 3, 5, 5.5 ], "texture": "#texture" },
        "west":  { "uv": [ 4.5, 3, 5.5, 5.5 ], "texture": "#texture" },
        "east":  { "uv": [ 5.5, 3, 4.5, 5.5 ], "texture": "#texture" }
    }
},
{
    "from": [ 7.75, 10, 3 ],
    "to": [ 8.25, 12.5, 4.5 ],
    "faces": {
        "down":  { "uv": [ 3, 5.5, 4.5, 6 ], "rotation": 270, "texture": "#texture" },
        "up":    { "uv": [ 3, 3.5, 4.5, 4 ], "rotation": 90, "texture": "#texture" },
        "north": { "uv": [ 3, 3.5, 3.5, 6 ], "texture": "#texture" },
        "south": { "uv": [ 4, 3.5, 4.5, 6 ], "texture": "#texture" },
        "west":  { "uv": [ 3, 3.5, 4.5, 6 ], "texture": "#texture" },
        "east":  { "uv": [ 4.5, 3.5, 3, 6 ], "texture": "#texture" }
    }
},
{
    "from": [ 7.75, 9.5, 2 ],
    "to": [ 8.25, 12, 3 ],
    "faces": {
        "down":  { "uv": [ 2, 6, 3, 6.5 ], "rotation": 270, "texture": "#texture" },
        "up":    { "uv": [ 2, 4, 3, 4.5 ], "rotation": 90, "texture": "#texture" },
        "north": { "uv": [ 2, 4, 2.5, 6.5 ], "texture": "#texture" },
        "south": { "uv": [ 2.5, 4, 3, 6.5 ], "texture": "#texture" },
        "west":  { "uv": [ 2, 4, 3, 6.5 ], "texture": "#texture" },
        "east":  { "uv": [ 3, 4, 2, 6.5 ], "texture": "#texture" }
    }
},
{
    "from": [ 7.75, 9.5, 1.5 ],
    "to": [ 8.25, 11.5, 2 ],
    "faces": {
        "down":  { "uv": [ 1.5, 6, 2, 6.5 ], "texture": "#texture" },
        "up":    { "uv": [ 1.5, 4.5, 2, 5 ], "texture": "#texture" },
        "north": { "uv": [ 1.5, 4.5, 2, 6.5 ], "texture": "#texture" },
        "west":  { "uv": [ 1.5, 4.5, 2, 6.5 ], "texture": "#texture" },
        "east":  { "uv": [ 1.5, 4.5, 2, 6.5 ], "texture": "#texture" }
    }
},
{
    "from": [ 7.75, 9, 1 ],
    "to": [ 8.25, 11, 1.5 ],
    "faces": {
        "down":  { "uv": [ 1, 6.5, 1.5, 7 ], "texture": "#texture" },
        "up":    { "uv": [ 1, 5, 1.5, 5.5 ], "texture": "#texture" },
        "north": { "uv": [ 1, 5, 1.5, 7 ], "texture": "#texture" },
        "south": { "uv": [ 1, 5, 1.5, 7 ], "texture": "#texture" },
        "west":  { "uv": [ 1, 5, 1.5, 7 ], "texture": "#texture" },
        "east":  { "uv": [ 1, 5, 1.5, 7 ], "texture": "#texture" }
    }
},
{
    "from": [ 7.75, 9, 0.5 ],
    "to": [ 8.25, 10.5, 1 ],
    "faces": {
        "down":  { "uv": [ 0.5, 6.5, 1, 7 ], "texture": "#texture" },
        "up":    { "uv": [ 0.5, 5.5, 1, 6 ], "texture": "#texture" },
        "north": { "uv": [ 0.5, 5.5, 1, 7 ], "texture": "#texture" },
        "west":  { "uv": [ 0.5, 5.5, 1, 7 ], "texture": "#texture" },
        "east":  { "uv": [ 0.5, 5.5, 1, 7 ], "texture": "#texture" }
    }
},
{
    "from": [ 7.75, 9, 0 ],
    "to": [ 8.25, 10, 0.5 ],
    "faces": {
        "down":  { "uv": [ 0, 6.5, 0.5, 7 ], "texture": "#texture" },
        "up":    { "uv": [ 0, 6, 0.5, 6.5 ], "texture": "#texture" },
        "north": { "uv": [ 0, 6, 0.5, 7 ], "texture": "#texture" },
        "west":  { "uv": [ 0, 6, 0.5, 7 ], "texture": "#texture" },
        "east":  { "uv": [ 0, 6, 0.5, 7 ], "texture": "#texture" }
    }
},
{
    "from": [ 7.5, 9.5, 0.5 ],
    "to": [ 8.5, 10, 1.5 ],
    "faces": {
        "down":  { "uv": [ 0.5, 6, 1.5, 6.5 ], "texture": "#texture" },
        "up":    { "uv": [ 0.5, 6, 1.5, 6.5 ], "texture": "#texture" },
        "north": { "uv": [ 0.5, 6, 1.5, 6.5 ], "texture": "#texture" },
        "south": { "uv": [ 0.5, 6, 1.5, 6.5 ], "texture": "#texture" },
        "west":  { "uv": [ 0.5, 6, 1.5, 6.5 ], "texture": "#texture" },
        "east":  { "uv": [ 1.5, 6, 0.5, 6.5 ], "texture": "#texture" }
    }
},
{
    "from": [ 7.5, 10, 1 ],
    "to": [ 8.5, 10.5, 3 ],
    "faces": {
        "down":  { "uv": [ 2.5, 5.5, 3, 6 ], "texture": "#texture" },
        "up":    { "uv": [ 1, 5.5, 1.5, 6 ], "texture": "#texture" },
        "north": { "uv": [ 1, 5.5, 1.5, 6 ], "texture": "#texture" },
        "south": { "uv": [ 2.5, 5.5, 3, 6 ], "texture": "#texture" },
        "west":  { "uv": [ 1, 5.5, 3, 6 ], "texture": "#texture" },
        "east":  { "uv": [ 3, 5.5, 1, 6 ], "texture": "#texture" }
    }
},
{
    "from": [ 7.5, 10.5, 1.5 ],
    "to": [ 8.5, 11, 3 ],
    "faces": {
        "up":    { "uv": [ 1.5, 5, 2, 5.5 ], "texture": "#texture" },
        "north": { "uv": [ 1.5, 5, 2, 5.5 ], "texture": "#texture" },
        "west":  { "uv": [ 1.5, 5, 3, 5.5 ], "texture": "#texture" },
        "east":  { "uv": [ 3, 5, 1.5, 5.5 ], "texture": "#texture" }
    }
},
{
    "from": [ 7.5, 11, 2 ],
    "to": [ 8.5, 11.5, 3 ],
    "faces": {
        "up":    { "uv": [ 2, 4.5, 2.5, 5 ], "texture": "#texture" },
        "north": { "uv": [ 2, 4.5, 2.5, 5 ], "texture": "#texture" },
        "west":  { "uv": [ 2, 4.5, 3, 5 ], "texture": "#texture" },
        "east":  { "uv": [ 2, 4.5, 3, 5 ], "texture": "#texture" }
    }
},
{
    "from": [ 7.5, 10.5, 3 ],
    "to": [ 8.5, 12, 4.5 ],
    "faces": {
        "down":  { "uv": [ 4, 4, 4.5, 5.5 ], "texture": "#texture" },
        "up":    { "uv": [ 3, 4, 3.5, 5.5 ], "texture": "#texture" },
        "north": { "uv": [ 3, 4, 3.5, 5.5 ], "texture": "#texture" },
        "south": { "uv": [ 4, 4, 4.5, 5.5 ], "texture": "#texture" },
        "west":  { "uv": [ 3, 4, 4.5, 5.5 ], "texture": "#texture" },
        "east":  { "uv": [ 4.5, 4, 3, 5.5 ], "texture": "#texture" }
    }
},
{
    "from": [ 7.5, 11, 4.5 ],
    "to": [ 8.5, 12.5, 11.5 ],
    "faces": {
        "down":  { "uv": [ 4.5, 4.5, 11.5, 5 ], "rotation": 270, "texture": "#texture" },
        "up":    { "uv": [ 4.5, 3.5, 11.5, 4 ], "rotation": 90, "texture": "#texture" },
        "north": { "uv": [ 4.5, 3.5, 5, 5 ], "texture": "#texture" },
        "south": { "uv": [ 11, 3.5, 11.5, 5 ], "texture": "#texture" },
        "west":  { "uv": [ 4.5, 3.5, 11.5, 5 ], "texture": "#texture" },
        "east":  { "uv": [ 11.5, 3.5, 4.5, 5 ], "texture": "#texture" }
    }
},
{
    "from": [ 7.5, 12.5, 5.5 ],
    "to": [ 8.5, 13, 10.5 ],
    "faces": {
        "up":    { "uv": [ 5.5, 3, 10.5, 3.5 ], "rotation": 90, "texture": "#texture" },
        "north": { "uv": [ 5.5, 3, 6, 3.5 ], "texture": "#texture" },
        "south": { "uv": [ 10, 3, 10.5, 3.5 ], "texture": "#texture" },
        "west":  { "uv": [ 5.5, 3, 10.5, 3.5 ], "texture": "#texture" },
        "east":  { "uv": [ 10.5, 3, 5.5, 3.5 ], "texture": "#texture" }
    }
},
{
    "from": [ 7.5, 13, 6.5 ],
    "to": [ 8.5, 13.5, 9.5 ],
    "faces": {
        "up":    { "uv": [ 6.5, 2.5, 9.5, 3 ], "rotation": 90, "texture": "#texture" },
        "south": { "uv": [ 9, 2.5, 9.5, 3 ], "texture": "#texture" },
        "west":  { "uv": [ 6.5, 2.5, 9.5, 3 ], "texture": "#texture" },
        "east":  { "uv": [ 9.5, 2.5, 6.5, 3 ], "texture": "#texture" }
    }
},
{
    "from": [ 7.5, 10.5, 11.5 ],
    "to": [ 8.5, 12, 13 ],
    "faces": {
        "down":  { "uv": [ 11.5, 5, 13, 5.5 ], "rotation": 270, "texture": "#texture" },
        "up":    { "uv": [ 11.5, 4, 13, 4.5 ], "rotation": 90, "texture": "#texture" },
        "north": { "uv": [ 11.5, 4, 12, 5.5 ], "texture": "#texture" },
        "south": { "uv": [ 12.5, 4, 13, 5.5 ], "texture": "#texture" },
        "west":  { "uv": [ 11.5, 4, 13, 5.5 ], "texture": "#texture" },
        "east":  { "uv": [ 13, 4, 11.5, 5.5 ], "texture": "#texture" }
    }
},
{
    "from": [ 7.5, 10, 13 ],
    "to": [ 8.5, 11.5, 14 ],
    "faces": {
        "down":  { "uv": [ 13, 5.5, 14, 6 ], "rotation": 270, "texture": "#texture" },
        "up":    { "uv": [ 13, 4.5, 14, 5 ], "rotation": 90, "texture": "#texture" },
        "north": { "uv": [ 13, 4.5, 13.5, 6 ], "texture": "#texture" },
        "south": { "uv": [ 13.5, 4.5, 14, 6 ], "texture": "#texture" },
        "west":  { "uv": [ 13, 4.5, 14, 6 ], "texture": "#texture" },
        "east":  { "uv": [ 14, 4.5, 13, 6 ], "texture": "#texture" }
    }
},
{
    "from": [ 7.5, 10, 14 ],
    "to": [ 8.5, 11, 14.5 ],
    "faces": {
        "down":  { "uv": [ 14, 5.5, 14.5, 6 ], "texture": "#texture" },
        "up":    { "uv": [ 14, 5, 14.5, 5.5 ], "texture": "#texture" },
        "south": { "uv": [ 14, 5, 14.5, 6 ], "texture": "#texture" },
        "west":  { "uv": [ 14, 5, 14.5, 6 ], "texture": "#texture" },
        "east":  { "uv": [ 14, 5, 14.5, 6 ], "texture": "#texture" }
    }
},
{
    "from": [ 7.5, 9.5, 14.5 ],
    "to": [ 8.5, 10.5, 15 ],
    "faces": {
        "down":  { "uv": [ 14.5, 6, 15, 6.5 ], "texture": "#texture" },
        "up":    { "uv": [ 14.5, 5.5, 15, 6 ], "texture": "#texture" },
        "north": { "uv": [ 14.5, 5.5, 15, 6.5 ], "texture": "#texture" },
        "south": { "uv": [ 14.5, 5.5, 15, 6.5 ], "texture": "#texture" },
        "west":  { "uv": [ 14.5, 5.5, 15, 6.5 ], "texture": "#texture" },
        "east":  { "uv": [ 14.5, 5.5, 15, 6.5 ], "texture": "#texture" }
    }
},
{
    "from": [ 7.5, 9.5, 15 ],
    "to": [ 8.5, 10, 15.5 ],
    "faces": {
        "down":  { "uv": [ 15, 6, 15.5, 6.5 ], "texture": "#texture" },
        "up":    { "uv": [ 15, 6, 15.5, 6.5 ], "texture": "#texture" },
        "south": { "uv": [ 15, 6, 15.5, 6.5 ], "texture": "#texture" },
        "west":  { "uv": [ 15, 6, 15.5, 6.5 ], "texture": "#texture" },
        "east":  { "uv": [ 15, 6, 15.5, 6.5 ], "texture": "#texture" }
    }
},
{
    "from": [ 7.5, 10, 6.5 ],
    "to": [ 8.5, 10.5, 7 ],
    "faces": {
        "down":  { "uv": [ 6.5, 5.5, 7, 6 ], "texture": "#texture" },
        "up":    { "uv": [ 6.5, 5.5, 7, 6 ], "texture": "#texture" },
        "north": { "uv": [ 6.5, 5.5, 7, 6 ], "texture": "#texture" },
        "south": { "uv": [ 6.5, 5.5, 7, 6 ], "texture": "#texture" },
        "west":  { "uv": [ 6.5, 5.5, 7, 6 ], "texture": "#texture" },
        "east":  { "uv": [ 6.5, 5.5, 7, 6 ], "texture": "#texture" }
    }
},
{
    "from": [ 7.5, 10, 9 ],
    "to": [ 8.5, 10.5, 9.5 ],
    "faces": {
        "down":  { "uv": [ 9, 5.5, 9.5, 6 ], "texture": "#texture" },
        "up":    { "uv": [ 9, 5.5, 9.5, 6 ], "texture": "#texture" },
        "north": { "uv": [ 9, 5.5, 9.5, 6 ], "texture": "#texture" },
        "south": { "uv": [ 9, 5.5, 9.5, 6 ], "texture": "#texture" },
        "west":  { "uv": [ 9, 5.5, 9.5, 6 ], "texture": "#texture" },
        "east":  { "uv": [ 9, 5.5, 9.5, 6 ], "texture": "#texture" }
    }
}
],
"display": {
    "thirdperson_righthand": {
        "rotation": [ 0, 0, 0 ],
        "translation": [ 0, 5.9, 1.89 ],
        "scale": [ 1, 1, 1 ]
    },
    "ground": {
        "rotation": [ 45, 0, 0 ],
        "translation": [ 0, 3.97, 0 ],
        "scale": [ 0.4, 0.4, 0.4 ]
    },
    "fixed": {
        "rotation": [ 90, -45, 90 ],
        "translation": [ 0, 0, 0 ],
        "scale": [ 1, 1, 1 ]
    },
    "firstperson_righthand": {
        "rotation": [ 18, 3, -3 ],
        "translation": [ 5.1, 0.38, -4.35 ],
        "scale": [ 1.2, 1.2, 1.2 ]
    },
    "gui": {
        "rotation": [ -90, -45, -90 ],
        "translation": [ 0.57, 0.94, 0 ],
        "scale": [ 0.9, 0.9, 0.9 ]
    }
}
}