{
"__comment": "Designed by tomaxed with Cubik",
"textures": {
    "particle": "items/totem_model",
    "texture": "items/totem_model",
    "text": "items/totem_death"
},
"elements": [ 
{
    "from": [ 6, 0, 7 ],
    "to": [ 10, 16, 9 ],
    "faces": {
        "down":  { "uv": [ 12, 14, 16, 16 ], "texture": "#texture" },
        "up":    { "uv": [ 12, 14, 16, 16 ], "texture": "#texture" },
        "north": { "uv": [ 6, 0, 10, 16 ], "texture": "#texture" },
        "south": { "uv": [ 6, 0, 10, 16 ], "texture": "#texture" },
        "west":  { "uv": [ 6, 0, 7, 16 ], "texture": "#texture" },
        "east":  { "uv": [ 9, 0, 10, 16 ], "texture": "#texture" }
    }
},
{
    "from": [ 5, 1, 7 ],
    "to": [ 6, 4, 9 ],
    "faces": {
        "down":  { "uv": [ 11, 8.5, 10, 7.5 ], "texture": "#texture" },
        "up":    { "uv": [ 5, 7.5, 6, 8.5 ], "texture": "#texture" },
        "north": { "uv": [ 10, 12, 11, 15 ], "texture": "#texture" },
        "south": { "uv": [ 5, 12, 6, 15 ], "texture": "#texture" },
        "west":  { "uv": [ 6, 12, 7, 15 ], "texture": "#texture" }
    }
},
{
    "from": [ 10, 1, 7 ],
    "to": [ 11, 4, 9 ],
    "faces": {
        "down":  { "uv": [ 6, 8.5, 5, 7.5 ], "texture": "#texture" },
        "up":    { "uv": [ 10, 7.5, 11, 8.5 ], "texture": "#texture" },
        "north": { "uv": [ 5, 12, 6, 15 ], "texture": "#texture" },
        "south": { "uv": [ 10, 12, 11, 15 ], "texture": "#texture" },
        "east":  { "uv": [ 10, 12, 11, 15 ], "texture": "#texture" }
    }
},
{
    "from": [ 5, 7, 7.5 ],
    "to": [ 6, 10, 8.5 ],
    "faces": {
        "down":  { "uv": [ 11, 8.5, 10, 7.5 ], "texture": "#texture" },
        "up":    { "uv": [ 5, 7.5, 6, 8.5 ], "texture": "#texture" },
        "north": { "uv": [ 10, 6, 11, 9 ], "texture": "#texture" },
        "south": { "uv": [ 5, 6, 6, 9 ], "texture": "#texture" }
    }
},
{
    "from": [ 4, 7, 7.5 ],
    "to": [ 5, 11, 8.5 ],
    "faces": {
        "down":  { "uv": [ 13, 11.5, 14, 12.5 ], "texture": "#texture" },
        "up":    { "uv": [ 13, 11.5, 14, 12.5 ], "texture": "#texture" },
        "north": { "uv": [ 4, 5, 5, 9 ], "texture": "#texture" },
        "south": { "uv": [ 4, 5, 5, 9 ], "texture": "#texture" },
        "east":  { "uv": [ 4, 5, 5, 9 ], "texture": "#texture" }
    }
},
{
    "from": [ 3, 7, 7.5 ],
    "to": [ 4, 12, 8.5 ],
    "faces": {
        "down":  { "uv": [ 14, 13, 15, 14 ], "texture": "#texture" },
        "up":    { "uv": [ 14, 13, 15, 14 ], "texture": "#texture" },
        "north": { "uv": [ 3, 4, 4, 9 ], "texture": "#texture" },
        "south": { "uv": [ 3, 4, 4, 9 ], "texture": "#texture" },
        "west":  { "uv": [ 3, 4, 4, 9 ], "texture": "#texture" },
        "east":  { "uv": [ 3, 4, 4, 9 ], "texture": "#texture" }
    }
},
{
    "from": [ 2, 8, 7.5 ],
    "to": [ 3, 12, 8.5 ],
    "faces": {
        "down":  { "uv": [ 12, 13, 13, 14 ], "texture": "#texture" },
        "up":    { "uv": [ 12, 13, 13, 14 ], "texture": "#texture" },
        "north": { "uv": [ 2, 4, 3, 8 ], "texture": "#texture" },
        "south": { "uv": [ 2, 4, 3, 8 ], "texture": "#texture" },
        "west":  { "uv": [ 2, 4, 3, 8 ], "texture": "#texture" }
    }
},
{
    "from": [ 1, 9, 7.5 ],
    "to": [ 2, 12, 8.5 ],
    "faces": {
        "down":  { "uv": [ 13, 14, 14, 15 ], "texture": "#texture" },
        "up":    { "uv": [ 13, 14, 14, 15 ], "texture": "#texture" },
        "north": { "uv": [ 1, 4, 2, 7 ], "texture": "#texture" },
        "south": { "uv": [ 1, 4, 2, 7 ], "texture": "#texture" },
        "west":  { "uv": [ 1, 4, 2, 7 ], "texture": "#texture" }
    }
},
{
    "from": [ 10, 7, 7.5 ],
    "to": [ 11, 10, 8.5 ],
    "faces": {
        "down":  { "uv": [ 13, 12, 14, 13 ], "texture": "#texture" },
        "up":    { "uv": [ 13, 12, 14, 13 ], "texture": "#texture" },
        "north": { "uv": [ 10, 6, 11, 9 ], "texture": "#texture" },
        "south": { "uv": [ 10, 6, 11, 9 ], "texture": "#texture" }
    }
},
{
    "from": [ 11, 7, 7.5 ],
    "to": [ 12, 11, 8.5 ],
    "faces": {
        "down":  { "uv": [ 14, 13, 15, 14 ], "texture": "#texture" },
        "up":    { "uv": [ 14, 13, 15, 14 ], "texture": "#texture" },
        "north": { "uv": [ 11, 5, 12, 9 ], "texture": "#texture" },
        "south": { "uv": [ 11, 5, 12, 9 ], "texture": "#texture" },
        "west":  { "uv": [ 11, 5, 12, 9 ], "texture": "#texture" }
    }
},
{
    "from": [ 12, 7, 7.5 ],
    "to": [ 13, 12, 8.5 ],
    "faces": {
        "down":  { "uv": [ 15, 13, 16, 14 ], "texture": "#texture" },
        "up":    { "uv": [ 15, 13, 16, 14 ], "texture": "#texture" },
        "north": { "uv": [ 12, 4, 13, 9 ], "texture": "#texture" },
        "south": { "uv": [ 12, 4, 13, 9 ], "texture": "#texture" },
        "west":  { "uv": [ 12, 4, 13, 9 ], "texture": "#texture" },
        "east":  { "uv": [ 12, 4, 13, 9 ], "texture": "#texture" }
    }
},
{
    "from": [ 13, 8, 7.5 ],
    "to": [ 14, 12, 8.5 ],
    "faces": {
        "down":  { "uv": [ 14, 14, 15, 15 ], "texture": "#texture" },
        "up":    { "uv": [ 14, 14, 15, 15 ], "texture": "#texture" },
        "north": { "uv": [ 13, 4, 14, 8 ], "texture": "#texture" },
        "south": { "uv": [ 13, 4, 14, 8 ], "texture": "#texture" },
        "east":  { "uv": [ 13, 4, 14, 8 ], "texture": "#texture" }
    }
},
{
    "from": [ 14, 9, 7.5 ],
    "to": [ 15, 12, 8.5 ],
    "faces": {
        "down":  { "uv": [ 15, 13, 16, 14 ], "texture": "#texture" },
        "up":    { "uv": [ 15, 13, 16, 14 ], "texture": "#texture" },
        "north": { "uv": [ 14, 4, 15, 7 ], "texture": "#texture" },
        "south": { "uv": [ 14, 4, 15, 7 ], "texture": "#texture" },
        "east":  { "uv": [ 14, 4, 15, 7 ], "texture": "#texture" }
    }
},
{
    "from": [ 5, 13, 7.5 ],
    "to": [ 6, 15, 8.5 ],
    "faces": {
        "down":  { "uv": [ 5, 2, 6, 3 ], "texture": "#texture" },
        "up":    { "uv": [ 5, 1, 6, 2 ], "texture": "#texture" },
        "north": { "uv": [ 5, 1, 6, 3 ], "texture": "#texture" },
        "south": { "uv": [ 5, 1, 6, 3 ], "texture": "#texture" },
        "west":  { "uv": [ 5, 1, 6, 3 ], "texture": "#texture" }
    }
},
{
    "from": [ 4, 14, 7.5 ],
    "to": [ 5, 16, 8.5 ],
    "faces": {
        "down":  { "uv": [ 4, 1, 5, 2 ], "texture": "#texture" },
        "up":    { "uv": [ 4, 0, 5, 1 ], "texture": "#texture" },
        "north": { "uv": [ 4, 0, 5, 2 ], "texture": "#texture" },
        "south": { "uv": [ 4, 0, 5, 2 ], "texture": "#texture" },
        "west":  { "uv": [ 4, 0, 5, 2 ], "texture": "#texture" },
        "east":  { "uv": [ 4, 0, 5, 2 ], "texture": "#texture" }
    }
},
{
    "from": [ 10, 13, 7.5 ],
    "to": [ 11, 15, 8.5 ],
    "faces": {
        "down":  { "uv": [ 10, 2, 11, 3 ], "texture": "#texture" },
        "up":    { "uv": [ 10, 1, 11, 2 ], "texture": "#texture" },
        "north": { "uv": [ 10, 1, 11, 3 ], "texture": "#texture" },
        "south": { "uv": [ 10, 1, 11, 3 ], "texture": "#texture" },
        "east":  { "uv": [ 10, 1, 11, 3 ], "texture": "#texture" }
    }
},
{
    "from": [ 11, 14, 7.5 ],
    "to": [ 12, 16, 8.5 ],
    "faces": {
        "down":  { "uv": [ 11, 1, 12, 2 ], "texture": "#texture" },
        "up":    { "uv": [ 11, 0, 12, 1 ], "texture": "#texture" },
        "north": { "uv": [ 11, 0, 12, 2 ], "texture": "#texture" },
        "south": { "uv": [ 11, 0, 12, 2 ], "texture": "#texture" },
        "west":  { "uv": [ 11, 0, 12, 2 ], "texture": "#texture" },
        "east":  { "uv": [ 11, 0, 12, 2 ], "texture": "#texture" }
    }
},
{
    "from": [ 7, 1, 6.5 ],
    "to": [ 9, 15, 9.5 ],
    "faces": {
        "down":  { "uv": [ 7, 1, 9, 2 ], "texture": "#texture" },
        "up":    { "uv": [ 7, 1, 9, 2 ], "texture": "#texture" },
        "north": { "uv": [ 7, 1, 9, 15 ], "texture": "#texture" },
        "south": { "uv": [ 7, 1, 9, 15 ], "texture": "#texture" },
        "west":  { "uv": [ 6, 1, 7, 15 ], "texture": "#texture" },
        "east":  { "uv": [ 9, 1, 10, 15 ], "texture": "#texture" }
    }
},
{
    "from": [ 6, 2, 6.5 ],
    "to": [ 7, 3, 9.5 ],
    "faces": {
        "down":  { "uv": [ 6, 13, 7, 14 ], "texture": "#texture" },
        "up":    { "uv": [ 6, 13, 7, 14 ], "texture": "#texture" },
        "north": { "uv": [ 9, 13, 10, 14 ], "texture": "#texture" },
        "south": { "uv": [ 6, 13, 7, 14 ], "texture": "#texture" },
        "west":  { "uv": [ 6.5, 13, 9.5, 14 ], "texture": "#texture" }
    }
},
{
    "from": [ 9, 2, 6.5 ],
    "to": [ 10, 3, 9.5 ],
    "faces": {
        "down":  { "uv": [ 9, 13, 10, 14 ], "texture": "#texture" },
        "up":    { "uv": [ 9, 13, 10, 14 ], "texture": "#texture" },
        "north": { "uv": [ 9, 13, 10, 14 ], "texture": "#texture" },
        "south": { "uv": [ 9, 13, 10, 14 ], "texture": "#texture" },
        "east":  { "uv": [ 6.5, 13, 9.5, 14 ], "texture": "#texture" }
    }
},
{
    "from": [ 0, 0, 6.4375 ],
    "to": [ 16, 16, 6.5 ],
    "faces": {
        "north": { "uv": [ 0, 0, 16, 16 ], "texture": "#text" }
    }
}
],
"display": {
    "thirdperson_righthand": {
        "rotation": [ 71, 180, 0 ],
        "translation": [ 0, 0.56, 3.21 ],
        "scale": [ 0.44, 0.44, 0.44 ]
    },
    "ground": {
        "rotation": [ 0, 0, 0 ],
        "translation": [ 0, 3, 0 ],
        "scale": [ 0.25, 0.25, 0.25 ]
    },
    "firstperson_righthand": {
        "rotation": [ 0, 0, 0 ],
        "translation": [ 2.46, 2.27, 0 ],
        "scale": [ 0.3, 0.3, 0.3 ]
    },
    "gui": {
        "rotation": [ 0, 0, 0 ],
        "translation": [ 0, 0, 0 ],
        "scale": [ 1, 1, 1 ]
    },
	"fixed": {
        "rotation": [ 0, 0, 0 ],
        "translation": [ 0, 0, 0 ],
        "scale": [ 1, 1, 1 ]
    }
}
}