{
"__comment": "Designed by tomaxed with Cubik",
"textures": {
    "particle": "blocks/waterlily_item",
    "texture": "blocks/waterlily_item"
},
"elements": [ 
{
    "from": [ 0, 0, 8 ],
    "to": [ 16, 16, 8 ],
    "faces": {
        "north": { "uv": [ 0, 0, 16, 16 ], "texture": "#texture", "tintindex": 0  },
        "south": { "uv": [ 16, 0, 0, 16 ], "texture": "#texture", "tintindex": 0  }
    }
}
],
"display": {
        "ground": {
            "rotation": [ 0, 0, 0 ],
            "translation": [ 0, 2, 0],
            "scale":[ 0.5, 0.5, 0.5 ]
        },
        "head": {
            "rotation": [ 0, 180, 0 ],
            "translation": [ 0, 13, 7],
            "scale":[ 1, 1, 1]
        },
        "thirdperson_righthand": {
            "rotation": [ 0, 0, 0 ],
            "translation": [ 0, 3, 1 ],
            "scale": [ 0.55, 0.55, 0.55 ]
        },
        "firstperson_righthand": {
            "rotation": [ 0, -90, 25 ],
            "translation": [ 1.13, 3.2, 1.13],
            "scale": [ 0.68, 0.68, 0.68 ]
        }
    }
}