{
"__comment": "Designed by tomaxed with Cubik",
"textures": {
    "particle": "weaponstools/wooden_hoe",
    "texture": "weaponstools/wooden_hoe"
},
"elements": [ 
{
    "from": [ 7.5, 13, 6 ],
    "to": [ 8.5, 14, 7 ],
    "faces": {
        "down":  { "uv": [ 4, 6, 5, 7 ], "texture": "#texture" },
        "up":    { "uv": [ 4, 6, 5, 7 ], "texture": "#texture" },
        "north": { "uv": [ 4, 6, 4.5, 7 ], "texture": "#texture" },
        "south": { "uv": [ 4.5, 6, 5, 7 ], "texture": "#texture" },
        "west":  { "uv": [ 4, 6, 5, 7 ], "texture": "#texture" },
        "east":  { "uv": [ 5, 6, 4, 7 ], "texture": "#texture" }
    }
},
{
    "from": [ 7.5, 13.5, 5.5 ],
    "to": [ 8.5, 15, 6.5 ],
    "faces": {
        "down":  { "uv": [ 3.5, 6, 4.5, 6.5 ], "rotation": 270, "texture": "#texture" },
        "up":    { "uv": [ 3.5, 5, 4.5, 5.5 ], "rotation": 90, "texture": "#texture" },
        "north": { "uv": [ 3.5, 5, 4, 6.5 ], "texture": "#texture" },
        "south": { "uv": [ 4, 5, 4.5, 6.5 ], "texture": "#texture" },
        "west":  { "uv": [ 3.5, 5, 4.5, 6.5 ], "texture": "#texture" },
        "east":  { "uv": [ 4.5, 5, 3.5, 6.5 ], "texture": "#texture" }
    }
},
{
    "from": [ 7.5, 14.5, 6 ],
    "to": [ 8.5, 15.5, 7 ],
    "faces": {
        "down":  { "uv": [ 4, 5, 5, 5.5 ], "rotation": 270, "texture": "#texture" },
        "up":    { "uv": [ 4, 4.5, 5, 5 ], "rotation": 90, "texture": "#texture" },
        "north": { "uv": [ 4, 4.5, 4.5, 5.5 ], "texture": "#texture" },
        "south": { "uv": [ 4.5, 4.5, 5, 5.5 ], "texture": "#texture" },
        "west":  { "uv": [ 4, 4.5, 5, 5.5 ], "texture": "#texture" },
        "east":  { "uv": [ 5, 4.5, 4, 5.5 ], "texture": "#texture" }
    }
},
{
    "from": [ 7.5, 15, 6.5 ],
    "to": [ 8.5, 16, 9 ],
    "faces": {
        "down":  { "uv": [ 4.5, 4.5, 7, 5 ], "rotation": 270, "texture": "#texture" },
        "up":    { "uv": [ 4.5, 4, 7, 4.5 ], "rotation": 90, "texture": "#texture" },
        "north": { "uv": [ 4.5, 4, 5, 5 ], "texture": "#texture" },
        "south": { "uv": [ 6.5, 4, 7, 5 ], "texture": "#texture" },
        "west":  { "uv": [ 4.5, 4, 7, 5 ], "texture": "#texture" },
        "east":  { "uv": [ 7, 4, 4.5, 5 ], "texture": "#texture" }
    }
},
{
    "from": [ 7.5, 14, 8 ],
    "to": [ 8.5, 15.5, 9.5 ],
    "faces": {
        "down":  { "uv": [ 6, 5.5, 7.5, 6 ], "rotation": 270, "texture": "#texture" },
        "up":    { "uv": [ 6, 4.5, 7.5, 5 ], "rotation": 90, "texture": "#texture" },
        "north": { "uv": [ 6, 4.5, 6.5, 6 ], "texture": "#texture" },
        "south": { "uv": [ 7, 4.5, 7.5, 6 ], "texture": "#texture" },
        "west":  { "uv": [ 6, 4.5, 7.5, 6 ], "texture": "#texture" },
        "east":  { "uv": [ 7.5, 4.5, 6, 6 ], "texture": "#texture" }
    }
},
{
    "from": [ 7.5, 14, 9.5 ],
    "to": [ 8.5, 15, 10 ],
    "faces": {
        "down":  { "uv": [ 7.5, 5.5, 8, 6 ], "texture": "#texture" },
        "up":    { "uv": [ 7.5, 5, 8, 5.5 ], "texture": "#texture" },
        "south": { "uv": [ 7.5, 5, 8, 6 ], "texture": "#texture" },
        "west":  { "uv": [ 7.5, 5, 8, 6 ], "texture": "#texture" },
        "east":  { "uv": [ 7.5, 5, 8, 6 ], "texture": "#texture" }
    }
},
{
    "from": [ 7.5, 11, 8.5 ],
    "to": [ 8.5, 14, 9.5 ],
    "faces": {
        "down":  { "uv": [ 6.5, 8.5, 7.5, 9 ], "rotation": 270, "texture": "#texture" },
        "north": { "uv": [ 6.5, 6, 7, 9 ], "texture": "#texture" },
        "south": { "uv": [ 7, 6, 7.5, 9 ], "texture": "#texture" },
        "west":  { "uv": [ 6.5, 6, 7.5, 9 ], "texture": "#texture" },
        "east":  { "uv": [ 7.5, 6, 6.5, 9 ], "texture": "#texture" }
    }
},
{
    "from": [ 7.5, 8, 8 ],
    "to": [ 8.5, 12, 9 ],
    "faces": {
        "down":  { "uv": [ 6, 11.5, 7, 12 ], "rotation": 270, "texture": "#texture" },
        "up":    { "uv": [ 6, 8, 7, 8.5 ], "rotation": 90, "texture": "#texture" },
        "north": { "uv": [ 6, 8, 6.5, 12 ], "texture": "#texture" },
        "south": { "uv": [ 6.5, 8, 7, 12 ], "texture": "#texture" },
        "west":  { "uv": [ 6, 8, 7, 12 ], "texture": "#texture" },
        "east":  { "uv": [ 7, 8, 6, 12 ], "texture": "#texture" }
    }
},
{
    "from": [ 7.5, 4.5, 7.5 ],
    "to": [ 8.5, 9.5, 8.5 ],
    "faces": {
        "up":    { "uv": [ 5.5, 10.5, 6.5, 11 ], "rotation": 90, "texture": "#texture" },
        "north": { "uv": [ 5.5, 10.5, 6, 15.5 ], "texture": "#texture" },
        "south": { "uv": [ 6, 10.5, 6.5, 15.5 ], "texture": "#texture" },
        "west":  { "uv": [ 5.5, 10.5, 6.5, 15.5 ], "texture": "#texture" },
        "east":  { "uv": [ 6.5, 10.5, 5.5, 15.5 ], "texture": "#texture" }
    }
},
{
    "from": [ 7.5, 3, 7.5 ],
    "to": [ 8.5, 4.5, 9 ],
    "faces": {
        "down":  { "uv": [ 8.5, 3.5, 10, 4 ], "rotation": 270, "texture": "#texture" },
        "up":    { "uv": [ 8.5, 2.5, 10, 3 ], "rotation": 90, "texture": "#texture" },
        "north": { "uv": [ 8.5, 2.5, 9, 4 ], "texture": "#texture" },
        "south": { "uv": [ 9.5, 2.5, 10, 4 ], "texture": "#texture" },
        "west":  { "uv": [ 8.5, 2.5, 10, 4 ], "texture": "#texture" },
        "east":  { "uv": [ 10, 2.5, 8.5, 4 ], "texture": "#texture" }
    }
},
{
    "from": [ 7.5, 0, 8 ],
    "to": [ 8.5, 3, 9 ],
    "faces": {
        "down":  { "uv": [ 9, 6.5, 10, 7 ], "rotation": 270, "texture": "#texture" },
        "north": { "uv": [ 9, 4, 9.5, 7 ], "texture": "#texture" },
        "south": { "uv": [ 9.5, 4, 10, 7 ], "texture": "#texture" },
        "west":  { "uv": [ 9, 4, 10, 7 ], "texture": "#texture" },
        "east":  { "uv": [ 10, 4, 9, 7 ], "texture": "#texture" }
    }
},
{
    "from": [ 7.5, -5, 8.5 ],
    "to": [ 8.5, 0.5, 9.5 ],
    "faces": {
        "down":  { "uv": [ 9.5, 11, 10.5, 11.5 ], "rotation": 270, "texture": "#texture" },
        "up":    { "uv": [ 9.5, 6, 10.5, 6.5 ], "rotation": 90, "texture": "#texture" },
        "north": { "uv": [ 9.5, 6, 10, 11.5 ], "texture": "#texture" },
        "south": { "uv": [ 10, 6, 10.5, 11.5 ], "texture": "#texture" },
        "west":  { "uv": [ 9.5, 6, 10.5, 11.5 ], "texture": "#texture" },
        "east":  { "uv": [ 10.5, 6, 9.5, 11.5 ], "texture": "#texture" }
    }
},
{
    "from": [ 7.5, -9.5, 9 ],
    "to": [ 8.5, -3.5, 10 ],
    "faces": {
        "down":  { "uv": [ 10, 15.5, 11, 16 ], "rotation": 270, "texture": "#texture" },
        "up":    { "uv": [ 10, 10, 11, 10.5 ], "rotation": 90, "texture": "#texture" },
        "north": { "uv": [ 10, 10, 10.5, 16 ], "texture": "#texture" },
        "south": { "uv": [ 10.5, 10, 11, 16 ], "texture": "#texture" },
        "west":  { "uv": [ 10, 10, 11, 16 ], "texture": "#texture" },
        "east":  { "uv": [ 11, 10, 10, 16 ], "texture": "#texture" }
    }
},
{
    "from": [ 7.5, -9, 10 ],
    "to": [ 8.5, -8, 10.5 ],
    "faces": {
        "down":  { "uv": [ 11, 15, 11.5, 15.5 ], "texture": "#texture" },
        "up":    { "uv": [ 11, 14.5, 11.5, 15 ], "texture": "#texture" },
        "south": { "uv": [ 11, 14.5, 11.5, 15.5 ], "texture": "#texture" },
        "west":  { "uv": [ 11, 14.5, 11.5, 15.5 ], "texture": "#texture" },
        "east":  { "uv": [ 11, 14.5, 11.5, 15.5 ], "texture": "#texture" }
    }
},
{
    "from": [ 7.375, 6.5, 7.5 ],
    "to": [ 8.625, 7.5, 8.5 ],
    "faces": {
        "down":  { "uv": [ 5.5, 13, 6.5, 13.5 ], "rotation": 270, "texture": "#texture" },
        "up":    { "uv": [ 5.5, 12.5, 6.5, 13 ], "rotation": 90, "texture": "#texture" },
        "north": { "uv": [ 5.5, 12.5, 6, 13.5 ], "texture": "#texture" },
        "south": { "uv": [ 6, 12.5, 6.5, 13.5 ], "texture": "#texture" },
        "west":  { "uv": [ 5.5, 12.5, 6.5, 13.5 ], "texture": "#texture" },
        "east":  { "uv": [ 6.5, 12.5, 5.5, 13.5 ], "texture": "#texture" }
    }
},
{
    "from": [ 7.375, 5, 7.5 ],
    "to": [ 8.625, 6, 8.5 ],
    "faces": {
        "down":  { "uv": [ 5.5, 14.5, 6.5, 15 ], "rotation": 270, "texture": "#texture" },
        "up":    { "uv": [ 5.5, 14, 6.5, 14.5 ], "rotation": 90, "texture": "#texture" },
        "north": { "uv": [ 5.5, 14, 6, 15 ], "texture": "#texture" },
        "south": { "uv": [ 6, 14, 6.5, 15 ], "texture": "#texture" },
        "west":  { "uv": [ 5.5, 14, 6.5, 15 ], "texture": "#texture" },
        "east":  { "uv": [ 6.5, 14, 5.5, 15 ], "texture": "#texture" }
    }
},
{
    "from": [ 7.375, 3.5, 8 ],
    "to": [ 8.625, 4.5, 9 ],
    "faces": {
        "down":  { "uv": [ 9, 3, 10, 3.5 ], "rotation": 270, "texture": "#texture" },
        "up":    { "uv": [ 9, 2.5, 10, 3 ], "rotation": 90, "texture": "#texture" },
        "north": { "uv": [ 9, 2.5, 9.5, 3.5 ], "texture": "#texture" },
        "south": { "uv": [ 9.5, 2.5, 10, 3.5 ], "texture": "#texture" },
        "west":  { "uv": [ 9, 2.5, 10, 3.5 ], "texture": "#texture" },
        "east":  { "uv": [ 10, 2.5, 9, 3.5 ], "texture": "#texture" }
    }
},
{
    "from": [ 7.375, 3, 7.5 ],
    "to": [ 8.625, 4, 8 ],
    "faces": {
        "down":  { "uv": [ 8.5, 3.5, 9, 4 ], "rotation": 270, "texture": "#texture" },
        "up":    { "uv": [ 8.5, 3, 9, 3.5 ], "rotation": 90, "texture": "#texture" },
        "north": { "uv": [ 8.5, 3, 9, 4 ], "texture": "#texture" },
        "south": { "uv": [ 8.5, 3, 9, 4 ], "texture": "#texture" },
        "west":  { "uv": [ 8.5, 3, 9, 4 ], "texture": "#texture" },
        "east":  { "uv": [ 8.5, 3, 9, 4 ], "texture": "#texture" }
    }
},
{
    "from": [ 7.375, 2, 8.5 ],
    "to": [ 8.625, 3, 9 ],
    "faces": {
        "down":  { "uv": [ 9.5, 4.5, 10, 5 ], "rotation": 270, "texture": "#texture" },
        "up":    { "uv": [ 9.5, 4, 10, 4.5 ], "rotation": 90, "texture": "#texture" },
        "north": { "uv": [ 9.5, 4, 10, 5 ], "texture": "#texture" },
        "south": { "uv": [ 9.5, 4, 10, 5 ], "texture": "#texture" },
        "west":  { "uv": [ 9.5, 4, 10, 5 ], "texture": "#texture" },
        "east":  { "uv": [ 9.5, 4, 10, 5 ], "texture": "#texture" }
    }
},
{
    "from": [ 7.375, 1.5, 8 ],
    "to": [ 8.625, 2.5, 8.5 ],
    "faces": {
        "down":  { "uv": [ 9, 5, 9.5, 5.5 ], "rotation": 270, "texture": "#texture" },
        "up":    { "uv": [ 9, 4.5, 9.5, 5 ], "rotation": 90, "texture": "#texture" },
        "north": { "uv": [ 9, 4.5, 9.5, 5.5 ], "texture": "#texture" },
        "south": { "uv": [ 9, 4.5, 9.5, 5.5 ], "texture": "#texture" },
        "west":  { "uv": [ 9, 4.5, 9.5, 5.5 ], "texture": "#texture" },
        "east":  { "uv": [ 9, 4.5, 9.5, 5.5 ], "texture": "#texture" }
    }
}
],
"display": {
    "thirdperson_righthand": {
        "rotation": [ 0, 0, 0 ],
        "translation": [ 0, -0.57, 1.89 ],
        "scale": [ 1.2, 1.2, 1.2 ]
    },
    "ground": {
        "rotation": [ 45, 0, 0 ],
        "translation": [ 0, 4.72, 0 ],
        "scale": [ 0.3, 0.3, 0.3 ]
    },
    "fixed": {
        "rotation": [ 90, -45, 90 ],
        "translation": [ -2.08, 3.4, 0 ],
        "scale": [ 0.9, 0.9, 0.9 ]
    },
    "firstperson_righthand": {
        "rotation": [ 18, 3, -3 ],
        "translation": [ 5.1, 0.38, -4.35 ],
        "scale": [ 1.2, 1.2, 1.2 ]
    },
    "gui": {
        "rotation": [ 90, 45, -90 ],
        "translation": [ 2.27, 2.46, 0 ],
        "scale": [ 0.75, 0.75, 0.75 ]
    }
}
}