{
"__comment": "Designed by tomaxed with Cubik",
"textures": {
    "particle": "weaponstools/wooden_sword",
    "texture": "weaponstools/wooden_sword"
},
"elements": [ 
{
    "from": [ 7.75, 1.5, 6.5 ],
    "to": [ 8.25, 12.5, 9.5 ],
    "faces": {
        "up":    { "uv": [ 6.5, 3.5, 9.5, 4 ], "rotation": 90, "texture": "#texture" },
        "north": { "uv": [ 6.5, 3.5, 7, 14.5 ], "texture": "#texture" },
        "south": { "uv": [ 9, 3.5, 9.5, 14.5 ], "texture": "#texture" },
        "west":  { "uv": [ 6.5, 3.5, 9.5, 14.5 ], "texture": "#texture" },
        "east":  { "uv": [ 9.5, 3.5, 6.5, 14.5 ], "texture": "#texture" }
    }
},
{
    "from": [ 7.75, 12.5, 7 ],
    "to": [ 8.25, 14, 9 ],
    "faces": {
        "up":    { "uv": [ 7, 2, 9, 2.5 ], "rotation": 90, "texture": "#texture" },
        "north": { "uv": [ 7, 2, 7.5, 3.5 ], "texture": "#texture" },
        "south": { "uv": [ 8.5, 2, 9, 3.5 ], "texture": "#texture" },
        "west":  { "uv": [ 7, 2, 9, 3.5 ], "texture": "#texture" },
        "east":  { "uv": [ 9, 2, 7, 3.5 ], "texture": "#texture" }
    }
},
{
    "from": [ 7.75, 14, 7.5 ],
    "to": [ 8.25, 15, 8.5 ],
    "faces": {
        "up":    { "uv": [ 7.5, 1, 8.5, 1.5 ], "rotation": 90, "texture": "#texture" },
        "north": { "uv": [ 7.5, 1, 8, 2 ], "texture": "#texture" },
        "south": { "uv": [ 8, 1, 8.5, 2 ], "texture": "#texture" },
        "west":  { "uv": [ 7.5, 1, 8.5, 2 ], "texture": "#texture" },
        "east":  { "uv": [ 8.5, 1, 7.5, 2 ], "texture": "#texture" }
    }
},
{
    "from": [ 7.75, -5.5, 7 ],
    "to": [ 8.25, 0, 9 ],
    "faces": {
        "north": { "uv": [ 12.5, 8.5, 13, 14 ], "texture": "#texture" },
        "south": { "uv": [ 14, 8.5, 14.5, 14 ], "texture": "#texture" },
        "west":  { "uv": [ 12.5, 8.5, 14.5, 14 ], "texture": "#texture" },
        "east":  { "uv": [ 14.5, 8.5, 12.5, 14 ], "texture": "#texture" }
    }
},
{
    "from": [ 7.75, -6.5, 6.5 ],
    "to": [ 8.25, -5.5, 9.5 ],
    "faces": {
        "down":  { "uv": [ 12, 14.5, 15, 15 ], "rotation": 270, "texture": "#texture" },
        "up":    { "uv": [ 12, 14, 15, 14.5 ], "rotation": 90, "texture": "#texture" },
        "north": { "uv": [ 12, 14, 12.5, 15 ], "texture": "#texture" },
        "south": { "uv": [ 14.5, 14, 15, 15 ], "texture": "#texture" },
        "west":  { "uv": [ 12, 14, 15, 15 ], "texture": "#texture" },
        "east":  { "uv": [ 15, 14, 12, 15 ], "texture": "#texture" }
    }
},
{
    "from": [ 7.75, -7, 7 ],
    "to": [ 8.25, -6.5, 9 ],
    "faces": {
        "down":  { "uv": [ 12.5, 15, 14.5, 15.5 ], "rotation": 270, "texture": "#texture" },
        "north": { "uv": [ 12.5, 15, 13, 15.5 ], "texture": "#texture" },
        "south": { "uv": [ 14, 15, 14.5, 15.5 ], "texture": "#texture" },
        "west":  { "uv": [ 12.5, 15, 14.5, 15.5 ], "texture": "#texture" },
        "east":  { "uv": [ 14.5, 15, 12.5, 15.5 ], "texture": "#texture" }
    }
},
{
    "from": [ 7.75, -7.5, 7.5 ],
    "to": [ 8.25, -7, 8.5 ],
    "faces": {
        "down":  { "uv": [ 13, 15.5, 14, 16 ], "rotation": 270, "texture": "#texture" },
        "north": { "uv": [ 13, 15.5, 13.5, 16 ], "texture": "#texture" },
        "south": { "uv": [ 13.5, 15.5, 14, 16 ], "texture": "#texture" },
        "west":  { "uv": [ 13, 15.5, 14, 16 ], "texture": "#texture" },
        "east":  { "uv": [ 14, 15.5, 13, 16 ], "texture": "#texture" }
    }
},
{
    "from": [ 7.5, 1.5, 7 ],
    "to": [ 8.5, 12, 9 ],
    "faces": {
        "up":    { "uv": [ 7, 4, 9, 4.5 ], "rotation": 90, "texture": "#texture" },
        "north": { "uv": [ 7.5, 4, 8, 14.5 ], "texture": "#texture" },
        "south": { "uv": [ 8.5, 4, 9, 14.5 ], "texture": "#texture" },
        "west":  { "uv": [ 7, 4, 9, 14.5 ], "texture": "#texture" },
        "east":  { "uv": [ 9, 4, 7, 14.5 ], "texture": "#texture" }
    }
},
{
    "from": [ 7.5, 12, 7.5 ],
    "to": [ 8.5, 13.5, 8.5 ],
    "faces": {
        "up":    { "uv": [ 7.5, 2.5, 8.5, 3 ], "rotation": 90, "texture": "#texture" },
        "north": { "uv": [ 7.5, 2.5, 8, 4 ], "texture": "#texture" },
        "south": { "uv": [ 8, 2.5, 8.5, 4 ], "texture": "#texture" },
        "west":  { "uv": [ 7.5, 2.5, 8.5, 4 ], "texture": "#texture" },
        "east":  { "uv": [ 8.5, 2.5, 7.5, 4 ], "texture": "#texture" }
    }
},
{
    "from": [ 7.25, 1, 5.5 ],
    "to": [ 8.75, 1.5, 10.5 ],
    "faces": {
        "down":  { "uv": [ 5.5, 14.5, 10.5, 15 ], "rotation": 270, "texture": "#texture" },
        "up":    { "uv": [ 5.5, 14.5, 10.5, 15 ], "rotation": 90, "texture": "#texture" },
        "north": { "uv": [ 5.5, 14.5, 6, 15 ], "texture": "#texture" },
        "south": { "uv": [ 10, 14.5, 10.5, 15 ], "texture": "#texture" },
        "west":  { "uv": [ 5.5, 14.5, 10.5, 15 ], "texture": "#texture" },
        "east":  { "uv": [ 10.5, 14.5, 5.5, 15 ], "texture": "#texture" }
    }
},
{
	"_comment": "tomax3d_",
    "from": [ 7.25, 0.5, 6 ],
    "to": [ 8.75, 1, 10 ],
    "faces": {
        "down":  { "uv": [ 6, 15, 10, 15.5 ], "rotation": 270, "texture": "#texture" },
        "north": { "uv": [ 6, 15, 6.5, 15.5 ], "texture": "#texture" },
        "south": { "uv": [ 9.5, 15, 10, 15.5 ], "texture": "#texture" },
        "west":  { "uv": [ 6, 15, 10, 15.5 ], "texture": "#texture" },
        "east":  { "uv": [ 10, 15, 6, 15.5 ], "texture": "#texture" }
    }
},
{
    "from": [ 7.5, 0.5, 4.5 ],
    "to": [ 8.5, 1.5, 11.5 ],
    "faces": {
        "down":  { "uv": [ 4.5, 15, 11.5, 15.5 ], "rotation": 270, "texture": "#texture" },
        "up":    { "uv": [ 4.5, 14.5, 11.5, 15 ], "rotation": 90, "texture": "#texture" },
        "north": { "uv": [ 4.5, 14.5, 5.5, 15.5 ], "texture": "#texture" },
        "south": { "uv": [ 10.5, 14.5, 11.5, 15.5 ], "texture": "#texture" },
        "west":  { "uv": [ 4.5, 14.5, 11.5, 15.5 ], "texture": "#texture" },
        "east":  { "uv": [ 11.5, 14.5, 4.5, 15.5 ], "texture": "#texture" }
    }
},
{
    "from": [ 7.5, 0, 5 ],
    "to": [ 8.5, 0.5, 11 ],
    "faces": {
        "down":  { "uv": [ 5, 15.5, 11, 16 ], "rotation": 270, "texture": "#texture" },
        "north": { "uv": [ 5, 15.5, 5.5, 16 ], "texture": "#texture" },
        "south": { "uv": [ 10.5, 15.5, 11, 16 ], "texture": "#texture" },
        "west":  { "uv": [ 5, 15.5, 11, 16 ], "texture": "#texture" },
        "east":  { "uv": [ 11, 15.5, 5, 16 ], "texture": "#texture" }
    }
},
{
    "from": [ 7.5, -7, 7.5 ],
    "to": [ 8.5, 0, 8.5 ],
    "faces": {
        "down":  { "uv": [ 13, 15, 14, 15.5 ], "rotation": 270, "texture": "#texture" },
        "north": { "uv": [ 13, 8.5, 13.5, 15.5 ], "texture": "#texture" },
        "south": { "uv": [ 13.5, 8.5, 14, 15.5 ], "texture": "#texture" },
        "west":  { "uv": [ 13, 8.5, 14, 15.5 ], "texture": "#texture" },
        "east":  { "uv": [ 14, 8.5, 13, 15.5 ], "texture": "#texture" }
    }
},
{
    "from": [ 7.25, -6.5, 7 ],
    "to": [ 8.75, -5, 8.5 ],
    "faces": {
        "down":  { "uv": [ 12.5, 14.5, 14, 15 ], "rotation": 270, "texture": "#texture" },
        "up":    { "uv": [ 12.5, 13.5, 14, 14 ], "rotation": 90, "texture": "#texture" },
        "north": { "uv": [ 12.5, 13.5, 13, 15 ], "texture": "#texture" },
        "south": { "uv": [ 13.5, 13.5, 14, 15 ], "texture": "#texture" },
        "west":  { "uv": [ 12.5, 13.5, 14, 15 ], "texture": "#texture" },
        "east":  { "uv": [ 14, 13.5, 12.5, 15 ], "texture": "#texture" }
    }
},
{
    "from": [ 7.25, -5, 7 ],
    "to": [ 8.75, -4.5, 7.5 ],
    "faces": {
        "up":    { "uv": [ 12.5, 13, 13, 13.5 ], "texture": "#texture" },
        "north": { "uv": [ 12.5, 13, 13, 13.5 ], "texture": "#texture" },
        "south": { "uv": [ 12.5, 13, 13, 13.5 ], "texture": "#texture" },
        "west":  { "uv": [ 12.5, 13, 13, 13.5 ], "texture": "#texture" },
        "east":  { "uv": [ 12.5, 13, 13, 13.5 ], "texture": "#texture" }
    }
},
{
    "from": [ 7.25, -5.5, 8.5 ],
    "to": [ 8.75, -4.5, 9 ],
    "faces": {
        "down":  { "uv": [ 14, 13.5, 14.5, 14 ], "texture": "#texture" },
        "up":    { "uv": [ 14, 13, 14.5, 13.5 ], "texture": "#texture" },
        "north": { "uv": [ 14, 13, 14.5, 14 ], "texture": "#texture" },
        "south": { "uv": [ 14, 13, 14.5, 14 ], "texture": "#texture" },
        "west":  { "uv": [ 14, 13, 14.5, 14 ], "texture": "#texture" },
        "east":  { "uv": [ 14, 13, 14.5, 14 ], "texture": "#texture" }
    }
},
{
    "from": [ 7.25, -6.5, 8.5 ],
    "to": [ 8.75, -6, 9.5 ],
    "faces": {
        "down":  { "uv": [ 14, 14.5, 15, 15 ], "rotation": 270, "texture": "#texture" },
        "up":    { "uv": [ 14, 14.5, 15, 15 ], "rotation": 90, "texture": "#texture" },
        "south": { "uv": [ 14.5, 14.5, 15, 15 ], "texture": "#texture" },
        "west":  { "uv": [ 14, 14.5, 15, 15 ], "texture": "#texture" },
        "east":  { "uv": [ 15, 14.5, 14, 15 ], "texture": "#texture" }
    }
}
],
"display": {
    "thirdperson_righthand": {
        "rotation": [ 0, 0, 0 ],
        "translation": [ 0, 10.02, 1.89 ],
        "scale": [ 1.2, 1.2, 1.2 ]
    },
    "ground": {
        "rotation": [ 45, 0, 0 ],
        "translation": [ 0, 5.1, 0 ],
        "scale": [ 0.4, 0.4, 0.4 ]
    },
    "fixed": {
        "rotation": [ 90, -45, 90 ],
        "translation": [ -3.4, 3.02, 0 ],
        "scale": [ 1, 1, 1 ]
    },
    "firstperson_righthand": {
        "rotation": [ 18, 3, -3 ],
        "translation": [ 6.24, 3.4, -4.34 ],
        "scale": [ 1.2, 1.2, 1.2 ]
    },
    "gui": {
        "rotation": [ -90, -45, -90 ],
        "translation": [ 2.83, 2.83, 0 ],
        "scale": [ 0.9, 0.9, 0.9 ]
    }
}
}