{
	"credit": "Made with Blockbench",
	"parent": "block/block",
	"textures": {
		"3": "block/scaffolding_top_invert",
		"top": "block/scaffolding_top",
		"particle": "block/scaffolding_top",
		"side": "block/scaffolding_side",
		"bottom": "block/scaffolding_bottom"
	},
	"elements": [
		{
			"from": [0, 0, 0],
			"to": [2, 16, 2],
			"faces": {
				"north": {"uv": [14, 0, 16, 16], "texture": "#side", "cullface": "north"},
				"east": {"uv": [14, 0, 16, 16], "texture": "#side"},
				"south": {"uv": [0, 0, 2, 16], "texture": "#side"},
				"west": {"uv": [0, 0, 2, 16], "texture": "#side", "cullface": "west"},
				"up": {"uv": [0, 0, 2, 2], "texture": "#top"},
				"down": {"uv": [0, 14, 2, 16], "texture": "#bottom", "cullface": "down"}
			}
		},
		{
			"from": [0, 0, 14],
			"to": [2, 16, 16],
			"faces": {
				"north": {"uv": [14, 0, 16, 16], "texture": "#side"},
				"east": {"uv": [0, 0, 2, 16], "texture": "#side"},
				"south": {"uv": [0, 0, 2, 16], "texture": "#side", "cullface": "south"},
				"west": {"uv": [14, 0, 16, 16], "texture": "#side", "cullface": "west"},
				"up": {"uv": [0, 14, 2, 16], "texture": "#top"},
				"down": {"uv": [0, 0, 2, 2], "texture": "#bottom", "cullface": "down"}
			}
		},
		{
			"from": [14, 0, 14],
			"to": [16, 16, 16],
			"faces": {
				"north": {"uv": [0, 0, 2, 16], "texture": "#side"},
				"east": {"uv": [0, 0, 2, 16], "texture": "#side", "cullface": "east"},
				"south": {"uv": [14, 0, 16, 16], "texture": "#side", "cullface": "south"},
				"west": {"uv": [14, 0, 16, 16], "texture": "#side"},
				"up": {"uv": [14, 14, 16, 16], "texture": "#top"},
				"down": {"uv": [14, 0, 16, 2], "texture": "#bottom", "cullface": "down"}
			}
		},
		{
			"from": [14, 0, 0],
			"to": [16, 16, 2],
			"faces": {
				"north": {"uv": [0, 0, 2, 16], "texture": "#side", "cullface": "north"},
				"east": {"uv": [14, 0, 16, 16], "texture": "#side", "cullface": "east"},
				"south": {"uv": [14, 0, 16, 16], "texture": "#side"},
				"west": {"uv": [0, 0, 2, 16], "texture": "#side"},
				"up": {"uv": [14, 0, 16, 2], "texture": "#top"},
				"down": {"uv": [14, 14, 16, 16], "texture": "#bottom", "cullface": "down"}
			}
		},
		{
			"from": [2, 14, 0],
			"to": [14, 16, 2],
			"faces": {
				"north": {"uv": [2, 0, 14, 2], "texture": "#side", "cullface": "north"},
				"south": {"uv": [1, 2, 13, 4], "texture": "#side"},
				"up": {"uv": [2, 0, 14, 2], "texture": "#top"},
				"down": {"uv": [0, 0, 1, 1], "texture": "#bottom"}
			}
		},
		{
			"from": [2, 14, 14],
			"to": [14, 16, 16],
			"faces": {
				"north": {"uv": [14, 2, 2, 4], "texture": "#side"},
				"south": {"uv": [2, 0, 14, 2], "texture": "#side", "cullface": "south"},
				"up": {"uv": [2, 14, 14, 16], "texture": "#top"},
				"down": {"uv": [0, 0, 1, 1], "texture": "#bottom"}
			}
		},
		{
			"from": [14, 14, 2],
			"to": [16, 16, 14],
			"faces": {
				"east": {"uv": [14, 0, 2, 2], "texture": "#side", "cullface": "east"},
				"west": {"uv": [13, 2, 1, 4], "texture": "#side"},
				"up": {"uv": [14, 2, 16, 14], "texture": "#top"},
				"down": {"uv": [0, 0, 1, 1], "texture": "#bottom"}
			}
		},
		{
			"from": [0, 14, 2],
			"to": [2, 16, 14],
			"faces": {
				"east": {"uv": [2, 2, 14, 4], "texture": "#side"},
				"west": {"uv": [14, 0, 2, 2], "texture": "#side", "cullface": "west"},
				"up": {"uv": [0, 2, 2, 14], "texture": "#top"},
				"down": {"uv": [0, 0, 1, 1], "texture": "#bottom"}
			}
		},
		{
			"from": [4, 15, 2],
			"to": [13, 16, 3],
			"faces": {
				"south": {"uv": [4, 2, 13, 3], "texture": "#top"},
				"up": {"uv": [4, 2, 13, 3], "texture": "#top"},
				"down": {"uv": [4, 13, 13, 14], "texture": "#3"}
			}
		},
		{
			"from": [4, 15, 4],
			"to": [13, 16, 5],
			"faces": {
				"north": {"uv": [4, 4, 13, 5], "rotation": 180, "texture": "#top"},
				"south": {"uv": [4, 4, 13, 5], "texture": "#top"},
				"up": {"uv": [4, 4, 13, 5], "texture": "#top"},
				"down": {"uv": [4, 11, 13, 12], "texture": "#3"}
			}
		},
		{
			"from": [4, 15, 6],
			"to": [13, 16, 7],
			"faces": {
				"north": {"uv": [4, 6, 13, 7], "rotation": 180, "texture": "#top"},
				"south": {"uv": [4, 6, 13, 7], "texture": "#top"},
				"up": {"uv": [4, 6, 13, 7], "texture": "#top"},
				"down": {"uv": [4, 9, 13, 10], "texture": "#3"}
			}
		},
		{
			"from": [4, 15, 8],
			"to": [13, 16, 9],
			"faces": {
				"north": {"uv": [4, 8, 13, 9], "rotation": 180, "texture": "#top"},
				"south": {"uv": [4, 8, 13, 9], "texture": "#top"},
				"up": {"uv": [4, 8, 13, 9], "texture": "#top"},
				"down": {"uv": [4, 7, 13, 8], "texture": "#3"}
			}
		},
		{
			"from": [4, 15, 10],
			"to": [13, 16, 11],
			"faces": {
				"north": {"uv": [4, 10, 13, 11], "rotation": 180, "texture": "#top"},
				"south": {"uv": [4, 10, 13, 11], "texture": "#top"},
				"up": {"uv": [4, 10, 13, 11], "texture": "#top"},
				"down": {"uv": [4, 5, 13, 6], "texture": "#3"}
			}
		},
		{
			"from": [2, 15, 12],
			"to": [14, 16, 14],
			"faces": {
				"north": {"uv": [2, 12, 14, 13], "texture": "#top"},
				"up": {"uv": [2, 12, 14, 14], "texture": "#top"},
				"down": {"uv": [2, 2, 14, 4], "texture": "#3"}
			}
		},
		{
			"from": [2, 15, 2],
			"to": [4, 16, 12],
			"faces": {
				"east": {"uv": [3, 2, 4, 12], "rotation": 90, "texture": "#top"},
				"up": {"uv": [2, 2, 4, 12], "texture": "#top"},
				"down": {"uv": [2, 2, 4, 14], "texture": "#3"}
			}
		},
		{
			"from": [5, 15, 3],
			"to": [6, 16, 12],
			"faces": {
				"east": {"uv": [3, 3, 4, 12], "rotation": 90, "texture": "#top"},
				"west": {"uv": [5, 3, 6, 12], "rotation": 270, "texture": "#top"},
				"up": {"uv": [5, 3, 6, 12], "texture": "#top"},
				"down": {"uv": [5, 4, 6, 13], "texture": "#3"}
			}
		},
		{
			"from": [7, 15, 3],
			"to": [8, 16, 12],
			"faces": {
				"east": {"uv": [3, 3, 4, 12], "rotation": 90, "texture": "#top"},
				"west": {"uv": [7, 3, 8, 12], "rotation": 270, "texture": "#top"},
				"up": {"uv": [7, 3, 8, 12], "texture": "#top"},
				"down": {"uv": [7, 4, 8, 13], "texture": "#3"}
			}
		},
		{
			"from": [9, 15, 3],
			"to": [10, 16, 12],
			"faces": {
				"east": {"uv": [3, 3, 4, 12], "rotation": 90, "texture": "#top"},
				"west": {"uv": [9, 3, 10, 12], "rotation": 270, "texture": "#top"},
				"up": {"uv": [9, 3, 10, 12], "texture": "#top"},
				"down": {"uv": [9, 4, 10, 13], "texture": "#3"}
			}
		},
		{
			"from": [11, 15, 3],
			"to": [12, 16, 12],
			"faces": {
				"east": {"uv": [3, 3, 4, 12], "rotation": 90, "texture": "#top"},
				"west": {"uv": [11, 3, 12, 12], "rotation": 270, "texture": "#top"},
				"up": {"uv": [11, 3, 12, 12], "texture": "#top"},
				"down": {"uv": [11, 4, 12, 13], "texture": "#3"}
			}
		},
		{
			"from": [13, 15, 2],
			"to": [14, 16, 12],
			"faces": {
				"west": {"uv": [13, 2, 14, 12], "rotation": 270, "texture": "#top"},
				"up": {"uv": [13, 2, 14, 12], "texture": "#top"},
				"down": {"uv": [13, 4, 14, 14], "texture": "#3"}
			}
		}
	]
}