{
    "__createdwith": "opl's Model Creator",
    "ambientocclusion": false,
    "textures": {
        "0": "blocks/anvil_base",
        "particle": "blocks/anvil_base"
    },
    "elements": [
        {
            "from": [2,10,2],
            "to": [14,16,14],
            "faces": {
                "up": {
                    "uv": [1,1,6,6],
                    "texture": "#0"
                },
                "down": {
                    "uv": [4,8,7,11],
                    "texture": "#0"
                },
                "west": {
                    "uv": [4,7,7,10],
                    "texture": "#0"
                },
                "east": {
                    "uv": [4,7,7,10],
                    "texture": "#0"
                },
                "north": {
                    "uv": [4,7,7,10],
                    "texture": "#0"
                },
                "south": {
                    "uv": [4,7,7,10],
                    "texture": "#0"
                }
            }
        },
        {
            "from": [0,12,6],
            "to": [2,14,10],
            "faces": {
                "up": {
                    "uv": [2,2,5,5],
                    "texture": "#0"
                },
                "down": {
                    "uv": [2,2,5,5],
                    "texture": "#0"
                },
                "west": {
                    "uv": [2,2,5,5],
                    "texture": "#0"
                },
                "east": {
                    "uv": [2,2,5,5],
                    "texture": "#0"
                },
                "north": {
                    "uv": [2,2,5,5],
                    "texture": "#0"
                },
                "south": {
                    "uv": [2,2,5,5],
                    "texture": "#0"
                }
            }
        },
        {
            "from": [6,12,0],
            "to": [10,14,2],
            "faces": {
                "up": {
                    "uv": [2,2,5,5],
                    "texture": "#0"
                },
                "down": {
                    "uv": [2,2,5,5],
                    "texture": "#0"
                },
                "west": {
                    "uv": [2,2,5,5],
                    "texture": "#0"
                },
                "east": {
                    "uv": [2,2,5,5],
                    "texture": "#0"
                },
                "north": {
                    "uv": [2,2,5,5],
                    "texture": "#0"
                },
                "south": {
                    "uv": [2,2,5,5],
                    "texture": "#0"
                }
            }
        },
        {
            "from": [14,12,6],
            "to": [16,14,10],
            "faces": {
                "up": {
                    "uv": [2,2,5,5],
                    "texture": "#0"
                },
                "down": {
                    "uv": [2,2,5,5],
                    "texture": "#0"
                },
                "west": {
                    "uv": [4,8,7,11],
                    "texture": "#0"
                },
                "east": {
                    "uv": [2,2,5,5],
                    "texture": "#0"
                },
                "north": {
                    "uv": [2,2,5,5],
                    "texture": "#0"
                },
                "south": {
                    "uv": [2,2,5,5],
                    "texture": "#0"
                }
            }
        },
        {
            "from": [5,4,5],
            "to": [11,10,11],
            "faces": {
                "up": {
                    "texture": "#0"
                },
                "down": {
                    "texture": "#0"
                },
                "west": {
                    "uv": [10,6,11,14],
                    "texture": "#0"
                },
                "east": {
                    "uv": [10,6,11,14],
                    "texture": "#0"
                },
                "north": {
                    "uv": [10,6,11,14],
                    "texture": "#0"
                },
                "south": {
                    "uv": [10,6,11,14],
                    "texture": "#0"
                }
            }
        },
        {
            "from": [2,0,2],
            "to": [14,4,14],
            "faces": {
                "up": {
                    "uv": [3,7,8,12],
                    "texture": "#0"
                },
                "down": {
                    "uv": [4,8,7,11],
                    "texture": "#0"
                },
                "west": {
                    "uv": [4,7,7,10],
                    "texture": "#0"
                },
                "east": {
                    "uv": [4,7,7,10],
                    "texture": "#0"
                },
                "north": {
                    "uv": [4,7,7,10],
                    "texture": "#0"
                },
                "south": {
                    "uv": [4,7,7,10],
                    "texture": "#0"
                }
            }
        },
        {
            "from": [6,12,14],
            "to": [10,14,16],
            "faces": {
                "up": {
                    "uv": [2,2,5,5],
                    "texture": "#0"
                },
                "down": {
                    "uv": [2,2,5,5],
                    "texture": "#0"
                },
                "west": {
                    "uv": [2,2,5,5],
                    "texture": "#0"
                },
                "east": {
                    "uv": [2,2,5,5],
                    "texture": "#0"
                },
                "north": {
                    "uv": [2,2,5,5],
                    "texture": "#0"
                },
                "south": {
                    "uv": [2,2,5,5],
                    "texture": "#0"
                }
            }
        }
    ]
}