{
    "__createdwith": "opl's Model Creator",
    "ambientocclusion": false,
    "textures": {
        "particle": "blocks/iron_bars",
        "bars": "blocks/iron_bars"
    },
    "elements": [
        {
            "from": [7,0,7],
            "to": [9,16,9],
            "faces": {
                "up": {
                    "texture": "#bars"
                },
                "down": {
                    "texture": "#bars"
                },
                "west": {
                    "uv": [9,0,7,16],
                    "texture": "#bars"
                },
                "east": {
                    "uv": [9,16,7,0],
                    "texture": "#bars"
                },
                "north": {
                    "uv": [7,16,9,0],
                    "texture": "#bars"
                },
                "south": {
                    "texture": "#bars"
                }
            }
        },
        {
            "from": [7,0,0],
            "to": [9,16,1],
            "faces": {
                "up": {
                    "uv": [7,15,9,16],
                    "texture": "#bars"
                },
                "down": {
                    "uv": [7,15,9,16],
                    "texture": "#bars"
                },
                "west": {
                    "uv": [1,0,0,16],
                    "texture": "#bars"
                },
                "east": {
                    "uv": [16,16,15,0],
                    "texture": "#bars"
                },
                "north": {
                    "uv": [7,16,9,0],
                    "texture": "#bars"
                },
                "south": {
                    "texture": "#bars"
                }
            }
        },
        {
            "from": [7,0,15],
            "to": [9,16,16],
            "faces": {
                "up": {
                    "uv": [7,0,9,1],
                    "texture": "#bars"
                },
                "down": {
                    "texture": "#bars"
                },
                "west": {
                    "uv": [16,0,15,16],
                    "texture": "#bars"
                },
                "east": {
                    "uv": [1,16,0,0],
                    "texture": "#bars"
                },
                "north": {
                    "uv": [7,16,9,0],
                    "texture": "#bars"
                },
                "south": {
                    "texture": "#bars"
                }
            }
        },
        {
            "from": [7,0,1],
            "to": [9,1,7],
            "faces": {
                "up": {
                    "uv": [7,13,9,15],
                    "texture": "#bars",
                    "rotation": 90
                },
                "down": {
                    "uv": [7,16,1,15],
                    "texture": "#bars",
                    "rotation": 90
                },
                "west": {
                    "uv": [1,16,7,15],
                    "texture": "#bars"
                },
                "east": {
                    "uv": [7,15,1,16],
                    "texture": "#bars"
                },
                "north": {
                    "uv": [2,7,4,9],
                    "texture": "#bars"
                }
            }
        },
        {
            "from": [7,13,1],
            "to": [9,14,7],
            "faces": {
                "up": {
                    "uv": [9,2,15,3],
                    "texture": "#bars",
                    "rotation": 90
                },
                "down": {
                    "uv": [10,3,9,2],
                    "texture": "#bars",
                    "rotation": 90
                },
                "west": {
                    "uv": [9,3,15,2],
                    "texture": "#bars"
                },
                "east": {
                    "uv": [15,2,9,3],
                    "texture": "#bars"
                }
            }
        },
        {
            "from": [7,2,9],
            "to": [9,3,15],
            "faces": {
                "up": {
                    "uv": [9,13,10,14],
                    "texture": "#bars",
                    "rotation": 90
                },
                "down": {
                    "uv": [10,14,9,13],
                    "texture": "#bars",
                    "rotation": 90
                },
                "west": {
                    "uv": [9,14,15,13],
                    "texture": "#bars"
                },
                "east": {
                    "uv": [15,13,9,14],
                    "texture": "#bars"
                }
            }
        },
        {
            "from": [7,13,9],
            "to": [9,14,15],
            "faces": {
                "up": {
                    "uv": [1,2,7,3],
                    "texture": "#bars",
                    "rotation": 90
                },
                "down": {
                    "uv": [15,3,14,2],
                    "texture": "#bars",
                    "rotation": 90
                },
                "west": {
                    "uv": [9,3,15,2],
                    "texture": "#bars"
                },
                "east": {
                    "uv": [7,2,1,3],
                    "texture": "#bars"
                },
                "south": {
                    "uv": [12,7,14,9],
                    "texture": "#bars"
                }
            }
        },
        {
            "from": [7,15,9],
            "to": [9,16,15],
            "faces": {
                "up": {
                    "uv": [7,13,9,15],
                    "texture": "#bars",
                    "rotation": 90
                },
                "down": {
                    "uv": [7,16,1,15],
                    "texture": "#bars",
                    "rotation": 90
                },
                "west": {
                    "uv": [1,16,7,15],
                    "texture": "#bars"
                },
                "east": {
                    "uv": [7,0,1,1],
                    "texture": "#bars"
                },
                "north": {
                    "uv": [2,7,4,9],
                    "texture": "#bars"
                }
            }
        },
        {
            "from": [7,15,1],
            "to": [9,16,7],
            "faces": {
                "up": {
                    "uv": [7,13,9,15],
                    "texture": "#bars",
                    "rotation": 90
                },
                "down": {
                    "uv": [15,1,9,0],
                    "texture": "#bars",
                    "rotation": 90
                },
                "west": {
                    "uv": [9,1,15,0],
                    "texture": "#bars"
                },
                "east": {
                    "uv": [15,0,9,1],
                    "texture": "#bars"
                },
                "north": {
                    "uv": [2,7,4,9],
                    "texture": "#bars"
                }
            }
        },
        {
            "from": [7,0,9],
            "to": [9,1,15],
            "faces": {
                "up": {
                    "uv": [7,13,9,15],
                    "texture": "#bars",
                    "rotation": 90
                },
                "down": {
                    "uv": [7,16,1,15],
                    "texture": "#bars",
                    "rotation": 90
                },
                "west": {
                    "uv": [1,16,7,15],
                    "texture": "#bars"
                },
                "east": {
                    "uv": [7,0,1,1],
                    "texture": "#bars"
                },
                "north": {
                    "uv": [2,7,4,9],
                    "texture": "#bars"
                }
            }
        },
        {
            "from": [7,2,1],
            "to": [9,3,7],
            "faces": {
                "up": {
                    "uv": [9,2,15,3],
                    "texture": "#bars",
                    "rotation": 90
                },
                "down": {
                    "uv": [7,3,6,2],
                    "texture": "#bars",
                    "rotation": 90
                },
                "west": {
                    "uv": [1,3,7,2],
                    "texture": "#bars"
                },
                "east": {
                    "uv": [7,2,1,3],
                    "texture": "#bars"
                }
            }
        }
    ]
}