{
    "__createdwith": "opl's Model Creator",
    "ambientocclusion": false,
    "textures": {
        "0": "blocks/beetroots_stage_3",
        "3": "blocks/carrots_stage_3",
        "particle": "blocks/beetroots_stage_3"
    },
    "elements": [
        {
            "from": [12,8,4],
            "to": [13,13,5],
            "faces": {
                "up": {
                    "uv": [12,5,13,6],
                    "texture": "#0"
                },
                "down": {
                    "uv": [11,12,12,13],
                    "texture": "#3"
                },
                "west": {
                    "uv": [12,5,13,10],
                    "texture": "#3"
                },
                "east": {
                    "uv": [12,5,13,10],
                    "texture": "#0"
                },
                "north": {
                    "uv": [12,5,13,10],
                    "texture": "#0"
                },
                "south": {
                    "uv": [12,5,13,10],
                    "texture": "#3"
                }
            }
        },
        {
            "from": [11,6,4],
            "to": [12,9,5],
            "faces": {
                "up": {
                    "uv": [11,9,12,10],
                    "texture": "#0"
                },
                "down": {
                    "uv": [11,12,12,13],
                    "texture": "#3"
                },
                "west": {
                    "uv": [11,9,12,10],
                    "texture": "#0"
                },
                "east": {
                    "uv": [11,9,12,10],
                    "texture": "#0"
                },
                "north": {
                    "uv": [11,9,12,10],
                    "texture": "#0"
                },
                "south": {
                    "uv": [11,9,12,10],
                    "texture": "#3"
                }
            }
        },
        {
            "from": [11,8,3],
            "to": [12,9,4],
            "faces": {
                "up": {
                    "uv": [12,5,13,6],
                    "texture": "#3"
                },
                "down": {
                    "uv": [12,5,13,6],
                    "texture": "#0"
                },
                "west": {
                    "uv": [12,5,13,6],
                    "texture": "#0"
                },
                "east": {
                    "uv": [12,5,13,6],
                    "texture": "#3"
                },
                "north": {
                    "uv": [12,5,13,6],
                    "texture": "#0"
                },
                "south": {
                    "uv": [12,5,13,6],
                    "texture": "#0"
                }
            }
        },
        {
            "from": [11,2,5],
            "to": [12,7,6],
            "faces": {
                "up": {
                    "uv": [11,9,12,10],
                    "texture": "#3"
                },
                "west": {
                    "uv": [12,8,13,13],
                    "texture": "#0"
                },
                "east": {
                    "uv": [12,8,13,13],
                    "texture": "#0"
                },
                "north": {
                    "uv": [12,8,13,13],
                    "texture": "#0"
                },
                "south": {
                    "uv": [12,8,13,13],
                    "texture": "#0"
                }
            }
        },
        {
            "from": [10,-1,4],
            "to": [13,2,7],
            "faces": {
                "up": {
                    "uv": [10,14,11,15],
                    "texture": "#0"
                },
                "west": {
                    "uv": [5,14,7,16],
                    "texture": "#0"
                },
                "east": {
                    "uv": [9,14,11,16],
                    "texture": "#0"
                },
                "north": {
                    "uv": [5,14,7,16],
                    "texture": "#0"
                },
                "south": {
                    "uv": [5,14,7,16],
                    "texture": "#0"
                }
            }
        },
        {
            "from": [4,-1,3],
            "to": [7,2,6],
            "faces": {
                "up": {
                    "uv": [10,14,11,15],
                    "texture": "#0"
                },
                "west": {
                    "uv": [9,14,11,16],
                    "texture": "#0"
                },
                "east": {
                    "uv": [9,14,11,16],
                    "texture": "#0"
                },
                "north": {
                    "uv": [5,14,7,16],
                    "texture": "#0"
                },
                "south": {
                    "uv": [5,14,7,16],
                    "texture": "#0"
                }
            }
        },
        {
            "from": [5,2,4],
            "to": [6,6,5],
            "faces": {
                "up": {
                    "uv": [11,9,12,10],
                    "texture": "#0"
                },
                "west": {
                    "uv": [12,9,13,13],
                    "texture": "#0"
                },
                "east": {
                    "uv": [12,9,13,13],
                    "texture": "#0"
                },
                "north": {
                    "uv": [12,9,13,13],
                    "texture": "#0"
                },
                "south": {
                    "uv": [12,9,13,13],
                    "texture": "#0"
                }
            }
        },
        {
            "from": [5,4,3],
            "to": [6,5,4],
            "faces": {
                "up": {
                    "uv": [12,5,13,6],
                    "texture": "#0"
                },
                "down": {
                    "uv": [12,5,13,6],
                    "texture": "#0"
                },
                "west": {
                    "uv": [12,5,13,6],
                    "texture": "#0"
                },
                "east": {
                    "uv": [12,5,13,6],
                    "texture": "#3"
                },
                "north": {
                    "uv": [12,5,13,6],
                    "texture": "#0"
                },
                "south": {
                    "uv": [12,5,13,6],
                    "texture": "#0"
                }
            }
        },
        {
            "from": [4,5,4],
            "to": [5,8,5],
            "faces": {
                "up": {
                    "uv": [11,9,12,10],
                    "texture": "#0"
                },
                "down": {
                    "uv": [11,12,12,13],
                    "texture": "#3"
                },
                "west": {
                    "uv": [11,9,12,10],
                    "texture": "#0"
                },
                "east": {
                    "uv": [11,9,12,10],
                    "texture": "#3"
                },
                "north": {
                    "uv": [11,9,12,10],
                    "texture": "#0"
                },
                "south": {
                    "uv": [11,9,12,10],
                    "texture": "#3"
                }
            }
        },
        {
            "from": [4,7,3],
            "to": [5,11,4],
            "faces": {
                "up": {
                    "uv": [12,5,13,6],
                    "texture": "#0"
                },
                "down": {
                    "uv": [11,12,12,13],
                    "texture": "#3"
                },
                "west": {
                    "uv": [12,5,13,10],
                    "texture": "#0"
                },
                "east": {
                    "uv": [12,5,13,10],
                    "texture": "#3"
                },
                "north": {
                    "uv": [12,5,13,10],
                    "texture": "#0"
                },
                "south": {
                    "uv": [12,5,13,10],
                    "texture": "#3"
                }
            }
        },
        {
            "from": [4,2,10],
            "to": [5,7,11],
            "faces": {
                "up": {
                    "uv": [11,9,12,10],
                    "texture": "#0"
                },
                "west": {
                    "uv": [12,8,13,13],
                    "texture": "#0"
                },
                "east": {
                    "uv": [12,8,13,13],
                    "texture": "#0"
                },
                "north": {
                    "uv": [12,8,13,13],
                    "texture": "#0"
                },
                "south": {
                    "uv": [12,8,13,13],
                    "texture": "#0"
                }
            }
        },
        {
            "from": [5,6,10],
            "to": [6,7,11],
            "faces": {
                "up": {
                    "uv": [12,5,13,6],
                    "texture": "#0"
                },
                "down": {
                    "uv": [12,5,13,6],
                    "texture": "#0"
                },
                "west": {
                    "uv": [12,5,13,6],
                    "texture": "#0"
                },
                "east": {
                    "uv": [12,5,13,6],
                    "texture": "#3"
                },
                "north": {
                    "uv": [12,5,13,6],
                    "texture": "#0"
                },
                "south": {
                    "uv": [12,5,13,6],
                    "texture": "#0"
                }
            }
        },
        {
            "from": [4,6,11],
            "to": [5,8,12],
            "faces": {
                "up": {
                    "uv": [11,9,12,10],
                    "texture": "#0"
                },
                "down": {
                    "uv": [11,12,12,13],
                    "texture": "#3"
                },
                "west": {
                    "uv": [11,9,12,10],
                    "texture": "#0"
                },
                "east": {
                    "uv": [11,9,12,10],
                    "texture": "#3"
                },
                "north": {
                    "uv": [11,9,12,10],
                    "texture": "#0"
                },
                "south": {
                    "uv": [11,9,12,10],
                    "texture": "#0"
                }
            }
        },
        {
            "from": [3,7,11],
            "to": [4,12,12],
            "faces": {
                "up": {
                    "uv": [12,5,13,6],
                    "texture": "#0"
                },
                "down": {
                    "uv": [11,12,12,13],
                    "texture": "#3"
                },
                "west": {
                    "uv": [12,5,13,10],
                    "texture": "#0"
                },
                "east": {
                    "uv": [12,5,13,10],
                    "texture": "#3"
                },
                "north": {
                    "uv": [12,5,13,10],
                    "texture": "#3"
                },
                "south": {
                    "uv": [12,5,13,10],
                    "texture": "#0"
                }
            }
        },
        {
            "from": [2,7,11],
            "to": [3,8,12],
            "faces": {
                "up": {
                    "uv": [12,5,13,6],
                    "texture": "#0"
                },
                "down": {
                    "uv": [12,5,13,6],
                    "texture": "#0"
                },
                "west": {
                    "uv": [12,5,13,6],
                    "texture": "#0"
                },
                "east": {
                    "uv": [11,9,12,10],
                    "texture": "#0"
                },
                "north": {
                    "uv": [12,5,13,6],
                    "texture": "#0"
                },
                "south": {
                    "uv": [12,5,13,6],
                    "texture": "#0"
                }
            }
        },
        {
            "from": [10,2,11],
            "to": [11,6,12],
            "faces": {
                "up": {
                    "uv": [11,9,12,10],
                    "texture": "#0"
                },
                "west": {
                    "uv": [12,9,13,13],
                    "texture": "#0"
                },
                "east": {
                    "uv": [12,9,13,13],
                    "texture": "#0"
                },
                "north": {
                    "uv": [12,9,13,13],
                    "texture": "#0"
                },
                "south": {
                    "uv": [12,9,13,13],
                    "texture": "#0"
                }
            }
        },
        {
            "from": [9,5,11],
            "to": [10,6,12],
            "faces": {
                "up": {
                    "uv": [12,5,13,6],
                    "texture": "#0"
                },
                "down": {
                    "uv": [12,5,13,6],
                    "texture": "#0"
                },
                "west": {
                    "uv": [12,5,13,6],
                    "texture": "#0"
                },
                "east": {
                    "uv": [11,9,12,10],
                    "texture": "#0"
                },
                "north": {
                    "uv": [12,5,13,6],
                    "texture": "#0"
                },
                "south": {
                    "uv": [12,5,13,6],
                    "texture": "#0"
                }
            }
        },
        {
            "from": [10,5,12],
            "to": [11,8,13],
            "faces": {
                "up": {
                    "uv": [11,9,12,10],
                    "texture": "#0"
                },
                "down": {
                    "uv": [11,12,12,13],
                    "texture": "#3"
                },
                "west": {
                    "uv": [11,9,12,10],
                    "texture": "#0"
                },
                "east": {
                    "uv": [11,9,12,10],
                    "texture": "#0"
                },
                "north": {
                    "uv": [11,9,12,10],
                    "texture": "#0"
                },
                "south": {
                    "uv": [11,9,12,10],
                    "texture": "#0"
                }
            }
        },
        {
            "from": [10,7,13],
            "to": [11,8,14],
            "faces": {
                "up": {
                    "uv": [12,5,13,6],
                    "texture": "#0"
                },
                "down": {
                    "uv": [12,5,13,6],
                    "texture": "#0"
                },
                "west": {
                    "uv": [12,5,13,6],
                    "texture": "#0"
                },
                "east": {
                    "uv": [12,5,13,6],
                    "texture": "#0"
                },
                "north": {
                    "uv": [12,5,13,6],
                    "texture": "#0"
                },
                "south": {
                    "uv": [12,5,13,6],
                    "texture": "#0"
                }
            }
        },
        {
            "from": [11,7,12],
            "to": [12,10,13],
            "faces": {
                "up": {
                    "uv": [12,5,13,6],
                    "texture": "#0"
                },
                "down": {
                    "texture": "#3"
                },
                "west": {
                    "uv": [12,5,13,10],
                    "texture": "#0"
                },
                "east": {
                    "uv": [12,5,13,10],
                    "texture": "#0"
                },
                "north": {
                    "uv": [12,5,13,10],
                    "texture": "#3"
                },
                "south": {
                    "uv": [12,5,13,10],
                    "texture": "#3"
                }
            }
        },
        {
            "from": [3,-1,9],
            "to": [6,2,12],
            "faces": {
                "up": {
                    "uv": [10,14,11,15],
                    "texture": "#0"
                },
                "west": {
                    "uv": [9,14,11,16],
                    "texture": "#0"
                },
                "east": {
                    "uv": [9,14,11,16],
                    "texture": "#0"
                },
                "north": {
                    "uv": [5,14,7,16],
                    "texture": "#0"
                },
                "south": {
                    "uv": [5,14,7,16],
                    "texture": "#0"
                }
            }
        },
        {
            "from": [9,-1,10],
            "to": [12,2,13],
            "faces": {
                "up": {
                    "uv": [13,14,14,15],
                    "texture": "#0"
                },
                "west": {
                    "uv": [5,14,7,16],
                    "texture": "#0"
                },
                "east": {
                    "uv": [5,14,7,16],
                    "texture": "#0"
                },
                "north": {
                    "uv": [5,14,7,16],
                    "texture": "#0"
                },
                "south": {
                    "uv": [5,14,7,16],
                    "texture": "#0"
                }
            }
        },
        {
            "from": [2,7,2],
            "to": [4,7,4],
            "faces": {
                "up": {
                    "uv": [12,5,13,6],
                    "texture": "#3"
                },
                "down": {
                    "uv": [12,5,13,6],
                    "texture": "#3"
                },
                "west": {
                    "uv": [12,5,13,6],
                    "texture": "#3"
                },
                "east": {
                    "uv": [12,5,13,6],
                    "texture": "#3"
                },
                "north": {
                    "uv": [12,5,13,6],
                    "texture": "#3"
                },
                "south": {
                    "uv": [12,5,13,6],
                    "texture": "#3"
                }
            }
        },
        {
            "from": [6,5,4],
            "to": [8,5,6],
            "faces": {
                "up": {
                    "uv": [12,5,13,6],
                    "texture": "#3"
                },
                "down": {
                    "uv": [12,5,13,6],
                    "texture": "#3"
                },
                "west": {
                    "uv": [12,5,13,6],
                    "texture": "#3"
                },
                "east": {
                    "uv": [12,5,13,6],
                    "texture": "#3"
                },
                "north": {
                    "uv": [12,5,13,6],
                    "texture": "#3"
                },
                "south": {
                    "uv": [12,5,13,6],
                    "texture": "#3"
                }
            }
        },
        {
            "from": [9,6,5],
            "to": [11,6,7],
            "faces": {
                "up": {
                    "uv": [12,5,13,6],
                    "texture": "#3"
                },
                "down": {
                    "uv": [12,5,13,6],
                    "texture": "#3"
                },
                "west": {
                    "uv": [12,5,13,6],
                    "texture": "#3"
                },
                "east": {
                    "uv": [12,5,13,6],
                    "texture": "#3"
                },
                "north": {
                    "uv": [12,5,13,6],
                    "texture": "#3"
                },
                "south": {
                    "uv": [12,5,13,6],
                    "texture": "#3"
                }
            }
        },
        {
            "from": [10,4,3],
            "to": [12,4,5],
            "faces": {
                "up": {
                    "uv": [12,5,13,6],
                    "texture": "#3"
                },
                "down": {
                    "uv": [12,5,13,6],
                    "texture": "#3"
                },
                "west": {
                    "uv": [12,5,13,6],
                    "texture": "#3"
                },
                "east": {
                    "uv": [12,5,13,6],
                    "texture": "#3"
                },
                "north": {
                    "uv": [12,5,13,6],
                    "texture": "#3"
                },
                "south": {
                    "uv": [12,5,13,6],
                    "texture": "#0"
                }
            }
        },
        {
            "from": [13,8,3],
            "to": [15,8,5],
            "faces": {
                "up": {
                    "uv": [12,5,13,6],
                    "texture": "#3"
                },
                "down": {
                    "uv": [12,5,13,6],
                    "texture": "#3"
                },
                "west": {
                    "uv": [12,5,13,6],
                    "texture": "#3"
                },
                "east": {
                    "uv": [12,5,13,6],
                    "texture": "#3"
                },
                "north": {
                    "uv": [12,5,13,6],
                    "texture": "#3"
                },
                "south": {
                    "uv": [12,5,13,6],
                    "texture": "#3"
                }
            }
        },
        {
            "from": [12,7,11],
            "to": [14,7,13],
            "faces": {
                "up": {
                    "uv": [12,5,13,6],
                    "texture": "#3"
                },
                "down": {
                    "uv": [12,5,13,6],
                    "texture": "#3"
                },
                "west": {
                    "uv": [12,5,13,6],
                    "texture": "#3"
                },
                "east": {
                    "uv": [12,5,13,6],
                    "texture": "#3"
                },
                "north": {
                    "uv": [12,5,13,6],
                    "texture": "#3"
                },
                "south": {
                    "uv": [12,5,13,6],
                    "texture": "#3"
                }
            }
        },
        {
            "from": [9,5,13],
            "to": [11,5,15],
            "faces": {
                "up": {
                    "uv": [12,5,13,6],
                    "texture": "#3"
                },
                "down": {
                    "uv": [12,5,13,6],
                    "texture": "#3"
                },
                "west": {
                    "uv": [12,5,13,6],
                    "texture": "#3"
                },
                "east": {
                    "uv": [12,5,13,6],
                    "texture": "#3"
                },
                "north": {
                    "uv": [12,5,13,6],
                    "texture": "#3"
                },
                "south": {
                    "uv": [12,5,13,6],
                    "texture": "#3"
                }
            }
        },
        {
            "from": [8,3,10],
            "to": [10,3,12],
            "faces": {
                "up": {
                    "uv": [12,5,13,6],
                    "texture": "#3"
                },
                "down": {
                    "uv": [12,5,13,6],
                    "texture": "#3"
                },
                "west": {
                    "uv": [12,5,13,6],
                    "texture": "#3"
                },
                "east": {
                    "uv": [12,5,13,6],
                    "texture": "#3"
                },
                "north": {
                    "uv": [12,5,13,6],
                    "texture": "#3"
                },
                "south": {
                    "uv": [12,5,13,6],
                    "texture": "#3"
                }
            }
        },
        {
            "from": [4,7,12],
            "to": [6,7,14],
            "faces": {
                "up": {
                    "uv": [12,5,13,6],
                    "texture": "#3"
                },
                "down": {
                    "uv": [12,5,13,6],
                    "texture": "#3"
                },
                "west": {
                    "uv": [12,5,13,6],
                    "texture": "#3"
                },
                "east": {
                    "uv": [12,5,13,6],
                    "texture": "#3"
                },
                "north": {
                    "uv": [12,5,13,6],
                    "texture": "#3"
                },
                "south": {
                    "uv": [12,5,13,6],
                    "texture": "#3"
                }
            }
        },
        {
            "from": [1,8,11],
            "to": [3,8,13],
            "faces": {
                "up": {
                    "uv": [12,5,13,6],
                    "texture": "#3"
                },
                "down": {
                    "uv": [12,5,13,6],
                    "texture": "#3"
                },
                "west": {
                    "uv": [12,5,13,6],
                    "texture": "#3"
                },
                "east": {
                    "uv": [12,5,13,6],
                    "texture": "#3"
                },
                "north": {
                    "uv": [12,5,13,6],
                    "texture": "#3"
                },
                "south": {
                    "uv": [12,5,13,6],
                    "texture": "#3"
                }
            }
        },
        {
            "from": [3,4,8],
            "to": [5,4,10],
            "faces": {
                "up": {
                    "uv": [12,5,13,6],
                    "texture": "#3"
                },
                "down": {
                    "uv": [12,5,13,6],
                    "texture": "#3"
                },
                "west": {
                    "uv": [12,5,13,6],
                    "texture": "#3"
                },
                "east": {
                    "uv": [12,5,13,6],
                    "texture": "#3"
                },
                "north": {
                    "uv": [12,5,13,6],
                    "texture": "#3"
                },
                "south": {
                    "uv": [12,5,13,6],
                    "texture": "#3"
                }
            }
        },
        {
            "from": [3,7,5],
            "to": [5,7,7],
            "faces": {
                "up": {
                    "uv": [12,5,13,6],
                    "texture": "#3"
                },
                "down": {
                    "uv": [12,5,13,6],
                    "texture": "#3"
                },
                "west": {
                    "uv": [12,5,13,6],
                    "texture": "#3"
                },
                "east": {
                    "uv": [12,5,13,6],
                    "texture": "#3"
                },
                "north": {
                    "uv": [12,5,13,6],
                    "texture": "#3"
                },
                "south": {
                    "uv": [12,5,13,6],
                    "texture": "#3"
                }
            }
        },
        {
            "from": [11,4,11],
            "to": [12,5,12],
            "faces": {
                "up": {
                    "uv": [12,5,13,6],
                    "texture": "#0"
                },
                "down": {
                    "uv": [12,5,13,6],
                    "texture": "#0"
                },
                "west": {
                    "uv": [12,5,13,6],
                    "texture": "#0"
                },
                "east": {
                    "uv": [12,5,13,6],
                    "texture": "#3"
                },
                "north": {
                    "uv": [12,5,13,6],
                    "texture": "#0"
                },
                "south": {
                    "uv": [12,5,13,6],
                    "texture": "#0"
                }
            }
        }
    ]
}