{
    "__createdwith": "opl's Model Creator",
    "ambientocclusion": false,
    "textures": {
        "0": "blocks/beetroots_stage_0",
        "3": "blocks/carrots_stage_3",
        "particle": "blocks/beetroots_stage_0"
    },
    "elements": [
        {
            "from": [11,1,4],
            "to": [12,2,5],
            "faces": {
                "up": {
                    "uv": [12,5,13,6],
                    "texture": "#3"
                },
                "down": {
                    "uv": [12,5,13,6],
                    "texture": "#3"
                },
                "west": {
                    "uv": [12,5,13,6],
                    "texture": "#3"
                },
                "east": {
                    "uv": [12,5,13,6],
                    "texture": "#3"
                },
                "north": {
                    "uv": [12,5,13,6],
                    "texture": "#3"
                },
                "south": {
                    "uv": [12,5,13,6],
                    "texture": "#3"
                }
            }
        },
        {
            "from": [11,0,5],
            "to": [12,3,6],
            "faces": {
                "up": {
                    "uv": [3,5,4,6],
                    "texture": "#3"
                },
                "west": {
                    "uv": [3,5,4,8],
                    "texture": "#3"
                },
                "east": {
                    "uv": [3,5,4,8],
                    "texture": "#3"
                },
                "north": {
                    "uv": [3,5,4,8],
                    "texture": "#3"
                },
                "south": {
                    "uv": [3,5,4,8],
                    "texture": "#3"
                }
            }
        },
        {
            "from": [12,1,5],
            "to": [13,2,6],
            "faces": {
                "up": {
                    "texture": "#3"
                },
                "down": {
                    "texture": "#3"
                },
                "west": {
                    "uv": [12,5,13,6],
                    "texture": "#0"
                },
                "east": {
                    "uv": [12,5,13,6],
                    "texture": "#3"
                },
                "north": {
                    "uv": [12,5,13,6],
                    "texture": "#3"
                },
                "south": {
                    "uv": [12,5,13,6],
                    "texture": "#3"
                }
            }
        },
        {
            "from": [11,0,11],
            "to": [12,1,12],
            "faces": {
                "up": {
                    "uv": [12,5,13,6],
                    "texture": "#3"
                },
                "down": {
                    "uv": [12,5,13,6],
                    "texture": "#3"
                },
                "west": {
                    "uv": [12,5,13,6],
                    "texture": "#3"
                },
                "east": {
                    "uv": [12,5,13,6],
                    "texture": "#3"
                },
                "north": {
                    "uv": [12,5,13,6],
                    "texture": "#3"
                },
                "south": {
                    "uv": [12,5,13,6],
                    "texture": "#3"
                }
            }
        },
        {
            "from": [10,0,11],
            "to": [11,1,12],
            "faces": {
                "up": {
                    "uv": [3,5,4,6],
                    "texture": "#3"
                },
                "west": {
                    "uv": [3,6,4,8],
                    "texture": "#3"
                },
                "east": {
                    "uv": [3,6,4,9],
                    "texture": "#3"
                },
                "north": {
                    "uv": [3,6,4,8],
                    "texture": "#3"
                },
                "south": {
                    "uv": [3,6,4,8],
                    "texture": "#3"
                }
            }
        },
        {
            "from": [5,0,10],
            "to": [6,1,11],
            "faces": {
                "up": {
                    "uv": [12,5,13,6],
                    "texture": "#3"
                },
                "down": {
                    "uv": [12,5,13,6],
                    "texture": "#3"
                },
                "west": {
                    "uv": [12,5,13,6],
                    "texture": "#3"
                },
                "east": {
                    "uv": [12,5,13,6],
                    "texture": "#3"
                },
                "north": {
                    "uv": [12,5,13,6],
                    "texture": "#3"
                },
                "south": {
                    "uv": [12,5,13,6],
                    "texture": "#3"
                }
            }
        },
        {
            "from": [4,0,10],
            "to": [5,2,11],
            "faces": {
                "up": {
                    "uv": [3,5,4,6],
                    "texture": "#3"
                },
                "west": {
                    "uv": [3,6,4,8],
                    "texture": "#3"
                },
                "east": {
                    "uv": [3,6,4,8],
                    "texture": "#3"
                },
                "north": {
                    "uv": [3,6,4,8],
                    "texture": "#3"
                },
                "south": {
                    "uv": [3,6,4,8],
                    "texture": "#3"
                }
            }
        },
        {
            "from": [4,0,11],
            "to": [5,1,12],
            "faces": {
                "up": {
                    "uv": [12,5,13,6],
                    "texture": "#3"
                },
                "down": {
                    "uv": [12,5,13,6],
                    "texture": "#3"
                },
                "west": {
                    "uv": [12,5,13,6],
                    "texture": "#3"
                },
                "east": {
                    "uv": [12,5,13,6],
                    "texture": "#3"
                },
                "north": {
                    "uv": [12,5,13,6],
                    "texture": "#0"
                },
                "south": {
                    "uv": [12,5,13,6],
                    "texture": "#3"
                }
            }
        },
        {
            "from": [5,0,4],
            "to": [6,2,5],
            "faces": {
                "up": {
                    "uv": [3,5,4,6],
                    "texture": "#3"
                },
                "west": {
                    "uv": [3,6,4,8],
                    "texture": "#3"
                },
                "east": {
                    "uv": [3,6,4,8],
                    "texture": "#3"
                },
                "north": {
                    "uv": [3,6,4,8],
                    "texture": "#3"
                },
                "south": {
                    "uv": [3,6,4,8],
                    "texture": "#3"
                }
            }
        },
        {
            "from": [4,0,4],
            "to": [5,1,5],
            "faces": {
                "up": {
                    "uv": [12,5,13,6],
                    "texture": "#3"
                },
                "down": {
                    "uv": [12,5,13,6],
                    "texture": "#3"
                },
                "west": {
                    "uv": [12,5,13,6],
                    "texture": "#3"
                },
                "east": {
                    "uv": [13,9,14,10],
                    "texture": "#3"
                },
                "north": {
                    "uv": [12,5,13,6],
                    "texture": "#3"
                },
                "south": {
                    "uv": [12,5,13,6],
                    "texture": "#3"
                }
            }
        }
    ]
}