{
    "__createdwith": "opl's Model Creator",
    "ambientocclusion": false,
    "textures": {
        "0": "blocks/log_birch",
        "1": "blocks/sapling_birch",
        "particle": "blocks/sapling_birch"
    },
    "elements": [
        {
            "from": [7,0,7],
            "to": [9,7,9],
            "faces": {
                "up": {
                    "uv": [10,5,11,6],
                    "texture": "#0"
                },
                "down": {
                    "uv": [1,5,2,6],
                    "texture": "#0"
                },
                "west": {
                    "uv": [0,9,16,11],
                    "texture": "#0",
                    "rotation": 270
                },
                "east": {
                    "uv": [0,4,16,6],
                    "texture": "#0",
                    "rotation": 270
                },
                "north": {
                    "uv": [0,5,16,7],
                    "texture": "#0",
                    "rotation": 270
                },
                "south": {
                    "uv": [0,10,16,12],
                    "texture": "#0",
                    "rotation": 270
                }
            }
        },
        {
            "from": [6,7,6],
            "to": [10,10,10],
            "faces": {
                "up": {
                    "uv": [6,3,8,5],
                    "texture": "#1",
                    "rotation": 90
                },
                "down": {
                    "uv": [6,3,8,5],
                    "texture": "#1",
                    "rotation": 270
                },
                "west": {
                    "uv": [6,3,8,5],
                    "texture": "#1"
                },
                "east": {
                    "uv": [6,3,8,5],
                    "texture": "#1",
                    "rotation": 180
                },
                "north": {
                    "uv": [6,3,8,5],
                    "texture": "#1"
                },
                "south": {
                    "uv": [6,3,8,5],
                    "texture": "#1"
                }
            }
        }
    ]
}