{
    "__createdwith": "opl's Model Creator",
    "ambientocclusion": false,
    "textures": {
        "0": "blocks/carrots_stage_1",
        "3": "blocks/carrots_stage_3",
        "particle": "blocks/carrots_stage_1"
    },
    "elements": [
        {
            "from": [11,-1,5],
            "to": [12,4,6],
            "faces": {
                "up": {
                    "uv": [3,5,4,6],
                    "texture": "#3"
                },
                "west": {
                    "uv": [3,5,4,9],
                    "texture": "#3"
                },
                "east": {
                    "uv": [3,5,4,9],
                    "texture": "#3"
                },
                "north": {
                    "uv": [3,5,4,9],
                    "texture": "#3"
                },
                "south": {
                    "uv": [3,5,4,9],
                    "texture": "#3"
                }
            }
        },
        {
            "from": [11,0,6],
            "to": [12,1,7],
            "faces": {
                "up": {
                    "uv": [12,5,13,6],
                    "texture": "#3"
                },
                "down": {
                    "uv": [12,5,13,6],
                    "texture": "#3"
                },
                "west": {
                    "uv": [12,5,13,6],
                    "texture": "#3"
                },
                "east": {
                    "uv": [12,5,13,6],
                    "texture": "#3"
                },
                "north": {
                    "uv": [12,5,13,6],
                    "texture": "#0"
                },
                "south": {
                    "uv": [12,5,13,6],
                    "texture": "#3"
                }
            }
        },
        {
            "from": [12,2,5],
            "to": [13,3,6],
            "faces": {
                "up": {
                    "texture": "#3"
                },
                "down": {
                    "texture": "#3"
                },
                "west": {
                    "uv": [12,5,13,6],
                    "texture": "#0"
                },
                "east": {
                    "uv": [12,5,13,6],
                    "texture": "#3"
                },
                "north": {
                    "uv": [12,5,13,6],
                    "texture": "#3"
                },
                "south": {
                    "uv": [12,5,13,6],
                    "texture": "#3"
                }
            }
        },
        {
            "from": [10,1,5],
            "to": [11,2,6],
            "faces": {
                "up": {
                    "uv": [12,5,13,6],
                    "texture": "#3"
                },
                "down": {
                    "uv": [12,5,13,6],
                    "texture": "#3"
                },
                "west": {
                    "uv": [12,5,13,6],
                    "texture": "#3"
                },
                "east": {
                    "uv": [11,9,12,10],
                    "texture": "#0"
                },
                "north": {
                    "uv": [12,5,13,6],
                    "texture": "#3"
                },
                "south": {
                    "uv": [12,5,13,6],
                    "texture": "#3"
                }
            }
        },
        {
            "from": [5,-1,4],
            "to": [6,3,5],
            "faces": {
                "up": {
                    "uv": [3,5,4,6],
                    "texture": "#3"
                },
                "west": {
                    "uv": [3,6,4,9],
                    "texture": "#3"
                },
                "east": {
                    "uv": [3,6,4,9],
                    "texture": "#3"
                },
                "north": {
                    "uv": [3,6,4,9],
                    "texture": "#3"
                },
                "south": {
                    "uv": [3,6,4,9],
                    "texture": "#3"
                }
            }
        },
        {
            "from": [6,1,4],
            "to": [7,2,5],
            "faces": {
                "up": {
                    "uv": [12,5,13,6],
                    "texture": "#3"
                },
                "down": {
                    "uv": [12,5,13,6],
                    "texture": "#3"
                },
                "west": {
                    "uv": [12,5,13,6],
                    "texture": "#0"
                },
                "east": {
                    "uv": [12,5,13,6],
                    "texture": "#3"
                },
                "north": {
                    "uv": [12,5,13,6],
                    "texture": "#3"
                },
                "south": {
                    "uv": [12,5,13,6],
                    "texture": "#3"
                }
            }
        },
        {
            "from": [4,1,4],
            "to": [5,2,5],
            "faces": {
                "up": {
                    "uv": [12,5,13,6],
                    "texture": "#3"
                },
                "down": {
                    "uv": [12,5,13,6],
                    "texture": "#3"
                },
                "west": {
                    "uv": [12,5,13,6],
                    "texture": "#3"
                },
                "east": {
                    "uv": [13,9,14,10],
                    "texture": "#3"
                },
                "north": {
                    "uv": [12,5,13,6],
                    "texture": "#3"
                },
                "south": {
                    "uv": [12,5,13,6],
                    "texture": "#3"
                }
            }
        },
        {
            "from": [5,0,3],
            "to": [6,1,4],
            "faces": {
                "up": {
                    "uv": [12,5,13,6],
                    "texture": "#3"
                },
                "down": {
                    "uv": [12,5,13,6],
                    "texture": "#3"
                },
                "west": {
                    "uv": [12,5,13,6],
                    "texture": "#3"
                },
                "east": {
                    "uv": [12,5,13,6],
                    "texture": "#3"
                },
                "north": {
                    "uv": [12,5,13,6],
                    "texture": "#3"
                },
                "south": {
                    "uv": [12,5,13,6],
                    "texture": "#0"
                }
            }
        },
        {
            "from": [4,-1,10],
            "to": [5,3,11],
            "faces": {
                "up": {
                    "uv": [3,5,4,6],
                    "texture": "#3"
                },
                "west": {
                    "uv": [3,6,4,9],
                    "texture": "#3"
                },
                "east": {
                    "uv": [3,6,4,9],
                    "texture": "#3"
                },
                "north": {
                    "uv": [3,6,4,9],
                    "texture": "#3"
                },
                "south": {
                    "uv": [3,6,4,9],
                    "texture": "#3"
                }
            }
        },
        {
            "from": [4,0,9],
            "to": [5,1,10],
            "faces": {
                "up": {
                    "uv": [12,5,13,6],
                    "texture": "#3"
                },
                "down": {
                    "uv": [12,5,13,6],
                    "texture": "#3"
                },
                "west": {
                    "uv": [12,5,13,6],
                    "texture": "#3"
                },
                "east": {
                    "uv": [12,5,13,6],
                    "texture": "#3"
                },
                "north": {
                    "uv": [12,5,13,6],
                    "texture": "#3"
                },
                "south": {
                    "uv": [12,5,13,6],
                    "texture": "#0"
                }
            }
        },
        {
            "from": [10,-1,11],
            "to": [11,2,12],
            "faces": {
                "up": {
                    "uv": [3,5,4,6],
                    "texture": "#3"
                },
                "west": {
                    "uv": [3,6,4,9],
                    "texture": "#3"
                },
                "east": {
                    "uv": [3,6,4,9],
                    "texture": "#3"
                },
                "north": {
                    "uv": [3,6,4,9],
                    "texture": "#3"
                },
                "south": {
                    "uv": [3,6,4,9],
                    "texture": "#3"
                }
            }
        },
        {
            "from": [10,1,10],
            "to": [11,2,11],
            "faces": {
                "up": {
                    "uv": [12,5,13,6],
                    "texture": "#3"
                },
                "down": {
                    "uv": [12,5,13,6],
                    "texture": "#3"
                },
                "west": {
                    "uv": [12,5,13,6],
                    "texture": "#3"
                },
                "east": {
                    "uv": [12,6,13,7],
                    "texture": "#3"
                },
                "north": {
                    "uv": [12,5,13,6],
                    "texture": "#3"
                },
                "south": {
                    "uv": [12,5,13,6],
                    "texture": "#0"
                }
            }
        },
        {
            "from": [11,0,11],
            "to": [12,1,12],
            "faces": {
                "up": {
                    "uv": [12,5,13,6],
                    "texture": "#3"
                },
                "down": {
                    "uv": [12,5,13,6],
                    "texture": "#3"
                },
                "west": {
                    "uv": [12,5,13,6],
                    "texture": "#0"
                },
                "east": {
                    "uv": [12,6,13,7],
                    "texture": "#3"
                },
                "north": {
                    "uv": [12,5,13,6],
                    "texture": "#3"
                },
                "south": {
                    "uv": [12,5,13,6],
                    "texture": "#3"
                }
            }
        },
        {
            "from": [3,0,10],
            "to": [4,1,11],
            "faces": {
                "up": {
                    "uv": [12,5,13,6],
                    "texture": "#3"
                },
                "down": {
                    "uv": [12,5,13,6],
                    "texture": "#3"
                },
                "west": {
                    "uv": [12,5,13,6],
                    "texture": "#3"
                },
                "east": {
                    "uv": [11,9,12,10],
                    "texture": "#0"
                },
                "north": {
                    "uv": [12,5,13,6],
                    "texture": "#3"
                },
                "south": {
                    "uv": [12,5,13,6],
                    "texture": "#3"
                }
            }
        },
        {
            "from": [4,1,11],
            "to": [5,2,12],
            "faces": {
                "up": {
                    "uv": [12,5,13,6],
                    "texture": "#3"
                },
                "down": {
                    "uv": [12,5,13,6],
                    "texture": "#3"
                },
                "west": {
                    "uv": [12,5,13,6],
                    "texture": "#3"
                },
                "east": {
                    "uv": [12,5,13,6],
                    "texture": "#3"
                },
                "north": {
                    "uv": [12,5,13,6],
                    "texture": "#0"
                },
                "south": {
                    "uv": [12,5,13,6],
                    "texture": "#3"
                }
            }
        }
    ]
}