{
    "__createdwith": "opl's Model Creator",
    "ambientocclusion": false,
    "textures": {
        "0": "blocks/door_dark_oak_lower",
        "particle": "blocks/door_dark_oak_lower"
    },
    "elements": [
        {
            "from": [0,0,0],
            "to": [3,16,16],
            "faces": {
                "down": {
                    "uv": [0,15,16,16],
                    "texture": "#0"
                },
                "west": {
                    "texture": "#0"
                },
                "east": {
                    "uv": [16,0,0,16],
                    "texture": "#0"
                },
                "north": {
                    "uv": [0,0,1,16],
                    "texture": "#0"
                },
                "south": {
                    "uv": [15,0,16,16],
                    "texture": "#0"
                }
            }
        }
    ]
}