{
    "__comment": "Model generated using MrCrayfish's Model Creator (http://mrcrayfish.com/modelcreator/)",
"ambientocclusion": false,
    "textures": {
        "particle": "blocks/rail_detector_powered",
        "0": "blocks/rail_detector_powered",
        "1": "blocks/rail_detector"
    },
    "elements": [
        {
            "name": "T1",
            "from": [ 2.0, 7.4, -3.3 ], 
            "to": [ 4.0, 9.4, 20.7 ], 
            "rotation": { "origin": [ 8.0, 8.0, 8.0 ], "axis": "x", "angle": -45.0 },
            "faces": {
                "north": { "texture": "#0", "uv": [ 12.0, 1.0, 14.0, 3.0 ] },
                "east": { "texture": "#0", "uv": [ 3.0, 1.0, 4.0, 2.0 ] },
                "south": { "texture": "#0", "uv": [ 2.0, 1.0, 4.0, 3.0 ] },
                "west": { "texture": "#0", "uv": [ 2.0, 1.0, 3.0, 3.0 ] },
                "up": { "texture": "#0", "uv": [ 2.0, 1.0, 4.0, 13.0 ] },
                "down": { "texture": "#0", "uv": [ 2.0, 0.0, 4.0, 24.0 ] }
            }
        },
        {
            "name": "T2",
            "from": [ 12.0, 7.4, -3.3 ], 
            "to": [ 14.0, 9.4, 20.7 ], 
            "rotation": { "origin": [ 8.0, 8.0, 8.0 ], "axis": "x", "angle": -45.0 },
            "faces": {
                "north": { "texture": "#0", "uv": [ 2.0, 1.0, 4.0, 3.0 ] },
                "east": { "texture": "#0", "uv": [ 2.0, 1.0, 3.0, 2.0 ] },
                "south": { "texture": "#0", "uv": [ 12.0, 1.0, 14.0, 3.0 ] },
                "west": { "texture": "#0", "uv": [ 3.0, 1.0, 4.0, 3.0 ] },
                "up": { "texture": "#0", "uv": [ 12.0, 1.0, 14.0, 13.0 ] },
                "down": { "texture": "#0", "uv": [ 12.0, 2.0, 14.0, 15.0 ] }
            }
        },
        {
            "name": "Cube",
            "from": [ 1.0, 7.4, 15.0 ], 
            "to": [ 15.0, 8.4, 17.0 ], 
            "rotation": { "origin": [ 8.0, 8.0, 8.0 ], "axis": "x", "angle": -45.0 },
            "faces": {
                "north": { "texture": "#0", "uv": [ 5.0, 2.0, 11.0, 3.0 ] },
                "east": { "texture": "#0", "uv": [ 7.0, 2.0, 9.5, 3.0 ] },
                "south": { "texture": "#0", "uv": [ 6.0, 2.0, 11.0, 3.0 ] },
                "west": { "texture": "#0", "uv": [ 7.0, 2.0, 9.5, 3.0 ] },
                "up": { "texture": "#0", "uv": [ 1.0, 1.0, 15.0, 3.0 ] },
                "down": { "texture": "#0", "uv": [ 1.0, 1.0, 15.0, 3.0 ] }
            }
        },
        {
            "name": "R1",
            "from": [ 5.0, 8.4, 6.0 ], 
            "to": [ 11.0, 9.4, 12.0 ], 
            "rotation": { "origin": [ 8.0, 8.0, 8.0 ], "axis": "x", "angle": -45.0 },
            "faces": {
                "north": { "texture": "#0", "uv": [ 5.0, 5.0, 11.0, 6.0 ] },
                "east": { "texture": "#1", "uv": [ 5.0, 5.0, 11.0, 6.0 ] },
                "south": { "texture": "#1", "uv": [ 5.0, 5.0, 11.0, 6.0 ] },
                "west": { "texture": "#1", "uv": [ 5.0, 5.0, 11.0, 6.0 ] },
                "up": { "texture": "#0", "uv": [ 5.0, 5.0, 11.0, 11.0 ] },
                "down": { "texture": "#1", "uv": [ 7.0, 5.0, 9.0, 6.0 ] }
            }
        },
        {
            "name": "R2",
            "from": [ 11.0, 8.4, 8.0 ], 
            "to": [ 12.0, 9.4, 10.0 ], 
            "rotation": { "origin": [ 8.0, 8.0, 8.0 ], "axis": "x", "angle": -45.0 },
            "faces": {
                "north": { "texture": "#0", "uv": [ 7.0, 5.0, 9.0, 6.0 ] },
                "east": { "texture": "#1", "uv": [ 7.0, 5.0, 9.0, 6.0 ] },
                "south": { "texture": "#1", "uv": [ 7.0, 5.0, 9.0, 6.0 ] },
                "west": { "texture": "#1", "uv": [ 7.0, 5.0, 9.0, 6.0 ] },
                "up": { "texture": "#0", "uv": [ 7.0, 5.0, 9.0, 6.0 ] },
                "down": { "texture": "#1", "uv": [ 7.0, 5.0, 9.0, 6.0 ] }
            }
        },
        {
            "name": "R3",
            "from": [ 4.0, 8.4, 8.0 ], 
            "to": [ 5.0, 9.4, 10.0 ], 
            "rotation": { "origin": [ 8.0, 8.0, 8.0 ], "axis": "x", "angle": -45.0 },
            "faces": {
                "north": { "texture": "#0", "uv": [ 7.0, 5.0, 9.0, 6.0 ] },
                "east": { "texture": "#1", "uv": [ 7.0, 5.0, 9.0, 6.0 ] },
                "south": { "texture": "#1", "uv": [ 7.0, 5.0, 9.0, 6.0 ] },
                "west": { "texture": "#1", "uv": [ 7.0, 5.0, 9.0, 6.0 ] },
                "up": { "texture": "#0", "uv": [ 7.0, 5.0, 9.0, 6.0 ] },
                "down": { "texture": "#1", "uv": [ 7.0, 5.0, 9.0, 6.0 ] }
            }
        },
        {
            "name": "R4",
            "from": [ 7.0, 8.4, 12.0 ], 
            "to": [ 9.0, 9.4, 13.0 ], 
            "rotation": { "origin": [ 8.0, 8.0, 8.0 ], "axis": "x", "angle": -45.0 },
            "faces": {
                "north": { "texture": "#0", "uv": [ 7.0, 5.0, 9.0, 6.0 ] },
                "east": { "texture": "#1", "uv": [ 7.0, 5.0, 9.0, 6.0 ] },
                "south": { "texture": "#1", "uv": [ 7.0, 5.0, 9.0, 6.0 ] },
                "west": { "texture": "#1", "uv": [ 7.0, 5.0, 9.0, 6.0 ] },
                "up": { "texture": "#0", "uv": [ 7.0, 5.0, 9.0, 6.0 ] },
                "down": { "texture": "#1", "uv": [ 7.0, 5.0, 9.0, 6.0 ] }
            }
        },
        {
            "name": "R5",
            "from": [ 7.0, 8.4, 5.0 ], 
            "to": [ 9.0, 9.4, 6.0 ], 
            "rotation": { "origin": [ 8.0, 8.0, 8.0 ], "axis": "x", "angle": -45.0 },
            "faces": {
                "north": { "texture": "#0", "uv": [ 7.0, 5.0, 9.0, 6.0 ] },
                "east": { "texture": "#1", "uv": [ 7.0, 5.0, 9.0, 6.0 ] },
                "south": { "texture": "#1", "uv": [ 7.0, 5.0, 9.0, 6.0 ] },
                "west": { "texture": "#1", "uv": [ 7.0, 5.0, 9.0, 6.0 ] },
                "up": { "texture": "#0", "uv": [ 7.0, 5.0, 9.0, 6.0 ] },
                "down": { "texture": "#1", "uv": [ 7.0, 5.0, 9.0, 6.0 ] }
            }
        },
        {
            "name": "Cube",
            "from": [ 1.0, 7.4, 10.0 ], 
            "to": [ 15.0, 8.4, 12.0 ], 
            "rotation": { "origin": [ 8.0, 8.0, 8.0 ], "axis": "x", "angle": -45.0 },
            "faces": {
                "north": { "texture": "#0", "uv": [ 5.0, 2.0, 11.0, 3.0 ] },
                "east": { "texture": "#0", "uv": [ 7.0, 2.0, 9.5, 3.0 ] },
                "south": { "texture": "#0", "uv": [ 6.0, 2.0, 11.0, 3.0 ] },
                "west": { "texture": "#0", "uv": [ 7.0, 2.0, 9.5, 3.0 ] },
                "up": { "texture": "#0", "uv": [ 1.0, 1.0, 15.0, 3.0 ] },
                "down": { "texture": "#0", "uv": [ 1.0, 1.0, 15.0, 3.0 ] }
            }
        },
        {
            "name": "Cube",
            "from": [ 1.0, 7.4, 5.0 ], 
            "to": [ 15.0, 8.4, 7.0 ], 
            "rotation": { "origin": [ 8.0, 8.0, 8.0 ], "axis": "x", "angle": -45.0 },
            "faces": {
                "north": { "texture": "#0", "uv": [ 5.0, 2.0, 11.0, 3.0 ] },
                "east": { "texture": "#0", "uv": [ 7.0, 2.0, 9.5, 3.0 ] },
                "south": { "texture": "#0", "uv": [ 6.0, 2.0, 11.0, 3.0 ] },
                "west": { "texture": "#0", "uv": [ 7.0, 2.0, 9.5, 3.0 ] },
                "up": { "texture": "#0", "uv": [ 1.0, 1.0, 15.0, 3.0 ] },
                "down": { "texture": "#0", "uv": [ 1.0, 1.0, 15.0, 3.0 ] }
            }
        },
        {
            "name": "Cube",
            "from": [ 1.0, 7.4, 0.0 ], 
            "to": [ 15.0, 8.4, 2.0 ], 
            "rotation": { "origin": [ 8.0, 8.0, 8.0 ], "axis": "x", "angle": -45.0 },
            "faces": {
                "north": { "texture": "#0", "uv": [ 5.0, 2.0, 11.0, 3.0 ] },
                "east": { "texture": "#0", "uv": [ 7.0, 2.0, 9.5, 3.0 ] },
                "south": { "texture": "#0", "uv": [ 6.0, 2.0, 11.0, 3.0 ] },
                "west": { "texture": "#0", "uv": [ 7.0, 2.0, 9.5, 3.0 ] },
                "up": { "texture": "#0", "uv": [ 1.0, 1.0, 15.0, 3.0 ] },
                "down": { "texture": "#0", "uv": [ 1.0, 1.0, 15.0, 3.0 ] }
            }
        }
    ]
}