{
    "__createdwith": "opl's Model Creator",
    "ambientocclusion": false,
    "textures": {
        "0": "blocks/double_plant_sunflower_top",
        "1": "blocks/double_plant_sunflower_front",
        "2": "blocks/double_plant_sunflower_back",
        "particle": "blocks/double_plant_sunflower_back"
    },
    "elements": [
        {
            "from": [7,0,7],
            "to": [9,8,9],
            "faces": {
                "up": {
                    "uv": [10,9,12,11],
                    "texture": "#0"
                },
                "west": {
                    "texture": "#0"
                },
                "east": {
                    "texture": "#0"
                },
                "north": {
                    "texture": "#0"
                },
                "south": {
                    "texture": "#0"
                }
            }
        },
        {
            "from": [3,1,4],
            "to": [7,2,8],
            "faces": {
                "up": {
                    "uv": [10,11,11,12],
                    "texture": "#0"
                },
                "down": {
                    "uv": [10,11,11,12],
                    "texture": "#0"
                },
                "west": {
                    "uv": [5,14,7,15],
                    "texture": "#0"
                },
                "east": {
                    "uv": [9,11,11,12],
                    "texture": "#0"
                },
                "north": {
                    "uv": [9,11,11,12],
                    "texture": "#0"
                },
                "south": {
                    "uv": [9,11,11,12],
                    "texture": "#0"
                }
            }
        },
        {
            "from": [9,4,4],
            "to": [10,12,12],
            "faces": {
                "up": {
                    "uv": [11,4,12,12],
                    "texture": "#1"
                },
                "down": {
                    "uv": [11,4,12,12],
                    "texture": "#1"
                },
                "west": {
                    "texture": "#2"
                },
                "east": {
                    "texture": "#1"
                },
                "north": {
                    "uv": [11,4,12,12],
                    "texture": "#1"
                },
                "south": {
                    "uv": [11,4,12,12],
                    "texture": "#1"
                }
            }
        },
        {
            "from": [4,4,9],
            "to": [8,5,13],
            "faces": {
                "up": {
                    "uv": [10,11,11,12],
                    "texture": "#0"
                },
                "down": {
                    "uv": [10,11,11,12],
                    "texture": "#0"
                },
                "west": {
                    "uv": [5,14,7,15],
                    "texture": "#0"
                },
                "east": {
                    "uv": [9,11,11,12],
                    "texture": "#0"
                },
                "north": {
                    "uv": [9,11,11,12],
                    "texture": "#0"
                },
                "south": {
                    "uv": [9,11,11,12],
                    "texture": "#0"
                }
            }
        }
    ]
}