{
    "__createdwith": "opl's Model Creator",
    "ambientocclusion": false,
    "textures": {
        "0": "blocks/double_plant_syringa_bottom",
        "particle": "blocks/double_plant_syringa_bottom"
    },
    "elements": [
        {
            "from": [7,0,7],
            "to": [9,16,9],
            "faces": {
                "down": {
                    "uv": [8,15,9,16],
                    "texture": "#0"
                },
                "west": {
                    "texture": "#0"
                },
                "east": {
                    "texture": "#0"
                },
                "north": {
                    "texture": "#0"
                },
                "south": {
                    "texture": "#0"
                }
            }
        },
        {
            "from": [9,3,8],
            "to": [12,4,9],
            "faces": {
                "up": {
                    "uv": [9,12,12,13],
                    "texture": "#0"
                },
                "down": {
                    "uv": [9,12,12,13],
                    "texture": "#0"
                },
                "east": {
                    "texture": "#0"
                },
                "north": {
                    "texture": "#0"
                },
                "south": {
                    "texture": "#0"
                }
            }
        },
        {
            "from": [4,3,7],
            "to": [7,4,8],
            "faces": {
                "up": {
                    "uv": [4,12,7,13],
                    "texture": "#0"
                },
                "down": {
                    "uv": [4,12,7,13],
                    "texture": "#0"
                },
                "west": {
                    "texture": "#0"
                },
                "north": {
                    "texture": "#0"
                },
                "south": {
                    "texture": "#0"
                }
            }
        },
        {
            "from": [7,3,9],
            "to": [8,4,12],
            "faces": {
                "up": {
                    "texture": "#0"
                },
                "down": {
                    "texture": "#0"
                },
                "west": {
                    "texture": "#0"
                },
                "east": {
                    "texture": "#0"
                },
                "south": {
                    "texture": "#0"
                }
            }
        },
        {
            "from": [8,3,4],
            "to": [9,4,7],
            "faces": {
                "up": {
                    "uv": [7,10,8,13],
                    "texture": "#0"
                },
                "down": {
                    "texture": "#0"
                },
                "west": {
                    "texture": "#0"
                },
                "east": {
                    "texture": "#0"
                },
                "north": {
                    "texture": "#0"
                }
            }
        },
        {
            "from": [12,3,8],
            "to": [14,4,9],
            "faces": {
                "up": {
                    "uv": [12,11,13,12],
                    "texture": "#0"
                },
                "down": {
                    "uv": [12,11,13,12],
                    "texture": "#0"
                },
                "west": {
                    "uv": [12,11,13,12],
                    "texture": "#0"
                },
                "east": {
                    "uv": [12,11,13,12],
                    "texture": "#0"
                },
                "north": {
                    "uv": [12,11,13,12],
                    "texture": "#0"
                },
                "south": {
                    "uv": [12,11,13,12],
                    "texture": "#0"
                }
            }
        },
        {
            "from": [12,4,8],
            "to": [13,5,9],
            "faces": {
                "up": {
                    "uv": [12,10,13,11],
                    "texture": "#0"
                },
                "down": {
                    "uv": [13,11,14,12],
                    "texture": "#0"
                },
                "west": {
                    "uv": [12,12,13,13],
                    "texture": "#0"
                },
                "east": {
                    "uv": [11,11,12,12],
                    "texture": "#0"
                },
                "north": {
                    "uv": [13,11,14,12],
                    "texture": "#0"
                },
                "south": {
                    "uv": [13,11,14,12],
                    "texture": "#0"
                }
            }
        },
        {
            "from": [12,2,8],
            "to": [13,3,9],
            "faces": {
                "up": {
                    "uv": [12,10,13,11],
                    "texture": "#0"
                },
                "down": {
                    "uv": [13,11,14,12],
                    "texture": "#0"
                },
                "west": {
                    "uv": [12,12,13,13],
                    "texture": "#0"
                },
                "east": {
                    "uv": [11,11,12,12],
                    "texture": "#0"
                },
                "north": {
                    "uv": [12,10,13,11],
                    "texture": "#0"
                },
                "south": {
                    "uv": [12,12,13,13],
                    "texture": "#0"
                }
            }
        },
        {
            "from": [7,4,12],
            "to": [8,5,13],
            "faces": {
                "up": {
                    "uv": [12,10,13,11],
                    "texture": "#0"
                },
                "down": {
                    "uv": [13,11,14,12],
                    "texture": "#0"
                },
                "west": {
                    "uv": [12,12,13,13],
                    "texture": "#0"
                },
                "east": {
                    "uv": [11,11,12,12],
                    "texture": "#0"
                },
                "north": {
                    "uv": [13,11,14,12],
                    "texture": "#0"
                },
                "south": {
                    "uv": [13,11,14,12],
                    "texture": "#0"
                }
            }
        },
        {
            "from": [7,2,12],
            "to": [8,3,13],
            "faces": {
                "up": {
                    "uv": [12,10,13,11],
                    "texture": "#0"
                },
                "down": {
                    "uv": [13,11,14,12],
                    "texture": "#0"
                },
                "west": {
                    "uv": [12,12,13,13],
                    "texture": "#0"
                },
                "east": {
                    "uv": [11,11,12,12],
                    "texture": "#0"
                },
                "north": {
                    "uv": [13,11,14,12],
                    "texture": "#0"
                },
                "south": {
                    "uv": [13,11,14,12],
                    "texture": "#0"
                }
            }
        },
        {
            "from": [7,3,12],
            "to": [8,4,14],
            "faces": {
                "up": {
                    "uv": [12,11,13,12],
                    "texture": "#0"
                },
                "down": {
                    "uv": [12,11,13,12],
                    "texture": "#0"
                },
                "west": {
                    "uv": [12,11,13,12],
                    "texture": "#0"
                },
                "east": {
                    "uv": [12,11,13,12],
                    "texture": "#0"
                },
                "north": {
                    "uv": [12,11,13,12],
                    "texture": "#0"
                },
                "south": {
                    "uv": [12,11,13,12],
                    "texture": "#0"
                }
            }
        },
        {
            "from": [2,3,7],
            "to": [4,4,8],
            "faces": {
                "up": {
                    "uv": [12,11,13,12],
                    "texture": "#0"
                },
                "down": {
                    "uv": [12,11,13,12],
                    "texture": "#0"
                },
                "west": {
                    "uv": [12,11,13,12],
                    "texture": "#0"
                },
                "east": {
                    "uv": [12,11,13,12],
                    "texture": "#0"
                },
                "north": {
                    "uv": [12,11,13,12],
                    "texture": "#0"
                },
                "south": {
                    "uv": [12,11,13,12],
                    "texture": "#0"
                }
            }
        },
        {
            "from": [3,2,7],
            "to": [4,3,8],
            "faces": {
                "up": {
                    "uv": [12,10,13,11],
                    "texture": "#0"
                },
                "down": {
                    "uv": [13,11,14,12],
                    "texture": "#0"
                },
                "west": {
                    "uv": [12,12,13,13],
                    "texture": "#0"
                },
                "east": {
                    "uv": [11,11,12,12],
                    "texture": "#0"
                },
                "north": {
                    "uv": [13,11,14,12],
                    "texture": "#0"
                },
                "south": {
                    "uv": [13,11,14,12],
                    "texture": "#0"
                }
            }
        },
        {
            "from": [3,4,7],
            "to": [4,5,8],
            "faces": {
                "up": {
                    "uv": [12,10,13,11],
                    "texture": "#0"
                },
                "down": {
                    "uv": [13,11,14,12],
                    "texture": "#0"
                },
                "west": {
                    "uv": [12,12,13,13],
                    "texture": "#0"
                },
                "east": {
                    "uv": [11,11,12,12],
                    "texture": "#0"
                },
                "north": {
                    "uv": [13,11,14,12],
                    "texture": "#0"
                },
                "south": {
                    "uv": [13,11,14,12],
                    "texture": "#0"
                }
            }
        },
        {
            "from": [8,3,2],
            "to": [9,4,4],
            "faces": {
                "up": {
                    "uv": [12,11,13,12],
                    "texture": "#0"
                },
                "down": {
                    "uv": [12,11,13,12],
                    "texture": "#0"
                },
                "west": {
                    "uv": [12,11,13,12],
                    "texture": "#0"
                },
                "east": {
                    "uv": [12,11,13,12],
                    "texture": "#0"
                },
                "north": {
                    "uv": [12,11,13,12],
                    "texture": "#0"
                },
                "south": {
                    "uv": [12,11,13,12],
                    "texture": "#0"
                }
            }
        },
        {
            "from": [8,4,3],
            "to": [9,5,4],
            "faces": {
                "up": {
                    "uv": [12,10,13,11],
                    "texture": "#0"
                },
                "down": {
                    "uv": [13,11,14,12],
                    "texture": "#0"
                },
                "west": {
                    "uv": [12,12,13,13],
                    "texture": "#0"
                },
                "east": {
                    "uv": [11,11,12,12],
                    "texture": "#0"
                },
                "north": {
                    "uv": [12,12,13,13],
                    "texture": "#0"
                },
                "south": {
                    "uv": [12,12,13,13],
                    "texture": "#0"
                }
            }
        },
        {
            "from": [8,2,3],
            "to": [9,3,4],
            "faces": {
                "up": {
                    "uv": [12,10,13,11],
                    "texture": "#0"
                },
                "down": {
                    "uv": [13,11,14,12],
                    "texture": "#0"
                },
                "west": {
                    "uv": [12,12,13,13],
                    "texture": "#0"
                },
                "east": {
                    "uv": [11,11,12,12],
                    "texture": "#0"
                },
                "north": {
                    "uv": [12,10,13,11],
                    "texture": "#0"
                },
                "south": {
                    "uv": [12,12,13,13],
                    "texture": "#0"
                }
            }
        },
        {
            "from": [9,3,3],
            "to": [10,4,4],
            "faces": {
                "up": {
                    "uv": [12,10,13,11],
                    "texture": "#0"
                },
                "down": {
                    "uv": [13,11,14,12],
                    "texture": "#0"
                },
                "west": {
                    "uv": [12,12,13,13],
                    "texture": "#0"
                },
                "east": {
                    "uv": [11,11,12,12],
                    "texture": "#0"
                },
                "north": {
                    "uv": [12,12,13,13],
                    "texture": "#0"
                },
                "south": {
                    "uv": [12,12,13,13],
                    "texture": "#0"
                }
            }
        },
        {
            "from": [7,3,3],
            "to": [8,4,4],
            "faces": {
                "up": {
                    "uv": [12,10,13,11],
                    "texture": "#0"
                },
                "down": {
                    "uv": [13,11,14,12],
                    "texture": "#0"
                },
                "west": {
                    "uv": [12,12,13,13],
                    "texture": "#0"
                },
                "east": {
                    "uv": [11,11,12,12],
                    "texture": "#0"
                },
                "north": {
                    "uv": [12,12,13,13],
                    "texture": "#0"
                },
                "south": {
                    "uv": [12,12,13,13],
                    "texture": "#0"
                }
            }
        },
        {
            "from": [3,3,6],
            "to": [4,4,7],
            "faces": {
                "up": {
                    "uv": [12,10,13,11],
                    "texture": "#0"
                },
                "down": {
                    "uv": [13,11,14,12],
                    "texture": "#0"
                },
                "west": {
                    "uv": [12,12,13,13],
                    "texture": "#0"
                },
                "east": {
                    "uv": [11,11,12,12],
                    "texture": "#0"
                },
                "north": {
                    "uv": [13,11,14,12],
                    "texture": "#0"
                },
                "south": {
                    "uv": [13,11,14,12],
                    "texture": "#0"
                }
            }
        },
        {
            "from": [3,3,8],
            "to": [4,4,9],
            "faces": {
                "up": {
                    "uv": [12,10,13,11],
                    "texture": "#0"
                },
                "down": {
                    "uv": [13,11,14,12],
                    "texture": "#0"
                },
                "west": {
                    "uv": [12,12,13,13],
                    "texture": "#0"
                },
                "east": {
                    "uv": [11,11,12,12],
                    "texture": "#0"
                },
                "north": {
                    "uv": [13,11,14,12],
                    "texture": "#0"
                },
                "south": {
                    "uv": [13,11,14,12],
                    "texture": "#0"
                }
            }
        },
        {
            "from": [12,3,7],
            "to": [13,4,8],
            "faces": {
                "up": {
                    "uv": [12,10,13,11],
                    "texture": "#0"
                },
                "down": {
                    "uv": [13,11,14,12],
                    "texture": "#0"
                },
                "west": {
                    "uv": [12,12,13,13],
                    "texture": "#0"
                },
                "east": {
                    "uv": [11,11,12,12],
                    "texture": "#0"
                },
                "north": {
                    "uv": [13,11,14,12],
                    "texture": "#0"
                },
                "south": {
                    "uv": [13,11,14,12],
                    "texture": "#0"
                }
            }
        },
        {
            "from": [12,3,9],
            "to": [13,4,10],
            "faces": {
                "up": {
                    "uv": [12,10,13,11],
                    "texture": "#0"
                },
                "down": {
                    "uv": [13,11,14,12],
                    "texture": "#0"
                },
                "west": {
                    "uv": [12,12,13,13],
                    "texture": "#0"
                },
                "east": {
                    "uv": [11,11,12,12],
                    "texture": "#0"
                },
                "north": {
                    "uv": [13,11,14,12],
                    "texture": "#0"
                },
                "south": {
                    "uv": [13,11,14,12],
                    "texture": "#0"
                }
            }
        },
        {
            "from": [6,3,12],
            "to": [7,4,13],
            "faces": {
                "up": {
                    "uv": [12,10,13,11],
                    "texture": "#0"
                },
                "down": {
                    "uv": [13,11,14,12],
                    "texture": "#0"
                },
                "west": {
                    "texture": "#0"
                },
                "east": {
                    "uv": [11,11,12,12],
                    "texture": "#0"
                },
                "north": {
                    "uv": [13,11,14,12],
                    "texture": "#0"
                },
                "south": {
                    "uv": [13,11,14,12],
                    "texture": "#0"
                }
            }
        },
        {
            "from": [8,3,12],
            "to": [9,4,13],
            "faces": {
                "up": {
                    "uv": [12,10,13,11],
                    "texture": "#0"
                },
                "down": {
                    "uv": [13,11,14,12],
                    "texture": "#0"
                },
                "west": {
                    "texture": "#0"
                },
                "east": {
                    "uv": [11,11,12,12],
                    "texture": "#0"
                },
                "north": {
                    "uv": [13,11,14,12],
                    "texture": "#0"
                },
                "south": {
                    "uv": [13,11,14,12],
                    "texture": "#0"
                }
            }
        },
        {
            "from": [5,8,7],
            "to": [7,9,8],
            "faces": {
                "up": {
                    "uv": [4,12,7,13],
                    "texture": "#0"
                },
                "down": {
                    "uv": [4,12,7,13],
                    "texture": "#0"
                },
                "west": {
                    "texture": "#0"
                },
                "north": {
                    "uv": [4,2,7,3],
                    "texture": "#0"
                },
                "south": {
                    "uv": [4,2,7,3],
                    "texture": "#0"
                }
            }
        },
        {
            "from": [8,8,5],
            "to": [9,9,7],
            "faces": {
                "up": {
                    "uv": [7,10,8,13],
                    "texture": "#0"
                },
                "down": {
                    "uv": [8,4,9,7],
                    "texture": "#0"
                },
                "west": {
                    "texture": "#0"
                },
                "east": {
                    "uv": [4,2,7,3],
                    "texture": "#0"
                },
                "north": {
                    "texture": "#0"
                }
            }
        },
        {
            "from": [9,8,8],
            "to": [11,9,9],
            "faces": {
                "up": {
                    "uv": [9,2,12,3],
                    "texture": "#0"
                },
                "down": {
                    "uv": [9,12,12,13],
                    "texture": "#0"
                },
                "east": {
                    "texture": "#0"
                },
                "north": {
                    "uv": [9,2,12,3],
                    "texture": "#0"
                },
                "south": {
                    "uv": [9,2,12,3],
                    "texture": "#0"
                }
            }
        },
        {
            "from": [7,8,9],
            "to": [8,9,11],
            "faces": {
                "up": {
                    "uv": [7,9,8,12],
                    "texture": "#0"
                },
                "down": {
                    "texture": "#0"
                },
                "west": {
                    "uv": [9,2,12,3],
                    "texture": "#0"
                },
                "east": {
                    "uv": [9,2,12,3],
                    "texture": "#0"
                },
                "south": {
                    "texture": "#0"
                }
            }
        },
        {
            "from": [7,8,11],
            "to": [8,9,13],
            "faces": {
                "up": {
                    "uv": [12,11,13,12],
                    "texture": "#0"
                },
                "down": {
                    "uv": [12,11,13,12],
                    "texture": "#0"
                },
                "west": {
                    "uv": [12,11,13,12],
                    "texture": "#0"
                },
                "east": {
                    "uv": [12,11,13,12],
                    "texture": "#0"
                },
                "north": {
                    "uv": [12,11,13,12],
                    "texture": "#0"
                },
                "south": {
                    "uv": [12,11,13,12],
                    "texture": "#0"
                }
            }
        },
        {
            "from": [7,9,11],
            "to": [8,10,12],
            "faces": {
                "up": {
                    "uv": [12,10,13,11],
                    "texture": "#0"
                },
                "down": {
                    "uv": [13,11,14,12],
                    "texture": "#0"
                },
                "west": {
                    "uv": [12,12,13,13],
                    "texture": "#0"
                },
                "east": {
                    "uv": [11,11,12,12],
                    "texture": "#0"
                },
                "north": {
                    "uv": [13,11,14,12],
                    "texture": "#0"
                },
                "south": {
                    "uv": [13,11,14,12],
                    "texture": "#0"
                }
            }
        },
        {
            "from": [6,8,11],
            "to": [7,9,12],
            "faces": {
                "up": {
                    "uv": [12,10,13,11],
                    "texture": "#0"
                },
                "down": {
                    "uv": [13,11,14,12],
                    "texture": "#0"
                },
                "west": {
                    "uv": [12,12,13,13],
                    "texture": "#0"
                },
                "east": {
                    "uv": [11,11,12,12],
                    "texture": "#0"
                },
                "north": {
                    "uv": [13,11,14,12],
                    "texture": "#0"
                },
                "south": {
                    "uv": [13,11,14,12],
                    "texture": "#0"
                }
            }
        },
        {
            "from": [7,7,11],
            "to": [8,8,12],
            "faces": {
                "up": {
                    "uv": [12,10,13,11],
                    "texture": "#0"
                },
                "down": {
                    "uv": [13,11,14,12],
                    "texture": "#0"
                },
                "west": {
                    "uv": [12,12,13,13],
                    "texture": "#0"
                },
                "east": {
                    "uv": [11,11,12,12],
                    "texture": "#0"
                },
                "north": {
                    "uv": [13,11,14,12],
                    "texture": "#0"
                },
                "south": {
                    "uv": [13,11,14,12],
                    "texture": "#0"
                }
            }
        },
        {
            "from": [8,8,11],
            "to": [9,9,12],
            "faces": {
                "up": {
                    "uv": [12,10,13,11],
                    "texture": "#0"
                },
                "down": {
                    "uv": [13,11,14,12],
                    "texture": "#0"
                },
                "west": {
                    "uv": [12,12,13,13],
                    "texture": "#0"
                },
                "east": {
                    "uv": [11,11,12,12],
                    "texture": "#0"
                },
                "north": {
                    "uv": [13,11,14,12],
                    "texture": "#0"
                },
                "south": {
                    "uv": [13,11,14,12],
                    "texture": "#0"
                }
            }
        },
        {
            "from": [11,7,8],
            "to": [12,8,9],
            "faces": {
                "up": {
                    "uv": [12,10,13,11],
                    "texture": "#0"
                },
                "down": {
                    "uv": [13,11,14,12],
                    "texture": "#0"
                },
                "west": {
                    "uv": [12,12,13,13],
                    "texture": "#0"
                },
                "east": {
                    "uv": [11,11,12,12],
                    "texture": "#0"
                },
                "north": {
                    "uv": [12,10,13,11],
                    "texture": "#0"
                },
                "south": {
                    "uv": [12,12,13,13],
                    "texture": "#0"
                }
            }
        },
        {
            "from": [11,8,9],
            "to": [12,9,10],
            "faces": {
                "up": {
                    "uv": [12,10,13,11],
                    "texture": "#0"
                },
                "down": {
                    "uv": [13,11,14,12],
                    "texture": "#0"
                },
                "west": {
                    "uv": [12,12,13,13],
                    "texture": "#0"
                },
                "east": {
                    "uv": [11,11,12,12],
                    "texture": "#0"
                },
                "north": {
                    "uv": [13,11,14,12],
                    "texture": "#0"
                },
                "south": {
                    "uv": [13,11,14,12],
                    "texture": "#0"
                }
            }
        },
        {
            "from": [11,9,8],
            "to": [12,10,9],
            "faces": {
                "up": {
                    "uv": [12,10,13,11],
                    "texture": "#0"
                },
                "down": {
                    "uv": [13,11,14,12],
                    "texture": "#0"
                },
                "west": {
                    "uv": [12,12,13,13],
                    "texture": "#0"
                },
                "east": {
                    "uv": [11,11,12,12],
                    "texture": "#0"
                },
                "north": {
                    "uv": [13,11,14,12],
                    "texture": "#0"
                },
                "south": {
                    "uv": [13,11,14,12],
                    "texture": "#0"
                }
            }
        },
        {
            "from": [11,8,7],
            "to": [12,9,8],
            "faces": {
                "up": {
                    "uv": [12,10,13,11],
                    "texture": "#0"
                },
                "down": {
                    "uv": [13,11,14,12],
                    "texture": "#0"
                },
                "west": {
                    "uv": [12,12,13,13],
                    "texture": "#0"
                },
                "east": {
                    "uv": [11,11,12,12],
                    "texture": "#0"
                },
                "north": {
                    "uv": [13,11,14,12],
                    "texture": "#0"
                },
                "south": {
                    "uv": [13,11,14,12],
                    "texture": "#0"
                }
            }
        },
        {
            "from": [11,8,8],
            "to": [13,9,9],
            "faces": {
                "up": {
                    "uv": [12,11,13,12],
                    "texture": "#0"
                },
                "down": {
                    "uv": [12,11,13,12],
                    "texture": "#0"
                },
                "west": {
                    "uv": [12,11,13,12],
                    "texture": "#0"
                },
                "east": {
                    "uv": [12,11,13,12],
                    "texture": "#0"
                },
                "north": {
                    "uv": [12,11,13,12],
                    "texture": "#0"
                },
                "south": {
                    "uv": [12,11,13,12],
                    "texture": "#0"
                }
            }
        },
        {
            "from": [8,8,3],
            "to": [9,9,5],
            "faces": {
                "up": {
                    "uv": [12,11,13,12],
                    "texture": "#0"
                },
                "down": {
                    "uv": [12,11,13,12],
                    "texture": "#0"
                },
                "west": {
                    "uv": [12,11,13,12],
                    "texture": "#0"
                },
                "east": {
                    "uv": [12,11,13,12],
                    "texture": "#0"
                },
                "north": {
                    "uv": [12,11,13,12],
                    "texture": "#0"
                },
                "south": {
                    "uv": [12,11,13,12],
                    "texture": "#0"
                }
            }
        },
        {
            "from": [9,8,4],
            "to": [10,9,5],
            "faces": {
                "up": {
                    "uv": [12,10,13,11],
                    "texture": "#0"
                },
                "down": {
                    "uv": [13,11,14,12],
                    "texture": "#0"
                },
                "west": {
                    "uv": [12,12,13,13],
                    "texture": "#0"
                },
                "east": {
                    "uv": [11,11,12,12],
                    "texture": "#0"
                },
                "north": {
                    "uv": [12,12,13,13],
                    "texture": "#0"
                },
                "south": {
                    "uv": [12,12,13,13],
                    "texture": "#0"
                }
            }
        },
        {
            "from": [8,9,4],
            "to": [9,10,5],
            "faces": {
                "up": {
                    "uv": [12,10,13,11],
                    "texture": "#0"
                },
                "down": {
                    "uv": [13,11,14,12],
                    "texture": "#0"
                },
                "west": {
                    "uv": [12,12,13,13],
                    "texture": "#0"
                },
                "east": {
                    "uv": [11,11,12,12],
                    "texture": "#0"
                },
                "north": {
                    "uv": [12,12,13,13],
                    "texture": "#0"
                },
                "south": {
                    "uv": [12,12,13,13],
                    "texture": "#0"
                }
            }
        },
        {
            "from": [7,8,4],
            "to": [8,9,5],
            "faces": {
                "up": {
                    "uv": [12,10,13,11],
                    "texture": "#0"
                },
                "down": {
                    "uv": [13,11,14,12],
                    "texture": "#0"
                },
                "west": {
                    "uv": [12,12,13,13],
                    "texture": "#0"
                },
                "east": {
                    "uv": [11,11,12,12],
                    "texture": "#0"
                },
                "north": {
                    "uv": [12,12,13,13],
                    "texture": "#0"
                },
                "south": {
                    "uv": [12,12,13,13],
                    "texture": "#0"
                }
            }
        },
        {
            "from": [8,7,4],
            "to": [9,8,5],
            "faces": {
                "up": {
                    "uv": [12,10,13,11],
                    "texture": "#0"
                },
                "down": {
                    "uv": [13,11,14,12],
                    "texture": "#0"
                },
                "west": {
                    "uv": [12,12,13,13],
                    "texture": "#0"
                },
                "east": {
                    "uv": [11,11,12,12],
                    "texture": "#0"
                },
                "north": {
                    "uv": [12,10,13,11],
                    "texture": "#0"
                },
                "south": {
                    "uv": [12,12,13,13],
                    "texture": "#0"
                }
            }
        },
        {
            "from": [3,8,7],
            "to": [5,9,8],
            "faces": {
                "up": {
                    "uv": [12,11,13,12],
                    "texture": "#0"
                },
                "down": {
                    "uv": [12,11,13,12],
                    "texture": "#0"
                },
                "west": {
                    "uv": [12,11,13,12],
                    "texture": "#0"
                },
                "east": {
                    "uv": [12,11,13,12],
                    "texture": "#0"
                },
                "north": {
                    "uv": [12,11,13,12],
                    "texture": "#0"
                },
                "south": {
                    "uv": [12,11,13,12],
                    "texture": "#0"
                }
            }
        },
        {
            "from": [4,8,6],
            "to": [5,9,7],
            "faces": {
                "up": {
                    "uv": [12,10,13,11],
                    "texture": "#0"
                },
                "down": {
                    "uv": [13,11,14,12],
                    "texture": "#0"
                },
                "west": {
                    "uv": [12,12,13,13],
                    "texture": "#0"
                },
                "east": {
                    "uv": [11,11,12,12],
                    "texture": "#0"
                },
                "north": {
                    "uv": [13,11,14,12],
                    "texture": "#0"
                },
                "south": {
                    "uv": [13,11,14,12],
                    "texture": "#0"
                }
            }
        },
        {
            "from": [4,9,7],
            "to": [5,10,8],
            "faces": {
                "up": {
                    "uv": [12,10,13,11],
                    "texture": "#0"
                },
                "down": {
                    "uv": [13,11,14,12],
                    "texture": "#0"
                },
                "west": {
                    "uv": [12,12,13,13],
                    "texture": "#0"
                },
                "east": {
                    "uv": [11,11,12,12],
                    "texture": "#0"
                },
                "north": {
                    "uv": [13,11,14,12],
                    "texture": "#0"
                },
                "south": {
                    "uv": [13,11,14,12],
                    "texture": "#0"
                }
            }
        },
        {
            "from": [4,8,8],
            "to": [5,9,9],
            "faces": {
                "up": {
                    "uv": [12,10,13,11],
                    "texture": "#0"
                },
                "down": {
                    "uv": [13,11,14,12],
                    "texture": "#0"
                },
                "west": {
                    "uv": [12,12,13,13],
                    "texture": "#0"
                },
                "east": {
                    "uv": [11,11,12,12],
                    "texture": "#0"
                },
                "north": {
                    "uv": [13,11,14,12],
                    "texture": "#0"
                },
                "south": {
                    "uv": [13,11,14,12],
                    "texture": "#0"
                }
            }
        },
        {
            "from": [4,7,7],
            "to": [5,8,8],
            "faces": {
                "up": {
                    "uv": [12,10,13,11],
                    "texture": "#0"
                },
                "down": {
                    "uv": [13,11,14,12],
                    "texture": "#0"
                },
                "west": {
                    "uv": [12,12,13,13],
                    "texture": "#0"
                },
                "east": {
                    "uv": [11,11,12,12],
                    "texture": "#0"
                },
                "north": {
                    "uv": [13,11,14,12],
                    "texture": "#0"
                },
                "south": {
                    "uv": [13,11,14,12],
                    "texture": "#0"
                }
            }
        },
        {
            "from": [4,13,7],
            "to": [7,14,8],
            "faces": {
                "up": {
                    "uv": [4,12,7,13],
                    "texture": "#0"
                },
                "down": {
                    "uv": [4,12,7,13],
                    "texture": "#0"
                },
                "west": {
                    "texture": "#0"
                },
                "north": {
                    "texture": "#0"
                },
                "south": {
                    "texture": "#0"
                }
            }
        },
        {
            "from": [8,13,4],
            "to": [9,14,7],
            "faces": {
                "up": {
                    "uv": [7,10,8,13],
                    "texture": "#0"
                },
                "down": {
                    "texture": "#0"
                },
                "west": {
                    "texture": "#0"
                },
                "east": {
                    "texture": "#0"
                },
                "north": {
                    "texture": "#0"
                }
            }
        },
        {
            "from": [9,13,8],
            "to": [12,14,9],
            "faces": {
                "up": {
                    "uv": [9,2,12,3],
                    "texture": "#0"
                },
                "down": {
                    "uv": [9,12,12,13],
                    "texture": "#0"
                },
                "east": {
                    "texture": "#0"
                },
                "north": {
                    "uv": [9,12,12,13],
                    "texture": "#0"
                },
                "south": {
                    "texture": "#0"
                }
            }
        },
        {
            "from": [7,13,9],
            "to": [8,14,12],
            "faces": {
                "up": {
                    "texture": "#0"
                },
                "down": {
                    "texture": "#0"
                },
                "west": {
                    "texture": "#0"
                },
                "east": {
                    "texture": "#0"
                },
                "south": {
                    "texture": "#0"
                }
            }
        },
        {
            "from": [7,13,12],
            "to": [8,14,14],
            "faces": {
                "up": {
                    "uv": [12,11,13,12],
                    "texture": "#0"
                },
                "down": {
                    "uv": [12,11,13,12],
                    "texture": "#0"
                },
                "west": {
                    "uv": [12,11,13,12],
                    "texture": "#0"
                },
                "east": {
                    "uv": [12,11,13,12],
                    "texture": "#0"
                },
                "north": {
                    "uv": [12,11,13,12],
                    "texture": "#0"
                },
                "south": {
                    "uv": [12,11,13,12],
                    "texture": "#0"
                }
            }
        },
        {
            "from": [7,14,12],
            "to": [8,15,13],
            "faces": {
                "up": {
                    "uv": [12,10,13,11],
                    "texture": "#0"
                },
                "down": {
                    "uv": [13,11,14,12],
                    "texture": "#0"
                },
                "west": {
                    "uv": [12,12,13,13],
                    "texture": "#0"
                },
                "east": {
                    "uv": [11,11,12,12],
                    "texture": "#0"
                },
                "north": {
                    "uv": [13,11,14,12],
                    "texture": "#0"
                },
                "south": {
                    "uv": [13,11,14,12],
                    "texture": "#0"
                }
            }
        },
        {
            "from": [6,13,12],
            "to": [7,14,13],
            "faces": {
                "up": {
                    "uv": [12,10,13,11],
                    "texture": "#0"
                },
                "down": {
                    "uv": [13,11,14,12],
                    "texture": "#0"
                },
                "west": {
                    "uv": [12,12,13,13],
                    "texture": "#0"
                },
                "east": {
                    "uv": [11,11,12,12],
                    "texture": "#0"
                },
                "north": {
                    "uv": [13,11,14,12],
                    "texture": "#0"
                },
                "south": {
                    "uv": [13,11,14,12],
                    "texture": "#0"
                }
            }
        },
        {
            "from": [7,12,12],
            "to": [8,13,13],
            "faces": {
                "up": {
                    "uv": [12,10,13,11],
                    "texture": "#0"
                },
                "down": {
                    "uv": [13,11,14,12],
                    "texture": "#0"
                },
                "west": {
                    "uv": [12,12,13,13],
                    "texture": "#0"
                },
                "east": {
                    "uv": [11,11,12,12],
                    "texture": "#0"
                },
                "north": {
                    "uv": [13,11,14,12],
                    "texture": "#0"
                },
                "south": {
                    "uv": [13,11,14,12],
                    "texture": "#0"
                }
            }
        },
        {
            "from": [8,13,12],
            "to": [9,14,13],
            "faces": {
                "up": {
                    "uv": [12,10,13,11],
                    "texture": "#0"
                },
                "down": {
                    "uv": [13,11,14,12],
                    "texture": "#0"
                },
                "west": {
                    "uv": [12,12,13,13],
                    "texture": "#0"
                },
                "east": {
                    "uv": [11,11,12,12],
                    "texture": "#0"
                },
                "north": {
                    "uv": [13,11,14,12],
                    "texture": "#0"
                },
                "south": {
                    "uv": [13,11,14,12],
                    "texture": "#0"
                }
            }
        },
        {
            "from": [12,12,8],
            "to": [13,13,9],
            "faces": {
                "up": {
                    "uv": [12,10,13,11],
                    "texture": "#0"
                },
                "down": {
                    "uv": [13,11,14,12],
                    "texture": "#0"
                },
                "west": {
                    "uv": [12,12,13,13],
                    "texture": "#0"
                },
                "east": {
                    "uv": [11,11,12,12],
                    "texture": "#0"
                },
                "north": {
                    "uv": [12,10,13,11],
                    "texture": "#0"
                },
                "south": {
                    "uv": [12,12,13,13],
                    "texture": "#0"
                }
            }
        },
        {
            "from": [12,13,9],
            "to": [13,14,10],
            "faces": {
                "up": {
                    "uv": [12,10,13,11],
                    "texture": "#0"
                },
                "down": {
                    "uv": [13,11,14,12],
                    "texture": "#0"
                },
                "west": {
                    "uv": [12,12,13,13],
                    "texture": "#0"
                },
                "east": {
                    "uv": [11,11,12,12],
                    "texture": "#0"
                },
                "north": {
                    "uv": [13,11,14,12],
                    "texture": "#0"
                },
                "south": {
                    "uv": [13,11,14,12],
                    "texture": "#0"
                }
            }
        },
        {
            "from": [12,14,8],
            "to": [13,15,9],
            "faces": {
                "up": {
                    "uv": [12,10,13,11],
                    "texture": "#0"
                },
                "down": {
                    "uv": [13,11,14,12],
                    "texture": "#0"
                },
                "west": {
                    "uv": [12,12,13,13],
                    "texture": "#0"
                },
                "east": {
                    "uv": [11,11,12,12],
                    "texture": "#0"
                },
                "north": {
                    "uv": [13,11,14,12],
                    "texture": "#0"
                },
                "south": {
                    "uv": [13,11,14,12],
                    "texture": "#0"
                }
            }
        },
        {
            "from": [12,13,7],
            "to": [13,14,8],
            "faces": {
                "up": {
                    "uv": [12,10,13,11],
                    "texture": "#0"
                },
                "down": {
                    "uv": [13,11,14,12],
                    "texture": "#0"
                },
                "west": {
                    "uv": [12,12,13,13],
                    "texture": "#0"
                },
                "east": {
                    "uv": [11,11,12,12],
                    "texture": "#0"
                },
                "north": {
                    "uv": [13,11,14,12],
                    "texture": "#0"
                },
                "south": {
                    "uv": [13,11,14,12],
                    "texture": "#0"
                }
            }
        },
        {
            "from": [12,13,8],
            "to": [14,14,9],
            "faces": {
                "up": {
                    "uv": [12,11,13,12],
                    "texture": "#0"
                },
                "down": {
                    "uv": [12,11,13,12],
                    "texture": "#0"
                },
                "west": {
                    "uv": [12,11,13,12],
                    "texture": "#0"
                },
                "east": {
                    "uv": [12,11,13,12],
                    "texture": "#0"
                },
                "north": {
                    "uv": [12,11,13,12],
                    "texture": "#0"
                },
                "south": {
                    "uv": [12,11,13,12],
                    "texture": "#0"
                }
            }
        },
        {
            "from": [8,13,2],
            "to": [9,14,4],
            "faces": {
                "up": {
                    "uv": [12,11,13,12],
                    "texture": "#0"
                },
                "down": {
                    "uv": [12,11,13,12],
                    "texture": "#0"
                },
                "west": {
                    "uv": [12,11,13,12],
                    "texture": "#0"
                },
                "east": {
                    "uv": [12,11,13,12],
                    "texture": "#0"
                },
                "north": {
                    "uv": [12,11,13,12],
                    "texture": "#0"
                },
                "south": {
                    "uv": [12,11,13,12],
                    "texture": "#0"
                }
            }
        },
        {
            "from": [9,13,3],
            "to": [10,14,4],
            "faces": {
                "up": {
                    "uv": [12,10,13,11],
                    "texture": "#0"
                },
                "down": {
                    "uv": [13,11,14,12],
                    "texture": "#0"
                },
                "west": {
                    "uv": [12,12,13,13],
                    "texture": "#0"
                },
                "east": {
                    "uv": [11,11,12,12],
                    "texture": "#0"
                },
                "north": {
                    "uv": [12,12,13,13],
                    "texture": "#0"
                },
                "south": {
                    "uv": [12,12,13,13],
                    "texture": "#0"
                }
            }
        },
        {
            "from": [8,14,3],
            "to": [9,15,4],
            "faces": {
                "up": {
                    "uv": [12,10,13,11],
                    "texture": "#0"
                },
                "down": {
                    "uv": [13,11,14,12],
                    "texture": "#0"
                },
                "west": {
                    "uv": [12,12,13,13],
                    "texture": "#0"
                },
                "east": {
                    "uv": [11,11,12,12],
                    "texture": "#0"
                },
                "north": {
                    "uv": [12,12,13,13],
                    "texture": "#0"
                },
                "south": {
                    "uv": [12,12,13,13],
                    "texture": "#0"
                }
            }
        },
        {
            "from": [7,13,3],
            "to": [8,14,4],
            "faces": {
                "up": {
                    "uv": [12,10,13,11],
                    "texture": "#0"
                },
                "down": {
                    "uv": [13,11,14,12],
                    "texture": "#0"
                },
                "west": {
                    "uv": [12,12,13,13],
                    "texture": "#0"
                },
                "east": {
                    "uv": [11,11,12,12],
                    "texture": "#0"
                },
                "north": {
                    "uv": [12,12,13,13],
                    "texture": "#0"
                },
                "south": {
                    "uv": [12,12,13,13],
                    "texture": "#0"
                }
            }
        },
        {
            "from": [8,12,3],
            "to": [9,13,4],
            "faces": {
                "up": {
                    "uv": [12,10,13,11],
                    "texture": "#0"
                },
                "down": {
                    "uv": [13,11,14,12],
                    "texture": "#0"
                },
                "west": {
                    "uv": [12,12,13,13],
                    "texture": "#0"
                },
                "east": {
                    "uv": [11,11,12,12],
                    "texture": "#0"
                },
                "north": {
                    "uv": [12,10,13,11],
                    "texture": "#0"
                },
                "south": {
                    "uv": [12,12,13,13],
                    "texture": "#0"
                }
            }
        },
        {
            "from": [2,13,7],
            "to": [4,14,8],
            "faces": {
                "up": {
                    "uv": [12,11,13,12],
                    "texture": "#0"
                },
                "down": {
                    "uv": [12,11,13,12],
                    "texture": "#0"
                },
                "west": {
                    "uv": [12,11,13,12],
                    "texture": "#0"
                },
                "east": {
                    "uv": [12,11,13,12],
                    "texture": "#0"
                },
                "north": {
                    "uv": [12,11,13,12],
                    "texture": "#0"
                },
                "south": {
                    "uv": [12,11,13,12],
                    "texture": "#0"
                }
            }
        },
        {
            "from": [3,13,6],
            "to": [4,14,7],
            "faces": {
                "up": {
                    "uv": [12,10,13,11],
                    "texture": "#0"
                },
                "down": {
                    "uv": [13,11,14,12],
                    "texture": "#0"
                },
                "west": {
                    "uv": [12,12,13,13],
                    "texture": "#0"
                },
                "east": {
                    "uv": [11,11,12,12],
                    "texture": "#0"
                },
                "north": {
                    "uv": [13,11,14,12],
                    "texture": "#0"
                },
                "south": {
                    "uv": [13,11,14,12],
                    "texture": "#0"
                }
            }
        },
        {
            "from": [3,14,7],
            "to": [4,15,8],
            "faces": {
                "up": {
                    "uv": [12,10,13,11],
                    "texture": "#0"
                },
                "down": {
                    "uv": [13,11,14,12],
                    "texture": "#0"
                },
                "west": {
                    "uv": [12,12,13,13],
                    "texture": "#0"
                },
                "east": {
                    "uv": [11,11,12,12],
                    "texture": "#0"
                },
                "north": {
                    "uv": [13,11,14,12],
                    "texture": "#0"
                },
                "south": {
                    "uv": [13,11,14,12],
                    "texture": "#0"
                }
            }
        },
        {
            "from": [3,13,8],
            "to": [4,14,9],
            "faces": {
                "up": {
                    "uv": [12,10,13,11],
                    "texture": "#0"
                },
                "down": {
                    "uv": [13,11,14,12],
                    "texture": "#0"
                },
                "west": {
                    "uv": [12,12,13,13],
                    "texture": "#0"
                },
                "east": {
                    "uv": [11,11,12,12],
                    "texture": "#0"
                },
                "north": {
                    "uv": [13,11,14,12],
                    "texture": "#0"
                },
                "south": {
                    "uv": [13,11,14,12],
                    "texture": "#0"
                }
            }
        },
        {
            "from": [3,12,7],
            "to": [4,13,8],
            "faces": {
                "up": {
                    "uv": [12,10,13,11],
                    "texture": "#0"
                },
                "down": {
                    "uv": [13,11,14,12],
                    "texture": "#0"
                },
                "west": {
                    "uv": [12,12,13,13],
                    "texture": "#0"
                },
                "east": {
                    "uv": [11,11,12,12],
                    "texture": "#0"
                },
                "north": {
                    "uv": [13,11,14,12],
                    "texture": "#0"
                },
                "south": {
                    "uv": [13,11,14,12],
                    "texture": "#0"
                }
            }
        }
    ]
}