{
    "__createdwith": "opl's Model Creator",
    "ambientocclusion": false,
    "textures": {
        "0": "blocks/double_plant_sunflower_bottom",
        "particle": "blocks/double_plant_sunflower_bottom"
    },
    "elements": [
        {
            "from": [7,0,7],
            "to": [9,16,9],
            "faces": {
                "down": {
                    "uv": [8,15,9,16],
                    "texture": "#0"
                },
                "west": {
                    "texture": "#0"
                },
                "east": {
                    "texture": "#0"
                },
                "north": {
                    "texture": "#0"
                },
                "south": {
                    "texture": "#0"
                }
            }
        },
        {
            "from": [4,10,3],
            "to": [8,11,7],
            "faces": {
                "up": {
                    "uv": [5,3,6,4],
                    "texture": "#0"
                },
                "down": {
                    "uv": [5,3,6,4],
                    "texture": "#0"
                },
                "west": {
                    "uv": [5,4,7,5],
                    "texture": "#0"
                },
                "east": {
                    "uv": [5,4,7,5],
                    "texture": "#0"
                },
                "north": {
                    "uv": [5,4,7,5],
                    "texture": "#0"
                },
                "south": {
                    "uv": [5,4,7,5],
                    "texture": "#0"
                }
            }
        },
        {
            "from": [9,7,4],
            "to": [13,8,8],
            "faces": {
                "up": {
                    "uv": [5,3,6,4],
                    "texture": "#0"
                },
                "down": {
                    "uv": [5,3,6,4],
                    "texture": "#0"
                },
                "west": {
                    "uv": [5,4,7,5],
                    "texture": "#0"
                },
                "east": {
                    "uv": [5,4,7,5],
                    "texture": "#0"
                },
                "north": {
                    "uv": [5,4,7,5],
                    "texture": "#0"
                },
                "south": {
                    "uv": [5,4,7,5],
                    "texture": "#0"
                }
            }
        },
        {
            "from": [8,13,9],
            "to": [12,14,13],
            "faces": {
                "up": {
                    "uv": [5,3,6,4],
                    "texture": "#0"
                },
                "down": {
                    "uv": [5,3,6,4],
                    "texture": "#0"
                },
                "west": {
                    "uv": [5,4,7,5],
                    "texture": "#0"
                },
                "east": {
                    "uv": [5,4,7,5],
                    "texture": "#0"
                },
                "north": {
                    "uv": [5,4,7,5],
                    "texture": "#0"
                },
                "south": {
                    "uv": [5,4,7,5],
                    "texture": "#0"
                }
            }
        },
        {
            "from": [3,5,8],
            "to": [7,6,12],
            "faces": {
                "up": {
                    "uv": [5,3,6,4],
                    "texture": "#0"
                },
                "down": {
                    "uv": [5,3,6,4],
                    "texture": "#0"
                },
                "west": {
                    "uv": [5,4,7,5],
                    "texture": "#0"
                },
                "east": {
                    "uv": [5,4,7,5],
                    "texture": "#0"
                },
                "north": {
                    "uv": [5,4,7,5],
                    "texture": "#0"
                },
                "south": {
                    "uv": [5,4,7,5],
                    "texture": "#0"
                }
            }
        }
    ]
}