{
    "__createdwith": "opl's Model Creator",
    "ambientocclusion": false,
    "textures": {
        "0": "blocks/flower_pot",
        "1": "blocks/dirt",
        "2": "blocks/flower_oxeye_daisy",
        "particle": "blocks/flower_pot"
    },
    "elements": [
        {
            "from": [7,13,7],
            "to": [9,15,9],
            "faces": {
                "up": {
                    "uv": [8,4,9,5],
                    "texture": "#2"
                },
                "down": {
                    "uv": [8,5,9,6],
                    "texture": "#2"
                },
                "west": {
                    "uv": [7,4,9,5],
                    "texture": "#2"
                },
                "east": {
                    "uv": [7,4,9,5],
                    "texture": "#2"
                },
                "north": {
                    "uv": [7,4,9,5],
                    "texture": "#2"
                },
                "south": {
                    "uv": [7,4,8,5],
                    "texture": "#2"
                }
            }
        },
        {
            "from": [5,13,7],
            "to": [7,14,9],
            "faces": {
                "up": {
                    "uv": [9,3,11,5],
                    "texture": "#2"
                },
                "down": {
                    "uv": [9,3,11,5],
                    "texture": "#2"
                },
                "west": {
                    "uv": [5,3,7,5],
                    "texture": "#2"
                },
                "east": {
                    "uv": [8,3,9,6],
                    "texture": "#2"
                },
                "north": {
                    "uv": [9,3,11,5],
                    "texture": "#2"
                },
                "south": {
                    "uv": [9,3,11,5],
                    "texture": "#2"
                }
            }
        },
        {
            "from": [6,13,6],
            "to": [7,14,7],
            "faces": {
                "up": {
                    "uv": [8,5,9,6],
                    "texture": "#2"
                },
                "down": {
                    "uv": [8,5,9,6],
                    "texture": "#2"
                },
                "west": {
                    "uv": [8,5,9,6],
                    "texture": "#2"
                },
                "east": {
                    "uv": [7,5,9,6],
                    "texture": "#2"
                },
                "north": {
                    "uv": [8,5,9,6],
                    "texture": "#2"
                },
                "south": {
                    "uv": [8,5,9,6],
                    "texture": "#2"
                }
            }
        },
        {
            "from": [7,13,5],
            "to": [9,14,7],
            "faces": {
                "up": {
                    "uv": [9,3,11,5],
                    "texture": "#2"
                },
                "down": {
                    "uv": [9,3,11,5],
                    "texture": "#2"
                },
                "west": {
                    "uv": [9,3,11,5],
                    "texture": "#2"
                },
                "east": {
                    "uv": [9,3,11,5],
                    "texture": "#2"
                },
                "north": {
                    "uv": [9,3,11,5],
                    "texture": "#2"
                },
                "south": {
                    "uv": [8,3,9,6],
                    "texture": "#2"
                }
            }
        },
        {
            "from": [9,13,6],
            "to": [10,14,7],
            "faces": {
                "up": {
                    "uv": [8,5,9,6],
                    "texture": "#2"
                },
                "down": {
                    "uv": [8,5,9,6],
                    "texture": "#2"
                },
                "west": {
                    "uv": [8,3,9,6],
                    "texture": "#2"
                },
                "east": {
                    "uv": [7,5,9,6],
                    "texture": "#2"
                },
                "north": {
                    "uv": [8,5,9,6],
                    "texture": "#2"
                },
                "south": {
                    "uv": [8,5,9,6],
                    "texture": "#2"
                }
            }
        },
        {
            "from": [6,13,9],
            "to": [7,14,10],
            "faces": {
                "up": {
                    "uv": [8,5,9,6],
                    "texture": "#2"
                },
                "down": {
                    "uv": [8,5,9,6],
                    "texture": "#2"
                },
                "west": {
                    "uv": [8,5,9,6],
                    "texture": "#2"
                },
                "east": {
                    "uv": [7,5,9,6],
                    "texture": "#2"
                },
                "north": {
                    "uv": [8,5,9,6],
                    "texture": "#2"
                },
                "south": {
                    "uv": [8,5,9,6],
                    "texture": "#2"
                }
            }
        },
        {
            "from": [7,13,9],
            "to": [9,14,11],
            "faces": {
                "up": {
                    "uv": [9,3,11,5],
                    "texture": "#2"
                },
                "down": {
                    "uv": [9,3,11,5],
                    "texture": "#2"
                },
                "west": {
                    "uv": [9,3,11,5],
                    "texture": "#2"
                },
                "east": {
                    "uv": [9,3,11,5],
                    "texture": "#2"
                },
                "north": {
                    "uv": [8,3,9,6],
                    "texture": "#2"
                },
                "south": {
                    "uv": [9,3,11,5],
                    "texture": "#2"
                }
            }
        },
        {
            "from": [9,13,9],
            "to": [10,14,10],
            "faces": {
                "up": {
                    "uv": [8,5,9,6],
                    "texture": "#2"
                },
                "down": {
                    "uv": [8,5,9,6],
                    "texture": "#2"
                },
                "west": {
                    "uv": [8,3,9,6],
                    "texture": "#2"
                },
                "east": {
                    "uv": [7,5,9,6],
                    "texture": "#2"
                },
                "north": {
                    "uv": [8,3,9,6],
                    "texture": "#2"
                },
                "south": {
                    "uv": [8,5,9,6],
                    "texture": "#2"
                }
            }
        },
        {
            "from": [9,13,7],
            "to": [11,14,9],
            "faces": {
                "up": {
                    "uv": [9,3,11,5],
                    "texture": "#2"
                },
                "down": {
                    "uv": [9,3,11,5],
                    "texture": "#2"
                },
                "west": {
                    "uv": [8,3,9,6],
                    "texture": "#2"
                },
                "east": {
                    "uv": [9,3,11,5],
                    "texture": "#2"
                },
                "north": {
                    "uv": [9,3,11,5],
                    "texture": "#2"
                },
                "south": {
                    "uv": [9,3,11,5],
                    "texture": "#2"
                }
            }
        },
        {
            "from": [6,12,6],
            "to": [10,13,10],
            "faces": {
                "up": {
                    "uv": [8,6,9,7],
                    "texture": "#2"
                },
                "down": {
                    "uv": [7,7,9,8],
                    "texture": "#2"
                },
                "west": {
                    "uv": [7,7,9,8],
                    "texture": "#2"
                },
                "east": {
                    "uv": [7,7,9,8],
                    "texture": "#2"
                },
                "north": {
                    "uv": [7,7,9,8],
                    "texture": "#2"
                },
                "south": {
                    "uv": [7,7,9,8],
                    "texture": "#2"
                }
            }
        },
        {
            "from": [7,3,7],
            "to": [9,12,9],
            "faces": {
                "up": {
                    "uv": [7,15,8,16],
                    "texture": "#2"
                },
                "down": {
                    "uv": [8,14,10,16],
                    "texture": "#2"
                },
                "west": {
                    "uv": [7,7,9,16],
                    "texture": "#2"
                },
                "east": {
                    "uv": [7,7,9,16],
                    "texture": "#2"
                },
                "north": {
                    "uv": [7,7,9,16],
                    "texture": "#2"
                },
                "south": {
                    "uv": [7,7,9,16],
                    "texture": "#2"
                }
            }
        },
        {
            "from": [8,9,9],
            "to": [9,10,10],
            "faces": {
                "up": {
                    "uv": [8,11,9,12],
                    "texture": "#2"
                },
                "down": {
                    "texture": "#2"
                },
                "west": {
                    "uv": [8,9,9,10],
                    "texture": "#2"
                },
                "east": {
                    "uv": [9,8,10,9],
                    "texture": "#2"
                },
                "north": {
                    "uv": [9,11,10,12],
                    "texture": "#2"
                },
                "south": {
                    "uv": [9,11,10,12],
                    "texture": "#2"
                }
            }
        },
        {
            "from": [7,9,10],
            "to": [9,10,12],
            "faces": {
                "up": {
                    "uv": [7,8,9,10],
                    "texture": "#2"
                },
                "down": {
                    "texture": "#2"
                },
                "west": {
                    "uv": [7,10,9,12],
                    "texture": "#2"
                },
                "east": {
                    "uv": [7,10,9,12],
                    "texture": "#2"
                },
                "north": {
                    "uv": [7,10,9,12],
                    "texture": "#2"
                },
                "south": {
                    "uv": [7,9,9,11],
                    "texture": "#2"
                }
            }
        },
        {
            "from": [7,8,4],
            "to": [9,9,6],
            "faces": {
                "up": {
                    "uv": [7,10,9,12],
                    "texture": "#2"
                },
                "down": {
                    "uv": [7,8,9,10],
                    "texture": "#2"
                },
                "west": {
                    "uv": [7,8,9,10],
                    "texture": "#2"
                },
                "east": {
                    "uv": [7,8,9,10],
                    "texture": "#2"
                },
                "north": {
                    "uv": [7,8,9,10],
                    "texture": "#2"
                },
                "south": {
                    "texture": "#2"
                }
            }
        },
        {
            "from": [7,8,6],
            "to": [8,9,7],
            "faces": {
                "up": {
                    "uv": [9,8,10,9],
                    "texture": "#2"
                },
                "down": {
                    "uv": [7,9,8,10],
                    "texture": "#2"
                },
                "west": {
                    "uv": [7,10,8,11],
                    "texture": "#2"
                },
                "east": {
                    "uv": [7,10,8,11],
                    "texture": "#2"
                },
                "north": {
                    "uv": [9,11,10,12],
                    "texture": "#2"
                },
                "south": {
                    "uv": [9,11,10,12],
                    "texture": "#2"
                }
            }
        },
        {
            "from": [4,7,7],
            "to": [6,8,9],
            "faces": {
                "up": {
                    "uv": [7,8,9,10],
                    "texture": "#2"
                },
                "down": {
                    "uv": [7,10,9,12],
                    "texture": "#2"
                },
                "west": {
                    "texture": "#2"
                },
                "east": {
                    "texture": "#2"
                },
                "north": {
                    "uv": [7,11,9,12],
                    "texture": "#2"
                },
                "south": {
                    "uv": [7,10,9,11],
                    "texture": "#2"
                }
            }
        },
        {
            "from": [6,7,8],
            "to": [7,8,9],
            "faces": {
                "up": {
                    "texture": "#2"
                },
                "down": {
                    "texture": "#2"
                },
                "west": {
                    "uv": [9,7,10,13],
                    "texture": "#2"
                },
                "east": {
                    "uv": [9,7,10,13],
                    "texture": "#2"
                },
                "north": {
                    "uv": [7,11,8,12],
                    "texture": "#2"
                },
                "south": {
                    "uv": [9,8,10,9],
                    "texture": "#2"
                }
            }
        },
        {
            "from": [10,6,7],
            "to": [12,7,9],
            "faces": {
                "up": {
                    "uv": [7,8,9,10],
                    "texture": "#2"
                },
                "down": {
                    "uv": [7,10,9,12],
                    "texture": "#2"
                },
                "west": {
                    "texture": "#2"
                },
                "east": {
                    "texture": "#2"
                },
                "north": {
                    "uv": [7,12,9,13],
                    "texture": "#2"
                },
                "south": {
                    "uv": [7,12,9,13],
                    "texture": "#2"
                }
            }
        },
        {
            "from": [9,6,7],
            "to": [10,7,8],
            "faces": {
                "up": {
                    "uv": [8,8,9,9],
                    "texture": "#2"
                },
                "down": {
                    "uv": [8,14,9,15],
                    "texture": "#2"
                },
                "west": {
                    "uv": [9,7,10,13],
                    "texture": "#2"
                },
                "east": {
                    "uv": [9,7,10,13],
                    "texture": "#2"
                },
                "north": {
                    "uv": [8,11,9,12],
                    "texture": "#2"
                },
                "south": {
                    "uv": [8,12,9,13],
                    "texture": "#2"
                }
            }
        },
        {
            "from": [5,0,5],
            "to": [11,6,6],
            "faces": {
                "up": {
                    "texture": "#0"
                },
                "down": {
                    "texture": "#0"
                },
                "west": {
                    "texture": "#0"
                },
                "east": {
                    "texture": "#0"
                },
                "north": {
                    "texture": "#0"
                },
                "south": {
                    "texture": "#0"
                }
            }
        },
        {
            "from": [6,0,6],
            "to": [10,4,10],
            "faces": {
                "up": {
                    "texture": "#1"
                }
            }
        },
        {
            "from": [5,0,6],
            "to": [6,6,10],
            "faces": {
                "up": {
                    "texture": "#0"
                },
                "down": {
                    "texture": "#0"
                },
                "west": {
                    "texture": "#0"
                },
                "east": {
                    "texture": "#0"
                },
                "north": {
                    "texture": "#0"
                },
                "south": {
                    "texture": "#0"
                }
            }
        },
        {
            "from": [5,0,10],
            "to": [11,6,11],
            "faces": {
                "up": {
                    "texture": "#0"
                },
                "down": {
                    "texture": "#0"
                },
                "west": {
                    "texture": "#0"
                },
                "east": {
                    "texture": "#0"
                },
                "north": {
                    "texture": "#0"
                },
                "south": {
                    "texture": "#0"
                }
            }
        },
        {
            "from": [10,0,6],
            "to": [11,6,10],
            "faces": {
                "up": {
                    "texture": "#0"
                },
                "down": {
                    "texture": "#0"
                },
                "west": {
                    "texture": "#0"
                },
                "east": {
                    "texture": "#0"
                },
                "north": {
                    "texture": "#0"
                },
                "south": {
                    "texture": "#0"
                }
            }
        }
    ]
}