{
    "__createdwith": "opl's Model Creator",
    "ambientocclusion": false,
    "textures": {
        "0": "blocks/flower_pot",
        "1": "blocks/dirt",
        "2": "blocks/flower_dandelion",
        "particle": "blocks/flower_pot"
    },
    "elements": [
        {
            "from": [7,10,9],
            "to": [9,13,10],
            "faces": {
                "up": {
                    "uv": [6,10,7,11],
                    "texture": "#2"
                },
                "down": {
                    "uv": [6,10,7,11],
                    "texture": "#0"
                },
                "west": {
                    "uv": [6,10,7,11],
                    "texture": "#2"
                },
                "east": {
                    "uv": [5,9,6,10],
                    "texture": "#2"
                },
                "north": {
                    "uv": [6,10,7,11],
                    "texture": "#2"
                },
                "south": {
                    "uv": [7,5,8,6],
                    "texture": "#2"
                }
            }
        },
        {
            "from": [7,10,7],
            "to": [9,12,9],
            "faces": {
                "up": {
                    "uv": [5,10,6,11],
                    "texture": "#2"
                }
            }
        },
        {
            "from": [6,10,7],
            "to": [7,13,9],
            "faces": {
                "up": {
                    "uv": [6,10,7,11],
                    "texture": "#2"
                },
                "down": {
                    "uv": [6,10,7,11],
                    "texture": "#0"
                },
                "west": {
                    "uv": [6,10,7,11],
                    "texture": "#2"
                },
                "east": {
                    "uv": [6,10,7,11],
                    "texture": "#2"
                },
                "north": {
                    "uv": [6,10,7,11],
                    "texture": "#2"
                },
                "south": {
                    "uv": [6,10,7,11],
                    "texture": "#2"
                }
            }
        },
        {
            "from": [7,10,6],
            "to": [9,13,7],
            "faces": {
                "up": {
                    "uv": [6,10,7,11],
                    "texture": "#2"
                },
                "down": {
                    "uv": [6,10,7,11],
                    "texture": "#0"
                },
                "west": {
                    "uv": [6,10,7,11],
                    "texture": "#2"
                },
                "east": {
                    "uv": [6,10,7,11],
                    "texture": "#2"
                },
                "north": {
                    "uv": [6,10,7,11],
                    "texture": "#2"
                },
                "south": {
                    "uv": [6,10,7,11],
                    "texture": "#2"
                }
            }
        },
        {
            "from": [9,10,7],
            "to": [10,13,9],
            "faces": {
                "up": {
                    "uv": [6,10,7,11],
                    "texture": "#2"
                },
                "down": {
                    "uv": [6,10,7,11],
                    "texture": "#0"
                },
                "west": {
                    "uv": [6,10,7,11],
                    "texture": "#2"
                },
                "east": {
                    "uv": [6,10,7,11],
                    "texture": "#2"
                },
                "north": {
                    "uv": [6,10,7,11],
                    "texture": "#2"
                },
                "south": {
                    "uv": [6,10,7,11],
                    "texture": "#2"
                }
            }
        },
        {
            "from": [6,10,9],
            "to": [7,12,10],
            "faces": {
                "up": {
                    "uv": [5,10,6,11],
                    "texture": "#2"
                },
                "west": {
                    "uv": [5,10,6,11],
                    "texture": "#2"
                },
                "south": {
                    "uv": [5,10,6,11],
                    "texture": "#2"
                }
            }
        },
        {
            "from": [6,10,6],
            "to": [7,12,7],
            "faces": {
                "up": {
                    "uv": [5,10,6,11],
                    "texture": "#2"
                },
                "west": {
                    "uv": [5,10,6,11],
                    "texture": "#2"
                },
                "north": {
                    "uv": [5,10,6,11],
                    "texture": "#2"
                }
            }
        },
        {
            "from": [9,10,9],
            "to": [10,12,10],
            "faces": {
                "up": {
                    "uv": [5,10,6,11],
                    "texture": "#2"
                },
                "east": {
                    "uv": [5,10,6,11],
                    "texture": "#2"
                },
                "south": {
                    "uv": [5,10,6,11],
                    "texture": "#2"
                }
            }
        },
        {
            "from": [6,9,6],
            "to": [10,10,10],
            "faces": {
                "up": {
                    "uv": [5,10,6,11],
                    "texture": "#0"
                },
                "down": {
                    "uv": [5,10,6,11],
                    "texture": "#2"
                },
                "west": {
                    "uv": [5,10,6,11],
                    "texture": "#2"
                },
                "east": {
                    "uv": [5,10,6,11],
                    "texture": "#2"
                },
                "north": {
                    "uv": [5,10,6,11],
                    "texture": "#2"
                },
                "south": {
                    "uv": [5,10,6,11],
                    "texture": "#2"
                }
            }
        },
        {
            "from": [9,10,6],
            "to": [10,12,7],
            "faces": {
                "up": {
                    "uv": [5,10,6,11],
                    "texture": "#2"
                },
                "east": {
                    "uv": [5,10,6,11],
                    "texture": "#2"
                },
                "north": {
                    "uv": [5,10,6,11],
                    "texture": "#2"
                }
            }
        },
        {
            "from": [7,4,7],
            "to": [9,9,9],
            "faces": {
                "up": {
                    "uv": [7,15,8,16],
                    "texture": "#0"
                },
                "down": {
                    "uv": [8,15,9,16],
                    "texture": "#0"
                },
                "west": {
                    "uv": [7,11,8,16],
                    "texture": "#2"
                },
                "east": {
                    "uv": [7,11,8,16],
                    "texture": "#2"
                },
                "north": {
                    "uv": [7,11,8,16],
                    "texture": "#2"
                },
                "south": {
                    "uv": [7,11,8,16],
                    "texture": "#2"
                }
            }
        },
        {
            "from": [9,6,7],
            "to": [10,7,8],
            "faces": {
                "up": {
                    "uv": [7,12,8,13],
                    "texture": "#2"
                },
                "down": {
                    "uv": [7,12,8,13],
                    "texture": "#0"
                },
                "west": {
                    "uv": [10,12,11,13],
                    "texture": "#0"
                },
                "east": {
                    "uv": [10,12,11,13],
                    "texture": "#0"
                },
                "north": {
                    "uv": [7,12,8,13],
                    "texture": "#2"
                },
                "south": {
                    "uv": [7,12,8,13],
                    "texture": "#2"
                }
            }
        },
        {
            "from": [10,6,6],
            "to": [12,8,8],
            "faces": {
                "up": {
                    "uv": [10,11,11,12],
                    "texture": "#2"
                },
                "down": {
                    "uv": [10,11,11,12],
                    "texture": "#2"
                },
                "west": {
                    "uv": [10,11,11,12],
                    "texture": "#2"
                },
                "east": {
                    "uv": [10,11,11,12],
                    "texture": "#2"
                },
                "north": {
                    "uv": [10,11,11,12],
                    "texture": "#2"
                },
                "south": {
                    "uv": [10,11,11,12],
                    "texture": "#2"
                }
            }
        },
        {
            "from": [8,6,10],
            "to": [10,8,12],
            "faces": {
                "up": {
                    "uv": [10,11,11,12],
                    "texture": "#2"
                },
                "down": {
                    "uv": [10,11,11,12],
                    "texture": "#2"
                },
                "west": {
                    "uv": [10,11,11,12],
                    "texture": "#2"
                },
                "east": {
                    "uv": [10,11,11,12],
                    "texture": "#2"
                },
                "north": {
                    "uv": [10,11,11,12],
                    "texture": "#2"
                },
                "south": {
                    "uv": [10,11,11,12],
                    "texture": "#2"
                }
            }
        },
        {
            "from": [8,6,9],
            "to": [9,7,10],
            "faces": {
                "up": {
                    "uv": [7,12,8,13],
                    "texture": "#2"
                },
                "down": {
                    "uv": [7,12,8,13],
                    "texture": "#0"
                },
                "west": {
                    "uv": [7,12,8,13],
                    "texture": "#2"
                },
                "east": {
                    "uv": [7,12,8,13],
                    "texture": "#2"
                },
                "north": {
                    "uv": [10,12,11,13],
                    "texture": "#0"
                },
                "south": {
                    "uv": [10,12,11,13],
                    "texture": "#0"
                }
            }
        },
        {
            "from": [6,6,4],
            "to": [8,8,6],
            "faces": {
                "up": {
                    "uv": [10,11,11,12],
                    "texture": "#2"
                },
                "down": {
                    "uv": [10,11,11,12],
                    "texture": "#2"
                },
                "west": {
                    "uv": [10,11,11,12],
                    "texture": "#2"
                },
                "east": {
                    "uv": [10,11,11,12],
                    "texture": "#2"
                },
                "north": {
                    "uv": [10,11,11,12],
                    "texture": "#2"
                },
                "south": {
                    "uv": [10,11,11,12],
                    "texture": "#2"
                }
            }
        },
        {
            "from": [7,6,6],
            "to": [8,7,7],
            "faces": {
                "up": {
                    "uv": [7,12,8,13],
                    "texture": "#2"
                },
                "down": {
                    "uv": [7,12,8,13],
                    "texture": "#0"
                },
                "west": {
                    "uv": [7,12,8,13],
                    "texture": "#2"
                },
                "east": {
                    "uv": [7,12,8,13],
                    "texture": "#2"
                },
                "north": {
                    "uv": [10,12,11,13],
                    "texture": "#0"
                },
                "south": {
                    "uv": [10,12,11,13],
                    "texture": "#0"
                }
            }
        },
        {
            "from": [6,6,8],
            "to": [7,7,9],
            "faces": {
                "up": {
                    "uv": [7,12,8,13],
                    "texture": "#2"
                },
                "down": {
                    "uv": [7,12,8,13],
                    "texture": "#0"
                },
                "west": {
                    "uv": [10,12,11,13],
                    "texture": "#0"
                },
                "east": {
                    "uv": [10,12,11,13],
                    "texture": "#0"
                },
                "north": {
                    "uv": [7,13,8,14],
                    "texture": "#2"
                },
                "south": {
                    "uv": [7,12,8,13],
                    "texture": "#2"
                }
            }
        },
        {
            "from": [4,6,8],
            "to": [6,8,10],
            "faces": {
                "up": {
                    "uv": [10,11,11,12],
                    "texture": "#2"
                },
                "down": {
                    "uv": [10,11,11,12],
                    "texture": "#2"
                },
                "west": {
                    "uv": [10,11,11,12],
                    "texture": "#2"
                },
                "east": {
                    "uv": [10,11,11,12],
                    "texture": "#2"
                },
                "north": {
                    "uv": [10,11,11,12],
                    "texture": "#2"
                },
                "south": {
                    "uv": [10,11,11,12],
                    "texture": "#2"
                }
            }
        },
        {
            "from": [5,0,5],
            "to": [11,6,6],
            "faces": {
                "up": {
                    "texture": "#0"
                },
                "down": {
                    "texture": "#0"
                },
                "west": {
                    "texture": "#0"
                },
                "east": {
                    "texture": "#0"
                },
                "north": {
                    "texture": "#0"
                },
                "south": {
                    "texture": "#0"
                }
            }
        },
        {
            "from": [6,0,6],
            "to": [10,4,10],
            "faces": {
                "up": {
                    "texture": "#1"
                }
            }
        },
        {
            "from": [5,0,6],
            "to": [6,6,10],
            "faces": {
                "up": {
                    "texture": "#0"
                },
                "down": {
                    "texture": "#0"
                },
                "west": {
                    "texture": "#0"
                },
                "east": {
                    "texture": "#0"
                },
                "north": {
                    "texture": "#0"
                },
                "south": {
                    "texture": "#0"
                }
            }
        },
        {
            "from": [5,0,10],
            "to": [11,6,11],
            "faces": {
                "up": {
                    "texture": "#0"
                },
                "down": {
                    "texture": "#0"
                },
                "west": {
                    "texture": "#0"
                },
                "east": {
                    "texture": "#0"
                },
                "north": {
                    "texture": "#0"
                },
                "south": {
                    "texture": "#0"
                }
            }
        },
        {
            "from": [10,0,6],
            "to": [11,6,10],
            "faces": {
                "up": {
                    "texture": "#0"
                },
                "down": {
                    "texture": "#0"
                },
                "west": {
                    "texture": "#0"
                },
                "east": {
                    "texture": "#0"
                },
                "north": {
                    "texture": "#0"
                },
                "south": {
                    "texture": "#0"
                }
            }
        }
    ]
}