{
    "__createdwith": "opl's Model Creator",
    "ambientocclusion": false,
    "textures": {
        "0": "blocks/flower_pot",
        "1": "blocks/dirt",
        "2": "blocks/flower_tulip_orange",
        "particle": "blocks/flower_pot"
    },
    "elements": [
        {
            "from": [7,11,7],
            "to": [9,13.5,9],
            "faces": {
                "up": {
                    "uv": [7,5,8,6],
                    "texture": "#2"
                },
                "down": {
                    "uv": [8,5,9,6],
                    "texture": "#2"
                },
                "west": {
                    "uv": [7,4,9,7],
                    "texture": "#2"
                },
                "east": {
                    "uv": [7,4,9,7],
                    "texture": "#2"
                },
                "north": {
                    "uv": [7,4,9,7],
                    "texture": "#2"
                },
                "south": {
                    "uv": [7,4,9,7],
                    "texture": "#2"
                }
            }
        },
        {
            "from": [7,12,6],
            "to": [9,15,7],
            "faces": {
                "up": {
                    "uv": [8,3,9,4],
                    "texture": "#2"
                },
                "down": {
                    "uv": [8,5,9,6],
                    "texture": "#2"
                },
                "west": {
                    "uv": [8,3,9,6],
                    "texture": "#2"
                },
                "east": {
                    "uv": [8,3,9,6],
                    "texture": "#2"
                },
                "north": {
                    "uv": [7,3,9,6],
                    "texture": "#2"
                },
                "south": {
                    "uv": [8,3,9,6],
                    "texture": "#2"
                }
            }
        },
        {
            "from": [9,13,6],
            "to": [10,16,7],
            "faces": {
                "up": {
                    "uv": [8,3,9,4],
                    "texture": "#2"
                },
                "down": {
                    "uv": [8,5,9,6],
                    "texture": "#2"
                },
                "west": {
                    "uv": [8,3,9,6],
                    "texture": "#2"
                },
                "east": {
                    "uv": [9,2,10,6],
                    "texture": "#2"
                },
                "north": {
                    "uv": [9,2,10,6],
                    "texture": "#2"
                },
                "south": {
                    "uv": [8,3,9,6],
                    "texture": "#2"
                }
            }
        },
        {
            "from": [6,13,6],
            "to": [7,16,7],
            "faces": {
                "up": {
                    "uv": [6,3,7,4],
                    "texture": "#2"
                },
                "down": {
                    "uv": [6,5,7,6],
                    "texture": "#2"
                },
                "west": {
                    "uv": [6,2,7,6],
                    "texture": "#2"
                },
                "east": {
                    "uv": [6,3,7,6],
                    "texture": "#2"
                },
                "north": {
                    "uv": [6,2,7,6],
                    "texture": "#2"
                },
                "south": {
                    "uv": [6,3,7,6],
                    "texture": "#2"
                }
            }
        },
        {
            "from": [6,12,7],
            "to": [7,15,9],
            "faces": {
                "up": {
                    "uv": [8,3,9,4],
                    "texture": "#2"
                },
                "down": {
                    "uv": [8,5,9,6],
                    "texture": "#2"
                },
                "west": {
                    "uv": [7,3,9,6],
                    "texture": "#2"
                },
                "east": {
                    "uv": [8,3,9,6],
                    "texture": "#2"
                },
                "north": {
                    "uv": [8,3,9,6],
                    "texture": "#2"
                },
                "south": {
                    "uv": [8,3,9,6],
                    "texture": "#2"
                }
            }
        },
        {
            "from": [6,13,9],
            "to": [7,16,10],
            "faces": {
                "up": {
                    "uv": [6,3,7,4],
                    "texture": "#2"
                },
                "down": {
                    "uv": [6,5,7,6],
                    "texture": "#2"
                },
                "west": {
                    "uv": [6,2,7,6],
                    "texture": "#2"
                },
                "east": {
                    "uv": [6,3,7,6],
                    "texture": "#2"
                },
                "north": {
                    "uv": [6,3,7,6],
                    "texture": "#2"
                },
                "south": {
                    "uv": [6,2,7,6],
                    "texture": "#2"
                }
            }
        },
        {
            "from": [7,12,9],
            "to": [9,15,10],
            "faces": {
                "up": {
                    "uv": [8,3,9,4],
                    "texture": "#2"
                },
                "down": {
                    "uv": [8,5,9,6],
                    "texture": "#2"
                },
                "west": {
                    "uv": [8,3,9,6],
                    "texture": "#2"
                },
                "east": {
                    "uv": [8,3,9,6],
                    "texture": "#2"
                },
                "north": {
                    "uv": [8,3,9,6],
                    "texture": "#2"
                },
                "south": {
                    "uv": [7,3,9,6],
                    "texture": "#2"
                }
            }
        },
        {
            "from": [9,13,9],
            "to": [10,16,10],
            "faces": {
                "up": {
                    "uv": [8,3,9,4],
                    "texture": "#2"
                },
                "down": {
                    "uv": [8,5,9,6],
                    "texture": "#2"
                },
                "west": {
                    "uv": [8,3,9,6],
                    "texture": "#2"
                },
                "east": {
                    "uv": [9,2,10,6],
                    "texture": "#2"
                },
                "north": {
                    "uv": [8,3,9,6],
                    "texture": "#2"
                },
                "south": {
                    "uv": [9,2,10,6],
                    "texture": "#2"
                }
            }
        },
        {
            "from": [9,12,7],
            "to": [10,15,9],
            "faces": {
                "up": {
                    "uv": [8,3,9,4],
                    "texture": "#2"
                },
                "down": {
                    "uv": [8,5,9,6],
                    "texture": "#2"
                },
                "west": {
                    "uv": [8,3,9,6],
                    "texture": "#2"
                },
                "east": {
                    "uv": [7,3,9,6],
                    "texture": "#2"
                },
                "north": {
                    "uv": [8,3,9,6],
                    "texture": "#2"
                },
                "south": {
                    "uv": [8,3,9,6],
                    "texture": "#2"
                }
            }
        },
        {
            "from": [7,2,7],
            "to": [9,11,9],
            "faces": {
                "up": {
                    "uv": [7,15,8,16],
                    "texture": "#2"
                },
                "down": {
                    "uv": [7,7,8,8],
                    "texture": "#2"
                },
                "west": {
                    "uv": [7,7,9,16],
                    "texture": "#2"
                },
                "east": {
                    "uv": [7,7,9,16],
                    "texture": "#2"
                },
                "north": {
                    "uv": [7,7,9,16],
                    "texture": "#2"
                },
                "south": {
                    "uv": [7,7,9,16],
                    "texture": "#2"
                }
            }
        },
        {
            "from": [8,8,9],
            "to": [9,9,10],
            "faces": {
                "up": {
                    "uv": [9,10,10,11],
                    "texture": "#2"
                },
                "down": {
                    "uv": [9,10,10,11],
                    "texture": "#2"
                },
                "west": {
                    "uv": [9,10,10,11],
                    "texture": "#2"
                },
                "east": {
                    "uv": [9,10,10,11],
                    "texture": "#2"
                },
                "north": {
                    "uv": [9,10,10,11],
                    "texture": "#2"
                },
                "south": {
                    "uv": [9,10,10,11],
                    "texture": "#2"
                }
            }
        },
        {
            "from": [8,8,10],
            "to": [10,10,12],
            "faces": {
                "up": {
                    "uv": [10,9,12,11],
                    "texture": "#2"
                },
                "down": {
                    "uv": [10,9,12,11],
                    "texture": "#2"
                },
                "west": {
                    "uv": [10,9,12,11],
                    "texture": "#2"
                },
                "east": {
                    "uv": [10,9,12,11],
                    "texture": "#2"
                },
                "north": {
                    "uv": [10,9,12,11],
                    "texture": "#2"
                },
                "south": {
                    "uv": [10,9,12,11],
                    "texture": "#2"
                }
            }
        },
        {
            "from": [4,7,8],
            "to": [6,9,10],
            "faces": {
                "up": {
                    "uv": [10,9,12,11],
                    "texture": "#2"
                },
                "down": {
                    "uv": [10,9,12,11],
                    "texture": "#2"
                },
                "west": {
                    "uv": [10,9,12,11],
                    "texture": "#2"
                },
                "east": {
                    "uv": [10,9,12,11],
                    "texture": "#2"
                },
                "north": {
                    "uv": [10,9,12,11],
                    "texture": "#2"
                },
                "south": {
                    "uv": [10,9,12,11],
                    "texture": "#2"
                }
            }
        },
        {
            "from": [6,7,8],
            "to": [7,8,9],
            "faces": {
                "up": {
                    "uv": [9,10,10,11],
                    "texture": "#2"
                },
                "down": {
                    "uv": [9,10,10,11],
                    "texture": "#2"
                },
                "west": {
                    "uv": [9,10,10,11],
                    "texture": "#2"
                },
                "east": {
                    "uv": [9,10,10,11],
                    "texture": "#2"
                },
                "north": {
                    "uv": [9,10,10,11],
                    "texture": "#2"
                },
                "south": {
                    "uv": [9,10,10,11],
                    "texture": "#2"
                }
            }
        },
        {
            "from": [10,6,6],
            "to": [12,8,8],
            "faces": {
                "up": {
                    "uv": [10,9,12,11],
                    "texture": "#2"
                },
                "down": {
                    "uv": [10,9,12,11],
                    "texture": "#2"
                },
                "west": {
                    "uv": [10,9,12,11],
                    "texture": "#2"
                },
                "east": {
                    "uv": [10,9,12,11],
                    "texture": "#2"
                },
                "north": {
                    "uv": [10,9,12,11],
                    "texture": "#2"
                },
                "south": {
                    "uv": [10,9,12,11],
                    "texture": "#2"
                }
            }
        },
        {
            "from": [9,6,7],
            "to": [10,7,8],
            "faces": {
                "up": {
                    "uv": [9,10,10,11],
                    "texture": "#2"
                },
                "down": {
                    "uv": [9,10,10,11],
                    "texture": "#2"
                },
                "west": {
                    "uv": [9,10,10,11],
                    "texture": "#2"
                },
                "east": {
                    "uv": [9,10,10,11],
                    "texture": "#2"
                },
                "north": {
                    "uv": [9,10,10,11],
                    "texture": "#2"
                },
                "south": {
                    "uv": [9,10,10,11],
                    "texture": "#2"
                }
            }
        },
        {
            "from": [6,9,4],
            "to": [8,11,6],
            "faces": {
                "up": {
                    "uv": [10,9,12,11],
                    "texture": "#2"
                },
                "down": {
                    "uv": [10,9,12,11],
                    "texture": "#2"
                },
                "west": {
                    "uv": [10,9,12,11],
                    "texture": "#2"
                },
                "east": {
                    "uv": [10,9,12,11],
                    "texture": "#2"
                },
                "north": {
                    "uv": [10,9,12,11],
                    "texture": "#2"
                },
                "south": {
                    "uv": [10,9,12,11],
                    "texture": "#2"
                }
            }
        },
        {
            "from": [7,9,6],
            "to": [8,10,7],
            "faces": {
                "up": {
                    "uv": [9,10,10,11],
                    "texture": "#2"
                },
                "down": {
                    "uv": [9,10,10,11],
                    "texture": "#2"
                },
                "west": {
                    "uv": [9,10,10,11],
                    "texture": "#2"
                },
                "east": {
                    "uv": [9,10,10,11],
                    "texture": "#2"
                },
                "north": {
                    "uv": [9,10,10,11],
                    "texture": "#2"
                },
                "south": {
                    "uv": [9,10,10,11],
                    "texture": "#2"
                }
            }
        },
        {
            "from": [5,0,5],
            "to": [11,6,6],
            "faces": {
                "up": {
                    "texture": "#0"
                },
                "down": {
                    "texture": "#0"
                },
                "west": {
                    "texture": "#0"
                },
                "east": {
                    "texture": "#0"
                },
                "north": {
                    "texture": "#0"
                },
                "south": {
                    "texture": "#0"
                }
            }
        },
        {
            "from": [6,0,6],
            "to": [10,4,10],
            "faces": {
                "up": {
                    "texture": "#1"
                }
            }
        },
        {
            "from": [5,0,6],
            "to": [6,6,10],
            "faces": {
                "up": {
                    "texture": "#0"
                },
                "down": {
                    "texture": "#0"
                },
                "west": {
                    "texture": "#0"
                },
                "east": {
                    "texture": "#0"
                },
                "north": {
                    "texture": "#0"
                },
                "south": {
                    "texture": "#0"
                }
            }
        },
        {
            "from": [5,0,10],
            "to": [11,6,11],
            "faces": {
                "up": {
                    "texture": "#0"
                },
                "down": {
                    "texture": "#0"
                },
                "west": {
                    "texture": "#0"
                },
                "east": {
                    "texture": "#0"
                },
                "north": {
                    "texture": "#0"
                },
                "south": {
                    "texture": "#0"
                }
            }
        },
        {
            "from": [10,0,6],
            "to": [11,6,10],
            "faces": {
                "up": {
                    "texture": "#0"
                },
                "down": {
                    "texture": "#0"
                },
                "west": {
                    "texture": "#0"
                },
                "east": {
                    "texture": "#0"
                },
                "north": {
                    "texture": "#0"
                },
                "south": {
                    "texture": "#0"
                }
            }
        }
    ]
}