{
    "__createdwith": "opl's Model Creator",
    "ambientocclusion": false,
    "textures": {
        "0": "blocks/flower_pot",
        "1": "blocks/dirt",
        "2": "blocks/sapling_oak",
        "3": "blocks/log_spruce",
        "particle": "blocks/flower_pot"
    },
    "elements": [
        {
            "from": [6,10,6],
            "to": [10,13,10],
            "faces": {
                "up": {
                    "uv": [8,3,10,5],
                    "texture": "#2"
                },
                "down": {
                    "uv": [8,3,10,5],
                    "texture": "#2"
                },
                "west": {
                    "uv": [8,3,10,5],
                    "texture": "#2"
                },
                "east": {
                    "uv": [8,3,10,5],
                    "texture": "#2"
                },
                "north": {
                    "uv": [8,3,10,5],
                    "texture": "#2"
                },
                "south": {
                    "uv": [8,3,10,5],
                    "texture": "#2"
                }
            }
        },
        {
            "from": [7,3,7],
            "to": [9,10,9],
            "faces": {
                "down": {
                    "uv": [8,10,9,11],
                    "texture": "#0"
                },
                "west": {
                    "uv": [7,0,12,16],
                    "texture": "#3"
                },
                "east": {
                    "uv": [0,0,4,16],
                    "texture": "#3"
                },
                "north": {
                    "uv": [10,0,14,16],
                    "texture": "#3"
                },
                "south": {
                    "uv": [8,0,13,16],
                    "texture": "#3"
                }
            }
        },
        {
            "from": [5,0,5],
            "to": [11,6,6],
            "faces": {
                "up": {
                    "texture": "#0"
                },
                "down": {
                    "texture": "#0"
                },
                "west": {
                    "texture": "#0"
                },
                "east": {
                    "texture": "#0"
                },
                "north": {
                    "texture": "#0"
                },
                "south": {
                    "texture": "#0"
                }
            }
        },
        {
            "from": [6,0,6],
            "to": [10,4,10],
            "faces": {
                "up": {
                    "texture": "#1"
                }
            }
        },
        {
            "from": [5,0,6],
            "to": [6,6,10],
            "faces": {
                "up": {
                    "texture": "#0"
                },
                "down": {
                    "texture": "#0"
                },
                "west": {
                    "texture": "#0"
                },
                "east": {
                    "texture": "#0"
                },
                "north": {
                    "texture": "#0"
                },
                "south": {
                    "texture": "#0"
                }
            }
        },
        {
            "from": [5,0,10],
            "to": [11,6,11],
            "faces": {
                "up": {
                    "texture": "#0"
                },
                "down": {
                    "texture": "#0"
                },
                "west": {
                    "texture": "#0"
                },
                "east": {
                    "texture": "#0"
                },
                "north": {
                    "texture": "#0"
                },
                "south": {
                    "texture": "#0"
                }
            }
        },
        {
            "from": [10,0,6],
            "to": [11,6,10],
            "faces": {
                "up": {
                    "texture": "#0"
                },
                "down": {
                    "texture": "#0"
                },
                "west": {
                    "texture": "#0"
                },
                "east": {
                    "texture": "#0"
                },
                "north": {
                    "texture": "#0"
                },
                "south": {
                    "texture": "#0"
                }
            }
        }
    ]
}