{
    "__createdwith": "opl's Model Creator",
    "ambientocclusion": false,
    "textures": {
        "0": "blocks/flower_pot",
        "1": "blocks/dirt",
        "2": "blocks/sapling_jungle",
        "3": "blocks/log_jungle",
        "particle": "blocks/flower_pot"
    },
    "elements": [
        {
            "from": [4,13,4],
            "to": [11,16,11],
            "faces": {
                "up": {
                    "uv": [4,2,6,4],
                    "texture": "#2"
                },
                "down": {
                    "uv": [4,2,6,4],
                    "texture": "#2"
                },
                "west": {
                    "uv": [4,2,6,4],
                    "texture": "#2"
                },
                "east": {
                    "uv": [4,2,6,4],
                    "texture": "#2"
                },
                "north": {
                    "uv": [4,2,6,4],
                    "texture": "#2"
                },
                "south": {
                    "uv": [4,2,6,4],
                    "texture": "#2"
                }
            }
        },
        {
            "from": [6,0,6],
            "to": [10,14,10],
            "faces": {
                "down": {
                    "uv": [7,7,8,8],
                    "texture": "#0"
                },
                "west": {
                    "uv": [0,0,3,16],
                    "texture": "#3"
                },
                "east": {
                    "uv": [12,0,15,16],
                    "texture": "#3"
                },
                "north": {
                    "uv": [9,0,12,16],
                    "texture": "#3"
                },
                "south": {
                    "uv": [0,0,3,16],
                    "texture": "#3"
                }
            }
        },
        {
            "from": [9,9,9],
            "to": [12,11,12],
            "faces": {
                "up": {
                    "uv": [4,2,6,4],
                    "texture": "#2"
                },
                "down": {
                    "uv": [4,2,6,4],
                    "texture": "#2"
                },
                "west": {
                    "uv": [4,2,6,4],
                    "texture": "#1"
                },
                "east": {
                    "uv": [4,2,6,4],
                    "texture": "#2"
                },
                "north": {
                    "uv": [4,2,6,4],
                    "texture": "#2"
                },
                "south": {
                    "uv": [4,2,6,4],
                    "texture": "#2"
                }
            }
        },
        {
            "from": [9,7,4],
            "to": [12,9,7],
            "faces": {
                "up": {
                    "uv": [4,2,6,4],
                    "texture": "#2"
                },
                "down": {
                    "uv": [4,2,6,4],
                    "texture": "#2"
                },
                "west": {
                    "uv": [4,2,6,4],
                    "texture": "#2"
                },
                "east": {
                    "uv": [4,2,6,4],
                    "texture": "#2"
                },
                "north": {
                    "uv": [4,2,6,4],
                    "texture": "#2"
                },
                "south": {
                    "uv": [4,2,6,4],
                    "texture": "#2"
                }
            }
        },
        {
            "from": [4,6,9],
            "to": [7,8,12],
            "faces": {
                "up": {
                    "uv": [4,2,6,4],
                    "texture": "#2"
                },
                "down": {
                    "uv": [4,2,6,4],
                    "texture": "#2"
                },
                "west": {
                    "uv": [4,2,6,4],
                    "texture": "#2"
                },
                "east": {
                    "uv": [4,2,6,4],
                    "texture": "#2"
                },
                "north": {
                    "uv": [4,2,6,4],
                    "texture": "#2"
                },
                "south": {
                    "uv": [4,2,6,4],
                    "texture": "#2"
                }
            }
        },
        {
            "from": [5,0,5],
            "to": [11,6,6],
            "faces": {
                "up": {
                    "texture": "#0"
                },
                "down": {
                    "texture": "#0"
                },
                "west": {
                    "texture": "#0"
                },
                "east": {
                    "texture": "#0"
                },
                "north": {
                    "texture": "#0"
                },
                "south": {
                    "texture": "#0"
                }
            }
        },
        {
            "from": [6,0,6],
            "to": [10,4,10],
            "faces": {
                "up": {
                    "texture": "#1"
                }
            }
        },
        {
            "from": [5,0,6],
            "to": [6,6,10],
            "faces": {
                "up": {
                    "texture": "#0"
                },
                "down": {
                    "texture": "#0"
                },
                "west": {
                    "texture": "#0"
                },
                "east": {
                    "texture": "#0"
                },
                "north": {
                    "texture": "#0"
                },
                "south": {
                    "texture": "#0"
                }
            }
        },
        {
            "from": [5,0,10],
            "to": [11,6,11],
            "faces": {
                "up": {
                    "texture": "#0"
                },
                "down": {
                    "texture": "#0"
                },
                "west": {
                    "texture": "#0"
                },
                "east": {
                    "texture": "#0"
                },
                "north": {
                    "texture": "#0"
                },
                "south": {
                    "texture": "#0"
                }
            }
        },
        {
            "from": [10,0,6],
            "to": [11,6,10],
            "faces": {
                "up": {
                    "texture": "#0"
                },
                "down": {
                    "texture": "#0"
                },
                "west": {
                    "texture": "#0"
                },
                "east": {
                    "texture": "#0"
                },
                "north": {
                    "texture": "#0"
                },
                "south": {
                    "texture": "#0"
                }
            }
        }
    ]
}