{
	"credit": "Made with Blockbench",
	"ambientocclusion": false,
	"textures": {
		"texture": "blocks/mob_spawner",
		"particle": "blocks/mob_spawner"
	},
	"elements": [
		{
			"from": [15, 2, 7],
			"to": [16, 14, 9],
			"faces": {
				"north": {"uv": [8, 2, 9, 14], "texture": "#texture"},
				"east": {"uv": [7, 2, 9, 14], "texture": "#texture"},
				"south": {"uv": [7, 2, 8, 14], "texture": "#texture"},
				"west": {"uv": [7, 2, 9, 14], "texture": "#texture"},
				"up": {"uv": [0, 0, 1, 1], "texture": "#texture"},
				"down": {"uv": [15, 9, 16, 7], "texture": "#texture"}
			}
		},
		{
			"from": [15, 8, 11],
			"to": [16, 10, 12],
			"faces": {
				"north": {"uv": [4, 6, 5, 8], "texture": "#texture"},
				"east": {"uv": [4, 6, 5, 8], "texture": "#texture"},
				"south": {"uv": [0, 0, 1, 1], "texture": "#texture"},
				"west": {"uv": [0, 0, 1, 1], "texture": "#texture"},
				"up": {"uv": [0, 0, 1, 1], "texture": "#texture"},
				"down": {"uv": [15, 13, 16, 11], "texture": "#texture"}
			}
		},
		{
			"from": [14, 14, 2],
			"to": [16, 16, 14],
			"faces": {
				"north": {"uv": [0, 0, 2, 2], "texture": "#texture"},
				"east": {"uv": [2, 0, 14, 2], "texture": "#texture"},
				"south": {"uv": [0, 0, 1, 1], "texture": "#texture"},
				"west": {"uv": [2, 2, 14, 0], "texture": "#texture"},
				"up": {"uv": [2, 2, 0, 14], "texture": "#texture"},
				"down": {"uv": [14, 14, 16, 2], "texture": "#texture"}
			}
		},
		{
			"from": [15, 10, 4],
			"to": [16, 12, 12],
			"faces": {
				"north": {"uv": [0, 3, 1, 5], "texture": "#texture"},
				"east": {"uv": [4, 4, 12, 6], "texture": "#texture"},
				"south": {"uv": [4, 4, 5, 6], "texture": "#texture"},
				"west": {"uv": [4, 4, 12, 6], "texture": "#texture"},
				"up": {"uv": [0, 3, 1, 11], "texture": "#texture"},
				"down": {"uv": [14, 12, 15, 4], "texture": "#texture"}
			}
		},
		{
			"from": [15, 7, 2],
			"to": [16, 9, 4],
			"faces": {
				"north": {"uv": [0, 7, 1, 9], "texture": "#texture"},
				"east": {"uv": [12, 7, 14, 9], "texture": "#texture"},
				"south": {"uv": [0, 0, 1, 1], "texture": "#texture"},
				"west": {"uv": [0, 0, 2, 2], "texture": "#texture"},
				"up": {"uv": [12, 7, 13, 9], "texture": "#texture"},
				"down": {"uv": [12, 9, 14, 8], "texture": "#texture"}
			}
		},
		{
			"from": [15, 4, 6],
			"to": [16, 6, 10],
			"faces": {
				"north": {"uv": [0, 11, 1, 13], "texture": "#texture"},
				"east": {"uv": [6, 10, 10, 12], "texture": "#texture"},
				"south": {"uv": [6, 10, 10, 12], "texture": "#texture"},
				"west": {"uv": [6, 10, 10, 12], "texture": "#texture"},
				"up": {"uv": [0, 0, 1, 1], "texture": "#texture"},
				"down": {"uv": [15, 15, 16, 1], "texture": "#texture"}
			}
		},
		{
			"from": [15, 8, 4],
			"to": [16, 10, 5],
			"faces": {
				"north": {"uv": [11, 6, 12, 8], "texture": "#texture"},
				"east": {"uv": [11, 6, 12, 8], "texture": "#texture"},
				"south": {"uv": [0, 0, 1, 2], "texture": "#texture"},
				"west": {"uv": [0, 0, 1, 1], "texture": "#texture"},
				"up": {"uv": [0, 0, 1, 1], "texture": "#texture"},
				"down": {"uv": [15, 5, 16, 3], "texture": "#texture"}
			}
		},
		{
			"from": [4, 6, 0],
			"to": [12, 8, 1],
			"faces": {
				"north": {"uv": [4, 8, 12, 10], "texture": "#texture"},
				"east": {"uv": [15, 11, 16, 13], "texture": "#texture"},
				"south": {"uv": [4, 8, 12, 10], "texture": "#texture"},
				"west": {"uv": [0, 0, 1, 1], "texture": "#texture"},
				"up": {"uv": [4, 8, 12, 9], "texture": "#texture"},
				"down": {"uv": [4, 10, 12, 9], "texture": "#texture"}
			}
		},
		{
			"from": [2, 14, 0],
			"to": [14, 16, 2],
			"faces": {
				"north": {"uv": [2, 0, 14, 2], "texture": "#texture"},
				"east": {"uv": [14, 0, 16, 2], "texture": "#texture"},
				"south": {"uv": [2, 2, 14, 0], "texture": "#texture"},
				"west": {"uv": [0, 0, 1, 1], "texture": "#texture"},
				"up": {"uv": [2, 0, 14, 2], "texture": "#texture"},
				"down": {"uv": [2, 0, 14, 2], "texture": "#texture"}
			}
		},
		{
			"from": [0, 0, 0],
			"to": [2, 16, 2],
			"faces": {
				"north": {"uv": [2, 0, 0, 16], "texture": "#texture"},
				"east": {"uv": [14, 0, 16, 16], "texture": "#texture"},
				"south": {"uv": [2, 0, 0, 16], "texture": "#texture"},
				"west": {"uv": [0, 0, 2, 16], "texture": "#texture"},
				"up": {"uv": [0, 0, 2, 2], "texture": "#texture"},
				"down": {"uv": [0, 2, 2, 0], "texture": "#texture"}
			}
		},
		{
			"from": [14, 0, 0],
			"to": [16, 16, 2],
			"faces": {
				"north": {"uv": [0, 0, 2, 16], "texture": "#texture"},
				"east": {"uv": [2, 0, 0, 16], "texture": "#texture"},
				"south": {"uv": [0, 2, 2, 14], "texture": "#texture"},
				"west": {"uv": [2, 0, 0, 16], "texture": "#texture"},
				"up": {"uv": [14, 0, 16, 2], "texture": "#texture"},
				"down": {"uv": [14, 2, 16, 0], "texture": "#texture"}
			}
		},
		{
			"from": [4, 8, 0],
			"to": [5, 10, 1],
			"faces": {
				"north": {"uv": [11, 6, 12, 8], "texture": "#texture"},
				"east": {"uv": [15, 1, 16, 15], "texture": "#texture"},
				"south": {"uv": [0, 0, 1, 1], "texture": "#texture"},
				"west": {"uv": [0, 0, 1, 1], "texture": "#texture"},
				"up": {"uv": [0, 0, 1, 1], "texture": "#texture"},
				"down": {"uv": [3, 1, 5, 0], "texture": "#texture"}
			}
		},
		{
			"from": [7, 2, 0],
			"to": [9, 14, 1],
			"faces": {
				"north": {"uv": [7, 2, 9, 14], "texture": "#texture"},
				"east": {"uv": [7, 2, 8, 14], "texture": "#texture"},
				"south": {"uv": [7, 2, 9, 14], "texture": "#texture"},
				"west": {"uv": [8, 2, 9, 14], "texture": "#texture"},
				"up": {"uv": [0, 0, 1, 1], "texture": "#texture"},
				"down": {"uv": [7, 1, 9, 0], "texture": "#texture"}
			}
		},
		{
			"from": [11, 8, 0],
			"to": [12, 10, 1],
			"faces": {
				"north": {"uv": [4, 6, 5, 8], "texture": "#texture"},
				"east": {"uv": [15, 1, 16, 15], "texture": "#texture"},
				"south": {"uv": [0, 0, 1, 1], "texture": "#texture"},
				"west": {"uv": [0, 7, 1, 9], "texture": "#texture"},
				"up": {"uv": [0, 0, 1, 1], "texture": "#texture"},
				"down": {"uv": [11, 1, 13, 0], "texture": "#texture"}
			}
		},
		{
			"from": [4, 10, 0],
			"to": [12, 12, 1],
			"faces": {
				"north": {"uv": [4, 4, 12, 6], "texture": "#texture"},
				"east": {"uv": [15, 3, 16, 5], "texture": "#texture"},
				"south": {"uv": [4, 4, 12, 6], "texture": "#texture"},
				"west": {"uv": [0, 0, 1, 1], "texture": "#texture"},
				"up": {"uv": [4, 14, 12, 15], "texture": "#texture"},
				"down": {"uv": [4, 2, 12, 1], "texture": "#texture"}
			}
		},
		{
			"from": [2, 7, 0],
			"to": [4, 9, 1],
			"faces": {
				"north": {"uv": [12, 7, 14, 9], "texture": "#texture"},
				"east": {"uv": [15, 7, 16, 9], "texture": "#texture"},
				"south": {"uv": [0, 0, 2, 2], "texture": "#texture"},
				"west": {"uv": [0, 0, 1, 1], "texture": "#texture"},
				"up": {"uv": [12, 7, 14, 8], "texture": "#texture"},
				"down": {"uv": [12, 9, 14, 8], "texture": "#texture"}
			}
		},
		{
			"from": [2, 0, 7],
			"to": [4, 1, 9],
			"faces": {
				"north": {"uv": [2, 8, 4, 9], "texture": "#texture"},
				"east": {"uv": [0, 0, 1, 1], "texture": "#texture"},
				"south": {"uv": [2, 7, 4, 8], "texture": "#texture"},
				"west": {"uv": [0, 0, 1, 1], "texture": "#texture"},
				"up": {"uv": [2, 7, 4, 9], "texture": "#texture"},
				"down": {"uv": [12, 9, 14, 7], "texture": "#texture"}
			}
		},
		{
			"from": [7, 0, 2],
			"to": [9, 1, 14],
			"faces": {
				"north": {"uv": [0, 0, 1, 1], "texture": "#texture"},
				"east": {"uv": [2, 0, 14, 1], "texture": "#texture"},
				"south": {"uv": [0, 0, 1, 1], "texture": "#texture"},
				"west": {"uv": [2, 0, 14, 1], "texture": "#texture"},
				"up": {"uv": [7, 2, 9, 14], "texture": "#texture"},
				"down": {"uv": [7, 14, 9, 2], "texture": "#texture"}
			}
		},
		{
			"from": [4, 0, 8],
			"to": [12, 1, 10],
			"faces": {
				"north": {"uv": [4, 8, 12, 9], "texture": "#texture"},
				"east": {"uv": [3, 15, 5, 16], "texture": "#texture"},
				"south": {"uv": [4, 8, 12, 9], "texture": "#texture"},
				"west": {"uv": [0, 0, 1, 1], "texture": "#texture"},
				"up": {"uv": [4, 8, 12, 10], "texture": "#texture"},
				"down": {"uv": [4, 10, 12, 8], "texture": "#texture"}
			}
		},
		{
			"from": [4, 0, 4],
			"to": [12, 1, 6],
			"faces": {
				"north": {"uv": [4, 8, 12, 9], "texture": "#texture"},
				"east": {"uv": [11, 15, 13, 16], "texture": "#texture"},
				"south": {"uv": [4, 4, 12, 5], "texture": "#texture"},
				"west": {"uv": [0, 0, 1, 1], "texture": "#texture"},
				"up": {"uv": [4, 4, 12, 6], "texture": "#texture"},
				"down": {"uv": [12, 6, 4, 4], "texture": "#texture"}
			}
		},
		{
			"from": [11, 0, 6],
			"to": [12, 1, 8],
			"faces": {
				"north": {"uv": [3, 15, 5, 16], "texture": "#texture"},
				"east": {"uv": [0, 0, 1, 1], "texture": "#texture"},
				"south": {"uv": [0, 0, 1, 1], "texture": "#texture"},
				"west": {"uv": [9, 8, 11, 9], "texture": "#texture"},
				"up": {"uv": [0, 0, 1, 1], "texture": "#texture"},
				"down": {"uv": [11, 8, 12, 6], "texture": "#texture"}
			}
		},
		{
			"from": [4, 0, 6],
			"to": [5, 1, 8],
			"faces": {
				"north": {"uv": [11, 15, 13, 16], "texture": "#texture"},
				"east": {"uv": [9, 8, 11, 9], "texture": "#texture"},
				"south": {"uv": [0, 0, 1, 1], "texture": "#texture"},
				"west": {"uv": [0, 0, 1, 1], "texture": "#texture"},
				"up": {"uv": [0, 0, 1, 1], "texture": "#texture"},
				"down": {"uv": [4, 8, 5, 6], "texture": "#texture"}
			}
		},
		{
			"from": [2, 0, 14],
			"to": [14, 2, 16],
			"faces": {
				"north": {"uv": [2, 14, 14, 16], "texture": "#texture"},
				"east": {"uv": [0, 15, 1, 16], "texture": "#texture"},
				"south": {"uv": [2, 2, 14, 0], "texture": "#texture"},
				"west": {"uv": [0, 0, 1, 1], "texture": "#texture"},
				"up": {"uv": [2, 0, 14, 2], "texture": "#texture"},
				"down": {"uv": [2, 14, 14, 16], "texture": "#texture"}
			}
		},
		{
			"from": [14, 0, 2],
			"to": [16, 2, 14],
			"faces": {
				"north": {"uv": [0, 14, 2, 16], "texture": "#texture"},
				"east": {"uv": [2, 2, 14, 0], "texture": "#texture"},
				"south": {"uv": [0, 0, 1, 1], "texture": "#texture"},
				"west": {"uv": [2, 14, 14, 16], "texture": "#texture"},
				"up": {"uv": [0, 2, 2, 14], "texture": "#texture"},
				"down": {"uv": [16, 14, 14, 0], "texture": "#texture"}
			}
		},
		{
			"from": [2, 0, 0],
			"to": [14, 2, 2],
			"faces": {
				"north": {"uv": [2, 2, 14, 0], "texture": "#texture"},
				"east": {"uv": [15, 15, 16, 16], "texture": "#texture"},
				"south": {"uv": [2, 14, 14, 16], "texture": "#texture"},
				"west": {"uv": [0, 0, 1, 1], "texture": "#texture"},
				"up": {"uv": [2, 2, 14, 0], "texture": "#texture"},
				"down": {"uv": [2, 2, 14, 0], "texture": "#texture"}
			}
		},
		{
			"from": [0, 0, 2],
			"to": [2, 2, 14],
			"faces": {
				"north": {"uv": [14, 14, 16, 16], "texture": "#texture"},
				"east": {"uv": [2, 14, 14, 16], "texture": "#texture"},
				"south": {"uv": [0, 0, 1, 1], "texture": "#texture"},
				"west": {"uv": [2, 2, 14, 0], "texture": "#texture"},
				"up": {"uv": [2, 2, 0, 14], "texture": "#texture"},
				"down": {"uv": [0, 16, 2, 0], "texture": "#texture"}
			}
		},
		{
			"from": [6, 4, 15],
			"to": [10, 6, 16],
			"faces": {
				"north": {"uv": [6, 10, 10, 12], "texture": "#texture"},
				"east": {"uv": [9, 10, 10, 12], "texture": "#texture"},
				"south": {"uv": [6, 10, 10, 12], "texture": "#texture"},
				"west": {"uv": [6, 10, 7, 12], "texture": "#texture"},
				"up": {"uv": [0, 0, 1, 1], "texture": "#texture"},
				"down": {"uv": [6, 12, 10, 11], "texture": "#texture"}
			}
		},
		{
			"from": [0, 10, 4],
			"to": [1, 12, 12],
			"faces": {
				"north": {"uv": [4, 4, 5, 6], "texture": "#texture"},
				"east": {"uv": [4, 4, 12, 6], "texture": "#texture"},
				"south": {"uv": [11, 4, 12, 6], "texture": "#texture"},
				"west": {"uv": [4, 4, 12, 6], "texture": "#texture"},
				"up": {"uv": [14, 7, 15, 14], "texture": "#texture"},
				"down": {"uv": [14, 12, 15, 4], "texture": "#texture"}
			}
		},
		{
			"from": [0, 7, 2],
			"to": [1, 9, 4],
			"faces": {
				"east": {"uv": [0, 0, 2, 2], "texture": "#texture"},
				"west": {"uv": [2, 7, 4, 9], "texture": "#texture"},
				"up": {"uv": [2, 7, 3, 9], "texture": "#texture"},
				"down": {"uv": [2, 9, 4, 8], "texture": "#texture"}
			}
		},
		{
			"from": [0, 6, 4],
			"to": [1, 8, 12],
			"faces": {
				"north": {"uv": [4, 8, 5, 10], "texture": "#texture"},
				"east": {"uv": [4, 8, 12, 10], "texture": "#texture"},
				"south": {"uv": [11, 8, 12, 10], "texture": "#texture"},
				"west": {"uv": [4, 8, 12, 10], "texture": "#texture"},
				"up": {"uv": [15, 4, 16, 12], "texture": "#texture"},
				"down": {"uv": [14, 12, 15, 4], "texture": "#texture"}
			}
		},
		{
			"from": [0, 8, 11],
			"to": [1, 10, 12],
			"faces": {
				"north": {"uv": [15, 7, 16, 9], "texture": "#texture"},
				"east": {"uv": [4, 6, 5, 8], "texture": "#texture"},
				"south": {"uv": [0, 0, 1, 1], "texture": "#texture"},
				"west": {"uv": [11, 6, 12, 8], "texture": "#texture"},
				"down": {"uv": [0, 13, 1, 11], "texture": "#texture"}
			}
		},
		{
			"from": [0, 2, 7],
			"to": [1, 14, 9],
			"faces": {
				"north": {"uv": [7, 2, 8, 14], "texture": "#texture"},
				"east": {"uv": [7, 2, 9, 14], "texture": "#texture"},
				"south": {"uv": [8, 2, 9, 14], "texture": "#texture"},
				"west": {"uv": [7, 2, 9, 14], "texture": "#texture"},
				"down": {"uv": [0, 9, 1, 7], "texture": "#texture"}
			}
		},
		{
			"from": [0, 8, 4],
			"to": [1, 10, 5],
			"faces": {
				"north": {"uv": [15, 1, 16, 16], "texture": "#texture"},
				"east": {"uv": [11, 6, 12, 8], "texture": "#texture"},
				"south": {"uv": [1, 6, 2, 8], "texture": "#texture"},
				"west": {"uv": [4, 6, 5, 8], "texture": "#texture"},
				"down": {"uv": [0, 5, 1, 3], "texture": "#texture"}
			}
		},
		{
			"from": [4, 10, 15],
			"to": [12, 12, 16],
			"faces": {
				"north": {"uv": [4, 4, 12, 6], "texture": "#texture"},
				"east": {"uv": [11, 4, 12, 6], "texture": "#texture"},
				"south": {"uv": [4, 4, 12, 6], "texture": "#texture"},
				"west": {"uv": [4, 4, 5, 6], "texture": "#texture"},
				"up": {"uv": [4, 4, 12, 5], "texture": "#texture"},
				"down": {"uv": [1, 15, 15, 14], "texture": "#texture"}
			}
		},
		{
			"from": [4, 6, 15],
			"to": [12, 8, 16],
			"faces": {
				"north": {"uv": [4, 8, 12, 10], "texture": "#texture"},
				"east": {"uv": [11, 8, 12, 10], "texture": "#texture"},
				"south": {"uv": [4, 8, 12, 10], "texture": "#texture"},
				"west": {"uv": [4, 8, 5, 10], "texture": "#texture"},
				"up": {"uv": [7, 14, 15, 15], "texture": "#texture"},
				"down": {"uv": [4, 10, 12, 9], "texture": "#texture"}
			}
		},
		{
			"from": [14, 0, 14],
			"to": [16, 16, 16],
			"faces": {
				"north": {"uv": [2, 0, 0, 16], "texture": "#texture"},
				"east": {"uv": [0, 0, 2, 16], "texture": "#texture"},
				"south": {"uv": [2, 0, 0, 16], "texture": "#texture"},
				"west": {"uv": [0, 2, 2, 14], "texture": "#texture"},
				"up": {"uv": [14, 14, 16, 16], "texture": "#texture"},
				"down": {"uv": [14, 16, 16, 14], "texture": "#texture"}
			}
		},
		{
			"from": [7, 2, 15],
			"to": [9, 14, 16],
			"faces": {
				"north": {"uv": [7, 2, 9, 14], "texture": "#texture"},
				"east": {"uv": [8, 2, 9, 14], "texture": "#texture"},
				"south": {"uv": [7, 2, 9, 14], "texture": "#texture"},
				"west": {"uv": [7, 2, 8, 14], "texture": "#texture"},
				"down": {"uv": [7, 16, 9, 15], "texture": "#texture"}
			}
		},
		{
			"from": [11, 8, 15],
			"to": [12, 10, 16],
			"faces": {
				"north": {"uv": [4, 6, 5, 8], "texture": "#texture"},
				"east": {"uv": [11, 6, 12, 8], "texture": "#texture"},
				"south": {"uv": [11, 6, 12, 8], "texture": "#texture"},
				"west": {"uv": [0, 0, 1, 2], "texture": "#texture"},
				"down": {"uv": [11, 16, 13, 15], "texture": "#texture"}
			}
		},
		{
			"from": [2, 15, 7],
			"to": [4, 16, 9],
			"faces": {
				"north": {"uv": [12, 7, 14, 8], "texture": "#texture"},
				"south": {"uv": [2, 8, 4, 9], "texture": "#texture"},
				"up": {"uv": [2, 7, 4, 9], "texture": "#texture"},
				"down": {"uv": [12, 9, 14, 7], "texture": "#texture"}
			}
		},
		{
			"from": [0, 0, 14],
			"to": [2, 16, 16],
			"faces": {
				"north": {"uv": [14, 0, 16, 16], "texture": "#texture"},
				"east": {"uv": [2, 0, 0, 16], "texture": "#texture"},
				"south": {"uv": [0, 0, 2, 16], "texture": "#texture"},
				"west": {"uv": [2, 0, 0, 16], "texture": "#texture"},
				"up": {"uv": [0, 14, 2, 16], "texture": "#texture"},
				"down": {"uv": [0, 16, 2, 14], "texture": "#texture"}
			}
		},
		{
			"from": [4, 15, 4],
			"to": [12, 16, 6],
			"faces": {
				"north": {"uv": [5, 1, 11, 2], "texture": "#texture"},
				"east": {"uv": [1, 1, 3, 2], "texture": "#texture"},
				"south": {"uv": [5, 1, 12, 2], "texture": "#texture"},
				"west": {"uv": [10, 9, 12, 10], "texture": "#texture"},
				"up": {"uv": [4, 4, 12, 6], "texture": "#texture"},
				"down": {"uv": [4, 6, 12, 4], "texture": "#texture"}
			}
		},
		{
			"from": [4, 15, 8],
			"to": [12, 16, 10],
			"faces": {
				"north": {"uv": [2, 1, 9, 2], "texture": "#texture"},
				"east": {"uv": [10, 9, 12, 10], "texture": "#texture"},
				"south": {"uv": [5, 1, 12, 2], "texture": "#texture"},
				"west": {"uv": [4, 9, 6, 10], "texture": "#texture"},
				"up": {"uv": [4, 8, 12, 10], "texture": "#texture"},
				"down": {"uv": [4, 10, 12, 8], "texture": "#texture"}
			}
		},
		{
			"from": [4, 8, 15],
			"to": [5, 10, 16],
			"faces": {
				"north": {"uv": [11, 6, 12, 8], "texture": "#texture"},
				"east": {"uv": [0, 14, 1, 16], "texture": "#texture"},
				"south": {"uv": [4, 6, 5, 8], "texture": "#texture"},
				"west": {"uv": [4, 6, 5, 8], "texture": "#texture"},
				"down": {"uv": [3, 16, 5, 15], "texture": "#texture"}
			}
		},
		{
			"from": [11, 15, 6],
			"to": [12, 16, 8],
			"faces": {
				"east": {"uv": [1, 1, 3, 2], "texture": "#texture"},
				"west": {"uv": [0, 0, 1, 2], "texture": "#texture"},
				"up": {"uv": [11, 6, 12, 8], "texture": "#texture"},
				"down": {"uv": [11, 8, 12, 6], "texture": "#texture"}
			}
		},
		{
			"from": [4, 15, 6],
			"to": [5, 16, 8],
			"faces": {
				"east": {"uv": [0, 0, 1, 1], "texture": "#texture"},
				"west": {"uv": [0, 0, 1, 1], "texture": "#texture"},
				"up": {"uv": [4, 6, 5, 8], "texture": "#texture"},
				"down": {"uv": [4, 8, 5, 6], "texture": "#texture"}
			}
		},
		{
			"from": [7, 15, 2],
			"to": [9, 16, 14],
			"faces": {
				"east": {"uv": [1, 2, 2, 14], "texture": "#texture"},
				"west": {"uv": [2, 1, 15, 2], "texture": "#texture"},
				"up": {"uv": [7, 2, 9, 14], "texture": "#texture"},
				"down": {"uv": [7, 14, 9, 2], "texture": "#texture"}
			}
		},
		{
			"from": [2, 14, 14],
			"to": [14, 16, 16],
			"faces": {
				"north": {"uv": [2, 2, 14, 0], "texture": "#texture"},
				"south": {"uv": [2, 0, 14, 2], "texture": "#texture"},
				"up": {"uv": [2, 2, 14, 0], "texture": "#texture"},
				"down": {"uv": [2, 16, 14, 14], "texture": "#texture"}
			}
		},
		{
			"from": [0, 14, 2],
			"to": [2, 16, 14],
			"faces": {
				"north": {"uv": [15, 0, 16, 1], "texture": "#texture"},
				"east": {"uv": [2, 2, 14, 0], "texture": "#texture"},
				"south": {"uv": [0, 0, 1, 1], "texture": "#texture"},
				"west": {"uv": [2, 0, 14, 2], "texture": "#texture"},
				"up": {"uv": [0, 2, 2, 14], "texture": "#texture"},
				"down": {"uv": [2, 2, 0, 14], "texture": "#texture"}
			}
		},
		{
			"from": [2, 7, 15],
			"to": [4, 9, 16],
			"faces": {
				"north": {"uv": [0, 0, 2, 2], "texture": "#texture"},
				"south": {"uv": [2, 7, 4, 9], "texture": "#texture"},
				"up": {"uv": [2, 7, 4, 8], "texture": "#texture"},
				"down": {"uv": [2, 9, 4, 8], "texture": "#texture"}
			}
		},
		{
			"from": [12, 7, 15],
			"to": [14, 9, 16],
			"faces": {
				"north": {"uv": [0, 0, 2, 2], "texture": "#texture"},
				"south": {"uv": [12, 7, 14, 9], "texture": "#texture"},
				"up": {"uv": [12, 7, 14, 8], "texture": "#texture"},
				"down": {"uv": [12, 9, 14, 8], "texture": "#texture"}
			}
		},
		{
			"from": [12, 15, 7],
			"to": [14, 16, 9],
			"faces": {
				"north": {"uv": [12, 7, 14, 8], "texture": "#texture"},
				"south": {"uv": [12, 7, 14, 8], "texture": "#texture"},
				"up": {"uv": [12, 7, 14, 9], "texture": "#texture"},
				"down": {"uv": [2, 9, 4, 7], "texture": "#texture"}
			}
		},
		{
			"from": [6, 15, 10],
			"to": [10, 16, 12],
			"faces": {
				"north": {"uv": [0, 0, 1, 1], "texture": "#texture"},
				"east": {"uv": [0, 0, 1, 2], "texture": "#texture"},
				"south": {"uv": [5, 1, 9, 2], "texture": "#texture"},
				"west": {"uv": [0, 0, 1, 2], "texture": "#texture"},
				"up": {"uv": [6, 10, 10, 12], "texture": "#texture"},
				"down": {"uv": [6, 12, 10, 10], "texture": "#texture"}
			}
		},
		{
			"from": [0, 7, 12],
			"to": [1, 9, 14],
			"faces": {
				"east": {"uv": [0, 0, 2, 2], "texture": "#texture"},
				"west": {"uv": [12, 7, 14, 9], "texture": "#texture"},
				"up": {"uv": [12, 7, 13, 9], "texture": "#texture"},
				"down": {"uv": [12, 9, 14, 8], "texture": "#texture"}
			}
		},
		{
			"from": [0, 4, 6],
			"to": [1, 6, 10],
			"faces": {
				"north": {"uv": [6, 10, 7, 12], "texture": "#texture"},
				"east": {"uv": [6, 10, 10, 12], "texture": "#texture"},
				"south": {"uv": [9, 10, 10, 12], "texture": "#texture"},
				"west": {"uv": [6, 10, 10, 12], "texture": "#texture"},
				"up": {"uv": [0, 0, 1, 1], "texture": "#texture"},
				"down": {"uv": [7, 12, 8, 8], "texture": "#texture"}
			}
		},
		{
			"from": [15, 7, 12],
			"to": [16, 9, 14],
			"faces": {
				"north": {"uv": [0, 7, 1, 9], "texture": "#texture"},
				"east": {"uv": [2, 7, 4, 9], "texture": "#texture"},
				"south": {"uv": [0, 0, 1, 1], "texture": "#texture"},
				"west": {"uv": [0, 0, 2, 2], "texture": "#texture"},
				"up": {"uv": [3, 7, 4, 9], "texture": "#texture"},
				"down": {"uv": [2, 9, 4, 8], "texture": "#texture"}
			}
		},
		{
			"from": [15, 6, 4],
			"to": [16, 8, 12],
			"faces": {
				"north": {"uv": [0, 11, 1, 13], "texture": "#texture"},
				"east": {"uv": [4, 8, 12, 10], "texture": "#texture"},
				"south": {"uv": [0, 0, 1, 1], "texture": "#texture"},
				"west": {"uv": [4, 8, 12, 10], "texture": "#texture"},
				"up": {"uv": [0, 2, 1, 10], "texture": "#texture"},
				"down": {"uv": [15, 15, 16, 1], "texture": "#texture"}
			}
		},
		{
			"from": [12, 7, 0],
			"to": [14, 9, 1],
			"faces": {
				"north": {"uv": [2, 7, 4, 9], "texture": "#texture"},
				"east": {"uv": [15, 7, 16, 9], "texture": "#texture"},
				"south": {"uv": [0, 0, 2, 2], "texture": "#texture"},
				"west": {"uv": [0, 0, 1, 1], "texture": "#texture"},
				"up": {"uv": [2, 7, 4, 8], "texture": "#texture"},
				"down": {"uv": [2, 9, 4, 8], "texture": "#texture"}
			}
		},
		{
			"from": [6, 4, 0],
			"to": [10, 6, 1],
			"faces": {
				"north": {"uv": [6, 10, 10, 12], "texture": "#texture"},
				"east": {"uv": [15, 11, 16, 13], "texture": "#texture"},
				"south": {"uv": [6, 10, 10, 12], "texture": "#texture"},
				"west": {"uv": [0, 0, 1, 1], "texture": "#texture"},
				"up": {"uv": [0, 0, 1, 1], "texture": "#texture"},
				"down": {"uv": [6, 12, 10, 11], "texture": "#texture"}
			}
		},
		{
			"from": [12, 0, 7],
			"to": [14, 1, 9],
			"faces": {
				"north": {"uv": [12, 8, 14, 9], "texture": "#texture"},
				"east": {"uv": [0, 0, 1, 1], "texture": "#texture"},
				"south": {"uv": [12, 7, 14, 8], "texture": "#texture"},
				"west": {"uv": [0, 0, 1, 1], "texture": "#texture"},
				"up": {"uv": [12, 7, 14, 9], "texture": "#texture"},
				"down": {"uv": [2, 9, 4, 7], "texture": "#texture"}
			}
		},
		{
			"from": [6, 0, 10],
			"to": [10, 1, 12],
			"faces": {
				"north": {"uv": [0, 0, 1, 1], "texture": "#texture"},
				"east": {"uv": [0, 0, 1, 1], "texture": "#texture"},
				"south": {"uv": [6, 11, 10, 12], "texture": "#texture"},
				"west": {"uv": [0, 0, 1, 1], "texture": "#texture"},
				"up": {"uv": [6, 10, 10, 12], "texture": "#texture"},
				"down": {"uv": [6, 12, 10, 10], "texture": "#texture"}
			}
		}
	],
	"display": {
		"thirdperson_righthand": {
			"scale": [0.4, 0.4, 0.4]
		},
		"thirdperson_lefthand": {
			"scale": [0.4, 0.4, 0.4]
		},
		"firstperson_righthand": {
			"scale": [0.4, 0.4, 0.2]
		},
		"firstperson_lefthand": {
			"scale": [0.4, 0.4, 0.2]
		},
		"ground": {
			"scale": [0.4, 0.4, 0.4]
		},
		"gui": {
			"scale": [0.8, 0.8, 0.8]
		},
		"fixed": {
			"scale": [0.6, 0.6, 0.6]
		}
	}
}