{
    "__createdwith": "opl's Model Creator",
    "ambientocclusion": false,
    "textures": {
        "rail_normal": "blocks/rail_normal",
        "texture": "blocks/rail_normal_turned",
        "particle": "blocks/rail_normal_turned"
    },
    "elements": [
        {
            "from": [2,0,2],
            "to": [4,2,16],
            "faces": {
                "up": {
                    "uv": [2,4,16,2],
                    "texture": "#texture",
                    "rotation": 90
                },
                "down": {
                    "uv": [16,4,2,2],
                    "texture": "#texture",
                    "rotation": 90
                },
                "west": {
                    "uv": [5,3,7,2],
                    "texture": "#texture"
                },
                "east": {
                    "uv": [5,4,7,3],
                    "texture": "#texture"
                },
                "north": {
                    "uv": [2,2,5,3],
                    "texture": "#texture"
                },
                "south": {
                    "uv": [2,13,4,15],
                    "texture": "#texture"
                }
            }
        },
        {
            "from": [4,0,2],
            "to": [16,2,4],
            "faces": {
                "up": {
                    "uv": [5,2,7,4],
                    "texture": "#texture"
                },
                "down": {
                    "uv": [5,4,7,2],
                    "texture": "#texture"
                },
                "west": {
                    "uv": [3,14,5,16],
                    "texture": "#texture"
                },
                "east": {
                    "uv": [12,13,14,15],
                    "texture": "#texture"
                },
                "north": {
                    "uv": [5,2,7,3],
                    "texture": "#texture"
                },
                "south": {
                    "uv": [9,3,11,4],
                    "texture": "#texture"
                }
            }
        },
        {
            "from": [12,0,12],
            "to": [14,2,16],
            "faces": {
                "up": {
                    "texture": "#texture"
                },
                "down": {
                    "uv": [12,16,14,12],
                    "texture": "#texture"
                },
                "west": {
                    "uv": [3,13,4,14],
                    "texture": "#texture"
                },
                "east": {
                    "uv": [13,13,14,14],
                    "texture": "#texture"
                },
                "north": {
                    "uv": [13,12,15,13],
                    "texture": "#texture"
                },
                "south": {
                    "uv": [12,13,14,15],
                    "texture": "#texture"
                }
            }
        },
        {
            "from": [14,0,12],
            "to": [16,2,14],
            "faces": {
                "up": {
                    "texture": "#texture"
                },
                "down": {
                    "uv": [14,14,15,12],
                    "texture": "#texture"
                },
                "west": {
                    "uv": [13,16,15,14],
                    "texture": "#texture"
                },
                "east": {
                    "uv": [2,16,4,15],
                    "texture": "#texture"
                },
                "north": {
                    "uv": [13,13,15,12],
                    "texture": "#texture"
                },
                "south": {
                    "uv": [2,13,3,14],
                    "texture": "#texture"
                }
            }
        },
        {
            "from": [13,0,1],
            "to": [15,1,12],
            "faces": {
                "up": {
                    "uv": [1,13,12,15],
                    "texture": "#texture",
                    "rotation": 90
                },
                "down": {
                    "uv": [12,13,1,15],
                    "texture": "#texture",
                    "rotation": 90
                },
                "west": {
                    "uv": [4,15,5,14],
                    "texture": "#rail_normal",
                    "rotation": 90
                },
                "east": {
                    "uv": [4,14,5,15],
                    "texture": "#rail_normal",
                    "rotation": 90
                },
                "north": {
                    "uv": [4,14,5,15],
                    "texture": "#rail_normal",
                    "rotation": 90
                },
                "south": {
                    "uv": [5.5,4,8.5,5],
                    "texture": "#rail_normal",
                    "rotation": 90
                }
            }
        },
        {
            "from": [1,0,13],
            "to": [12,1,15],
            "faces": {
                "up": {
                    "texture": "#texture"
                },
                "down": {
                    "uv": [1,15,12,13],
                    "texture": "#texture"
                },
                "west": {
                    "uv": [4,14,5,15],
                    "texture": "#rail_normal"
                },
                "east": {
                    "uv": [6.5,2,9.5,3],
                    "texture": "#rail_normal"
                },
                "north": {
                    "uv": [4,14,12,15],
                    "texture": "#rail_normal"
                },
                "south": {
                    "uv": [4,14,12,15],
                    "texture": "#rail_normal"
                }
            }
        }
    ]
}