{
    "__createdwith": "opl's Model Creator",
    "ambientocclusion": false,
    "textures": {
        "0": "blocks/potatoes_stage_1",
        "3": "blocks/carrots_stage_3",
        "particle": "blocks/potatoes_stage_1"
    },
    "elements": [
        {
            "from": [4,0,10],
            "to": [5,4,11],
            "faces": {
                "up": {
                    "uv": [3,5,4,6],
                    "texture": "#3"
                },
                "west": {
                    "uv": [3,6,4,9],
                    "texture": "#3"
                },
                "east": {
                    "uv": [3,6,4,9],
                    "texture": "#3"
                },
                "north": {
                    "uv": [3,6,4,9],
                    "texture": "#3"
                },
                "south": {
                    "uv": [3,6,4,9],
                    "texture": "#3"
                }
            }
        },
        {
            "from": [4,1,9],
            "to": [5,2,10],
            "faces": {
                "up": {
                    "uv": [12,5,13,6],
                    "texture": "#3"
                },
                "down": {
                    "uv": [12,5,13,6],
                    "texture": "#3"
                },
                "west": {
                    "uv": [12,5,13,6],
                    "texture": "#3"
                },
                "east": {
                    "uv": [12,5,13,6],
                    "texture": "#3"
                },
                "north": {
                    "uv": [12,5,13,6],
                    "texture": "#3"
                },
                "south": {
                    "uv": [12,5,13,6],
                    "texture": "#0"
                }
            }
        },
        {
            "from": [4,2,11],
            "to": [5,3,12],
            "faces": {
                "up": {
                    "uv": [12,5,13,6],
                    "texture": "#3"
                },
                "down": {
                    "uv": [12,5,13,6],
                    "texture": "#3"
                },
                "west": {
                    "uv": [12,5,13,6],
                    "texture": "#3"
                },
                "east": {
                    "uv": [12,5,13,6],
                    "texture": "#3"
                },
                "north": {
                    "uv": [12,5,13,6],
                    "texture": "#0"
                },
                "south": {
                    "uv": [12,5,13,6],
                    "texture": "#3"
                }
            }
        },
        {
            "from": [3,1,10],
            "to": [4,2,11],
            "faces": {
                "up": {
                    "uv": [12,5,13,6],
                    "texture": "#3"
                },
                "down": {
                    "uv": [12,5,13,6],
                    "texture": "#3"
                },
                "west": {
                    "uv": [12,5,13,6],
                    "texture": "#3"
                },
                "east": {
                    "uv": [11,9,12,10],
                    "texture": "#0"
                },
                "north": {
                    "uv": [12,5,13,6],
                    "texture": "#3"
                },
                "south": {
                    "uv": [12,5,13,6],
                    "texture": "#3"
                }
            }
        },
        {
            "from": [5,0,4],
            "to": [6,4,5],
            "faces": {
                "up": {
                    "uv": [3,5,4,6],
                    "texture": "#3"
                },
                "west": {
                    "uv": [3,6,4,9],
                    "texture": "#3"
                },
                "east": {
                    "uv": [3,6,4,9],
                    "texture": "#3"
                },
                "north": {
                    "uv": [3,6,4,9],
                    "texture": "#3"
                },
                "south": {
                    "uv": [3,6,4,9],
                    "texture": "#3"
                }
            }
        },
        {
            "from": [6,2,4],
            "to": [7,3,5],
            "faces": {
                "up": {
                    "uv": [12,5,13,6],
                    "texture": "#3"
                },
                "down": {
                    "uv": [12,5,13,6],
                    "texture": "#3"
                },
                "west": {
                    "uv": [12,5,13,6],
                    "texture": "#0"
                },
                "east": {
                    "uv": [12,5,13,6],
                    "texture": "#3"
                },
                "north": {
                    "uv": [12,5,13,6],
                    "texture": "#3"
                },
                "south": {
                    "uv": [12,5,13,6],
                    "texture": "#3"
                }
            }
        },
        {
            "from": [4,2,4],
            "to": [5,3,5],
            "faces": {
                "up": {
                    "uv": [12,5,13,6],
                    "texture": "#3"
                },
                "down": {
                    "uv": [12,5,13,6],
                    "texture": "#3"
                },
                "west": {
                    "uv": [12,5,13,6],
                    "texture": "#3"
                },
                "east": {
                    "uv": [13,9,14,10],
                    "texture": "#3"
                },
                "north": {
                    "uv": [12,5,13,6],
                    "texture": "#3"
                },
                "south": {
                    "uv": [12,5,13,6],
                    "texture": "#3"
                }
            }
        },
        {
            "from": [5,1,3],
            "to": [6,2,4],
            "faces": {
                "up": {
                    "uv": [12,5,13,6],
                    "texture": "#3"
                },
                "down": {
                    "uv": [12,5,13,6],
                    "texture": "#3"
                },
                "west": {
                    "uv": [12,5,13,6],
                    "texture": "#3"
                },
                "east": {
                    "uv": [12,5,13,6],
                    "texture": "#3"
                },
                "north": {
                    "uv": [12,5,13,6],
                    "texture": "#3"
                },
                "south": {
                    "uv": [12,5,13,6],
                    "texture": "#0"
                }
            }
        },
        {
            "from": [11,1,6],
            "to": [12,2,7],
            "faces": {
                "up": {
                    "uv": [12,5,13,6],
                    "texture": "#3"
                },
                "down": {
                    "uv": [12,5,13,6],
                    "texture": "#3"
                },
                "west": {
                    "uv": [12,5,13,6],
                    "texture": "#3"
                },
                "east": {
                    "uv": [12,5,13,6],
                    "texture": "#3"
                },
                "north": {
                    "uv": [12,5,13,6],
                    "texture": "#0"
                },
                "south": {
                    "uv": [12,5,13,6],
                    "texture": "#3"
                }
            }
        },
        {
            "from": [10,2,5],
            "to": [11,3,6],
            "faces": {
                "up": {
                    "uv": [12,5,13,6],
                    "texture": "#3"
                },
                "down": {
                    "uv": [12,5,13,6],
                    "texture": "#3"
                },
                "west": {
                    "uv": [12,5,13,6],
                    "texture": "#3"
                },
                "east": {
                    "uv": [11,9,12,10],
                    "texture": "#0"
                },
                "north": {
                    "uv": [12,5,13,6],
                    "texture": "#3"
                },
                "south": {
                    "uv": [12,5,13,6],
                    "texture": "#3"
                }
            }
        },
        {
            "from": [11,0,5],
            "to": [12,5,6],
            "faces": {
                "up": {
                    "uv": [3,5,4,6],
                    "texture": "#3"
                },
                "west": {
                    "uv": [3,5,4,9],
                    "texture": "#3"
                },
                "east": {
                    "uv": [3,5,4,9],
                    "texture": "#3"
                },
                "north": {
                    "uv": [3,5,4,9],
                    "texture": "#3"
                },
                "south": {
                    "uv": [3,5,4,9],
                    "texture": "#3"
                }
            }
        },
        {
            "from": [12,3,5],
            "to": [13,4,6],
            "faces": {
                "up": {
                    "texture": "#3"
                },
                "down": {
                    "texture": "#3"
                },
                "west": {
                    "uv": [12,5,13,6],
                    "texture": "#0"
                },
                "east": {
                    "uv": [12,5,13,6],
                    "texture": "#3"
                },
                "north": {
                    "uv": [12,5,13,6],
                    "texture": "#3"
                },
                "south": {
                    "uv": [12,5,13,6],
                    "texture": "#3"
                }
            }
        },
        {
            "from": [11,1,11],
            "to": [12,2,12],
            "faces": {
                "up": {
                    "uv": [12,5,13,6],
                    "texture": "#3"
                },
                "down": {
                    "uv": [12,5,13,6],
                    "texture": "#3"
                },
                "west": {
                    "uv": [12,5,13,6],
                    "texture": "#0"
                },
                "east": {
                    "uv": [12,6,13,7],
                    "texture": "#3"
                },
                "north": {
                    "uv": [12,5,13,6],
                    "texture": "#3"
                },
                "south": {
                    "uv": [12,5,13,6],
                    "texture": "#3"
                }
            }
        },
        {
            "from": [10,2,10],
            "to": [11,3,11],
            "faces": {
                "up": {
                    "uv": [12,5,13,6],
                    "texture": "#3"
                },
                "down": {
                    "uv": [12,5,13,6],
                    "texture": "#3"
                },
                "west": {
                    "uv": [12,5,13,6],
                    "texture": "#3"
                },
                "east": {
                    "uv": [12,6,13,7],
                    "texture": "#3"
                },
                "north": {
                    "uv": [12,5,13,6],
                    "texture": "#3"
                },
                "south": {
                    "uv": [12,5,13,6],
                    "texture": "#0"
                }
            }
        },
        {
            "from": [10,0,11],
            "to": [11,3,12],
            "faces": {
                "up": {
                    "uv": [3,5,4,6],
                    "texture": "#3"
                },
                "west": {
                    "uv": [3,6,4,9],
                    "texture": "#3"
                },
                "east": {
                    "uv": [3,6,4,9],
                    "texture": "#3"
                },
                "north": {
                    "uv": [3,6,4,9],
                    "texture": "#3"
                },
                "south": {
                    "uv": [3,6,4,9],
                    "texture": "#3"
                }
            }
        }
    ]
}