{
    "__createdwith": "opl's Model Creator",
    "ambientocclusion": false,
    "textures": {
        "texture": "blocks/mushroom_red",
        "particle": "blocks/mushroom_red"
    },
    "elements": [
        {
            "from": [7,0,7],
            "to": [9,3,9],
            "faces": {
                "down": {
                    "uv": [7,13,8,14],
                    "texture": "#texture"
                },
                "west": {
                    "texture": "#texture"
                },
                "east": {
                    "texture": "#texture"
                },
                "north": {
                    "texture": "#texture"
                },
                "south": {
                    "texture": "#texture"
                }
            }
        },
        {
            "from": [5,3,5],
            "to": [11,6,11],
            "faces": {
                "up": {
                    "uv": [6,10,7,11],
                    "texture": "#texture"
                },
                "down": {
                    "uv": [7,9,8,10],
                    "texture": "#texture"
                },
                "west": {
                    "uv": [5,10,10,13],
                    "texture": "#texture"
                },
                "east": {
                    "uv": [6,10,10,13],
                    "texture": "#texture"
                },
                "north": {
                    "uv": [6,11,11,13],
                    "texture": "#texture"
                },
                "south": {
                    "uv": [5,10,9,13],
                    "texture": "#texture"
                }
            }
        },
        {
            "from": [6,6,6],
            "to": [10,7,10],
            "faces": {
                "up": {
                    "uv": [6,9,8,11],
                    "texture": "#texture"
                },
                "down": {
                    "uv": [7,9,8,10],
                    "texture": "#texture"
                },
                "west": {
                    "uv": [4,11,8,12],
                    "texture": "#texture"
                },
                "east": {
                    "uv": [4,11,8,12],
                    "texture": "#texture"
                },
                "north": {
                    "uv": [4,11,8,12],
                    "texture": "#texture"
                },
                "south": {
                    "uv": [4,11,8,12],
                    "texture": "#texture"
                }
            }
        }
    ]
}