{
    "__createdwith": "opl's Model Creator",
    "ambientocclusion": false,
    "textures": {
        "textures": "blocks/reeds",
        "particle": "blocks/reeds"
    },
    "elements": [
        {
            "from": [3,-2,4],
            "to": [5,14,6],
            "faces": {
                "up": {
                    "uv": [6,0,7,1],
                    "texture": "#textures"
                },
                "down": {
                    "uv": [6,0,7,1],
                    "texture": "#textures"
                },
                "west": {
                    "uv": [13,12,15,16],
                    "texture": "#textures"
                },
                "east": {
                    "uv": [13,12,15,16],
                    "texture": "#textures"
                },
                "north": {
                    "uv": [5,11,7,16],
                    "texture": "#textures"
                },
                "south": {
                    "uv": [1,14,3,16],
                    "texture": "#textures"
                }
            }
        },
        {
            "from": [7,0,7],
            "to": [9,16,9],
            "faces": {
                "up": {
                    "uv": [6,0,7,1],
                    "texture": "#textures"
                },
                "down": {
                    "uv": [6,0,7,1],
                    "texture": "#textures"
                },
                "west": {
                    "uv": [9,0,11,4],
                    "texture": "#textures"
                },
                "east": {
                    "uv": [5,11,7,16],
                    "texture": "#textures"
                },
                "north": {
                    "uv": [9,8,11,12],
                    "texture": "#textures"
                },
                "south": {
                    "uv": [13,11,15,16],
                    "texture": "#textures"
                }
            }
        },
        {
            "from": [4,-4,11],
            "to": [6,12,13],
            "faces": {
                "up": {
                    "uv": [6,0,7,1],
                    "texture": "#textures"
                },
                "down": {
                    "uv": [6,0,7,1],
                    "texture": "#textures"
                },
                "west": {
                    "uv": [1,14,3,16],
                    "texture": "#textures"
                },
                "east": {
                    "uv": [5,11,7,16],
                    "texture": "#textures"
                },
                "north": {
                    "uv": [1,14,3,16],
                    "texture": "#textures"
                },
                "south": {
                    "uv": [5,11,7,16],
                    "texture": "#textures"
                }
            }
        },
        {
            "from": [11,-1,10],
            "to": [13,15,12],
            "faces": {
                "up": {
                    "uv": [6,0,7,1],
                    "texture": "#textures"
                },
                "down": {
                    "uv": [6,0,7,1],
                    "texture": "#textures"
                },
                "west": {
                    "uv": [9,15,11,16],
                    "texture": "#textures"
                },
                "east": {
                    "uv": [1,14,3,16],
                    "texture": "#textures"
                },
                "north": {
                    "uv": [13,11,15,16],
                    "texture": "#textures"
                },
                "south": {
                    "uv": [5,11,7,16],
                    "texture": "#textures"
                }
            }
        },
        {
            "from": [10,-3,3],
            "to": [12,13,5],
            "faces": {
                "up": {
                    "uv": [6,0,7,1],
                    "texture": "#textures"
                },
                "down": {
                    "uv": [6,0,7,1],
                    "texture": "#textures"
                },
                "west": {
                    "uv": [1,14,3,16],
                    "texture": "#textures"
                },
                "east": {
                    "uv": [9,15,11,16],
                    "texture": "#textures"
                },
                "north": {
                    "uv": [13,11,15,16],
                    "texture": "#textures"
                },
                "south": {
                    "uv": [5,11,7,16],
                    "texture": "#textures"
                }
            }
        },
        {
            "from": [3,8,12],
            "to": [5,10,14],
            "faces": {
                "up": {
                    "uv": [2,12,4,14],
                    "texture": "#textures"
                },
                "down": {
                    "uv": [2,12,4,14],
                    "texture": "#textures"
                },
                "west": {
                    "uv": [12,9,14,11],
                    "texture": "#textures"
                },
                "east": {
                    "uv": [12,9,14,11],
                    "texture": "#textures"
                },
                "north": {
                    "uv": [2,12,4,14],
                    "texture": "#textures"
                },
                "south": {
                    "uv": [2,12,4,14],
                    "texture": "#textures"
                }
            }
        },
        {
            "from": [12,2,11],
            "to": [14,4,13],
            "faces": {
                "up": {
                    "uv": [2,12,4,14],
                    "texture": "#textures"
                },
                "down": {
                    "uv": [2,12,4,14],
                    "texture": "#textures"
                },
                "west": {
                    "uv": [12,9,14,11],
                    "texture": "#textures"
                },
                "east": {
                    "uv": [12,9,14,11],
                    "texture": "#textures"
                },
                "north": {
                    "uv": [2,12,4,14],
                    "texture": "#textures"
                },
                "south": {
                    "uv": [2,12,4,14],
                    "texture": "#textures"
                }
            }
        },
        {
            "from": [11,6,2],
            "to": [13,8,4],
            "faces": {
                "up": {
                    "uv": [2,12,4,14],
                    "texture": "#textures"
                },
                "down": {
                    "uv": [2,12,4,14],
                    "texture": "#textures"
                },
                "west": {
                    "uv": [12,9,14,11],
                    "texture": "#textures"
                },
                "east": {
                    "uv": [12,9,14,11],
                    "texture": "#textures"
                },
                "north": {
                    "uv": [2,12,4,14],
                    "texture": "#textures"
                },
                "south": {
                    "uv": [2,12,4,14],
                    "texture": "#textures"
                }
            }
        },
        {
            "from": [2,3,3],
            "to": [4,5,5],
            "faces": {
                "up": {
                    "uv": [2,12,4,14],
                    "texture": "#textures"
                },
                "down": {
                    "uv": [2,12,4,14],
                    "texture": "#textures"
                },
                "west": {
                    "uv": [12,9,14,11],
                    "texture": "#textures"
                },
                "east": {
                    "uv": [12,9,14,11],
                    "texture": "#textures"
                },
                "north": {
                    "uv": [2,12,4,14],
                    "texture": "#textures"
                },
                "south": {
                    "uv": [2,12,4,14],
                    "texture": "#textures"
                }
            }
        },
        {
            "from": [6,11,6],
            "to": [8,13,8],
            "faces": {
                "up": {
                    "uv": [2,12,4,14],
                    "texture": "#textures"
                },
                "down": {
                    "uv": [2,12,4,14],
                    "texture": "#textures"
                },
                "west": {
                    "uv": [12,9,14,11],
                    "texture": "#textures"
                },
                "east": {
                    "uv": [12,9,14,11],
                    "texture": "#textures"
                },
                "north": {
                    "uv": [2,12,4,14],
                    "texture": "#textures"
                },
                "south": {
                    "uv": [2,12,4,14],
                    "texture": "#textures"
                }
            }
        },
        {
            "from": [8,4,8],
            "to": [10,6,10],
            "faces": {
                "up": {
                    "uv": [2,12,4,14],
                    "texture": "#textures"
                },
                "down": {
                    "uv": [2,12,4,14],
                    "texture": "#textures"
                },
                "west": {
                    "uv": [12,9,14,11],
                    "texture": "#textures"
                },
                "east": {
                    "uv": [12,9,14,11],
                    "texture": "#textures"
                },
                "north": {
                    "uv": [2,12,4,14],
                    "texture": "#textures"
                },
                "south": {
                    "uv": [2,12,4,14],
                    "texture": "#textures"
                }
            }
        }
    ]
}