{
    "__createdwith": "opl's Model Creator",
    "ambientocclusion": false,
    "textures": {
        "0": "blocks/reeds",
        "1": "blocks/red_sand",
        "particle": "blocks/melon_stem_connected"
    },
    "elements": [
        {
            "from": [7,0,7],
            "to": [9,1,9],
            "faces": {
                "up": {
                    "uv": [4,12,7,15],
                    "texture": "#1"
                },
                "west": {
                    "uv": [10,11,13,14],
                    "texture": "#1"
                },
                "east": {
                    "uv": [3,11,6,14],
                    "texture": "#1"
                },
                "north": {
                    "uv": [4,11,7,14],
                    "texture": "#1"
                },
                "south": {
                    "uv": [1,8,4,11],
                    "texture": "#1"
                }
            }
        },
        {
            "from": [7,1,8],
            "to": [8,3,9],
            "faces": {
                "up": {
                    "uv": [10,12,12,14],
                    "texture": "#1"
                },
                "down": {
                    "uv": [10.0,11.0,13.0,14.0],
                    "texture": "missingtexture"
                },
                "west": {
                    "uv": [9,12,12,15],
                    "texture": "#1"
                },
                "east": {
                    "uv": [9,11,12,14],
                    "texture": "#1"
                },
                "north": {
                    "uv": [10,11,13,14],
                    "texture": "#1"
                },
                "south": {
                    "uv": [10,11,13,14],
                    "texture": "#1"
                }
            }
        },
        {
            "from": [8,2,7],
            "to": [10,3,9],
            "faces": {
                "up": {
                    "uv": [4,2,6,4],
                    "texture": "#0"
                },
                "down": {
                    "uv": [4,2,6,4],
                    "texture": "#0"
                },
                "west": {
                    "uv": [12,9,14,11],
                    "texture": "#0"
                },
                "east": {
                    "uv": [12,9,14,11],
                    "texture": "#0"
                },
                "north": {
                    "uv": [12,9,14,11],
                    "texture": "#0"
                },
                "south": {
                    "uv": [12,9,14,11],
                    "texture": "#0"
                }
            }
        }
    ]
}