{
    "__createdwith": "opl's Model Creator",
    "ambientocclusion": false,
    "textures": {
        "0": "blocks/flower_tulip_white",
        "1": "blocks/sponge",
        "particle": "blocks/flower_tulip_white"
    },
    "elements": [
        {
            "from": [7,9,7],
            "to": [9,12,9],
            "faces": {
                "up": {
                    "uv": [0,0,1,1],
                    "texture": "#1"
                },
                "down": {
                    "uv": [8,5,9,6],
                    "texture": "#0"
                },
                "west": {
                    "texture": "#0"
                },
                "east": {
                    "texture": "#0"
                },
                "north": {
                    "texture": "#0"
                },
                "south": {
                    "texture": "#0"
                }
            }
        },
        {
            "from": [6,11,6],
            "to": [7,14,7],
            "faces": {
                "up": {
                    "uv": [6,3,7,4],
                    "texture": "#0"
                },
                "down": {
                    "uv": [6,5,7,6],
                    "texture": "#0"
                },
                "west": {
                    "texture": "#0"
                },
                "east": {
                    "uv": [6,3,7,6],
                    "texture": "#0"
                },
                "north": {
                    "texture": "#0"
                },
                "south": {
                    "uv": [6,3,7,6],
                    "texture": "#0"
                }
            }
        },
        {
            "from": [9,11,6],
            "to": [10,14,7],
            "faces": {
                "up": {
                    "uv": [8,3,9,4],
                    "texture": "#0"
                },
                "down": {
                    "uv": [8,5,9,6],
                    "texture": "#0"
                },
                "west": {
                    "uv": [8,3,9,6],
                    "texture": "#0"
                },
                "east": {
                    "uv": [9,2,10,5],
                    "texture": "#0"
                },
                "north": {
                    "texture": "#0"
                },
                "south": {
                    "uv": [8,3,9,6],
                    "texture": "#0"
                }
            }
        },
        {
            "from": [9,11,9],
            "to": [10,14,10],
            "faces": {
                "up": {
                    "uv": [8,3,9,4],
                    "texture": "#0"
                },
                "down": {
                    "uv": [8,5,9,6],
                    "texture": "#0"
                },
                "west": {
                    "uv": [8,3,9,6],
                    "texture": "#0"
                },
                "east": {
                    "texture": "#0"
                },
                "north": {
                    "uv": [8,3,9,6],
                    "texture": "#0"
                },
                "south": {
                    "texture": "#0"
                }
            }
        },
        {
            "from": [6,11,9],
            "to": [7,14,10],
            "faces": {
                "up": {
                    "uv": [6,3,7,4],
                    "texture": "#0"
                },
                "down": {
                    "uv": [6,5,7,6],
                    "texture": "#0"
                },
                "west": {
                    "uv": [6,2,7,5],
                    "texture": "#0"
                },
                "east": {
                    "uv": [6,3,7,6],
                    "texture": "#0"
                },
                "north": {
                    "uv": [6,3,7,6],
                    "texture": "#0"
                },
                "south": {
                    "texture": "#0"
                }
            }
        },
        {
            "from": [7,10,6],
            "to": [9,13,7],
            "faces": {
                "up": {
                    "uv": [8,3,9,4],
                    "texture": "#0"
                },
                "down": {
                    "uv": [8,5,9,6],
                    "texture": "#0"
                },
                "west": {
                    "uv": [8,3,9,6],
                    "texture": "#0"
                },
                "east": {
                    "uv": [8,3,9,6],
                    "texture": "#0"
                },
                "north": {
                    "uv": [8,3,9,6],
                    "texture": "#0"
                },
                "south": {
                    "uv": [8,3,9,6],
                    "texture": "#0"
                }
            }
        },
        {
            "from": [9,10,7],
            "to": [10,13,9],
            "faces": {
                "up": {
                    "uv": [8,3,9,4],
                    "texture": "#0"
                },
                "down": {
                    "uv": [8,5,9,6],
                    "texture": "#0"
                },
                "west": {
                    "uv": [8,3,9,6],
                    "texture": "#0"
                },
                "east": {
                    "texture": "#0"
                },
                "north": {
                    "uv": [8,3,9,6],
                    "texture": "#0"
                },
                "south": {
                    "uv": [8,3,9,6],
                    "texture": "#0"
                }
            }
        },
        {
            "from": [7,10,9],
            "to": [9,13,10],
            "faces": {
                "up": {
                    "uv": [8,3,9,4],
                    "texture": "#0"
                },
                "down": {
                    "uv": [8,5,9,6],
                    "texture": "#0"
                },
                "west": {
                    "uv": [8,3,9,6],
                    "texture": "#0"
                },
                "east": {
                    "uv": [8,3,9,6],
                    "texture": "#0"
                },
                "north": {
                    "uv": [8,3,9,6],
                    "texture": "#0"
                },
                "south": {
                    "texture": "#0"
                }
            }
        },
        {
            "from": [6,10,7],
            "to": [7,13,9],
            "faces": {
                "up": {
                    "uv": [8,3,9,4],
                    "texture": "#0"
                },
                "down": {
                    "uv": [8,5,9,6],
                    "texture": "#0"
                },
                "west": {
                    "texture": "#0"
                },
                "east": {
                    "uv": [8,3,9,6],
                    "texture": "#0"
                },
                "north": {
                    "uv": [8,3,9,6],
                    "texture": "#0"
                },
                "south": {
                    "uv": [8,3,9,6],
                    "texture": "#0"
                }
            }
        },
        {
            "from": [7,0,7],
            "to": [9,9,9],
            "faces": {
                "up": {
                    "uv": [7,15,8,16],
                    "texture": "#0"
                },
                "down": {
                    "uv": [7,7,8,8],
                    "texture": "#0"
                },
                "west": {
                    "texture": "#0"
                },
                "east": {
                    "texture": "#0"
                },
                "north": {
                    "texture": "#0"
                },
                "south": {
                    "texture": "#0"
                }
            }
        },
        {
            "from": [9,3,7],
            "to": [10,4,8],
            "faces": {
                "up": {
                    "uv": [9,11,10,12],
                    "texture": "#0"
                },
                "down": {
                    "uv": [9,11,10,12],
                    "texture": "#0"
                },
                "west": {
                    "uv": [9,11,10,12],
                    "texture": "#0"
                },
                "east": {
                    "uv": [9,11,10,12],
                    "texture": "#0"
                },
                "north": {
                    "uv": [9,11,10,12],
                    "texture": "#0"
                },
                "south": {
                    "uv": [9,11,10,12],
                    "texture": "#0"
                }
            }
        },
        {
            "from": [10,3,6],
            "to": [12,5,8],
            "faces": {
                "up": {
                    "uv": [10,10,12,12],
                    "texture": "#0"
                },
                "down": {
                    "uv": [10,10,12,12],
                    "texture": "#0"
                },
                "west": {
                    "uv": [10,10,12,12],
                    "texture": "#0"
                },
                "east": {
                    "uv": [10,10,12,12],
                    "texture": "#0"
                },
                "north": {
                    "uv": [10,10,12,12],
                    "texture": "#0"
                },
                "south": {
                    "uv": [10,10,12,12],
                    "texture": "#0"
                }
            }
        },
        {
            "from": [6,4,8],
            "to": [7,5,9],
            "faces": {
                "up": {
                    "uv": [9,11,10,12],
                    "texture": "#0"
                },
                "down": {
                    "uv": [9,11,10,12],
                    "texture": "#0"
                },
                "west": {
                    "uv": [9,11,10,12],
                    "texture": "#0"
                },
                "east": {
                    "uv": [9,11,10,12],
                    "texture": "#0"
                },
                "north": {
                    "uv": [9,11,10,12],
                    "texture": "#0"
                },
                "south": {
                    "uv": [9,11,10,12],
                    "texture": "#0"
                }
            }
        },
        {
            "from": [4,4,8],
            "to": [6,6,10],
            "faces": {
                "up": {
                    "uv": [10,10,12,12],
                    "texture": "#0"
                },
                "down": {
                    "uv": [10,10,12,12],
                    "texture": "#0"
                },
                "west": {
                    "uv": [10,10,12,12],
                    "texture": "#0"
                },
                "east": {
                    "uv": [10,10,12,12],
                    "texture": "#0"
                },
                "north": {
                    "uv": [10,10,12,12],
                    "texture": "#0"
                },
                "south": {
                    "uv": [10,10,12,12],
                    "texture": "#0"
                }
            }
        },
        {
            "from": [8,5,9],
            "to": [9,6,10],
            "faces": {
                "up": {
                    "uv": [9,11,10,12],
                    "texture": "#0"
                },
                "down": {
                    "uv": [9,11,10,12],
                    "texture": "#0"
                },
                "west": {
                    "uv": [9,11,10,12],
                    "texture": "#0"
                },
                "east": {
                    "uv": [9,11,10,12],
                    "texture": "#0"
                },
                "north": {
                    "uv": [9,11,10,12],
                    "texture": "#0"
                },
                "south": {
                    "uv": [9,11,10,12],
                    "texture": "#0"
                }
            }
        },
        {
            "from": [8,5,10],
            "to": [10,7,12],
            "faces": {
                "up": {
                    "uv": [10,10,12,12],
                    "texture": "#0"
                },
                "down": {
                    "uv": [10,10,12,12],
                    "texture": "#0"
                },
                "west": {
                    "uv": [10,10,12,12],
                    "texture": "#0"
                },
                "east": {
                    "uv": [10,10,12,12],
                    "texture": "#0"
                },
                "north": {
                    "uv": [10,10,12,12],
                    "texture": "#0"
                },
                "south": {
                    "uv": [10,10,12,12],
                    "texture": "#0"
                }
            }
        },
        {
            "from": [7,6,6],
            "to": [8,7,7],
            "faces": {
                "up": {
                    "uv": [9,11,10,12],
                    "texture": "#0"
                },
                "down": {
                    "uv": [9,11,10,12],
                    "texture": "#0"
                },
                "west": {
                    "uv": [9,11,10,12],
                    "texture": "#0"
                },
                "east": {
                    "uv": [9,11,10,12],
                    "texture": "#0"
                },
                "north": {
                    "uv": [9,11,10,12],
                    "texture": "#0"
                },
                "south": {
                    "uv": [9,11,10,12],
                    "texture": "#0"
                }
            }
        },
        {
            "from": [6,6,4],
            "to": [8,8,6],
            "faces": {
                "up": {
                    "uv": [10,10,12,12],
                    "texture": "#0"
                },
                "down": {
                    "uv": [10,10,12,12],
                    "texture": "#0"
                },
                "west": {
                    "uv": [10,10,12,12],
                    "texture": "#0"
                },
                "east": {
                    "uv": [10,10,12,12],
                    "texture": "#0"
                },
                "north": {
                    "uv": [10,10,12,12],
                    "texture": "#0"
                },
                "south": {
                    "uv": [10,10,12,12],
                    "texture": "#0"
                }
            }
        },
        {
            "from": [9,0,8],
            "to": [10,2,9],
            "faces": {
                "up": {
                    "uv": [9,11,10,12],
                    "texture": "#0"
                },
                "down": {
                    "uv": [9,11,10,12],
                    "texture": "#0"
                },
                "west": {
                    "uv": [9,11,10,12],
                    "texture": "#0"
                },
                "east": {
                    "uv": [9,11,10,12],
                    "texture": "#0"
                },
                "north": {
                    "uv": [9,11,10,12],
                    "texture": "#0"
                },
                "south": {
                    "uv": [9,11,10,12],
                    "texture": "#0"
                }
            }
        },
        {
            "from": [6,0,7],
            "to": [7,2,8],
            "faces": {
                "up": {
                    "uv": [9,11,10,12],
                    "texture": "#0"
                },
                "down": {
                    "uv": [9,11,10,12],
                    "texture": "#0"
                },
                "west": {
                    "uv": [9,11,10,12],
                    "texture": "#0"
                },
                "east": {
                    "uv": [9,11,10,12],
                    "texture": "#0"
                },
                "north": {
                    "uv": [9,11,10,12],
                    "texture": "#0"
                },
                "south": {
                    "uv": [9,11,10,12],
                    "texture": "#0"
                }
            }
        },
        {
            "from": [7,0,9],
            "to": [8,2,10],
            "faces": {
                "up": {
                    "uv": [9,11,10,12],
                    "texture": "#0"
                },
                "down": {
                    "uv": [9,11,10,12],
                    "texture": "#0"
                },
                "west": {
                    "uv": [9,11,10,12],
                    "texture": "#0"
                },
                "east": {
                    "uv": [9,11,10,12],
                    "texture": "#0"
                },
                "north": {
                    "uv": [9,11,10,12],
                    "texture": "#0"
                },
                "south": {
                    "uv": [9,11,10,12],
                    "texture": "#0"
                }
            }
        },
        {
            "from": [8,0,6],
            "to": [9,2,7],
            "faces": {
                "up": {
                    "uv": [9,11,10,12],
                    "texture": "#0"
                },
                "down": {
                    "uv": [9,11,10,12],
                    "texture": "#0"
                },
                "west": {
                    "uv": [9,11,10,12],
                    "texture": "#0"
                },
                "east": {
                    "uv": [9,11,10,12],
                    "texture": "#0"
                },
                "north": {
                    "uv": [9,11,10,12],
                    "texture": "#0"
                },
                "south": {
                    "uv": [9,11,10,12],
                    "texture": "#0"
                }
            }
        }
    ]
}