{
	"credit": "Made with Blockbench",
	"parent": "block/block",
	"ambientocclusion": false,
	"textures": {
		"3": "block/cactus_side_plain",
		"bottom": "block/cactus_bottom",
		"top": "block/cactus_top",
		"particle": "block/cactus_side",
		"side": "block/cactus_side"
	},
	"elements": [
		{
			"from": [1, -0.5, 1],
			"to": [15, 15.5, 15],
			"rotation": {"angle": 0, "axis": "y", "origin": [8, 7.5, 8]},
			"faces": {
				"north": {"uv": [1, 0, 15, 16], "texture": "#3"},
				"east": {"uv": [1, 0, 15, 16], "texture": "#3"},
				"south": {"uv": [1, 0, 15, 16], "texture": "#3"},
				"west": {"uv": [1, 0, 15, 16], "texture": "#3"},
				"up": {"uv": [1, 1, 15, 15], "texture": "#top", "cullface": "up"},
				"down": {"uv": [1, 1, 15, 15], "texture": "#bottom", "cullface": "down"}
			}
		},
		{
			"from": [15, 0.5, 5],
			"to": [15.5, 1.5, 6],
			"rotation": {"angle": 0, "axis": "y", "origin": [8, 7.5, 8]},
			"faces": {
				"north": {"uv": [10, 14, 10.5, 15], "texture": "#side", "cullface": "east"},
				"east": {"uv": [10, 14, 11, 15], "texture": "#side", "cullface": "east"},
				"south": {"uv": [10, 14, 10.5, 15], "texture": "#side", "cullface": "east"},
				"up": {"uv": [10, 14, 10.5, 15], "texture": "#side", "cullface": "east"},
				"down": {"uv": [10, 14, 10.5, 15], "texture": "#side", "cullface": "east"}
			}
		},
		{
			"from": [15, 4.5, 1],
			"to": [15.5, 5.5, 2],
			"rotation": {"angle": 0, "axis": "y", "origin": [8, 7.5, 8]},
			"faces": {
				"north": {"uv": [14, 10, 15, 11], "texture": "#side", "cullface": "east"},
				"east": {"uv": [14, 10, 15, 11], "texture": "#side", "cullface": "east"},
				"south": {"uv": [14, 10, 15, 11], "texture": "#side", "cullface": "east"},
				"up": {"uv": [14, 10, 15, 11], "texture": "#side", "cullface": "east"},
				"down": {"uv": [14, 10, 15, 11], "texture": "#side", "cullface": "east"}
			}
		},
		{
			"from": [15, 4.5, 10],
			"to": [15.5, 5.5, 11],
			"rotation": {"angle": 0, "axis": "y", "origin": [8, 7.5, 8]},
			"faces": {
				"north": {"uv": [5, 10, 6, 11], "texture": "#side", "cullface": "east"},
				"east": {"uv": [5, 10, 6, 11], "texture": "#side", "cullface": "east"},
				"south": {"uv": [5, 10, 6, 11], "texture": "#side", "cullface": "east"},
				"up": {"uv": [5, 10, 6, 11], "texture": "#side", "cullface": "east"},
				"down": {"uv": [5, 10, 6, 11], "texture": "#side", "cullface": "east"}
			}
		},
		{
			"from": [15, 2.5, 14],
			"to": [15.5, 3.5, 15],
			"rotation": {"angle": 0, "axis": "y", "origin": [8, 7.5, 8]},
			"faces": {
				"north": {"uv": [1, 12, 2, 13], "texture": "#side", "cullface": "east"},
				"east": {"uv": [1, 12, 2, 13], "texture": "#side", "cullface": "east"},
				"south": {"uv": [1, 12, 2, 13], "texture": "#side", "cullface": "east"},
				"up": {"uv": [1, 12, 2, 13], "texture": "#side", "cullface": "east"},
				"down": {"uv": [1, 12, 2, 13], "texture": "#side", "cullface": "east"}
			}
		},
		{
			"from": [15, 12.5, 14],
			"to": [15.5, 13.5, 15],
			"rotation": {"angle": 0, "axis": "y", "origin": [8, 7.5, 8]},
			"faces": {
				"north": {"uv": [1, 2, 2, 3], "texture": "#side", "cullface": "east"},
				"east": {"uv": [1, 2, 2, 3], "texture": "#side", "cullface": "east"},
				"south": {"uv": [1, 2, 2, 3], "texture": "#side", "cullface": "east"},
				"up": {"uv": [1, 2, 2, 3], "texture": "#side", "cullface": "east"},
				"down": {"uv": [1, 2, 2, 3], "texture": "#side", "cullface": "east"}
			}
		},
		{
			"from": [15, 13.5, 10],
			"to": [15.5, 14.5, 11],
			"rotation": {"angle": 0, "axis": "y", "origin": [8, 7.5, 8]},
			"faces": {
				"north": {"uv": [5, 1, 6, 2], "texture": "#side", "cullface": "east"},
				"east": {"uv": [5, 1, 6, 2], "texture": "#side", "cullface": "east"},
				"south": {"uv": [5, 1, 6, 2], "texture": "#side", "cullface": "east"},
				"up": {"uv": [5, 1, 6, 2], "texture": "#side", "cullface": "east"},
				"down": {"uv": [5, 1, 6, 2], "texture": "#side", "cullface": "east"}
			}
		},
		{
			"from": [15, 11.5, 5],
			"to": [15.5, 12.5, 6],
			"rotation": {"angle": 0, "axis": "y", "origin": [8, 7.5, 8]},
			"faces": {
				"north": {"uv": [10, 3, 11, 4], "texture": "#side", "cullface": "east"},
				"east": {"uv": [10, 3, 11, 4], "texture": "#side", "cullface": "east"},
				"south": {"uv": [10, 3, 11, 4], "texture": "#side", "cullface": "east"},
				"up": {"uv": [10, 3, 11, 4], "texture": "#side", "cullface": "east"},
				"down": {"uv": [10, 3, 11, 4], "texture": "#side", "cullface": "east"}
			}
		},
		{
			"from": [15, 8.5, 8],
			"to": [15.5, 9.5, 9],
			"rotation": {"angle": 0, "axis": "y", "origin": [8, 7.5, 8]},
			"faces": {
				"north": {"uv": [7, 6, 8, 7], "texture": "#side", "cullface": "east"},
				"east": {"uv": [7, 6, 8, 7], "texture": "#side", "cullface": "east"},
				"south": {"uv": [7, 6, 8, 7], "texture": "#side", "cullface": "east"},
				"up": {"uv": [7, 6, 8, 7], "texture": "#side", "cullface": "east"},
				"down": {"uv": [7, 6, 8, 7], "texture": "#side", "cullface": "east"}
			}
		},
		{
			"from": [15, 13.5, 1],
			"to": [15.5, 14.5, 2],
			"rotation": {"angle": 0, "axis": "y", "origin": [8, 7.5, 8]},
			"faces": {
				"north": {"uv": [14, 1, 15, 2], "texture": "#side", "cullface": "east"},
				"east": {"uv": [14, 1, 15, 2], "texture": "#side", "cullface": "east"},
				"south": {"uv": [14, 1, 15, 2], "texture": "#side", "cullface": "east"},
				"up": {"uv": [14, 1, 15, 2], "texture": "#side", "cullface": "east"},
				"down": {"uv": [14, 1, 15, 2], "texture": "#side", "cullface": "east"}
			}
		},
		{
			"from": [15, 9.5, 1],
			"to": [15.5, 10.5, 2],
			"rotation": {"angle": 0, "axis": "y", "origin": [8, 7.5, 8]},
			"faces": {
				"north": {"uv": [14, 5, 15, 6], "texture": "#side", "cullface": "east"},
				"east": {"uv": [14, 5, 15, 6], "texture": "#side", "cullface": "east"},
				"south": {"uv": [14, 5, 15, 6], "texture": "#side", "cullface": "east"},
				"up": {"uv": [14, 5, 15, 6], "texture": "#side", "cullface": "east"},
				"down": {"uv": [14, 5, 15, 6], "texture": "#side", "cullface": "east"}
			}
		},
		{
			"from": [5, 0.5, 0.5],
			"to": [6, 1.5, 1],
			"rotation": {"angle": 0, "axis": "y", "origin": [8, 7.5, 8]},
			"faces": {
				"north": {"uv": [10, 14, 11, 15], "texture": "#side", "cullface": "north"},
				"east": {"uv": [10, 14, 10.5, 15], "texture": "#side", "cullface": "north"},
				"west": {"uv": [10, 14, 10.5, 15], "texture": "#side", "cullface": "north"},
				"up": {"uv": [10, 14, 10.5, 15], "rotation": 270, "texture": "#side", "cullface": "north"},
				"down": {"uv": [10, 14, 10.5, 15], "rotation": 90, "texture": "#side", "cullface": "north"}
			}
		},
		{
			"from": [1, 4.5, 0.5],
			"to": [2, 5.5, 1],
			"rotation": {"angle": 0, "axis": "y", "origin": [8, 7.5, 8]},
			"faces": {
				"north": {"uv": [14, 10, 15, 11], "texture": "#side", "cullface": "north"},
				"east": {"uv": [14, 10, 15, 11], "texture": "#side", "cullface": "north"},
				"west": {"uv": [14, 10, 15, 11], "texture": "#side", "cullface": "north"},
				"up": {"uv": [14, 10, 15, 11], "rotation": 270, "texture": "#side", "cullface": "north"},
				"down": {"uv": [14, 10, 15, 11], "rotation": 90, "texture": "#side", "cullface": "north"}
			}
		},
		{
			"from": [10, 4.5, 0.5],
			"to": [11, 5.5, 1],
			"rotation": {"angle": 0, "axis": "y", "origin": [8, 7.5, 8]},
			"faces": {
				"north": {"uv": [5, 10, 6, 11], "texture": "#side", "cullface": "north"},
				"east": {"uv": [5, 10, 6, 11], "texture": "#side", "cullface": "north"},
				"west": {"uv": [5, 10, 6, 11], "texture": "#side", "cullface": "north"},
				"up": {"uv": [5, 10, 6, 11], "rotation": 270, "texture": "#side", "cullface": "north"},
				"down": {"uv": [5, 10, 6, 11], "rotation": 90, "texture": "#side", "cullface": "north"}
			}
		},
		{
			"from": [14, 2.5, 0.5],
			"to": [15, 3.5, 1],
			"rotation": {"angle": 0, "axis": "y", "origin": [8, 7.5, 8]},
			"faces": {
				"north": {"uv": [1, 12, 2, 13], "texture": "#side", "cullface": "north"},
				"east": {"uv": [1, 12, 2, 13], "texture": "#side", "cullface": "north"},
				"west": {"uv": [1, 12, 2, 13], "texture": "#side", "cullface": "north"},
				"up": {"uv": [1, 12, 2, 13], "rotation": 270, "texture": "#side", "cullface": "north"},
				"down": {"uv": [1, 12, 2, 13], "rotation": 90, "texture": "#side", "cullface": "north"}
			}
		},
		{
			"from": [14, 12.5, 0.5],
			"to": [15, 13.5, 1],
			"rotation": {"angle": 0, "axis": "y", "origin": [8, 7.5, 8]},
			"faces": {
				"north": {"uv": [1, 2, 2, 3], "texture": "#side", "cullface": "north"},
				"east": {"uv": [1, 2, 2, 3], "texture": "#side", "cullface": "north"},
				"west": {"uv": [1, 2, 2, 3], "texture": "#side", "cullface": "north"},
				"up": {"uv": [1, 2, 2, 3], "rotation": 270, "texture": "#side", "cullface": "north"},
				"down": {"uv": [1, 2, 2, 3], "rotation": 90, "texture": "#side", "cullface": "north"}
			}
		},
		{
			"from": [10, 13.5, 0.5],
			"to": [11, 14.5, 1],
			"rotation": {"angle": 0, "axis": "y", "origin": [8, 7.5, 8]},
			"faces": {
				"north": {"uv": [5, 1, 6, 2], "texture": "#side", "cullface": "north"},
				"east": {"uv": [5, 1, 6, 2], "texture": "#side", "cullface": "north"},
				"west": {"uv": [5, 1, 6, 2], "texture": "#side", "cullface": "north"},
				"up": {"uv": [5, 1, 6, 2], "rotation": 270, "texture": "#side", "cullface": "north"},
				"down": {"uv": [5, 1, 6, 2], "rotation": 90, "texture": "#side", "cullface": "north"}
			}
		},
		{
			"from": [5, 11.5, 0.5],
			"to": [6, 12.5, 1],
			"rotation": {"angle": 0, "axis": "y", "origin": [8, 7.5, 8]},
			"faces": {
				"north": {"uv": [10, 3, 11, 4], "texture": "#side", "cullface": "north"},
				"east": {"uv": [10, 3, 11, 4], "texture": "#side", "cullface": "north"},
				"west": {"uv": [10, 3, 11, 4], "texture": "#side", "cullface": "north"},
				"up": {"uv": [10, 3, 11, 4], "rotation": 270, "texture": "#side", "cullface": "north"},
				"down": {"uv": [10, 3, 11, 4], "rotation": 90, "texture": "#side", "cullface": "north"}
			}
		},
		{
			"from": [8, 8.5, 0.5],
			"to": [9, 9.5, 1],
			"rotation": {"angle": 0, "axis": "y", "origin": [8, 7.5, 8]},
			"faces": {
				"north": {"uv": [7, 6, 8, 7], "texture": "#side", "cullface": "north"},
				"east": {"uv": [7, 6, 8, 7], "texture": "#side", "cullface": "north"},
				"west": {"uv": [7, 6, 8, 7], "texture": "#side", "cullface": "north"},
				"up": {"uv": [7, 6, 8, 7], "rotation": 270, "texture": "#side", "cullface": "north"},
				"down": {"uv": [7, 6, 8, 7], "rotation": 90, "texture": "#side", "cullface": "north"}
			}
		},
		{
			"from": [1, 13.5, 0.5],
			"to": [2, 14.5, 1],
			"rotation": {"angle": 0, "axis": "y", "origin": [8, 7.5, 8]},
			"faces": {
				"north": {"uv": [14, 1, 15, 2], "texture": "#side", "cullface": "north"},
				"east": {"uv": [14, 1, 15, 2], "texture": "#side", "cullface": "north"},
				"west": {"uv": [14, 1, 15, 2], "texture": "#side", "cullface": "north"},
				"up": {"uv": [14, 1, 15, 2], "rotation": 270, "texture": "#side", "cullface": "north"},
				"down": {"uv": [14, 1, 15, 2], "rotation": 90, "texture": "#side", "cullface": "north"}
			}
		},
		{
			"from": [1, 9.5, 0.5],
			"to": [2, 10.5, 1],
			"rotation": {"angle": 0, "axis": "y", "origin": [8, 7.5, 8]},
			"faces": {
				"north": {"uv": [14, 5, 15, 6], "texture": "#side", "cullface": "north"},
				"east": {"uv": [14, 5, 15, 6], "texture": "#side", "cullface": "north"},
				"west": {"uv": [14, 5, 15, 6], "texture": "#side", "cullface": "north"},
				"up": {"uv": [14, 5, 15, 6], "rotation": 270, "texture": "#side", "cullface": "north"},
				"down": {"uv": [14, 5, 15, 6], "rotation": 90, "texture": "#side", "cullface": "north"}
			}
		},
		{
			"from": [0.5, 0.5, 10],
			"to": [1, 1.5, 11],
			"rotation": {"angle": 0, "axis": "y", "origin": [8, 7.5, 8]},
			"faces": {
				"north": {"uv": [10, 14, 10.5, 15], "texture": "#side", "cullface": "west"},
				"south": {"uv": [10, 14, 10.5, 15], "texture": "#side", "cullface": "west"},
				"west": {"uv": [10, 14, 11, 15], "texture": "#side", "cullface": "west"},
				"up": {"uv": [10, 14, 10.5, 15], "rotation": 180, "texture": "#side", "cullface": "west"},
				"down": {"uv": [10, 14, 10.5, 15], "rotation": 180, "texture": "#side", "cullface": "west"}
			}
		},
		{
			"from": [0.5, 4.5, 14],
			"to": [1, 5.5, 15],
			"rotation": {"angle": 0, "axis": "y", "origin": [8, 7.5, 8]},
			"faces": {
				"north": {"uv": [14, 10, 15, 11], "texture": "#side", "cullface": "west"},
				"south": {"uv": [14, 10, 15, 11], "texture": "#side", "cullface": "west"},
				"west": {"uv": [14, 10, 15, 11], "texture": "#side", "cullface": "west"},
				"up": {"uv": [14, 10, 15, 11], "rotation": 180, "texture": "#side", "cullface": "west"},
				"down": {"uv": [14, 10, 15, 11], "rotation": 180, "texture": "#side", "cullface": "west"}
			}
		},
		{
			"from": [0.5, 4.5, 5],
			"to": [1, 5.5, 6],
			"rotation": {"angle": 0, "axis": "y", "origin": [8, 7.5, 8]},
			"faces": {
				"north": {"uv": [5, 10, 6, 11], "texture": "#side", "cullface": "west"},
				"south": {"uv": [5, 10, 6, 11], "texture": "#side", "cullface": "west"},
				"west": {"uv": [5, 10, 6, 11], "texture": "#side", "cullface": "west"},
				"up": {"uv": [5, 10, 6, 11], "rotation": 180, "texture": "#side", "cullface": "west"},
				"down": {"uv": [5, 10, 6, 11], "rotation": 180, "texture": "#side", "cullface": "west"}
			}
		},
		{
			"from": [0.5, 2.5, 1],
			"to": [1, 3.5, 2],
			"rotation": {"angle": 0, "axis": "y", "origin": [8, 7.5, 8]},
			"faces": {
				"north": {"uv": [1, 12, 2, 13], "texture": "#side", "cullface": "west"},
				"south": {"uv": [1, 12, 2, 13], "texture": "#side", "cullface": "west"},
				"west": {"uv": [1, 12, 2, 13], "texture": "#side", "cullface": "west"},
				"up": {"uv": [1, 12, 2, 13], "rotation": 180, "texture": "#side", "cullface": "west"},
				"down": {"uv": [1, 12, 2, 13], "rotation": 180, "texture": "#side", "cullface": "west"}
			}
		},
		{
			"from": [0.5, 12.5, 1],
			"to": [1, 13.5, 2],
			"rotation": {"angle": 0, "axis": "y", "origin": [8, 7.5, 8]},
			"faces": {
				"north": {"uv": [1, 2, 2, 3], "texture": "#side", "cullface": "west"},
				"south": {"uv": [1, 2, 2, 3], "texture": "#side", "cullface": "west"},
				"west": {"uv": [1, 2, 2, 3], "texture": "#side", "cullface": "west"},
				"up": {"uv": [1, 2, 2, 3], "rotation": 180, "texture": "#side", "cullface": "west"},
				"down": {"uv": [1, 2, 2, 3], "rotation": 180, "texture": "#side", "cullface": "west"}
			}
		},
		{
			"from": [0.5, 13.5, 5],
			"to": [1, 14.5, 6],
			"rotation": {"angle": 0, "axis": "y", "origin": [8, 7.5, 8]},
			"faces": {
				"north": {"uv": [5, 1, 6, 2], "texture": "#side", "cullface": "west"},
				"south": {"uv": [5, 1, 6, 2], "texture": "#side", "cullface": "west"},
				"west": {"uv": [5, 1, 6, 2], "texture": "#side", "cullface": "west"},
				"up": {"uv": [5, 1, 6, 2], "rotation": 180, "texture": "#side", "cullface": "west"},
				"down": {"uv": [5, 1, 6, 2], "rotation": 180, "texture": "#side", "cullface": "west"}
			}
		},
		{
			"from": [0.5, 11.5, 10],
			"to": [1, 12.5, 11],
			"rotation": {"angle": 0, "axis": "y", "origin": [8, 7.5, 8]},
			"faces": {
				"north": {"uv": [10, 3, 11, 4], "texture": "#side", "cullface": "west"},
				"south": {"uv": [10, 3, 11, 4], "texture": "#side", "cullface": "west"},
				"west": {"uv": [10, 3, 11, 4], "texture": "#side", "cullface": "west"},
				"up": {"uv": [10, 3, 11, 4], "rotation": 180, "texture": "#side", "cullface": "west"},
				"down": {"uv": [10, 3, 11, 4], "rotation": 180, "texture": "#side", "cullface": "west"}
			}
		},
		{
			"from": [0.5, 8.5, 7],
			"to": [1, 9.5, 8],
			"rotation": {"angle": 0, "axis": "y", "origin": [8, 7.5, 8]},
			"faces": {
				"north": {"uv": [7, 6, 8, 7], "texture": "#side", "cullface": "west"},
				"south": {"uv": [7, 6, 8, 7], "texture": "#side", "cullface": "west"},
				"west": {"uv": [7, 6, 8, 7], "texture": "#side", "cullface": "west"},
				"up": {"uv": [7, 6, 8, 7], "rotation": 180, "texture": "#side", "cullface": "west"},
				"down": {"uv": [7, 6, 8, 7], "rotation": 180, "texture": "#side", "cullface": "west"}
			}
		},
		{
			"from": [0.5, 13.5, 14],
			"to": [1, 14.5, 15],
			"rotation": {"angle": 0, "axis": "y", "origin": [8, 7.5, 8]},
			"faces": {
				"north": {"uv": [14, 1, 15, 2], "texture": "#side", "cullface": "west"},
				"south": {"uv": [14, 1, 15, 2], "texture": "#side", "cullface": "west"},
				"west": {"uv": [14, 1, 15, 2], "texture": "#side", "cullface": "west"},
				"up": {"uv": [14, 1, 15, 2], "rotation": 180, "texture": "#side", "cullface": "west"},
				"down": {"uv": [14, 1, 15, 2], "rotation": 180, "texture": "#side", "cullface": "west"}
			}
		},
		{
			"from": [0.5, 9.5, 14],
			"to": [1, 10.5, 15],
			"rotation": {"angle": 0, "axis": "y", "origin": [8, 7.5, 8]},
			"faces": {
				"north": {"uv": [14, 5, 15, 6], "texture": "#side", "cullface": "west"},
				"south": {"uv": [14, 5, 15, 6], "texture": "#side", "cullface": "west"},
				"west": {"uv": [14, 5, 15, 6], "texture": "#side", "cullface": "west"},
				"up": {"uv": [14, 5, 15, 6], "rotation": 180, "texture": "#side", "cullface": "west"},
				"down": {"uv": [14, 5, 15, 6], "rotation": 180, "texture": "#side", "cullface": "west"}
			}
		},
		{
			"from": [10, 0.5, 15],
			"to": [11, 1.5, 15.5],
			"rotation": {"angle": 0, "axis": "y", "origin": [8, 7.5, 8]},
			"faces": {
				"east": {"uv": [10, 14, 10.5, 15], "texture": "#side", "cullface": "north"},
				"south": {"uv": [10, 14, 11, 15], "texture": "#side", "cullface": "north"},
				"west": {"uv": [10, 14, 10.5, 15], "texture": "#side", "cullface": "north"},
				"up": {"uv": [10, 14, 10.5, 15], "rotation": 90, "texture": "#side", "cullface": "north"},
				"down": {"uv": [10, 14, 10.5, 15], "rotation": 270, "texture": "#side", "cullface": "north"}
			}
		},
		{
			"from": [14, 4.5, 15],
			"to": [15, 5.5, 15.5],
			"rotation": {"angle": 0, "axis": "y", "origin": [8, 7.5, 8]},
			"faces": {
				"east": {"uv": [14, 10, 15, 11], "texture": "#side", "cullface": "north"},
				"south": {"uv": [14, 10, 15, 11], "texture": "#side", "cullface": "north"},
				"west": {"uv": [14, 10, 15, 11], "texture": "#side", "cullface": "north"},
				"up": {"uv": [14, 10, 15, 11], "rotation": 90, "texture": "#side", "cullface": "north"},
				"down": {"uv": [14, 10, 15, 11], "rotation": 270, "texture": "#side", "cullface": "north"}
			}
		},
		{
			"from": [5, 4.5, 15],
			"to": [6, 5.5, 15.5],
			"rotation": {"angle": 0, "axis": "y", "origin": [8, 7.5, 8]},
			"faces": {
				"east": {"uv": [5, 10, 6, 11], "texture": "#side", "cullface": "north"},
				"south": {"uv": [5, 10, 6, 11], "texture": "#side", "cullface": "north"},
				"west": {"uv": [5, 10, 6, 11], "texture": "#side", "cullface": "north"},
				"up": {"uv": [5, 10, 6, 11], "rotation": 90, "texture": "#side", "cullface": "north"},
				"down": {"uv": [5, 10, 6, 11], "rotation": 270, "texture": "#side", "cullface": "north"}
			}
		},
		{
			"from": [1, 2.5, 15],
			"to": [2, 3.5, 15.5],
			"rotation": {"angle": 0, "axis": "y", "origin": [8, 7.5, 8]},
			"faces": {
				"east": {"uv": [1, 12, 2, 13], "texture": "#side", "cullface": "north"},
				"south": {"uv": [1, 12, 2, 13], "texture": "#side", "cullface": "north"},
				"west": {"uv": [1, 12, 2, 13], "texture": "#side", "cullface": "north"},
				"up": {"uv": [1, 12, 2, 13], "rotation": 90, "texture": "#side", "cullface": "north"},
				"down": {"uv": [1, 12, 2, 13], "rotation": 270, "texture": "#side", "cullface": "north"}
			}
		},
		{
			"from": [1, 12.5, 15],
			"to": [2, 13.5, 15.5],
			"rotation": {"angle": 0, "axis": "y", "origin": [8, 7.5, 8]},
			"faces": {
				"east": {"uv": [1, 2, 2, 3], "texture": "#side", "cullface": "north"},
				"south": {"uv": [1, 2, 2, 3], "texture": "#side", "cullface": "north"},
				"west": {"uv": [1, 2, 2, 3], "texture": "#side", "cullface": "north"},
				"up": {"uv": [1, 2, 2, 3], "rotation": 90, "texture": "#side", "cullface": "north"},
				"down": {"uv": [1, 2, 2, 3], "rotation": 270, "texture": "#side", "cullface": "north"}
			}
		},
		{
			"from": [5, 13.5, 15],
			"to": [6, 14.5, 15.5],
			"rotation": {"angle": 0, "axis": "y", "origin": [8, 7.5, 8]},
			"faces": {
				"east": {"uv": [5, 1, 6, 2], "texture": "#side", "cullface": "north"},
				"south": {"uv": [5, 1, 6, 2], "texture": "#side", "cullface": "north"},
				"west": {"uv": [5, 1, 6, 2], "texture": "#side", "cullface": "north"},
				"up": {"uv": [5, 1, 6, 2], "rotation": 90, "texture": "#side", "cullface": "north"},
				"down": {"uv": [5, 1, 6, 2], "rotation": 270, "texture": "#side", "cullface": "north"}
			}
		},
		{
			"from": [10, 11.5, 15],
			"to": [11, 12.5, 15.5],
			"rotation": {"angle": 0, "axis": "y", "origin": [8, 7.5, 8]},
			"faces": {
				"east": {"uv": [10, 3, 11, 4], "texture": "#side", "cullface": "north"},
				"south": {"uv": [10, 3, 11, 4], "texture": "#side", "cullface": "north"},
				"west": {"uv": [10, 3, 11, 4], "texture": "#side", "cullface": "north"},
				"up": {"uv": [10, 3, 11, 4], "rotation": 90, "texture": "#side", "cullface": "north"},
				"down": {"uv": [10, 3, 11, 4], "rotation": 270, "texture": "#side", "cullface": "north"}
			}
		},
		{
			"from": [7, 8.5, 15],
			"to": [8, 9.5, 15.5],
			"rotation": {"angle": 0, "axis": "y", "origin": [8, 7.5, 8]},
			"faces": {
				"east": {"uv": [7, 6, 8, 7], "texture": "#side", "cullface": "north"},
				"south": {"uv": [7, 6, 8, 7], "texture": "#side", "cullface": "north"},
				"west": {"uv": [7, 6, 8, 7], "texture": "#side", "cullface": "north"},
				"up": {"uv": [7, 6, 8, 7], "rotation": 90, "texture": "#side", "cullface": "north"},
				"down": {"uv": [7, 6, 8, 7], "rotation": 270, "texture": "#side", "cullface": "north"}
			}
		},
		{
			"from": [14, 13.5, 15],
			"to": [15, 14.5, 15.5],
			"rotation": {"angle": 0, "axis": "y", "origin": [8, 7.5, 8]},
			"faces": {
				"east": {"uv": [14, 1, 15, 2], "texture": "#side", "cullface": "north"},
				"south": {"uv": [14, 1, 15, 2], "texture": "#side", "cullface": "north"},
				"west": {"uv": [14, 1, 15, 2], "texture": "#side", "cullface": "north"},
				"up": {"uv": [14, 1, 15, 2], "rotation": 90, "texture": "#side", "cullface": "north"},
				"down": {"uv": [14, 1, 15, 2], "rotation": 270, "texture": "#side", "cullface": "north"}
			}
		},
		{
			"from": [14, 9.5, 15],
			"to": [15, 10.5, 15.5],
			"rotation": {"angle": 0, "axis": "y", "origin": [8, 7.5, 8]},
			"faces": {
				"east": {"uv": [14, 5, 15, 6], "texture": "#side", "cullface": "north"},
				"south": {"uv": [14, 5, 15, 6], "texture": "#side", "cullface": "north"},
				"west": {"uv": [14, 5, 15, 6], "texture": "#side", "cullface": "north"},
				"up": {"uv": [14, 5, 15, 6], "rotation": 90, "texture": "#side", "cullface": "north"},
				"down": {"uv": [14, 5, 15, 6], "rotation": 270, "texture": "#side", "cullface": "north"}
			}
		},
		{
			"from": [7, 15.5, 4],
			"to": [8, 16, 5],
			"rotation": {"angle": 0, "axis": "y", "origin": [8, 7.5, 8]},
			"faces": {
				"north": {"uv": [7, 4, 8, 5], "texture": "#top", "cullface": "up"},
				"east": {"uv": [7, 4, 8, 5], "texture": "#top", "cullface": "up"},
				"south": {"uv": [7, 4, 8, 5], "texture": "#top", "cullface": "up"},
				"west": {"uv": [7, 4, 8, 5], "texture": "#top", "cullface": "up"},
				"up": {"uv": [7, 4, 8, 5], "texture": "#top", "cullface": "up"}
			}
		},
		{
			"from": [8, 15.5, 1],
			"to": [9, 16, 2],
			"rotation": {"angle": 0, "axis": "y", "origin": [8, 7.5, 8]},
			"faces": {
				"north": {"uv": [8, 1, 9, 2], "texture": "#top", "cullface": "up"},
				"east": {"uv": [8, 1, 9, 2], "texture": "#top", "cullface": "up"},
				"south": {"uv": [8, 1, 9, 2], "texture": "#top", "cullface": "up"},
				"west": {"uv": [8, 1, 9, 2], "texture": "#top", "cullface": "up"},
				"up": {"uv": [8, 1, 9, 2], "texture": "#top", "cullface": "up"}
			}
		},
		{
			"from": [4, 15.5, 3],
			"to": [5, 16, 4],
			"rotation": {"angle": 0, "axis": "y", "origin": [8, 7.5, 8]},
			"faces": {
				"north": {"uv": [4, 3, 5, 4], "texture": "#top", "cullface": "up"},
				"east": {"uv": [4, 3, 5, 4], "texture": "#top", "cullface": "up"},
				"south": {"uv": [4, 3, 5, 4], "texture": "#top", "cullface": "up"},
				"west": {"uv": [4, 3, 5, 4], "texture": "#top", "cullface": "up"},
				"up": {"uv": [4, 3, 5, 4], "texture": "#top", "cullface": "up"}
			}
		},
		{
			"from": [2, 15.5, 6],
			"to": [3, 16, 7],
			"rotation": {"angle": 0, "axis": "y", "origin": [8, 7.5, 8]},
			"faces": {
				"north": {"uv": [2, 6, 3, 7], "texture": "#top", "cullface": "up"},
				"east": {"uv": [2, 6, 3, 7], "texture": "#top", "cullface": "up"},
				"south": {"uv": [2, 6, 3, 7], "texture": "#top", "cullface": "up"},
				"west": {"uv": [2, 6, 3, 7], "texture": "#top", "cullface": "up"},
				"up": {"uv": [2, 6, 3, 7], "texture": "#top", "cullface": "up"}
			}
		},
		{
			"from": [5, 15.5, 8],
			"to": [6, 16, 9],
			"rotation": {"angle": 0, "axis": "y", "origin": [8, 7.5, 8]},
			"faces": {
				"north": {"uv": [5, 8, 6, 9], "texture": "#top", "cullface": "up"},
				"east": {"uv": [5, 8, 6, 9], "texture": "#top", "cullface": "up"},
				"south": {"uv": [5, 8, 6, 9], "texture": "#top", "cullface": "up"},
				"west": {"uv": [5, 8, 6, 9], "texture": "#top", "cullface": "up"},
				"up": {"uv": [5, 8, 6, 9], "texture": "#top", "cullface": "up"}
			}
		},
		{
			"from": [10, 15.5, 5],
			"to": [11, 16, 6],
			"rotation": {"angle": 0, "axis": "y", "origin": [8, 7.5, 8]},
			"faces": {
				"north": {"uv": [10, 5, 11, 6], "texture": "#top", "cullface": "up"},
				"east": {"uv": [10, 5, 11, 6], "texture": "#top", "cullface": "up"},
				"south": {"uv": [10, 5, 11, 6], "texture": "#top", "cullface": "up"},
				"west": {"uv": [10, 5, 11, 6], "texture": "#top", "cullface": "up"},
				"up": {"uv": [10, 5, 11, 6], "texture": "#top", "cullface": "up"}
			}
		},
		{
			"from": [9, 15.5, 9],
			"to": [10, 16, 10],
			"rotation": {"angle": 0, "axis": "y", "origin": [8, 7.5, 8]},
			"faces": {
				"north": {"uv": [9, 9, 10, 10], "texture": "#top", "cullface": "up"},
				"east": {"uv": [9, 9, 10, 10], "texture": "#top", "cullface": "up"},
				"south": {"uv": [9, 9, 10, 10], "texture": "#top", "cullface": "up"},
				"west": {"uv": [9, 9, 10, 10], "texture": "#top", "cullface": "up"},
				"up": {"uv": [9, 9, 10, 10], "texture": "#top", "cullface": "up"}
			}
		},
		{
			"from": [12, 15.5, 9],
			"to": [13, 16, 10],
			"rotation": {"angle": 0, "axis": "y", "origin": [8, 7.5, 8]},
			"faces": {
				"north": {"uv": [12, 9, 13, 10], "texture": "#top", "cullface": "up"},
				"east": {"uv": [12, 9, 13, 10], "texture": "#top", "cullface": "up"},
				"south": {"uv": [12, 9, 13, 10], "texture": "#top", "cullface": "up"},
				"west": {"uv": [12, 9, 13, 10], "texture": "#top", "cullface": "up"},
				"up": {"uv": [12, 9, 13, 10], "texture": "#top", "cullface": "up"}
			}
		},
		{
			"from": [12, 15.5, 12],
			"to": [13, 16, 13],
			"rotation": {"angle": 0, "axis": "y", "origin": [8, 7.5, 8]},
			"faces": {
				"north": {"uv": [12, 12, 13, 13], "texture": "#top", "cullface": "up"},
				"east": {"uv": [12, 12, 13, 13], "texture": "#top", "cullface": "up"},
				"south": {"uv": [12, 12, 13, 13], "texture": "#top", "cullface": "up"},
				"west": {"uv": [12, 12, 13, 13], "texture": "#top", "cullface": "up"},
				"up": {"uv": [12, 12, 13, 13], "texture": "#top", "cullface": "up"}
			}
		},
		{
			"from": [6, 15.5, 12],
			"to": [7, 16, 13],
			"rotation": {"angle": 0, "axis": "y", "origin": [8, 7.5, 8]},
			"faces": {
				"north": {"uv": [6, 12, 7, 13], "texture": "#top", "cullface": "up"},
				"east": {"uv": [6, 12, 7, 13], "texture": "#top", "cullface": "up"},
				"south": {"uv": [6, 12, 7, 13], "texture": "#top", "cullface": "up"},
				"west": {"uv": [6, 12, 7, 13], "texture": "#top", "cullface": "up"},
				"up": {"uv": [6, 12, 7, 13], "texture": "#top", "cullface": "up"}
			}
		}
	],
	"groups": [0,
		{
			"name": "east",
			"origin": [8, 8, 8],
			"children": [1, 2, 3, 4, 5, 6, 7, 8, 9, 10]
		},
		{
			"name": "north",
			"origin": [8, 8, 8],
			"children": [11, 12, 13, 14, 15, 16, 17, 18, 19, 20]
		},
		{
			"name": "west",
			"origin": [8, 8, 8],
			"children": [21, 22, 23, 24, 25, 26, 27, 28, 29, 30]
		},
		{
			"name": "south",
			"origin": [8, 8, 8],
			"children": [31, 32, 33, 34, 35, 36, 37, 38, 39, 40]
		},
		{
			"name": "up",
			"origin": [8, 8, 8],
			"children": [41, 42, 43, 44, 45, 46, 47, 48, 49, 50]
		}
	]
}