{
	"credit": "Made with Blockbench",
	"parent": "block/block",
	"textures": {
		"0": "block/dispenser_front_vertical",
		"1": "block/furnace_side",
		"particle": "block/dispenser_front_vertical"
	},
	"elements": [
		{
			"from": [0, 0, 0],
			"to": [16, 14, 16],
			"faces": {
				"north": {"uv": [0, 2, 16, 16], "texture": "#1", "cullface": "north"},
				"east": {"uv": [0, 2, 16, 16], "texture": "#1", "cullface": "east"},
				"south": {"uv": [0, 2, 16, 16], "texture": "#1", "cullface": "south"},
				"west": {"uv": [0, 2, 16, 16], "texture": "#1", "cullface": "west"},
				"up": {"uv": [0, 0, 16, 16], "texture": "#0", "cullface": "up"},
				"down": {"uv": [0, 0, 16, 16], "texture": "#1", "cullface": "down"}
			}
		},
		{
			"from": [0, 14, 0],
			"to": [16, 16, 5],
			"faces": {
				"north": {"uv": [0, 0, 16, 2], "texture": "#1", "cullface": "north"},
				"east": {"uv": [11, 0, 16, 2], "texture": "#1", "cullface": "east"},
				"south": {"uv": [0, 3, 16, 5], "texture": "#0"},
				"west": {"uv": [0, 0, 5, 2], "texture": "#1", "cullface": "west"},
				"up": {"uv": [0, 0, 16, 5], "texture": "#0", "cullface": "up"}
			}
		},
		{
			"from": [0, 14, 11],
			"to": [16, 16, 16],
			"faces": {
				"north": {"uv": [0, 11, 16, 13], "texture": "#0"},
				"east": {"uv": [0, 0, 5, 2], "texture": "#1", "cullface": "east"},
				"south": {"uv": [0, 0, 16, 2], "texture": "#1", "cullface": "south"},
				"west": {"uv": [11, 0, 16, 2], "texture": "#1", "cullface": "west"},
				"up": {"uv": [0, 11, 16, 16], "texture": "#0", "cullface": "up"}
			}
		},
		{
			"from": [0, 14, 5],
			"to": [5, 16, 11],
			"faces": {
				"east": {"uv": [5, 3, 11, 5], "texture": "#0"},
				"west": {"uv": [5, 0, 11, 2], "texture": "#1", "cullface": "west"},
				"up": {"uv": [0, 5, 5, 11], "texture": "#0", "cullface": "up"}
			}
		},
		{
			"from": [11, 14, 5],
			"to": [16, 16, 11],
			"faces": {
				"east": {"uv": [5, 0, 11, 2], "texture": "#0", "cullface": "east"},
				"west": {"uv": [5, 11, 11, 13], "texture": "#0"},
				"up": {"uv": [11, 5, 16, 11], "texture": "#0", "cullface": "up"}
			}
		},
		{
			"from": [5, 14, 5],
			"to": [7, 16, 6],
			"faces": {
				"east": {"uv": [6, 4, 7, 6], "texture": "#0"},
				"south": {"uv": [5, 4, 7, 6], "texture": "#0"},
				"up": {"uv": [5, 5, 7, 6], "texture": "#0"}
			}
		},
		{
			"from": [9, 14, 10],
			"to": [11, 16, 11],
			"faces": {
				"north": {"uv": [5, 4, 7, 6], "texture": "#0"},
				"west": {"uv": [6, 4, 7, 6], "texture": "#0"},
				"up": {"uv": [9, 10, 11, 11], "texture": "#0"}
			}
		},
		{
			"from": [5, 14, 9],
			"to": [6, 16, 11],
			"faces": {
				"north": {"uv": [6, 4, 7, 6], "texture": "#0"},
				"east": {"uv": [5, 4, 7, 6], "texture": "#0"},
				"up": {"uv": [5, 9, 6, 11], "rotation": 180, "texture": "#0"}
			}
		},
		{
			"from": [10, 14, 5],
			"to": [11, 16, 7],
			"faces": {
				"south": {"uv": [6, 4, 7, 6], "texture": "#0"},
				"west": {"uv": [5, 4, 7, 6], "texture": "#0"},
				"up": {"uv": [10, 6, 12, 7], "rotation": 90, "texture": "#0"}
			}
		},
		{
			"from": [5, 14, 6],
			"to": [6, 16, 7],
			"faces": {
				"east": {"uv": [5, 5, 6, 7], "texture": "#0"},
				"south": {"uv": [5, 5, 6, 7], "texture": "#0"},
				"up": {"uv": [5, 6, 6, 7], "texture": "#0"}
			}
		},
		{
			"from": [10, 14, 9],
			"to": [11, 16, 10],
			"faces": {
				"north": {"uv": [5, 5, 6, 7], "texture": "#0"},
				"west": {"uv": [5, 5, 6, 7], "texture": "#0"},
				"up": {"uv": [10, 9, 11, 10], "rotation": 180, "texture": "#0"}
			}
		},
		{
			"from": [6, 14, 10],
			"to": [7, 16, 11],
			"faces": {
				"north": {"uv": [5, 5, 6, 7], "texture": "#0"},
				"east": {"uv": [5, 5, 6, 7], "texture": "#0"},
				"up": {"uv": [6, 10, 7, 11], "rotation": 270, "texture": "#0"}
			}
		},
		{
			"from": [9, 14, 5],
			"to": [10, 16, 6],
			"faces": {
				"south": {"uv": [5, 5, 6, 7], "texture": "#0"},
				"west": {"uv": [5, 5, 6, 7], "texture": "#0"},
				"up": {"uv": [9, 5, 10, 6], "rotation": 90, "texture": "#0"}
			}
		}
	]
}