{
    "multipart": [
        
		{   "when": { "east": "false", "west": "false", "south": "false", "north": "false" },
            "apply": { "model": "acacia_fence_post" }
        },
		
		
		
		
        {   "when": { "north": "true" },
            "apply": [
						{ "model": "acacia_fence_side", "uvlock": false },
						{ "model": "acacia_fence_side2", "uvlock": false }
					]
        },
        {   "when": { "east": "true" },
            "apply": [
						{ "model": "acacia_fence_side", "y": 90, "uvlock": false },
						{ "model": "acacia_fence_side2", "y": 90, "uvlock": false }
					]
        },
        {   "when": { "south": "true" },
            "apply": [
						{ "model": "acacia_fence_side", "y": 180, "uvlock": false },
						{ "model": "acacia_fence_side2", "y": 180, "uvlock": false }
					]
        },
        {   "when": { "west": "true" },
            "apply": [
						{ "model": "acacia_fence_side", "y": 270, "uvlock": false },
						{ "model": "acacia_fence_side2", "y": 270, "uvlock": false }
					]
        }
    ]
}
