{
	"textures": {
	    "particle": "blocks/leaves_acacia",
    "all": "blocks/leaves_acacia",
    "extra": "blocks/better_leaves_acacia"
	},
    "variants": {
        "normal": [
		{ "model": "better_leaves_acacia1" },
		{ "model": "better_leaves_acacia1", "y": 90  },
		{ "model": "better_leaves_acacia1", "y": 180 },
		{ "model": "better_leaves_acacia1", "y": 270 },
		
		{ "model": "better_leaves_acacia2" },
		{ "model": "better_leaves_acacia2", "y": 90  },
		{ "model": "better_leaves_acacia2", "y": 180 },
		{ "model": "better_leaves_acacia2", "y": 270 }
				]
		}
}
