{
    "__comment": "made by tomaxed",
    "variants": {
        "snowy=false": [
			{ "model": "grass_1", "weight": 1 },
            { "model": "grass_1", "y": 90 , "weight": 1 },
			{ "model": "grass_1", "y": 180 , "weight": 1 },
			
            { "model": "grass_2", "weight": 1 },
            { "model": "grass_2", "y": 90 , "weight": 1 },
			{ "model": "grass_2", "y": 180 , "weight": 1 },
			
			{ "model": "grass_3", "weight": 1 },
            { "model": "grass_3", "y": 90 , "weight": 1 },
			{ "model": "grass_3", "y": 180 , "weight": 1 },
			
			{ "model": "grass_4", "weight": 1 },
            { "model": "grass_4", "y": 90 , "weight": 1 },
			{ "model": "grass_4", "y": 180 , "weight": 1 },
			
			{ "model": "grass_5", "weight": 1 },
            { "model": "grass_5", "y": 90 , "weight": 1 },
			{ "model": "grass_5", "y": 180 , "weight": 1 },
			
			{ "model": "grass_6", "weight": 1 },
            { "model": "grass_6", "y": 90 , "weight": 1 },
			{ "model": "grass_6", "y": 180 , "weight": 1 },
			
			
			
			{ "model": "grass_7", "weight": 1 },
            { "model": "grass_7", "y": 90 , "weight": 1 },
			{ "model": "grass_7", "y": 180 , "weight": 1 },
			
            { "model": "grass_8", "weight": 1 },
            { "model": "grass_8", "y": 90 , "weight": 1 },
			{ "model": "grass_8", "y": 180 , "weight": 1 },
			
			{ "model": "grass_9", "weight": 1 },
            { "model": "grass_9", "y": 90 , "weight": 1 },
			{ "model": "grass_9", "y": 180 , "weight": 1 },
			
			{ "model": "grass_10", "weight": 1 },
            { "model": "grass_10", "y": 90 , "weight": 1 },
			{ "model": "grass_10", "y": 180 , "weight": 1 },
			
			{ "model": "grass_11", "weight": 1 },
            { "model": "grass_11", "y": 90 , "weight": 1 },
			{ "model": "grass_11", "y": 180 , "weight": 1 },
			
			{ "model": "grass_12", "weight": 1 },
            { "model": "grass_12", "y": 90 , "weight": 1 },
			{ "model": "grass_12", "y": 180 , "weight": 1 },
			
			
			
			{ "model": "grass_empty", "weight": 10 }
			
        ],
        "snowy=true":  { "model": "grass_snowed" }
    }
}
