{
	"textures": {
	    "particle": "blocks/leaves_jungle",
    "all": "blocks/leaves_jungle",
    "extra": "blocks/better_leaves_jungle"
	},
    "variants": {
        "normal": [
		{ "model": "better_leaves_jungle1" },
		{ "model": "better_leaves_jungle1", "y": 90  },
		{ "model": "better_leaves_jungle1", "y": 180 },
		{ "model": "better_leaves_jungle1", "y": 270 },
		
		{ "model": "better_leaves_jungle2" },
		{ "model": "better_leaves_jungle2", "y": 90  },
		{ "model": "better_leaves_jungle2", "y": 180 },
		{ "model": "better_leaves_jungle2", "y": 270 }
				]
		}
}
