{
	"textures": {
	    "particle": "blocks/leaves_spruce",
    "all": "blocks/leaves_spruce",
    "extra": "blocks/better_leaves_spruce"
	},
    "variants": {
        "normal": [
		{ "model": "better_leaves_spruce1" },
		{ "model": "better_leaves_spruce1", "y": 90  },
		{ "model": "better_leaves_spruce1", "y": 180 },
		{ "model": "better_leaves_spruce1", "y": 270 },
		
		{ "model": "better_leaves_spruce2" },
		{ "model": "better_leaves_spruce2", "y": 90  },
		{ "model": "better_leaves_spruce2", "y": 180 },
		{ "model": "better_leaves_spruce2", "y": 270 }
				]
		}
}
