{
    "variants": {
        "facing=east,half=bottom,shape=straight":  { "model": "stone_stairs" },
        "facing=west,half=bottom,shape=straight":  { "model": "stone_stairs", "y": 180, "uvlock": true },
        "facing=south,half=bottom,shape=straight": { "model": "stone_stairs", "y": 90, "uvlock": true },
        "facing=north,half=bottom,shape=straight": { "model": "stone_stairs", "y": 270, "uvlock": true },
        "facing=east,half=bottom,shape=outer_right":  { "model": "stone_outer_stairs" },
        "facing=west,half=bottom,shape=outer_right":  { "model": "stone_outer_stairs", "y": 180, "uvlock": true },
        "facing=south,half=bottom,shape=outer_right": { "model": "stone_outer_stairs", "y": 90, "uvlock": true },
        "facing=north,half=bottom,shape=outer_right": { "model": "stone_outer_stairs", "y": 270, "uvlock": true },
        "facing=east,half=bottom,shape=outer_left":  { "model": "stone_outer_stairs", "y": 270, "uvlock": true },
        "facing=west,half=bottom,shape=outer_left":  { "model": "stone_outer_stairs", "y": 90, "uvlock": true },
        "facing=south,half=bottom,shape=outer_left": { "model": "stone_outer_stairs" },
        "facing=north,half=bottom,shape=outer_left": { "model": "stone_outer_stairs", "y": 180, "uvlock": true },
        "facing=east,half=bottom,shape=inner_right":  { "model": "stone_inner_stairs" },
        "facing=west,half=bottom,shape=inner_right":  { "model": "stone_inner_stairs", "y": 180, "uvlock": true },
        "facing=south,half=bottom,shape=inner_right": { "model": "stone_inner_stairs", "y": 90, "uvlock": true },
        "facing=north,half=bottom,shape=inner_right": { "model": "stone_inner_stairs", "y": 270, "uvlock": true },
        "facing=east,half=bottom,shape=inner_left":  { "model": "stone_inner_stairs", "y": 270, "uvlock": true },
        "facing=west,half=bottom,shape=inner_left":  { "model": "stone_inner_stairs", "y": 90, "uvlock": true },
        "facing=south,half=bottom,shape=inner_left": { "model": "stone_inner_stairs" },
        "facing=north,half=bottom,shape=inner_left": { "model": "stone_inner_stairs", "y": 180, "uvlock": true },
		
		
		
        "facing=east,half=top,shape=straight":  { "model": "cobblestone_stair_arch", "y": 90 },
        "facing=west,half=top,shape=straight":  { "model": "cobblestone_stair_arch", "y": 270 },
        "facing=south,half=top,shape=straight": { "model": "cobblestone_stair_arch", "y": 180 },
        "facing=north,half=top,shape=straight": { "model": "cobblestone_stair_arch", "y": 0 },
		
        "facing=east,half=top,shape=outer_right":  { "model": "cobblestone_outer_stair_arch", "y": 180,"uvlock": true },
        "facing=west,half=top,shape=outer_right":  { "model": "cobblestone_outer_stair_arch", "y": 0, "uvlock": true },
        "facing=south,half=top,shape=outer_right": { "model": "cobblestone_outer_stair_arch", "y": 270, "uvlock": true },
        "facing=north,half=top,shape=outer_right": { "model": "cobblestone_outer_stair_arch", "y": 90, "uvlock": true },
        "facing=east,half=top,shape=outer_left":  { "model": "cobblestone_outer_stair_arch", "y": 90, "uvlock": true },
        "facing=west,half=top,shape=outer_left":  { "model": "cobblestone_outer_stair_arch", "y": 270, "uvlock": true },
        "facing=south,half=top,shape=outer_left": { "model": "cobblestone_outer_stair_arch", "y": 180, "uvlock": true },
        "facing=north,half=top,shape=outer_left": { "model": "cobblestone_outer_stair_arch", "uvlock": true },
		
        "facing=east,half=top,shape=inner_right":  { "model": "cobblestone_inner_stair_arch", "y": 180,"uvlock": true },
        "facing=west,half=top,shape=inner_right":  { "model": "cobblestone_inner_stair_arch", "y": 0, "uvlock": true },
        "facing=south,half=top,shape=inner_right": { "model": "cobblestone_inner_stair_arch", "y": 270, "uvlock": true },
        "facing=north,half=top,shape=inner_right": { "model": "cobblestone_inner_stair_arch", "y": 90, "uvlock": true },
        "facing=east,half=top,shape=inner_left":  { "model": "cobblestone_inner_stair_arch", "y": 90, "uvlock": true },
        "facing=west,half=top,shape=inner_left":  { "model": "cobblestone_inner_stair_arch", "y": 270, "uvlock": true },
        "facing=south,half=top,shape=inner_left": { "model": "cobblestone_inner_stair_arch", "y": 180, "uvlock": true },
        "facing=north,half=top,shape=inner_left": { "model": "cobblestone_inner_stair_arch", "y": 0,"uvlock": true }
    }
}
