{
	"credit": "Made with Blockbench",
	"ambientocclusion": false,
	"textures": {
		"0": "block/acacia_door_top",
		"1": "block/acacia_door_side",
		"2": "block/acacia_door_top_invert",
		"3": "block/acacia_door_bottom",
		"4": "block/acacia_door_bottom_invert",
		"particle": "block/acacia_door_bottom"
	},
	"elements": [
		{
			"from": [1, 16, 6],
			"to": [4, 17, 6.5],
			"rotation": {"angle": 0, "axis": "y", "origin": [8, 24, 14.5]},
			"faces": {
				"north": {"uv": [12, 15, 15, 16], "texture": "#0"},
				"east": {"uv": [12, 15, 13, 16], "texture": "#0"},
				"south": {"uv": [12, 15, 15, 16], "rotation": 180, "texture": "#0"},
				"west": {"uv": [14, 15, 15, 16], "texture": "#0"},
				"up": {"uv": [12, 15, 15, 16], "rotation": 180, "texture": "#0"},
				"down": {"uv": [12, 15, 15, 16], "rotation": 180, "texture": "#0"}
			}
		},
		{
			"from": [1, 16, 9.5],
			"to": [4, 17, 10],
			"rotation": {"angle": 0, "axis": "y", "origin": [8, 24, 14.5]},
			"faces": {
				"north": {"uv": [12, 15, 15, 16], "texture": "#0"},
				"east": {"uv": [12, 15, 13, 16], "texture": "#0"},
				"south": {"uv": [12, 15, 15, 16], "rotation": 180, "texture": "#0"},
				"west": {"uv": [14, 15, 15, 16], "texture": "#0"},
				"up": {"uv": [12, 15, 15, 16], "rotation": 180, "texture": "#0"},
				"down": {"uv": [12, 15, 15, 16], "rotation": 180, "texture": "#0"}
			}
		},
		{
			"from": [13, 16, 6.5],
			"to": [16, 32, 9.5],
			"rotation": {"angle": 0, "axis": "y", "origin": [8, 24, 14.5]},
			"faces": {
				"north": {"uv": [0, 0, 3, 16], "texture": "#0"},
				"east": {"uv": [0, 0, 3, 16], "texture": "#1"},
				"south": {"uv": [0, 0, 3, 16], "texture": "#2"},
				"west": {"uv": [10, 0, 13, 16], "texture": "#1"},
				"up": {"uv": [0, 6, 3, 9], "rotation": 90, "texture": "#1"}
			}
		},
		{
			"from": [3, 16, 6.5],
			"to": [13, 17, 9.5],
			"rotation": {"angle": 0, "axis": "y", "origin": [8, 24, 14.5]},
			"faces": {
				"north": {"uv": [3, 15, 13, 16], "texture": "#0"},
				"south": {"uv": [3, 15, 13, 16], "rotation": 180, "texture": "#0"},
				"up": {"uv": [10, 0, 13, 10], "rotation": 90, "texture": "#1"}
			}
		},
		{
			"from": [3, 29, 6.5],
			"to": [13, 32, 9.5],
			"rotation": {"angle": 0, "axis": "y", "origin": [8, 24, 14.5]},
			"faces": {
				"north": {"uv": [3, 0, 13, 3], "texture": "#0"},
				"south": {"uv": [3, 0, 13, 3], "texture": "#2"},
				"up": {"uv": [3, 6, 13, 9], "rotation": 180, "texture": "#1"},
				"down": {"uv": [10, 0, 13, 10], "rotation": 270, "texture": "#1"}
			}
		},
		{
			"from": [0, 16, 6.5],
			"to": [3, 32, 9.5],
			"rotation": {"angle": 0, "axis": "y", "origin": [8, 24, 14.5]},
			"faces": {
				"north": {"uv": [13, 0, 16, 16], "texture": "#0"},
				"east": {"uv": [10, 0, 13, 16], "texture": "#1"},
				"south": {"uv": [13, 0, 16, 16], "texture": "#2"},
				"west": {"uv": [13, 0, 16, 16], "texture": "#1"},
				"up": {"uv": [13, 6, 16, 9], "rotation": 180, "texture": "#1"}
			}
		},
		{
			"from": [5, 17, 6.5],
			"to": [7, 29, 9.5],
			"rotation": {"angle": 0, "axis": "y", "origin": [8, 24, 14.5]},
			"faces": {
				"north": {"uv": [9, 3, 11, 15], "texture": "#0"},
				"east": {"uv": [10, 3, 13, 15], "texture": "#1"},
				"south": {"uv": [9, 3, 11, 15], "texture": "#2"},
				"west": {"uv": [10, 3, 13, 15], "texture": "#1"}
			}
		},
		{
			"from": [9, 17, 6.5],
			"to": [11, 29, 9.5],
			"rotation": {"angle": 0, "axis": "y", "origin": [8, 24, 14.5]},
			"faces": {
				"north": {"uv": [5, 3, 7, 15], "texture": "#0"},
				"east": {"uv": [10, 3, 13, 15], "texture": "#1"},
				"south": {"uv": [5, 3, 7, 15], "texture": "#2"},
				"west": {"uv": [10, 3, 13, 15], "texture": "#1"}
			}
		},
		{
			"from": [1, 15, 6],
			"to": [2, 16, 10],
			"rotation": {"angle": 0, "axis": "y", "origin": [8, 24, 14.5]},
			"faces": {
				"north": {"uv": [14, 0, 15, 1], "texture": "#3"},
				"east": {"uv": [14, 0, 15, 1], "texture": "#3"},
				"south": {"uv": [14, 0, 15, 1], "texture": "#3"},
				"west": {"uv": [14, 0, 15, 1], "texture": "#3"},
				"up": {"uv": [14, 0, 15, 1], "rotation": 90, "texture": "#3"},
				"down": {"uv": [14, 0, 15, 1], "rotation": 270, "texture": "#3"}
			}
		},
		{
			"from": [13, 0, 6.5],
			"to": [16, 16, 9.5],
			"rotation": {"angle": 0, "axis": "y", "origin": [8, 24, 14.5]},
			"faces": {
				"north": {"uv": [0, 0, 3, 16], "texture": "#3"},
				"east": {"uv": [3, 0, 6, 16], "texture": "#1"},
				"south": {"uv": [0, 0, 3, 16], "texture": "#4"},
				"west": {"uv": [10, 0, 13, 16], "texture": "#1"},
				"down": {"uv": [0, 12, 3, 15], "rotation": 270, "texture": "#1"}
			}
		},
		{
			"from": [3, 15, 6.5],
			"to": [13, 16, 9.5],
			"rotation": {"angle": 0, "axis": "y", "origin": [8, 24, 14.5]},
			"faces": {
				"north": {"uv": [3, 0, 13, 1], "texture": "#3"},
				"south": {"uv": [3, 0, 13, 1], "rotation": 180, "texture": "#3"},
				"down": {"uv": [10, 5, 13, 15], "rotation": 270, "texture": "#1"}
			}
		},
		{
			"from": [3, 0, 6.5],
			"to": [13, 3, 9.5],
			"rotation": {"angle": 0, "axis": "y", "origin": [8, 24, 14.5]},
			"faces": {
				"north": {"uv": [3, 13, 13, 16], "texture": "#3"},
				"south": {"uv": [3, 13, 13, 16], "texture": "#4"},
				"up": {"uv": [3, 6, 13, 9], "rotation": 180, "texture": "#1"},
				"down": {"uv": [10, 0, 13, 10], "rotation": 270, "texture": "#1"}
			}
		},
		{
			"from": [0, 0, 6.5],
			"to": [3, 16, 9.5],
			"rotation": {"angle": 0, "axis": "y", "origin": [8, 24, 14.5]},
			"faces": {
				"north": {"uv": [13, 0, 16, 16], "texture": "#3"},
				"east": {"uv": [10, 0, 13, 16], "texture": "#1"},
				"south": {"uv": [13, 0, 16, 16], "texture": "#4"},
				"west": {"uv": [13, 0, 16, 16], "texture": "#1"},
				"down": {"uv": [0, 7, 3, 10], "rotation": 270, "texture": "#1"}
			}
		},
		{
			"from": [5, 3, 6.5],
			"to": [7, 15, 9.5],
			"rotation": {"angle": 0, "axis": "y", "origin": [8, 24, 14.5]},
			"faces": {
				"north": {"uv": [9, 1, 11, 13], "texture": "#3"},
				"east": {"uv": [10, 3, 13, 15], "texture": "#1"},
				"south": {"uv": [9, 1, 11, 13], "texture": "#4"},
				"west": {"uv": [10, 3, 13, 15], "texture": "#1"}
			}
		},
		{
			"from": [9, 3, 6.5],
			"to": [11, 15, 9.5],
			"rotation": {"angle": 0, "axis": "y", "origin": [8, 24, 14.5]},
			"faces": {
				"north": {"uv": [5, 1, 7, 13], "texture": "#3"},
				"east": {"uv": [10, 3, 13, 15], "texture": "#1"},
				"south": {"uv": [5, 1, 7, 13], "texture": "#4"},
				"west": {"uv": [10, 3, 13, 15], "texture": "#1"}
			}
		}
	],
	"display": {
		"thirdperson_righthand": {
			"rotation": [75, 90, 0],
			"translation": [0, 2.5, 0],
			"scale": [0.375, 0.375, 0.375]
		},
		"thirdperson_lefthand": {
			"rotation": [75, 90, 0],
			"translation": [0, 2.5, 0],
			"scale": [0.375, 0.375, 0.375]
		},
		"firstperson_righthand": {
			"rotation": [0, 135, 0],
			"translation": [0, -3, 0],
			"scale": [0.4, 0.4, 0.4]
		},
		"firstperson_lefthand": {
			"rotation": [0, 135, 0],
			"translation": [0, -3, 0],
			"scale": [0.4, 0.4, 0.4]
		},
		"ground": {
			"translation": [0, 3, 0],
			"scale": [0.25, 0.25, 0.25]
		},
		"gui": {
			"rotation": [30, -135, 0],
			"translation": [0, -3.25, 0],
			"scale": [0.46, 0.46, 0.46]
		},
		"fixed": {
			"translation": [0, -4, 0],
			"scale": [0.5, 0.5, 0.5]
		}
	}
}