{
	"credit": "Made with Blockbench",
	"parent": "block/block",
	"textures": {
		"top": "block/composter_top",
		"bottom": "block/composter_bottom",
		"particle": "block/composter_side",
		"side": "block/composter_side"
	},
	"elements": [
		{
			"from": [0, 0, 0],
			"to": [16, 2, 16],
			"faces": {
				"up": {"uv": [0, 0, 16, 16], "texture": "#bottom"},
				"down": {"uv": [0, 0, 16, 16], "texture": "#bottom", "cullface": "down"}
			}
		},
		{
			"from": [0, 0, 0],
			"to": [2, 3, 16],
			"faces": {
				"east": {"uv": [0, 13, 16, 16], "texture": "#side"},
				"west": {"uv": [0, 13, 16, 16], "texture": "#side"},
				"up": {"uv": [0, 0, 2, 16], "texture": "#top"}
			}
		},
		{
			"from": [0, 4, 0],
			"to": [2, 7, 16],
			"rotation": {"angle": 0, "axis": "y", "origin": [8, 12, 8]},
			"faces": {
				"east": {"uv": [0, 9, 16, 12], "texture": "#side"},
				"west": {"uv": [0, 9, 16, 12], "texture": "#side"},
				"up": {"uv": [0, 0, 2, 16], "texture": "#top"},
				"down": {"uv": [0, 0, 2, 16], "texture": "#bottom"}
			}
		},
		{
			"from": [0, 8, 0],
			"to": [2, 11, 16],
			"rotation": {"angle": 0, "axis": "y", "origin": [8, 16, 8]},
			"faces": {
				"east": {"uv": [0, 5, 16, 8], "texture": "#side"},
				"west": {"uv": [0, 5, 16, 8], "texture": "#side"},
				"up": {"uv": [0, 0, 2, 16], "texture": "#top"},
				"down": {"uv": [0, 0, 2, 16], "texture": "#bottom"}
			}
		},
		{
			"from": [0, 12, 0],
			"to": [2, 16, 16],
			"rotation": {"angle": 0, "axis": "y", "origin": [8, 20, 8]},
			"faces": {
				"east": {"uv": [0, 0, 16, 4], "texture": "#side"},
				"west": {"uv": [0, 0, 16, 4], "texture": "#side"},
				"up": {"uv": [0, 0, 2, 16], "texture": "#top"},
				"down": {"uv": [0, 0, 2, 16], "texture": "#bottom"}
			}
		},
		{
			"from": [14, 0, 0],
			"to": [16, 3, 16],
			"faces": {
				"east": {"uv": [0, 13, 16, 16], "texture": "#side"},
				"west": {"uv": [0, 13, 16, 16], "texture": "#side"},
				"up": {"uv": [14, 0, 16, 16], "texture": "#top"}
			}
		},
		{
			"from": [14, 4, 0],
			"to": [16, 7, 16],
			"rotation": {"angle": 0, "axis": "y", "origin": [8, 12, 8]},
			"faces": {
				"east": {"uv": [0, 9, 16, 12], "texture": "#side"},
				"west": {"uv": [0, 9, 16, 12], "texture": "#side"},
				"up": {"uv": [14, 0, 16, 16], "texture": "#top"},
				"down": {"uv": [14, 0, 16, 16], "texture": "#bottom"}
			}
		},
		{
			"from": [14, 8, 0],
			"to": [16, 11, 16],
			"rotation": {"angle": 0, "axis": "y", "origin": [8, 16, 8]},
			"faces": {
				"east": {"uv": [0, 5, 16, 8], "texture": "#side"},
				"west": {"uv": [0, 5, 16, 8], "texture": "#side"},
				"up": {"uv": [14, 0, 16, 16], "texture": "#top"},
				"down": {"uv": [14, 0, 16, 16], "texture": "#bottom"}
			}
		},
		{
			"from": [14, 12, 0],
			"to": [16, 16, 16],
			"rotation": {"angle": 0, "axis": "y", "origin": [8, 20, 8]},
			"faces": {
				"east": {"uv": [0, 0, 16, 4], "texture": "#side"},
				"west": {"uv": [0, 0, 16, 4], "texture": "#side"},
				"up": {"uv": [14, 0, 16, 16], "texture": "#top"},
				"down": {"uv": [14, 0, 16, 16], "texture": "#bottom"}
			}
		},
		{
			"from": [0, 0, 0],
			"to": [16, 3, 2],
			"faces": {
				"north": {"uv": [0, 13, 16, 16], "texture": "#side"},
				"south": {"uv": [0, 13, 16, 16], "texture": "#side"},
				"up": {"uv": [0, 0, 16, 2], "texture": "#top"}
			}
		},
		{
			"from": [0, 4, 0],
			"to": [16, 7, 2],
			"rotation": {"angle": 0, "axis": "y", "origin": [8, 12, 8]},
			"faces": {
				"north": {"uv": [0, 9, 16, 12], "texture": "#side"},
				"south": {"uv": [0, 9, 16, 12], "texture": "#side"},
				"up": {"uv": [0, 0, 16, 2], "texture": "#top"},
				"down": {"uv": [0, 14, 16, 16], "texture": "#bottom"}
			}
		},
		{
			"from": [0, 8, 0],
			"to": [16, 11, 2],
			"rotation": {"angle": 0, "axis": "y", "origin": [8, 16, 8]},
			"faces": {
				"north": {"uv": [0, 5, 16, 8], "texture": "#side"},
				"south": {"uv": [0, 5, 16, 8], "texture": "#side"},
				"up": {"uv": [0, 0, 16, 2], "texture": "#top"},
				"down": {"uv": [0, 14, 16, 16], "texture": "#bottom"}
			}
		},
		{
			"from": [0, 12, 0],
			"to": [16, 16, 2],
			"rotation": {"angle": 0, "axis": "y", "origin": [8, 20, 8]},
			"faces": {
				"north": {"uv": [0, 0, 16, 4], "texture": "#side"},
				"south": {"uv": [0, 0, 16, 4], "texture": "#side"},
				"up": {"uv": [0, 0, 16, 2], "texture": "#top"},
				"down": {"uv": [0, 14, 16, 16], "texture": "#bottom"}
			}
		},
		{
			"from": [0, 0, 14],
			"to": [16, 3, 16],
			"faces": {
				"north": {"uv": [0, 13, 16, 16], "texture": "#side"},
				"south": {"uv": [0, 13, 16, 16], "texture": "#side"},
				"up": {"uv": [0, 14, 16, 16], "texture": "#top"}
			}
		},
		{
			"from": [0, 4, 14],
			"to": [16, 7, 16],
			"rotation": {"angle": 0, "axis": "y", "origin": [8, 12, 8]},
			"faces": {
				"north": {"uv": [0, 9, 16, 12], "texture": "#side"},
				"south": {"uv": [0, 9, 16, 12], "texture": "#side"},
				"up": {"uv": [0, 14, 16, 16], "texture": "#top"},
				"down": {"uv": [0, 0, 16, 2], "texture": "#bottom"}
			}
		},
		{
			"from": [0, 8, 14],
			"to": [16, 11, 16],
			"rotation": {"angle": 0, "axis": "y", "origin": [8, 16, 8]},
			"faces": {
				"north": {"uv": [0, 5, 16, 8], "texture": "#side"},
				"south": {"uv": [0, 5, 16, 8], "texture": "#side"},
				"up": {"uv": [0, 14, 16, 16], "texture": "#top"},
				"down": {"uv": [0, 0, 16, 2], "texture": "#bottom"}
			}
		},
		{
			"from": [0, 12, 14],
			"to": [16, 16, 16],
			"rotation": {"angle": 0, "axis": "y", "origin": [8, 20, 8]},
			"faces": {
				"north": {"uv": [0, 0, 16, 4], "texture": "#side"},
				"south": {"uv": [0, 0, 16, 4], "texture": "#side"},
				"up": {"uv": [0, 14, 16, 16], "texture": "#top"},
				"down": {"uv": [0, 0, 16, 2], "texture": "#bottom"}
			}
		},
		{
			"from": [0, 3, 0],
			"to": [2, 12, 2],
			"faces": {
				"north": {"uv": [14, 4, 16, 13], "texture": "#side"},
				"east": {"uv": [14, 4, 16, 13], "texture": "#side"},
				"south": {"uv": [0, 4, 2, 13], "texture": "#side"},
				"west": {"uv": [0, 4, 2, 13], "texture": "#side"}
			}
		},
		{
			"from": [0, 3, 14],
			"to": [2, 12, 16],
			"faces": {
				"north": {"uv": [14, 4, 16, 13], "texture": "#side"},
				"east": {"uv": [0, 4, 2, 13], "texture": "#side"},
				"south": {"uv": [0, 4, 2, 13], "texture": "#side"},
				"west": {"uv": [14, 4, 16, 13], "texture": "#side"}
			}
		},
		{
			"from": [14, 3, 14],
			"to": [16, 12, 16],
			"faces": {
				"north": {"uv": [0, 4, 2, 13], "texture": "#side"},
				"east": {"uv": [0, 4, 2, 13], "texture": "#side"},
				"south": {"uv": [14, 4, 16, 13], "texture": "#side"},
				"west": {"uv": [14, 4, 16, 13], "texture": "#side"}
			}
		},
		{
			"from": [14, 3, 0],
			"to": [16, 12, 2],
			"faces": {
				"north": {"uv": [0, 4, 2, 13], "texture": "#side"},
				"east": {"uv": [14, 4, 16, 13], "texture": "#side"},
				"south": {"uv": [14, 4, 16, 13], "texture": "#side"},
				"west": {"uv": [0, 4, 2, 13], "texture": "#side"}
			}
		}
	]
}