{
	"credit": "Made with Blockbench",
	"parent": "block/block",
	"textures": {
		"bottom": "block/observer_back",
		"side": "block/observer_side",
		"top": "block/observer_top",
		"particle": "block/observer_front",
		"front": "block/observer_front"
	},
	"elements": [
		{
			"from": [0, 0, 1],
			"to": [16, 16, 16],
			"faces": {
				"north": {"uv": [0, 0, 16, 16], "texture": "#front", "cullface": "north"},
				"east": {"uv": [0, 0, 15, 16], "texture": "#side", "cullface": "east"},
				"south": {"uv": [0, 0, 16, 16], "texture": "#bottom", "cullface": "south"},
				"west": {"uv": [1, 0, 16, 16], "texture": "#side", "cullface": "west"},
				"up": {"uv": [0, 15, 16, 0], "texture": "#top", "cullface": "up"},
				"down": {"uv": [0, 0, 16, 15], "texture": "#top", "cullface": "down"}
			}
		},
		{
			"from": [0, 0, 0],
			"to": [16, 5, 1],
			"faces": {
				"north": {"uv": [0, 11, 16, 16], "texture": "#front", "cullface": "north"},
				"east": {"uv": [15, 11, 16, 16], "texture": "#side", "cullface": "east"},
				"west": {"uv": [0, 11, 1, 16], "texture": "#side", "cullface": "west"},
				"up": {"uv": [0, 12, 16, 11], "texture": "#front", "cullface": "north"},
				"down": {"uv": [0, 15, 16, 16], "texture": "#top", "cullface": "down"}
			}
		},
		{
			"from": [0, 7, 0],
			"to": [16, 16, 1],
			"faces": {
				"north": {"uv": [0, 0, 16, 9], "texture": "#front", "cullface": "north"},
				"east": {"uv": [15, 0, 16, 9], "texture": "#side", "cullface": "east"},
				"west": {"uv": [0, 0, 1, 9], "texture": "#side", "cullface": "west"},
				"up": {"uv": [0, 16, 16, 15], "texture": "#top", "cullface": "up"},
				"down": {"uv": [0, 8, 16, 9], "texture": "#front", "cullface": "north"}
			}
		},
		{
			"from": [13, 5, 0],
			"to": [16, 7, 1],
			"faces": {
				"north": {"uv": [0, 9, 3, 11], "texture": "#front", "cullface": "north"},
				"east": {"uv": [0, 9, 1, 11], "texture": "#side", "cullface": "east"},
				"west": {"uv": [2, 9, 3, 11], "texture": "#front", "cullface": "north"}
			}
		},
		{
			"from": [0, 5, 0],
			"to": [3, 7, 1],
			"faces": {
				"north": {"uv": [13, 9, 16, 11], "texture": "#front", "cullface": "north"},
				"east": {"uv": [13, 9, 14, 11], "texture": "#front", "cullface": "north"},
				"west": {"uv": [15, 9, 16, 11], "texture": "#front", "cullface": "west"}
			}
		},
		{
			"from": [5, 5, 0],
			"to": [11, 7, 1],
			"faces": {
				"north": {"uv": [5, 9, 11, 11], "texture": "#front", "cullface": "north"},
				"east": {"uv": [5, 9, 6, 11], "texture": "#front", "cullface": "north"},
				"west": {"uv": [10, 9, 11, 11], "texture": "#front", "cullface": "north"}
			}
		},
		{
			"from": [7, 7, 16],
			"to": [9, 9, 17],
			"faces": {
				"east": {"uv": [8, 7, 9, 9], "texture": "#bottom"},
				"south": {"uv": [7, 7, 9, 9], "texture": "#bottom"},
				"west": {"uv": [7, 7, 8, 9], "texture": "#bottom"},
				"up": {"uv": [7, 7, 9, 8], "texture": "#bottom"},
				"down": {"uv": [7, 8, 9, 9], "texture": "#bottom"}
			}
		}
	]
}