{"credit":"Made with Blockbench","textures":{"4":"iceandfire:custom/tripwire","6":"iceandfire:custom/stymphalian_bird_feather","particle":"iceandfire:custom/tripwire"},"elements":[{"from":[9.7,1.7,5.7],"to":[12.3,4.3,8.3],"rotation":{"angle":22.5,"axis":"x","origin":[11,3,7]},"faces":{"north":{"uv":[0,0,16,8],"texture":"#4"},"east":{"uv":[0,0,16,8],"texture":"#4"},"south":{"uv":[0,0,16,8],"texture":"#4"},"west":{"uv":[0,0,16,8],"texture":"#4"},"up":{"uv":[0,0,16,8],"texture":"#4"},"down":{"uv":[0,0,16,8],"texture":"#4"}}},{"from":[7.95,1.5,13],"to":[8.05,2.5,15],"rotation":{"angle":0,"axis":"y","origin":[8,2.5,8]},"faces":{"north":{"uv":[3,12,3.998,12.997],"texture":"#6"},"east":{"uv":[3,12,3.998,12.997],"texture":"#6"},"south":{"uv":[3,12,3.998,12.997],"texture":"#6"},"west":{"uv":[3,12,3.998,12.997],"texture":"#6"},"up":{"uv":[3,12,3.998,12.997],"texture":"#6"},"down":{"uv":[3,12,3.998,12.997],"texture":"#6"}}},{"from":[7.95,1.5,13],"to":[8.05,2.5,15],"rotation":{"angle":45,"axis":"y","origin":[8,2.5,8]},"faces":{"north":{"uv":[3,12,3.998,12.997],"texture":"#6"},"east":{"uv":[3,12,3.998,12.997],"texture":"#6"},"south":{"uv":[3,12,3.998,12.997],"texture":"#6"},"west":{"uv":[3,12,3.998,12.997],"texture":"#6"},"up":{"uv":[3,12,3.998,12.997],"texture":"#6"},"down":{"uv":[3,12,3.998,12.997],"texture":"#6"}}},{"from":[13,1.5,7.95],"to":[15,2.5,8.05],"rotation":{"angle":0,"axis":"y","origin":[8,2.5,8]},"faces":{"north":{"uv":[3,12,3.998,12.997],"texture":"#6"},"east":{"uv":[3,12,3.998,12.997],"texture":"#6"},"south":{"uv":[3,12,3.998,12.997],"texture":"#6"},"west":{"uv":[3,12,3.998,12.997],"texture":"#6"},"up":{"uv":[3,12,3.998,12.997],"rotation":270,"texture":"#6"},"down":{"uv":[3,12,3.998,12.997],"rotation":90,"texture":"#6"}}},{"from":[13,1.5,7.95],"to":[15,2.5,8.05],"rotation":{"angle":45,"axis":"y","origin":[8,2.5,8]},"faces":{"north":{"uv":[3,12,3.998,12.997],"texture":"#6"},"east":{"uv":[3,12,3.998,12.997],"texture":"#6"},"south":{"uv":[3,12,3.998,12.997],"texture":"#6"},"west":{"uv":[3,12,3.998,12.997],"texture":"#6"},"up":{"uv":[3,12,3.998,12.997],"rotation":270,"texture":"#6"},"down":{"uv":[3,12,3.998,12.997],"rotation":90,"texture":"#6"}}},{"from":[7.95,1.5,1],"to":[8.05,2.5,3],"rotation":{"angle":0,"axis":"y","origin":[8,2.5,8]},"faces":{"north":{"uv":[3,12,3.998,12.997],"texture":"#6"},"east":{"uv":[3,12,3.998,12.997],"texture":"#6"},"south":{"uv":[3,12,3.998,12.997],"texture":"#6"},"west":{"uv":[3,12,3.998,12.997],"texture":"#6"},"up":{"uv":[3,12,3.998,12.997],"rotation":180,"texture":"#6"},"down":{"uv":[3,12,3.998,12.997],"rotation":180,"texture":"#6"}}},{"from":[7.95,1.5,1],"to":[8.05,2.5,3],"rotation":{"angle":45,"axis":"y","origin":[8,2.5,8]},"faces":{"north":{"uv":[3,12,3.998,12.997],"texture":"#6"},"east":{"uv":[3,12,3.998,12.997],"texture":"#6"},"south":{"uv":[3,12,3.998,12.997],"texture":"#6"},"west":{"uv":[3,12,3.998,12.997],"texture":"#6"},"up":{"uv":[3,12,3.998,12.997],"rotation":180,"texture":"#6"},"down":{"uv":[3,12,3.998,12.997],"rotation":180,"texture":"#6"}}},{"from":[1,1.5,7.95],"to":[3,2.5,8.05],"rotation":{"angle":0,"axis":"y","origin":[8,2.5,8]},"faces":{"north":{"uv":[3,12,3.998,12.997],"texture":"#6"},"east":{"uv":[3,12,3.998,12.997],"texture":"#6"},"south":{"uv":[3,12,3.998,12.997],"texture":"#6"},"west":{"uv":[3,12,3.998,12.997],"texture":"#6"},"up":{"uv":[3,12,3.998,12.997],"rotation":90,"texture":"#6"},"down":{"uv":[3,12,3.998,12.997],"rotation":270,"texture":"#6"}}},{"from":[1,1.5,7.95],"to":[3,2.5,8.05],"rotation":{"angle":45,"axis":"y","origin":[8,2.5,8]},"faces":{"north":{"uv":[3,12,3.998,12.997],"texture":"#6"},"east":{"uv":[3,12,3.998,12.997],"texture":"#6"},"south":{"uv":[3,12,3.998,12.997],"texture":"#6"},"west":{"uv":[3,12,3.998,12.997],"texture":"#6"},"up":{"uv":[3,12,3.998,12.997],"rotation":90,"texture":"#6"},"down":{"uv":[3,12,3.998,12.997],"rotation":270,"texture":"#6"}}},{"from":[7.95,1.5,15],"to":[8.05,2,16],"rotation":{"angle":0,"axis":"y","origin":[8,2.5,8]},"faces":{"north":{"uv":[5,10,5.997,10.997],"texture":"#6"},"east":{"uv":[5,10,5.997,10.997],"texture":"#6"},"south":{"uv":[5,10,5.997,10.997],"texture":"#6"},"west":{"uv":[5,10,5.997,10.997],"texture":"#6"},"up":{"uv":[5,10,5.997,10.997],"texture":"#6"},"down":{"uv":[5,10,5.997,10.997],"texture":"#6"}}},{"from":[7.95,1.5,15],"to":[8.05,2,16],"rotation":{"angle":45,"axis":"y","origin":[8,2.5,8]},"faces":{"north":{"uv":[5,10,5.997,10.997],"texture":"#6"},"east":{"uv":[5,10,5.997,10.997],"texture":"#6"},"south":{"uv":[5,10,5.997,10.997],"texture":"#6"},"west":{"uv":[5,10,5.997,10.997],"texture":"#6"},"up":{"uv":[5,10,5.997,10.997],"texture":"#6"},"down":{"uv":[5,10,5.997,10.997],"texture":"#6"}}},{"from":[15,1.5,7.95],"to":[16,2,8.05],"rotation":{"angle":0,"axis":"y","origin":[8,2.5,8]},"faces":{"north":{"uv":[5,10,5.997,10.997],"texture":"#6"},"east":{"uv":[5,10,5.997,10.997],"texture":"#6"},"south":{"uv":[5,10,5.997,10.997],"texture":"#6"},"west":{"uv":[5,10,5.997,10.997],"texture":"#6"},"up":{"uv":[5,10,5.997,10.997],"rotation":270,"texture":"#6"},"down":{"uv":[5,10,5.997,10.997],"rotation":90,"texture":"#6"}}},{"from":[15,1.5,7.95],"to":[16,2,8.05],"rotation":{"angle":45,"axis":"y","origin":[8,2.5,8]},"faces":{"north":{"uv":[5,10,5.997,10.997],"texture":"#6"},"east":{"uv":[5,10,5.997,10.997],"texture":"#6"},"south":{"uv":[5,10,5.997,10.997],"texture":"#6"},"west":{"uv":[5,10,5.997,10.997],"texture":"#6"},"up":{"uv":[5,10,5.997,10.997],"rotation":270,"texture":"#6"},"down":{"uv":[5,10,5.997,10.997],"rotation":90,"texture":"#6"}}},{"from":[7.95,1.5,0],"to":[8.05,2,1],"rotation":{"angle":0,"axis":"y","origin":[8,2.5,8]},"faces":{"north":{"uv":[5,10,5.997,10.997],"texture":"#6"},"east":{"uv":[5,10,5.997,10.997],"texture":"#6"},"south":{"uv":[5,10,5.997,10.997],"texture":"#6"},"west":{"uv":[5,10,5.997,10.997],"texture":"#6"},"up":{"uv":[5,10,5.997,10.997],"rotation":180,"texture":"#6"},"down":{"uv":[5,10,5.997,10.997],"rotation":180,"texture":"#6"}}},{"from":[7.95,1.5,0],"to":[8.05,2,1],"rotation":{"angle":45,"axis":"y","origin":[8,2.5,8]},"faces":{"north":{"uv":[5,10,5.997,10.997],"texture":"#6"},"east":{"uv":[5,10,5.997,10.997],"texture":"#6"},"south":{"uv":[5,10,5.997,10.997],"texture":"#6"},"west":{"uv":[5,10,5.997,10.997],"texture":"#6"},"up":{"uv":[5,10,5.997,10.997],"rotation":180,"texture":"#6"},"down":{"uv":[5,10,5.997,10.997],"rotation":180,"texture":"#6"}}},{"from":[0,1.5,7.95],"to":[1,2,8.05],"rotation":{"angle":0,"axis":"y","origin":[8,2.5,8]},"faces":{"north":{"uv":[5,10,5.997,10.997],"texture":"#6"},"east":{"uv":[5,10,5.997,10.997],"texture":"#6"},"south":{"uv":[5,10,5.997,10.997],"texture":"#6"},"west":{"uv":[5,10,5.997,10.997],"texture":"#6"},"up":{"uv":[5,10,5.997,10.997],"rotation":90,"texture":"#6"},"down":{"uv":[5,10,5.997,10.997],"rotation":270,"texture":"#6"}}},{"from":[0,1.5,7.95],"to":[1,2,8.05],"rotation":{"angle":45,"axis":"y","origin":[8,2.5,8]},"faces":{"north":{"uv":[5,10,5.997,10.997],"texture":"#6"},"east":{"uv":[5,10,5.997,10.997],"texture":"#6"},"south":{"uv":[5,10,5.997,10.997],"texture":"#6"},"west":{"uv":[5,10,5.997,10.997],"texture":"#6"},"up":{"uv":[5,10,5.997,10.997],"rotation":90,"texture":"#6"},"down":{"uv":[5,10,5.997,10.997],"rotation":270,"texture":"#6"}}},{"from":[7.5,1.5,13],"to":[8.5,1.6,15],"rotation":{"angle":0,"axis":"z","origin":[8,2.5,8]},"faces":{"north":{"uv":[2.995,10.997,3.994,11.996],"rotation":90,"texture":"#6"},"east":{"uv":[3,11,4.996,11.997],"rotation":180,"texture":"#6"},"south":{"uv":[3.995,10.997,4.994,11.996],"rotation":90,"texture":"#6"},"west":{"uv":[3,11,4.996,11.997],"texture":"#6"},"up":{"uv":[3,11,4.996,11.997],"rotation":90,"texture":"#6"},"down":{"uv":[3,11,4.996,11.997],"rotation":90,"texture":"#6"}}},{"from":[7.5,1.5,13],"to":[8.5,1.6,15],"rotation":{"angle":45,"axis":"y","origin":[8,2.5,8]},"faces":{"north":{"uv":[2.995,10.997,3.994,11.996],"rotation":90,"texture":"#6"},"east":{"uv":[3,11,4.996,11.997],"rotation":180,"texture":"#6"},"south":{"uv":[3.995,10.997,4.994,11.996],"rotation":90,"texture":"#6"},"west":{"uv":[3,11,4.996,11.997],"texture":"#6"},"up":{"uv":[3,11,4.996,11.997],"rotation":90,"texture":"#6"},"down":{"uv":[3,11,4.996,11.997],"rotation":90,"texture":"#6"}}},{"from":[13,1.5,7.5],"to":[15,1.6,8.5],"rotation":{"angle":0,"axis":"y","origin":[8,2.5,8]},"faces":{"north":{"uv":[3,11,4.996,11.997],"rotation":180,"texture":"#6"},"east":{"uv":[3.995,10.997,4.994,11.996],"rotation":90,"texture":"#6"},"south":{"uv":[3,11,4.996,11.997],"texture":"#6"},"west":{"uv":[2.995,10.997,3.994,11.996],"rotation":90,"texture":"#6"},"up":{"uv":[3,11,4.996,11.997],"texture":"#6"},"down":{"uv":[3,11,4.996,11.997],"rotation":180,"texture":"#6"}}},{"from":[13,1.5,7.5],"to":[15,1.6,8.5],"rotation":{"angle":45,"axis":"y","origin":[8,2.5,8]},"faces":{"north":{"uv":[3,11,4.996,11.997],"rotation":180,"texture":"#6"},"east":{"uv":[3.995,10.997,4.994,11.996],"rotation":90,"texture":"#6"},"south":{"uv":[3,11,4.996,11.997],"texture":"#6"},"west":{"uv":[2.995,10.997,3.994,11.996],"rotation":90,"texture":"#6"},"up":{"uv":[3,11,4.996,11.997],"texture":"#6"},"down":{"uv":[3,11,4.996,11.997],"rotation":180,"texture":"#6"}}},{"from":[7.5,1.5,1],"to":[8.5,1.6,3],"rotation":{"angle":0,"axis":"y","origin":[8,2.5,8]},"faces":{"north":{"uv":[3.995,10.997,4.994,11.996],"rotation":90,"texture":"#6"},"east":{"uv":[3,11,4.996,11.997],"texture":"#6"},"south":{"uv":[2.995,10.997,3.994,11.996],"rotation":90,"texture":"#6"},"west":{"uv":[3,11,4.996,11.997],"rotation":180,"texture":"#6"},"up":{"uv":[3,11,4.996,11.997],"rotation":270,"texture":"#6"},"down":{"uv":[3,11,4.996,11.997],"rotation":270,"texture":"#6"}}},{"from":[7.5,1.5,1],"to":[8.5,1.6,3],"rotation":{"angle":45,"axis":"y","origin":[8,2.5,8]},"faces":{"north":{"uv":[3.995,10.997,4.994,11.996],"rotation":90,"texture":"#6"},"east":{"uv":[3,11,4.996,11.997],"texture":"#6"},"south":{"uv":[2.995,10.997,3.994,11.996],"rotation":90,"texture":"#6"},"west":{"uv":[3,11,4.996,11.997],"rotation":180,"texture":"#6"},"up":{"uv":[3,11,4.996,11.997],"rotation":270,"texture":"#6"},"down":{"uv":[3,11,4.996,11.997],"rotation":270,"texture":"#6"}}},{"from":[1,1.5,7.5],"to":[3,1.6,8.5],"rotation":{"angle":0,"axis":"y","origin":[8,2.5,8]},"faces":{"north":{"uv":[3,11,4.996,11.997],"texture":"#6"},"east":{"uv":[2.995,10.997,3.994,11.996],"rotation":90,"texture":"#6"},"south":{"uv":[3,11,4.996,11.997],"rotation":180,"texture":"#6"},"west":{"uv":[3.995,10.997,4.994,11.996],"rotation":90,"texture":"#6"},"up":{"uv":[3,11,4.996,11.997],"rotation":180,"texture":"#6"},"down":{"uv":[3,11,4.996,11.997],"texture":"#6"}}},{"from":[1,1.5,7.5],"to":[3,1.6,8.5],"rotation":{"angle":45,"axis":"y","origin":[8,2.5,8]},"faces":{"north":{"uv":[3,11,4.996,11.997],"texture":"#6"},"east":{"uv":[2.995,10.997,3.994,11.996],"rotation":90,"texture":"#6"},"south":{"uv":[3,11,4.996,11.997],"rotation":180,"texture":"#6"},"west":{"uv":[3.995,10.997,4.994,11.996],"rotation":90,"texture":"#6"},"up":{"uv":[3,11,4.996,11.997],"rotation":180,"texture":"#6"},"down":{"uv":[3,11,4.996,11.997],"texture":"#6"}}}],"display":{"thirdperson_righthand":{"rotation":[69,0,0],"translation":[-5.75,-0.5,11],"scale":[1.93047,1.78203,1.83281]},"thirdperson_lefthand":{"rotation":[69,0,-180],"translation":[-6.25,-7,-5.5],"scale":[1.93047,1.78203,1.83281]},"firstperson_righthand":{"translation":[-5.25,6.25,0],"scale":[3.05938,1.2,3.14648]},"firstperson_lefthand":{"rotation":[0,-180,0],"translation":[-5.25,6.25,0],"scale":[3.05938,1.2,3.14648]},"ground":{"translation":[0,3.5,0],"scale":[1.2,1.2,1.2]},"gui":{"rotation":[90,-27,-30],"translation":[2.75,-0.25,0]},"head":{"translation":[0,-4,0],"scale":[1.31719,-1.2,1.30352]},"fixed":{"rotation":[-90,90,0],"translation":[0,0.25,-8],"scale":[1.2,1.2,1.2]}}}