{
	"credit": "Made with Blockbench",
	"textures": {
		"2": "ebwizardry:item/wizard_handbook",
		"particle": "ebwizardry:item/wizard_handbook"
	},
	"elements": [
		{
			"from": [6, 2, 9],
			"to": [7, 2, 14],
			"rotation": {"angle": 0, "axis": "y", "origin": [14, 10, 20]},
			"faces": {
				"north": {"uv": [0, 0, 2, 0], "texture": "#2"},
				"east": {"uv": [0, 0, 2, 0], "texture": "#2"},
				"south": {"uv": [0, 0, 2, 0], "texture": "#2"},
				"west": {"uv": [0, 0, 2, 0], "texture": "#2"},
				"up": {"uv": [0, 10, 1, 15], "texture": "#2"},
				"down": {"uv": [0, 10, 1, 15], "texture": "#2"}
			}
		},
		{
			"from": [5, 2, 4],
			"to": [6, 2, 9],
			"rotation": {"angle": 0, "axis": "y", "origin": [13, 10, 15]},
			"faces": {
				"north": {"uv": [0, 0, 2, 0], "texture": "#2"},
				"east": {"uv": [0, 0, 2, 0], "texture": "#2"},
				"south": {"uv": [0, 0, 2, 0], "texture": "#2"},
				"west": {"uv": [0, 0, 2, 0], "texture": "#2"},
				"up": {"uv": [0, 10, 1, 15], "texture": "#2"},
				"down": {"uv": [0, 10, 1, 15], "texture": "#2"}
			}
		},
		{
			"from": [5, 0, 4],
			"to": [10, 1, 12],
			"rotation": {"angle": 0, "axis": "y", "origin": [13, 8, 4]},
			"faces": {
				"north": {"uv": [9, 5, 10, 10], "rotation": 90, "texture": "#2"},
				"east": {"uv": [10, 0, 11, 8], "rotation": 90, "texture": "#2"},
				"south": {"uv": [8, 1, 9, 6], "rotation": 90, "texture": "#2"},
				"west": {"uv": [2, 10, 3, 11], "texture": "#2"},
				"up": {"uv": [11, 1, 16, 9], "texture": "#2"},
				"down": {"uv": [2, 10, 3, 11], "rotation": 270, "texture": "#2"}
			}
		},
		{
			"from": [5, 1, 4],
			"to": [10, 2, 12],
			"rotation": {"angle": 0, "axis": "y", "origin": [13, 9, 4]},
			"faces": {
				"north": {"uv": [8, 5, 9, 10], "rotation": 90, "texture": "#2"},
				"east": {"uv": [9, 0, 10, 8], "rotation": 90, "texture": "#2"},
				"south": {"uv": [7, 1, 8, 6], "rotation": 90, "texture": "#2"},
				"west": {"uv": [2, 10, 3, 11], "texture": "#2"},
				"up": {"uv": [11, 1, 16, 9], "texture": "#2"},
				"down": {"uv": [11, 1, 16, 9], "texture": "#2"}
			}
		},
		{
			"from": [5, 2, 4],
			"to": [10, 3, 12],
			"rotation": {"angle": 0, "axis": "y", "origin": [13, 10, 4]},
			"faces": {
				"north": {"uv": [7, 5, 8, 10], "rotation": 90, "texture": "#2"},
				"east": {"uv": [8, 0, 9, 8], "rotation": 90, "texture": "#2"},
				"south": {"uv": [6, 1, 7, 6], "rotation": 90, "texture": "#2"},
				"west": {"uv": [3, 10, 4, 11], "texture": "#2"},
				"up": {"uv": [2, 10, 3, 11], "texture": "#2"},
				"down": {"uv": [11, 1, 16, 9], "texture": "#2"}
			}
		},
		{
			"from": [5, 3, 3],
			"to": [11, 3, 13],
			"rotation": {"angle": 0, "axis": "y", "origin": [13, 11, 5]},
			"faces": {
				"north": {"uv": [0, 0, 6, 0], "texture": "#2"},
				"east": {"uv": [0, 0, 10, 0], "texture": "#2"},
				"south": {"uv": [0, 0, 6, 0], "texture": "#2"},
				"west": {"uv": [0, 0, 10, 0], "texture": "#2"},
				"up": {"uv": [0, 0, 6, 10], "texture": "#2"},
				"down": {"uv": [7, 11, 8, 12], "rotation": 270, "texture": "#2"}
			}
		},
		{
			"from": [5, 0, 3],
			"to": [11, 0, 13],
			"rotation": {"angle": 0, "axis": "y", "origin": [13, 8, 5]},
			"faces": {
				"north": {"uv": [0, 0, 6, 0], "texture": "#2"},
				"east": {"uv": [0, 0, 10, 0], "texture": "#2"},
				"south": {"uv": [0, 0, 6, 0], "texture": "#2"},
				"west": {"uv": [0, 0, 10, 0], "texture": "#2"},
				"up": {"uv": [7, 11, 8, 12], "rotation": 270, "texture": "#2"},
				"down": {"uv": [6, 10, 16, 16], "rotation": 270, "texture": "#2"}
			}
		},
		{
			"from": [5, 0, 3],
			"to": [5, 3, 13],
			"rotation": {"angle": 0, "axis": "y", "origin": [13, 8, 5]},
			"faces": {
				"north": {"uv": [0, 0, 0, 2], "texture": "#2"},
				"east": {"uv": [6, 10, 16, 11], "texture": "#2"},
				"south": {"uv": [0, 0, 0, 2], "texture": "#2"},
				"west": {"uv": [6, 10, 16, 11], "texture": "#2"},
				"up": {"uv": [0, 1, 0, 11], "texture": "#2"},
				"down": {"uv": [0, 0, 10, 0], "rotation": 90, "texture": "#2"}
			}
		}
	],
	"display": {
		"thirdperson_righthand": {
			"rotation": [-90, -180, -90],
			"translation": [-5, -2, -0.5],
			"scale": [0.75, 0.75, 0.75]
		},
		"thirdperson_lefthand": {
			"rotation": [-90, -180, 90],
			"translation": [5, -2, -0.25],
			"scale": [0.75, 0.75, 0.75]
		},
		"firstperson_righthand": {
			"rotation": [50, 0, 50],
			"translation": [-6.75, 5.25, 7.5],
			"scale": [0.75, 0.75, 0.75]
		},
		"firstperson_lefthand": {
			"rotation": [50, 0, 50],
			"translation": [-6.75, 5.25, 7.5],
			"scale": [0.75, 0.75, 0.75]
		},
		"ground": {
			"translation": [0, 6.5, 0],
			"scale": [0.5, 0.5, 0.5]
		},
		"gui": {
			"rotation": [-115, -154, -159],
			"translation": [-3, 4.5, 0],
			"scale": [1.25, 1.25, 1.25]
		},
		"head": {
			"rotation": [0, -90, 0],
			"translation": [0, 14.5, 0]
		},
		"fixed": {
			"rotation": [90, 0, -180],
			"translation": [0, 0, -12],
			"scale": [1.5, 1.5, 1.5]
		}
	},
	"groups": [
		{
			"name": "spell_book",
			"origin": [8, 8, 8],
			"children": [
				{
					"name": "group",
					"origin": [11, 8, 8],
					"children": [0, 1, 2, 3, 4, 5, 6, 7]
				}
			]
		}
	]
}