{"credit":"Made with Blockbench","textures":{"3":"aj:custom/raddadste","4":"aj:custom/texturedasteaxess","5":"aj:custom/ruby_block"},"elements":[{"from":[8,-4,7],"to":[9,-1.5,8],"rotation":{"angle":0,"axis":"y","origin":[8.5,-2.75,7.5]},"faces":{"north":{"uv":[0,0,16,16],"texture":"#3"},"east":{"uv":[0,0,16,16],"texture":"#3"},"south":{"uv":[0,0,16,16],"texture":"#3"},"west":{"uv":[0,0,16,16],"texture":"#3"},"up":{"uv":[0,0,16,16],"texture":"#3"},"down":{"uv":[0,0,16,16],"texture":"#3"}}},{"from":[8,3,7],"to":[9,10.5,8],"rotation":{"angle":0,"axis":"y","origin":[8.5,7.75,7.5]},"faces":{"north":{"uv":[0,0,16,16],"texture":"#3"},"east":{"uv":[0,0,16,16],"texture":"#3"},"south":{"uv":[0,0,16,16],"texture":"#3"},"west":{"uv":[0,0,16,16],"texture":"#3"},"up":{"uv":[0,0,16,16],"texture":"#3"},"down":{"uv":[0,0,16,16],"texture":"#3"}}},{"from":[7.8,9.95,7.2],"to":[9.2,10.55,7.8],"rotation":{"angle":45,"axis":"x","origin":[8.5,10.25,7.5]},"faces":{"north":{"uv":[0,0,16,16],"texture":"#3"},"east":{"uv":[0,0,16,16],"texture":"#3"},"south":{"uv":[0,0,16,16],"texture":"#3"},"west":{"uv":[0,0,16,16],"texture":"#3"},"up":{"uv":[0,0,16,16],"texture":"#3"},"down":{"uv":[0,0,16,16],"texture":"#3"}}},{"from":[7.8,9.95,7.2],"to":[9.2,10.55,7.8],"rotation":{"angle":0,"axis":"x","origin":[8.5,10.25,7.5]},"faces":{"north":{"uv":[0,0,16,16],"rotation":180,"texture":"#3"},"east":{"uv":[0,0,16,16],"rotation":270,"texture":"#3"},"south":{"uv":[0,0,16,16],"texture":"#3"},"west":{"uv":[0,0,16,16],"rotation":90,"texture":"#3"},"up":{"uv":[0,0,16,16],"rotation":180,"texture":"#3"},"down":{"uv":[0,0,16,16],"texture":"#3"}}},{"from":[7.8,8.95,7.2],"to":[9.2,9.55,7.8],"rotation":{"angle":45,"axis":"x","origin":[8.5,9.25,7.5]},"faces":{"north":{"uv":[0,0,16,16],"texture":"#3"},"east":{"uv":[0,0,16,16],"texture":"#3"},"south":{"uv":[0,0,16,16],"texture":"#3"},"west":{"uv":[0,0,16,16],"texture":"#3"},"up":{"uv":[0,0,16,16],"texture":"#3"},"down":{"uv":[0,0,16,16],"texture":"#3"}}},{"from":[7.8,8.95,7.2],"to":[9.2,9.55,7.8],"rotation":{"angle":0,"axis":"x","origin":[8.5,9.25,7.5]},"faces":{"north":{"uv":[0,0,16,16],"rotation":180,"texture":"#3"},"east":{"uv":[0,0,16,16],"rotation":270,"texture":"#3"},"south":{"uv":[0,0,16,16],"texture":"#3"},"west":{"uv":[0,0,16,16],"rotation":90,"texture":"#3"},"up":{"uv":[0,0,16,16],"rotation":180,"texture":"#3"},"down":{"uv":[0,0,16,16],"texture":"#3"}}},{"from":[7.8,7.95,7.2],"to":[9.2,8.55,7.8],"rotation":{"angle":45,"axis":"x","origin":[8.5,8.25,7.5]},"faces":{"north":{"uv":[0,0,16,16],"texture":"#3"},"east":{"uv":[0,0,16,16],"texture":"#3"},"south":{"uv":[0,0,16,16],"texture":"#3"},"west":{"uv":[0,0,16,16],"texture":"#3"},"up":{"uv":[0,0,16,16],"texture":"#3"},"down":{"uv":[0,0,16,16],"texture":"#3"}}},{"from":[7.8,7.95,7.2],"to":[9.2,8.55,7.8],"rotation":{"angle":0,"axis":"x","origin":[8.5,8.25,7.5]},"faces":{"north":{"uv":[0,0,16,16],"rotation":180,"texture":"#3"},"east":{"uv":[0,0,16,16],"rotation":270,"texture":"#3"},"south":{"uv":[0,0,16,16],"texture":"#3"},"west":{"uv":[0,0,16,16],"rotation":90,"texture":"#3"},"up":{"uv":[0,0,16,16],"rotation":180,"texture":"#3"},"down":{"uv":[0,0,16,16],"texture":"#3"}}},{"from":[7.75,10,7.25],"to":[9.25,10.5,7.75],"rotation":{"angle":45,"axis":"x","origin":[8.5,10.25,7.5]},"faces":{"north":{"uv":[1,1,3.999,3.999],"rotation":180,"texture":"#5"},"east":{"uv":[1,1,3.999,3.999],"rotation":270,"texture":"#5"},"south":{"uv":[1,1,3.999,3.999],"texture":"#5"},"west":{"uv":[1,1,3.999,3.999],"rotation":90,"texture":"#5"},"up":{"uv":[1,1,3.999,3.999],"rotation":180,"texture":"#5"},"down":{"uv":[1,1,3.999,3.999],"texture":"#5"}}},{"from":[7.775,10,7.25],"to":[9.225,10.5,7.75],"rotation":{"angle":0,"axis":"x","origin":[8.5,10.25,7.5]},"faces":{"north":{"uv":[1,1,3.999,3.999],"rotation":180,"texture":"#5"},"east":{"uv":[1,1,3.999,3.999],"rotation":180,"texture":"#5"},"south":{"uv":[1,1,3.999,3.999],"rotation":180,"texture":"#5"},"west":{"uv":[1,1,3.999,3.999],"rotation":180,"texture":"#5"},"up":{"uv":[1,1,3.999,3.999],"texture":"#5"},"down":{"uv":[1,1,3.999,3.999],"texture":"#5"}}},{"from":[7.775,9,7.25],"to":[9.225,9.5,7.75],"rotation":{"angle":0,"axis":"x","origin":[8.5,9.25,7.5]},"faces":{"north":{"uv":[1,1,3.999,3.999],"rotation":180,"texture":"#5"},"east":{"uv":[1,1,3.999,3.999],"rotation":180,"texture":"#5"},"south":{"uv":[1,1,3.999,3.999],"rotation":180,"texture":"#5"},"west":{"uv":[1,1,3.999,3.999],"rotation":180,"texture":"#5"},"up":{"uv":[1,1,3.999,3.999],"texture":"#5"},"down":{"uv":[1,1,3.999,3.999],"texture":"#5"}}},{"from":[7.775,8,7.25],"to":[9.225,8.5,7.75],"rotation":{"angle":0,"axis":"x","origin":[8.5,8.25,7.5]},"faces":{"north":{"uv":[1,1,3.999,3.999],"rotation":180,"texture":"#5"},"east":{"uv":[1,1,3.999,3.999],"rotation":180,"texture":"#5"},"south":{"uv":[1,1,3.999,3.999],"rotation":180,"texture":"#5"},"west":{"uv":[1,1,3.999,3.999],"rotation":180,"texture":"#5"},"up":{"uv":[1,1,3.999,3.999],"texture":"#5"},"down":{"uv":[1,1,3.999,3.999],"texture":"#5"}}},{"from":[7.75,9,7.25],"to":[9.25,9.5,7.75],"rotation":{"angle":45,"axis":"x","origin":[8.5,9.25,7.5]},"faces":{"north":{"uv":[3,4,5.998,6.999],"rotation":180,"texture":"#5"},"east":{"uv":[3,4,5.998,6.999],"rotation":180,"texture":"#5"},"south":{"uv":[3,4,5.998,6.999],"rotation":180,"texture":"#5"},"west":{"uv":[3,4,5.998,6.999],"rotation":180,"texture":"#5"},"up":{"uv":[3,4,5.998,6.999],"rotation":180,"texture":"#5"},"down":{"uv":[3,4,5.998,6.999],"rotation":180,"texture":"#5"}}},{"from":[7.75,8,7.25],"to":[9.25,8.5,7.75],"rotation":{"angle":45,"axis":"x","origin":[8.5,8.25,7.5]},"faces":{"north":{"uv":[12,1,14.998,3.999],"rotation":180,"texture":"#5"},"east":{"uv":[12,1,14.998,3.999],"rotation":180,"texture":"#5"},"south":{"uv":[12,1,14.998,3.999],"rotation":180,"texture":"#5"},"west":{"uv":[12,1,14.998,3.999],"rotation":180,"texture":"#5"},"up":{"uv":[12,1,14.998,3.999],"rotation":180,"texture":"#5"},"down":{"uv":[12,1,14.998,3.999],"rotation":180,"texture":"#5"}}},{"from":[7.9,6,7.25],"to":[9.1,6.5,7.75],"rotation":{"angle":45,"axis":"x","origin":[8.5,6.25,7.5]},"faces":{"north":{"uv":[2,1,3.999,3],"texture":"#5"},"east":{"uv":[2,1,3.999,3],"texture":"#5"},"south":{"uv":[2,1,3.999,3],"texture":"#5"},"west":{"uv":[2,1,3.999,3],"texture":"#5"},"up":{"uv":[2,1,3.999,3],"texture":"#5"},"down":{"uv":[2,1,3.999,3],"texture":"#5"}}},{"from":[7.95,6,7.25],"to":[9.05,6.5,7.75],"rotation":{"angle":0,"axis":"x","origin":[8.5,6.25,7.5]},"faces":{"north":{"uv":[2,1,3.999,3],"rotation":180,"texture":"#5"},"east":{"uv":[2,1,3.999,3],"rotation":270,"texture":"#5"},"south":{"uv":[2,1,3.999,3],"texture":"#5"},"west":{"uv":[2,1,3.999,3],"rotation":90,"texture":"#5"},"up":{"uv":[2,1,3.999,3],"rotation":180,"texture":"#5"},"down":{"uv":[2,1,3.999,3],"texture":"#5"}}},{"from":[7.95,5,7.25],"to":[9.05,5.5,7.75],"rotation":{"angle":0,"axis":"x","origin":[8.5,5.25,7.5]},"faces":{"north":{"uv":[2,1,3.999,3],"rotation":180,"texture":"#5"},"east":{"uv":[2,1,3.999,3],"rotation":270,"texture":"#5"},"south":{"uv":[2,1,3.999,3],"texture":"#5"},"west":{"uv":[2,1,3.999,3],"rotation":90,"texture":"#5"},"up":{"uv":[2,1,3.999,3],"rotation":180,"texture":"#5"},"down":{"uv":[2,1,3.999,3],"texture":"#5"}}},{"from":[7.95,4,7.25],"to":[9.05,4.5,7.75],"rotation":{"angle":0,"axis":"x","origin":[8.5,4.25,7.5]},"faces":{"north":{"uv":[2,1,3.999,3],"rotation":180,"texture":"#5"},"east":{"uv":[2,1,3.999,3],"rotation":270,"texture":"#5"},"south":{"uv":[2,1,3.999,3],"texture":"#5"},"west":{"uv":[2,1,3.999,3],"rotation":90,"texture":"#5"},"up":{"uv":[2,1,3.999,3],"rotation":180,"texture":"#5"},"down":{"uv":[2,1,3.999,3],"texture":"#5"}}},{"from":[7.95,-3,7.25],"to":[9.05,-2.5,7.75],"rotation":{"angle":0,"axis":"x","origin":[8.5,-2.75,7.5]},"faces":{"north":{"uv":[2,1,3.999,3],"rotation":180,"texture":"#5"},"east":{"uv":[2,1,3.999,3],"rotation":270,"texture":"#5"},"south":{"uv":[2,1,3.999,3],"texture":"#5"},"west":{"uv":[2,1,3.999,3],"rotation":90,"texture":"#5"},"up":{"uv":[2,1,3.999,3],"rotation":180,"texture":"#5"},"down":{"uv":[2,1,3.999,3],"texture":"#5"}}},{"from":[7.9,5,7.25],"to":[9.1,5.5,7.75],"rotation":{"angle":45,"axis":"x","origin":[8.5,5.25,7.5]},"faces":{"north":{"uv":[3,4,4.997,5.999],"texture":"#5"},"east":{"uv":[3,4,4.997,5.999],"texture":"#5"},"south":{"uv":[3,4,4.997,5.999],"texture":"#5"},"west":{"uv":[3,4,4.997,5.999],"texture":"#5"},"up":{"uv":[3,4,4.997,5.999],"texture":"#5"},"down":{"uv":[3,4,4.997,5.999],"texture":"#5"}}},{"from":[7.9,4,7.25],"to":[9.1,4.5,7.75],"rotation":{"angle":45,"axis":"x","origin":[8.5,4.25,7.5]},"faces":{"north":{"uv":[6,2,7.998,3.999],"texture":"#5"},"east":{"uv":[6,2,7.998,3.999],"texture":"#5"},"south":{"uv":[6,2,7.998,3.999],"texture":"#5"},"west":{"uv":[6,2,7.998,3.999],"texture":"#5"},"up":{"uv":[6,2,7.998,3.999],"texture":"#5"},"down":{"uv":[6,2,7.998,3.999],"texture":"#5"}}},{"from":[7.9,-3,7.25],"to":[9.1,-2.5,7.75],"rotation":{"angle":45,"axis":"x","origin":[8.5,-2.75,7.5]},"faces":{"north":{"uv":[6,2,7.998,3.999],"rotation":180,"texture":"#5"},"east":{"uv":[6,2,7.998,3.999],"rotation":270,"texture":"#5"},"south":{"uv":[6,2,7.998,3.999],"texture":"#5"},"west":{"uv":[6,2,7.998,3.999],"rotation":90,"texture":"#5"},"up":{"uv":[6,2,7.998,3.999],"rotation":180,"texture":"#5"},"down":{"uv":[6,2,7.998,3.999],"texture":"#5"}}},{"from":[6.5,9.75,6.25],"to":[10.5,15.75,6.75],"rotation":{"angle":0,"axis":"x","origin":[8.5,12.75,6.5]},"faces":{"north":{"uv":[3,3,5.997,10.996],"rotation":90,"texture":"#5"},"east":{"uv":[3,3,5.997,10.996],"rotation":180,"texture":"#5"},"south":{"uv":[3,3,5.997,10.996],"rotation":270,"texture":"#5"},"west":{"uv":[3,3,5.997,10.996],"texture":"#5"},"up":{"uv":[3,3,5.997,10.996],"rotation":270,"texture":"#5"},"down":{"uv":[3,3,5.997,10.996],"rotation":270,"texture":"#5"}}},{"from":[6,15.75,6.35],"to":[11,16.25,6.6],"rotation":{"angle":0,"axis":"x","origin":[8.5,14.25,6.5]},"faces":{"north":{"uv":[4,2,5.998,11.997],"rotation":90,"texture":"#5"},"east":{"uv":[4,10,5.997,11.997],"rotation":180,"texture":"#5"},"south":{"uv":[7,2,8.997,11.997],"rotation":270,"texture":"#5"},"west":{"uv":[4,2,5.997,3.996],"texture":"#5"},"up":{"uv":[13,2,14.998,11.997],"rotation":270,"texture":"#5"},"down":{"uv":[0,2,1.998,11.997],"rotation":270,"texture":"#5"}}},{"from":[5.75,15.75,6.35],"to":[6,16,6.85],"rotation":{"angle":0,"axis":"x","origin":[8.5,14.25,6.5]},"faces":{"north":{"uv":[3,6,3.995,6.996],"rotation":270,"texture":"#5"},"east":{"uv":[3,6,3.995,6.996],"rotation":270,"texture":"#5"},"south":{"uv":[3,6,3.995,6.996],"rotation":270,"texture":"#5"},"west":{"uv":[3,6,3.995,6.996],"rotation":270,"texture":"#5"},"up":{"uv":[3,6,3.995,6.996],"rotation":270,"texture":"#5"},"down":{"uv":[3,6,3.995,6.996],"rotation":270,"texture":"#5"}}},{"from":[6.25,16.25,6.35],"to":[6.5,16.5,6.6],"rotation":{"angle":0,"axis":"x","origin":[8.5,14.25,6.5]},"faces":{"north":{"uv":[3,11,3.995,11.997],"rotation":90,"texture":"#5"},"east":{"uv":[3,11,3.995,11.997],"rotation":180,"texture":"#5"},"south":{"uv":[3,11,3.995,11.997],"rotation":270,"texture":"#5"},"west":{"uv":[3,11,3.995,11.997],"texture":"#5"},"up":{"uv":[3,11,3.995,11.997],"rotation":270,"texture":"#5"},"down":{"uv":[3,11,3.995,11.997],"rotation":270,"texture":"#5"}}},{"from":[6.25,15,6.35],"to":[6.5,15.25,6.6],"rotation":{"angle":0,"axis":"x","origin":[8.5,14.25,6.5]},"faces":{"north":{"uv":[3,11,3.995,11.997],"rotation":90,"texture":"#5"},"east":{"uv":[3,11,3.995,11.997],"rotation":180,"texture":"#5"},"south":{"uv":[3,11,3.995,11.997],"rotation":270,"texture":"#5"},"west":{"uv":[3,11,3.995,11.997],"texture":"#5"},"up":{"uv":[3,11,3.995,11.997],"rotation":270,"texture":"#5"},"down":{"uv":[3,11,3.995,11.997],"rotation":270,"texture":"#5"}}},{"from":[10.5,15,6.35],"to":[11,15.25,6.6],"rotation":{"angle":0,"axis":"x","origin":[8.5,14.25,6.5]},"faces":{"north":{"uv":[3,11,3.995,11.997],"rotation":90,"texture":"#5"},"east":{"uv":[3,11,3.995,11.997],"rotation":180,"texture":"#5"},"south":{"uv":[3,11,3.995,11.997],"rotation":270,"texture":"#5"},"west":{"uv":[3,11,3.995,11.997],"texture":"#5"},"up":{"uv":[3,11,3.995,11.997],"rotation":270,"texture":"#5"},"down":{"uv":[3,11,3.995,11.997],"rotation":270,"texture":"#5"}}},{"from":[10,13.25,6.35],"to":[10.25,13.75,6.6],"rotation":{"angle":0,"axis":"x","origin":[8.5,13.25,6.5]},"faces":{"north":{"uv":[3,11,3.995,11.997],"rotation":90,"texture":"#5"},"east":{"uv":[3,11,3.995,11.997],"rotation":180,"texture":"#5"},"south":{"uv":[3,11,3.995,11.997],"rotation":270,"texture":"#5"},"west":{"uv":[3,11,3.995,11.997],"texture":"#5"},"up":{"uv":[3,11,3.995,11.997],"rotation":270,"texture":"#5"},"down":{"uv":[3,11,3.995,11.997],"rotation":270,"texture":"#5"}}},{"from":[6.75,13.25,6.35],"to":[7,13.75,6.6],"rotation":{"angle":0,"axis":"x","origin":[8.5,13.25,6.5]},"faces":{"north":{"uv":[3,11,3.995,11.997],"rotation":90,"texture":"#5"},"east":{"uv":[3,11,3.995,11.997],"rotation":180,"texture":"#5"},"south":{"uv":[3,11,3.995,11.997],"rotation":270,"texture":"#5"},"west":{"uv":[3,11,3.995,11.997],"texture":"#5"},"up":{"uv":[3,11,3.995,11.997],"rotation":270,"texture":"#5"},"down":{"uv":[3,11,3.995,11.997],"rotation":270,"texture":"#5"}}},{"from":[10.5,16.25,6.35],"to":[10.75,16.5,6.6],"rotation":{"angle":0,"axis":"x","origin":[8.5,14.25,6.5]},"faces":{"north":{"uv":[3,10,3.994,10.997],"rotation":90,"texture":"#5"},"east":{"uv":[3,10,3.994,10.997],"rotation":180,"texture":"#5"},"south":{"uv":[3,10,3.994,10.997],"rotation":270,"texture":"#5"},"west":{"uv":[3,10,3.994,10.997],"texture":"#5"},"up":{"uv":[3,10,3.994,10.997],"rotation":270,"texture":"#5"},"down":{"uv":[3,10,3.994,10.997],"rotation":270,"texture":"#5"}}},{"from":[11,15.75,6.35],"to":[11.25,16,6.85],"rotation":{"angle":0,"axis":"x","origin":[8.5,14.25,6.5]},"faces":{"north":{"uv":[7,5,7.994,5.997],"rotation":90,"texture":"#5"},"east":{"uv":[7,5,7.994,5.997],"rotation":180,"texture":"#5"},"south":{"uv":[7,5,7.994,5.997],"rotation":270,"texture":"#5"},"west":{"uv":[7,5,7.994,5.997],"texture":"#5"},"up":{"uv":[7,5,7.994,5.997],"rotation":270,"texture":"#5"},"down":{"uv":[7,5,7.994,5.997],"rotation":270,"texture":"#5"}}},{"from":[6.5,16.25,6.35],"to":[10.5,16.75,6.6],"rotation":{"angle":0,"axis":"x","origin":[8.5,14.25,6.5]},"faces":{"north":{"uv":[8,3,9,10.996],"rotation":90,"texture":"#5"},"east":{"uv":[8,9.996,9,10.996],"rotation":180,"texture":"#5"},"south":{"uv":[12,3,12.999,10.996],"rotation":270,"texture":"#5"},"west":{"uv":[8,3,9,3.995],"texture":"#5"},"up":{"uv":[15,3,15.999,10.996],"rotation":270,"texture":"#5"},"down":{"uv":[2,3,3,10.996],"rotation":270,"texture":"#5"}}},{"from":[7,16.75,6.35],"to":[10,17,6.6],"rotation":{"angle":0,"axis":"x","origin":[8.5,14.25,6.5]},"faces":{"north":{"uv":[11.998,4,12.998,9.995],"rotation":90,"texture":"#5"},"east":{"uv":[11.998,8.995,12.997,9.994],"rotation":180,"texture":"#5"},"south":{"uv":[11.998,4,12.998,9.995],"rotation":270,"texture":"#5"},"west":{"uv":[11.998,4,12.998,4.995],"texture":"#5"},"up":{"uv":[11.998,4,12.998,9.995],"rotation":270,"texture":"#5"},"down":{"uv":[11.998,4,12.998,9.995],"rotation":270,"texture":"#5"}}},{"from":[7.375,17,6.35],"to":[9.625,17.25,6.6],"rotation":{"angle":0,"axis":"x","origin":[8.5,14.25,6.5]},"faces":{"north":{"uv":[11.998,4,12.998,9.995],"rotation":90,"texture":"#5"},"east":{"uv":[11.998,8.995,12.997,9.994],"rotation":180,"texture":"#5"},"south":{"uv":[11.998,4,12.998,9.995],"rotation":270,"texture":"#5"},"west":{"uv":[11.998,4,12.998,4.995],"texture":"#5"},"up":{"uv":[11.998,4,12.998,9.995],"rotation":270,"texture":"#5"},"down":{"uv":[11.998,4,12.998,9.995],"rotation":270,"texture":"#5"}}},{"from":[10.5,9.25,6.35],"to":[11.5,15.75,7.35],"rotation":{"angle":0,"axis":"x","origin":[8.5,14.25,6.5]},"faces":{"north":{"uv":[2,7,3.997,9.996],"rotation":270,"texture":"#5"},"east":{"uv":[2,7,3.997,9.996],"rotation":270,"texture":"#5"},"south":{"uv":[2,7,3.997,9.996],"rotation":270,"texture":"#5"},"west":{"uv":[2,7,3.997,9.996],"rotation":270,"texture":"#5"},"up":{"uv":[2,7,3.997,9.996],"rotation":270,"texture":"#5"},"down":{"uv":[2,7,3.997,9.996],"rotation":270,"texture":"#5"}}},{"from":[5.75,9,6.35],"to":[11.25,10,7.35],"rotation":{"angle":0,"axis":"z","origin":[9,9.5,6.85]},"faces":{"north":{"uv":[2,7,3.997,9.996],"texture":"#5"},"east":{"uv":[2,7,3.997,9.996],"rotation":180,"texture":"#5"},"south":{"uv":[2,7,3.997,9.996],"rotation":180,"texture":"#5"},"west":{"uv":[2,7,3.997,9.996],"rotation":180,"texture":"#5"},"up":{"uv":[2,7,3.997,9.996],"rotation":180,"texture":"#5"},"down":{"uv":[2,7,3.997,9.996],"rotation":180,"texture":"#5"}}},{"from":[5.5,9.25,6.35],"to":[6.5,15.75,7.35],"rotation":{"angle":0,"axis":"x","origin":[8.5,14.25,6.5]},"faces":{"north":{"uv":[3,8,4.995,10.996],"rotation":270,"texture":"#5"},"east":{"uv":[3,8,4.995,10.996],"rotation":270,"texture":"#5"},"south":{"uv":[3,8,4.995,10.996],"rotation":270,"texture":"#5"},"west":{"uv":[3,8,4.995,10.996],"rotation":270,"texture":"#5"},"up":{"uv":[3,8,4.995,10.996],"rotation":270,"texture":"#5"},"down":{"uv":[3,8,4.995,10.996],"rotation":270,"texture":"#5"}}},{"from":[7.9,7.4,6.9],"to":[9.1,11.1,8.1],"rotation":{"angle":0,"axis":"y","origin":[8.5,9.25,7.5]},"faces":{"north":{"uv":[9,7,12.999,12.999],"texture":"#5"},"east":{"uv":[7,7,11,12.999],"texture":"#5"},"south":{"uv":[3,3,6.999,8.999],"texture":"#5"},"west":{"uv":[4,3,8,8.999],"texture":"#5"},"up":{"uv":[0,0,4,6],"texture":"#5"},"down":{"uv":[0,0,4,6],"texture":"#5"}}},{"from":[7.95,10.75,7.25],"to":[9.05,11.25,7.75],"rotation":{"angle":45,"axis":"x","origin":[8.5,11,7.5]},"faces":{"north":{"uv":[4,3,5.999,4.997],"texture":"#5"},"east":{"uv":[4,3,5.999,4.997],"texture":"#5"},"south":{"uv":[4,3,5.999,4.997],"texture":"#5"},"west":{"uv":[4,3,5.999,4.997],"texture":"#5"},"up":{"uv":[4,3,5.999,4.997],"rotation":180,"texture":"#5"},"down":{"uv":[4,3,5.999,4.997],"rotation":180,"texture":"#5"}}},{"from":[8.25,10.75,6.95],"to":[8.75,11.25,8.05],"rotation":{"angle":-45,"axis":"z","origin":[8.5,11,7.5]},"faces":{"north":{"uv":[4,3,5.999,4.997],"texture":"#5"},"east":{"uv":[4,3,5.999,4.997],"texture":"#5"},"south":{"uv":[4,3,5.999,4.997],"texture":"#5"},"west":{"uv":[4,3,5.999,4.997],"texture":"#5"},"up":{"uv":[4,3,5.999,4.997],"rotation":90,"texture":"#5"},"down":{"uv":[4,3,5.999,4.997],"rotation":270,"texture":"#5"}}},{"from":[7.95,7.25,7.25],"to":[9.05,7.75,7.75],"rotation":{"angle":45,"axis":"x","origin":[8.5,7.5,7.5]},"faces":{"north":{"uv":[4,3,5.999,4.997],"texture":"#5"},"east":{"uv":[4,3,5.999,4.997],"rotation":270,"texture":"#5"},"south":{"uv":[4,3,5.999,4.997],"rotation":180,"texture":"#5"},"west":{"uv":[4,3,5.999,4.997],"rotation":90,"texture":"#5"},"up":{"uv":[4,3,5.999,4.997],"rotation":180,"texture":"#5"},"down":{"uv":[4,3,5.999,4.997],"texture":"#5"}}},{"from":[8.25,7.25,6.95],"to":[8.75,7.75,8.05],"rotation":{"angle":45,"axis":"z","origin":[8.5,7.5,7.5]},"faces":{"north":{"uv":[4,3,5.999,4.997],"rotation":180,"texture":"#5"},"east":{"uv":[4,3,5.999,4.997],"rotation":180,"texture":"#5"},"south":{"uv":[4,3,5.999,4.997],"rotation":180,"texture":"#5"},"west":{"uv":[4,3,5.999,4.997],"rotation":180,"texture":"#5"},"up":{"uv":[4,3,5.999,4.997],"rotation":90,"texture":"#5"},"down":{"uv":[4,3,5.999,4.997],"rotation":270,"texture":"#5"}}},{"from":[7.9,-4.6,6.9],"to":[9.1,-3.9,8.1],"rotation":{"angle":0,"axis":"y","origin":[8.5,-4.25,7.5]},"faces":{"north":{"uv":[7,8,9.999,9.998],"texture":"#5"},"east":{"uv":[7,8,9.999,9.998],"texture":"#5"},"south":{"uv":[7,8,9.999,9.998],"texture":"#5"},"west":{"uv":[7,8,9.999,9.998],"texture":"#5"},"up":{"uv":[7,8,9.999,9.998],"texture":"#5"},"down":{"uv":[7,8,9.999,9.998],"texture":"#5"}}},{"from":[7.9,-4.6,6.9],"to":[9.1,-3.9,8.1],"rotation":{"angle":22.5,"axis":"y","origin":[8.5,-4.25,7.5]},"faces":{"north":{"uv":[7,8,9.999,9.998],"texture":"#5"},"east":{"uv":[7,8,9.999,9.998],"texture":"#5"},"south":{"uv":[7,8,9.999,9.998],"texture":"#5"},"west":{"uv":[7,8,9.999,9.998],"texture":"#5"},"up":{"uv":[7,8,9.999,9.998],"texture":"#5"},"down":{"uv":[7,8,9.999,9.998],"texture":"#5"}}},{"from":[7.9,-4.6,6.9],"to":[9.1,-3.9,8.1],"rotation":{"angle":-22.5,"axis":"y","origin":[8.5,-4.25,7.5]},"faces":{"north":{"uv":[7,8,9.999,9.998],"texture":"#5"},"east":{"uv":[7,8,9.999,9.998],"texture":"#5"},"south":{"uv":[7,8,9.999,9.998],"texture":"#5"},"west":{"uv":[7,8,9.999,9.998],"texture":"#5"},"up":{"uv":[7,8,9.999,9.998],"texture":"#5"},"down":{"uv":[7,8,9.999,9.998],"texture":"#5"}}},{"from":[7.9,-4.6,6.9],"to":[9.1,-3.9,8.1],"rotation":{"angle":45,"axis":"y","origin":[8.5,-4.25,7.5]},"faces":{"north":{"uv":[7,8,9.999,9.998],"texture":"#5"},"east":{"uv":[7,8,9.999,9.998],"texture":"#5"},"south":{"uv":[7,8,9.999,9.998],"texture":"#5"},"west":{"uv":[7,8,9.999,9.998],"texture":"#5"},"up":{"uv":[7,8,9.999,9.998],"texture":"#5"},"down":{"uv":[7,8,9.999,9.998],"texture":"#5"}}},{"from":[8.075,-1.925,7.075],"to":[8.925,3.925,7.925],"rotation":{"angle":0,"axis":"y","origin":[8.5,1,7.5]},"faces":{"north":{"uv":[0,0,16,16],"texture":"#4"},"east":{"uv":[0,0,16,16],"texture":"#4"},"south":{"uv":[0,0,16,16],"texture":"#4"},"west":{"uv":[0,0,16,16],"texture":"#4"},"up":{"uv":[0,0,16,16],"texture":"#4"},"down":{"uv":[0,0,16,16],"texture":"#4"}}},{"from":[7.96,-4.5,6.96],"to":[9.04,-3.92,8.04],"rotation":{"angle":0,"axis":"y","origin":[8.5,-4.21,7.5]},"faces":{"north":{"uv":[0,0,16,16],"texture":"#3"},"east":{"uv":[0,0,16,16],"texture":"#3"},"south":{"uv":[0,0,16,16],"texture":"#3"},"west":{"uv":[0,0,16,16],"texture":"#3"},"up":{"uv":[0,0,16,16],"texture":"#3"},"down":{"uv":[0,0,16,16],"texture":"#3"}}}],"display":{"thirdperson_righthand":{"translation":[-1,6.5,1.5],"scale":[1.2,1.2,1.2]},"thirdperson_lefthand":{"translation":[0.25,6.5,1.5],"scale":[1.2,1.2,1.2]},"firstperson_righthand":{"rotation":[-5,0,0],"translation":[3.5,5.5,-0.75],"scale":[1.2,1.2,1.2]},"firstperson_lefthand":{"rotation":[-5,0,0],"translation":[3.5,5.5,-0.75],"scale":[1.2,1.2,1.2]},"ground":{"translation":[0,11,0],"scale":[1.2,1.2,1.2]},"gui":{"rotation":[-45,-41,-62],"translation":[1.25,3,0]},"head":{"rotation":[-80,0,0],"translation":[-0.25,9.75,0],"scale":[1.2,-1.2,1.2]},"fixed":{"rotation":[0,-180,0],"translation":[1,3.5,-2],"scale":[1.2,1.2,1.2]}}}