{"credit":"Made with Blockbench","textures":{"2":"aj:custom/raddadste","3":"aj:custom/ruby_block","4":"aj:custom/texture40","particle":"aj:custom/raddadste"},"elements":[{"from":[8.075,-1.925,7.075],"to":[8.925,2.925,7.925],"rotation":{"angle":0,"axis":"y","origin":[8.5,0.5,7.5]},"faces":{"north":{"uv":[0,0,16,16],"texture":"#2"},"east":{"uv":[0,0,16,16],"texture":"#2"},"south":{"uv":[0,0,16,16],"texture":"#2"},"west":{"uv":[0,0,16,16],"texture":"#2"},"up":{"uv":[0,0,16,16],"texture":"#2"},"down":{"uv":[0,0,16,16],"texture":"#2"}}},{"from":[7.98,-0.52,7.23],"to":[9.02,0.02,7.77],"rotation":{"angle":45,"axis":"x","origin":[8.5,-0.25,7.5]},"faces":{"north":{"uv":[4,4,6,6],"texture":"#3"},"east":{"uv":[4,4,6,6],"texture":"#3"},"south":{"uv":[4,4,6,6],"texture":"#3"},"west":{"uv":[4,4,6,6],"texture":"#3"},"up":{"uv":[4,4,6,6],"texture":"#3"},"down":{"uv":[4,4,6,6],"texture":"#3"}}},{"from":[7.98,0.48,7.23],"to":[9.02,1.02,7.77],"rotation":{"angle":45,"axis":"x","origin":[8.5,0.75,7.5]},"faces":{"north":{"uv":[4,4,6,6],"texture":"#3"},"east":{"uv":[4,4,6,6],"texture":"#3"},"south":{"uv":[4,4,6,6],"texture":"#3"},"west":{"uv":[4,4,6,6],"texture":"#3"},"up":{"uv":[4,4,6,6],"texture":"#3"},"down":{"uv":[4,4,6,6],"texture":"#3"}}},{"from":[7.98,2.48,7.23],"to":[9.02,3.02,7.77],"rotation":{"angle":45,"axis":"x","origin":[8.5,2.75,7.5]},"faces":{"north":{"uv":[4,4,6,6],"texture":"#3"},"east":{"uv":[4,4,6,6],"texture":"#3"},"south":{"uv":[4,4,6,6],"texture":"#3"},"west":{"uv":[4,4,6,6],"texture":"#3"},"up":{"uv":[4,4,6,6],"texture":"#3"},"down":{"uv":[4,4,6,6],"texture":"#3"}}},{"from":[7.98,1.48,7.23],"to":[9.02,2.02,7.77],"rotation":{"angle":45,"axis":"x","origin":[8.5,1.75,7.5]},"faces":{"north":{"uv":[4,4,6,6],"texture":"#3"},"east":{"uv":[4,4,6,6],"texture":"#3"},"south":{"uv":[4,4,6,6],"texture":"#3"},"west":{"uv":[4,4,6,6],"texture":"#3"},"up":{"uv":[4,4,6,6],"texture":"#3"},"down":{"uv":[4,4,6,6],"texture":"#3"}}},{"from":[7.98,-1.52,7.23],"to":[9.02,-0.98,7.77],"rotation":{"angle":45,"axis":"x","origin":[8.5,-1.25,7.5]},"faces":{"north":{"uv":[4,4,6,6],"texture":"#3"},"east":{"uv":[4,4,6,6],"texture":"#3"},"south":{"uv":[4,4,6,6],"texture":"#3"},"west":{"uv":[4,4,6,6],"texture":"#3"},"up":{"uv":[4,4,6,6],"texture":"#3"},"down":{"uv":[4,4,6,6],"texture":"#3"}}},{"from":[7.96,2.96,7.1],"to":[9.04,4.04,10.6],"rotation":{"angle":-22.5,"axis":"x","origin":[8.5,3.5,8.85]},"faces":{"north":{"uv":[15,4,15.998,5],"texture":"#3"},"east":{"uv":[15,4,15.998,5],"texture":"#3"},"south":{"uv":[15,4,15.998,5],"texture":"#3"},"west":{"uv":[15,4,15.998,5],"texture":"#3"},"up":{"uv":[15,4,15.998,5],"texture":"#3"},"down":{"uv":[15,4,15.998,5],"texture":"#3"}}},{"from":[7.96,2.96,4.3],"to":[9.04,4.04,7.8],"rotation":{"angle":22.5,"axis":"x","origin":[8.5,3.5,6.05]},"faces":{"north":{"uv":[15,5,15.999,6],"texture":"#3"},"east":{"uv":[15,5,15.999,6],"texture":"#3"},"south":{"uv":[15,5,15.999,6],"texture":"#3"},"west":{"uv":[15,5,15.999,6],"texture":"#3"},"up":{"uv":[15,5,15.999,6],"texture":"#3"},"down":{"uv":[15,5,15.999,6],"texture":"#3"}}},{"from":[7.91,-2.55,6.91],"to":[9.09,-1.45,8.09],"rotation":{"angle":45,"axis":"x","origin":[8.5,-2,7.5]},"faces":{"north":{"uv":[15,4,15.998,5],"texture":"#3"},"east":{"uv":[15,4,15.998,5],"texture":"#3"},"south":{"uv":[15,4,15.998,5],"texture":"#3"},"west":{"uv":[15,4,15.998,5],"texture":"#3"},"up":{"uv":[15,4,15.998,5],"texture":"#3"},"down":{"uv":[15,4,15.998,5],"texture":"#3"}}},{"from":[8.375,3,7.25],"to":[8.625,16,7.75],"rotation":{"angle":0,"axis":"y","origin":[8.5,1,7.5]},"faces":{"north":{"uv":[6.999,8,7.999,15.996],"texture":"#3"},"east":{"uv":[6.999,8,7.999,15.996],"texture":"#3"},"south":{"uv":[6.999,8,7.999,15.996],"texture":"#3"},"west":{"uv":[6.999,8,7.999,15.996],"texture":"#3"},"up":{"uv":[6.999,8,7.999,15.996],"texture":"#3"},"down":{"uv":[6.999,8,7.999,15.996],"texture":"#3"}}},{"from":[8.375,16,7.25],"to":[8.625,30,7.75],"rotation":{"angle":0,"axis":"y","origin":[8.5,15,7.5]},"faces":{"north":{"uv":[5,4,5.997,11.996],"texture":"#3"},"east":{"uv":[5,4,5.997,11.996],"texture":"#3"},"south":{"uv":[5,4,5.997,11.996],"texture":"#3"},"west":{"uv":[5,4,5.997,11.996],"texture":"#3"},"up":{"uv":[5,4,5.997,11.996],"texture":"#3"},"down":{"uv":[5,4,5.997,11.996],"texture":"#3"}}},{"from":[8.375,4,6.25],"to":[8.625,16,6.5],"rotation":{"angle":0,"axis":"y","origin":[8.5,9,6.375]},"faces":{"north":{"uv":[4,8,5,15.997],"texture":"#3"},"east":{"uv":[4,8,5,15.997],"texture":"#3"},"south":{"uv":[4,8,5,15.997],"texture":"#3"},"west":{"uv":[4,8,5,15.997],"texture":"#3"},"up":{"uv":[4,8,5,15.997],"texture":"#3"},"down":{"uv":[4,8,5,15.997],"texture":"#3"}}},{"from":[8.375,5.5,6],"to":[8.625,14.5,6.25],"rotation":{"angle":0,"axis":"y","origin":[8.5,10,6.125]},"faces":{"north":{"uv":[3,9,3.999,14.995],"texture":"#3"},"east":{"uv":[3,9,3.999,14.995],"texture":"#3"},"south":{"uv":[3,9,3.999,14.995],"texture":"#3"},"west":{"uv":[3,9,3.999,14.995],"texture":"#3"},"up":{"uv":[3,9,3.999,14.995],"texture":"#3"},"down":{"uv":[3,9,3.999,14.995],"texture":"#3"}}},{"from":[8.375,20.5,6],"to":[8.625,29.5,6.25],"rotation":{"angle":0,"axis":"y","origin":[8.5,25,6.125]},"faces":{"north":{"uv":[3,0,3.998,5.995],"texture":"#3"},"east":{"uv":[3,0,3.998,5.995],"texture":"#3"},"south":{"uv":[3,0,3.998,5.995],"texture":"#3"},"west":{"uv":[3,0,3.998,5.995],"texture":"#3"},"up":{"uv":[3,0,3.997,0.995],"texture":"#3"},"down":{"uv":[2.997,4.995,3.997,5.995],"texture":"#3"}}},{"from":[8.375,14.5,6.125],"to":[8.625,20.5,6.25],"rotation":{"angle":0,"axis":"y","origin":[8.5,17.5,6.1875]},"faces":{"north":{"uv":[5,3,5.997,8.995],"texture":"#3"},"east":{"uv":[5,3,5.997,8.995],"texture":"#3"},"south":{"uv":[5,3,5.997,8.995],"texture":"#3"},"west":{"uv":[5,3,5.997,8.995],"texture":"#3"},"up":{"uv":[5,3,5.997,8.995],"texture":"#3"},"down":{"uv":[5,3,5.997,8.995],"texture":"#3"}}},{"from":[8.375,3.5,6.125],"to":[8.625,5.5,6.25],"rotation":{"angle":0,"axis":"y","origin":[8.5,6.5,6.1875]},"faces":{"north":{"uv":[5,15,6,16],"texture":"#3"},"east":{"uv":[5,15,6,16],"texture":"#3"},"south":{"uv":[5,15,6,16],"texture":"#3"},"west":{"uv":[5,15,6,16],"texture":"#3"},"up":{"uv":[5,15,6,16],"texture":"#3"},"down":{"uv":[5,15,6,16],"texture":"#3"}}},{"from":[8.375,5.5,8.75],"to":[8.625,14.5,9],"rotation":{"angle":0,"axis":"y","origin":[8.5,10,8.875]},"faces":{"north":{"uv":[3,9,3.999,14.995],"texture":"#3"},"east":{"uv":[3,9,3.999,14.995],"texture":"#3"},"south":{"uv":[3,9,3.999,14.995],"texture":"#3"},"west":{"uv":[3,9,3.999,14.995],"texture":"#3"},"up":{"uv":[3,9,3.999,14.995],"texture":"#3"},"down":{"uv":[3,9,3.999,14.995],"texture":"#3"}}},{"from":[8.375,20.5,8.75],"to":[8.625,29.5,9],"rotation":{"angle":0,"axis":"y","origin":[8.5,25,8.875]},"faces":{"north":{"uv":[3,0,3.998,5.995],"texture":"#3"},"east":{"uv":[3,0,3.998,5.995],"texture":"#3"},"south":{"uv":[3,0,3.998,5.995],"texture":"#3"},"west":{"uv":[3,0,3.998,5.995],"texture":"#3"},"up":{"uv":[3,0,3.997,0.995],"texture":"#3"},"down":{"uv":[2.997,4.995,3.997,5.995],"texture":"#3"}}},{"from":[8.375,21,9],"to":[8.625,29,9.25],"rotation":{"angle":0,"axis":"y","origin":[8.5,25,9.125]},"faces":{"north":{"uv":[3,0,3.998,5.995],"texture":"#3"},"east":{"uv":[3,0,3.998,5.995],"texture":"#3"},"south":{"uv":[3,0,3.998,5.995],"texture":"#3"},"west":{"uv":[3,0,3.998,5.995],"texture":"#3"},"up":{"uv":[3,0,3.997,1],"texture":"#3"},"down":{"uv":[2.997,4.995,3.997,5.995],"texture":"#3"}}},{"from":[8.375,6,9],"to":[8.625,14,9.25],"rotation":{"angle":0,"axis":"y","origin":[8.5,10,9.125]},"faces":{"north":{"uv":[8,10,8.997,15.995],"texture":"#3"},"east":{"uv":[8,10,8.997,15.995],"texture":"#3"},"south":{"uv":[8,10,8.997,15.995],"texture":"#3"},"west":{"uv":[8,10,8.997,15.995],"texture":"#3"},"up":{"uv":[8,10,8.997,15.995],"texture":"#3"},"down":{"uv":[8,10,8.997,15.995],"texture":"#3"}}},{"from":[8.375,6,5.75],"to":[8.625,14,6],"rotation":{"angle":0,"axis":"y","origin":[8.5,10,5.875]},"faces":{"north":{"uv":[8,10,8.997,15.995],"texture":"#3"},"east":{"uv":[8,10,8.997,15.995],"texture":"#3"},"south":{"uv":[8,10,8.997,15.995],"texture":"#3"},"west":{"uv":[8,10,8.997,15.995],"texture":"#3"},"up":{"uv":[8,10,8.997,15.995],"texture":"#3"},"down":{"uv":[8,10,8.997,15.995],"texture":"#3"}}},{"from":[8.375,21,5.75],"to":[8.625,29,6],"rotation":{"angle":0,"axis":"y","origin":[8.5,25,5.875]},"faces":{"north":{"uv":[3,0,3.998,5.995],"texture":"#3"},"east":{"uv":[3,0,3.998,5.995],"texture":"#3"},"south":{"uv":[3,0,3.998,5.995],"texture":"#3"},"west":{"uv":[3,0,3.998,5.995],"texture":"#3"},"up":{"uv":[3,0,3.997,0.995],"texture":"#3"},"down":{"uv":[2.997,4.995,3.997,5.995],"texture":"#3"}}},{"from":[8.375,14.5,8.75],"to":[8.625,20.5,8.875],"rotation":{"angle":0,"axis":"y","origin":[8.5,17.5,8.8125]},"faces":{"north":{"uv":[3,4,3.997,9.995],"texture":"#3"},"east":{"uv":[3,4,3.997,9.995],"texture":"#3"},"south":{"uv":[3,4,3.997,9.995],"texture":"#3"},"west":{"uv":[3,4,3.997,9.995],"texture":"#3"},"up":{"uv":[3,4,3.997,9.995],"texture":"#3"},"down":{"uv":[3,4,3.997,9.995],"texture":"#3"}}},{"from":[8.375,3.5,8.75],"to":[8.625,5.5,8.875],"rotation":{"angle":0,"axis":"y","origin":[8.5,6.5,8.8125]},"faces":{"north":{"uv":[5,15,6,16],"texture":"#3"},"east":{"uv":[5,15,6,16],"texture":"#3"},"south":{"uv":[5,15,6,16],"texture":"#3"},"west":{"uv":[5,15,6,16],"texture":"#3"},"up":{"uv":[5,15,6,16],"texture":"#3"},"down":{"uv":[5,15,6,16],"texture":"#3"}}},{"from":[8.375,4,8.5],"to":[8.625,16,8.75],"rotation":{"angle":0,"axis":"y","origin":[8.5,9,8.625]},"faces":{"north":{"uv":[4,8,4.998,15.997],"texture":"#3"},"east":{"uv":[4,8,4.998,15.997],"texture":"#3"},"south":{"uv":[4,8,4.998,15.997],"texture":"#3"},"west":{"uv":[4,8,4.998,15.997],"texture":"#3"},"up":{"uv":[4,8,4.998,15.997],"texture":"#3"},"down":{"uv":[4,8,4.998,15.997],"texture":"#3"}}},{"from":[8.375,16,6.25],"to":[8.625,30,6.5],"rotation":{"angle":0,"axis":"y","origin":[8.5,25,6.125]},"faces":{"north":{"uv":[4,0,5,7.998],"texture":"#3"},"east":{"uv":[4,0,5,7.998],"texture":"#3"},"south":{"uv":[4,0,5,7.998],"texture":"#3"},"west":{"uv":[4,0,5,7.998],"texture":"#3"},"up":{"uv":[4,0,5,0.997],"texture":"#3"},"down":{"uv":[3.999,6.997,4.999,7.997],"texture":"#3"}}},{"from":[8.375,16,8.5],"to":[8.625,30,8.75],"rotation":{"angle":0,"axis":"y","origin":[8.5,23.5,8.625]},"faces":{"north":{"uv":[10,0,10.998,7.998],"texture":"#3"},"east":{"uv":[10,0,10.998,7.998],"texture":"#3"},"south":{"uv":[10,0,10.998,7.998],"texture":"#3"},"west":{"uv":[10,0,10.998,7.998],"texture":"#3"},"up":{"uv":[10,0,10.998,0.997],"texture":"#3"},"down":{"uv":[9.997,6.997,10.997,7.997],"texture":"#3"}}},{"from":[8.375,30,7.25],"to":[8.625,30.25,7.75],"rotation":{"angle":0,"axis":"y","origin":[8.5,30.125,7.5]},"faces":{"north":{"uv":[6,2,6.997,2.997],"texture":"#3"},"east":{"uv":[6,2,6.997,2.997],"texture":"#3"},"south":{"uv":[6,2,6.997,2.997],"texture":"#3"},"west":{"uv":[6,2,6.997,2.997],"texture":"#3"},"up":{"uv":[6,2,6.997,2.997],"texture":"#3"},"down":{"uv":[6,2,6.997,2.997],"texture":"#3"}}},{"from":[8.25,30,6.75],"to":[8.75,30.375,7.25],"rotation":{"angle":0,"axis":"y","origin":[8.5,30.1875,7]},"faces":{"north":{"uv":[4,1,4.998,1.998],"texture":"#3"},"east":{"uv":[4,1,4.998,1.998],"texture":"#3"},"south":{"uv":[4,1,4.998,1.998],"texture":"#3"},"west":{"uv":[4,1,4.998,1.998],"texture":"#3"},"up":{"uv":[4,1,4.998,1.998],"texture":"#3"},"down":{"uv":[4,1,4.998,1.998],"texture":"#3"}}},{"from":[8.375,30.375,6.75],"to":[8.625,30.75,7.25],"rotation":{"angle":0,"axis":"y","origin":[8.5,31.5625,7]},"faces":{"north":{"uv":[5,4,6.997,4.998],"texture":"#3"},"east":{"uv":[5,4,6.997,4.998],"texture":"#3"},"south":{"uv":[5,4,6.997,4.998],"texture":"#3"},"west":{"uv":[5,4,6.997,4.998],"texture":"#3"},"up":{"uv":[5,4,6.997,4.998],"texture":"#3"},"down":{"uv":[5,4,6.997,4.998],"texture":"#3"}}},{"from":[8.25,30,7.75],"to":[8.75,30.375,8.25],"rotation":{"angle":0,"axis":"y","origin":[8.5,30.1875,8]},"faces":{"north":{"uv":[3,1,3.998,1.998],"texture":"#3"},"east":{"uv":[3,1,3.998,1.998],"texture":"#3"},"south":{"uv":[3,1,3.998,1.998],"texture":"#3"},"west":{"uv":[3,1,3.998,1.998],"texture":"#3"},"up":{"uv":[3,1,3.998,1.998],"texture":"#3"},"down":{"uv":[3,1,3.998,1.998],"texture":"#3"}}},{"from":[8.375,30,8.25],"to":[8.625,30.375,8.5],"rotation":{"angle":0,"axis":"y","origin":[8.5,30.1875,8.375]},"faces":{"north":{"uv":[1,1,1.998,1.998],"texture":"#3"},"east":{"uv":[1,1,1.998,1.998],"texture":"#3"},"south":{"uv":[1,1,1.998,1.998],"texture":"#3"},"west":{"uv":[1,1,1.998,1.998],"texture":"#3"},"up":{"uv":[1,1,1.998,1.998],"texture":"#3"},"down":{"uv":[1,1,1.998,1.998],"texture":"#3"}}},{"from":[8.375,30,6.5],"to":[8.625,30.375,6.75],"rotation":{"angle":0,"axis":"y","origin":[8.5,30.1875,6.625]},"faces":{"north":{"uv":[0,0,0.999,0.999],"texture":"#3"},"east":{"uv":[0,0,0.999,0.999],"texture":"#3"},"south":{"uv":[0,0,0.999,0.999],"texture":"#3"},"west":{"uv":[0,0,0.999,0.999],"texture":"#3"},"up":{"uv":[0,0,0.999,0.999],"texture":"#3"},"down":{"uv":[0,0,0.999,0.999],"texture":"#3"}}},{"from":[8.375,30.375,7.75],"to":[8.625,30.75,8.25],"rotation":{"angle":0,"axis":"y","origin":[8.5,31.5625,8]},"faces":{"north":{"uv":[2,1,3.999,1.998],"texture":"#3"},"east":{"uv":[2,1,3.999,1.998],"texture":"#3"},"south":{"uv":[2,1,3.999,1.998],"texture":"#3"},"west":{"uv":[2,1,3.999,1.998],"texture":"#3"},"up":{"uv":[2,1,3.999,1.998],"texture":"#3"},"down":{"uv":[2,1,3.999,1.998],"texture":"#3"}}},{"from":[8.375,30.75,7],"to":[8.625,31.125,7.25],"rotation":{"angle":0,"axis":"y","origin":[8.46716,31.93985,7.15549]},"faces":{"north":{"uv":[9,4,9.997,4.998],"texture":"#3"},"east":{"uv":[9,4,9.997,4.998],"texture":"#3"},"south":{"uv":[9,4,9.997,4.998],"texture":"#3"},"west":{"uv":[9,4,9.997,4.998],"texture":"#3"},"up":{"uv":[9,4,9.997,4.998],"texture":"#3"},"down":{"uv":[9,4,9.997,4.998],"texture":"#3"}}},{"from":[8.375,30.75,7.75],"to":[8.625,31.125,8],"rotation":{"angle":0,"axis":"y","origin":[8.5,30.9375,7.875]},"faces":{"north":{"uv":[10,5,10.998,5.998],"texture":"#3"},"east":{"uv":[10,5,10.998,5.998],"texture":"#3"},"south":{"uv":[10,5,10.998,5.998],"texture":"#3"},"west":{"uv":[10,5,10.998,5.998],"texture":"#3"},"up":{"uv":[10,5,10.998,5.998],"texture":"#3"},"down":{"uv":[10,5,10.998,5.998],"texture":"#3"}}},{"from":[8.375,30.25,7.25],"to":[8.625,31.5,7.75],"rotation":{"angle":0,"axis":"y","origin":[8.5,30.625,7.5]},"faces":{"north":{"uv":[7,3,7.996,5.996],"texture":"#3"},"east":{"uv":[7,3,7.996,5.996],"texture":"#3"},"south":{"uv":[7,3,7.996,5.996],"texture":"#3"},"west":{"uv":[7,3,7.996,5.996],"texture":"#3"},"up":{"uv":[7,3,7.996,5.996],"texture":"#3"},"down":{"uv":[7,3,7.996,5.996],"texture":"#3"}}},{"from":[8.25,3,7.75],"to":[8.75,16,8.5],"rotation":{"angle":0,"axis":"y","origin":[8.5,14.5,8]},"faces":{"north":{"uv":[6,8,6.996,15.997],"texture":"#3"},"east":{"uv":[6,8,6.996,15.997],"texture":"#3"},"south":{"uv":[6,8,6.996,15.997],"texture":"#3"},"west":{"uv":[6,8,6.996,15.997],"texture":"#3"},"up":{"uv":[6,8,6.996,15.997],"texture":"#3"},"down":{"uv":[6,8,6.996,15.997],"texture":"#3"}}},{"from":[8.25,16,7.75],"to":[8.75,30,8.5],"rotation":{"angle":0,"axis":"y","origin":[8.5,25,8.125]},"faces":{"north":{"uv":[5,7,5.997,13.997],"texture":"#3"},"east":{"uv":[5,7,5.997,13.997],"texture":"#3"},"south":{"uv":[5,7,5.997,13.997],"texture":"#3"},"west":{"uv":[5,7,5.997,13.997],"texture":"#3"},"up":{"uv":[5,7,5.997,13.997],"texture":"#3"},"down":{"uv":[5,7,5.997,13.997],"texture":"#3"}}},{"from":[8.25,16,6.5],"to":[8.75,30,7.25],"rotation":{"angle":0,"axis":"y","origin":[8.5,25,6.875]},"faces":{"north":{"uv":[5,2,6,8.997],"texture":"#3"},"east":{"uv":[5,2,6,8.997],"texture":"#3"},"south":{"uv":[5,2,6,8.997],"texture":"#3"},"west":{"uv":[5,2,6,8.997],"texture":"#3"},"up":{"uv":[5,2,6,8.997],"texture":"#3"},"down":{"uv":[5,2,6,8.997],"texture":"#3"}}},{"from":[8.25,3,6.5],"to":[8.75,16,7.25],"rotation":{"angle":0,"axis":"y","origin":[8.5,9,6.875]},"faces":{"north":{"uv":[5,8,6,15.997],"texture":"#3"},"east":{"uv":[5,8,6,15.997],"texture":"#3"},"south":{"uv":[5,8,6,15.997],"texture":"#3"},"west":{"uv":[5,8,6,15.997],"texture":"#3"},"up":{"uv":[5,8,6,15.997],"texture":"#3"},"down":{"uv":[5,8,6,15.997],"texture":"#3"}}},{"from":[7.85,-2.5,7],"to":[9.15,-1.5,8],"rotation":{"angle":45,"axis":"x","origin":[8.5,-2,7.5]},"faces":{"north":{"uv":[0,0,16,16],"texture":"#3"},"east":{"uv":[0,0,16,16],"texture":"#3"},"south":{"uv":[0,0,16,16],"texture":"#3"},"west":{"uv":[0,0,16,16],"texture":"#3"},"up":{"uv":[0,0,16,16],"texture":"#3"},"down":{"uv":[0,0,16,16],"texture":"#3"}}},{"from":[7.9,4,7],"to":[9.1,6,8],"rotation":{"angle":0,"axis":"y","origin":[8.5,4.5,7.5]},"faces":{"north":{"uv":[10,5,11.998,7.998],"texture":"#4"},"east":{"uv":[10,5,11.998,7.998],"texture":"#4"},"south":{"uv":[10,5,11.998,7.998],"texture":"#4"},"west":{"uv":[10,5,11.998,7.998],"texture":"#4"},"up":{"uv":[10,5,11.998,7.998],"texture":"#4"},"down":{"uv":[10,5,11.998,7.998],"texture":"#4"}}},{"from":[8,3.75,6.75],"to":[9,6.25,8.25],"rotation":{"angle":0,"axis":"y","origin":[8.5,4.5,7.5]},"faces":{"north":{"uv":[15,7,15.998,7.998],"texture":"#3"},"east":{"uv":[15,7,15.998,7.998],"texture":"#3"},"south":{"uv":[15,7,15.998,7.998],"texture":"#3"},"west":{"uv":[15,7,15.998,7.998],"texture":"#3"},"up":{"uv":[15,7,15.998,7.998],"texture":"#3"},"down":{"uv":[15,7,15.998,7.998],"texture":"#3"}}}],"display":{"thirdperson_righthand":{"translation":[-1,5.5,1.25]},"thirdperson_lefthand":{"translation":[0,5.5,1.5]},"firstperson_righthand":{"rotation":[-5,0,0],"translation":[0,3.25,-0.75],"scale":[0.8,0.8,0.8]},"firstperson_lefthand":{"rotation":[-5,0,0],"translation":[0,3.25,-0.75],"scale":[0.8,0.8,0.8]},"ground":{"translation":[0,6,0]},"gui":{"rotation":[-45,-41,-62],"translation":[-2.25,-1.75,0],"scale":[0.8,0.8,0.8]},"head":{"translation":[-0.75,6.5,0],"scale":[1,-1,1]},"fixed":{"rotation":[0,90,0],"translation":[1,-1.25,-0.5]}}}