{     
	"alarm-siren": {
        "category": "block",
        "sounds": [
            {
                "name": "ambience:alarm-siren",
                "stream": false
            }
        ]
    }, 
	"alarm-sci-fi": {
        "category": "block",
        "sounds": [
            {
                "name": "ambience:alarm-sci-fi",
                "stream": false
            }
        ]
    }, 
	"alarm-default": {
        "category": "block",
        "sounds": [
            {
                "name": "ambience:alarm-default",
                "stream": false
            }
        ]
    }, 
	"demoniachorus": {
        "category": "block",
        "sounds": [
            {
                "name": "ambience:demoniachorus",
                "stream": false
            }
        ]
    },
    "engine": {
        "category": "block",
        "sounds": [
            {
                "name": "ambience:engine",
                "stream": false
            }
        ]
    },		
	"gas": {
        "category": "block",
        "sounds": [
            {
                "name": "ambience:gas",
                "stream": false
            }
        ]
    },
	"railroadbel": {
        "category": "block",
        "sounds": [
            {
                "name": "ambience:railroadbel",
                "stream": false
            }
        ]
    },
	"secret": {
        "category": "block",
        "sounds": [
            {
                "name": "ambience:secret",
                "stream": false
            }
        ]
    },
	"windmill": {
        "category": "block",
        "sounds": [
            {
                "name": "ambience:windmill",
                "stream": false
            }
        ]
    },
	"witcher": {
        "category": "block",
        "sounds": [
            {
                "name": "ambience:witcher",
                "stream": false
            }
        ]
    }
}
