{
    "__createdwith": "opl's Model Creator",
    "ambientocclusion": false,
    "textures": {
        "0": "blocks/anvil_base",
        "1": "[mc path]",
        "particle": "blocks/anvil_base"
    },
    "elements": [
        {
            "from": [2,0,2],
            "to": [14,4,14],
            "faces": {
                "up": {
                    "uv": [3,7,8,12],
                    "texture": "#0"
                },
                "down": {
                    "uv": [4,8,7,11],
                    "texture": "#0"
                },
                "west": {
                    "uv": [4,7,7,10],
                    "texture": "#0"
                },
                "east": {
                    "uv": [4,7,7,10],
                    "texture": "#0"
                },
                "north": {
                    "uv": [4,7,7,10],
                    "texture": "#0"
                },
                "south": {
                    "uv": [4,7,7,10],
                    "texture": "#0"
                }
            }
        },
        {
            "from": [5,4,5],
            "to": [11,10,11],
            "faces": {
                "up": {
                    "texture": "#0"
                },
                "down": {
                    "texture": "#0"
                },
                "west": {
                    "uv": [10,6,11,14],
                    "texture": "#0"
                },
                "east": {
                    "uv": [10,6,11,14],
                    "texture": "#0"
                },
                "north": {
                    "uv": [10,6,11,14],
                    "texture": "#0"
                },
                "south": {
                    "uv": [10,6,11,14],
                    "texture": "#0"
                }
            }
        },
        {
            "from": [2,10,2],
            "to": [14,16,14],
            "faces": {
                "up": {
                    "uv": [1,1,6,6],
                    "texture": "#0"
                },
                "down": {
                    "uv": [4,8,7,11],
                    "texture": "#0"
                },
                "west": {
                    "uv": [4,7,7,10],
                    "texture": "#0"
                },
                "east": {
                    "uv": [4,7,7,10],
                    "texture": "#0"
                },
                "north": {
                    "uv": [4,7,7,10],
                    "texture": "#0"
                },
                "south": {
                    "uv": [4,7,7,10],
                    "texture": "#0"
                }
            }
        },
        {
            "from": [5,11,0],
            "to": [11,15,2],
            "faces": {
                "up": {
                    "uv": [4,8,7,11],
                    "texture": "#0"
                },
                "down": {
                    "uv": [4,8,7,11],
                    "texture": "#0"
                },
                "west": {
                    "uv": [4,8,7,11],
                    "texture": "#0"
                },
                "east": {
                    "uv": [4,8,7,11],
                    "texture": "#0"
                },
                "north": {
                    "uv": [2,11,6,15],
                    "texture": "#0"
                },
                "south": {
                    "texture": "#0"
                }
            }
        },
        {
            "from": [5,11,14],
            "to": [11,15,16],
            "faces": {
                "up": {
                    "uv": [4,8,7,11],
                    "texture": "#0"
                },
                "down": {
                    "uv": [4,8,7,11],
                    "texture": "#0"
                },
                "west": {
                    "uv": [4,8,7,11],
                    "texture": "#0"
                },
                "east": {
                    "uv": [4,8,7,11],
                    "texture": "#0"
                },
                "north": {
                    "uv": [10,5,13,8],
                    "texture": "#0"
                },
                "south": {
                    "uv": [2,11,6,15],
                    "texture": "#0"
                }
            }
        },
        {
            "from": [0,11,5],
            "to": [2,15,11],
            "faces": {
                "up": {
                    "uv": [4,8,7,11],
                    "texture": "#0"
                },
                "down": {
                    "uv": [4,8,7,11],
                    "texture": "#0"
                },
                "west": {
                    "uv": [2,11,6,15],
                    "texture": "#0"
                },
                "east": {
                    "uv": [4,8,7,11],
                    "texture": "#0"
                },
                "north": {
                    "uv": [10,5,13,8],
                    "texture": "#0"
                },
                "south": {
                    "uv": [4,8,7,11],
                    "texture": "#0"
                }
            }
        },
        {
            "from": [14,11,5],
            "to": [16,15,11],
            "faces": {
                "up": {
                    "uv": [4,8,7,11],
                    "texture": "#0"
                },
                "down": {
                    "uv": [4,8,7,11],
                    "texture": "#0"
                },
                "west": {
                    "uv": [4,8,7,11],
                    "texture": "#0"
                },
                "east": {
                    "uv": [2,11,6,15],
                    "texture": "#0"
                },
                "north": {
                    "uv": [10,5,13,8],
                    "texture": "#0"
                },
                "south": {
                    "uv": [4,8,7,11],
                    "texture": "#0"
                }
            }
        }
    ],
"display": {
    "thirdperson_righthand": {
        "rotation": [ 75, 45, 0 ],
        "translation": [ 0, 2.5, 0 ],
        "scale": [ 0.375, 0.375, 0.375 ]
    },
    "thirdperson_lefthand": {
        "rotation": [ 75, 45, 0 ],
        "translation": [ 0, 2.5, 0 ],
        "scale": [ 0.375, 0.375, 0.375 ]
    },
    "head": {
        "rotation": [ 0, 0, 0 ],
        "translation": [ 0, 0, 0 ],
        "scale": [ 1, 1, 1 ]
    },
    "ground": {
        "rotation": [ 0, 0, 0 ],
        "translation": [ 0, 3, 0 ],
        "scale": [ 0.25, 0.25, 0.25 ]
    },
    "fixed": {
        "rotation": [ 0, 0, 0 ],
        "translation": [ 0, 0, 0 ],
        "scale": [ 0.5, 0.5, 0.5 ]
    },
    "firstperson_righthand": {
        "rotation": [ 0, 45, 0 ],
        "translation": [ 0, 0, 0 ],
        "scale": [ 0.4, 0.4, 0.4 ]
    },
    "firstperson_lefthand": {
        "rotation": [ 0, 225, 0 ],
        "translation": [ 0, 0, 0 ],
        "scale": [ 0.4, 0.4, 0.4 ]
    },
    "gui": {
        "rotation": [ 30, 225, 0 ],
        "translation": [ 0, 0, 0 ],
        "scale": [ 0.625, 0.625, 0.625 ]
    }
}
}