{
    "__createdwith": "opl's Model Creator",
    "ambientocclusion": false,
    "textures": {
        "0": "items/apple",
        "particle": "items/apple"
    },
    "elements": [
        {
            "from": [5,7,5],
            "to": [10,11,10],
            "faces": {
                "up": {
                    "uv": [10,11,12,13],
                    "texture": "#0"
                },
                "down": {
                    "uv": [11,12,13,14],
                    "texture": "#0"
                },
                "west": {
                    "uv": [10,11,12,13],
                    "texture": "#0"
                },
                "east": {
                    "uv": [11,12,13,14],
                    "texture": "#0"
                },
                "north": {
                    "uv": [3,11,5,13],
                    "texture": "#0"
                },
                "south": {
                    "uv": [11,12,13,14],
                    "texture": "#0"
                }
            }
        },
        {
            "from": [7,11,7],
            "to": [8,12,8],
            "faces": {
                "up": {
                    "uv": [7,2,8,3],
                    "texture": "#0"
                },
                "down": {
                    "uv": [11,12,13,14],
                    "texture": "#0"
                },
                "west": {
                    "uv": [7,3,8,4],
                    "texture": "#0"
                },
                "east": {
                    "uv": [7,3,8,4],
                    "texture": "#0"
                },
                "north": {
                    "uv": [7,3,8,4],
                    "texture": "#0"
                },
                "south": {
                    "uv": [7,3,8,4],
                    "texture": "#0"
                }
            }
        }
    ]
}