{
    "__comment": "Model generated using MrCrayfish's Model Creator (http://mrcrayfish.com/modelcreator/)",
"ambientocclusion": false,
    "textures": {
        "particle": "items/bucket_empty",
        "0": "items/bucket_empty"
    },
    "elements": [
        {
            "name": "Element",
            "from": [ 5.0, 4.0, 5.0 ], 
            "to": [ 11.0, 5.0, 11.0 ], 
            "faces": {
                "north": { "texture": "#0", "uv": [ 7.0, 8.0, 8.0, 9.0 ] },
                "east": { "texture": "#0", "uv": [ 0.0, 0.0, 6.0, 1.0 ] },
                "south": { "texture": "#0", "uv": [ 0.0, 0.0, 6.0, 1.0 ] },
                "west": { "texture": "#0", "uv": [ 0.0, 0.0, 6.0, 1.0 ] },
                "up": { "texture": "#0", "uv": [ 8.0, 6.0, 10.0, 8.0 ] },
                "down": { "texture": "#0", "uv": [ 10.0, 6.0, 12.0, 8.0 ] }
            }
        },
        {
            "name": "Element",
            "from": [ 5.0, 4.0, 4.0 ], 
            "to": [ 12.0, 12.0, 5.0 ], 
            "faces": {
                "north": { "texture": "#0", "uv": [ 4.0, 5.0, 12.0, 14.0 ] },
                "east": { "texture": "#0", "uv": [ 4.0, 5.0, 5.0, 14.0 ] },
                "south": { "texture": "#0", "uv": [ 4.0, 5.0, 10.0, 14.0 ] },
                "west": { "texture": "#0", "uv": [ 0.0, 0.0, 1.0, 8.0 ] },
                "up": { "texture": "#0", "uv": [ 3.0, 5.0, 4.0, 6.0 ] },
                "down": { "texture": "#0", "uv": [ 4.0, 13.0, 11.0, 14.0 ] }
            }
        },
        {
            "name": "Element",
            "from": [ 4.0, 4.0, 4.0 ], 
            "to": [ 5.0, 12.0, 11.0 ], 
            "faces": {
                "north": { "texture": "#0", "uv": [ 4.0, 5.0, 5.0, 14.0 ] },
                "east": { "texture": "#0", "uv": [ 4.0, 5.0, 10.0, 14.0 ] },
                "south": { "texture": "#0", "uv": [ 0.0, 0.0, 1.0, 8.0 ] },
                "west": { "texture": "#0", "uv": [ 4.0, 5.0, 11.0, 14.0 ] },
                "up": { "texture": "#0", "uv": [ 3.0, 5.0, 4.0, 6.0 ] },
                "down": { "texture": "#0", "uv": [ 4.0, 13.0, 5.0, 14.0 ] }
            }
        },
        {
            "name": "Element",
            "from": [ 4.0, 4.0, 11.0 ], 
            "to": [ 11.0, 12.0, 12.0 ], 
            "faces": {
                "north": { "texture": "#0", "uv": [ 4.0, 5.0, 10.0, 14.0 ] },
                "east": { "texture": "#0", "uv": [ 0.0, 0.0, 1.0, 8.0 ] },
                "south": { "texture": "#0", "uv": [ 4.0, 5.0, 7.0, 14.0 ] },
                "west": { "texture": "#0", "uv": [ 4.0, 5.0, 5.0, 14.0 ] },
                "up": { "texture": "#0", "uv": [ 3.0, 5.0, 10.0, 6.0 ] },
                "down": { "texture": "#0", "uv": [ 4.0, 13.0, 11.0, 14.0 ] }
            }
        },
        {
            "name": "Element",
            "from": [ 11.0, 4.0, 5.0 ], 
            "to": [ 12.0, 12.0, 12.0 ], 
            "faces": {
                "north": { "texture": "#0", "uv": [ 0.0, 0.0, 1.0, 8.0 ] },
                "east": { "texture": "#0", "uv": [ 4.0, 5.0, 12.0, 14.0 ] },
                "south": { "texture": "#0", "uv": [ 4.0, 5.0, 5.0, 14.0 ] },
                "west": { "texture": "#0", "uv": [ 4.0, 5.0, 10.0, 14.0 ] },
                "up": { "texture": "#0", "uv": [ 3.0, 5.0, 4.0, 6.0 ] },
                "down": { "texture": "#0", "uv": [ 4.0, 13.0, 5.0, 14.0 ] }
            }
        },
        {
            "name": "Element",
            "from": [ 3.0, 9.0, 2.0 ], 
            "to": [ 13.0, 10.0, 3.0 ], 
            "rotation": { "origin": [ 8.0, 8.0, 8.0 ], "axis": "x", "angle": -45.0 },
            "faces": {
                "north": { "texture": "#0", "uv": [ 4.0, 6.0, 12.0, 7.0 ] },
                "east": { "texture": "#0", "uv": [ 4.0, 6.0, 5.0, 7.0 ] },
                "south": { "texture": "#0", "uv": [ 4.0, 7.0, 12.0, 8.0 ] },
                "west": { "texture": "#0", "uv": [ 4.0, 6.0, 5.0, 7.0 ] },
                "up": { "texture": "#0", "uv": [ 4.0, 6.0, 12.0, 7.0 ] },
                "down": { "texture": "#0", "uv": [ 4.0, 6.0, 12.0, 7.0 ] }
            }
        },
        {
            "name": "Element",
            "from": [ 3.0, 9.0, 3.0 ], 
            "to": [ 4.0, 10.0, 10.0 ], 
            "rotation": { "origin": [ 8.0, 8.0, 8.0 ], "axis": "x", "angle": -45.0 },
            "faces": {
                "north": { "texture": "#0", "uv": [ 0.0, 0.0, 1.0, 1.0 ] },
                "east": { "texture": "#0", "uv": [ 4.0, 7.0, 11.0, 8.0 ] },
                "south": { "texture": "#0", "uv": [ 4.0, 6.0, 5.0, 7.0 ] },
                "west": { "texture": "#0", "uv": [ 4.0, 6.0, 11.0, 7.0 ] },
                "up": { "texture": "#0", "uv": [ 4.0, 6.0, 5.0, 8.0 ] },
                "down": { "texture": "#0", "uv": [ 4.0, 6.0, 5.0, 8.0 ] }
            }
        },
        {
            "name": "Element",
            "from": [ 12.0, 9.0, 3.0 ], 
            "to": [ 13.0, 10.0, 10.0 ], 
            "rotation": { "origin": [ 8.0, 8.0, 8.0 ], "axis": "x", "angle": -45.0 },
            "faces": {
                "north": { "texture": "#0", "uv": [ 0.0, 0.0, 1.0, 1.0 ] },
                "east": { "texture": "#0", "uv": [ 4.0, 7.0, 11.0, 8.0 ] },
                "south": { "texture": "#0", "uv": [ 4.0, 7.0, 5.0, 8.0 ] },
                "west": { "texture": "#0", "uv": [ 4.0, 7.0, 11.0, 8.0 ] },
                "up": { "texture": "#0", "uv": [ 4.0, 6.0, 5.0, 8.0 ] },
                "down": { "texture": "#0", "uv": [ 4.0, 6.0, 5.0, 8.0 ] }
            }
        }
    ],
"display": {
    "thirdperson_righthand": {
        "rotation": [ 75, 45, 0 ],
        "translation": [ 0, 2.5, 0 ],
        "scale": [ 1, 1, 1 ]
    },
    "thirdperson_lefthand": {
        "rotation": [ 75, 45, 0 ],
        "translation": [ 0, 2.5, 0 ],
        "scale": [ 1, 1, 1 ]
    },
    "head": {
        "rotation": [ 0, 0, 0 ],
        "translation": [ 0, 0, 0 ],
        "scale": [ 1, 1, 1 ]
    },
    "ground": {
        "rotation": [ 0, 0, 0 ],
        "translation": [ 0, 3, 0 ],
        "scale": [ 1, 1, 1 ]
    },
    "fixed": {
        "rotation": [ 0, 0, 0 ],
        "translation": [ 0, 0, 0 ],
        "scale": [ 1, 1, 1 ]
    },
    "firstperson_righthand": {
        "rotation": [ 0, 45, 0 ],
        "translation": [ 0, 0, 0 ],
        "scale": [ 1, 1, 1 ]
    },
    "firstperson_lefthand": {
        "rotation": [ 0, 225, 0 ],
        "translation": [ 0, 0, 0 ],
        "scale": [ 1, 1, 1 ]
    },
    "gui": {
        "rotation": [ 30, 225, 0 ],
        "translation": [ 0, 0, 0 ],
        "scale": [ 1, 1, 1 ]
    }
}
}