{
	"__comment": "Designed by Jehkoba with Cubik Studio - https://cubik.studio",
	"textures": {
		"particle": "blocks/fence_acacia",
		"texture": "blocks/fence_acacia"
	},
	"elements": [ 	 
		{
			"__comment": "Box2",
			"from": [ 7, 1, 0 ],
			"to": [ 9, 5, 6 ],
			"faces": {
				"down": { "uv": [ 7, 10, 9, 16 ], "texture": "#texture" },
				"up": { "uv": [ 7, 0, 9, 6 ], "texture": "#texture" },
				"north": { "uv": [ 7, 11, 9, 15 ], "texture": "#texture" },
				"south": { "uv": [ 7, 11, 9, 15 ], "texture": "#texture" },
				"west": { "uv": [ 0, 11, 6, 15 ], "texture": "#texture" },
				"east": { "uv": [ 10, 11, 16, 15 ], "texture": "#texture" }
			}
		},
		{
			"__comment": "Box3",
			"from": [ 7, 11, 0 ],
			"to": [ 9, 15, 6 ],
			"faces": {
				"down": { "uv": [ 7, 10, 9, 16 ], "texture": "#texture" },
				"up": { "uv": [ 7, 0, 9, 6 ], "texture": "#texture" },
				"north": { "uv": [ 7, 1, 9, 5 ], "texture": "#texture" },
				"south": { "uv": [ 7, 1, 9, 5 ], "texture": "#texture" },
				"west": { "uv": [ 0, 1, 6, 5 ], "texture": "#texture" },
				"east": { "uv": [ 10, 1, 16, 5 ], "texture": "#texture" }
			}
		},
		{
			"__comment": "Box4",
			"from": [ 7.5, 5, 0.75 ],
			"to": [ 8.5, 11, 4.75 ],
			"faces": {
				"down": { "uv": [ 7.5, 11, 8.5, 15 ], "texture": "#texture" },
				"up": { "uv": [ 7.5, 1, 8.5, 5 ], "texture": "#texture" },
				"north": { "uv": [ 7.5, 5, 8.5, 11 ], "texture": "#texture" },
				"south": { "uv": [ 7.5, 5, 8.5, 11 ], "texture": "#texture" },
				"west": { "uv": [ 1, 5, 5, 11 ], "texture": "#texture" },
				"east": { "uv": [ 11, 5, 15, 11 ], "texture": "#texture" }
			}
		}
	]
}