{
	"__comment": "Designed by Jehkoba with Cubik Studio - https://cubik.studio",
	"parent": "block/block",
	"textures": {
		"particle": "blocks/fence_acacia",
		"texture": "blocks/fence_acacia"
	},
	"elements": [ 	 
		{
			"__comment": "Left-hand post",
			"from": [ 0, 1, 7 ],
			"to": [ 2, 15, 9 ],
			"faces": {
				"down": { "uv": [ 8, 14, 10, 16 ], "texture": "#texture" },
				"up": { "uv": [ 6, 2, 8, 4 ], "texture": "#texture" },
				"north": { "uv": [ 7, 2, 9, 16 ], "texture": "#texture" },
				"south": { "uv": [ 7, 2, 9, 16 ], "texture": "#texture" },
				"west": { "uv": [ 7, 2, 9, 16 ], "texture": "#texture", "cullface": "west" },
				"east": { "uv": [ 7, 2, 9, 16 ], "texture": "#texture" }
			}
		},
		{
			"__comment": "Right-hand post",
			"from": [ 14, 1, 7 ],
			"to": [ 16, 15, 9 ],
			"faces": {
				"down": { "uv": [ 8, 14, 10, 16 ], "texture": "#texture" },
				"up": { "uv": [ 6, 2, 8, 4 ], "texture": "#texture" },
				"north": { "uv": [ 7, 2, 9, 16 ], "texture": "#texture" },
				"south": { "uv": [ 7, 2, 9, 16 ], "texture": "#texture" },
				"west": { "uv": [ 7, 2, 9, 16 ], "texture": "#texture" },
				"east": { "uv": [ 7, 2, 9, 16 ], "texture": "#texture", "cullface": "east" }
			}
		},
		{
			"__comment": "Inner vertical post of left-hand gate door",
			"from": [ 6, 3.5, 7 ],
			"to": [ 8, 12.5, 9 ],
			"faces": {
				"down": { "uv": [ 8, 14, 10, 16 ], "texture": "#texture" },
				"up": { "uv": [ 6, 2, 8, 4 ], "texture": "#texture" },
				"north": { "uv": [ 7, 2, 9, 11 ], "texture": "#texture" },
				"south": { "uv": [ 7, 2, 9, 11 ], "texture": "#texture" },
				"west": { "uv": [ 7, 2, 9, 11 ], "texture": "#texture" },
				"east": { "uv": [ 7, 2, 9, 11 ], "texture": "#texture" }
			}
		},
		{
			"__comment": "Inner vertical post of right-hand gate door",
			"from": [ 8, 3.5, 7 ],
			"to": [ 10, 12.5, 9 ],
			"faces": {
				"down": { "uv": [ 8, 14, 10, 16 ], "texture": "#texture" },
				"up": { "uv": [ 6, 2, 8, 4 ], "texture": "#texture" },
				"north": { "uv": [ 7, 2, 9, 11 ], "texture": "#texture" },
				"south": { "uv": [ 7, 2, 9, 11 ], "texture": "#texture" },
				"west": { "uv": [ 7, 2, 9, 11 ], "texture": "#texture" },
				"east": { "uv": [ 7, 2, 9, 11 ], "texture": "#texture" }
			}
		},
		{
			"__comment": "Lower horizontal bar of left-hand gate door",
			"from": [ 2, 3.5, 7.5 ],
			"to": [ 6, 6.5, 8.5 ],
			"faces": {
				"down": { "uv": [ 2, 7, 6, 8 ], "texture": "#texture" },
				"up": { "uv": [ 2, 8, 6, 9 ], "texture": "#texture" },
				"north": { "uv": [ 2, 7, 6, 10 ], "texture": "#texture" },
				"south": { "uv": [ 2, 7, 6, 10 ], "texture": "#texture" }
			}
		},
		{
			"__comment": "Upper horizontal bar of left-hand gate door",
			"from": [ 2, 9.5, 7.5 ],
			"to": [ 6, 12.5, 8.5 ],
			"faces": {
				"down": { "uv": [ 2, 7, 6, 8 ], "texture": "#texture" },
				"up": { "uv": [ 2, 8, 6, 9 ], "texture": "#texture" },
				"north": { "uv": [ 2, 1, 6, 4 ], "texture": "#texture" },
				"south": { "uv": [ 2, 1, 6, 4 ], "texture": "#texture" }
			}
		},
		{
			"__comment": "Lower horizontal bar of right-hand gate door",
			"from": [ 10, 3.5, 7.5 ],
			"to": [ 14, 6.5, 8.5 ],
			"faces": {
				"down": { "uv": [ 10, 7, 14, 8 ], "texture": "#texture" },
				"up": { "uv": [ 10, 8, 14, 9 ], "texture": "#texture" },
				"north": { "uv": [ 10, 7, 14, 10 ], "texture": "#texture" },
				"south": { "uv": [ 10, 7, 14, 10 ], "texture": "#texture" }
			}
		},
		{
			"__comment": "Upper horizontal bar of right-hand gate door",
			"from": [ 10, 9.5, 7.5 ],
			"to": [ 14, 12.5, 8.5 ],
			"faces": {
				"down": { "uv": [ 10, 7, 14, 8 ], "texture": "#texture" },
				"up": { "uv": [ 10, 8, 14, 9 ], "texture": "#texture" },
				"north": { "uv": [ 10, 1, 14, 4 ], "texture": "#texture" },
				"south": { "uv": [ 10, 1, 14, 4 ], "texture": "#texture" }
			}
		}
	],
	"display": {
		"gui": {
			"rotation":  [ 30, 45, 0 ],
			"translation":  [ 0, -1, 0 ],
			"scale":  [ 0.8, 0.8, 0.8 ]
		},
		"head": {
			"translation":  [ 0, -3, -6 ]
		}
	}
}