{
"__comment": "Designed by Jehkoba with BDcraft Cubik PRO 0.87 Beta - http://bdcraft.net",
"parent": "block/block", 
"textures": {
    "particle": "blocks/rail_normal",
    "texture": "blocks/rail_normal",
    "rail_activator_powered": "blocks/rail_activator_powered"
},
"elements": [ 
{
    "from": [ 2, 1, 0 ],
    "to": [ 4, 2, 16 ],
    "faces": {
        "down":  { "uv": [ 14, 16, 12, 0 ], "texture": "#texture" },
        "up":    { "uv": [ 2, 0, 4, 16 ], "texture": "#texture" },
        "north": { "uv": [ 12, 14, 14, 15 ], "texture": "#texture", "cullface": "north" },
        "south": { "uv": [ 2, 14, 4, 15 ], "texture": "#texture", "cullface": "south" },
        "west":  { "uv": [ 2, 1, 3, 2 ], "texture": "#texture" },
        "east":  { "uv": [ 3, 1, 4, 2 ], "texture": "#texture" }
    }
},
{
    "from": [ 12, 1, 0 ],
    "to": [ 14, 2, 16 ],
    "faces": {
        "down":  { "uv": [ 4, 16, 2, 0 ], "texture": "#texture" },
        "up":    { "uv": [ 12, 0, 14, 16 ], "texture": "#texture" },
        "north": { "uv": [ 2, 14, 4, 15 ], "texture": "#texture", "cullface": "north" },
        "south": { "uv": [ 12, 14, 14, 15 ], "texture": "#texture", "cullface": "south" },
        "west":  { "uv": [ 3, 14, 4, 15 ], "texture": "#texture" },
        "east":  { "uv": [ 2, 14, 3, 15 ], "texture": "#texture" }
    }
},
{
    "from": [ 1, 0, 11.75 ],
    "to": [ 15, 1, 14.75 ],
    "faces": {
        "down":  { "uv": [ 12, 15, 4, 12 ], "texture": "#texture", "cullface": "down" },
        "up":    { "uv": [ 4, 12, 12, 15 ], "texture": "#texture" },
        "north": { "uv": [ 4, 13, 12, 14 ], "texture": "#texture" },
        "south": { "uv": [ 4, 13, 12, 14 ], "texture": "#texture" },
        "west":  { "uv": [ 8, 13, 11, 14 ], "texture": "#texture" },
        "east":  { "uv": [ 9, 13, 12, 14 ], "texture": "#texture" }
    }
},
{
    "from": [ 1, 0, 6.5 ],
    "to": [ 15, 1, 9.5 ],
    "faces": {
        "down":  { "uv": [ 12, 10, 4, 7 ], "texture": "#texture", "cullface": "down" },
        "up":    { "uv": [ 4, 7, 12, 10 ], "texture": "#texture" },
        "north": { "uv": [ 4, 8, 12, 9 ], "texture": "#texture" },
        "south": { "uv": [ 4, 8, 12, 9 ], "texture": "#texture" },
        "west":  { "uv": [ 8, 8, 11, 9 ], "texture": "#texture" },
        "east":  { "uv": [ 9, 3, 12, 4 ], "texture": "#texture" }
    }
},
{
    "from": [ 1, 0, 1.25 ],
    "to": [ 15, 1, 4.25 ],
    "faces": {
        "down":  { "uv": [ 12, 5, 4, 2 ], "texture": "#texture", "cullface": "down" },
        "up":    { "uv": [ 4, 2, 12, 5 ], "texture": "#texture" },
        "north": { "uv": [ 4, 3, 12, 4 ], "texture": "#texture" },
        "south": { "uv": [ 4, 3, 12, 4 ], "texture": "#texture" },
        "west":  { "uv": [ 9, 3, 12, 4 ], "texture": "#texture" },
        "east":  { "uv": [ 8, 3, 11, 4 ], "texture": "#texture" }
    }
},
{
    "from": [ 6, 1, 2.5 ],
    "to": [ 10, 2, 13.5 ],
    "faces": {
        "down":  { "uv": [ 6, 14, 10, 3 ], "texture": "#rail_activator_powered" },
        "up":    { "uv": [ 6, 3, 10, 14 ], "texture": "#rail_activator_powered" },
        "north": { "uv": [ 10, 3, 6, 4 ], "texture": "#rail_activator_powered" },
        "south": { "uv": [ 6, 13, 10, 14 ], "texture": "#rail_activator_powered" },
        "west":  { "uv": [ 6, 3, 7, 4 ], "texture": "#rail_activator_powered" },
        "east":  { "uv": [ 9, 13, 10, 14 ], "texture": "#rail_activator_powered" }
    }
}
]
}