{
	"__comment": "Designed by Jehkoba with Cubik Studio - https://cubik.studio",
	"parent": "block/block",
	"ambientocclusion": false,
	"textures": {
		"particle": "blocks/fence_birch",
		"texture": "blocks/fence_birch"
	},
	"elements": [ 	 
		{
			"__comment": "Box7",
			"from": [ 6, 0, 11.5 ],
			"to": [ 10, 16, 15.5 ],
			"faces": {
				"down": { "uv": [ 6, 6, 10, 10 ], "texture": "#texture" },
				"up": { "uv": [ 6, 6, 10, 10 ], "texture": "#texture" },
				"north": { "uv": [ 6, 0, 10, 16 ], "texture": "#texture" },
				"south": { "uv": [ 6, 0, 10, 16 ], "texture": "#texture" },
				"west": { "uv": [ 6, 0, 10, 16 ], "texture": "#texture" },
				"east": { "uv": [ 6, 0, 10, 16 ], "texture": "#texture" }
			}
		},
		{
			"__comment": "Box6",
			"from": [ 6.5, 0, 6.5 ],
			"to": [ 9.5, 16, 9.5 ],
			"faces": {
				"down": { "uv": [ 6.5, 12, 9.5, 15 ], "texture": "#texture" },
				"up": { "uv": [ 6.5, 1, 9.5, 4 ], "texture": "#texture" },
				"north": { "uv": [ 6.5, 0, 9.5, 16 ], "texture": "#texture" },
				"south": { "uv": [ 6.5, 0, 9.5, 16 ], "texture": "#texture" },
				"west": { "uv": [ 1, 0, 4, 16 ], "texture": "#texture" },
				"east": { "uv": [ 12, 0, 15, 16 ], "texture": "#texture" }
			}
		},
		{
			"__comment": "Box10",
			"from": [ 7, 3, 9.5 ],
			"to": [ 9, 6, 11.5 ],
			"faces": {
				"down": { "uv": [ 7, 10, 9, 12 ], "texture": "#texture" },
				"up": { "uv": [ 7, 4, 9, 6 ], "texture": "#texture" },
				"north": { "uv": [ 7, 10, 9, 13 ], "texture": "#texture" },
				"south": { "uv": [ 7, 10, 9, 13 ], "texture": "#texture" },
				"west": { "uv": [ 4, 10, 6, 13 ], "texture": "#texture" },
				"east": { "uv": [ 10, 10, 12, 13 ], "texture": "#texture" }
			}
		},
		{
			"__comment": "Box11",
			"from": [ 7, 10, 9.5 ],
			"to": [ 9, 13, 11.5 ],
			"faces": {
				"down": { "uv": [ 7, 10, 9, 12 ], "texture": "#texture" },
				"up": { "uv": [ 7, 4, 9, 6 ], "texture": "#texture" },
				"north": { "uv": [ 7, 3, 9, 6 ], "texture": "#texture" },
				"south": { "uv": [ 7, 3, 9, 6 ], "texture": "#texture" },
				"west": { "uv": [ 4, 3, 6, 6 ], "texture": "#texture" },
				"east": { "uv": [ 10, 3, 12, 6 ], "texture": "#texture" }
			}
		},
		{
			"__comment": "Box7",
			"from": [ 6, 0, 0.5 ],
			"to": [ 10, 16, 4.5 ],
			"faces": {
				"down": { "uv": [ 6, 6, 10, 10 ], "texture": "#texture" },
				"up": { "uv": [ 6, 6, 10, 10 ], "texture": "#texture" },
				"north": { "uv": [ 6, 0, 10, 16 ], "texture": "#texture" },
				"south": { "uv": [ 6, 0, 10, 16 ], "texture": "#texture" },
				"west": { "uv": [ 6, 0, 10, 16 ], "texture": "#texture" },
				"east": { "uv": [ 6, 0, 10, 16 ], "texture": "#texture" }
			}
		},
		{
			"__comment": "Box10",
			"from": [ 7, 3, 4.5 ],
			"to": [ 9, 6, 6.5 ],
			"faces": {
				"down": { "uv": [ 7, 10, 9, 12 ], "texture": "#texture" },
				"up": { "uv": [ 7, 4, 9, 6 ], "texture": "#texture" },
				"north": { "uv": [ 7, 10, 9, 13 ], "texture": "#texture" },
				"south": { "uv": [ 7, 10, 9, 13 ], "texture": "#texture" },
				"west": { "uv": [ 4, 10, 6, 13 ], "texture": "#texture" },
				"east": { "uv": [ 10, 10, 12, 13 ], "texture": "#texture" }
			}
		},
		{
			"__comment": "Box11",
			"from": [ 7, 10, 4.5 ],
			"to": [ 9, 13, 6.5 ],
			"faces": {
				"down": { "uv": [ 7, 10, 9, 12 ], "texture": "#texture" },
				"up": { "uv": [ 7, 4, 9, 6 ], "texture": "#texture" },
				"north": { "uv": [ 7, 3, 9, 6 ], "texture": "#texture" },
				"south": { "uv": [ 7, 3, 9, 6 ], "texture": "#texture" },
				"west": { "uv": [ 4, 3, 6, 6 ], "texture": "#texture" },
				"east": { "uv": [ 10, 3, 12, 6 ], "texture": "#texture" }
			}
		},
		{
			"__comment": "Box10",
			"from": [ 7, 3, -1.5 ],
			"to": [ 9, 6, 0.5 ],
			"faces": {
				"down": { "uv": [ 7, 10, 9, 12 ], "texture": "#texture" },
				"up": { "uv": [ 7, 4, 9, 6 ], "texture": "#texture" },
				"north": { "uv": [ 7, 10, 9, 13 ], "texture": "#texture" },
				"south": { "uv": [ 7, 10, 9, 13 ], "texture": "#texture" },
				"west": { "uv": [ 4, 10, 6, 13 ], "texture": "#texture" },
				"east": { "uv": [ 10, 10, 12, 13 ], "texture": "#texture" }
			}
		},
		{
			"__comment": "Box11",
			"from": [ 7, 10, -1.5 ],
			"to": [ 9, 13, 0.5 ],
			"faces": {
				"down": { "uv": [ 7, 10, 9, 12 ], "texture": "#texture" },
				"up": { "uv": [ 7, 4, 9, 6 ], "texture": "#texture" },
				"north": { "uv": [ 7, 3, 9, 6 ], "texture": "#texture" },
				"south": { "uv": [ 7, 3, 9, 6 ], "texture": "#texture" },
				"west": { "uv": [ 4, 3, 6, 6 ], "texture": "#texture" },
				"east": { "uv": [ 10, 3, 12, 6 ], "texture": "#texture" }
			}
		},
		{
			"__comment": "Box10",
			"from": [ 7, 3, 15.5 ],
			"to": [ 9, 6, 17.5 ],
			"faces": {
				"down": { "uv": [ 7, 10, 9, 12 ], "texture": "#texture" },
				"up": { "uv": [ 7, 4, 9, 6 ], "texture": "#texture" },
				"north": { "uv": [ 7, 10, 9, 13 ], "texture": "#texture" },
				"south": { "uv": [ 7, 10, 9, 13 ], "texture": "#texture" },
				"west": { "uv": [ 4, 10, 6, 13 ], "texture": "#texture" },
				"east": { "uv": [ 10, 10, 12, 13 ], "texture": "#texture" }
			}
		},
		{
			"__comment": "Box11",
			"from": [ 7, 10, 15.5 ],
			"to": [ 9, 13, 17.5 ],
			"faces": {
				"down": { "uv": [ 7, 10, 9, 12 ], "texture": "#texture" },
				"up": { "uv": [ 7, 4, 9, 6 ], "texture": "#texture" },
				"north": { "uv": [ 7, 3, 9, 6 ], "texture": "#texture" },
				"south": { "uv": [ 7, 3, 9, 6 ], "texture": "#texture" },
				"west": { "uv": [ 4, 3, 6, 6 ], "texture": "#texture" },
				"east": { "uv": [ 10, 3, 12, 6 ], "texture": "#texture" }
			}
		}
	],
	"display": {
		"gui": {
			"rotation":  [ 30, 135, 0 ],
			"scale":  [ 0.625, 0.625, 0.625 ]
		},
		"fixed": {
			"rotation":  [ 0, 90, 0 ],
			"scale":  [ 0.5, 0.5, 0.5 ]
		}
	}
}