{
	"__comment": "Designed by Jehkoba with BDcraft Cubik PRO 0.93 Beta - http://bdcraft.net",
	"parent": "block/block",
	"textures": {
		"particle": "blocks/crafting_table_front",
		"Top": "blocks/crafting_table_top",
		"Front": "blocks/crafting_table_front",
		"Side": "blocks/crafting_table_side",
		"Bottom": "blocks/crafting_table_bottom"
	},
	"elements": [ 	 
		{
			"__comment": "Box30",
			"from": [ 1, 1, 1 ],
			"to": [ 15, 15, 15 ],
			"shade": false,
			"faces": {
				"down": { "uv": [ 1, 1, 15, 15 ], "texture": "#Top" },
				"up": { "uv": [ 1, 1, 15, 15 ], "texture": "#Top" },
				"north": { "uv": [ 1, 1, 15, 15 ], "texture": "#Front" },
				"south": { "uv": [ 15, 1, 1, 15 ], "texture": "#Front" },
				"west": { "uv": [ 1, 1, 15, 15 ], "texture": "#Side" },
				"east": { "uv": [ 15, 1, 1, 15 ], "texture": "#Side" }
			}
		},
		{
			"__comment": "Box31",
			"from": [ 0, 10, 2 ],
			"to": [ 16, 11, 3 ],
			"shade": false,
			"faces": {
				"down": { "uv": [ 3, 5, 2, 6 ], "texture": "#Side" },
				"up": { "uv": [ 3, 5, 2, 6 ], "texture": "#Side" },
				"north": { "uv": [ 3, 5, 2, 6 ], "texture": "#Side" },
				"west": { "uv": [ 3, 5, 2, 6 ], "texture": "#Side" },
				"east": { "uv": [ 3, 5, 2, 6 ], "texture": "#Side" }
			}
		},
		{
			"__comment": "Box32",
			"from": [ 0, 10, 3 ],
			"to": [ 16, 12, 8 ],
			"shade": false,
			"faces": {
				"down": { "uv": [ 8, 5, 3, 6 ], "texture": "#Side", "rotation": 90 },
				"up": { "uv": [ 3, 4, 8, 5 ], "texture": "#Side", "rotation": 90 },
				"north": { "uv": [ 3, 4, 4, 6 ], "texture": "#Side" },
				"south": { "uv": [ 7, 4, 8, 6 ], "texture": "#Side" },
				"west": { "uv": [ 3, 4, 8, 6 ], "texture": "#Side" },
				"east": { "uv": [ 8, 4, 3, 6 ], "texture": "#Side" }
			}
		},
		{
			"__comment": "Box33",
			"from": [ 0.5, 4, 4 ],
			"to": [ 15.5, 6, 7 ],
			"shade": false,
			"faces": {
				"down": { "uv": [ 7, 11, 4, 12 ], "texture": "#Side", "rotation": 90 },
				"up": { "uv": [ 4, 10, 7, 11 ], "texture": "#Side", "rotation": 90 },
				"north": { "uv": [ 4, 10, 5, 12 ], "texture": "#Side" },
				"south": { "uv": [ 6, 10, 7, 12 ], "texture": "#Side" },
				"west": { "uv": [ 4, 10, 7, 12 ], "texture": "#Side" },
				"east": { "uv": [ 7, 10, 4, 12 ], "texture": "#Side" }
			}
		},
		{
			"__comment": "Box34",
			"from": [ 0.5, 6, 5 ],
			"to": [ 15.5, 13, 7 ],
			"shade": false,
			"faces": {
				"up": { "uv": [ 5, 3, 7, 4 ], "texture": "#Side", "rotation": 90 },
				"north": { "uv": [ 5, 3, 6, 10 ], "texture": "#Side" },
				"south": { "uv": [ 6, 3, 7, 10 ], "texture": "#Side" },
				"west": { "uv": [ 5, 3, 7, 10 ], "texture": "#Side" },
				"east": { "uv": [ 7, 3, 5, 10 ], "texture": "#Side" }
			}
		},
		{
			"__comment": "Box10",
			"from": [ 0.5, 4, 10 ],
			"to": [ 15.5, 12, 12 ],
			"shade": false,
			"faces": {
				"down": { "uv": [ 0.5, 4, 15.5, 6 ], "texture": "#Side" },
				"up": { "uv": [ 10, 4, 12, 5 ], "texture": "#Side", "rotation": 90 },
				"north": { "uv": [ 10, 4, 11, 12 ], "texture": "#Side" },
				"south": { "uv": [ 11, 4, 12, 12 ], "texture": "#Side" },
				"west": { "uv": [ 10, 4, 12, 12 ], "texture": "#Side" },
				"east": { "uv": [ 12, 4, 10, 12 ], "texture": "#Side" }
			}
		},
		{
			"__comment": "Box31",
			"from": [ 0.5, 12, 11 ],
			"to": [ 15.5, 13, 12 ],
			"shade": false,
			"faces": {
				"up": { "uv": [ 3, 5, 2, 6 ], "texture": "#Side" },
				"north": { "uv": [ 3, 5, 2, 6 ], "texture": "#Side" },
				"south": { "uv": [ 3, 5, 2, 6 ], "texture": "#Side" },
				"west": { "uv": [ 3, 5, 2, 6 ], "texture": "#Side" },
				"east": { "uv": [ 3, 5, 2, 6 ], "texture": "#Side" }
			}
		},
		{
			"__comment": "Box12",
			"from": [ 7, 10, 0 ],
			"to": [ 13, 13, 16 ],
			"shade": false,
			"faces": {
				"down": { "uv": [ 9, 5, 3, 6 ], "texture": "#Front" },
				"up": { "uv": [ 9, 3, 3, 4 ], "texture": "#Front" },
				"north": { "uv": [ 3, 3, 9, 6 ], "texture": "#Front" },
				"south": { "uv": [ 9, 3, 3, 6 ], "texture": "#Front" },
				"west": { "uv": [ 8, 3, 9, 6 ], "texture": "#Front" },
				"east": { "uv": [ 3, 3, 4, 6 ], "texture": "#Front" }
			}
		},
		{
			"__comment": "Box13",
			"from": [ 9, 4, 0.5 ],
			"to": [ 11, 10, 15.5 ],
			"shade": false,
			"faces": {
				"down": { "uv": [ 7, 11, 5, 12 ], "texture": "#Front" },
				"north": { "uv": [ 5, 6, 7, 12 ], "texture": "#Front" },
				"south": { "uv": [ 7, 6, 5, 12 ], "texture": "#Front" },
				"west": { "uv": [ 6, 6, 7, 12 ], "texture": "#Front" },
				"east": { "uv": [ 5, 6, 6, 12 ], "texture": "#Front" }
			}
		},
		{
			"__comment": "Box14",
			"from": [ 3, 10, 0.5 ],
			"to": [ 6, 13, 15.5 ],
			"shade": false,
			"faces": {
				"down": { "uv": [ 13, 5, 10, 6 ], "texture": "#Front" },
				"up": { "uv": [ 13, 3, 10, 4 ], "texture": "#Front" },
				"north": { "uv": [ 10, 3, 13, 6 ], "texture": "#Front" },
				"south": { "uv": [ 13, 3, 10, 6 ], "texture": "#Front" },
				"west": { "uv": [ 12, 3, 13, 6 ], "texture": "#Front" },
				"east": { "uv": [ 10, 3, 11, 6 ], "texture": "#Front" }
			}
		},
		{
			"__comment": "Box13",
			"from": [ 4, 4, 0.5 ],
			"to": [ 6, 10, 15.5 ],
			"shade": false,
			"faces": {
				"down": { "uv": [ 12, 11, 10, 12 ], "texture": "#Front" },
				"north": { "uv": [ 10, 6, 12, 12 ], "texture": "#Front" },
				"south": { "uv": [ 12, 6, 10, 12 ], "texture": "#Front" },
				"west": { "uv": [ 11, 6, 12, 12 ], "texture": "#Front" },
				"east": { "uv": [ 10, 6, 11, 12 ], "texture": "#Front" }
			}
		},
		{
			"__comment": "Box31",
			"from": [ 3, 8, 0.5 ],
			"to": [ 4, 9, 15.5 ],
			"shade": false,
			"faces": {
				"down": { "uv": [ 5, 5, 4, 6 ], "texture": "#Side" },
				"up": { "uv": [ 5, 5, 4, 6 ], "texture": "#Side" },
				"north": { "uv": [ 5, 5, 4, 6 ], "texture": "#Side" },
				"south": { "uv": [ 5, 5, 4, 6 ], "texture": "#Side" },
				"west": { "uv": [ 5, 5, 4, 6 ], "texture": "#Side" }
			}
		},
		{
			"__comment": "Box31",
			"from": [ 3, 6, 0.5 ],
			"to": [ 4, 7, 15.5 ],
			"shade": false,
			"faces": {
				"down": { "uv": [ 5, 5, 4, 6 ], "texture": "#Side" },
				"up": { "uv": [ 5, 5, 4, 6 ], "texture": "#Side" },
				"north": { "uv": [ 5, 5, 4, 6 ], "texture": "#Side" },
				"south": { "uv": [ 5, 5, 4, 6 ], "texture": "#Side" },
				"west": { "uv": [ 5, 5, 4, 6 ], "texture": "#Side" }
			}
		},
		{
			"__comment": "Box31",
			"from": [ 3, 4, 0.5 ],
			"to": [ 4, 5, 15.5 ],
			"shade": false,
			"faces": {
				"down": { "uv": [ 5, 5, 4, 6 ], "texture": "#Side" },
				"up": { "uv": [ 5, 5, 4, 6 ], "texture": "#Side" },
				"north": { "uv": [ 5, 5, 4, 6 ], "texture": "#Side" },
				"south": { "uv": [ 5, 5, 4, 6 ], "texture": "#Side" },
				"west": { "uv": [ 5, 5, 4, 6 ], "texture": "#Side" }
			}
		},
		{
			"__comment": "Box19",
			"from": [ 0, 1, 0 ],
			"to": [ 1, 15, 1 ],
			"shade": false,
			"faces": {
				"north": { "uv": [ 0, 1, 1, 15 ], "texture": "#Front" },
				"south": { "uv": [ 0, 1, 1, 15 ], "texture": "#Front" },
				"west": { "uv": [ 0, 1, 1, 15 ], "texture": "#Front" },
				"east": { "uv": [ 0, 1, 1, 15 ], "texture": "#Front" }
			}
		},
		{
			"__comment": "Box19",
			"from": [ 15, 1, 0 ],
			"to": [ 16, 15, 1 ],
			"shade": false,
			"faces": {
				"north": { "uv": [ 0, 1, 1, 15 ], "texture": "#Front" },
				"south": { "uv": [ 0, 1, 1, 15 ], "texture": "#Front" },
				"west": { "uv": [ 0, 1, 1, 15 ], "texture": "#Front" },
				"east": { "uv": [ 0, 1, 1, 15 ], "texture": "#Front" }
			}
		},
		{
			"__comment": "Box19",
			"from": [ 0, 1, 15 ],
			"to": [ 1, 15, 16 ],
			"shade": false,
			"faces": {
				"north": { "uv": [ 0, 1, 1, 15 ], "texture": "#Front" },
				"south": { "uv": [ 0, 1, 1, 15 ], "texture": "#Front" },
				"west": { "uv": [ 0, 1, 1, 15 ], "texture": "#Front" },
				"east": { "uv": [ 0, 1, 1, 15 ], "texture": "#Front" }
			}
		},
		{
			"__comment": "Box19",
			"from": [ 15, 1, 15 ],
			"to": [ 16, 15, 16 ],
			"shade": false,
			"faces": {
				"north": { "uv": [ 0, 1, 1, 15 ], "texture": "#Front" },
				"south": { "uv": [ 0, 1, 1, 15 ], "texture": "#Front" },
				"west": { "uv": [ 0, 1, 1, 15 ], "texture": "#Front" },
				"east": { "uv": [ 0, 1, 1, 15 ], "texture": "#Front" }
			}
		},
		{
			"__comment": "Box23",
			"from": [ 0, 0, 0 ],
			"to": [ 16, 1, 16 ],
			"shade": false,
			"faces": {
				"down": { "uv": [ 0, 0, 16, 16 ], "texture": "#Bottom" },
				"up": { "uv": [ 0, 0, 16, 16 ], "texture": "#Top" },
				"north": { "uv": [ 0, 15, 16, 16 ], "texture": "#Front" },
				"south": { "uv": [ 16, 15, 0, 16 ], "texture": "#Front" },
				"west": { "uv": [ 0, 15, 16, 16 ], "texture": "#Side" },
				"east": { "uv": [ 16, 15, 0, 16 ], "texture": "#Side" }
			}
		},
		{
			"__comment": "Box24",
			"from": [ 0, 15, 0 ],
			"to": [ 16, 16, 16 ],
			"shade": false,
			"faces": {
				"down": { "uv": [ 0, 0, 16, 16 ], "texture": "#Top" },
				"up": { "uv": [ 0, 0, 16, 16 ], "texture": "#Top" },
				"north": { "uv": [ 0, 0, 16, 1 ], "texture": "#Top" },
				"south": { "uv": [ 0, 0, 16, 1 ], "texture": "#Top" },
				"west": { "uv": [ 0, 0, 16, 1 ], "texture": "#Top" },
				"east": { "uv": [ 0, 0, 16, 1 ], "texture": "#Top" }
			}
		},
		{
			"__comment": "Box21",
			"from": [ 0.4632, 16, 0.4632 ],
			"to": [ 15.4632, 16.25, 15.4632 ],
			"shade": false,
			"faces": {
				"up": { "uv": [ 1, 1, 15, 15 ], "texture": "#Top" },
				"north": { "uv": [ 1, 0, 15, 0.75 ], "texture": "#Top" },
				"south": { "uv": [ 1, 0, 15, 0.75 ], "texture": "#Top" },
				"west": { "uv": [ 1, 0, 15, 0.75 ], "texture": "#Top" },
				"east": { "uv": [ 1, 0, 15, 0.75 ], "texture": "#Top" }
			}
		}
	]
}