{
	"__comment": "Designed by Jehkoba with Cubik Studio - https://cubik.studio",
	"textures": {
		"particle": "blocks/door_dark_oak_upper",
		"texture": "blocks/door_dark_oak_upper"
	},
	"elements": [ 	 
		{
			"__comment": "Box1",
			"from": [ 0, 0, 0 ],
			"to": [ 3, 13, 4 ],
			"faces": {
				"down": { "uv": [ 0, 12, 3, 16 ], "texture": "#texture" },
				"up": { "uv": [ 0, 0, 3, 4 ], "texture": "#texture" },
				"north": { "uv": [ 13, 3, 16, 16 ], "texture": "#texture" },
				"south": { "uv": [ 0, 3, 3, 16 ], "texture": "#texture" },
				"west": { "uv": [ 0, 3, 4, 16 ], "texture": "#texture" },
				"east": { "uv": [ 12, 3, 16, 16 ], "texture": "#texture" }
			}
		},
		{
			"__comment": "Box12",
			"from": [ 0.5, 13, 3 ],
			"to": [ 2.5, 14, 7 ],
			"faces": {
				"down": { "uv": [ 0.5, 9, 2.5, 13 ], "texture": "#texture" },
				"up": { "uv": [ 0.5, 3, 2.5, 7 ], "texture": "#texture" },
				"north": { "uv": [ 13.5, 2, 15.5, 3 ], "texture": "#texture" },
				"south": { "uv": [ 0.5, 2, 2.5, 3 ], "texture": "#texture" },
				"west": { "uv": [ 3, 2, 7, 3 ], "texture": "#texture" },
				"east": { "uv": [ 9, 2, 13, 3 ], "texture": "#texture" }
			}
		},
		{
			"__comment": "Box13",
			"from": [ 0.5, 13, 9 ],
			"to": [ 2.5, 14, 13 ],
			"faces": {
				"down": { "uv": [ 0.5, 3, 2.5, 7 ], "texture": "#texture" },
				"up": { "uv": [ 0.5, 9, 2.5, 13 ], "texture": "#texture" },
				"north": { "uv": [ 13.5, 2, 15.5, 3 ], "texture": "#texture" },
				"south": { "uv": [ 0.5, 2, 2.5, 3 ], "texture": "#texture" },
				"west": { "uv": [ 9, 2, 13, 3 ], "texture": "#texture" },
				"east": { "uv": [ 3, 2, 7, 3 ], "texture": "#texture" }
			}
		},
		{
			"__comment": "Box14",
			"from": [ 0.5, 1, 4 ],
			"to": [ 2.5, 3, 6 ],
			"faces": {
				"down": { "uv": [ 0.5, 10, 2.5, 12 ], "texture": "#texture" },
				"up": { "uv": [ 0.5, 4, 2.5, 6 ], "texture": "#texture" },
				"north": { "uv": [ 13.5, 13, 15.5, 15 ], "texture": "#texture" },
				"south": { "uv": [ 0.5, 13, 2.5, 15 ], "texture": "#texture" },
				"west": { "uv": [ 4, 13, 6, 15 ], "texture": "#texture" },
				"east": { "uv": [ 10, 13, 12, 15 ], "texture": "#texture" }
			}
		},
		{
			"__comment": "Box14",
			"from": [ 0.5, 1, 7 ],
			"to": [ 2.5, 3, 9 ],
			"faces": {
				"down": { "uv": [ 14, 10, 16, 12 ], "texture": "#texture" },
				"up": { "uv": [ 14, 4, 16, 6 ], "texture": "#texture" },
				"north": { "uv": [ 0, 13, 2, 15 ], "texture": "#texture" },
				"south": { "uv": [ 14, 13, 16, 15 ], "texture": "#texture" },
				"west": { "uv": [ 4, 13, 6, 15 ], "texture": "#texture" },
				"east": { "uv": [ 10, 13, 12, 15 ], "texture": "#texture" }
			}
		},
		{
			"__comment": "Box14",
			"from": [ 0.5, 1, 10 ],
			"to": [ 2.5, 3, 12 ],
			"faces": {
				"down": { "uv": [ 14, 10, 16, 12 ], "texture": "#texture" },
				"up": { "uv": [ 14, 4, 16, 6 ], "texture": "#texture" },
				"north": { "uv": [ 0, 13, 2, 15 ], "texture": "#texture" },
				"south": { "uv": [ 14, 13, 16, 15 ], "texture": "#texture" },
				"west": { "uv": [ 4, 13, 6, 15 ], "texture": "#texture" },
				"east": { "uv": [ 10, 13, 12, 15 ], "texture": "#texture" }
			}
		},
		{
			"__comment": "Box14",
			"from": [ 0.5, 9, 4 ],
			"to": [ 2.5, 11, 6 ],
			"faces": {
				"down": { "uv": [ 14, 10, 16, 12 ], "texture": "#texture" },
				"up": { "uv": [ 14, 4, 16, 6 ], "texture": "#texture" },
				"north": { "uv": [ 0, 13, 2, 15 ], "texture": "#texture" },
				"south": { "uv": [ 14, 13, 16, 15 ], "texture": "#texture" },
				"west": { "uv": [ 4, 13, 6, 15 ], "texture": "#texture" },
				"east": { "uv": [ 10, 13, 12, 15 ], "texture": "#texture" }
			}
		},
		{
			"__comment": "Box14",
			"from": [ 0.5, 9, 7 ],
			"to": [ 2.5, 11, 9 ],
			"faces": {
				"down": { "uv": [ 14, 10, 16, 12 ], "texture": "#texture" },
				"up": { "uv": [ 14, 4, 16, 6 ], "texture": "#texture" },
				"north": { "uv": [ 0, 13, 2, 15 ], "texture": "#texture" },
				"south": { "uv": [ 14, 13, 16, 15 ], "texture": "#texture" },
				"west": { "uv": [ 4, 13, 6, 15 ], "texture": "#texture" },
				"east": { "uv": [ 10, 13, 12, 15 ], "texture": "#texture" }
			}
		},
		{
			"__comment": "Box14",
			"from": [ 0.5, 9, 10 ],
			"to": [ 2.5, 11, 12 ],
			"faces": {
				"down": { "uv": [ 14, 10, 16, 12 ], "texture": "#texture" },
				"up": { "uv": [ 14, 4, 16, 6 ], "texture": "#texture" },
				"north": { "uv": [ 0, 13, 2, 15 ], "texture": "#texture" },
				"south": { "uv": [ 14, 13, 16, 15 ], "texture": "#texture" },
				"west": { "uv": [ 4, 13, 6, 15 ], "texture": "#texture" },
				"east": { "uv": [ 10, 13, 12, 15 ], "texture": "#texture" }
			}
		},
		{
			"__comment": "Box17",
			"from": [ 0, 13, 0 ],
			"to": [ 3, 16, 3 ],
			"faces": {
				"down": { "uv": [ 0, 13, 3, 16 ], "texture": "#texture" },
				"up": { "uv": [ 0, 0, 3, 3 ], "texture": "#texture" },
				"north": { "uv": [ 13, 0, 16, 3 ], "texture": "#texture" },
				"south": { "uv": [ 0, 0, 3, 3 ], "texture": "#texture" },
				"west": { "uv": [ 0, 0, 3, 3 ], "texture": "#texture" },
				"east": { "uv": [ 13, 0, 16, 3 ], "texture": "#texture" }
			}
		},
		{
			"__comment": "Box18",
			"from": [ 0, 0, 4 ],
			"to": [ 3, 1, 12 ],
			"faces": {
				"down": { "uv": [ 0, 4, 3, 12 ], "texture": "#texture" },
				"up": { "uv": [ 0, 4, 3, 12 ], "texture": "#texture" },
				"north": { "uv": [ 13, 15, 16, 16 ], "texture": "#texture" },
				"south": { "uv": [ 0, 15, 3, 16 ], "texture": "#texture" },
				"west": { "uv": [ 4, 15, 12, 16 ], "texture": "#texture" },
				"east": { "uv": [ 4, 15, 12, 16 ], "texture": "#texture" }
			}
		},
		{
			"__comment": "Box19",
			"from": [ 0, 0, 12 ],
			"to": [ 3, 13, 16 ],
			"faces": {
				"down": { "uv": [ 0, 0, 3, 4 ], "texture": "#texture" },
				"up": { "uv": [ 0, 12, 3, 16 ], "texture": "#texture" },
				"north": { "uv": [ 13, 3, 16, 16 ], "texture": "#texture" },
				"south": { "uv": [ 0, 3, 3, 16 ], "texture": "#texture" },
				"west": { "uv": [ 12, 3, 16, 16 ], "texture": "#texture" },
				"east": { "uv": [ 0, 3, 4, 16 ], "texture": "#texture" }
			}
		},
		{
			"__comment": "Box20",
			"from": [ 0, 13, 13 ],
			"to": [ 3, 16, 16 ],
			"faces": {
				"down": { "uv": [ 0, 0, 3, 3 ], "texture": "#texture" },
				"up": { "uv": [ 0, 13, 3, 16 ], "texture": "#texture" },
				"north": { "uv": [ 13, 0, 16, 3 ], "texture": "#texture" },
				"south": { "uv": [ 0, 0, 3, 3 ], "texture": "#texture" },
				"west": { "uv": [ 13, 0, 16, 3 ], "texture": "#texture" },
				"east": { "uv": [ 0, 0, 3, 3 ], "texture": "#texture" }
			}
		},
		{
			"__comment": "Box21",
			"from": [ 0, 14, 3 ],
			"to": [ 3, 16, 13 ],
			"faces": {
				"down": { "uv": [ 0, 3, 3, 13 ], "texture": "#texture" },
				"up": { "uv": [ 0, 3, 3, 13 ], "texture": "#texture" },
				"north": { "uv": [ 13, 0, 16, 2 ], "texture": "#texture" },
				"south": { "uv": [ 0, 0, 3, 2 ], "texture": "#texture" },
				"west": { "uv": [ 3, 0, 13, 2 ], "texture": "#texture" },
				"east": { "uv": [ 3, 0, 13, 2 ], "texture": "#texture" }
			}
		},
		{
			"__comment": "Box22",
			"from": [ 0, 13, 7 ],
			"to": [ 3, 14, 9 ],
			"faces": {
				"down": { "uv": [ 0, 7, 3, 9 ], "texture": "#texture" },
				"up": { "uv": [ 0, 7, 3, 9 ], "texture": "#texture" },
				"north": { "uv": [ 13, 2, 16, 3 ], "texture": "#texture" },
				"south": { "uv": [ 0, 2, 3, 3 ], "texture": "#texture" },
				"west": { "uv": [ 7, 2, 9, 3 ], "texture": "#texture" },
				"east": { "uv": [ 7, 2, 9, 3 ], "texture": "#texture" }
			}
		},
		{
			"__comment": "Box23",
			"from": [ 0, 11, 4 ],
			"to": [ 3, 13, 12 ],
			"faces": {
				"down": { "uv": [ 0, 4, 3, 12 ], "texture": "#texture" },
				"up": { "uv": [ 0, 4, 3, 12 ], "texture": "#texture" },
				"north": { "uv": [ 13, 3, 16, 5 ], "texture": "#texture" },
				"south": { "uv": [ 0, 3, 3, 5 ], "texture": "#texture" },
				"west": { "uv": [ 4, 3, 12, 5 ], "texture": "#texture" },
				"east": { "uv": [ 4, 3, 12, 5 ], "texture": "#texture" }
			}
		}
	]
}