{
	"__comment": "Designed by Jehkoba with Cubik Studio - https://cubik.studio",
	"textures": {
		"particle": "blocks/fence_big_oak",
		"texture": "blocks/fence_big_oak"
	},
	"elements": [ 	 
		{
			"__comment": "Box2",
			"from": [ 6.5, 0.5, 0 ],
			"to": [ 9.5, 7.5, 6 ],
			"faces": {
				"down": { "uv": [ 7, 10, 10, 16 ], "texture": "#texture" },
				"up": { "uv": [ 13, 0, 16, 6 ], "texture": "#texture" },
				"north": { "uv": [ 13, 8, 16, 15 ], "texture": "#texture" },
				"south": { "uv": [ 7, 9, 10, 16 ], "texture": "#texture" },
				"west": { "uv": [ 0, 8, 6, 15 ], "texture": "#texture" },
				"east": { "uv": [ 10, 8, 16, 15 ], "texture": "#texture" }
			}
		},
		{
			"__comment": "Box3",
			"from": [ 6.5, 8.5, 0 ],
			"to": [ 9.5, 15.5, 6 ],
			"faces": {
				"down": { "uv": [ 7, 10, 10, 16 ], "texture": "#texture" },
				"up": { "uv": [ 0, 0, 3, 6 ], "texture": "#texture" },
				"north": { "uv": [ 0, 0, 3, 7 ], "texture": "#texture" },
				"south": { "uv": [ 7, 0, 10, 7 ], "texture": "#texture" },
				"west": { "uv": [ 0, 0, 6, 7 ], "texture": "#texture" },
				"east": { "uv": [ 10, 0, 16, 7 ], "texture": "#texture" }
			}
		}
	]
}