{
"__comment": "Designed by Jehkoba with BDcraft Cubik PRO 0.87 Beta - http://bdcraft.net",
"parent": "block/block", 
"textures": {
    "particle": "blocks/rail_normal",
    "texture": "blocks/rail_normal",
    "rail_golden_powered": "blocks/rail_detector_powered"
},
"elements": [ 
{
    "from": [ 2, 17, 0 ],
    "to": [ 4, 18, 23.5 ],
    "rotation": { "origin": [ 2, 18, 0 ], "axis": "x", "angle": 45 },
    "faces": {
        "down":  { "uv": [ 14, 16, 12, 0 ], "texture": "#texture" },
        "up":    { "uv": [ 2, 0, 4, 16 ], "texture": "#texture" },
        "north": { "uv": [ 12, 14, 14, 15 ], "texture": "#texture" },
        "south": { "uv": [ 2, 14, 4, 15 ], "texture": "#texture" },
        "west":  { "uv": [ 2, 1, 3, 2 ], "texture": "#texture" },
        "east":  { "uv": [ 3, 1, 4, 2 ], "texture": "#texture" }
    }
},
{
    "from": [ 12, 17, 0 ],
    "to": [ 14, 18, 23.5 ],
    "rotation": { "origin": [ 12, 18, 0 ], "axis": "x", "angle": 45 },
    "faces": {
        "down":  { "uv": [ 4, 16, 2, 0 ], "texture": "#texture" },
        "up":    { "uv": [ 12, 0, 14, 16 ], "texture": "#texture" },
        "north": { "uv": [ 2, 14, 4, 15 ], "texture": "#texture" },
        "south": { "uv": [ 12, 14, 14, 15 ], "texture": "#texture" },
        "west":  { "uv": [ 3, 14, 4, 15 ], "texture": "#texture" },
        "east":  { "uv": [ 2, 14, 3, 15 ], "texture": "#texture" }
    }
},
{
    "from": [ 1, 4, 11.5 ],
    "to": [ 15, 5, 14 ],
    "rotation": { "origin": [ 1, 5, 11.5 ], "axis": "x", "angle": 45 },
    "faces": {
        "down":  { "uv": [ 12, 15, 4, 12 ], "texture": "#texture" },
        "up":    { "uv": [ 4, 12, 12, 15 ], "texture": "#texture" },
        "north": { "uv": [ 4, 13, 12, 14 ], "texture": "#texture" },
        "south": { "uv": [ 4, 13, 12, 14 ], "texture": "#texture" },
        "west":  { "uv": [ 8, 13, 11, 14 ], "texture": "#texture" },
        "east":  { "uv": [ 9, 13, 12, 14 ], "texture": "#texture" }
    }
},
{
    "from": [ 1, 9, 6.5 ],
    "to": [ 15, 10, 9.5 ],
    "rotation": { "origin": [ 1, 10, 6.5 ], "axis": "x", "angle": 45 },
    "faces": {
        "down":  { "uv": [ 12, 10, 4, 7 ], "texture": "#texture" },
        "up":    { "uv": [ 4, 7, 12, 10 ], "texture": "#texture" },
        "north": { "uv": [ 4, 8, 12, 9 ], "texture": "#texture" },
        "south": { "uv": [ 4, 8, 12, 9 ], "texture": "#texture" },
        "west":  { "uv": [ 8, 8, 11, 9 ], "texture": "#texture" },
        "east":  { "uv": [ 9, 3, 12, 4 ], "texture": "#texture" }
    }
},
{
    "from": [ 1, 14, 1.5 ],
    "to": [ 15, 15, 4.5 ],
    "rotation": { "origin": [ 1, 15, 1.5 ], "axis": "x", "angle": 45 },
    "faces": {
        "down":  { "uv": [ 12, 5, 4, 2 ], "texture": "#texture" },
        "up":    { "uv": [ 4, 2, 12, 5 ], "texture": "#texture" },
        "north": { "uv": [ 4, 3, 12, 4 ], "texture": "#texture" },
        "south": { "uv": [ 4, 3, 12, 4 ], "texture": "#texture" },
        "west":  { "uv": [ 9, 3, 12, 4 ], "texture": "#texture" },
        "east":  { "uv": [ 8, 3, 11, 4 ], "texture": "#texture" }
    }
},
{
    "from": [ 6, 11.5, 5.5 ],
    "to": [ 10, 12.5, 12.5 ],
    "rotation": { "origin": [ 6, 12.5, 5.5 ], "axis": "x", "angle": 45 },
    "faces": {
        "down":  { "uv": [ 10, 12, 6, 5 ], "texture": "#rail_golden_powered" },
        "up":    { "uv": [ 6, 5, 10, 12 ], "texture": "#rail_golden_powered" },
        "north": { "uv": [ 10, 5, 6, 6 ], "texture": "#rail_golden_powered" },
        "south": { "uv": [ 6, 11, 10, 12 ], "texture": "#rail_golden_powered" },
        "west":  { "uv": [ 5, 6, 6, 7 ], "texture": "#rail_golden_powered" },
        "east":  { "uv": [ 10, 6, 11, 7 ], "texture": "#rail_golden_powered" }
    }
},
{
    "from": [ 5, 10.8125, 6.1875 ],
    "to": [ 6, 11.8125, 11.1875 ],
    "rotation": { "origin": [ 5, 11.8125, 6.1875 ], "axis": "x", "angle": 45 },
    "faces": {
        "down":  { "uv": [ 6, 11, 5, 6 ], "texture": "#rail_golden_powered" },
        "up":    { "uv": [ 5, 6, 6, 11 ], "texture": "#rail_golden_powered" },
        "north": { "uv": [ 6, 6, 5, 7 ], "texture": "#rail_golden_powered" },
        "south": { "uv": [ 5, 10, 6, 11 ], "texture": "#rail_golden_powered" },
        "west":  { "uv": [ 5, 6, 6, 7 ], "texture": "#rail_golden_powered" },
        "east":  { "uv": [ 10, 6, 11, 7 ], "texture": "#rail_golden_powered" }
    }
},
{
    "from": [ 4, 10.125, 6.875 ],
    "to": [ 5, 11.125, 9.875 ],
    "rotation": { "origin": [ 4, 11.125, 6.875 ], "axis": "x", "angle": 45 },
    "faces": {
        "down":  { "uv": [ 5, 10, 4, 7 ], "texture": "#rail_golden_powered" },
        "up":    { "uv": [ 4, 7, 5, 10 ], "texture": "#rail_golden_powered" },
        "north": { "uv": [ 6, 6, 5, 7 ], "texture": "#rail_golden_powered" },
        "south": { "uv": [ 5, 10, 6, 11 ], "texture": "#rail_golden_powered" },
        "west":  { "uv": [ 5, 6, 6, 7 ], "texture": "#rail_golden_powered" },
        "east":  { "uv": [ 10, 6, 11, 7 ], "texture": "#rail_golden_powered" }
    }
},
{
    "from": [ 10, 10.8125, 6.1875 ],
    "to": [ 11, 11.8125, 11.1875 ],
    "rotation": { "origin": [ 10, 11.8125, 6.1875 ], "axis": "x", "angle": 45 },
    "faces": {
        "down":  { "uv": [ 11, 11, 10, 6 ], "texture": "#rail_golden_powered" },
        "up":    { "uv": [ 10, 6, 11, 11 ], "texture": "#rail_golden_powered" },
        "north": { "uv": [ 6, 6, 5, 7 ], "texture": "#rail_golden_powered" },
        "south": { "uv": [ 5, 10, 6, 11 ], "texture": "#rail_golden_powered" },
        "west":  { "uv": [ 5, 6, 6, 7 ], "texture": "#rail_golden_powered" },
        "east":  { "uv": [ 10, 6, 11, 7 ], "texture": "#rail_golden_powered" }
    }
},
{
    "from": [ 11, 10.0625, 6.9375 ],
    "to": [ 12, 11.0625, 9.9375 ],
    "rotation": { "origin": [ 11, 11.0625, 6.9375 ], "axis": "x", "angle": 45 },
    "faces": {
        "down":  { "uv": [ 12, 10, 11, 7 ], "texture": "#rail_golden_powered" },
        "up":    { "uv": [ 11, 7, 12, 10 ], "texture": "#rail_golden_powered" },
        "north": { "uv": [ 6, 6, 5, 7 ], "texture": "#rail_golden_powered" },
        "south": { "uv": [ 5, 10, 6, 11 ], "texture": "#rail_golden_powered" },
        "west":  { "uv": [ 5, 6, 6, 7 ], "texture": "#rail_golden_powered" },
        "east":  { "uv": [ 10, 6, 11, 7 ], "texture": "#rail_golden_powered" }
    }
}
]
}