{
	"__comment": "Designed by Jehkoba with Cubik Studio - https://cubik.studio",
	"ambientocclusion": false,
	"textures": {
		"particle": "#top",
		"bottom": "blocks/door_wood_upper",
		"top": "blocks/door_wood_upper"
	},
	"elements": [ 	 
		{
			"from": [ 0, 0, 0 ],
			"to": [ 3, 16, 3 ],
			"faces": {
				"down": { "uv": [ 0, 0, 3, 16 ], "texture": "#top" },
				"up": { "uv": [ 0, 0, 3, 3 ], "texture": "#top", "rotation": 90 },
				"north": { "uv": [ 13, 0, 16, 16 ], "texture": "#top" },
				"south": { "uv": [ 13, 0, 16, 16 ], "texture": "#top" },
				"west": { "uv": [ 16, 0, 13, 16 ], "texture": "#top" },
				"east": { "uv": [ 3, 0, 0, 16 ], "texture": "#top" }
			}
		},
		{
			"from": [ 0, 0, 13 ],
			"to": [ 3, 16, 16 ],
			"faces": {
				"down": { "uv": [ 0, 0, 3, 16 ], "texture": "#top" },
				"up": { "uv": [ 0, 0, 3, 3 ], "texture": "#top", "rotation": 180 },
				"north": { "uv": [ 0, 0, 3, 16 ], "texture": "#top" },
				"south": { "uv": [ 13, 0, 16, 16 ], "texture": "#top" },
				"west": { "uv": [ 3, 0, 0, 16 ], "texture": "#top" },
				"east": { "uv": [ 16, 0, 13, 16 ], "texture": "#top" }
			}
		},
		{
			"from": [ 0.5, 0, 3 ],
			"to": [ 2.5, 1, 13 ],
			"faces": {
				"down": { "uv": [ 3, 15, 13, 16 ], "texture": "#top" },
				"up": { "uv": [ 3, 14, 13, 15 ], "texture": "#top" },
				"north": { "uv": [ 3, 15, 13, 16 ], "texture": "#top" },
				"south": { "uv": [ 3, 15, 13, 16 ], "texture": "#top" },
				"west": { "uv": [ 3, 15, 13, 16 ], "texture": "#top" },
				"east": { "uv": [ 3, 15, 13, 16 ], "texture": "#top" }
			}
		},
		{
			"from": [ 0, 1, 3 ],
			"to": [ 3, 4, 13 ],
			"faces": {
				"down": { "uv": [ 3, 15, 13, 16 ], "texture": "#top" },
				"up": { "uv": [ 3, 14, 13, 15 ], "texture": "#top" },
				"north": { "uv": [ 3, 12, 13, 15 ], "texture": "#top" },
				"south": { "uv": [ 3, 12, 13, 15 ], "texture": "#top" },
				"west": { "uv": [ 3, 12, 13, 15 ], "texture": "#top" },
				"east": { "uv": [ 3, 12, 13, 15 ], "texture": "#top" }
			}
		},
		{
			"from": [ 0, 13, 3 ],
			"to": [ 3, 16, 13 ],
			"faces": {
				"down": { "uv": [ 3, 3, 13, 4 ], "texture": "#top" },
				"up": { "uv": [ 3, 0, 13, 3 ], "texture": "#top", "rotation": 90 },
				"north": { "uv": [ 3, 0, 13, 3 ], "texture": "#top" },
				"south": { "uv": [ 3, 0, 13, 3 ], "texture": "#top" },
				"west": { "uv": [ 13, 0, 3, 3 ], "texture": "#top" },
				"east": { "uv": [ 3, 0, 13, 3 ], "texture": "#top" }
			}
		},
		{
			"from": [ 0.5, 4, 3 ],
			"to": [ 2.5, 5, 13 ],
			"faces": {
				"down": { "uv": [ 3, 15, 13, 16 ], "texture": "#top" },
				"up": { "uv": [ 3, 14, 13, 15 ], "texture": "#top" },
				"north": { "uv": [ 3, 11, 13, 12 ], "texture": "#top" },
				"south": { "uv": [ 3, 11, 13, 12 ], "texture": "#top" },
				"west": { "uv": [ 3, 11, 13, 12 ], "texture": "#top" },
				"east": { "uv": [ 3, 11, 13, 12 ], "texture": "#top" }
			}
		},
		{
			"from": [ 0.5, 12, 3 ],
			"to": [ 2.5, 13, 13 ],
			"faces": {
				"down": { "uv": [ 3, 3, 13, 4 ], "texture": "#top", "rotation": 270 },
				"up": { "uv": [ 3, 14, 13, 15 ], "texture": "#top" },
				"north": { "uv": [ 3, 3, 13, 4 ], "texture": "#top" },
				"south": { "uv": [ 3, 3, 13, 4 ], "texture": "#top" },
				"west": { "uv": [ 3, 3, 13, 4 ], "texture": "#top" },
				"east": { "uv": [ 3, 3, 13, 4 ], "texture": "#top" }
			}
		},
		{
			"from": [ 0.5, 5, 3 ],
			"to": [ 2.5, 12, 4 ],
			"faces": {
				"down": { "uv": [ 3, 15, 13, 16 ], "texture": "#top" },
				"up": { "uv": [ 3, 14, 13, 15 ], "texture": "#top" },
				"north": { "uv": [ 3, 4, 4, 11 ], "texture": "#top", "rotation": 180 },
				"south": { "uv": [ 3, 4, 4, 11 ], "texture": "#top" },
				"west": { "uv": [ 3, 4, 4, 11 ], "texture": "#top" },
				"east": { "uv": [ 12, 4, 13, 11 ], "texture": "#top" }
			}
		},
		{
			"from": [ 0.5, 5, 12 ],
			"to": [ 2.5, 12, 13 ],
			"faces": {
				"down": { "uv": [ 3, 15, 13, 16 ], "texture": "#top" },
				"up": { "uv": [ 3, 14, 13, 15 ], "texture": "#top" },
				"north": { "uv": [ 12, 4, 13, 11 ], "texture": "#top", "rotation": 180 },
				"south": { "uv": [ 12, 4, 13, 11 ], "texture": "#top", "rotation": 90 },
				"west": { "uv": [ 12, 4, 13, 11 ], "texture": "#top" },
				"east": { "uv": [ 3, 4, 4, 11 ], "texture": "#top" }
			}
		},
		{
			"from": [ 0.5, 5, 7 ],
			"to": [ 2.5, 12, 9 ],
			"faces": {
				"down": { "uv": [ 3, 15, 13, 16 ], "texture": "#top" },
				"up": { "uv": [ 3, 14, 13, 15 ], "texture": "#top" },
				"north": { "uv": [ 9, 4, 7, 11 ], "texture": "#top" },
				"south": { "uv": [ 9, 4, 7, 11 ], "texture": "#top" },
				"west": { "uv": [ 9, 4, 7, 11 ], "texture": "#top" },
				"east": { "uv": [ 7, 4, 9, 11 ], "texture": "#top" }
			}
		},
		{
			"from": [ 0.5, 7, 4 ],
			"to": [ 2.5, 9, 7 ],
			"faces": {
				"down": { "uv": [ 4, 8, 7, 9 ], "texture": "#top", "rotation": 270 },
				"up": { "uv": [ 4, 7, 7, 8 ], "texture": "#top", "rotation": 90 },
				"north": { "uv": [ 7, 7, 4, 9 ], "texture": "#top" },
				"south": { "uv": [ 7, 7, 4, 9 ], "texture": "#top" },
				"west": { "uv": [ 7, 7, 4, 9 ], "texture": "#top" },
				"east": { "uv": [ 7, 7, 4, 9 ], "texture": "#top" }
			}
		},
		{
			"from": [ 0.5, 8, 9 ],
			"to": [ 2.5, 10, 12 ],
			"faces": {
				"down": { "uv": [ 9, 7, 12, 8 ], "texture": "#top", "rotation": 270 },
				"up": { "uv": [ 9, 6, 12, 7 ], "texture": "#top", "rotation": 90 },
				"north": { "uv": [ 12, 6, 9, 8 ], "texture": "#top" },
				"south": { "uv": [ 7, 7, 4, 9 ], "texture": "#top" },
				"west": { "uv": [ 4, 7, 7, 9 ], "texture": "#top" },
				"east": { "uv": [ 4, 7, 7, 9 ], "texture": "#top" }
			}
		}
	]
}