{
"__comment": "Designed by Jehkoba with BDcraft Cubik PRO 0.87 Beta - http://bdcraft.net",
"parent": "block/block", 
"textures": {
    "particle": "blocks/rail_normal",
    "texture": "blocks/rail_normal",
    "rail_golden_powered": "blocks/rail_golden_powered"
},
"elements": [ 
{
    "from": [ 2, 17, 0 ],
    "to": [ 4, 18, 23.5 ],
    "rotation": { "origin": [ 2, 18, 0 ], "axis": "x", "angle": 45 },
    "faces": {
        "down":  { "uv": [ 14, 16, 12, 0 ], "texture": "#texture" },
        "up":    { "uv": [ 2, 0, 4, 16 ], "texture": "#texture" },
        "north": { "uv": [ 12, 14, 14, 15 ], "texture": "#texture" },
        "south": { "uv": [ 2, 14, 4, 15 ], "texture": "#texture" },
        "west":  { "uv": [ 2, 1, 3, 2 ], "texture": "#texture" },
        "east":  { "uv": [ 3, 1, 4, 2 ], "texture": "#texture" }
    }
},
{
    "from": [ 12, 17, 0 ],
    "to": [ 14, 18, 23.5 ],
    "rotation": { "origin": [ 12, 18, 0 ], "axis": "x", "angle": 45 },
    "faces": {
        "down":  { "uv": [ 4, 16, 2, 0 ], "texture": "#texture" },
        "up":    { "uv": [ 12, 0, 14, 16 ], "texture": "#texture" },
        "north": { "uv": [ 2, 14, 4, 15 ], "texture": "#texture" },
        "south": { "uv": [ 12, 14, 14, 15 ], "texture": "#texture" },
        "west":  { "uv": [ 3, 14, 4, 15 ], "texture": "#texture" },
        "east":  { "uv": [ 2, 14, 3, 15 ], "texture": "#texture" }
    }
},
{
    "from": [ 1, 4, 11.5 ],
    "to": [ 15, 5, 14 ],
    "rotation": { "origin": [ 1, 5, 11.5 ], "axis": "x", "angle": 45 },
    "faces": {
        "down":  { "uv": [ 12, 15, 4, 12 ], "texture": "#texture" },
        "up":    { "uv": [ 4, 12, 12, 15 ], "texture": "#texture" },
        "north": { "uv": [ 4, 13, 12, 14 ], "texture": "#texture" },
        "south": { "uv": [ 4, 13, 12, 14 ], "texture": "#texture" },
        "west":  { "uv": [ 8, 13, 11, 14 ], "texture": "#texture" },
        "east":  { "uv": [ 9, 13, 12, 14 ], "texture": "#texture" }
    }
},
{
    "from": [ 1, 9, 6.5 ],
    "to": [ 15, 10, 9.5 ],
    "rotation": { "origin": [ 1, 10, 6.5 ], "axis": "x", "angle": 45 },
    "faces": {
        "down":  { "uv": [ 12, 10, 4, 7 ], "texture": "#texture" },
        "up":    { "uv": [ 4, 7, 12, 10 ], "texture": "#texture" },
        "north": { "uv": [ 4, 8, 12, 9 ], "texture": "#texture" },
        "south": { "uv": [ 4, 8, 12, 9 ], "texture": "#texture" },
        "west":  { "uv": [ 8, 8, 11, 9 ], "texture": "#texture" },
        "east":  { "uv": [ 9, 3, 12, 4 ], "texture": "#texture" }
    }
},
{
    "from": [ 1, 14, 1.5 ],
    "to": [ 15, 15, 4.5 ],
    "rotation": { "origin": [ 1, 15, 1.5 ], "axis": "x", "angle": 45 },
    "faces": {
        "down":  { "uv": [ 12, 5, 4, 2 ], "texture": "#texture" },
        "up":    { "uv": [ 4, 2, 12, 5 ], "texture": "#texture" },
        "north": { "uv": [ 4, 3, 12, 4 ], "texture": "#texture" },
        "south": { "uv": [ 4, 3, 12, 4 ], "texture": "#texture" },
        "west":  { "uv": [ 9, 3, 12, 4 ], "texture": "#texture" },
        "east":  { "uv": [ 8, 3, 11, 4 ], "texture": "#texture" }
    }
},
{
    "from": [ 4, 14.75, 2.125 ],
    "to": [ 12, 15.75, 5.125 ],
    "rotation": { "origin": [ 4, 15.75, 2.125 ], "axis": "x", "angle": 45 },
    "faces": {
        "down":  { "uv": [ 12, 5, 4, 2 ], "texture": "#rail_golden_powered" },
        "up":    { "uv": [ 4, 2, 12, 5 ], "texture": "#rail_golden_powered" },
        "north": { "uv": [ 4, 2, 12, 3 ], "texture": "#rail_golden_powered" },
        "south": { "uv": [ 4, 4, 12, 5 ], "texture": "#rail_golden_powered" },
        "west":  { "uv": [ 11, 3, 12, 4 ], "texture": "#rail_golden_powered" },
        "east":  { "uv": [ 4, 3, 5, 4 ], "texture": "#rail_golden_powered" }
    }
},
{
    "from": [ 4, 9.6875, 7.3125 ],
    "to": [ 12, 10.6875, 10.3125 ],
    "rotation": { "origin": [ 4, 10.6875, 7.3125 ], "axis": "x", "angle": 45 },
    "faces": {
        "down":  { "uv": [ 12, 5, 4, 2 ], "texture": "#rail_golden_powered" },
        "up":    { "uv": [ 4, 2, 12, 5 ], "texture": "#rail_golden_powered" },
        "north": { "uv": [ 4, 2, 12, 3 ], "texture": "#rail_golden_powered" },
        "south": { "uv": [ 4, 4, 12, 5 ], "texture": "#rail_golden_powered" },
        "west":  { "uv": [ 11, 3, 12, 4 ], "texture": "#rail_golden_powered" },
        "east":  { "uv": [ 4, 3, 5, 4 ], "texture": "#rail_golden_powered" }
    }
},
{
    "from": [ 4.0625, 4.9375, 12 ],
    "to": [ 12.0625, 5.9375, 15 ],
    "rotation": { "origin": [ 4.0625, 5.9375, 12 ], "axis": "x", "angle": 45 },
    "faces": {
        "down":  { "uv": [ 12, 5, 4, 2 ], "texture": "#rail_golden_powered" },
        "up":    { "uv": [ 4, 2, 12, 5 ], "texture": "#rail_golden_powered" },
        "north": { "uv": [ 4, 2, 12, 3 ], "texture": "#rail_golden_powered" },
        "south": { "uv": [ 4, 4, 12, 5 ], "texture": "#rail_golden_powered" },
        "west":  { "uv": [ 11, 3, 12, 4 ], "texture": "#rail_golden_powered" },
        "east":  { "uv": [ 4, 3, 5, 4 ], "texture": "#rail_golden_powered" }
    }
}
]
}