{
	"__comment": "Designed by Jehkoba with Cubik Studio - https://cubik.studio",
	"textures": {
		"particle": "blocks/door_iron_lower",
		"texture": "blocks/door_iron_lower"
	},
	"elements": [ 	 
		{
			"__comment": "Box1",
			"from": [ 0, 0, 0 ],
			"to": [ 2, 3, 16 ],
			"faces": {
				"down": { "uv": [ 0, 0, 2, 16 ], "texture": "#texture" },
				"up": { "uv": [ 1, 0, 2, 16 ], "texture": "#texture" },
				"north": { "uv": [ 14, 13, 16, 16 ], "texture": "#texture" },
				"south": { "uv": [ 0, 13, 2, 16 ], "texture": "#texture" },
				"west": { "uv": [ 0, 13, 16, 16 ], "texture": "#texture" },
				"east": { "uv": [ 0, 13, 16, 16 ], "texture": "#texture" }
			}
		},
		{
			"__comment": "Box2",
			"from": [ 0, 3, 0 ],
			"to": [ 2, 16, 3 ],
			"faces": {
				"down": { "uv": [ 0, 13, 2, 16 ], "texture": "#texture" },
				"up": { "uv": [ 0, 0, 2, 3 ], "texture": "#texture" },
				"north": { "uv": [ 14, 0, 16, 13 ], "texture": "#texture" },
				"south": { "uv": [ 1, 0, 2, 13 ], "texture": "#texture" },
				"west": { "uv": [ 0, 0, 3, 13 ], "texture": "#texture" },
				"east": { "uv": [ 13, 0, 16, 13 ], "texture": "#texture" }
			}
		},
		{
			"__comment": "Box3",
			"from": [ 0, 3, 13 ],
			"to": [ 2, 16, 16 ],
			"faces": {
				"down": { "uv": [ 0, 0, 2, 3 ], "texture": "#texture" },
				"up": { "uv": [ 0, 13, 2, 16 ], "texture": "#texture" },
				"north": { "uv": [ 14, 0, 15, 13 ], "texture": "#texture" },
				"south": { "uv": [ 0, 0, 2, 13 ], "texture": "#texture" },
				"west": { "uv": [ 13, 0, 16, 13 ], "texture": "#texture" },
				"east": { "uv": [ 0, 0, 3, 13 ], "texture": "#texture" }
			}
		},
		{
			"__comment": "Box4",
			"from": [ 0.5, 3, 5 ],
			"to": [ 1.5, 16, 7 ],
			"faces": {
				"down": { "uv": [ 0.5, 9, 1.5, 11 ], "texture": "#texture" },
				"up": { "uv": [ 0.5, 5, 1.5, 7 ], "texture": "#texture" },
				"north": { "uv": [ 14, 0, 15, 13 ], "texture": "#texture" },
				"south": { "uv": [ 1, 0, 2, 13 ], "texture": "#texture" },
				"west": { "uv": [ 5, 0, 7, 13 ], "texture": "#texture" },
				"east": { "uv": [ 9, 0, 11, 13 ], "texture": "#texture" }
			}
		},
		{
			"__comment": "Box5",
			"from": [ 0.5, 3, 9 ],
			"to": [ 1.5, 16, 11 ],
			"faces": {
				"down": { "uv": [ 0.5, 5, 1.5, 7 ], "texture": "#texture" },
				"up": { "uv": [ 0.5, 9, 1.5, 11 ], "texture": "#texture" },
				"north": { "uv": [ 14, 0, 15, 13 ], "texture": "#texture" },
				"south": { "uv": [ 1, 0, 2, 13 ], "texture": "#texture" },
				"west": { "uv": [ 9, 0, 11, 13 ], "texture": "#texture" },
				"east": { "uv": [ 5, 0, 7, 13 ], "texture": "#texture" }
			}
		},
		{
			"__comment": "Box6",
			"from": [ 0, 4, 3 ],
			"to": [ 2, 6, 13 ],
			"faces": {
				"down": { "uv": [ 0, 3, 2, 13 ], "texture": "#texture" },
				"up": { "uv": [ 0, 3, 2, 13 ], "texture": "#texture" },
				"north": { "uv": [ 14, 10, 16, 12 ], "texture": "#texture" },
				"south": { "uv": [ 0, 10, 2, 12 ], "texture": "#texture" },
				"west": { "uv": [ 3, 10, 13, 12 ], "texture": "#texture" },
				"east": { "uv": [ 3, 10, 13, 12 ], "texture": "#texture" }
			}
		},
		{
			"__comment": "Box7",
			"from": [ 0, 7, 3 ],
			"to": [ 2, 9, 13 ],
			"faces": {
				"down": { "uv": [ 0, 3, 2, 13 ], "texture": "#texture" },
				"up": { "uv": [ 0, 3, 2, 13 ], "texture": "#texture" },
				"north": { "uv": [ 14, 7, 16, 9 ], "texture": "#texture" },
				"south": { "uv": [ 0, 7, 2, 9 ], "texture": "#texture" },
				"west": { "uv": [ 3, 7, 13, 9 ], "texture": "#texture" },
				"east": { "uv": [ 3, 7, 13, 9 ], "texture": "#texture" }
			}
		},
		{
			"__comment": "Box8",
			"from": [ 0, 10, 3 ],
			"to": [ 2, 12, 13 ],
			"faces": {
				"down": { "uv": [ 0, 3, 2, 13 ], "texture": "#texture" },
				"up": { "uv": [ 0, 3, 2, 13 ], "texture": "#texture" },
				"north": { "uv": [ 14, 4, 16, 6 ], "texture": "#texture" },
				"south": { "uv": [ 0, 4, 2, 6 ], "texture": "#texture" },
				"west": { "uv": [ 3, 4, 13, 6 ], "texture": "#texture" },
				"east": { "uv": [ 3, 4, 13, 6 ], "texture": "#texture" }
			}
		},
		{
			"__comment": "Box9",
			"from": [ 0, 13, 3 ],
			"to": [ 2, 15, 13 ],
			"faces": {
				"down": { "uv": [ 0, 3, 2, 13 ], "texture": "#texture" },
				"up": { "uv": [ 0, 3, 2, 13 ], "texture": "#texture" },
				"north": { "uv": [ 14, 1, 16, 3 ], "texture": "#texture" },
				"south": { "uv": [ 0, 1, 2, 3 ], "texture": "#texture" },
				"west": { "uv": [ 3, 1, 13, 3 ], "texture": "#texture" },
				"east": { "uv": [ 3, 1, 13, 3 ], "texture": "#texture" }
			}
		},
		{
			"__comment": "Box10",
			"from": [ -0.5, 9.375, 4.875 ],
			"to": [ 2.5, 15.575, 11.075 ],
			"faces": {
				"down": { "uv": [ 1, 5, 2, 11 ], "texture": "#texture" },
				"up": { "uv": [ 1, 5, 2, 11 ], "texture": "#texture" },
				"north": { "uv": [ 14, 1, 15, 7 ], "texture": "#texture" },
				"south": { "uv": [ 1, 1, 2, 7 ], "texture": "#texture" },
				"west": { "uv": [ 5, 1, 11, 7 ], "texture": "#texture" },
				"east": { "uv": [ 5, 1, 11, 7 ], "texture": "#texture" }
			}
		}
	]
}