{
	"__comment": "Designed by Jehkoba with BDcraft Cubik PRO 0.93 Beta - http://bdcraft.net",
	"parent": "block/block",
	"textures": {
		"particle": "blocks/iron_trapdoor",
		"texture": "blocks/iron_trapdoor"
	},
	"elements": [ 	 
		{
			"__comment": "Box11",
			"from": [ 0, 0, 0 ],
			"to": [ 14, 1, 2 ],
			"faces": {
				"down": { "uv": [ 0, 14, 14, 16 ], "texture": "#texture" },
				"up": { "uv": [ 0, 0, 14, 2 ], "texture": "#texture" },
				"north": { "uv": [ 1, 14, 15, 15 ], "texture": "#texture" },
				"south": { "uv": [ 1, 15, 15, 16 ], "texture": "#texture" },
				"west": { "uv": [ 0, 14, 2, 15 ], "texture": "#texture" }
			}
		},
		{
			"__comment": "Box12",
			"from": [ 14, 0, 0 ],
			"to": [ 16, 1, 14 ],
			"faces": {
				"down": { "uv": [ 14, 2, 16, 16 ], "texture": "#texture" },
				"up": { "uv": [ 14, 1, 16, 15 ], "texture": "#texture" },
				"north": { "uv": [ 13, 4, 11, 5 ], "texture": "#texture" },
				"west": { "uv": [ 2, 14, 14, 15 ], "texture": "#texture" },
				"east": { "uv": [ 1, 15, 15, 16 ], "texture": "#texture" }
			}
		},
		{
			"__comment": "Box13",
			"from": [ 2, 0, 14 ],
			"to": [ 16, 1, 16 ],
			"faces": {
				"down": { "uv": [ 2, 0, 16, 2 ], "texture": "#texture" },
				"up": { "uv": [ 2, 14, 16, 16 ], "texture": "#texture" },
				"north": { "uv": [ 1, 14, 15, 15 ], "texture": "#texture" },
				"south": { "uv": [ 1, 15, 15, 16 ], "texture": "#texture" },
				"east": { "uv": [ 1, 15, 3, 16 ], "texture": "#texture" }
			}
		},
		{
			"__comment": "Box14",
			"from": [ 0, 0, 2 ],
			"to": [ 2, 1, 16 ],
			"faces": {
				"down": { "uv": [ 0, 0, 2, 14 ], "texture": "#texture" },
				"up": { "uv": [ 0, 2, 2, 16 ], "texture": "#texture" },
				"south": { "uv": [ 0, 15, 2, 16 ], "texture": "#texture" },
				"west": { "uv": [ 1, 14, 15, 15 ], "texture": "#texture" },
				"east": { "uv": [ 0, 15, 14, 16 ], "texture": "#texture" }
			}
		},
		{
			"__comment": "Box16",
			"from": [ 7, 0, 2 ],
			"to": [ 9, 1, 14 ],
			"faces": {
				"down": { "uv": [ 7, 2, 9, 14 ], "texture": "#texture" },
				"up": { "uv": [ 7, 2, 9, 14 ], "texture": "#texture" },
				"west": { "uv": [ 2, 14, 14, 15 ], "texture": "#texture" },
				"east": { "uv": [ 2, 15, 14, 16 ], "texture": "#texture" }
			}
		},
		{
			"__comment": "Box17",
			"from": [ 3, 0, 2 ],
			"to": [ 5, 1, 14 ],
			"faces": {
				"down": { "uv": [ 3, 2, 5, 14 ], "texture": "#texture" },
				"up": { "uv": [ 3, 2, 5, 14 ], "texture": "#texture" },
				"west": { "uv": [ 2, 14, 14, 15 ], "texture": "#texture" },
				"east": { "uv": [ 2, 15, 14, 16 ], "texture": "#texture" }
			}
		},
		{
			"__comment": "Box18",
			"from": [ 2, 0, 3 ],
			"to": [ 3, 1, 5 ],
			"faces": {
				"down": { "uv": [ 2, 11, 3, 13 ], "texture": "#texture" },
				"up": { "uv": [ 2, 3, 3, 5 ], "texture": "#texture" },
				"north": { "uv": [ 13, 14, 14, 15 ], "texture": "#texture" },
				"south": { "uv": [ 2, 15, 3, 16 ], "texture": "#texture" }
			}
		},
		{
			"__comment": "Box20",
			"from": [ 2, 0, 11 ],
			"to": [ 3, 1, 13 ],
			"faces": {
				"down": { "uv": [ 2, 3, 3, 5 ], "texture": "#texture" },
				"up": { "uv": [ 2, 11, 3, 13 ], "texture": "#texture" },
				"north": { "uv": [ 13, 14, 14, 15 ], "texture": "#texture" },
				"south": { "uv": [ 2, 15, 3, 16 ], "texture": "#texture" }
			}
		},
		{
			"__comment": "Box21",
			"from": [ 5, 0, 3 ],
			"to": [ 7, 1, 5 ],
			"faces": {
				"down": { "uv": [ 5, 11, 7, 13 ], "texture": "#texture" },
				"up": { "uv": [ 5, 3, 7, 5 ], "texture": "#texture" },
				"north": { "uv": [ 5, 14, 7, 15 ], "texture": "#texture" },
				"south": { "uv": [ 5, 15, 7, 16 ], "texture": "#texture" }
			}
		},
		{
			"__comment": "Box22",
			"from": [ 5, 0, 7 ],
			"to": [ 7, 1, 9 ],
			"faces": {
				"down": { "uv": [ 5, 7, 7, 9 ], "texture": "#texture" },
				"up": { "uv": [ 5, 7, 7, 9 ], "texture": "#texture" },
				"north": { "uv": [ 5, 14, 7, 15 ], "texture": "#texture" },
				"south": { "uv": [ 5, 15, 7, 16 ], "texture": "#texture" }
			}
		},
		{
			"__comment": "Box23",
			"from": [ 5, 0, 11 ],
			"to": [ 7, 1, 13 ],
			"faces": {
				"down": { "uv": [ 5, 3, 7, 5 ], "texture": "#texture" },
				"up": { "uv": [ 5, 11, 7, 13 ], "texture": "#texture" },
				"north": { "uv": [ 5, 14, 7, 15 ], "texture": "#texture" },
				"south": { "uv": [ 5, 15, 7, 16 ], "texture": "#texture" }
			}
		},
		{
			"__comment": "Box24",
			"from": [ 9, 0, 3 ],
			"to": [ 11, 1, 5 ],
			"faces": {
				"down": { "uv": [ 9, 11, 11, 13 ], "texture": "#texture" },
				"up": { "uv": [ 9, 3, 11, 5 ], "texture": "#texture" },
				"north": { "uv": [ 5, 14, 7, 15 ], "texture": "#texture" },
				"south": { "uv": [ 5, 15, 7, 16 ], "texture": "#texture" }
			}
		},
		{
			"__comment": "Box25",
			"from": [ 9, 0, 7 ],
			"to": [ 11, 1, 9 ],
			"faces": {
				"down": { "uv": [ 9, 7, 11, 9 ], "texture": "#texture" },
				"up": { "uv": [ 9, 7, 11, 9 ], "texture": "#texture" },
				"north": { "uv": [ 5, 14, 7, 15 ], "texture": "#texture" },
				"south": { "uv": [ 5, 15, 7, 16 ], "texture": "#texture" }
			}
		},
		{
			"__comment": "Box26",
			"from": [ 9, 0, 11 ],
			"to": [ 11, 1, 13 ],
			"faces": {
				"down": { "uv": [ 9, 3, 11, 5 ], "texture": "#texture" },
				"up": { "uv": [ 9, 11, 11, 13 ], "texture": "#texture" },
				"north": { "uv": [ 5, 14, 7, 15 ], "texture": "#texture" },
				"south": { "uv": [ 5, 15, 7, 16 ], "texture": "#texture" }
			}
		},
		{
			"__comment": "Box28",
			"from": [ 2, 0, 7 ],
			"to": [ 3, 1, 9 ],
			"faces": {
				"down": { "uv": [ 2, 7, 3, 9 ], "texture": "#texture" },
				"up": { "uv": [ 2, 7, 3, 9 ], "texture": "#texture" },
				"north": { "uv": [ 13, 14, 14, 15 ], "texture": "#texture" },
				"south": { "uv": [ 2, 15, 3, 16 ], "texture": "#texture" }
			}
		},
		{
			"__comment": "Box17",
			"from": [ 11, 0, 2 ],
			"to": [ 13, 1, 14 ],
			"faces": {
				"down": { "uv": [ 3, 2, 5, 14 ], "texture": "#texture" },
				"up": { "uv": [ 3, 2, 5, 14 ], "texture": "#texture" },
				"west": { "uv": [ 2, 14, 14, 15 ], "texture": "#texture" },
				"east": { "uv": [ 2, 15, 14, 16 ], "texture": "#texture" }
			}
		},
		{
			"__comment": "Box18",
			"from": [ 13, 0, 3 ],
			"to": [ 14, 1, 5 ],
			"faces": {
				"down": { "uv": [ 2, 11, 3, 13 ], "texture": "#texture" },
				"up": { "uv": [ 2, 3, 3, 5 ], "texture": "#texture" },
				"north": { "uv": [ 13, 14, 14, 15 ], "texture": "#texture" },
				"south": { "uv": [ 2, 15, 3, 16 ], "texture": "#texture" }
			}
		},
		{
			"__comment": "Box28",
			"from": [ 13, 0, 7 ],
			"to": [ 14, 1, 9 ],
			"faces": {
				"down": { "uv": [ 2, 7, 3, 9 ], "texture": "#texture" },
				"up": { "uv": [ 2, 7, 3, 9 ], "texture": "#texture" },
				"north": { "uv": [ 13, 14, 14, 15 ], "texture": "#texture" },
				"south": { "uv": [ 2, 15, 3, 16 ], "texture": "#texture" }
			}
		},
		{
			"__comment": "Box20",
			"from": [ 13, 0, 11 ],
			"to": [ 14, 1, 13 ],
			"faces": {
				"down": { "uv": [ 2, 3, 3, 5 ], "texture": "#texture" },
				"up": { "uv": [ 2, 11, 3, 13 ], "texture": "#texture" },
				"north": { "uv": [ 13, 14, 14, 15 ], "texture": "#texture" },
				"south": { "uv": [ 2, 15, 3, 16 ], "texture": "#texture" }
			}
		}
	]
}