{
	"__comment": "Designed by Jehkoba with Cubik Studio - https://cubik.studio",
	"textures": {
		"particle": "blocks/fence_jungle",
		"texture": "blocks/fence_jungle"
	},
	"elements": [ 	 
		{
			"__comment": "Box2",
			"from": [ 7, 0.5, 0 ],
			"to": [ 9, 2.5, 6 ],
			"faces": {
				"down": { "uv": [ 7, 10, 9, 16 ], "texture": "#texture" },
				"up": { "uv": [ 7, 0, 9, 6 ], "texture": "#texture" },
				"north": { "uv": [ 7, 13, 9, 15 ], "texture": "#texture" },
				"south": { "uv": [ 7, 13, 9, 15 ], "texture": "#texture" },
				"west": { "uv": [ 0, 13, 6, 15 ], "texture": "#texture" },
				"east": { "uv": [ 10, 13, 16, 15 ], "texture": "#texture" }
			}
		},
		{
			"__comment": "Box3",
			"from": [ 7, 13.5, 0 ],
			"to": [ 9, 15.5, 6 ],
			"faces": {
				"down": { "uv": [ 7, 10, 9, 16 ], "texture": "#texture" },
				"up": { "uv": [ 7, 0, 9, 6 ], "texture": "#texture" },
				"north": { "uv": [ 7, 0, 9, 2 ], "texture": "#texture" },
				"south": { "uv": [ 7, 0, 9, 2 ], "texture": "#texture" },
				"west": { "uv": [ 0, 0, 6, 2 ], "texture": "#texture" },
				"east": { "uv": [ 10, 0, 16, 2 ], "texture": "#texture" }
			}
		},
		{
			"__comment": "Box4",
			"from": [ 7.5, 2.5, 0.5 ],
			"to": [ 8.5, 13.5, 2.5 ],
			"faces": {
				"down": { "uv": [ 7.5, 14, 8.5, 16 ], "texture": "#texture" },
				"up": { "uv": [ 7.5, 0, 8.5, 2 ], "texture": "#texture" },
				"north": { "uv": [ 7, 2, 8, 13 ], "texture": "#texture" },
				"south": { "uv": [ 8, 2, 9, 13 ], "texture": "#texture" },
				"west": { "uv": [ 0, 2, 2, 13 ], "texture": "#texture" },
				"east": { "uv": [ 14, 2, 16, 13 ], "texture": "#texture" }
			}
		},
		{
			"__comment": "Box5",
			"from": [ 7.5, 2.5, 3.5 ],
			"to": [ 8.5, 13.5, 5.5 ],
			"faces": {
				"down": { "uv": [ 7.5, 11, 8.5, 13 ], "texture": "#texture" },
				"up": { "uv": [ 7.5, 3, 8.5, 5 ], "texture": "#texture" },
				"north": { "uv": [ 7, 2, 8, 13 ], "texture": "#texture" },
				"south": { "uv": [ 8, 2, 9, 13 ], "texture": "#texture" },
				"west": { "uv": [ 3, 2, 5, 13 ], "texture": "#texture" },
				"east": { "uv": [ 11, 2, 13, 13 ], "texture": "#texture" }
			}
		}
	]
}