{
"__comment": "Designed by Jehkoba with BDcraft Cubik PRO 0.87 Beta - http://bdcraft.net",
"parent": "block/block", 
"textures": {
    "particle": "blocks/ladder",
    "texture": "blocks/ladder"
},
"elements": [ 
{
    "from": [ 2, 0, 15 ],
    "to": [ 4, 16, 16 ],
    "faces": {
        "down":  { "uv": [ 9, 13, 7, 12 ], "texture": "#texture", "cullface": "down" },
        "up":    { "uv": [ 6, 11, 8, 12 ], "texture": "#texture", "cullface": "up" },
        "north": { "uv": [ 12, 0, 14, 16 ], "texture": "#texture" },
        "south": { "uv": [ 2, 0, 4, 16 ], "texture": "#texture", "cullface": "south" },
        "west":  { "uv": [ 2, 0, 3, 16 ], "texture": "#texture" },
        "east":  { "uv": [ 3, 0, 4, 16 ], "texture": "#texture" }
    }
},
{
    "from": [ 12, 0, 15 ],
    "to": [ 14, 16, 16 ],
    "faces": {
        "down":  { "uv": [ 6, 13, 4, 12 ], "texture": "#texture", "cullface": "down" },
        "up":    { "uv": [ 4, 11, 6, 12 ], "texture": "#texture", "cullface": "up" },
        "north": { "uv": [ 2, 0, 4, 16 ], "texture": "#texture" },
        "south": { "uv": [ 12, 0, 14, 16 ], "texture": "#texture", "cullface": "south" },
        "west":  { "uv": [ 13, 0, 14, 16 ], "texture": "#texture" },
        "east":  { "uv": [ 12, 0, 13, 16 ], "texture": "#texture" }
    }
},
{
    "from": [ 1, 3, 14 ],
    "to": [ 15, 5, 15 ],
    "faces": {
        "down":  { "uv": [ 15, 13, 1, 12 ], "texture": "#texture" },
        "up":    { "uv": [ 1, 11, 15, 12 ], "texture": "#texture" },
        "north": { "uv": [ 1, 11, 15, 13 ], "texture": "#texture" },
        "south": { "uv": [ 1, 11, 15, 13 ], "texture": "#texture" },
        "west":  { "uv": [ 14, 11, 15, 13 ], "texture": "#texture" },
        "east":  { "uv": [ 1, 11, 2, 13 ], "texture": "#texture" }
    }
},
{
    "from": [ 1, 11, 14 ],
    "to": [ 15, 13, 15 ],
    "faces": {
        "down":  { "uv": [ 15, 13, 1, 12 ], "texture": "#texture" },
        "up":    { "uv": [ 1, 11, 15, 12 ], "texture": "#texture" },
        "north": { "uv": [ 1, 11, 15, 13 ], "texture": "#texture" },
        "south": { "uv": [ 1, 11, 15, 13 ], "texture": "#texture" },
        "west":  { "uv": [ 14, 11, 15, 13 ], "texture": "#texture" },
        "east":  { "uv": [ 1, 11, 2, 13 ], "texture": "#texture" }
    }
}
]
}