{
	"__comment": "Designed by Jehkoba with BDcraft Cubik PRO 0.93 Beta - http://bdcraft.net",
	"parent": "block/block",
	"textures": {
		"particle": "blocks/gold_block",
		"texture": "blocks/gold_block"
	},
	"elements": [ 	 
		{
			"__comment": "Box18",
			"from": [ 0.5, 0, 0.5 ],
			"to": [ 15.5, 1, 15.5 ],
			"faces": {
				"down": { "uv": [ 0.5, 0.5, 15.5, 15.5 ], "texture": "#texture" },
				"north": { "uv": [ 0.5, 15, 15.5, 16 ], "texture": "#texture" },
				"south": { "uv": [ 0.5, 15, 15.5, 16 ], "texture": "#texture" },
				"west": { "uv": [ 0.5, 15, 15.5, 16 ], "texture": "#texture" },
				"east": { "uv": [ 0.5, 15, 15.5, 16 ], "texture": "#texture" }
			}
		},
		{
			"__comment": "Box19",
			"from": [ 0, 1, 0 ],
			"to": [ 16, 2, 16 ],
			"faces": {
				"down": { "uv": [ 0, 0, 16, 16 ], "texture": "#texture" },
				"up": { "uv": [ 0, 0, 16, 16 ], "texture": "#texture" },
				"north": { "uv": [ 0, 14, 16, 15 ], "texture": "#texture" },
				"south": { "uv": [ 0, 14, 16, 15 ], "texture": "#texture" },
				"west": { "uv": [ 0, 14, 16, 15 ], "texture": "#texture" },
				"east": { "uv": [ 0, 14, 16, 15 ], "texture": "#texture" }
			}
		},
		{
			"__comment": "Box37",
			"from": [ 1, 1.75, 1 ],
			"to": [ 15, 2.25, 15 ],
			"faces": {
				"up": { "uv": [ 1, 1, 15, 15 ], "texture": "#texture" },
				"north": { "uv": [ 1, 14.625, 15, 15.125 ], "texture": "#texture" },
				"south": { "uv": [ 1, 14.625, 15, 15.125 ], "texture": "#texture" },
				"west": { "uv": [ 1, 14.625, 15, 15.125 ], "texture": "#texture" },
				"east": { "uv": [ 1, 14.625, 15, 15.125 ], "texture": "#texture" }
			}
		}
	]
}