{
"__comment": "Designed by Jehkoba with BDcraft Cubik PRO 0.87 Beta - http://bdcraft.net",
"parent": "block/block", 
"textures": {
    "particle": "blocks/redstone_torch_on",
    "texture": "blocks/redstone_torch_on"
},
"elements": [ 
{
    "from": [ 7, 0, 7 ],
    "to": [ 9, 5.5, 9 ],
    "faces": {
        "down":  { "uv": [ 9, 16, 8, 15 ], "texture": "#texture" },
        "up":    { "uv": [ 7, 11, 8, 12 ], "texture": "#texture" },
        "north": { "uv": [ 7, 10, 9, 16 ], "texture": "#texture" },
        "south": { "uv": [ 7, 10, 9, 16 ], "texture": "#texture" },
        "west":  { "uv": [ 7, 10, 9, 16 ], "texture": "#texture" },
        "east":  { "uv": [ 7, 10, 9, 16 ], "texture": "#texture" }
    }
},
{
    "from": [ 6.5, 6.5, 6.5 ],
    "to": [ 9.5, 8.5, 9.5 ],
    "faces": {
        "down":  { "uv": [ 10, 10, 9, 9 ], "texture": "#texture" },
        "up":    { "uv": [ 7, 8, 8, 9 ], "texture": "#texture" },
        "north": { "uv": [ 6, 8, 10, 10 ], "texture": "#texture" },
        "south": { "uv": [ 6, 8, 10, 10 ], "texture": "#texture" },
        "west":  { "uv": [ 6, 8, 10, 10 ], "texture": "#texture" },
        "east":  { "uv": [ 6, 8, 10, 10 ], "texture": "#texture" }
    }
},
{
    "from": [ 6.5, 3, 6.5 ],
    "to": [ 9.5, 4, 9.5 ],
    "faces": {
        "down":  { "uv": [ 10, 13, 9, 12 ], "texture": "#texture" },
        "up":    { "uv": [ 7, 12, 8, 13 ], "texture": "#texture" },
        "north": { "uv": [ 6, 12, 10, 13 ], "texture": "#texture" },
        "south": { "uv": [ 6, 12, 10, 13 ], "texture": "#texture" },
        "west":  { "uv": [ 6, 12, 10, 13 ], "texture": "#texture" },
        "east":  { "uv": [ 6, 12, 10, 13 ], "texture": "#texture" }
    }
},
{
    "from": [ 6, 5.5, 6 ],
    "to": [ 10, 6.5, 10 ],
    "faces": {
        "down":  { "uv": [ 10, 11, 9, 10 ], "texture": "#texture" },
        "up":    { "uv": [ 7, 10, 8, 11 ], "texture": "#texture" },
        "north": { "uv": [ 6, 10, 10, 11 ], "texture": "#texture" },
        "south": { "uv": [ 6, 10, 10, 11 ], "texture": "#texture" },
        "west":  { "uv": [ 6, 10, 10, 11 ], "texture": "#texture" },
        "east":  { "uv": [ 6, 10, 10, 11 ], "texture": "#texture" }
    }
},
{
    "from": [ 7, 8.5, 7 ],
    "to": [ 9, 9, 9 ],
    "faces": {
        "down":  { "uv": [ 9, 8, 8, 7 ], "texture": "#texture" },
        "up":    { "uv": [ 7, 7, 8, 8 ], "texture": "#texture" },
        "north": { "uv": [ 7, 7, 9, 8 ], "texture": "#texture" },
        "south": { "uv": [ 7, 7, 9, 8 ], "texture": "#texture" },
        "west":  { "uv": [ 7, 7, 9, 8 ], "texture": "#texture" },
        "east":  { "uv": [ 7, 7, 9, 8 ], "texture": "#texture" }
    }
}
]
}