{
	"__comment": "Designed by Jehkoba with Cubik Studio - https://cubik.studio",
	"parent": "block/cube_all",
	"textures": {
		"all": "blocks/mob_spawner",
		"particle": "blocks/mob_spawner",
		"Gems": "blocks/redstone_block"
	},
	"elements": [ 	 
		{
			"__comment": "Box1",
			"from": [ 0, 0, 0 ],
			"to": [ 16, 16, 16 ],
			"faces": {
				"down": { "uv": [ 0, 0, 16, 16 ], "texture": "#all" },
				"up": { "uv": [ 0, 0, 16, 16 ], "texture": "#all" },
				"north": { "uv": [ 0, 0, 16, 16 ], "texture": "#all" },
				"south": { "uv": [ 0, 0, 16, 16 ], "texture": "#all" },
				"west": { "uv": [ 0, 0, 16, 16 ], "texture": "#all" },
				"east": { "uv": [ 0, 0, 16, 16 ], "texture": "#all" }
			}
		},
		{
			"__comment": "PlaneY6",
			"from": [ 0, 0, 0 ],
			"to": [ 16, 0.001, 16 ],
			"faces": {
				"up": { "uv": [ 0, 0, 16, 16 ], "texture": "#all" }
			}
		},
		{
			"__comment": "PlaneY6",
			"from": [ 0, 16, 0 ],
			"to": [ 16, 16.001, 16 ],
			"faces": {
				"down": { "uv": [ 0.5, 0.5, 15.5, 15.5 ], "texture": "#all" }
			}
		},
		{
			"__comment": "PlaneX8",
			"from": [ 0, 0, 0 ],
			"to": [ 0.001, 16, 16 ],
			"faces": {
				"east": { "uv": [ 0, 0, 16, 16 ], "texture": "#all" }
			}
		},
		{
			"__comment": "PlaneX8",
			"from": [ 16, 0, 0 ],
			"to": [ 16.001, 16, 16 ],
			"faces": {
				"west": { "uv": [ 0, 0, 16, 16 ], "texture": "#all" }
			}
		},
		{
			"__comment": "PlaneZ10",
			"from": [ 0, 0, 0 ],
			"to": [ 16, 16, 0.001 ],
			"faces": {
				"south": { "uv": [ 0, 0, 16, 16 ], "texture": "#all" }
			}
		},
		{
			"__comment": "PlaneZ10",
			"from": [ 0, 0, 16 ],
			"to": [ 16, 16, 16.001 ],
			"faces": {
				"north": { "uv": [ 0, 0, 16, 16 ], "texture": "#all" }
			}
		}
	]
}