{
	"__comment": "Designed by Jehkoba with BDcraft Cubik PRO 0.93 Beta - http://bdcraft.net",
	"parent": "block/block",
	"textures": {
		"particle": "blocks/mushroom_red",
		"texture": "blocks/mushroom_red"
	},
	"elements": [ 	 
		{
			"from": [ 7, 0, 7 ],
			"to": [ 9, 3, 9 ],
			"faces": {
				"down": { "uv": [ 9, 16, 7, 14 ], "texture": "#texture" },
				"north": { "uv": [ 7, 13, 9, 16 ], "texture": "#texture" },
				"south": { "uv": [ 7, 13, 9, 16 ], "texture": "#texture" },
				"west": { "uv": [ 7, 13, 9, 16 ], "texture": "#texture" },
				"east": { "uv": [ 7, 13, 9, 16 ], "texture": "#texture" }
			}
		},
		{
			"from": [ 6, 7, 6 ],
			"to": [ 10, 8, 10 ],
			"faces": {
				"up": { "uv": [ 6, 8, 10, 12 ], "texture": "#texture" },
				"north": { "uv": [ 6, 8, 10, 9 ], "texture": "#texture" },
				"south": { "uv": [ 6, 8, 10, 9 ], "texture": "#texture" },
				"west": { "uv": [ 6, 8, 10, 9 ], "texture": "#texture" },
				"east": { "uv": [ 6, 8, 10, 9 ], "texture": "#texture" }
			}
		},
		{
			"from": [ 5, 3, 5 ],
			"to": [ 11, 4, 11 ],
			"faces": {
				"down": { "uv": [ 10, 13, 8, 11 ], "texture": "#texture" },
				"north": { "uv": [ 5, 12, 11, 13 ], "texture": "#texture" },
				"south": { "uv": [ 5, 12, 11, 13 ], "texture": "#texture" },
				"west": { "uv": [ 5, 12, 11, 13 ], "texture": "#texture" },
				"east": { "uv": [ 5, 12, 11, 13 ], "texture": "#texture" }
			}
		},
		{
			"from": [ 5, 6, 5 ],
			"to": [ 11, 7, 11 ],
			"faces": {
				"up": { "uv": [ 6, 8, 8, 10 ], "texture": "#texture" },
				"north": { "uv": [ 5, 9, 11, 10 ], "texture": "#texture" },
				"south": { "uv": [ 5, 9, 11, 10 ], "texture": "#texture" },
				"west": { "uv": [ 5, 9, 11.5, 10 ], "texture": "#texture" },
				"east": { "uv": [ 5, 9, 11, 10 ], "texture": "#texture" }
			}
		},
		{
			"from": [ 5, 4, 4 ],
			"to": [ 11, 6, 12 ],
			"faces": {
				"down": { "uv": [ 10, 12, 8, 10 ], "texture": "#texture" },
				"up": { "uv": [ 6, 10, 8, 12 ], "texture": "#texture" },
				"north": { "uv": [ 4, 10, 10, 12 ], "texture": "#texture" },
				"south": { "uv": [ 4, 10, 10, 12 ], "texture": "#texture" },
				"west": { "uv": [ 4, 10, 12, 12 ], "texture": "#texture" },
				"east": { "uv": [ 4, 10, 12, 12 ], "texture": "#texture" }
			}
		},
		{
			"from": [ 4, 4, 5 ],
			"to": [ 12, 6, 11 ],
			"faces": {
				"down": { "uv": [ 10, 12, 8, 10 ], "texture": "#texture" },
				"up": { "uv": [ 6, 10, 8, 12 ], "texture": "#texture" },
				"north": { "uv": [ 4, 10, 12, 12 ], "texture": "#texture" },
				"south": { "uv": [ 4, 10, 12, 12 ], "texture": "#texture" },
				"west": { "uv": [ 6, 10, 12, 12 ], "texture": "#texture" },
				"east": { "uv": [ 6, 10, 12, 12 ], "texture": "#texture" }
			}
		}
	]
}