{
	"__comment": "Designed by Jehkoba with Cubik Studio - https://cubik.studio",
	"parent": "block/block",
	"ambientocclusion": false,
	"textures": {
		"particle": "#texture",
		"texture": "blocks/fence_spruce"
	},
	"elements": [ 	 
		{
			"__comment": "Box5",
			"from": [ 6, 0, 12 ],
			"to": [ 10, 16, 16 ],
			"faces": {
				"down": { "uv": [ 6, 6, 10, 10 ], "texture": "#texture" },
				"up": { "uv": [ 6, 6, 10, 10 ], "texture": "#texture" },
				"north": { "uv": [ 6, 0, 10, 16 ], "texture": "#texture" },
				"south": { "uv": [ 6, 0, 10, 16 ], "texture": "#texture" },
				"west": { "uv": [ 6, 0, 10, 16 ], "texture": "#texture" },
				"east": { "uv": [ 6, 0, 10, 16 ], "texture": "#texture" }
			}
		},
		{
			"__comment": "Box5",
			"from": [ 6, 0, 0 ],
			"to": [ 10, 16, 4 ],
			"faces": {
				"down": { "uv": [ 6, 6, 10, 10 ], "texture": "#texture" },
				"up": { "uv": [ 6, 6, 10, 10 ], "texture": "#texture" },
				"north": { "uv": [ 6, 0, 10, 16 ], "texture": "#texture" },
				"south": { "uv": [ 6, 0, 10, 16 ], "texture": "#texture" },
				"west": { "uv": [ 6, 0, 10, 16 ], "texture": "#texture" },
				"east": { "uv": [ 6, 0, 10, 16 ], "texture": "#texture" }
			}
		},
		{
			"__comment": "Box7",
			"from": [ 7, 0.875, 8 ],
			"to": [ 9, 4.875, 12 ],
			"faces": {
				"down": { "uv": [ 7, 10, 9, 14 ], "texture": "#texture" },
				"up": { "uv": [ 7, 2, 9, 6 ], "texture": "#texture" },
				"north": { "uv": [ 7, 12, 9, 16 ], "texture": "#texture" },
				"south": { "uv": [ 7, 12, 9, 16 ], "texture": "#texture" },
				"west": { "uv": [ 2, 12, 6, 16 ], "texture": "#texture" },
				"east": { "uv": [ 10, 12, 14, 16 ], "texture": "#texture" }
			}
		},
		{
			"__comment": "Box7",
			"from": [ 7, 6.25, 8 ],
			"to": [ 9, 10.25, 12 ],
			"faces": {
				"down": { "uv": [ 7, 10, 9, 14 ], "texture": "#texture" },
				"up": { "uv": [ 7, 2, 9, 6 ], "texture": "#texture" },
				"north": { "uv": [ 7, 12, 9, 16 ], "texture": "#texture" },
				"south": { "uv": [ 7, 12, 9, 16 ], "texture": "#texture" },
				"west": { "uv": [ 2, 12, 6, 16 ], "texture": "#texture" },
				"east": { "uv": [ 10, 12, 14, 16 ], "texture": "#texture" }
			}
		},
		{
			"__comment": "Box7",
			"from": [ 7, 11.5, 8 ],
			"to": [ 9, 15.5, 12 ],
			"faces": {
				"down": { "uv": [ 7, 10, 9, 14 ], "texture": "#texture" },
				"up": { "uv": [ 7, 2, 9, 6 ], "texture": "#texture" },
				"north": { "uv": [ 7, 12, 9, 16 ], "texture": "#texture" },
				"south": { "uv": [ 7, 12, 9, 16 ], "texture": "#texture" },
				"west": { "uv": [ 2, 12, 6, 16 ], "texture": "#texture" },
				"east": { "uv": [ 10, 12, 14, 16 ], "texture": "#texture" }
			}
		},
		{
			"__comment": "Box7",
			"from": [ 7, 0.875, -1 ],
			"to": [ 9, 4.875, 3 ],
			"faces": {
				"down": { "uv": [ 7, 10, 9, 14 ], "texture": "#texture" },
				"up": { "uv": [ 7, 2, 9, 6 ], "texture": "#texture" },
				"north": { "uv": [ 7, 12, 9, 16 ], "texture": "#texture" },
				"south": { "uv": [ 7, 12, 9, 16 ], "texture": "#texture" },
				"west": { "uv": [ 2, 12, 6, 16 ], "texture": "#texture" },
				"east": { "uv": [ 10, 12, 14, 16 ], "texture": "#texture" }
			}
		},
		{
			"__comment": "Box7",
			"from": [ 7, 6.25, -1 ],
			"to": [ 9, 10.25, 3 ],
			"faces": {
				"down": { "uv": [ 7, 10, 9, 14 ], "texture": "#texture" },
				"up": { "uv": [ 7, 2, 9, 6 ], "texture": "#texture" },
				"north": { "uv": [ 7, 12, 9, 16 ], "texture": "#texture" },
				"south": { "uv": [ 7, 12, 9, 16 ], "texture": "#texture" },
				"west": { "uv": [ 2, 12, 6, 16 ], "texture": "#texture" },
				"east": { "uv": [ 10, 12, 14, 16 ], "texture": "#texture" }
			}
		},
		{
			"__comment": "Box7",
			"from": [ 7, 11.5, -1 ],
			"to": [ 9, 15.5, 3 ],
			"faces": {
				"down": { "uv": [ 7, 10, 9, 14 ], "texture": "#texture" },
				"up": { "uv": [ 7, 2, 9, 6 ], "texture": "#texture" },
				"north": { "uv": [ 7, 12, 9, 16 ], "texture": "#texture" },
				"south": { "uv": [ 7, 12, 9, 16 ], "texture": "#texture" },
				"west": { "uv": [ 2, 12, 6, 16 ], "texture": "#texture" },
				"east": { "uv": [ 10, 12, 14, 16 ], "texture": "#texture" }
			}
		},
		{
			"__comment": "Box14",
			"from": [ 7, 0.875, 4 ],
			"to": [ 9, 4.875, 8 ],
			"faces": {
				"down": { "uv": [ 14, 2, 16, 6 ], "texture": "#texture" },
				"up": { "uv": [ 14, 10, 16, 14 ], "texture": "#texture" },
				"north": { "uv": [ 0, 11, 2, 15 ], "texture": "#texture" },
				"south": { "uv": [ 14, 11, 16, 15 ], "texture": "#texture" },
				"west": { "uv": [ 10, 11, 14, 15 ], "texture": "#texture" },
				"east": { "uv": [ 2, 11, 6, 15 ], "texture": "#texture" }
			}
		},
		{
			"__comment": "Box14",
			"from": [ 7, 6.25, 4 ],
			"to": [ 9, 10.25, 8 ],
			"faces": {
				"down": { "uv": [ 14, 2, 16, 6 ], "texture": "#texture" },
				"up": { "uv": [ 14, 10, 16, 14 ], "texture": "#texture" },
				"north": { "uv": [ 0, 11, 2, 15 ], "texture": "#texture" },
				"south": { "uv": [ 14, 11, 16, 15 ], "texture": "#texture" },
				"west": { "uv": [ 10, 11, 14, 15 ], "texture": "#texture" },
				"east": { "uv": [ 2, 11, 6, 15 ], "texture": "#texture" }
			}
		},
		{
			"__comment": "Box14",
			"from": [ 7, 11.5, 4 ],
			"to": [ 9, 15.5, 8 ],
			"faces": {
				"down": { "uv": [ 14, 2, 16, 6 ], "texture": "#texture" },
				"up": { "uv": [ 14, 10, 16, 14 ], "texture": "#texture" },
				"north": { "uv": [ 0, 11, 2, 15 ], "texture": "#texture" },
				"south": { "uv": [ 14, 11, 16, 15 ], "texture": "#texture" },
				"west": { "uv": [ 10, 11, 14, 15 ], "texture": "#texture" },
				"east": { "uv": [ 2, 11, 6, 15 ], "texture": "#texture" }
			}
		},
		{
			"__comment": "Box14",
			"from": [ 7, 0.875, 13 ],
			"to": [ 9, 4.875, 17 ],
			"faces": {
				"down": { "uv": [ 14, 2, 16, 6 ], "texture": "#texture" },
				"up": { "uv": [ 14, 10, 16, 14 ], "texture": "#texture" },
				"north": { "uv": [ 0, 11, 2, 15 ], "texture": "#texture" },
				"south": { "uv": [ 14, 11, 16, 15 ], "texture": "#texture" },
				"west": { "uv": [ 10, 11, 14, 15 ], "texture": "#texture" },
				"east": { "uv": [ 2, 11, 6, 15 ], "texture": "#texture" }
			}
		},
		{
			"__comment": "Box14",
			"from": [ 7, 6.25, 13 ],
			"to": [ 9, 10.25, 17 ],
			"faces": {
				"down": { "uv": [ 14, 2, 16, 6 ], "texture": "#texture" },
				"up": { "uv": [ 14, 10, 16, 14 ], "texture": "#texture" },
				"north": { "uv": [ 0, 11, 2, 15 ], "texture": "#texture" },
				"south": { "uv": [ 14, 11, 16, 15 ], "texture": "#texture" },
				"west": { "uv": [ 10, 11, 14, 15 ], "texture": "#texture" },
				"east": { "uv": [ 2, 11, 6, 15 ], "texture": "#texture" }
			}
		},
		{
			"__comment": "Box14",
			"from": [ 7, 11.5, 13 ],
			"to": [ 9, 15.5, 17 ],
			"faces": {
				"down": { "uv": [ 14, 2, 16, 6 ], "texture": "#texture" },
				"up": { "uv": [ 14, 10, 16, 14 ], "texture": "#texture" },
				"north": { "uv": [ 0, 11, 2, 15 ], "texture": "#texture" },
				"south": { "uv": [ 14, 11, 16, 15 ], "texture": "#texture" },
				"west": { "uv": [ 10, 11, 14, 15 ], "texture": "#texture" },
				"east": { "uv": [ 2, 11, 6, 15 ], "texture": "#texture" }
			}
		}
	],
	"display": {
		"gui": {
			"rotation":  [ 30, 135, 0 ],
			"scale":  [ 0.625, 0.625, 0.625 ]
		},
		"fixed": {
			"rotation":  [ 0, 90, 0 ],
			"scale":  [ 0.5, 0.5, 0.5 ]
		}
	}
}