{
	"__comment": "Designed by creatorLabs with CubikStudio - https://cubik.studio - Download 3D CreatorCraft at https://www.planetminecraft.com/texture_pack/3d-creatorcraft/",
	"parent": "block/block",
	"textures": {
		"particle": "#light",
		"light": "#light",
		"dark": "#dark"
	},
	"elements": [ 	 
		{
			"__comment": "main",
			"from": [ 0, 0, 0 ],
			"to": [ 16, 16, 16 ],
			"faces": {
				"down": { "uv": [ 0, 0, 16, 16 ], "texture": "#dark", "cullface": "down" },
				"up": { "uv": [ 0, 0, 16, 16 ], "texture": "#dark", "cullface": "up" },
				"north": { "uv": [ 0, 0, 16, 16 ], "texture": "#dark", "cullface": "north" },
				"south": { "uv": [ 0, 0, 16, 16 ], "texture": "#dark", "cullface": "south" },
				"west": { "uv": [ 0, 0, 16, 16 ], "texture": "#dark", "cullface": "west" },
				"east": { "uv": [ 0, 0, 16, 16 ], "texture": "#dark", "cullface": "east" }
			}
		},
		{
			"__comment": "south_addon",
			"from": [ 0, 1, 16 ],
			"to": [ 15, 16, 16.5 ],
			"faces": {
				"down": { "uv": [ 0, 15.5, 15, 16 ], "texture": "#light", "cullface": "south" },
				"up": { "uv": [ 0, 0, 15, 0.5 ], "texture": "#light", "cullface": "south" },
				"south": { "uv": [ 0, 0, 15, 15 ], "texture": "#light", "cullface": "south" },
				"west": { "uv": [ 0, 0, 0.5, 15 ], "texture": "#light", "cullface": "south" },
				"east": { "uv": [ 15.5, 0, 16, 15 ], "texture": "#light", "cullface": "south" }
			}
		},
		{
			"__comment": "top_addon",
			"from": [ 0, 16, 0 ],
			"to": [ 15, 16.5, 15 ],
			"faces": {
				"up": { "uv": [ 0, 0, 15, 15 ], "texture": "#light", "cullface": "up" },
				"north": { "uv": [ 1, 15.5, 16, 16 ], "texture": "#light", "cullface": "up" },
				"south": { "uv": [ 0, 15.5, 15, 16 ], "texture": "#light", "cullface": "up" },
				"west": { "uv": [ 0, 15.5, 15, 16 ], "texture": "#light", "cullface": "up" },
				"east": { "uv": [ 1, 15.5, 16, 16 ], "texture": "#light", "cullface": "up" }
			}
		},
		{
			"__comment": "down_addon",
			"from": [ 0, -0.5, 1 ],
			"to": [ 15, 0, 16 ],
			"faces": {
				"down": { "uv": [ 0, 0, 15, 15 ], "texture": "#light", "cullface": "down" },
				"north": { "uv": [ 1, 0, 16, 0.5 ], "texture": "#light", "cullface": "down" },
				"south": { "uv": [ 0, 0, 15, 0.5 ], "texture": "#light", "cullface": "down" },
				"west": { "uv": [ 1, 0, 16, 0.5 ], "texture": "#light", "cullface": "down" },
				"east": { "uv": [ 0, 0, 15, 0.5 ], "texture": "#light", "cullface": "down" }
			}
		},
		{
			"__comment": "north_addon",
			"from": [ 1, 1, -0.5 ],
			"to": [ 16, 16, 0 ],
			"faces": {
				"down": { "uv": [ 1, 0, 16, 0.5 ], "texture": "#light", "cullface": "north" },
				"up": { "uv": [ 1, 15.5, 16, 16 ], "texture": "#light", "cullface": "north" },
				"north": { "uv": [ 0, 0, 15, 15 ], "texture": "#light", "cullface": "north" },
				"west": { "uv": [ 15.5, 0, 16, 15 ], "texture": "#light", "cullface": "north" },
				"east": { "uv": [ 0, 0, 0.5, 15 ], "texture": "#light", "cullface": "north" }
			}
		},
		{
			"__comment": "west_addon",
			"from": [ -0.5, 1, 0 ],
			"to": [ 0, 16, 15 ],
			"faces": {
				"down": { "uv": [ 15.5, 1, 16, 16 ], "texture": "#light", "cullface": "west" },
				"up": { "uv": [ 15.5, 0, 16, 15 ], "texture": "#light", "cullface": "west" },
				"north": { "uv": [ 0, 0, 0.5, 15 ], "texture": "#light", "cullface": "west" },
				"south": { "uv": [ 15.5, 0, 16, 15 ], "texture": "#light", "cullface": "west" },
				"west": { "uv": [ 0, 0, 15, 15 ], "texture": "#light", "cullface": "west" }
			}
		},
		{
			"__comment": "east_addon",
			"from": [ 16, 1, 1 ],
			"to": [ 16.5, 16, 16 ],
			"faces": {
				"down": { "uv": [ 0, 0, 0.5, 15 ], "texture": "#light", "cullface": "east" },
				"up": { "uv": [ 0, 1, 0.5, 16 ], "texture": "#light", "cullface": "east" },
				"north": { "uv": [ 15.5, 0, 16, 15 ], "texture": "#light", "cullface": "east" },
				"south": { "uv": [ 0, 0, 0.5, 15 ], "texture": "#light", "cullface": "east" },
				"east": { "uv": [ 0, 0, 15, 15 ], "texture": "#light", "cullface": "east" }
			}
		}
	]
}