{
	"credit": "Model by CiscuLog",
   	"gui_light": "front",
	"textures": {
		"0": "#Texture"
	},
	"elements": [
		{
			"from": [-1, 0, 8],
			"to": [19, 1, 9],
			"faces": {
				"north": {"uv": [0, 15.5, 10, 16], "texture": "#0"},
				"south": {"uv": [0, 15.5, 10, 16], "rotation": 180, "texture": "#0"},
				"up": {"uv": [0, 15.5, 10, 16], "rotation": 180, "texture": "#0"},
				"down": {"uv": [0, 15.5, 10, 16], "rotation": 180, "texture": "#0"}
			}
		},
		{
			"from": [-1, 1, 8],
			"to": [19, 2, 9],
			"rotation": {"angle": 0, "axis": "y", "origin": [7, 8, 8]},
			"faces": {
				"north": {"uv": [0, 15, 10, 15.5], "texture": "#0"},
				"south": {"uv": [0, 15, 10, 15.5], "rotation": 180, "texture": "#0"},
				"up": {"uv": [0, 15, 10, 15.5], "rotation": 180, "texture": "#0"},
				"down": {"uv": [0, 15, 10, 15.5], "rotation": 180, "texture": "#0"}
			}
		},
		{
			"from": [-1, 2, 8],
			"to": [19, 3, 9],
			"rotation": {"angle": 0, "axis": "y", "origin": [7, 8, 8]},
			"faces": {
				"north": {"uv": [0, 14.5, 10, 15], "texture": "#0"},
				"south": {"uv": [0, 14.5, 10, 15], "rotation": 180, "texture": "#0"},
				"up": {"uv": [0, 14.5, 10, 15], "rotation": 180, "texture": "#0"},
				"down": {"uv": [0, 14.5, 10, 15], "rotation": 180, "texture": "#0"}
			}
		},
		{
			"from": [-1, 3, 8],
			"to": [19, 4, 9],
			"rotation": {"angle": 0, "axis": "y", "origin": [7, 8, 8]},
			"faces": {
				"north": {"uv": [0, 14, 10, 14.5], "texture": "#0"},
				"south": {"uv": [0, 14, 10, 14.5], "rotation": 180, "texture": "#0"},
				"up": {"uv": [0, 14, 10, 14.5], "rotation": 180, "texture": "#0"},
				"down": {"uv": [0, 14, 10, 14.5], "rotation": 180, "texture": "#0"}
			}
		},
		{
			"from": [-1, 4, 8],
			"to": [19, 5, 9],
			"rotation": {"angle": 0, "axis": "y", "origin": [7, 8, 8]},
			"faces": {
				"north": {"uv": [0, 13.5, 10, 14], "texture": "#0"},
				"south": {"uv": [0, 13.5, 10, 14], "rotation": 180, "texture": "#0"},
				"up": {"uv": [0, 13.5, 10, 14], "rotation": 180, "texture": "#0"},
				"down": {"uv": [0, 13.5, 10, 14], "rotation": 180, "texture": "#0"}
			}
		},
		{
			"from": [-1, 5, 8],
			"to": [19, 6, 9],
			"rotation": {"angle": 0, "axis": "y", "origin": [7, 8, 8]},
			"faces": {
				"north": {"uv": [0, 13, 10, 13.5], "texture": "#0"},
				"south": {"uv": [0, 13, 10, 13.5], "rotation": 180, "texture": "#0"},
				"up": {"uv": [0, 13, 10, 13.5], "rotation": 180, "texture": "#0"},
				"down": {"uv": [0, 13, 10, 13.5], "rotation": 180, "texture": "#0"}
			}
		},
		{
			"from": [-1, 6, 8],
			"to": [19, 7, 9],
			"rotation": {"angle": 0, "axis": "y", "origin": [7, 8, 8]},
			"faces": {
				"north": {"uv": [0, 12.5, 10, 13], "texture": "#0"},
				"south": {"uv": [0, 12.5, 10, 13], "rotation": 180, "texture": "#0"},
				"up": {"uv": [0, 12.5, 10, 13], "rotation": 180, "texture": "#0"},
				"down": {"uv": [0, 12.5, 10, 13], "rotation": 180, "texture": "#0"}
			}
		},
		{
			"from": [-1, 7, 8],
			"to": [19, 8, 9],
			"rotation": {"angle": 0, "axis": "y", "origin": [7, 8, 8]},
			"faces": {
				"north": {"uv": [0, 12, 10, 12.5], "texture": "#0"},
				"south": {"uv": [0, 12, 10, 12.5], "rotation": 180, "texture": "#0"},
				"up": {"uv": [0, 12, 10, 12.5], "rotation": 180, "texture": "#0"},
				"down": {"uv": [0, 12, 10, 12.5], "rotation": 180, "texture": "#0"}
			}
		},
		{
			"from": [-1, 8, 8],
			"to": [19, 9, 9],
			"rotation": {"angle": 0, "axis": "y", "origin": [7, 9, 8]},
			"faces": {
				"north": {"uv": [0, 11.5, 10, 12], "texture": "#0"},
				"south": {"uv": [0, 11.5, 10, 12], "rotation": 180, "texture": "#0"},
				"up": {"uv": [0, 11.5, 10, 12], "rotation": 180, "texture": "#0"},
				"down": {"uv": [0, 11.5, 10, 12], "rotation": 180, "texture": "#0"}
			}
		},
		{
			"from": [-1, 9, 8],
			"to": [19, 10, 9],
			"rotation": {"angle": 0, "axis": "y", "origin": [7, 10, 8]},
			"faces": {
				"north": {"uv": [0, 11, 10, 11.5], "texture": "#0"},
				"south": {"uv": [0, 11, 10, 11.5], "rotation": 180, "texture": "#0"},
				"up": {"uv": [0, 11, 10, 11.5], "rotation": 180, "texture": "#0"},
				"down": {"uv": [0, 11, 10, 11.5], "rotation": 180, "texture": "#0"}
			}
		},
		{
			"from": [-1, 10, 8],
			"to": [19, 11, 9],
			"rotation": {"angle": 0, "axis": "y", "origin": [7, 11, 8]},
			"faces": {
				"north": {"uv": [0, 10.5, 10, 11], "texture": "#0"},
				"south": {"uv": [0, 10.5, 10, 11], "rotation": 180, "texture": "#0"},
				"up": {"uv": [0, 10.5, 10, 11], "rotation": 180, "texture": "#0"},
				"down": {"uv": [0, 10.5, 10, 11], "rotation": 180, "texture": "#0"}
			}
		},
		{
			"from": [-1, 11, 8],
			"to": [19, 12, 9],
			"rotation": {"angle": 0, "axis": "y", "origin": [7, 12, 8]},
			"faces": {
				"north": {"uv": [0, 10, 10, 10.5], "texture": "#0"},
				"south": {"uv": [0, 10, 10, 10.5], "rotation": 180, "texture": "#0"},
				"up": {"uv": [0, 10, 10, 10.5], "rotation": 180, "texture": "#0"},
				"down": {"uv": [0, 10, 10, 10.5], "rotation": 180, "texture": "#0"}
			}
		},
		{
			"from": [-1, 12, 8],
			"to": [19, 13, 9],
			"rotation": {"angle": 0, "axis": "y", "origin": [7, 13, 8]},
			"faces": {
				"north": {"uv": [0, 9.5, 10, 10], "texture": "#0"},
				"south": {"uv": [0, 9.5, 10, 10], "rotation": 180, "texture": "#0"},
				"up": {"uv": [0, 9.5, 10, 10], "rotation": 180, "texture": "#0"},
				"down": {"uv": [0, 9.5, 10, 10], "rotation": 180, "texture": "#0"}
			}
		},
		{
			"from": [-1, 13, 8],
			"to": [19, 14, 9],
			"rotation": {"angle": 0, "axis": "y", "origin": [7, 14, 8]},
			"faces": {
				"north": {"uv": [0, 9, 10, 9.5], "texture": "#0"},
				"south": {"uv": [0, 9, 10, 9.5], "rotation": 180, "texture": "#0"},
				"up": {"uv": [0, 9, 10, 9.5], "rotation": 180, "texture": "#0"},
				"down": {"uv": [0, 9, 10, 9.5], "rotation": 180, "texture": "#0"}
			}
		},
		{
			"from": [-1, 14, 8],
			"to": [19, 15, 9],
			"rotation": {"angle": 0, "axis": "y", "origin": [7, 15, 8]},
			"faces": {
				"north": {"uv": [0, 8.5, 10, 9], "texture": "#0"},
				"south": {"uv": [0, 8.5, 10, 9], "rotation": 180, "texture": "#0"},
				"up": {"uv": [0, 8.5, 10, 9], "rotation": 180, "texture": "#0"},
				"down": {"uv": [0, 8.5, 10, 9], "rotation": 180, "texture": "#0"}
			}
		},
		{
			"from": [-1, 15, 8],
			"to": [19, 16, 9],
			"rotation": {"angle": 0, "axis": "y", "origin": [7, 16, 8]},
			"faces": {
				"north": {"uv": [0, 8, 10, 8.5], "texture": "#0"},
				"south": {"uv": [0, 8, 10, 8.5], "rotation": 180, "texture": "#0"},
				"up": {"uv": [0, 8, 10, 8.5], "rotation": 180, "texture": "#0"},
				"down": {"uv": [0, 8, 10, 8.5], "rotation": 180, "texture": "#0"}
			}
		},
		{
			"from": [-1, 16, 8],
			"to": [19, 17, 9],
			"rotation": {"angle": 0, "axis": "y", "origin": [7, 17, 8]},
			"faces": {
				"north": {"uv": [0, 7.5, 10, 8], "texture": "#0"},
				"south": {"uv": [0, 7.5, 10, 8], "rotation": 180, "texture": "#0"},
				"up": {"uv": [0, 7.5, 10, 8], "rotation": 180, "texture": "#0"},
				"down": {"uv": [0, 7.5, 10, 8], "rotation": 180, "texture": "#0"}
			}
		},
		{
			"from": [-1, 17, 8],
			"to": [19, 18, 9],
			"rotation": {"angle": 0, "axis": "y", "origin": [7, 18, 8]},
			"faces": {
				"north": {"uv": [0, 7, 10, 7.5], "texture": "#0"},
				"south": {"uv": [0, 7, 10, 7.5], "rotation": 180, "texture": "#0"},
				"up": {"uv": [0, 7, 10, 7.5], "rotation": 180, "texture": "#0"},
				"down": {"uv": [0, 7, 10, 7.5], "rotation": 180, "texture": "#0"}
			}
		},
		{
			"from": [-1, 18, 8],
			"to": [19, 19, 9],
			"rotation": {"angle": 0, "axis": "y", "origin": [7, 19, 8]},
			"faces": {
				"north": {"uv": [0, 6.5, 10, 7], "texture": "#0"},
				"south": {"uv": [0, 6.5, 10, 7], "rotation": 180, "texture": "#0"},
				"up": {"uv": [0, 6.5, 10, 7], "rotation": 180, "texture": "#0"},
				"down": {"uv": [0, 6.5, 10, 7], "rotation": 180, "texture": "#0"}
			}
		},
		{
			"from": [-1, 19, 8],
			"to": [19, 20, 9],
			"rotation": {"angle": 0, "axis": "y", "origin": [7, 20, 8]},
			"faces": {
				"north": {"uv": [0, 6, 10, 6.5], "texture": "#0"},
				"south": {"uv": [0, 6, 10, 6.5], "rotation": 180, "texture": "#0"},
				"up": {"uv": [0, 6, 10, 6.5], "rotation": 180, "texture": "#0"},
				"down": {"uv": [0, 6, 10, 6.5], "rotation": 180, "texture": "#0"}
			}
		},
		{
			"from": [18, 0, 8],
			"to": [19, 20, 9],
			"rotation": {"angle": 0, "axis": "y", "origin": [23, 8, 16]},
			"faces": {
				"east": {"uv": [0, 6, 0.5, 16], "texture": "#0"},
				"west": {"uv": [0, 6, 0.5, 16], "texture": "#0"}
			}
		},
		{
			"from": [17, 0, 8],
			"to": [18, 20, 9],
			"rotation": {"angle": 0, "axis": "y", "origin": [22, 8, 16]},
			"faces": {
				"east": {"uv": [0.5, 6, 1, 16], "texture": "#0"},
				"west": {"uv": [0.5, 6, 1, 16], "texture": "#0"}
			}
		},
		{
			"from": [16, 0, 8],
			"to": [17, 20, 9],
			"rotation": {"angle": 0, "axis": "y", "origin": [21, 8, 16]},
			"faces": {
				"east": {"uv": [1, 6, 1.5, 16], "texture": "#0"},
				"west": {"uv": [1, 6, 1.5, 16], "texture": "#0"}
			}
		},
		{
			"from": [15, 0, 8],
			"to": [16, 20, 9],
			"rotation": {"angle": 0, "axis": "y", "origin": [20, 8, 16]},
			"faces": {
				"east": {"uv": [1.5, 6, 2, 16], "texture": "#0"},
				"west": {"uv": [1.5, 6, 2, 16], "texture": "#0"}
			}
		},
		{
			"from": [14, 0, 8],
			"to": [15, 20, 9],
			"rotation": {"angle": 0, "axis": "y", "origin": [19, 8, 16]},
			"faces": {
				"east": {"uv": [2, 6, 2.5, 16], "texture": "#0"},
				"west": {"uv": [2, 6, 2.5, 16], "texture": "#0"}
			}
		},
		{
			"from": [13, 0, 8],
			"to": [14, 20, 9],
			"rotation": {"angle": 0, "axis": "y", "origin": [18, 8, 16]},
			"faces": {
				"east": {"uv": [2.5, 6, 3, 16], "texture": "#0"},
				"west": {"uv": [2.5, 6, 3, 16], "texture": "#0"}
			}
		},
		{
			"from": [12, 0, 8],
			"to": [13, 20, 9],
			"rotation": {"angle": 0, "axis": "y", "origin": [17, 8, 16]},
			"faces": {
				"east": {"uv": [3, 6, 3.5, 16], "texture": "#0"},
				"west": {"uv": [3, 6, 3.5, 16], "texture": "#0"}
			}
		},
		{
			"from": [11, 0, 8],
			"to": [12, 20, 9],
			"rotation": {"angle": 0, "axis": "y", "origin": [16, 8, 16]},
			"faces": {
				"east": {"uv": [3.5, 6, 4, 16], "texture": "#0"},
				"west": {"uv": [3.5, 6, 4, 16], "texture": "#0"}
			}
		},
		{
			"from": [10, 0, 8],
			"to": [11, 20, 9],
			"rotation": {"angle": 0, "axis": "y", "origin": [15, 8, 16]},
			"faces": {
				"east": {"uv": [4, 6, 4.5, 16], "texture": "#0"},
				"west": {"uv": [4, 6, 4.5, 16], "texture": "#0"}
			}
		},
		{
			"from": [9, 0, 8],
			"to": [10, 20, 9],
			"rotation": {"angle": 0, "axis": "y", "origin": [14, 8, 16]},
			"faces": {
				"east": {"uv": [4.5, 6, 5, 16], "texture": "#0"},
				"west": {"uv": [4.5, 6, 5, 16], "texture": "#0"}
			}
		},
		{
			"from": [8, 0, 8],
			"to": [9, 20, 9],
			"rotation": {"angle": 0, "axis": "y", "origin": [13, 8, 16]},
			"faces": {
				"east": {"uv": [5, 6, 5.5, 16], "texture": "#0"},
				"west": {"uv": [5, 6, 5.5, 16], "texture": "#0"}
			}
		},
		{
			"from": [7, 0, 8],
			"to": [8, 20, 9],
			"rotation": {"angle": 0, "axis": "y", "origin": [12, 8, 16]},
			"faces": {
				"east": {"uv": [5.5, 6, 6, 16], "texture": "#0"},
				"west": {"uv": [5.5, 6, 6, 16], "texture": "#0"}
			}
		},
		{
			"from": [6, 0, 8],
			"to": [7, 20, 9],
			"rotation": {"angle": 0, "axis": "y", "origin": [11, 8, 16]},
			"faces": {
				"east": {"uv": [6, 6, 6.5, 16], "texture": "#0"},
				"west": {"uv": [6, 6, 6.5, 16], "texture": "#0"}
			}
		},
		{
			"from": [5, 0, 8],
			"to": [6, 20, 9],
			"rotation": {"angle": 0, "axis": "y", "origin": [10, 8, 16]},
			"faces": {
				"east": {"uv": [6.5, 6, 7, 16], "texture": "#0"},
				"west": {"uv": [6.5, 6, 7, 16], "texture": "#0"}
			}
		},
		{
			"from": [4, 0, 8],
			"to": [5, 20, 9],
			"rotation": {"angle": 0, "axis": "y", "origin": [9, 8, 16]},
			"faces": {
				"east": {"uv": [7, 6, 7.5, 16], "texture": "#0"},
				"west": {"uv": [7, 6, 7.5, 16], "texture": "#0"}
			}
		},
		{
			"from": [3, 0, 8],
			"to": [4, 20, 9],
			"rotation": {"angle": 0, "axis": "y", "origin": [8, 8, 16]},
			"faces": {
				"east": {"uv": [7.5, 6, 8, 16], "texture": "#0"},
				"west": {"uv": [7.5, 6, 8, 16], "texture": "#0"}
			}
		},
		{
			"from": [2, 0, 8],
			"to": [3, 20, 9],
			"rotation": {"angle": 0, "axis": "y", "origin": [7, 8, 16]},
			"faces": {
				"east": {"uv": [8, 6, 8.5, 16], "texture": "#0"},
				"west": {"uv": [8, 6, 8.5, 16], "texture": "#0"}
			}
		},
		{
			"from": [1, 0, 8],
			"to": [2, 20, 9],
			"rotation": {"angle": 0, "axis": "y", "origin": [6, 8, 16]},
			"faces": {
				"east": {"uv": [8.5, 6, 9, 16], "texture": "#0"},
				"west": {"uv": [8.5, 6, 9, 16], "texture": "#0"}
			}
		},
		{
			"from": [0, 0, 8],
			"to": [1, 20, 9],
			"rotation": {"angle": 0, "axis": "y", "origin": [5, 8, 16]},
			"faces": {
				"east": {"uv": [9, 6, 9.5, 16], "texture": "#0"},
				"west": {"uv": [9, 6, 9.5, 16], "texture": "#0"}
			}
		},
		{
			"from": [-1, 0, 8],
			"to": [0, 20, 9],
			"rotation": {"angle": 0, "axis": "y", "origin": [4, 8, 16]},
			"faces": {
				"east": {"uv": [9.5, 6, 10, 16], "texture": "#0"},
				"west": {"uv": [9.5, 6, 10, 16], "texture": "#0"}
			}
		}
	],
	"display": {
		"thirdperson_righthand": {
			"rotation": [0, 90, -55],
			"translation": [-0.5, 6, 2],
			"scale": [0.85, 0.85, 0.85]
		},
		"thirdperson_lefthand": {
			"rotation": [0, -90, 55],
			"translation": [0.5, 6, 2],
			"scale": [0.85, 0.85, 0.85]
		},
		"firstperson_righthand": {
			"rotation": [0, 90, -25],
			"translation": [ 4.25, 2.25, -0.25],
			"scale": [ 0.9, 0.9, 0.9]
		},
		"firstperson_lefthand": {
			"rotation": [0, -90, 30],
			"translation": [ 4.25, 2.25, -0.25],
			"scale": [ 1, 1, 1]
		},
		"ground": {
			"translation": [0, 3, 0],
			"scale": [0.5, 0.5, 0.5]
		},
		"gui": {
			"rotation": [0, -180, 0],
			"translation": [3, 0, 0]
		},
		"head": {
			"rotation": [0, 0, 45],
			"translation": [1.25, 0, 0],
			"scale": [1.25, 1.25, 1.25]
		},
		"fixed": {
			"translation": [-1, -2, -0.5]
		}
	}
}