{"credit":"Made with Blockbench","textures":{"1":"custom/potion_bottle_splash","particle":"custom/ptps","main":"custom/ptps"},"elements":[{"from":[7.46,8.96,7.46],"to":[8.54,10.04,8.54],"rotation":{"angle":0,"axis":"y","origin":[8,9.5,8]},"faces":{"north":{"uv":[12.1,5.1,12.9,5.9],"texture":"#1"},"east":{"uv":[12.1,5.1,12.9,5.9],"texture":"#1"},"south":{"uv":[12.1,5.1,12.9,5.9],"texture":"#1"},"west":{"uv":[12.1,5.1,12.9,5.9],"texture":"#1"},"up":{"uv":[12.1,5.1,12.9,5.9],"texture":"#1"},"down":{"uv":[12.1,5.1,12.9,5.9],"texture":"#1"}}},{"from":[5.5,1,5.5],"to":[10.5,6.75,10.5],"faces":{"north":{"uv":[16,0,11,1],"texture":"#main","cullface":"Know2Good","tintindex":0},"east":{"uv":[15,0,16,5],"rotation":90,"texture":"#main","cullface":"Know2Good","tintindex":0},"south":{"uv":[11,4,16,5],"texture":"#main","cullface":"Know2Good","tintindex":0},"west":{"uv":[11,0,12,5],"rotation":270,"texture":"#main","cullface":"Know2Good","tintindex":0},"up":{"uv":[11,0,16,5],"texture":"#main","cullface":"Know2Good","tintindex":0},"down":{"uv":[11,0,16,5],"texture":"#main","cullface":"Know2Good","tintindex":0}}},{"from":[5.5,2,4.5],"to":[10.5,6,11.5],"faces":{"north":{"uv":[16,0,11,5],"texture":"#main","cullface":"Know2Good","tintindex":0},"east":{"uv":[15,0,13,5],"texture":"#main","cullface":"Know2Good","tintindex":0},"south":{"uv":[11,0,16,5],"texture":"#main","cullface":"Know2Good","tintindex":0},"west":{"uv":[11,0,12,5],"texture":"#main","cullface":"Know2Good","tintindex":0},"up":{"uv":[11,0,16,1],"texture":"#main","cullface":"Know2Good","tintindex":0},"down":{"uv":[11,4,16,5],"texture":"#main","cullface":"Know2Good","tintindex":0}}},{"from":[4.5,2,5.5],"to":[11.5,6,10.5],"faces":{"north":{"uv":[11,0,12,5],"texture":"#main","cullface":"Know2Good","tintindex":0},"east":{"uv":[16,0,11,5],"texture":"#main","cullface":"Know2Good","tintindex":0},"south":{"uv":[15,0,16,5],"texture":"#main","cullface":"Know2Good","tintindex":0},"west":{"uv":[11,0,16,5],"texture":"#main","cullface":"Know2Good","tintindex":0},"up":{"uv":[11,0,16,1],"rotation":90,"texture":"#main","cullface":"Know2Good","tintindex":0},"down":{"uv":[11,4,16,5],"rotation":270,"texture":"#main","cullface":"Know2Good","tintindex":0}}},{"from":[5.5,0,5.5],"to":[10.5,1,10.5],"faces":{"north":{"uv":[15,15,16,16],"texture":"#main","cullface":"Know2Good"},"east":{"uv":[15,15,16,16],"texture":"#main","cullface":"Know2Good"},"south":{"uv":[15,15,16,16],"texture":"#main","cullface":"Know2Good"},"west":{"uv":[15,15,16,16],"texture":"#main","cullface":"Know2Good"},"down":{"uv":[15,15,16,16],"texture":"#main","cullface":"Know2Good"}}},{"from":[5.5,1,4.5],"to":[10.5,2,5.5],"faces":{"east":{"uv":[15,15,16,16],"texture":"#main","cullface":"Know2Good"},"west":{"uv":[15,15,16,16],"texture":"#main","cullface":"Know2Good"},"down":{"uv":[15,15,16,16],"texture":"#main","cullface":"Know2Good"}}},{"from":[10.5,1,5.5],"to":[11.5,2,10.5],"faces":{"north":{"uv":[15,15,16,16],"texture":"#main","cullface":"Know2Good"},"south":{"uv":[15,15,16,16],"texture":"#main","cullface":"Know2Good"},"down":{"uv":[15,15,16,16],"texture":"#main","cullface":"Know2Good"}}},{"from":[5.5,1,10.5],"to":[10.5,2,11.5],"faces":{"east":{"uv":[15,15,16,16],"texture":"#main","cullface":"Know2Good"},"west":{"uv":[15,15,16,16],"texture":"#main","cullface":"Know2Good"},"down":{"uv":[15,15,16,16],"texture":"#main","cullface":"Know2Good"}}},{"from":[4.5,1,5.5],"to":[5.5,2,10.5],"faces":{"north":{"uv":[15,15,16,16],"texture":"#main","cullface":"Know2Good"},"south":{"uv":[15,15,16,16],"texture":"#main","cullface":"Know2Good"},"down":{"uv":[15,15,16,16],"texture":"#main","cullface":"Know2Good"}}},{"from":[5.5,1,3.5],"to":[10.5,6,4.5],"faces":{"north":{"uv":[15,15,16,16],"texture":"#main","cullface":"Know2Good"},"east":{"uv":[15,15,16,16],"texture":"#main","cullface":"Know2Good"},"west":{"uv":[15,15,16,16],"texture":"#main","cullface":"Know2Good"},"up":{"uv":[15,15,16,16],"texture":"#main","cullface":"Know2Good"},"down":{"uv":[15,15,16,16],"texture":"#main","cullface":"Know2Good"}}},{"from":[11.5,1,5.5],"to":[12.5,6,10.5],"faces":{"north":{"uv":[15,15,16,16],"texture":"#main","cullface":"Know2Good"},"east":{"uv":[15,15,16,16],"texture":"#main","cullface":"Know2Good"},"south":{"uv":[15,15,16,16],"texture":"#main","cullface":"Know2Good"},"up":{"uv":[15,15,16,16],"texture":"#main","cullface":"Know2Good"},"down":{"uv":[15,15,16,16],"texture":"#main","cullface":"Know2Good"}}},{"from":[5.5,1,11.5],"to":[10.5,6,12.5],"faces":{"east":{"uv":[15,15,16,16],"texture":"#main","cullface":"Know2Good"},"south":{"uv":[15,15,16,16],"texture":"#main","cullface":"Know2Good"},"west":{"uv":[15,15,16,16],"texture":"#main","cullface":"Know2Good"},"up":{"uv":[15,15,16,16],"texture":"#main","cullface":"Know2Good"},"down":{"uv":[15,15,16,16],"texture":"#main","cullface":"Know2Good"}}},{"from":[3.5,1,5.5],"to":[4.5,6,10.5],"faces":{"north":{"uv":[15,15,16,16],"texture":"#main","cullface":"Know2Good"},"south":{"uv":[15,15,16,16],"texture":"#main","cullface":"Know2Good"},"west":{"uv":[15,15,16,16],"texture":"#main","cullface":"Know2Good"},"up":{"uv":[15,15,16,16],"texture":"#main","cullface":"Know2Good"},"down":{"uv":[15,15,16,16],"texture":"#main","cullface":"Know2Good"}}},{"from":[4.5,2,4.5],"to":[5.5,6,5.5],"faces":{"north":{"uv":[15,15,16,16],"texture":"#main","cullface":"Know2Good"},"west":{"uv":[15,15,16,16],"texture":"#main","cullface":"Know2Good"},"up":{"uv":[15,15,16,16],"texture":"#main","cullface":"Know2Good"},"down":{"uv":[15,15,16,16],"texture":"#main","cullface":"Know2Good"}}},{"from":[10.5,2,4.5],"to":[11.5,6,5.5],"faces":{"north":{"uv":[15,15,16,16],"texture":"#main","cullface":"Know2Good"},"east":{"uv":[15,15,16,16],"texture":"#main","cullface":"Know2Good"},"up":{"uv":[15,15,16,16],"texture":"#main","cullface":"Know2Good"},"down":{"uv":[15,15,16,16],"texture":"#main","cullface":"Know2Good"}}},{"from":[10.5,2,10.5],"to":[11.5,6,11.5],"faces":{"east":{"uv":[15,15,16,16],"texture":"#main","cullface":"Know2Good"},"south":{"uv":[15,15,16,16],"texture":"#main","cullface":"Know2Good"},"up":{"uv":[15,15,16,16],"texture":"#main","cullface":"Know2Good"},"down":{"uv":[15,15,16,16],"texture":"#main","cullface":"Know2Good"}}},{"from":[4.5,2,10.5],"to":[5.5,6,11.5],"faces":{"south":{"uv":[15,15,16,16],"texture":"#main","cullface":"Know2Good"},"west":{"uv":[15,15,16,16],"texture":"#main","cullface":"Know2Good"},"up":{"uv":[15,15,16,16],"texture":"#main","cullface":"Know2Good"},"down":{"uv":[15,15,16,16],"texture":"#main","cullface":"Know2Good"}}},{"from":[5.5,6,10.5],"to":[10.5,7,11.5],"faces":{"east":{"uv":[15,15,16,16],"texture":"#main","cullface":"Know2Good"},"south":{"uv":[15,15,16,16],"texture":"#main","cullface":"Know2Good"},"west":{"uv":[15,15,16,16],"texture":"#main","cullface":"Know2Good"},"up":{"uv":[15,15,16,16],"texture":"#main","cullface":"Know2Good"}}},{"from":[10.5,6,5.5],"to":[11.5,7,10.5],"faces":{"north":{"uv":[15,15,16,16],"texture":"#main","cullface":"Know2Good"},"east":{"uv":[15,15,16,16],"texture":"#main","cullface":"Know2Good"},"south":{"uv":[15,15,16,16],"texture":"#main","cullface":"Know2Good"},"up":{"uv":[15,15,16,16],"texture":"#main","cullface":"Know2Good"}}},{"from":[5.5,6,4.5],"to":[10.5,7,5.5],"faces":{"north":{"uv":[15,15,16,16],"texture":"#main","cullface":"Know2Good"},"east":{"uv":[15,15,16,16],"texture":"#main","cullface":"Know2Good"},"west":{"uv":[15,15,16,16],"texture":"#main","cullface":"Know2Good"},"up":{"uv":[15,15,16,16],"texture":"#main","cullface":"Know2Good"}}},{"from":[4.5,6,5.5],"to":[5.5,7,10.5],"faces":{"north":{"uv":[15,15,16,16],"texture":"#main","cullface":"Know2Good"},"south":{"uv":[15,15,16,16],"texture":"#main","cullface":"Know2Good"},"west":{"uv":[15,15,16,16],"texture":"#main","cullface":"Know2Good"},"up":{"uv":[15,15,16,16],"texture":"#main","cullface":"Know2Good"}}},{"from":[5.5,6,5.5],"to":[6.5,7,6.5],"faces":{"up":{"uv":[15,15,16,16],"texture":"#main","cullface":"Know2Good"}}},{"from":[9.5,6,5.5],"to":[10.5,7,6.5],"faces":{"up":{"uv":[15,15,16,16],"texture":"#main","cullface":"Know2Good"}}},{"from":[9.5,6,9.5],"to":[10.5,7,10.5],"faces":{"up":{"uv":[15,15,16,16],"texture":"#main","cullface":"Know2Good"}}},{"from":[5.5,6,9.5],"to":[6.5,7,10.5],"faces":{"up":{"uv":[15,15,16,16],"texture":"#main","cullface":"Know2Good"}}},{"from":[6.5,7,5.5],"to":[9.5,8,6.5],"faces":{"north":{"uv":[15,15,16,16],"texture":"#main","cullface":"Know2Good"},"east":{"uv":[15,15,16,16],"texture":"#main","cullface":"Know2Good"},"west":{"uv":[15,15,16,16],"texture":"#main","cullface":"Know2Good"},"up":{"uv":[15,15,16,16],"texture":"#main","cullface":"Know2Good"}}},{"from":[9.5,7,6.5],"to":[10.5,8,9.5],"faces":{"north":{"uv":[15,15,16,16],"texture":"#main","cullface":"Know2Good"},"east":{"uv":[15,15,16,16],"texture":"#main","cullface":"Know2Good"},"south":{"uv":[15,15,16,16],"texture":"#main","cullface":"Know2Good"},"up":{"uv":[15,15,16,16],"texture":"#main","cullface":"Know2Good"}}},{"from":[6.5,7,9.5],"to":[9.5,8,10.5],"faces":{"east":{"uv":[15,15,16,16],"texture":"#main","cullface":"Know2Good"},"south":{"uv":[15,15,16,16],"texture":"#main","cullface":"Know2Good"},"west":{"uv":[15,15,16,16],"texture":"#main","cullface":"Know2Good"},"up":{"uv":[15,15,16,16],"texture":"#main","cullface":"Know2Good"}}},{"from":[5.5,7,6.5],"to":[6.5,8,9.5],"faces":{"north":{"uv":[15,15,16,16],"texture":"#main","cullface":"Know2Good"},"south":{"uv":[15,15,16,16],"texture":"#main","cullface":"Know2Good"},"west":{"uv":[15,15,16,16],"texture":"#main","cullface":"Know2Good"},"up":{"uv":[15,15,16,16],"texture":"#main","cullface":"Know2Good"}}},{"from":[6.5,7,6.5],"to":[7.5,8,7.5],"faces":{"up":{"uv":[15,15,16,16],"texture":"#main","cullface":"Know2Good"}}},{"from":[8.5,7,6.5],"to":[9.5,8,7.5],"faces":{"up":{"uv":[15,15,16,16],"texture":"#main","cullface":"Know2Good"}}},{"from":[8.5,7,8.5],"to":[9.5,8,9.5],"faces":{"up":{"uv":[15,15,16,16],"texture":"#main","cullface":"Know2Good"}}},{"from":[6.5,7,8.5],"to":[7.5,8,9.5],"faces":{"up":{"uv":[15,15,16,16],"texture":"#main","cullface":"Know2Good"}}},{"from":[7.5,8,6.5],"to":[8.5,10,7.5],"faces":{"north":{"uv":[15,15,16,16],"texture":"#main","cullface":"Know2Good"},"east":{"uv":[15,15,16,16],"texture":"#main","cullface":"Know2Good"},"south":{"uv":[15,15,16,16],"texture":"#main","cullface":"Know2Good"},"west":{"uv":[15,15,16,16],"texture":"#main","cullface":"Know2Good"},"up":{"uv":[15,15,16,16],"texture":"#main","cullface":"Know2Good"},"down":{"uv":[15,15,16,16],"texture":"#main","cullface":"Know2Good"}}},{"from":[8.5,8,7.5],"to":[9.5,9,8.5],"faces":{"north":{"uv":[15,15,16,16],"texture":"#main","cullface":"Know2Good"},"east":{"uv":[15,15,16,16],"texture":"#main","cullface":"Know2Good"},"south":{"uv":[15,15,16,16],"texture":"#main","cullface":"Know2Good"},"west":{"uv":[15,15,16,16],"texture":"#main","cullface":"Know2Good"},"up":{"uv":[15,15,16,16],"texture":"#main","cullface":"Know2Good"},"down":{"uv":[15,15,16,16],"texture":"#main","cullface":"Know2Good"}}},{"from":[7.5,8,8.5],"to":[8.5,10,9.5],"faces":{"north":{"uv":[15,15,16,16],"texture":"#main","cullface":"Know2Good"},"east":{"uv":[15,15,16,16],"texture":"#main","cullface":"Know2Good"},"south":{"uv":[15,15,16,16],"texture":"#main","cullface":"Know2Good"},"west":{"uv":[15,15,16,16],"texture":"#main","cullface":"Know2Good"},"up":{"uv":[15,15,16,16],"texture":"#main","cullface":"Know2Good"},"down":{"uv":[15,15,16,16],"texture":"#main","cullface":"Know2Good"}}},{"from":[6.5,8,7.5],"to":[7.5,9,8.5],"faces":{"north":{"uv":[15,15,16,16],"texture":"#main","cullface":"Know2Good"},"east":{"uv":[15,15,16,16],"texture":"#main","cullface":"Know2Good"},"south":{"uv":[15,15,16,16],"texture":"#main","cullface":"Know2Good"},"west":{"uv":[15,15,16,16],"texture":"#main","cullface":"Know2Good"},"up":{"uv":[15,15,16,16],"texture":"#main","cullface":"Know2Good"},"down":{"uv":[15,15,16,16],"texture":"#main","cullface":"Know2Good"}}},{"from":[7.48,8.98,8.48],"to":[8.52,11.02,9.52],"rotation":{"angle":0,"axis":"y","origin":[8,10,9]},"faces":{"north":{"uv":[11.1,2.1,11.9,3.9],"texture":"#1"},"east":{"uv":[11.1,2.1,11.9,3.9],"texture":"#1"},"south":{"uv":[11.1,2.1,11.9,3.9],"texture":"#1"},"west":{"uv":[11.1,2.1,11.9,3.9],"texture":"#1"},"up":{"uv":[11.1,2.1,11.9,2.9],"texture":"#1"},"down":{"uv":[11.1,2.1,11.9,3.9],"texture":"#1"}}},{"from":[7.48,8.98,6.48],"to":[8.52,11.02,7.52],"rotation":{"angle":0,"axis":"y","origin":[8,10,7]},"faces":{"north":{"uv":[12.1,3.1,12.9,4.9],"texture":"#1"},"east":{"uv":[12.1,3.1,12.9,4.9],"texture":"#1"},"south":{"uv":[12.1,3.1,12.9,4.9],"texture":"#1"},"west":{"uv":[12.1,3.1,12.9,4.9],"texture":"#1"},"up":{"uv":[12.1,3.1,12.9,3.9],"texture":"#1"},"down":{"uv":[12.1,4.1,12.9,4.9],"texture":"#1"}}}],"display":{"thirdperson_righthand":{"rotation":[49,0,0],"translation":[0,0.25,0.5],"scale":[0.5,0.5,0.5]},"thirdperson_lefthand":{"rotation":[49,0,0],"translation":[0,0.25,0.5],"scale":[0.5,0.5,0.5]},"firstperson_righthand":{"rotation":[0,35,0],"translation":[-1.25,4.75,4],"scale":[0.4,0.4,0.4]},"firstperson_lefthand":{"rotation":[0,35,0],"translation":[-1.25,4.75,4],"scale":[0.4,0.4,0.4]},"ground":{"translation":[0,3,0],"scale":[0.5,0.5,0.5]},"gui":{"rotation":[-43,-53,-63],"translation":[1.5,1.75,0]},"head":{"translation":[0,12.5,0],"scale":[2.76758,2.56641,2.85938]},"fixed":{"rotation":[0,90,0],"translation":[-0.25,2,-0.5],"scale":[1.125,1.125,1.125]}}}