{"credit":"Made with Blockbench","textures":{"1":"custom/potion_bottle_splash","particle":"custom/ptps","main":"custom/ptps"},"elements":[{"from":[5.5,1,5.5],"to":[10.5,6.75,10.5],"faces":{"north":{"uv":[16,0,11,1],"texture":"#main","cullface":"Know2Good","tintindex":0},"east":{"uv":[15,0,16,5],"rotation":90,"texture":"#main","cullface":"Know2Good","tintindex":0},"south":{"uv":[11,4,16,5],"texture":"#main","cullface":"Know2Good","tintindex":0},"west":{"uv":[11,0,12,5],"rotation":270,"texture":"#main","cullface":"Know2Good","tintindex":0},"up":{"uv":[11,0,16,5],"texture":"#main","cullface":"Know2Good","tintindex":0},"down":{"uv":[11,0,16,5],"texture":"#main","cullface":"Know2Good","tintindex":0}}},{"from":[5.5,2,4.5],"to":[10.5,6,11.5],"faces":{"north":{"uv":[16,0,11,5],"texture":"#main","cullface":"Know2Good","tintindex":0},"east":{"uv":[15,0,13,5],"texture":"#main","cullface":"Know2Good","tintindex":0},"south":{"uv":[11,0,16,5],"texture":"#main","cullface":"Know2Good","tintindex":0},"west":{"uv":[11,0,12,5],"texture":"#main","cullface":"Know2Good","tintindex":0},"up":{"uv":[11,0,16,1],"texture":"#main","cullface":"Know2Good","tintindex":0},"down":{"uv":[11,4,16,5],"texture":"#main","cullface":"Know2Good","tintindex":0}}},{"from":[4.5,2,5.5],"to":[11.5,6,10.5],"faces":{"north":{"uv":[11,0,12,5],"texture":"#main","cullface":"Know2Good","tintindex":0},"east":{"uv":[16,0,11,5],"texture":"#main","cullface":"Know2Good","tintindex":0},"south":{"uv":[15,0,16,5],"texture":"#main","cullface":"Know2Good","tintindex":0},"west":{"uv":[11,0,16,5],"texture":"#main","cullface":"Know2Good","tintindex":0},"up":{"uv":[11,0,16,1],"rotation":90,"texture":"#main","cullface":"Know2Good","tintindex":0},"down":{"uv":[11,4,16,5],"rotation":270,"texture":"#main","cullface":"Know2Good","tintindex":0}}},{"from":[5.5,0,5.5],"to":[10.5,1,10.5],"faces":{"north":{"uv":[15,15,16,16],"texture":"#main","cullface":"Know2Good"},"east":{"uv":[15,15,16,16],"texture":"#main","cullface":"Know2Good"},"south":{"uv":[15,15,16,16],"texture":"#main","cullface":"Know2Good"},"west":{"uv":[15,15,16,16],"texture":"#main","cullface":"Know2Good"},"down":{"uv":[15,15,16,16],"texture":"#main","cullface":"Know2Good"}}},{"from":[5.5,1,4.5],"to":[10.5,2,5.5],"faces":{"east":{"uv":[15,15,16,16],"texture":"#main","cullface":"Know2Good"},"west":{"uv":[15,15,16,16],"texture":"#main","cullface":"Know2Good"},"down":{"uv":[15,15,16,16],"texture":"#main","cullface":"Know2Good"}}},{"from":[10.5,1,5.5],"to":[11.5,2,10.5],"faces":{"north":{"uv":[15,15,16,16],"texture":"#main","cullface":"Know2Good"},"south":{"uv":[15,15,16,16],"texture":"#main","cullface":"Know2Good"},"down":{"uv":[15,15,16,16],"texture":"#main","cullface":"Know2Good"}}},{"from":[5.5,1,10.5],"to":[10.5,2,11.5],"faces":{"east":{"uv":[15,15,16,16],"texture":"#main","cullface":"Know2Good"},"west":{"uv":[15,15,16,16],"texture":"#main","cullface":"Know2Good"},"down":{"uv":[15,15,16,16],"texture":"#main","cullface":"Know2Good"}}},{"from":[4.5,1,5.5],"to":[5.5,2,10.5],"faces":{"north":{"uv":[15,15,16,16],"texture":"#main","cullface":"Know2Good"},"south":{"uv":[15,15,16,16],"texture":"#main","cullface":"Know2Good"},"down":{"uv":[15,15,16,16],"texture":"#main","cullface":"Know2Good"}}},{"from":[5.5,1,3.5],"to":[10.5,6,4.5],"faces":{"north":{"uv":[15,15,16,16],"texture":"#main","cullface":"Know2Good"},"east":{"uv":[15,15,16,16],"texture":"#main","cullface":"Know2Good"},"west":{"uv":[15,15,16,16],"texture":"#main","cullface":"Know2Good"},"up":{"uv":[15,15,16,16],"texture":"#main","cullface":"Know2Good"},"down":{"uv":[15,15,16,16],"texture":"#main","cullface":"Know2Good"}}},{"from":[11.5,1,5.5],"to":[12.5,6,10.5],"faces":{"north":{"uv":[15,15,16,16],"texture":"#main","cullface":"Know2Good"},"east":{"uv":[15,15,16,16],"texture":"#main","cullface":"Know2Good"},"south":{"uv":[15,15,16,16],"texture":"#main","cullface":"Know2Good"},"up":{"uv":[15,15,16,16],"texture":"#main","cullface":"Know2Good"},"down":{"uv":[15,15,16,16],"texture":"#main","cullface":"Know2Good"}}},{"from":[5.5,1,11.5],"to":[10.5,6,12.5],"faces":{"east":{"uv":[15,15,16,16],"texture":"#main","cullface":"Know2Good"},"south":{"uv":[15,15,16,16],"texture":"#main","cullface":"Know2Good"},"west":{"uv":[15,15,16,16],"texture":"#main","cullface":"Know2Good"},"up":{"uv":[15,15,16,16],"texture":"#main","cullface":"Know2Good"},"down":{"uv":[15,15,16,16],"texture":"#main","cullface":"Know2Good"}}},{"from":[3.5,1,5.5],"to":[4.5,6,10.5],"faces":{"north":{"uv":[15,15,16,16],"texture":"#main","cullface":"Know2Good"},"south":{"uv":[15,15,16,16],"texture":"#main","cullface":"Know2Good"},"west":{"uv":[15,15,16,16],"texture":"#main","cullface":"Know2Good"},"up":{"uv":[15,15,16,16],"texture":"#main","cullface":"Know2Good"},"down":{"uv":[15,15,16,16],"texture":"#main","cullface":"Know2Good"}}},{"from":[4.5,2,4.5],"to":[5.5,6,5.5],"faces":{"north":{"uv":[15,15,16,16],"texture":"#main","cullface":"Know2Good"},"west":{"uv":[15,15,16,16],"texture":"#main","cullface":"Know2Good"},"up":{"uv":[15,15,16,16],"texture":"#main","cullface":"Know2Good"},"down":{"uv":[15,15,16,16],"texture":"#main","cullface":"Know2Good"}}},{"from":[10.5,2,4.5],"to":[11.5,6,5.5],"faces":{"north":{"uv":[15,15,16,16],"texture":"#main","cullface":"Know2Good"},"east":{"uv":[15,15,16,16],"texture":"#main","cullface":"Know2Good"},"up":{"uv":[15,15,16,16],"texture":"#main","cullface":"Know2Good"},"down":{"uv":[15,15,16,16],"texture":"#main","cullface":"Know2Good"}}},{"from":[10.5,2,10.5],"to":[11.5,6,11.5],"faces":{"east":{"uv":[15,15,16,16],"texture":"#main","cullface":"Know2Good"},"south":{"uv":[15,15,16,16],"texture":"#main","cullface":"Know2Good"},"up":{"uv":[15,15,16,16],"texture":"#main","cullface":"Know2Good"},"down":{"uv":[15,15,16,16],"texture":"#main","cullface":"Know2Good"}}},{"from":[4.5,2,10.5],"to":[5.5,6,11.5],"faces":{"south":{"uv":[15,15,16,16],"texture":"#main","cullface":"Know2Good"},"west":{"uv":[15,15,16,16],"texture":"#main","cullface":"Know2Good"},"up":{"uv":[15,15,16,16],"texture":"#main","cullface":"Know2Good"},"down":{"uv":[15,15,16,16],"texture":"#main","cullface":"Know2Good"}}},{"from":[5.5,6,10.5],"to":[10.5,7,11.5],"faces":{"east":{"uv":[15,15,16,16],"texture":"#main","cullface":"Know2Good"},"south":{"uv":[15,15,16,16],"texture":"#main","cullface":"Know2Good"},"west":{"uv":[15,15,16,16],"texture":"#main","cullface":"Know2Good"},"up":{"uv":[15,15,16,16],"texture":"#main","cullface":"Know2Good"}}},{"from":[10.5,6,5.5],"to":[11.5,7,10.5],"faces":{"north":{"uv":[15,15,16,16],"texture":"#main","cullface":"Know2Good"},"east":{"uv":[15,15,16,16],"texture":"#main","cullface":"Know2Good"},"south":{"uv":[15,15,16,16],"texture":"#main","cullface":"Know2Good"},"up":{"uv":[15,15,16,16],"texture":"#main","cullface":"Know2Good"}}},{"from":[5.5,6,4.5],"to":[10.5,7,5.5],"faces":{"north":{"uv":[15,15,16,16],"texture":"#main","cullface":"Know2Good"},"east":{"uv":[15,15,16,16],"texture":"#main","cullface":"Know2Good"},"west":{"uv":[15,15,16,16],"texture":"#main","cullface":"Know2Good"},"up":{"uv":[15,15,16,16],"texture":"#main","cullface":"Know2Good"}}},{"from":[4.5,6,5.5],"to":[5.5,7,10.5],"faces":{"north":{"uv":[15,15,16,16],"texture":"#main","cullface":"Know2Good"},"south":{"uv":[15,15,16,16],"texture":"#main","cullface":"Know2Good"},"west":{"uv":[15,15,16,16],"texture":"#main","cullface":"Know2Good"},"up":{"uv":[15,15,16,16],"texture":"#main","cullface":"Know2Good"}}},{"from":[5.5,6,5.5],"to":[6.5,7,6.5],"faces":{"up":{"uv":[15,15,16,16],"texture":"#main","cullface":"Know2Good"}}},{"from":[9.5,6,5.5],"to":[10.5,7,6.5],"faces":{"up":{"uv":[15,15,16,16],"texture":"#main","cullface":"Know2Good"}}},{"from":[9.5,6,9.5],"to":[10.5,7,10.5],"faces":{"up":{"uv":[15,15,16,16],"texture":"#main","cullface":"Know2Good"}}},{"from":[5.5,6,9.5],"to":[6.5,7,10.5],"faces":{"up":{"uv":[15,15,16,16],"texture":"#main","cullface":"Know2Good"}}},{"from":[6.5,7,5.5],"to":[9.5,8,6.5],"faces":{"north":{"uv":[15,15,16,16],"texture":"#main","cullface":"Know2Good"},"east":{"uv":[15,15,16,16],"texture":"#main","cullface":"Know2Good"},"west":{"uv":[15,15,16,16],"texture":"#main","cullface":"Know2Good"},"up":{"uv":[15,15,16,16],"texture":"#main","cullface":"Know2Good"}}},{"from":[9.5,7,6.5],"to":[10.5,8,9.5],"faces":{"north":{"uv":[15,15,16,16],"texture":"#main","cullface":"Know2Good"},"east":{"uv":[15,15,16,16],"texture":"#main","cullface":"Know2Good"},"south":{"uv":[15,15,16,16],"texture":"#main","cullface":"Know2Good"},"up":{"uv":[15,15,16,16],"texture":"#main","cullface":"Know2Good"}}},{"from":[6.5,7,9.5],"to":[9.5,8,10.5],"faces":{"east":{"uv":[15,15,16,16],"texture":"#main","cullface":"Know2Good"},"south":{"uv":[15,15,16,16],"texture":"#main","cullface":"Know2Good"},"west":{"uv":[15,15,16,16],"texture":"#main","cullface":"Know2Good"},"up":{"uv":[15,15,16,16],"texture":"#main","cullface":"Know2Good"}}},{"from":[5.5,7,6.5],"to":[6.5,8,9.5],"faces":{"north":{"uv":[15,15,16,16],"texture":"#main","cullface":"Know2Good"},"south":{"uv":[15,15,16,16],"texture":"#main","cullface":"Know2Good"},"west":{"uv":[15,15,16,16],"texture":"#main","cullface":"Know2Good"},"up":{"uv":[15,15,16,16],"texture":"#main","cullface":"Know2Good"}}},{"from":[6.5,7,6.5],"to":[7.5,8,7.5],"faces":{"up":{"uv":[15,15,16,16],"texture":"#main","cullface":"Know2Good"}}},{"from":[8.5,7,6.5],"to":[9.5,8,7.5],"faces":{"up":{"uv":[15,15,16,16],"texture":"#main","cullface":"Know2Good"}}},{"from":[8.5,7,8.5],"to":[9.5,8,9.5],"faces":{"up":{"uv":[15,15,16,16],"texture":"#main","cullface":"Know2Good"}}},{"from":[6.5,7,8.5],"to":[7.5,8,9.5],"faces":{"up":{"uv":[15,15,16,16],"texture":"#main","cullface":"Know2Good"}}},{"from":[7.5,8,6.5],"to":[8.5,10,7.5],"faces":{"north":{"uv":[15,15,16,16],"texture":"#main","cullface":"Know2Good"},"east":{"uv":[15,15,16,16],"texture":"#main","cullface":"Know2Good"},"south":{"uv":[15,15,16,16],"texture":"#main","cullface":"Know2Good"},"west":{"uv":[15,15,16,16],"texture":"#main","cullface":"Know2Good"},"up":{"uv":[15,15,16,16],"texture":"#main","cullface":"Know2Good"},"down":{"uv":[15,15,16,16],"texture":"#main","cullface":"Know2Good"}}},{"from":[8.5,8,7.5],"to":[9.5,10,8.5],"faces":{"north":{"uv":[15,15,16,16],"texture":"#main","cullface":"Know2Good"},"east":{"uv":[15,15,16,16],"texture":"#main","cullface":"Know2Good"},"south":{"uv":[15,15,16,16],"texture":"#main","cullface":"Know2Good"},"west":{"uv":[15,15,16,16],"texture":"#main","cullface":"Know2Good"},"up":{"uv":[15,15,16,16],"texture":"#main","cullface":"Know2Good"},"down":{"uv":[15,15,16,16],"texture":"#main","cullface":"Know2Good"}}},{"from":[7.5,8,8.5],"to":[8.5,10,9.5],"faces":{"north":{"uv":[15,15,16,16],"texture":"#main","cullface":"Know2Good"},"east":{"uv":[15,15,16,16],"texture":"#main","cullface":"Know2Good"},"south":{"uv":[15,15,16,16],"texture":"#main","cullface":"Know2Good"},"west":{"uv":[15,15,16,16],"texture":"#main","cullface":"Know2Good"},"up":{"uv":[15,15,16,16],"texture":"#main","cullface":"Know2Good"},"down":{"uv":[15,15,16,16],"texture":"#main","cullface":"Know2Good"}}},{"from":[6.5,8,7.5],"to":[7.5,10,8.5],"faces":{"north":{"uv":[15,15,16,16],"texture":"#main","cullface":"Know2Good"},"east":{"uv":[15,15,16,16],"texture":"#main","cullface":"Know2Good"},"south":{"uv":[15,15,16,16],"texture":"#main","cullface":"Know2Good"},"west":{"uv":[15,15,16,16],"texture":"#main","cullface":"Know2Good"},"up":{"uv":[15,15,16,16],"texture":"#main","cullface":"Know2Good"},"down":{"uv":[15,15,16,16],"texture":"#main","cullface":"Know2Good"}}},{"from":[7.5,10,7.5],"to":[8.5,11,8.5],"rotation":{"angle":0,"axis":"y","origin":[9,10,8]},"faces":{"north":{"uv":[15,15,16,16],"texture":"#main","cullface":"Know2Good"},"east":{"uv":[15,15,16,16],"texture":"#main","cullface":"Know2Good"},"south":{"uv":[15,15,16,16],"texture":"#main","cullface":"Know2Good"},"west":{"uv":[15,15,16,16],"texture":"#main","cullface":"Know2Good"},"up":{"uv":[15,15,16,16],"texture":"#main","cullface":"Know2Good"},"down":{"uv":[15,15,16,16],"texture":"#main","cullface":"Know2Good"}}},{"from":[7.48,9.98,6.48],"to":[8.52,10.77,7.52],"rotation":{"angle":0,"axis":"y","origin":[8,10.375,7]},"faces":{"north":{"uv":[8.1,5.1,8.9,5.9],"texture":"#1"},"east":{"uv":[8.1,5.1,8.9,5.9],"texture":"#1"},"south":{"uv":[8.1,5.1,8.9,5.9],"texture":"#1"},"west":{"uv":[8.1,5.1,8.9,5.9],"texture":"#1"},"up":{"uv":[8.1,5.1,8.9,5.9],"rotation":270,"texture":"#1"},"down":{"uv":[8.1,5.1,8.9,5.9],"rotation":90,"texture":"#1"}}},{"from":[7.5,10,9.5],"to":[8.5,11,10.5],"rotation":{"angle":0,"axis":"y","origin":[6.2,11.34167,10]},"faces":{"north":{"uv":[11.1,5.1,11.9,5.9],"texture":"#1"},"east":{"uv":[11.1,5.1,11.9,5.9],"texture":"#1"},"south":{"uv":[11.1,5.1,11.9,5.9],"texture":"#1"},"west":{"uv":[11.1,5.1,11.9,5.9],"texture":"#1"},"up":{"uv":[11.1,5.1,11.9,5.9],"rotation":270,"texture":"#1"},"down":{"uv":[11.1,5.1,11.9,5.9],"rotation":90,"texture":"#1"}}},{"from":[7.5,10,10.5],"to":[8.5,11,11.5],"rotation":{"angle":0,"axis":"y","origin":[8,11.5,11]},"faces":{"north":{"uv":[12.1,5.1,12.9,5.9],"texture":"#1"},"east":{"uv":[12.1,5.1,12.9,5.9],"texture":"#1"},"south":{"uv":[12.1,5.1,12.9,5.9],"texture":"#1"},"west":{"uv":[12.1,5.1,12.9,5.9],"texture":"#1"},"up":{"uv":[12.1,5.1,12.9,5.9],"rotation":270,"texture":"#1"},"down":{"uv":[12.1,5.1,12.9,5.9],"rotation":90,"texture":"#1"}}},{"from":[7.5,9,10.5],"to":[8.5,10,11.5],"rotation":{"angle":0,"axis":"y","origin":[8,11.5,11]},"faces":{"north":{"uv":[12.1,6.1,12.9,6.9],"texture":"#1"},"east":{"uv":[12.1,6.1,12.9,6.9],"texture":"#1"},"south":{"uv":[12.1,6.1,12.9,6.9],"texture":"#1"},"west":{"uv":[12.1,6.1,12.9,6.9],"texture":"#1"},"up":{"uv":[12.1,6.1,12.9,6.9],"rotation":270,"texture":"#1"},"down":{"uv":[12.1,6.1,12.9,6.9],"rotation":90,"texture":"#1"}}},{"from":[7.5,9,9.5],"to":[8.5,10,10.5],"rotation":{"angle":0,"axis":"y","origin":[6.2,11.34167,10]},"faces":{"north":{"uv":[11.1,6.1,11.9,6.9],"texture":"#1"},"east":{"uv":[11.1,6.1,11.9,6.9],"texture":"#1"},"south":{"uv":[11.1,6.1,11.9,6.9],"texture":"#1"},"west":{"uv":[11.1,6.1,11.9,6.9],"texture":"#1"},"up":{"uv":[11.1,6.1,11.9,6.9],"rotation":270,"texture":"#1"},"down":{"uv":[11.1,6.1,11.9,6.9],"rotation":90,"texture":"#1"}}},{"from":[7.47,8.97,8.47],"to":[8.53,10.03,9.53],"rotation":{"angle":0,"axis":"y","origin":[8,9.5,9]},"faces":{"north":{"uv":[10.1,6.1,10.9,6.9],"texture":"#1"},"east":{"uv":[10.1,6.1,10.9,6.9],"texture":"#1"},"south":{"uv":[10.1,6.1,10.9,6.9],"texture":"#1"},"west":{"uv":[10.1,6.1,10.9,6.9],"texture":"#1"},"up":{"uv":[10.1,6.1,10.9,6.9],"rotation":270,"texture":"#1"},"down":{"uv":[10.1,6.1,10.9,6.9],"rotation":90,"texture":"#1"}}},{"from":[7.46,10.71,7.46],"to":[8.54,11.79,8.54],"rotation":{"angle":0,"axis":"y","origin":[8,11.25,8]},"faces":{"north":{"uv":[9.1,4.1,9.9,4.9],"texture":"#1"},"east":{"uv":[9.1,4.1,9.9,4.9],"texture":"#1"},"south":{"uv":[9.1,4.1,9.9,4.9],"texture":"#1"},"west":{"uv":[9.1,4.1,9.9,4.9],"texture":"#1"},"up":{"uv":[9.1,4.1,9.9,4.9],"rotation":270,"texture":"#1"},"down":{"uv":[9.1,4.1,9.9,4.9],"rotation":90,"texture":"#1"}}},{"from":[7.5,11,8.5],"to":[8.5,12,9.5],"rotation":{"angle":0,"axis":"y","origin":[6.2,11.34167,10]},"faces":{"north":{"uv":[10.1,4.1,10.9,4.9],"texture":"#1"},"east":{"uv":[10.1,4.1,10.9,4.9],"texture":"#1"},"south":{"uv":[10.1,4.1,10.9,4.9],"texture":"#1"},"west":{"uv":[10.1,4.1,10.9,4.9],"texture":"#1"},"up":{"uv":[10.1,4.1,10.9,4.9],"rotation":270,"texture":"#1"},"down":{"uv":[10.1,4.1,10.9,4.9],"rotation":90,"texture":"#1"}}},{"from":[7.5,11,9.5],"to":[8.5,12,10.5],"rotation":{"angle":0,"axis":"y","origin":[6.2,11.34167,10]},"faces":{"north":{"uv":[11.1,4.1,11.9,4.9],"texture":"#1"},"east":{"uv":[11.1,4.1,11.9,4.9],"texture":"#1"},"south":{"uv":[11.1,4.1,11.9,4.9],"texture":"#1"},"west":{"uv":[11.1,4.1,11.9,4.9],"texture":"#1"},"up":{"uv":[11.1,4.1,11.9,4.9],"rotation":270,"texture":"#1"},"down":{"uv":[11.1,4.1,11.9,4.9],"rotation":90,"texture":"#1"}}},{"from":[7.5,11,10.5],"to":[8.5,12,11.5],"rotation":{"angle":0,"axis":"y","origin":[8,11.5,11]},"faces":{"north":{"uv":[12.1,4.1,12.9,4.9],"texture":"#1"},"east":{"uv":[12.1,4.1,12.9,4.9],"texture":"#1"},"south":{"uv":[12.1,4.1,12.9,4.9],"texture":"#1"},"west":{"uv":[12.1,4.1,12.9,4.9],"texture":"#1"},"up":{"uv":[12.1,4.1,12.9,4.9],"rotation":270,"texture":"#1"},"down":{"uv":[12.1,4.1,12.9,4.9],"rotation":90,"texture":"#1"}}},{"from":[7.5,12,8.5],"to":[8.5,13,9.5],"rotation":{"angle":0,"axis":"y","origin":[8,12.5,9]},"faces":{"north":{"uv":[10.1,3.1,10.9,3.9],"texture":"#1"},"east":{"uv":[10.1,3.1,10.9,3.9],"texture":"#1"},"south":{"uv":[10.1,3.1,10.9,3.9],"texture":"#1"},"west":{"uv":[10.1,3.1,10.9,3.9],"texture":"#1"},"up":{"uv":[10.1,3.1,10.9,3.9],"rotation":270,"texture":"#1"},"down":{"uv":[10.1,3.1,10.9,3.9],"rotation":90,"texture":"#1"}}},{"from":[7.5,12,9.5],"to":[8.5,13,10.5],"rotation":{"angle":0,"axis":"y","origin":[6.2,11.34167,10]},"faces":{"north":{"uv":[11.1,3.1,11.9,3.9],"texture":"#1"},"east":{"uv":[11.1,3.1,11.9,3.9],"texture":"#1"},"south":{"uv":[11.1,3.1,11.9,3.9],"texture":"#1"},"west":{"uv":[11.1,3.1,11.9,3.9],"texture":"#1"},"up":{"uv":[11.1,3.1,11.9,3.9],"rotation":270,"texture":"#1"},"down":{"uv":[11.1,3.1,11.9,3.9],"rotation":90,"texture":"#1"}}},{"from":[7.5,12,10.5],"to":[8.5,13,11.5],"rotation":{"angle":0,"axis":"y","origin":[8,11.5,11]},"faces":{"north":{"uv":[12.1,3.1,12.9,3.9],"texture":"#1"},"east":{"uv":[12.1,3.1,12.9,3.9],"texture":"#1"},"south":{"uv":[12.1,3.1,12.9,3.9],"texture":"#1"},"west":{"uv":[12.1,3.1,12.9,3.9],"texture":"#1"},"up":{"uv":[12.1,3.1,12.9,3.9],"rotation":270,"texture":"#1"},"down":{"uv":[12.1,3.1,12.9,3.9],"rotation":90,"texture":"#1"}}},{"from":[7.5,13,9.5],"to":[8.5,14,10.5],"rotation":{"angle":0,"axis":"y","origin":[6.2,11.34167,10]},"faces":{"north":{"uv":[11.1,2.1,11.9,2.9],"texture":"#1"},"east":{"uv":[11.1,2.1,11.9,2.9],"texture":"#1"},"south":{"uv":[11.1,2.1,11.9,2.9],"texture":"#1"},"west":{"uv":[11.1,2.1,11.9,2.9],"texture":"#1"},"up":{"uv":[11.1,2.1,11.9,2.9],"rotation":270,"texture":"#1"},"down":{"uv":[11.1,2.1,11.9,2.9],"rotation":90,"texture":"#1"}}},{"from":[7.5,13,10.5],"to":[8.5,14,11.5],"rotation":{"angle":0,"axis":"y","origin":[8,11.5,11]},"faces":{"north":{"uv":[12.1,2.1,12.9,2.9],"texture":"#1"},"east":{"uv":[12.1,2.1,12.9,2.9],"texture":"#1"},"south":{"uv":[12.1,2.1,12.9,2.9],"texture":"#1"},"west":{"uv":[12.1,2.1,12.9,2.9],"texture":"#1"},"up":{"uv":[12.1,2.1,12.9,2.9],"rotation":270,"texture":"#1"},"down":{"uv":[12.1,2.1,12.9,2.9],"rotation":90,"texture":"#1"}}}],"display":{"thirdperson_righthand":{"rotation":[49,0,0],"translation":[0,0.25,0.5],"scale":[0.5,0.5,0.5]},"thirdperson_lefthand":{"rotation":[49,0,0],"translation":[0,0.25,0.5],"scale":[0.5,0.5,0.5]},"firstperson_righthand":{"rotation":[0,35,0],"translation":[-1.25,4.75,4],"scale":[0.4,0.4,0.4]},"firstperson_lefthand":{"rotation":[0,35,0],"translation":[-1.25,4.75,4],"scale":[0.4,0.4,0.4]},"ground":{"translation":[0,3,0],"scale":[0.5,0.5,0.5]},"gui":{"rotation":[-43,-53,-63],"translation":[1.5,1.75,0]},"head":{"translation":[0,12.5,0],"scale":[2.76758,2.56641,2.85938]},"fixed":{"rotation":[0,90,0],"translation":[-0.25,2,-0.5],"scale":[1.125,1.125,1.125]}}}