{"credit":"Made with Blockbench","textures":{"2":"custom/raddadste","5":"custom/gold_block14","particle":"custom/raddadste"},"elements":[{"from":[8.075,-1.925,7.075],"to":[8.925,2.925,7.925],"rotation":{"angle":0,"axis":"y","origin":[8.5,0.5,7.5]},"faces":{"north":{"uv":[0,0,16,16],"texture":"#2"},"east":{"uv":[0,0,16,16],"texture":"#2"},"south":{"uv":[0,0,16,16],"texture":"#2"},"west":{"uv":[0,0,16,16],"texture":"#2"},"up":{"uv":[0,0,16,16],"texture":"#2"},"down":{"uv":[0,0,16,16],"texture":"#2"}}},{"from":[7.98,-0.52,7.23],"to":[9.02,0.02,7.77],"rotation":{"angle":45,"axis":"x","origin":[8.5,-0.25,7.5]},"faces":{"north":{"uv":[4,4,6,6],"texture":"#5"},"east":{"uv":[4,4,6,6],"texture":"#5"},"south":{"uv":[4,4,6,6],"texture":"#5"},"west":{"uv":[4,4,6,6],"texture":"#5"},"up":{"uv":[4,4,6,6],"texture":"#5"},"down":{"uv":[4,4,6,6],"texture":"#5"}}},{"from":[7.98,0.48,7.23],"to":[9.02,1.02,7.77],"rotation":{"angle":45,"axis":"x","origin":[8.5,0.75,7.5]},"faces":{"north":{"uv":[4,4,6,6],"texture":"#5"},"east":{"uv":[4,4,6,6],"texture":"#5"},"south":{"uv":[4,4,6,6],"texture":"#5"},"west":{"uv":[4,4,6,6],"texture":"#5"},"up":{"uv":[4,4,6,6],"texture":"#5"},"down":{"uv":[4,4,6,6],"texture":"#5"}}},{"from":[7.98,2.48,7.23],"to":[9.02,3.02,7.77],"rotation":{"angle":45,"axis":"x","origin":[8.5,2.75,7.5]},"faces":{"north":{"uv":[4,4,6,6],"texture":"#5"},"east":{"uv":[4,4,6,6],"texture":"#5"},"south":{"uv":[4,4,6,6],"texture":"#5"},"west":{"uv":[4,4,6,6],"texture":"#5"},"up":{"uv":[4,4,6,6],"texture":"#5"},"down":{"uv":[4,4,6,6],"texture":"#5"}}},{"from":[7.98,4.48,7.23],"to":[9.02,5.02,7.77],"rotation":{"angle":45,"axis":"x","origin":[8.5,4.75,7.5]},"faces":{"north":{"uv":[4,4,6,6],"texture":"#5"},"east":{"uv":[4,4,6,6],"texture":"#5"},"south":{"uv":[4,4,6,6],"texture":"#5"},"west":{"uv":[4,4,6,6],"texture":"#5"},"up":{"uv":[4,4,6,6],"texture":"#5"},"down":{"uv":[4,4,6,6],"texture":"#5"}}},{"from":[7.8,3,7],"to":[9.2,4,8],"rotation":{"angle":45,"axis":"x","origin":[8.5,3.5,7.5]},"faces":{"north":{"uv":[4,4,6,6],"texture":"#5"},"east":{"uv":[4,4,6,6],"texture":"#5"},"south":{"uv":[4,4,6,6],"texture":"#5"},"west":{"uv":[4,4,6,6],"texture":"#5"},"up":{"uv":[4,4,6,6],"texture":"#5"},"down":{"uv":[4,4,6,6],"texture":"#5"}}},{"from":[8.4,5,8.5],"to":[8.6,6,9],"rotation":{"angle":-22.5,"axis":"x","origin":[8.5,5.5,8.75]},"faces":{"north":{"uv":[4,4,6,6],"rotation":180,"texture":"#5"},"east":{"uv":[4,4,6,6],"rotation":270,"texture":"#5"},"south":{"uv":[4,4,6,6],"texture":"#5"},"west":{"uv":[4,4,6,6],"rotation":90,"texture":"#5"},"up":{"uv":[4,4,6,6],"rotation":180,"texture":"#5"},"down":{"uv":[4,4,6,6],"texture":"#5"}}},{"from":[8.4,4,8.5],"to":[8.6,5,9],"rotation":{"angle":-22.5,"axis":"x","origin":[8.5,4.5,8.75]},"faces":{"north":{"uv":[4,4,6,6],"rotation":180,"texture":"#5"},"east":{"uv":[4,4,6,6],"rotation":270,"texture":"#5"},"south":{"uv":[4,4,6,6],"texture":"#5"},"west":{"uv":[4,4,6,6],"rotation":90,"texture":"#5"},"up":{"uv":[4,4,6,6],"rotation":180,"texture":"#5"},"down":{"uv":[4,4,6,6],"texture":"#5"}}},{"from":[8.4,4,6],"to":[8.6,5,6.5],"rotation":{"angle":22.5,"axis":"x","origin":[8.5,4.5,6.25]},"faces":{"north":{"uv":[4,4,6,6],"rotation":180,"texture":"#5"},"east":{"uv":[4,4,6,6],"rotation":270,"texture":"#5"},"south":{"uv":[4,4,6,6],"texture":"#5"},"west":{"uv":[4,4,6,6],"rotation":90,"texture":"#5"},"up":{"uv":[4,4,6,6],"rotation":180,"texture":"#5"},"down":{"uv":[4,4,6,6],"texture":"#5"}}},{"from":[8.4,5,6],"to":[8.6,6,6.5],"rotation":{"angle":22.5,"axis":"x","origin":[8.5,5.5,6.25]},"faces":{"north":{"uv":[4,4,6,6],"rotation":180,"texture":"#5"},"east":{"uv":[4,4,6,6],"rotation":270,"texture":"#5"},"south":{"uv":[4,4,6,6],"texture":"#5"},"west":{"uv":[4,4,6,6],"rotation":90,"texture":"#5"},"up":{"uv":[4,4,6,6],"rotation":180,"texture":"#5"},"down":{"uv":[4,4,6,6],"texture":"#5"}}},{"from":[8.4,6,6],"to":[8.6,7,6.5],"rotation":{"angle":22.5,"axis":"x","origin":[8.5,6.5,6.25]},"faces":{"north":{"uv":[4,4,6,6],"rotation":180,"texture":"#5"},"east":{"uv":[4,4,6,6],"rotation":270,"texture":"#5"},"south":{"uv":[4,4,6,6],"texture":"#5"},"west":{"uv":[4,4,6,6],"rotation":90,"texture":"#5"},"up":{"uv":[4,4,6,6],"rotation":180,"texture":"#5"},"down":{"uv":[4,4,6,6],"texture":"#5"}}},{"from":[8.4,7,6],"to":[8.6,8,6.5],"rotation":{"angle":22.5,"axis":"x","origin":[8.5,7.5,6.25]},"faces":{"north":{"uv":[4,4,6,6],"rotation":180,"texture":"#5"},"east":{"uv":[4,4,6,6],"rotation":270,"texture":"#5"},"south":{"uv":[4,4,6,6],"texture":"#5"},"west":{"uv":[4,4,6,6],"rotation":90,"texture":"#5"},"up":{"uv":[4,4,6,6],"rotation":180,"texture":"#5"},"down":{"uv":[4,4,6,6],"texture":"#5"}}},{"from":[8.4,8,6],"to":[8.6,9,6.5],"rotation":{"angle":22.5,"axis":"x","origin":[8.5,8.5,6.25]},"faces":{"north":{"uv":[4,4,6,6],"rotation":180,"texture":"#5"},"east":{"uv":[4,4,6,6],"rotation":270,"texture":"#5"},"south":{"uv":[4,4,6,6],"texture":"#5"},"west":{"uv":[4,4,6,6],"rotation":90,"texture":"#5"},"up":{"uv":[4,4,6,6],"rotation":180,"texture":"#5"},"down":{"uv":[4,4,6,6],"texture":"#5"}}},{"from":[8.4,6,8.5],"to":[8.6,7,9],"rotation":{"angle":-22.5,"axis":"x","origin":[8.5,6.5,8.75]},"faces":{"north":{"uv":[4,4,6,6],"rotation":180,"texture":"#5"},"east":{"uv":[4,4,6,6],"rotation":270,"texture":"#5"},"south":{"uv":[4,4,6,6],"texture":"#5"},"west":{"uv":[4,4,6,6],"rotation":90,"texture":"#5"},"up":{"uv":[4,4,6,6],"rotation":180,"texture":"#5"},"down":{"uv":[4,4,6,6],"texture":"#5"}}},{"from":[8.4,7,8.5],"to":[8.6,8,9],"rotation":{"angle":-22.5,"axis":"x","origin":[8.5,7.5,8.75]},"faces":{"north":{"uv":[4,4,6,6],"rotation":180,"texture":"#5"},"east":{"uv":[4,4,6,6],"rotation":270,"texture":"#5"},"south":{"uv":[4,4,6,6],"texture":"#5"},"west":{"uv":[4,4,6,6],"rotation":90,"texture":"#5"},"up":{"uv":[4,4,6,6],"rotation":180,"texture":"#5"},"down":{"uv":[4,4,6,6],"texture":"#5"}}},{"from":[8.4,8,8.5],"to":[8.6,9,9],"rotation":{"angle":-22.5,"axis":"x","origin":[8.5,8.5,8.75]},"faces":{"north":{"uv":[4,4,6,6],"rotation":180,"texture":"#5"},"east":{"uv":[4,4,6,6],"rotation":270,"texture":"#5"},"south":{"uv":[4,4,6,6],"texture":"#5"},"west":{"uv":[4,4,6,6],"rotation":90,"texture":"#5"},"up":{"uv":[4,4,6,6],"rotation":180,"texture":"#5"},"down":{"uv":[4,4,6,6],"texture":"#5"}}},{"from":[7.98,5.48,7.23],"to":[9.02,6.02,7.77],"rotation":{"angle":45,"axis":"x","origin":[8.5,5.75,7.5]},"faces":{"north":{"uv":[4,4,6,6],"texture":"#5"},"east":{"uv":[4,4,6,6],"texture":"#5"},"south":{"uv":[4,4,6,6],"texture":"#5"},"west":{"uv":[4,4,6,6],"texture":"#5"},"up":{"uv":[4,4,6,6],"texture":"#5"},"down":{"uv":[4,4,6,6],"texture":"#5"}}},{"from":[7.98,6.48,7.23],"to":[9.02,7.02,7.77],"rotation":{"angle":45,"axis":"x","origin":[8.5,6.75,7.5]},"faces":{"north":{"uv":[4,4,6,6],"texture":"#5"},"east":{"uv":[4,4,6,6],"texture":"#5"},"south":{"uv":[4,4,6,6],"texture":"#5"},"west":{"uv":[4,4,6,6],"texture":"#5"},"up":{"uv":[4,4,6,6],"texture":"#5"},"down":{"uv":[4,4,6,6],"texture":"#5"}}},{"from":[7.98,1.48,7.23],"to":[9.02,2.02,7.77],"rotation":{"angle":45,"axis":"x","origin":[8.5,1.75,7.5]},"faces":{"north":{"uv":[4,4,6,6],"texture":"#5"},"east":{"uv":[4,4,6,6],"texture":"#5"},"south":{"uv":[4,4,6,6],"texture":"#5"},"west":{"uv":[4,4,6,6],"texture":"#5"},"up":{"uv":[4,4,6,6],"texture":"#5"},"down":{"uv":[4,4,6,6],"texture":"#5"}}},{"from":[7.98,-1.52,7.23],"to":[9.02,-0.98,7.77],"rotation":{"angle":45,"axis":"x","origin":[8.5,-1.25,7.5]},"faces":{"north":{"uv":[4,4,6,6],"texture":"#5"},"east":{"uv":[4,4,6,6],"texture":"#5"},"south":{"uv":[4,4,6,6],"texture":"#5"},"west":{"uv":[4,4,6,6],"texture":"#5"},"up":{"uv":[4,4,6,6],"texture":"#5"},"down":{"uv":[4,4,6,6],"texture":"#5"}}},{"from":[7.96,2.96,5.96],"to":[9.04,4.04,9.04],"rotation":{"angle":0,"axis":"y","origin":[8.5,3.5,7.5]},"faces":{"north":{"uv":[13,5,13.999,5.998],"texture":"#5"},"east":{"uv":[13,5,13.999,5.998],"texture":"#5"},"south":{"uv":[13,5,13.999,5.998],"texture":"#5"},"west":{"uv":[13,5,13.999,5.998],"texture":"#5"},"up":{"uv":[13,5,13.999,5.998],"texture":"#5"},"down":{"uv":[13,5,13.999,5.998],"texture":"#5"}}},{"from":[8,3,5.5],"to":[9,4,6.5],"rotation":{"angle":-22.5,"axis":"x","origin":[8.5,3.5,6]},"faces":{"north":{"uv":[13,5,13.999,5.998],"texture":"#5"},"east":{"uv":[13,5,13.999,5.998],"texture":"#5"},"south":{"uv":[13,5,13.999,5.998],"texture":"#5"},"west":{"uv":[13,5,13.999,5.998],"texture":"#5"},"up":{"uv":[13,5,13.999,5.998],"texture":"#5"},"down":{"uv":[13,5,13.999,5.998],"texture":"#5"}}},{"from":[8,3.05,4],"to":[9,3.55,6],"rotation":{"angle":45,"axis":"x","origin":[8.5,3.3,5.5]},"faces":{"north":{"uv":[13,5,13.999,5.998],"texture":"#5"},"east":{"uv":[13,5,13.999,5.998],"texture":"#5"},"south":{"uv":[13,5,13.999,5.998],"texture":"#5"},"west":{"uv":[13,5,13.999,5.998],"texture":"#5"},"up":{"uv":[13,5,13.999,5.998],"texture":"#5"},"down":{"uv":[13,5,13.999,5.998],"texture":"#5"}}},{"from":[8,3.05,9],"to":[9,3.55,11],"rotation":{"angle":-45,"axis":"x","origin":[8.5,3.3,9.5]},"faces":{"north":{"uv":[13,5,13.999,5.998],"texture":"#5"},"east":{"uv":[13,5,13.999,5.998],"texture":"#5"},"south":{"uv":[13,5,13.999,5.998],"texture":"#5"},"west":{"uv":[13,5,13.999,5.998],"texture":"#5"},"up":{"uv":[13,5,13.999,5.998],"texture":"#5"},"down":{"uv":[13,5,13.999,5.998],"texture":"#5"}}},{"from":[8,3,8.5],"to":[9,4,9.5],"rotation":{"angle":22.5,"axis":"x","origin":[8.5,3.5,9]},"faces":{"north":{"uv":[13,5,13.999,5.998],"texture":"#5"},"east":{"uv":[13,5,13.999,5.998],"texture":"#5"},"south":{"uv":[13,5,13.999,5.998],"texture":"#5"},"west":{"uv":[13,5,13.999,5.998],"texture":"#5"},"up":{"uv":[13,5,13.999,5.998],"texture":"#5"},"down":{"uv":[13,5,13.999,5.998],"texture":"#5"}}},{"from":[8.125,3.5,7],"to":[8.875,7.5,8],"rotation":{"angle":0,"axis":"z","origin":[8.5,5.5,7.5]},"faces":{"north":{"uv":[10,3,11,3.999],"rotation":90,"texture":"#5"},"east":{"uv":[10,3,11,3.999],"rotation":90,"texture":"#5"},"south":{"uv":[10,3,11,3.999],"rotation":90,"texture":"#5"},"west":{"uv":[10,3,11,3.999],"rotation":90,"texture":"#5"},"up":{"uv":[10,3,11,3.999],"rotation":90,"texture":"#5"},"down":{"uv":[10,3,11,3.999],"rotation":90,"texture":"#5"}}},{"from":[8.175,7.5,7.25],"to":[8.825,8.7,7.75],"rotation":{"angle":0,"axis":"z","origin":[8.5,8.1,7.5]},"faces":{"north":{"uv":[10,3,11,3.999],"rotation":90,"texture":"#5"},"east":{"uv":[10,3,11,3.999],"rotation":90,"texture":"#5"},"south":{"uv":[10,3,11,3.999],"rotation":90,"texture":"#5"},"west":{"uv":[10,3,11,3.999],"rotation":90,"texture":"#5"},"up":{"uv":[10,3,11,3.999],"rotation":90,"texture":"#5"},"down":{"uv":[10,3,11,3.999],"rotation":90,"texture":"#5"}}},{"from":[7.96,-2.5,6.96],"to":[9.04,-1.5,8.04],"rotation":{"angle":45,"axis":"x","origin":[8.5,-2,7.5]},"faces":{"north":{"uv":[11,2,11.998,3],"texture":"#5"},"east":{"uv":[11,2,11.998,3],"texture":"#5"},"south":{"uv":[11,2,11.998,3],"texture":"#5"},"west":{"uv":[11,2,11.998,3],"texture":"#5"},"up":{"uv":[11,2,11.998,3],"texture":"#5"},"down":{"uv":[11,2,11.998,3],"texture":"#5"}}},{"from":[8.375,4,7.25],"to":[8.625,14,7.75],"rotation":{"angle":0,"axis":"y","origin":[8.5,9,7.5]},"faces":{"north":{"uv":[1.998,8,2.997,15.998],"texture":"#5"},"east":{"uv":[1.998,8,2.997,15.998],"texture":"#5"},"south":{"uv":[1.998,8,2.997,15.998],"texture":"#5"},"west":{"uv":[1.998,8,2.997,15.998],"texture":"#5"},"up":{"uv":[1.998,8,2.997,15.998],"texture":"#5"},"down":{"uv":[1.998,8,2.997,15.998],"texture":"#5"}}},{"from":[8.375,4,6.25],"to":[8.625,14,6.5],"rotation":{"angle":0,"axis":"y","origin":[8.5,9,6.375]},"faces":{"north":{"uv":[-0.002,8,0.998,15.998],"texture":"#5"},"east":{"uv":[-0.002,8,0.998,15.998],"texture":"#5"},"south":{"uv":[-0.002,8,0.998,15.998],"texture":"#5"},"west":{"uv":[-0.002,8,0.998,15.998],"texture":"#5"},"up":{"uv":[-0.002,8,0.998,15.998],"texture":"#5"},"down":{"uv":[-0.002,8,0.998,15.998],"texture":"#5"}}},{"from":[8.375,4,8.5],"to":[8.625,14,8.75],"rotation":{"angle":0,"axis":"y","origin":[8.5,9,8.625]},"faces":{"north":{"uv":[3.997,8,4.997,15.998],"texture":"#5"},"east":{"uv":[3.997,8,4.997,15.998],"texture":"#5"},"south":{"uv":[3.997,8,4.997,15.998],"texture":"#5"},"west":{"uv":[3.997,8,4.997,15.998],"texture":"#5"},"up":{"uv":[3.997,8,4.997,15.998],"texture":"#5"},"down":{"uv":[3.997,8,4.997,15.998],"texture":"#5"}}},{"from":[8.375,14,7.25],"to":[8.625,27,7.75],"rotation":{"angle":0,"axis":"y","origin":[8.48778,17.50173,7.51049]},"faces":{"north":{"uv":[4.996,1,5.996,7.997],"texture":"#5"},"east":{"uv":[4.996,1,5.996,7.997],"texture":"#5"},"south":{"uv":[4.996,1,5.996,7.997],"texture":"#5"},"west":{"uv":[4.996,1,5.996,7.997],"texture":"#5"},"up":{"uv":[4.996,1,5.996,7.997],"texture":"#5"},"down":{"uv":[4.996,1,5.996,7.997],"texture":"#5"}}},{"from":[8.375,14,6.25],"to":[8.625,27,6.5],"rotation":{"angle":0,"axis":"y","origin":[8.5,20.5,6.375]},"faces":{"north":{"uv":[11,1,12,7.996],"texture":"#5"},"east":{"uv":[11,1,12,7.996],"texture":"#5"},"south":{"uv":[11,1,12,7.996],"texture":"#5"},"west":{"uv":[11,1,12,7.996],"texture":"#5"},"up":{"uv":[11,1,12,7.996],"texture":"#5"},"down":{"uv":[11,1,12,7.996],"texture":"#5"}}},{"from":[8.375,14.5,6],"to":[8.625,26.5,6.25],"rotation":{"angle":0,"axis":"y","origin":[8.5,20.5,6.125]},"faces":{"north":{"uv":[11,1,12,7.996],"texture":"#5"},"east":{"uv":[11,1,12,7.996],"texture":"#5"},"south":{"uv":[11,1,12,7.996],"texture":"#5"},"west":{"uv":[11,1,12,7.996],"texture":"#5"},"up":{"uv":[11,1,12,7.996],"texture":"#5"},"down":{"uv":[11,1,12,7.996],"texture":"#5"}}},{"from":[8.375,14.5,8.75],"to":[8.625,26.5,9],"rotation":{"angle":0,"axis":"y","origin":[8.5,20.5,9.125]},"faces":{"north":{"uv":[12,1,12.999,7.996],"texture":"#5"},"east":{"uv":[12,1,12.999,7.996],"texture":"#5"},"south":{"uv":[12,1,12.999,7.996],"texture":"#5"},"west":{"uv":[12,1,12.999,7.996],"texture":"#5"},"up":{"uv":[12,1,12.999,7.996],"texture":"#5"},"down":{"uv":[12,1,12.999,7.996],"texture":"#5"}}},{"from":[8.375,12.5,8.75],"to":[8.625,14.5,8.875],"rotation":{"angle":0,"axis":"y","origin":[8.5,13.5,8.8125]},"faces":{"north":{"uv":[6,5,6.998,7.995],"texture":"#5"},"east":{"uv":[6,5,6.998,7.995],"texture":"#5"},"south":{"uv":[6,5,6.998,7.995],"texture":"#5"},"west":{"uv":[6,5,6.998,7.995],"texture":"#5"},"up":{"uv":[6,5,6.998,7.995],"texture":"#5"},"down":{"uv":[6,5,6.998,7.995],"texture":"#5"}}},{"from":[8.375,12.5,6.125],"to":[8.625,14.5,6.25],"rotation":{"angle":0,"axis":"y","origin":[8.5,13.5,6.1875]},"faces":{"north":{"uv":[9,5,9.997,7.995],"texture":"#5"},"east":{"uv":[9,5,9.997,7.995],"texture":"#5"},"south":{"uv":[9,5,9.997,7.995],"texture":"#5"},"west":{"uv":[9,5,9.997,7.995],"texture":"#5"},"up":{"uv":[9,5,9.997,7.995],"texture":"#5"},"down":{"uv":[9,5,9.997,7.995],"texture":"#5"}}},{"from":[8.375,14,8.5],"to":[8.625,27,8.75],"rotation":{"angle":0,"axis":"y","origin":[8.5,20.5,8.625]},"faces":{"north":{"uv":[7.998,1,8.997,7.997],"texture":"#5"},"east":{"uv":[7.998,1,8.997,7.997],"texture":"#5"},"south":{"uv":[7.998,1,8.997,7.997],"texture":"#5"},"west":{"uv":[7.998,1,8.997,7.997],"texture":"#5"},"up":{"uv":[7.998,1,8.997,7.997],"texture":"#5"},"down":{"uv":[7.998,1,8.997,7.997],"texture":"#5"}}},{"from":[8.375,27,7.25],"to":[8.625,27.25,7.75],"rotation":{"angle":0,"axis":"y","origin":[8.46924,28.12669,7.52907]},"faces":{"north":{"uv":[10,1,10.998,1.998],"texture":"#5"},"east":{"uv":[10,1,10.998,1.998],"texture":"#5"},"south":{"uv":[10,1,10.998,1.998],"texture":"#5"},"west":{"uv":[10,1,10.998,1.998],"texture":"#5"},"up":{"uv":[10,1,10.998,1.998],"texture":"#5"},"down":{"uv":[10,1,10.998,1.998],"texture":"#5"}}},{"from":[8.25,27,6.75],"to":[8.75,27.375,7.25],"rotation":{"angle":0,"axis":"y","origin":[8.5,27.1875,7]},"faces":{"north":{"uv":[3,4,3.998,4.998],"texture":"#5"},"east":{"uv":[3,4,3.998,4.998],"texture":"#5"},"south":{"uv":[3,4,3.998,4.998],"texture":"#5"},"west":{"uv":[3,4,3.998,4.998],"texture":"#5"},"up":{"uv":[3,4,3.998,4.998],"texture":"#5"},"down":{"uv":[3,4,3.998,4.998],"texture":"#5"}}},{"from":[8.375,27.375,6.75],"to":[8.625,27.75,7.25],"rotation":{"angle":0,"axis":"y","origin":[8.5,28.5625,7]},"faces":{"north":{"uv":[4,5,4.997,5.998],"texture":"#5"},"east":{"uv":[4,5,4.997,5.998],"texture":"#5"},"south":{"uv":[4,5,4.997,5.998],"texture":"#5"},"west":{"uv":[4,5,4.997,5.998],"texture":"#5"},"up":{"uv":[4,5,4.997,5.998],"texture":"#5"},"down":{"uv":[4,5,4.997,5.998],"texture":"#5"}}},{"from":[8.25,27,7.75],"to":[8.75,27.375,8.25],"rotation":{"angle":0,"axis":"y","origin":[8.5,27.1875,8]},"faces":{"north":{"uv":[4,2,4.998,2.997],"texture":"#5"},"east":{"uv":[4,2,4.998,2.997],"texture":"#5"},"south":{"uv":[4,2,4.998,2.997],"texture":"#5"},"west":{"uv":[4,2,4.998,2.997],"texture":"#5"},"up":{"uv":[4,2,4.998,2.997],"texture":"#5"},"down":{"uv":[4,2,4.998,2.997],"texture":"#5"}}},{"from":[8.375,27,8.25],"to":[8.625,27.375,8.5],"rotation":{"angle":0,"axis":"y","origin":[8.5,27.1875,8.375]},"faces":{"north":{"uv":[1,2,1.998,2.998],"texture":"#5"},"east":{"uv":[1,2,1.998,2.998],"texture":"#5"},"south":{"uv":[1,2,1.998,2.998],"texture":"#5"},"west":{"uv":[1,2,1.998,2.998],"texture":"#5"},"up":{"uv":[1,2,1.998,2.998],"texture":"#5"},"down":{"uv":[1,2,1.998,2.998],"texture":"#5"}}},{"from":[8.375,27,6.5],"to":[8.625,27.375,6.75],"rotation":{"angle":0,"axis":"y","origin":[8.5,27.1875,6.625]},"faces":{"north":{"uv":[6,3,6.998,3.998],"texture":"#5"},"east":{"uv":[6,3,6.998,3.998],"texture":"#5"},"south":{"uv":[6,3,6.998,3.998],"texture":"#5"},"west":{"uv":[6,3,6.998,3.998],"texture":"#5"},"up":{"uv":[6,3,6.998,3.998],"texture":"#5"},"down":{"uv":[6,3,6.998,3.998],"texture":"#5"}}},{"from":[8.375,27.375,7.75],"to":[8.625,27.75,8.25],"rotation":{"angle":0,"axis":"y","origin":[8.5,28.5625,8]},"faces":{"north":{"uv":[0,0,1.999,0.999],"texture":"#5"},"east":{"uv":[0,0,1.999,0.999],"texture":"#5"},"south":{"uv":[0,0,1.999,0.999],"texture":"#5"},"west":{"uv":[0,0,1.999,0.999],"texture":"#5"},"up":{"uv":[0,0,1.999,0.999],"texture":"#5"},"down":{"uv":[0,0,1.999,0.999],"texture":"#5"}}},{"from":[8.375,27.75,7],"to":[8.625,28.125,7.25],"rotation":{"angle":0,"axis":"y","origin":[8.46716,28.93985,7.15549]},"faces":{"north":{"uv":[2,0,2.998,0.999],"texture":"#5"},"east":{"uv":[2,0,2.998,0.999],"texture":"#5"},"south":{"uv":[2,0,2.998,0.999],"texture":"#5"},"west":{"uv":[2,0,2.998,0.999],"texture":"#5"},"up":{"uv":[2,0,2.998,0.999],"texture":"#5"},"down":{"uv":[2,0,2.998,0.999],"texture":"#5"}}},{"from":[8.375,27.75,7.75],"to":[8.625,28.125,8],"rotation":{"angle":0,"axis":"y","origin":[8.5,27.9375,7.875]},"faces":{"north":{"uv":[2,0,2.998,0.999],"texture":"#5"},"east":{"uv":[2,0,2.998,0.999],"texture":"#5"},"south":{"uv":[2,0,2.998,0.999],"texture":"#5"},"west":{"uv":[2,0,2.998,0.999],"texture":"#5"},"up":{"uv":[2,0,2.998,0.999],"texture":"#5"},"down":{"uv":[2,0,2.998,0.999],"texture":"#5"}}},{"from":[8.375,27.25,7.25],"to":[8.625,28.5,7.75],"rotation":{"angle":0,"axis":"y","origin":[8.5,27.625,7.5]},"faces":{"north":{"uv":[3,3,3.995,5.996],"texture":"#5"},"east":{"uv":[3,3,3.995,5.996],"texture":"#5"},"south":{"uv":[3,3,3.995,5.996],"texture":"#5"},"west":{"uv":[3,3,3.995,5.996],"texture":"#5"},"up":{"uv":[3,3,3.995,5.996],"texture":"#5"},"down":{"uv":[3,3,3.995,5.996],"texture":"#5"}}},{"from":[8.25,4,7.75],"to":[8.75,14,8.5],"rotation":{"angle":0,"axis":"y","origin":[8.5,14.5,8]},"faces":{"north":{"uv":[2.998,8,3.998,15.996],"texture":"#5"},"east":{"uv":[2.998,8,3.998,15.996],"texture":"#5"},"south":{"uv":[2.998,8,3.998,15.996],"texture":"#5"},"west":{"uv":[2.998,8,3.998,15.996],"texture":"#5"},"up":{"uv":[2.998,8,3.998,15.996],"texture":"#5"},"down":{"uv":[2.998,8,3.998,15.996],"texture":"#5"}}},{"from":[8.25,14,7.75],"to":[8.75,27,8.5],"rotation":{"angle":0,"axis":"y","origin":[8.5,22,8.125]},"faces":{"north":{"uv":[5.995,1,6.994,7.997],"texture":"#5"},"east":{"uv":[5.995,1,6.994,7.997],"texture":"#5"},"south":{"uv":[5.995,1,6.994,7.997],"texture":"#5"},"west":{"uv":[5.995,1,6.994,7.997],"texture":"#5"},"up":{"uv":[5.995,1,6.994,7.997],"texture":"#5"},"down":{"uv":[5.995,1,6.994,7.997],"texture":"#5"}}},{"from":[8.25,14,6.5],"to":[8.75,27,7.25],"rotation":{"angle":0,"axis":"y","origin":[8.5,22,6.875]},"faces":{"north":{"uv":[3.996,1,4.996,7.997],"texture":"#5"},"east":{"uv":[3.996,1,4.996,7.997],"texture":"#5"},"south":{"uv":[3.996,1,4.996,7.997],"texture":"#5"},"west":{"uv":[3.996,1,4.996,7.997],"texture":"#5"},"up":{"uv":[3.996,1,4.996,7.997],"texture":"#5"},"down":{"uv":[3.996,1,4.996,7.997],"texture":"#5"}}},{"from":[8.25,4,6.5],"to":[8.75,14,7.25],"rotation":{"angle":0,"axis":"y","origin":[8.5,9,6.875]},"faces":{"north":{"uv":[0.996,8,1.996,15.998],"texture":"#5"},"east":{"uv":[0.996,8,1.996,15.998],"texture":"#5"},"south":{"uv":[0.996,8,1.996,15.998],"texture":"#5"},"west":{"uv":[0.996,8,1.996,15.998],"texture":"#5"},"up":{"uv":[0.996,8,1.996,15.998],"texture":"#5"},"down":{"uv":[0.996,8,1.996,15.998],"texture":"#5"}}}],"display":{"thirdperson_righthand":{"translation":[-1,5.25,1.25]},"thirdperson_lefthand":{"translation":[0,5.25,1.5]},"firstperson_righthand":{"rotation":[-5,0,0],"translation":[0,3.25,-0.75],"scale":[0.8,0.8,0.8]},"firstperson_lefthand":{"rotation":[-5,0,0],"translation":[0,3.25,-0.75],"scale":[0.8,0.8,0.8]},"ground":{"translation":[0,6,0]},"gui":{"rotation":[-45,-41,-62],"translation":[-2.25,-1.75,0],"scale":[0.8,0.8,0.8]},"head":{"translation":[-0.75,6.5,0],"scale":[1,-1,1]},"fixed":{"rotation":[0,90,0],"translation":[1,-1.25,-0.5]}}}