{"credit":"Made with Blockbench","textures":{"2":"custom/nether_bricks","5":"custom/netherite_block","6":"custom/netherite_sword","particle":"custom/nether_bricks"},"elements":[{"from":[8.075,-1.925,7.075],"to":[8.925,2.925,7.925],"rotation":{"angle":0,"axis":"y","origin":[8.5,0.5,7.5]},"faces":{"north":{"uv":[0,0,3.999,16],"texture":"#2"},"east":{"uv":[0,0,3.999,16],"texture":"#2"},"south":{"uv":[0,0,3.999,16],"texture":"#2"},"west":{"uv":[0,0,3.999,16],"texture":"#2"},"up":{"uv":[0,0,3.999,16],"texture":"#2"},"down":{"uv":[0,0,3.999,16],"texture":"#2"}}},{"from":[7.98,-0.52,7.23],"to":[9.02,0.02,7.77],"rotation":{"angle":45,"axis":"x","origin":[8.5,-0.25,7.5]},"faces":{"north":{"uv":[4,4,6,6],"texture":"#5"},"east":{"uv":[4,4,6,6],"texture":"#5"},"south":{"uv":[4,4,6,6],"texture":"#5"},"west":{"uv":[4,4,6,6],"texture":"#5"},"up":{"uv":[4,4,6,6],"texture":"#5"},"down":{"uv":[4,4,6,6],"texture":"#5"}}},{"from":[7.98,-0.52,7.23],"to":[9.02,0.02,7.77],"rotation":{"angle":0,"axis":"x","origin":[8.5,-0.25,7.5]},"faces":{"north":{"uv":[4,4,6,6],"rotation":180,"texture":"#5"},"east":{"uv":[4,4,6,6],"rotation":270,"texture":"#5"},"south":{"uv":[4,4,6,6],"texture":"#5"},"west":{"uv":[4,4,6,6],"rotation":90,"texture":"#5"},"up":{"uv":[4,4,6,6],"rotation":180,"texture":"#5"},"down":{"uv":[4,4,6,6],"texture":"#5"}}},{"from":[7.98,0.48,7.23],"to":[9.02,1.02,7.77],"rotation":{"angle":45,"axis":"x","origin":[8.5,0.75,7.5]},"faces":{"north":{"uv":[4,4,6,6],"texture":"#5"},"east":{"uv":[4,4,6,6],"texture":"#5"},"south":{"uv":[4,4,6,6],"texture":"#5"},"west":{"uv":[4,4,6,6],"texture":"#5"},"up":{"uv":[4,4,6,6],"texture":"#5"},"down":{"uv":[4,4,6,6],"texture":"#5"}}},{"from":[7.98,0.48,7.23],"to":[9.02,1.02,7.77],"rotation":{"angle":0,"axis":"x","origin":[8.5,0.75,7.5]},"faces":{"north":{"uv":[4,4,6,6],"rotation":180,"texture":"#5"},"east":{"uv":[4,4,6,6],"rotation":270,"texture":"#5"},"south":{"uv":[4,4,6,6],"texture":"#5"},"west":{"uv":[4,4,6,6],"rotation":90,"texture":"#5"},"up":{"uv":[4,4,6,6],"rotation":180,"texture":"#5"},"down":{"uv":[4,4,6,6],"texture":"#5"}}},{"from":[7.98,2.48,7.23],"to":[9.02,3.02,7.77],"rotation":{"angle":45,"axis":"x","origin":[8.5,2.75,7.5]},"faces":{"north":{"uv":[4,4,6,6],"texture":"#5"},"east":{"uv":[4,4,6,6],"texture":"#5"},"south":{"uv":[4,4,6,6],"texture":"#5"},"west":{"uv":[4,4,6,6],"texture":"#5"},"up":{"uv":[4,4,6,6],"texture":"#5"},"down":{"uv":[4,4,6,6],"texture":"#5"}}},{"from":[7.98,2.48,7.23],"to":[9.02,3.02,7.77],"rotation":{"angle":0,"axis":"x","origin":[8.5,2.75,7.5]},"faces":{"north":{"uv":[4,4,6,6],"rotation":180,"texture":"#5"},"east":{"uv":[4,4,6,6],"rotation":270,"texture":"#5"},"south":{"uv":[4,4,6,6],"texture":"#5"},"west":{"uv":[4,4,6,6],"rotation":90,"texture":"#5"},"up":{"uv":[4,4,6,6],"rotation":180,"texture":"#5"},"down":{"uv":[4,4,6,6],"texture":"#5"}}},{"from":[7.98,1.48,7.23],"to":[9.02,2.02,7.77],"rotation":{"angle":45,"axis":"x","origin":[8.5,1.75,7.5]},"faces":{"north":{"uv":[4,4,6,6],"texture":"#5"},"east":{"uv":[4,4,6,6],"texture":"#5"},"south":{"uv":[4,4,6,6],"texture":"#5"},"west":{"uv":[4,4,6,6],"texture":"#5"},"up":{"uv":[4,4,6,6],"texture":"#5"},"down":{"uv":[4,4,6,6],"texture":"#5"}}},{"from":[7.98,1.48,7.23],"to":[9.02,2.02,7.77],"rotation":{"angle":0,"axis":"x","origin":[8.5,1.75,7.5]},"faces":{"north":{"uv":[4,4,6,6],"rotation":180,"texture":"#5"},"east":{"uv":[4,4,6,6],"rotation":270,"texture":"#5"},"south":{"uv":[4,4,6,6],"texture":"#5"},"west":{"uv":[4,4,6,6],"rotation":90,"texture":"#5"},"up":{"uv":[4,4,6,6],"rotation":180,"texture":"#5"},"down":{"uv":[4,4,6,6],"texture":"#5"}}},{"from":[7.98,-1.52,7.23],"to":[9.02,-0.98,7.77],"rotation":{"angle":45,"axis":"x","origin":[8.5,-1.25,7.5]},"faces":{"north":{"uv":[4,4,6,6],"texture":"#5"},"east":{"uv":[4,4,6,6],"texture":"#5"},"south":{"uv":[4,4,6,6],"texture":"#5"},"west":{"uv":[4,4,6,6],"texture":"#5"},"up":{"uv":[4,4,6,6],"texture":"#5"},"down":{"uv":[4,4,6,6],"texture":"#5"}}},{"from":[7.98,-1.52,7.23],"to":[9.02,-0.98,7.77],"rotation":{"angle":0,"axis":"x","origin":[8.5,-1.25,7.5]},"faces":{"north":{"uv":[4,4,6,6],"rotation":180,"texture":"#5"},"east":{"uv":[4,4,6,6],"rotation":270,"texture":"#5"},"south":{"uv":[4,4,6,6],"texture":"#5"},"west":{"uv":[4,4,6,6],"rotation":90,"texture":"#5"},"up":{"uv":[4,4,6,6],"rotation":180,"texture":"#5"},"down":{"uv":[4,4,6,6],"texture":"#5"}}},{"from":[7.96,2.96,5.46],"to":[9.04,4.04,9.54],"rotation":{"angle":0,"axis":"y","origin":[8.5,3.5,7.5]},"faces":{"north":{"uv":[7,11,7.799,12],"texture":"#6"},"east":{"uv":[7,11,7.799,12],"texture":"#6"},"south":{"uv":[7,11,7.799,12],"texture":"#6"},"west":{"uv":[7,11,7.799,12],"texture":"#6"},"up":{"uv":[7,11,7.799,12],"texture":"#6"},"down":{"uv":[7,11,7.799,12],"texture":"#6"}}},{"from":[7.96,2.96,4.46],"to":[9.04,4.04,6.54],"rotation":{"angle":22.5,"axis":"x","origin":[8.5,3.5,5.5]},"faces":{"north":{"uv":[7,11,7.799,12],"texture":"#6"},"east":{"uv":[7,11,7.799,12],"texture":"#6"},"south":{"uv":[7,11,7.799,12],"texture":"#6"},"west":{"uv":[7,11,7.799,12],"texture":"#6"},"up":{"uv":[7,11,7.799,12],"texture":"#6"},"down":{"uv":[7,11,7.799,12],"texture":"#6"}}},{"from":[8.125,4.96,4.46],"to":[8.875,5.46,6.54],"rotation":{"angle":22.5,"axis":"x","origin":[8.5,5.5,5.5]},"faces":{"north":{"uv":[7,11,7.799,12],"texture":"#6"},"east":{"uv":[7,11,7.799,12],"texture":"#6"},"south":{"uv":[7,11,7.799,12],"texture":"#6"},"west":{"uv":[7,11,7.799,12],"texture":"#6"},"up":{"uv":[7,11,7.799,12],"texture":"#6"},"down":{"uv":[7,11,7.799,12],"texture":"#6"}}},{"from":[8,4,3.5],"to":[9,4.75,5.5],"rotation":{"angle":22.5,"axis":"x","origin":[8.5,4.5,4.5]},"faces":{"north":{"uv":[7,11,7.799,12],"texture":"#6"},"east":{"uv":[7,11,7.799,12],"texture":"#6"},"south":{"uv":[7,11,7.799,12],"texture":"#6"},"west":{"uv":[7,11,7.799,12],"texture":"#6"},"up":{"uv":[7,11,7.799,12],"texture":"#6"},"down":{"uv":[7,11,7.799,12],"texture":"#6"}}},{"from":[8.25,5.9,4],"to":[8.75,6.15,5.5],"rotation":{"angle":22.5,"axis":"x","origin":[8.5,6.5,4.5]},"faces":{"north":{"uv":[7,11,7.799,12],"texture":"#6"},"east":{"uv":[7,11,7.799,12],"texture":"#6"},"south":{"uv":[7,11,7.799,12],"texture":"#6"},"west":{"uv":[7,11,7.799,12],"texture":"#6"},"up":{"uv":[7,11,7.799,12],"texture":"#6"},"down":{"uv":[7,11,7.799,12],"texture":"#6"}}},{"from":[7.96,2.96,8.46],"to":[9.04,4.04,10.54],"rotation":{"angle":-22.5,"axis":"x","origin":[8.5,3.5,9.5]},"faces":{"north":{"uv":[7,11,7.799,12],"texture":"#6"},"east":{"uv":[7,11,7.799,12],"texture":"#6"},"south":{"uv":[7,11,7.799,12],"texture":"#6"},"west":{"uv":[7,11,7.799,12],"texture":"#6"},"up":{"uv":[7,11,7.799,12],"texture":"#6"},"down":{"uv":[7,11,7.799,12],"texture":"#6"}}},{"from":[8.125,4.96,8.46],"to":[8.875,5.46,10.54],"rotation":{"angle":-22.5,"axis":"x","origin":[8.5,5.5,9.5]},"faces":{"north":{"uv":[7,11,7.799,12],"texture":"#6"},"east":{"uv":[7,11,7.799,12],"texture":"#6"},"south":{"uv":[7,11,7.799,12],"texture":"#6"},"west":{"uv":[7,11,7.799,12],"texture":"#6"},"up":{"uv":[7,11,7.799,12],"texture":"#6"},"down":{"uv":[7,11,7.799,12],"texture":"#6"}}},{"from":[8,4.00952,9.54784],"to":[9,4.75952,11.54784],"rotation":{"angle":-22.5,"axis":"x","origin":[8.5,4.38452,10.54784]},"faces":{"north":{"uv":[7,11,7.799,12],"texture":"#6"},"east":{"uv":[7,11,7.799,12],"texture":"#6"},"south":{"uv":[7,11,7.799,12],"texture":"#6"},"west":{"uv":[7,11,7.799,12],"texture":"#6"},"up":{"uv":[7,11,7.799,12],"texture":"#6"},"down":{"uv":[7,11,7.799,12],"texture":"#6"}}},{"from":[8.25,5.9,9.54784],"to":[8.75,6.15,11.04784],"rotation":{"angle":-22.5,"axis":"x","origin":[8.5,6.38452,10.54784]},"faces":{"north":{"uv":[7,11,7.799,12],"texture":"#6"},"east":{"uv":[7,11,7.799,12],"texture":"#6"},"south":{"uv":[7,11,7.799,12],"texture":"#6"},"west":{"uv":[7,11,7.799,12],"texture":"#6"},"up":{"uv":[7,11,7.799,12],"texture":"#6"},"down":{"uv":[7,11,7.799,12],"texture":"#6"}}},{"from":[7.96,3.96,6.96],"to":[9.04,6.04,8.04],"rotation":{"angle":0,"axis":"y","origin":[8.5,5,7.5]},"faces":{"north":{"uv":[7,11,7.799,12],"texture":"#6"},"east":{"uv":[7,11,7.799,12],"texture":"#6"},"south":{"uv":[7,11,7.799,12],"texture":"#6"},"west":{"uv":[7,11,7.799,12],"texture":"#6"},"up":{"uv":[7,11,7.799,12],"texture":"#6"},"down":{"uv":[7,11,7.799,12],"texture":"#6"}}},{"from":[7.96,3.96,8.16],"to":[9.04,6.04,8.49],"rotation":{"angle":-22.5,"axis":"x","origin":[8.5,5,8.325]},"faces":{"north":{"uv":[7,11,7.799,12],"texture":"#6"},"east":{"uv":[7,11,7.799,12],"texture":"#6"},"south":{"uv":[7,11,7.799,12],"texture":"#6"},"west":{"uv":[7,11,7.799,12],"texture":"#6"},"up":{"uv":[7,11,7.799,12],"texture":"#6"},"down":{"uv":[7,11,7.799,12],"texture":"#6"}}},{"from":[7.96,3.96,6.46],"to":[9.04,6.04,6.79],"rotation":{"angle":22.5,"axis":"x","origin":[8.5,5,6.625]},"faces":{"north":{"uv":[7,11,7.799,12],"texture":"#6"},"east":{"uv":[7,11,7.799,12],"texture":"#6"},"south":{"uv":[7,11,7.799,12],"texture":"#6"},"west":{"uv":[7,11,7.799,12],"texture":"#6"},"up":{"uv":[7,11,7.799,12],"texture":"#6"},"down":{"uv":[7,11,7.799,12],"texture":"#6"}}},{"from":[7.96,5.71,6.96],"to":[9.04,6.79,8.04],"rotation":{"angle":45,"axis":"x","origin":[8.5,6.25,7.5]},"faces":{"north":{"uv":[7,11,7.799,12],"texture":"#6"},"east":{"uv":[7,11,7.799,12],"texture":"#6"},"south":{"uv":[7,11,7.799,12],"texture":"#6"},"west":{"uv":[7,11,7.799,12],"texture":"#6"},"up":{"uv":[7,11,7.799,12],"texture":"#6"},"down":{"uv":[7,11,7.799,12],"texture":"#6"}}},{"from":[7.96,5.71,6.96],"to":[9.04,6.79,8.04],"rotation":{"angle":0,"axis":"x","origin":[8.5,6.25,7.5]},"faces":{"north":{"uv":[7,11,7.799,12],"rotation":180,"texture":"#6"},"east":{"uv":[7,11,7.799,12],"rotation":270,"texture":"#6"},"south":{"uv":[7,11,7.799,12],"texture":"#6"},"west":{"uv":[7,11,7.799,12],"rotation":90,"texture":"#6"},"up":{"uv":[7,11,7.799,12],"rotation":180,"texture":"#6"},"down":{"uv":[7,11,7.799,12],"texture":"#6"}}},{"from":[7.96,-2.54,6.96],"to":[9.04,-1.46,8.04],"rotation":{"angle":45,"axis":"x","origin":[8.5,-2,7.5]},"faces":{"north":{"uv":[2,15,2.799,15.999],"rotation":180,"texture":"#6"},"east":{"uv":[2,15,2.799,15.999],"rotation":180,"texture":"#6"},"south":{"uv":[2,15,2.799,15.999],"rotation":180,"texture":"#6"},"west":{"uv":[2,15,2.799,15.999],"rotation":180,"texture":"#6"},"up":{"uv":[2,15,2.799,15.999],"rotation":180,"texture":"#6"},"down":{"uv":[2,15,2.799,15.999],"rotation":180,"texture":"#6"}}},{"from":[7.96,-2.54,6.96],"to":[9.04,-1.46,8.04],"rotation":{"angle":0,"axis":"x","origin":[8.5,-2,7.5]},"faces":{"north":{"uv":[2,15,2.799,15.999],"rotation":180,"texture":"#6"},"east":{"uv":[2,15,2.799,15.999],"rotation":180,"texture":"#6"},"south":{"uv":[2,15,2.799,15.999],"rotation":180,"texture":"#6"},"west":{"uv":[2,15,2.799,15.999],"rotation":180,"texture":"#6"},"up":{"uv":[2,15,2.799,15.999],"rotation":180,"texture":"#6"},"down":{"uv":[2,15,2.799,15.999],"rotation":180,"texture":"#6"}}},{"from":[7.875,5.81,7.06],"to":[9.225,6.69,7.94],"rotation":{"angle":45,"axis":"x","origin":[8.5,6.25,7.5]},"faces":{"north":{"uv":[0,0,16,16],"texture":"#5"},"east":{"uv":[0,0,16,16],"texture":"#5"},"south":{"uv":[0,0,16,16],"texture":"#5"},"west":{"uv":[0,0,16,16],"texture":"#5"},"up":{"uv":[0,0,16,16],"texture":"#5"},"down":{"uv":[0,0,16,16],"texture":"#5"}}},{"from":[7.9,5.81,7.06],"to":[9.1,6.69,7.94],"rotation":{"angle":0,"axis":"x","origin":[8.5,6.25,7.5]},"faces":{"north":{"uv":[0,0,16,16],"texture":"#5"},"east":{"uv":[0,0,16,16],"texture":"#5"},"south":{"uv":[0,0,16,16],"texture":"#5"},"west":{"uv":[0,0,16,16],"texture":"#5"},"up":{"uv":[0,0,16,16],"texture":"#5"},"down":{"uv":[0,0,16,16],"texture":"#5"}}},{"from":[7.86,-2.44,7.06],"to":[9.14,-1.56,7.94],"rotation":{"angle":0,"axis":"x","origin":[8.5,-2,7.5]},"faces":{"north":{"uv":[2,3,2.999,3.998],"texture":"#5"},"east":{"uv":[2,3,2.999,3.998],"texture":"#5"},"south":{"uv":[2,3,2.999,3.998],"texture":"#5"},"west":{"uv":[2,3,2.999,3.998],"texture":"#5"},"up":{"uv":[2,3,2.999,3.998],"texture":"#5"},"down":{"uv":[2,3,2.999,3.998],"texture":"#5"}}},{"from":[7.86,-2.44,7.06],"to":[9.14,-1.56,7.94],"rotation":{"angle":45,"axis":"x","origin":[8.5,-2,7.5]},"faces":{"north":{"uv":[2,3,2.999,3.998],"texture":"#5"},"east":{"uv":[2,3,2.999,3.998],"texture":"#5"},"south":{"uv":[2,3,2.999,3.998],"texture":"#5"},"west":{"uv":[2,3,2.999,3.998],"texture":"#5"},"up":{"uv":[2,3,2.999,3.998],"texture":"#5"},"down":{"uv":[2,3,2.999,3.998],"texture":"#5"}}},{"from":[8.375,9.8,7.25],"to":[8.625,14.8,7.75],"rotation":{"angle":0,"axis":"y","origin":[8.5,12.3,7.5]},"faces":{"north":{"uv":[2.997,12,3.995,14.995],"texture":"#5"},"east":{"uv":[2.997,12,3.995,14.995],"texture":"#5"},"south":{"uv":[2.997,12,3.995,14.995],"texture":"#5"},"west":{"uv":[2.997,12,3.995,14.995],"texture":"#5"},"up":{"uv":[2.997,12,3.995,14.995],"texture":"#5"},"down":{"uv":[2.997,12,3.995,14.995],"texture":"#5"}}},{"from":[8.375,4.75,7.25],"to":[8.625,7,7.75],"rotation":{"angle":0,"axis":"y","origin":[8.5,5.25,7.5]},"faces":{"north":{"uv":[2.997,12,3.994,12.994],"texture":"#5"},"east":{"uv":[2.997,12,3.994,12.994],"texture":"#5"},"south":{"uv":[2.997,12,3.994,12.994],"texture":"#5"},"west":{"uv":[2.997,12,3.994,12.994],"texture":"#5"},"up":{"uv":[2.997,12,3.994,12.994],"texture":"#5"},"down":{"uv":[2.997,12,3.994,12.994],"texture":"#5"}}},{"from":[8.375,4,6.25],"to":[8.625,16,6.5],"rotation":{"angle":0,"axis":"y","origin":[8.5,10,6.375]},"faces":{"north":{"uv":[0.998,8,1.998,15.998],"texture":"#5"},"east":{"uv":[0.998,8,1.998,15.998],"texture":"#5"},"south":{"uv":[0.998,8,1.998,15.998],"texture":"#5"},"west":{"uv":[0.998,8,1.998,15.998],"texture":"#5"},"up":{"uv":[0.998,8,1.998,15.998],"texture":"#5"},"down":{"uv":[0.998,8,1.998,15.998],"texture":"#5"}}},{"from":[8.375,5.5,6],"to":[8.625,11.5,6.25],"rotation":{"angle":0,"axis":"y","origin":[8.5,8.5,6.125]},"faces":{"north":{"uv":[4,8,5,14.997],"texture":"#5"},"east":{"uv":[4,8,5,14.997],"texture":"#5"},"south":{"uv":[4,8,5,14.997],"texture":"#5"},"west":{"uv":[4,8,5,14.997],"texture":"#5"},"up":{"uv":[4,8,5,14.997],"texture":"#5"},"down":{"uv":[4,8,5,14.997],"texture":"#5"}}},{"from":[8.375,6.5,5.75],"to":[8.625,10.5,6],"rotation":{"angle":0,"axis":"y","origin":[8.5,8.5,6.125]},"faces":{"north":{"uv":[5,4,6,8.997],"texture":"#5"},"east":{"uv":[5,4,6,8.997],"texture":"#5"},"south":{"uv":[5,4,6,8.997],"texture":"#5"},"west":{"uv":[5,4,6,8.997],"texture":"#5"},"up":{"uv":[5,4,6,8.997],"texture":"#5"},"down":{"uv":[5,4,6,8.997],"texture":"#5"}}},{"from":[8.375,7,5.625],"to":[8.625,10,5.75],"rotation":{"angle":0,"axis":"y","origin":[8.5,8.5,6.125]},"faces":{"north":{"uv":[5,4,6,8.997],"texture":"#5"},"east":{"uv":[5,4,6,8.997],"texture":"#5"},"south":{"uv":[5,4,6,8.997],"texture":"#5"},"west":{"uv":[5,4,6,8.997],"texture":"#5"},"up":{"uv":[5,4,6,8.997],"texture":"#5"},"down":{"uv":[5,4,6,8.997],"texture":"#5"}}},{"from":[8.375,5.5,8.75],"to":[8.625,11.5,9],"rotation":{"angle":0,"axis":"y","origin":[8.5,8.5,8.875]},"faces":{"north":{"uv":[7,8,8,14.997],"texture":"#5"},"east":{"uv":[7,8,8,14.997],"texture":"#5"},"south":{"uv":[7,8,8,14.997],"texture":"#5"},"west":{"uv":[7,8,8,14.997],"texture":"#5"},"up":{"uv":[7,8,8,14.997],"texture":"#5"},"down":{"uv":[7,8,8,14.997],"texture":"#5"}}},{"from":[8.375,6.5,9],"to":[8.625,10.5,9.25],"rotation":{"angle":0,"axis":"y","origin":[8.5,8.5,9.125]},"faces":{"north":{"uv":[10,5,11,9.997],"texture":"#5"},"east":{"uv":[10,5,11,9.997],"texture":"#5"},"south":{"uv":[10,5,11,9.997],"texture":"#5"},"west":{"uv":[10,5,11,9.997],"texture":"#5"},"up":{"uv":[10,5,11,9.997],"texture":"#5"},"down":{"uv":[10,5,11,9.997],"texture":"#5"}}},{"from":[8.375,7,9.25],"to":[8.625,10,9.375],"rotation":{"angle":0,"axis":"y","origin":[8.5,9.5,9.125]},"faces":{"north":{"uv":[10,5,11,9.997],"texture":"#5"},"east":{"uv":[10,5,11,9.997],"texture":"#5"},"south":{"uv":[10,5,11,9.997],"texture":"#5"},"west":{"uv":[10,5,11,9.997],"texture":"#5"},"up":{"uv":[10,5,11,9.997],"texture":"#5"},"down":{"uv":[10,5,11,9.997],"texture":"#5"}}},{"from":[8.375,4,8.5],"to":[8.625,16,8.75],"rotation":{"angle":0,"axis":"y","origin":[8.5,9,8.625]},"faces":{"north":{"uv":[4.998,8,5.998,15.998],"texture":"#5"},"east":{"uv":[4.998,8,5.998,15.998],"texture":"#5"},"south":{"uv":[4.998,8,5.998,15.998],"texture":"#5"},"west":{"uv":[4.998,8,5.998,15.998],"texture":"#5"},"up":{"uv":[4.998,8,5.998,15.998],"texture":"#5"},"down":{"uv":[4.998,8,5.998,15.998],"texture":"#5"}}},{"from":[8.375,17.17,7.25],"to":[8.625,22.42,7.75],"rotation":{"angle":0,"axis":"y","origin":[8.5,19.795,7.5]},"faces":{"north":{"uv":[2.997,4,3.997,7.997],"texture":"#5"},"east":{"uv":[2.997,4,3.997,7.997],"texture":"#5"},"south":{"uv":[2.997,4,3.997,7.997],"texture":"#5"},"west":{"uv":[2.997,4,3.997,7.997],"texture":"#5"},"up":{"uv":[2.997,4,3.997,7.997],"texture":"#5"},"down":{"uv":[2.997,4,3.997,7.997],"texture":"#5"}}},{"from":[8.375,24,7.25],"to":[8.625,28,7.75],"rotation":{"angle":0,"axis":"y","origin":[8.5,26.5,7.5]},"faces":{"north":{"uv":[2.997,4,3.997,7.997],"texture":"#5"},"east":{"uv":[2.997,4,3.997,7.997],"texture":"#5"},"south":{"uv":[2.997,4,3.997,7.997],"texture":"#5"},"west":{"uv":[2.997,4,3.997,7.997],"texture":"#5"},"up":{"uv":[2.997,4,3.997,7.997],"texture":"#5"},"down":{"uv":[2.997,4,3.997,7.997],"texture":"#5"}}},{"from":[8.375,16,6.25],"to":[8.625,29,6.5],"rotation":{"angle":0,"axis":"y","origin":[8.5,22.5,6.375]},"faces":{"north":{"uv":[3,1,3.999,7.997],"texture":"#5"},"east":{"uv":[3,1,3.999,7.997],"texture":"#5"},"south":{"uv":[3,1,3.999,7.997],"texture":"#5"},"west":{"uv":[3,1,3.999,7.997],"texture":"#5"},"up":{"uv":[3,1,3.999,7.997],"texture":"#5"},"down":{"uv":[3,1,3.999,7.997],"texture":"#5"}}},{"from":[8.375,19.5,6],"to":[8.625,28.5,6.25],"rotation":{"angle":0,"axis":"y","origin":[8.5,24,6.125]},"faces":{"north":{"uv":[7,1,8,7.997],"texture":"#5"},"east":{"uv":[7,1,8,7.997],"texture":"#5"},"south":{"uv":[7,1,8,7.997],"texture":"#5"},"west":{"uv":[7,1,8,7.997],"texture":"#5"},"up":{"uv":[7,1,8,7.997],"texture":"#5"},"down":{"uv":[7,1,8,7.997],"texture":"#5"}}},{"from":[8.375,19.5,8.75],"to":[8.625,28.5,9],"rotation":{"angle":0,"axis":"y","origin":[8.5,24,8.875]},"faces":{"north":{"uv":[9,1,9.999,7.997],"texture":"#5"},"east":{"uv":[9,1,9.999,7.997],"texture":"#5"},"south":{"uv":[9,1,9.999,7.997],"texture":"#5"},"west":{"uv":[9,1,9.999,7.997],"texture":"#5"},"up":{"uv":[9,1,9.999,7.997],"texture":"#5"},"down":{"uv":[9,1,9.999,7.997],"texture":"#5"}}},{"from":[8.375,17.5,8.75],"to":[8.625,19.5,8.875],"rotation":{"angle":0,"axis":"y","origin":[8.5,18,8.8125]},"faces":{"north":{"uv":[7,2,7.999,8.997],"texture":"#5"},"east":{"uv":[7,2,7.999,8.997],"texture":"#5"},"south":{"uv":[7,2,7.999,8.997],"texture":"#5"},"west":{"uv":[7,2,7.999,8.997],"texture":"#5"},"up":{"uv":[7,2,7.999,8.997],"texture":"#5"},"down":{"uv":[7,2,7.999,8.997],"texture":"#5"}}},{"from":[8.375,17.5,6.125],"to":[8.625,19.5,6.25],"rotation":{"angle":0,"axis":"y","origin":[8.5,18.5,6.1875]},"faces":{"north":{"uv":[7,2,7.999,8.997],"texture":"#5"},"east":{"uv":[7,2,7.999,8.997],"texture":"#5"},"south":{"uv":[7,2,7.999,8.997],"texture":"#5"},"west":{"uv":[7,2,7.999,8.997],"texture":"#5"},"up":{"uv":[7,2,7.999,8.997],"texture":"#5"},"down":{"uv":[7,2,7.999,8.997],"texture":"#5"}}},{"from":[8.375,11.5,6.125],"to":[8.625,14.5,6.25],"rotation":{"angle":0,"axis":"y","origin":[8.5,12.5,6.1875]},"faces":{"north":{"uv":[7,2,7.999,8.997],"texture":"#5"},"east":{"uv":[7,2,7.999,8.997],"texture":"#5"},"south":{"uv":[7,2,7.999,8.997],"texture":"#5"},"west":{"uv":[7,2,7.999,8.997],"texture":"#5"},"up":{"uv":[7,2,7.999,8.997],"texture":"#5"},"down":{"uv":[7,2,7.999,8.997],"texture":"#5"}}},{"from":[8.375,11.5,8.75],"to":[8.625,14.5,8.875],"rotation":{"angle":0,"axis":"y","origin":[8.5,13,8.8125]},"faces":{"north":{"uv":[8,2,8.998,8.997],"texture":"#5"},"east":{"uv":[8,2,8.998,8.997],"texture":"#5"},"south":{"uv":[8,2,8.998,8.997],"texture":"#5"},"west":{"uv":[8,2,8.998,8.997],"texture":"#5"},"up":{"uv":[8,2,8.998,8.997],"texture":"#5"},"down":{"uv":[8,2,8.998,8.997],"texture":"#5"}}},{"from":[8.375,21.5,9],"to":[8.625,27.5,9.25],"rotation":{"angle":0,"axis":"y","origin":[8.5,24.5,9.125]},"faces":{"north":{"uv":[9,2,9.999,6.996],"texture":"#5"},"east":{"uv":[9,2,9.999,6.996],"texture":"#5"},"south":{"uv":[9,2,9.999,6.996],"texture":"#5"},"west":{"uv":[9,2,9.999,6.996],"texture":"#5"},"up":{"uv":[9,2,9.999,6.996],"texture":"#5"},"down":{"uv":[9,2,9.999,6.996],"texture":"#5"}}},{"from":[8.375,22,9.25],"to":[8.625,27,9.375],"rotation":{"angle":0,"axis":"y","origin":[8.5,24.5,9.125]},"faces":{"north":{"uv":[9,2,9.999,6.996],"texture":"#5"},"east":{"uv":[9,2,9.999,6.996],"texture":"#5"},"south":{"uv":[9,2,9.999,6.996],"texture":"#5"},"west":{"uv":[9,2,9.999,6.996],"texture":"#5"},"up":{"uv":[9,2,9.999,6.996],"texture":"#5"},"down":{"uv":[9,2,9.999,6.996],"texture":"#5"}}},{"from":[8.375,21.5,5.75],"to":[8.625,27.5,6],"rotation":{"angle":0,"axis":"y","origin":[8.5,24.5,5.875]},"faces":{"north":{"uv":[12,2,12.999,6.996],"texture":"#5"},"east":{"uv":[12,2,12.999,6.996],"texture":"#5"},"south":{"uv":[12,2,12.999,6.996],"texture":"#5"},"west":{"uv":[12,2,12.999,6.996],"texture":"#5"},"up":{"uv":[12,2,12.999,6.996],"texture":"#5"},"down":{"uv":[12,2,12.999,6.996],"texture":"#5"}}},{"from":[8.375,22,5.625],"to":[8.625,27,5.75],"rotation":{"angle":0,"axis":"y","origin":[8.5,24.5,5.875]},"faces":{"north":{"uv":[12,2,12.999,6.996],"texture":"#5"},"east":{"uv":[12,2,12.999,6.996],"texture":"#5"},"south":{"uv":[12,2,12.999,6.996],"texture":"#5"},"west":{"uv":[12,2,12.999,6.996],"texture":"#5"},"up":{"uv":[12,2,12.999,6.996],"texture":"#5"},"down":{"uv":[12,2,12.999,6.996],"texture":"#5"}}},{"from":[8.375,16,8.5],"to":[8.625,29,8.75],"rotation":{"angle":0,"axis":"y","origin":[8.5,27.15,7.5]},"faces":{"north":{"uv":[4.998,1,5.998,7.998],"texture":"#5"},"east":{"uv":[4.998,1,5.998,7.998],"texture":"#5"},"south":{"uv":[4.998,1,5.998,7.998],"texture":"#5"},"west":{"uv":[4.998,1,5.998,7.998],"texture":"#5"},"up":{"uv":[4.998,1,5.998,7.998],"texture":"#5"},"down":{"uv":[4.998,1,5.998,7.998],"texture":"#5"}}},{"from":[8.375,29,7.25],"to":[8.625,29.25,7.75],"rotation":{"angle":0,"axis":"y","origin":[8.5,27.15,7.5]},"faces":{"north":{"uv":[9,3,9.997,3.998],"texture":"#5"},"east":{"uv":[9,3,9.997,3.998],"texture":"#5"},"south":{"uv":[9,3,9.997,3.998],"texture":"#5"},"west":{"uv":[9,3,9.997,3.998],"texture":"#5"},"up":{"uv":[9,3,9.997,3.998],"texture":"#5"},"down":{"uv":[9,3,9.997,3.998],"texture":"#5"}}},{"from":[8.25,29,6.75],"to":[8.75,29.375,7.25],"rotation":{"angle":0,"axis":"y","origin":[8.5,27.15,7.5]},"faces":{"north":{"uv":[9,1,9.998,1.998],"texture":"#5"},"east":{"uv":[9,1,9.998,1.998],"texture":"#5"},"south":{"uv":[9,1,9.998,1.998],"texture":"#5"},"west":{"uv":[9,1,9.998,1.998],"texture":"#5"},"up":{"uv":[9,1,9.998,1.998],"texture":"#5"},"down":{"uv":[9,1,9.998,1.998],"texture":"#5"}}},{"from":[8.375,29.375,6.75],"to":[8.625,29.75,7.25],"rotation":{"angle":0,"axis":"y","origin":[8.5,27.15,7.5]},"faces":{"north":{"uv":[7,3,8.997,3.998],"texture":"#5"},"east":{"uv":[7,3,8.997,3.998],"texture":"#5"},"south":{"uv":[7,3,8.997,3.998],"texture":"#5"},"west":{"uv":[7,3,8.997,3.998],"texture":"#5"},"up":{"uv":[7,3,8.997,3.998],"texture":"#5"},"down":{"uv":[7,3,8.997,3.998],"texture":"#5"}}},{"from":[8.25,29,7.75],"to":[8.75,29.375,8.25],"rotation":{"angle":0,"axis":"y","origin":[8.5,27.15,7.5]},"faces":{"north":{"uv":[3,2,3.998,2.998],"texture":"#5"},"east":{"uv":[3,2,3.998,2.998],"texture":"#5"},"south":{"uv":[3,2,3.998,2.998],"texture":"#5"},"west":{"uv":[3,2,3.998,2.998],"texture":"#5"},"up":{"uv":[3,2,3.998,2.998],"texture":"#5"},"down":{"uv":[3,2,3.998,2.998],"texture":"#5"}}},{"from":[8.375,29,8.25],"to":[8.625,29.375,8.5],"rotation":{"angle":0,"axis":"y","origin":[8.5,27.15,7.5]},"faces":{"north":{"uv":[4,1,4.998,1.998],"texture":"#5"},"east":{"uv":[4,1,4.998,1.998],"texture":"#5"},"south":{"uv":[4,1,4.998,1.998],"texture":"#5"},"west":{"uv":[4,1,4.998,1.998],"texture":"#5"},"up":{"uv":[4,1,4.998,1.998],"texture":"#5"},"down":{"uv":[4,1,4.998,1.998],"texture":"#5"}}},{"from":[8.375,29,6.5],"to":[8.625,29.375,6.75],"rotation":{"angle":0,"axis":"y","origin":[8.5,27.15,7.5]},"faces":{"north":{"uv":[14,1,14.998,1.998],"texture":"#5"},"east":{"uv":[14,1,14.998,1.998],"texture":"#5"},"south":{"uv":[14,1,14.998,1.998],"texture":"#5"},"west":{"uv":[14,1,14.998,1.998],"texture":"#5"},"up":{"uv":[14,1,14.998,1.998],"texture":"#5"},"down":{"uv":[14,1,14.998,1.998],"texture":"#5"}}},{"from":[8.375,29.375,7.75],"to":[8.625,29.75,8.25],"rotation":{"angle":0,"axis":"y","origin":[8.5,27.15,7.5]},"faces":{"north":{"uv":[3,2,4.998,2.998],"texture":"#5"},"east":{"uv":[3,2,4.998,2.998],"texture":"#5"},"south":{"uv":[3,2,4.998,2.998],"texture":"#5"},"west":{"uv":[3,2,4.998,2.998],"texture":"#5"},"up":{"uv":[3,2,4.998,2.998],"texture":"#5"},"down":{"uv":[3,2,4.998,2.998],"texture":"#5"}}},{"from":[8.375,29.75,7],"to":[8.625,30.125,7.25],"rotation":{"angle":0,"axis":"y","origin":[8.5,27.15,7.5]},"faces":{"north":{"uv":[8,3,8.998,3.998],"texture":"#5"},"east":{"uv":[8,3,8.998,3.998],"texture":"#5"},"south":{"uv":[8,3,8.998,3.998],"texture":"#5"},"west":{"uv":[8,3,8.998,3.998],"texture":"#5"},"up":{"uv":[8,3,8.998,3.998],"texture":"#5"},"down":{"uv":[8,3,8.998,3.998],"texture":"#5"}}},{"from":[8.375,29.75,7.75],"to":[8.625,30.125,8],"rotation":{"angle":0,"axis":"y","origin":[8.5,27.15,7.5]},"faces":{"north":{"uv":[4,2,4.998,2.999],"texture":"#5"},"east":{"uv":[4,2,4.998,2.999],"texture":"#5"},"south":{"uv":[4,2,4.998,2.999],"texture":"#5"},"west":{"uv":[4,2,4.998,2.999],"texture":"#5"},"up":{"uv":[4,2,4.998,2.999],"texture":"#5"},"down":{"uv":[4,2,4.998,2.999],"texture":"#5"}}},{"from":[8.375,29.25,7.25],"to":[8.625,30.5,7.75],"rotation":{"angle":0,"axis":"y","origin":[8.5,27.15,7.5]},"faces":{"north":{"uv":[3,2,3.995,4.996],"texture":"#5"},"east":{"uv":[3,2,3.995,4.996],"texture":"#5"},"south":{"uv":[3,2,3.995,4.996],"texture":"#5"},"west":{"uv":[3,2,3.995,4.996],"texture":"#5"},"up":{"uv":[3,2,3.995,4.996],"texture":"#5"},"down":{"uv":[3,2,3.995,4.996],"texture":"#5"}}},{"from":[8.25,5,7.75],"to":[8.75,16,8.5],"rotation":{"angle":0,"axis":"y","origin":[8.5,14.5,8]},"faces":{"north":{"uv":[4,8,5,15.997],"texture":"#5"},"east":{"uv":[4,8,5,15.997],"texture":"#5"},"south":{"uv":[4,8,5,15.997],"texture":"#5"},"west":{"uv":[4,8,5,15.997],"texture":"#5"},"up":{"uv":[4,8,5,15.997],"texture":"#5"},"down":{"uv":[4,8,5,15.997],"texture":"#5"}}},{"from":[8.25,16,7.75],"to":[8.75,29,8.5],"rotation":{"angle":0,"axis":"y","origin":[8.5,27.15,7.5]},"faces":{"north":{"uv":[3.996,1,4.996,7.998],"texture":"#5"},"east":{"uv":[3.996,1,4.996,7.998],"texture":"#5"},"south":{"uv":[3.996,1,4.996,7.998],"texture":"#5"},"west":{"uv":[3.996,1,4.996,7.998],"texture":"#5"},"up":{"uv":[3.996,1,4.996,7.998],"texture":"#5"},"down":{"uv":[3.996,1,4.996,7.998],"texture":"#5"}}},{"from":[8.25,16,6.5],"to":[8.75,29,7.25],"rotation":{"angle":0,"axis":"y","origin":[8.5,27.15,7.5]},"faces":{"north":{"uv":[1.997,1,2.997,8.997],"texture":"#5"},"east":{"uv":[1.997,1,2.997,8.997],"texture":"#5"},"south":{"uv":[1.997,1,2.997,8.997],"texture":"#5"},"west":{"uv":[1.997,1,2.997,8.997],"texture":"#5"},"up":{"uv":[1.997,1,2.997,8.997],"texture":"#5"},"down":{"uv":[1.997,1,2.997,8.997],"texture":"#5"}}},{"from":[8.25,5,6.5],"to":[8.75,16,7.25],"rotation":{"angle":0,"axis":"y","origin":[8.5,9,6.875]},"faces":{"north":{"uv":[1.997,8,2.997,15.998],"texture":"#5"},"east":{"uv":[1.997,8,2.997,15.998],"texture":"#5"},"south":{"uv":[1.997,8,2.997,15.998],"texture":"#5"},"west":{"uv":[1.997,8,2.997,15.998],"texture":"#5"},"up":{"uv":[1.997,8,2.997,15.998],"texture":"#5"},"down":{"uv":[1.997,8,2.997,15.998],"texture":"#5"}}},{"from":[8.45,12,6],"to":[8.55,13,7],"rotation":{"angle":22.5,"axis":"x","origin":[8.5,12.5,6.5]},"faces":{"north":{"uv":[8,15,8.1,15.999],"texture":"#5"},"east":{"uv":[8,15,8.1,15.999],"texture":"#5"},"south":{"uv":[8,15,8.1,15.999],"texture":"#5"},"west":{"uv":[8,15,8.1,15.999],"texture":"#5"},"up":{"uv":[8,15,8.1,15.999],"texture":"#5"},"down":{"uv":[8,15,8.1,15.999],"texture":"#5"}}},{"from":[8.45,12,8],"to":[8.55,13,9],"rotation":{"angle":-22.5,"axis":"x","origin":[8.5,12.5,8.5]},"faces":{"north":{"uv":[8,15,8.1,15.999],"texture":"#5"},"east":{"uv":[8,15,8.1,15.999],"texture":"#5"},"south":{"uv":[8,15,8.1,15.999],"texture":"#5"},"west":{"uv":[8,15,8.1,15.999],"texture":"#5"},"up":{"uv":[8,15,8.1,15.999],"texture":"#5"},"down":{"uv":[8,15,8.1,15.999],"texture":"#5"}}},{"from":[8.45,13,8],"to":[8.55,14,9],"rotation":{"angle":-22.5,"axis":"x","origin":[8.5,13.5,8.5]},"faces":{"north":{"uv":[8,15,8.1,15.999],"texture":"#5"},"east":{"uv":[8,15,8.1,15.999],"texture":"#5"},"south":{"uv":[8,15,8.1,15.999],"texture":"#5"},"west":{"uv":[8,15,8.1,15.999],"texture":"#5"},"up":{"uv":[8,15,8.1,15.999],"texture":"#5"},"down":{"uv":[8,15,8.1,15.999],"texture":"#5"}}},{"from":[8.45,14,7.75],"to":[8.55,15,8.75],"rotation":{"angle":-22.5,"axis":"x","origin":[8.5,14.5,8.25]},"faces":{"north":{"uv":[8,15,8.1,15.999],"texture":"#5"},"east":{"uv":[8,15,8.1,15.999],"texture":"#5"},"south":{"uv":[8,15,8.1,15.999],"texture":"#5"},"west":{"uv":[8,15,8.1,15.999],"texture":"#5"},"up":{"uv":[8,15,8.1,15.999],"texture":"#5"},"down":{"uv":[8,15,8.1,15.999],"texture":"#5"}}},{"from":[8.45,15,7.75],"to":[8.55,16,8.75],"rotation":{"angle":-22.5,"axis":"x","origin":[8.5,15.5,8.25]},"faces":{"north":{"uv":[8,15,8.1,15.999],"texture":"#5"},"east":{"uv":[8,15,8.1,15.999],"texture":"#5"},"south":{"uv":[8,15,8.1,15.999],"texture":"#5"},"west":{"uv":[8,15,8.1,15.999],"texture":"#5"},"up":{"uv":[8,15,8.1,15.999],"texture":"#5"},"down":{"uv":[8,15,8.1,15.999],"texture":"#5"}}},{"from":[8.45,23,7.75],"to":[8.55,24,8.75],"rotation":{"angle":-22.5,"axis":"x","origin":[8.5,23.5,8.25]},"faces":{"north":{"uv":[8,15,8.1,15.999],"texture":"#5"},"east":{"uv":[8,15,8.1,15.999],"texture":"#5"},"south":{"uv":[8,15,8.1,15.999],"texture":"#5"},"west":{"uv":[8,15,8.1,15.999],"texture":"#5"},"up":{"uv":[8,15,8.1,15.999],"texture":"#5"},"down":{"uv":[8,15,8.1,15.999],"texture":"#5"}}},{"from":[8.45,22,7.75],"to":[8.55,23,8.75],"rotation":{"angle":-22.5,"axis":"x","origin":[8.5,22.5,8.25]},"faces":{"north":{"uv":[8,15,8.1,15.999],"texture":"#5"},"east":{"uv":[8,15,8.1,15.999],"texture":"#5"},"south":{"uv":[8,15,8.1,15.999],"texture":"#5"},"west":{"uv":[8,15,8.1,15.999],"texture":"#5"},"up":{"uv":[8,15,8.1,15.999],"texture":"#5"},"down":{"uv":[8,15,8.1,15.999],"texture":"#5"}}},{"from":[8.45,28,7.75],"to":[8.55,29,8.75],"rotation":{"angle":-22.5,"axis":"x","origin":[8.5,28.5,8.25]},"faces":{"north":{"uv":[8,15,8.1,15.999],"texture":"#5"},"east":{"uv":[8,15,8.1,15.999],"texture":"#5"},"south":{"uv":[8,15,8.1,15.999],"texture":"#5"},"west":{"uv":[8,15,8.1,15.999],"texture":"#5"},"up":{"uv":[8,15,8.1,15.999],"texture":"#5"},"down":{"uv":[8,15,8.1,15.999],"texture":"#5"}}},{"from":[8.45,16,7.75],"to":[8.55,17,8.75],"rotation":{"angle":-22.5,"axis":"x","origin":[8.5,16.5,8.25]},"faces":{"north":{"uv":[8,15,8.1,15.999],"texture":"#5"},"east":{"uv":[8,15,8.1,15.999],"texture":"#5"},"south":{"uv":[8,15,8.1,15.999],"texture":"#5"},"west":{"uv":[8,15,8.1,15.999],"texture":"#5"},"up":{"uv":[8,15,8.1,15.999],"texture":"#5"},"down":{"uv":[8,15,8.1,15.999],"texture":"#5"}}},{"from":[8.45,17,7.75],"to":[8.55,18,8.75],"rotation":{"angle":-22.5,"axis":"x","origin":[8.5,17.5,8.25]},"faces":{"north":{"uv":[8,15,8.1,15.999],"texture":"#5"},"east":{"uv":[8,15,8.1,15.999],"texture":"#5"},"south":{"uv":[8,15,8.1,15.999],"texture":"#5"},"west":{"uv":[8,15,8.1,15.999],"texture":"#5"},"up":{"uv":[8,15,8.1,15.999],"texture":"#5"},"down":{"uv":[8,15,8.1,15.999],"texture":"#5"}}},{"from":[8.45,9,7.75],"to":[8.55,10,8.75],"rotation":{"angle":-22.5,"axis":"x","origin":[8.5,9.5,8.25]},"faces":{"north":{"uv":[8,15,8.1,15.999],"texture":"#5"},"east":{"uv":[8,15,8.1,15.999],"texture":"#5"},"south":{"uv":[8,15,8.1,15.999],"texture":"#5"},"west":{"uv":[8,15,8.1,15.999],"texture":"#5"},"up":{"uv":[8,15,8.1,15.999],"texture":"#5"},"down":{"uv":[8,15,8.1,15.999],"texture":"#5"}}},{"from":[8.45,8,7.75],"to":[8.55,9,8.75],"rotation":{"angle":-22.5,"axis":"x","origin":[8.5,8.5,8.25]},"faces":{"north":{"uv":[8,15,8.1,15.999],"texture":"#5"},"east":{"uv":[8,15,8.1,15.999],"texture":"#5"},"south":{"uv":[8,15,8.1,15.999],"texture":"#5"},"west":{"uv":[8,15,8.1,15.999],"texture":"#5"},"up":{"uv":[8,15,8.1,15.999],"texture":"#5"},"down":{"uv":[8,15,8.1,15.999],"texture":"#5"}}},{"from":[8.45,7,7.75],"to":[8.55,8,8.75],"rotation":{"angle":-22.5,"axis":"x","origin":[8.5,7.5,8.25]},"faces":{"north":{"uv":[8,15,8.1,15.999],"texture":"#5"},"east":{"uv":[8,15,8.1,15.999],"texture":"#5"},"south":{"uv":[8,15,8.1,15.999],"texture":"#5"},"west":{"uv":[8,15,8.1,15.999],"texture":"#5"},"up":{"uv":[8,15,8.1,15.999],"texture":"#5"},"down":{"uv":[8,15,8.1,15.999],"texture":"#5"}}},{"from":[8.45,18,8],"to":[8.55,19,9],"rotation":{"angle":-22.5,"axis":"x","origin":[8.5,18.5,8.5]},"faces":{"north":{"uv":[8,15,8.1,15.999],"texture":"#5"},"east":{"uv":[8,15,8.1,15.999],"texture":"#5"},"south":{"uv":[8,15,8.1,15.999],"texture":"#5"},"west":{"uv":[8,15,8.1,15.999],"texture":"#5"},"up":{"uv":[8,15,8.1,15.999],"texture":"#5"},"down":{"uv":[8,15,8.1,15.999],"texture":"#5"}}},{"from":[8.45,19,8],"to":[8.55,20,9],"rotation":{"angle":-22.5,"axis":"x","origin":[8.5,19.5,8.5]},"faces":{"north":{"uv":[8,15,8.1,15.999],"texture":"#5"},"east":{"uv":[8,15,8.1,15.999],"texture":"#5"},"south":{"uv":[8,15,8.1,15.999],"texture":"#5"},"west":{"uv":[8,15,8.1,15.999],"texture":"#5"},"up":{"uv":[8,15,8.1,15.999],"texture":"#5"},"down":{"uv":[8,15,8.1,15.999],"texture":"#5"}}},{"from":[8.45,20,8],"to":[8.55,21,9],"rotation":{"angle":-22.5,"axis":"x","origin":[8.5,20.5,8.5]},"faces":{"north":{"uv":[8,15,8.1,15.999],"texture":"#5"},"east":{"uv":[8,15,8.1,15.999],"texture":"#5"},"south":{"uv":[8,15,8.1,15.999],"texture":"#5"},"west":{"uv":[8,15,8.1,15.999],"texture":"#5"},"up":{"uv":[8,15,8.1,15.999],"texture":"#5"},"down":{"uv":[8,15,8.1,15.999],"texture":"#5"}}},{"from":[8.45,13,6],"to":[8.55,14,7],"rotation":{"angle":22.5,"axis":"x","origin":[8.5,13.5,6.5]},"faces":{"north":{"uv":[8,15,8.1,15.999],"texture":"#5"},"east":{"uv":[8,15,8.1,15.999],"texture":"#5"},"south":{"uv":[8,15,8.1,15.999],"texture":"#5"},"west":{"uv":[8,15,8.1,15.999],"texture":"#5"},"up":{"uv":[8,15,8.1,15.999],"texture":"#5"},"down":{"uv":[8,15,8.1,15.999],"texture":"#5"}}},{"from":[8.45,15,6.25],"to":[8.55,16,7.25],"rotation":{"angle":22.5,"axis":"x","origin":[8.5,15.5,6.75]},"faces":{"north":{"uv":[8,15,8.1,15.999],"texture":"#5"},"east":{"uv":[8,15,8.1,15.999],"texture":"#5"},"south":{"uv":[8,15,8.1,15.999],"texture":"#5"},"west":{"uv":[8,15,8.1,15.999],"texture":"#5"},"up":{"uv":[8,15,8.1,15.999],"texture":"#5"},"down":{"uv":[8,15,8.1,15.999],"texture":"#5"}}},{"from":[8.45,16,6.25],"to":[8.55,17,7.25],"rotation":{"angle":22.5,"axis":"x","origin":[8.5,16.5,6.75]},"faces":{"north":{"uv":[8,15,8.1,15.999],"texture":"#5"},"east":{"uv":[8,15,8.1,15.999],"texture":"#5"},"south":{"uv":[8,15,8.1,15.999],"texture":"#5"},"west":{"uv":[8,15,8.1,15.999],"texture":"#5"},"up":{"uv":[8,15,8.1,15.999],"texture":"#5"},"down":{"uv":[8,15,8.1,15.999],"texture":"#5"}}},{"from":[8.45,9,6.25],"to":[8.55,10,7.25],"rotation":{"angle":22.5,"axis":"x","origin":[8.5,9.5,6.75]},"faces":{"north":{"uv":[8,15,8.1,15.999],"texture":"#5"},"east":{"uv":[8,15,8.1,15.999],"texture":"#5"},"south":{"uv":[8,15,8.1,15.999],"texture":"#5"},"west":{"uv":[8,15,8.1,15.999],"texture":"#5"},"up":{"uv":[8,15,8.1,15.999],"texture":"#5"},"down":{"uv":[8,15,8.1,15.999],"texture":"#5"}}},{"from":[8.45,8,6.25],"to":[8.55,9,7.25],"rotation":{"angle":22.5,"axis":"x","origin":[8.5,8.5,6.75]},"faces":{"north":{"uv":[8,15,8.1,15.999],"texture":"#5"},"east":{"uv":[8,15,8.1,15.999],"texture":"#5"},"south":{"uv":[8,15,8.1,15.999],"texture":"#5"},"west":{"uv":[8,15,8.1,15.999],"texture":"#5"},"up":{"uv":[8,15,8.1,15.999],"texture":"#5"},"down":{"uv":[8,15,8.1,15.999],"texture":"#5"}}},{"from":[8.45,7,6.25],"to":[8.55,8,7.25],"rotation":{"angle":22.5,"axis":"x","origin":[8.5,7.5,6.75]},"faces":{"north":{"uv":[8,15,8.1,15.999],"texture":"#5"},"east":{"uv":[8,15,8.1,15.999],"texture":"#5"},"south":{"uv":[8,15,8.1,15.999],"texture":"#5"},"west":{"uv":[8,15,8.1,15.999],"texture":"#5"},"up":{"uv":[8,15,8.1,15.999],"texture":"#5"},"down":{"uv":[8,15,8.1,15.999],"texture":"#5"}}},{"from":[8.45,23,6.25],"to":[8.55,24,7.25],"rotation":{"angle":22.5,"axis":"x","origin":[8.5,23.5,6.75]},"faces":{"north":{"uv":[8,15,8.1,15.999],"texture":"#5"},"east":{"uv":[8,15,8.1,15.999],"texture":"#5"},"south":{"uv":[8,15,8.1,15.999],"texture":"#5"},"west":{"uv":[8,15,8.1,15.999],"texture":"#5"},"up":{"uv":[8,15,8.1,15.999],"texture":"#5"},"down":{"uv":[8,15,8.1,15.999],"texture":"#5"}}},{"from":[8.45,22,6.25],"to":[8.55,23,7.25],"rotation":{"angle":22.5,"axis":"x","origin":[8.5,22.5,6.75]},"faces":{"north":{"uv":[8,15,8.1,15.999],"texture":"#5"},"east":{"uv":[8,15,8.1,15.999],"texture":"#5"},"south":{"uv":[8,15,8.1,15.999],"texture":"#5"},"west":{"uv":[8,15,8.1,15.999],"texture":"#5"},"up":{"uv":[8,15,8.1,15.999],"texture":"#5"},"down":{"uv":[8,15,8.1,15.999],"texture":"#5"}}},{"from":[8.45,28,6.25],"to":[8.55,29,7.25],"rotation":{"angle":22.5,"axis":"x","origin":[8.5,28.5,6.75]},"faces":{"north":{"uv":[8,15,8.1,15.999],"texture":"#5"},"east":{"uv":[8,15,8.1,15.999],"texture":"#5"},"south":{"uv":[8,15,8.1,15.999],"texture":"#5"},"west":{"uv":[8,15,8.1,15.999],"texture":"#5"},"up":{"uv":[8,15,8.1,15.999],"texture":"#5"},"down":{"uv":[8,15,8.1,15.999],"texture":"#5"}}},{"from":[8.45,17,6.25],"to":[8.55,18,7.25],"rotation":{"angle":22.5,"axis":"x","origin":[8.5,17.5,6.75]},"faces":{"north":{"uv":[8,15,8.1,15.999],"texture":"#5"},"east":{"uv":[8,15,8.1,15.999],"texture":"#5"},"south":{"uv":[8,15,8.1,15.999],"texture":"#5"},"west":{"uv":[8,15,8.1,15.999],"texture":"#5"},"up":{"uv":[8,15,8.1,15.999],"texture":"#5"},"down":{"uv":[8,15,8.1,15.999],"texture":"#5"}}},{"from":[8.45,14,6.25],"to":[8.55,15,7.25],"rotation":{"angle":22.5,"axis":"x","origin":[8.5,14.5,6.75]},"faces":{"north":{"uv":[8,15,8.1,15.999],"texture":"#5"},"east":{"uv":[8,15,8.1,15.999],"texture":"#5"},"south":{"uv":[8,15,8.1,15.999],"texture":"#5"},"west":{"uv":[8,15,8.1,15.999],"texture":"#5"},"up":{"uv":[8,15,8.1,15.999],"texture":"#5"},"down":{"uv":[8,15,8.1,15.999],"texture":"#5"}}},{"from":[8.45,18,6],"to":[8.55,19,7],"rotation":{"angle":22.5,"axis":"x","origin":[8.5,18.5,6.5]},"faces":{"north":{"uv":[8,15,8.1,15.999],"texture":"#5"},"east":{"uv":[8,15,8.1,15.999],"texture":"#5"},"south":{"uv":[8,15,8.1,15.999],"texture":"#5"},"west":{"uv":[8,15,8.1,15.999],"texture":"#5"},"up":{"uv":[8,15,8.1,15.999],"texture":"#5"},"down":{"uv":[8,15,8.1,15.999],"texture":"#5"}}},{"from":[8.45,19,6],"to":[8.55,20,7],"rotation":{"angle":22.5,"axis":"x","origin":[8.5,19.5,6.5]},"faces":{"north":{"uv":[8,15,8.1,15.999],"texture":"#5"},"east":{"uv":[8,15,8.1,15.999],"texture":"#5"},"south":{"uv":[8,15,8.1,15.999],"texture":"#5"},"west":{"uv":[8,15,8.1,15.999],"texture":"#5"},"up":{"uv":[8,15,8.1,15.999],"texture":"#5"},"down":{"uv":[8,15,8.1,15.999],"texture":"#5"}}},{"from":[8.45,20,6],"to":[8.55,21,7],"rotation":{"angle":22.5,"axis":"x","origin":[8.5,20.5,6.5]},"faces":{"north":{"uv":[8,15,8.1,15.999],"texture":"#5"},"east":{"uv":[8,15,8.1,15.999],"texture":"#5"},"south":{"uv":[8,15,8.1,15.999],"texture":"#5"},"west":{"uv":[8,15,8.1,15.999],"texture":"#5"},"up":{"uv":[8,15,8.1,15.999],"texture":"#5"},"down":{"uv":[8,15,8.1,15.999],"texture":"#5"}}}],"display":{"thirdperson_righthand":{"translation":[-1,5.25,1.25]},"thirdperson_lefthand":{"translation":[0,5.25,1.5]},"firstperson_righthand":{"rotation":[-5,0,0],"translation":[0,3.25,-0.75],"scale":[0.8,0.8,0.8]},"firstperson_lefthand":{"rotation":[-5,0,0],"translation":[0,3.25,-0.75],"scale":[0.8,0.8,0.8]},"ground":{"translation":[0,6,0]},"gui":{"rotation":[-45,-41,-62],"translation":[-2.25,-1.75,0],"scale":[0.8,0.8,0.8]},"head":{"translation":[-0.75,6.5,0],"scale":[1,-1,1]},"fixed":{"rotation":[0,90,0],"translation":[1,-1.25,-0.5]}}}