{"credit":"Made with Blockbench","textures":{"2":"custom/raddadste","3":"custom/nether_bricks","5":"custom/netherite_block"},"elements":[{"from":[8,-4,7],"to":[9,-1.5,8],"rotation":{"angle":0,"axis":"y","origin":[8.5,-2.75,7.5]},"faces":{"north":{"uv":[1,4,3.998,12.999],"texture":"#3"},"east":{"uv":[1,4,3.998,12.999],"texture":"#3"},"south":{"uv":[1,4,3.998,12.999],"texture":"#3"},"west":{"uv":[1,4,3.998,12.999],"texture":"#3"},"up":{"uv":[1,4,3.998,12.999],"texture":"#3"},"down":{"uv":[1,4,3.998,12.999],"texture":"#3"}}},{"from":[8,3,7],"to":[9,11.5,8],"rotation":{"angle":0,"axis":"y","origin":[8.5,7.75,7.5]},"faces":{"north":{"uv":[0,0,3.999,16],"texture":"#3"},"east":{"uv":[0,0,3.999,16],"texture":"#3"},"south":{"uv":[0,0,3.999,16],"texture":"#3"},"west":{"uv":[0,0,3.999,16],"texture":"#3"},"up":{"uv":[0,0,3.999,16],"texture":"#3"},"down":{"uv":[0,0,3.999,16],"texture":"#3"}}},{"from":[7.8,9.95,7.2],"to":[9.2,10.55,7.8],"rotation":{"angle":45,"axis":"x","origin":[8.5,10.25,7.5]},"faces":{"north":{"uv":[0,0,16,16],"texture":"#3"},"east":{"uv":[0,0,16,16],"texture":"#3"},"south":{"uv":[0,0,16,16],"texture":"#3"},"west":{"uv":[0,0,16,16],"texture":"#3"},"up":{"uv":[0,0,16,16],"texture":"#3"},"down":{"uv":[0,0,16,16],"texture":"#3"}}},{"from":[7.8,9.95,7.2],"to":[9.2,10.55,7.8],"rotation":{"angle":0,"axis":"x","origin":[8.5,10.25,7.5]},"faces":{"north":{"uv":[0,0,16,16],"rotation":180,"texture":"#3"},"east":{"uv":[0,0,16,16],"rotation":270,"texture":"#3"},"south":{"uv":[0,0,16,16],"texture":"#3"},"west":{"uv":[0,0,16,16],"rotation":90,"texture":"#3"},"up":{"uv":[0,0,16,16],"rotation":180,"texture":"#3"},"down":{"uv":[0,0,16,16],"texture":"#3"}}},{"from":[7.8,8.95,7.2],"to":[9.2,9.55,7.8],"rotation":{"angle":45,"axis":"x","origin":[8.5,9.25,7.5]},"faces":{"north":{"uv":[0,0,16,16],"texture":"#3"},"east":{"uv":[0,0,16,16],"texture":"#3"},"south":{"uv":[0,0,16,16],"texture":"#3"},"west":{"uv":[0,0,16,16],"texture":"#3"},"up":{"uv":[0,0,16,16],"texture":"#3"},"down":{"uv":[0,0,16,16],"texture":"#3"}}},{"from":[7.8,8.95,7.2],"to":[9.2,9.55,7.8],"rotation":{"angle":0,"axis":"x","origin":[8.5,9.25,7.5]},"faces":{"north":{"uv":[0,0,16,16],"rotation":180,"texture":"#3"},"east":{"uv":[0,0,16,16],"rotation":270,"texture":"#3"},"south":{"uv":[0,0,16,16],"texture":"#3"},"west":{"uv":[0,0,16,16],"rotation":90,"texture":"#3"},"up":{"uv":[0,0,16,16],"rotation":180,"texture":"#3"},"down":{"uv":[0,0,16,16],"texture":"#3"}}},{"from":[7.8,7.95,7.2],"to":[9.2,8.55,7.8],"rotation":{"angle":45,"axis":"x","origin":[8.5,8.25,7.5]},"faces":{"north":{"uv":[0,0,16,16],"texture":"#3"},"east":{"uv":[0,0,16,16],"texture":"#3"},"south":{"uv":[0,0,16,16],"texture":"#3"},"west":{"uv":[0,0,16,16],"texture":"#3"},"up":{"uv":[0,0,16,16],"texture":"#3"},"down":{"uv":[0,0,16,16],"texture":"#3"}}},{"from":[7.8,7.95,7.2],"to":[9.2,8.55,7.8],"rotation":{"angle":0,"axis":"x","origin":[8.5,8.25,7.5]},"faces":{"north":{"uv":[0,0,16,16],"rotation":180,"texture":"#3"},"east":{"uv":[0,0,16,16],"rotation":270,"texture":"#3"},"south":{"uv":[0,0,16,16],"texture":"#3"},"west":{"uv":[0,0,16,16],"rotation":90,"texture":"#3"},"up":{"uv":[0,0,16,16],"rotation":180,"texture":"#3"},"down":{"uv":[0,0,16,16],"texture":"#3"}}},{"from":[7.75,10,7.25],"to":[9.25,10.5,7.75],"rotation":{"angle":45,"axis":"x","origin":[8.5,10.25,7.5]},"faces":{"north":{"uv":[5,3,6.999,4.999],"texture":"#5"},"east":{"uv":[5,3,6.999,4.999],"texture":"#5"},"south":{"uv":[5,3,6.999,4.999],"texture":"#5"},"west":{"uv":[5,3,6.999,4.999],"texture":"#5"},"up":{"uv":[5,3,6.999,4.999],"texture":"#5"},"down":{"uv":[5,3,6.999,4.999],"texture":"#5"}}},{"from":[7.75,9,7.25],"to":[9.25,9.5,7.75],"rotation":{"angle":45,"axis":"x","origin":[8.5,9.25,7.5]},"faces":{"north":{"uv":[10,7,11.999,8.999],"texture":"#5"},"east":{"uv":[10,7,11.999,8.999],"texture":"#5"},"south":{"uv":[10,7,11.999,8.999],"texture":"#5"},"west":{"uv":[10,7,11.999,8.999],"texture":"#5"},"up":{"uv":[10,7,11.999,8.999],"texture":"#5"},"down":{"uv":[10,7,11.999,8.999],"texture":"#5"}}},{"from":[7.75,8,7.25],"to":[9.25,8.5,7.75],"rotation":{"angle":45,"axis":"x","origin":[8.5,8.25,7.5]},"faces":{"north":{"uv":[7,8,8.999,9.999],"texture":"#5"},"east":{"uv":[7,8,8.999,9.999],"texture":"#5"},"south":{"uv":[7,8,8.999,9.999],"texture":"#5"},"west":{"uv":[7,8,8.999,9.999],"texture":"#5"},"up":{"uv":[7,8,8.999,9.999],"texture":"#5"},"down":{"uv":[7,8,8.999,9.999],"texture":"#5"}}},{"from":[7.775,10,7.25],"to":[9.225,10.5,7.75],"rotation":{"angle":0,"axis":"x","origin":[8.5,10.25,7.5]},"faces":{"north":{"uv":[5,3,6.999,4.999],"texture":"#5"},"east":{"uv":[5,3,6.999,4.999],"texture":"#5"},"south":{"uv":[5,3,6.999,4.999],"texture":"#5"},"west":{"uv":[5,3,6.999,4.999],"texture":"#5"},"up":{"uv":[5,3,6.999,4.999],"texture":"#5"},"down":{"uv":[5,3,6.999,4.999],"texture":"#5"}}},{"from":[7.775,9,7.25],"to":[9.225,9.5,7.75],"rotation":{"angle":0,"axis":"x","origin":[8.5,9.25,7.5]},"faces":{"north":{"uv":[6,5,7.998,6.999],"texture":"#5"},"east":{"uv":[6,5,7.998,6.999],"texture":"#5"},"south":{"uv":[6,5,7.998,6.999],"texture":"#5"},"west":{"uv":[6,5,7.998,6.999],"texture":"#5"},"up":{"uv":[6,5,7.998,6.999],"texture":"#5"},"down":{"uv":[6,5,7.998,6.999],"texture":"#5"}}},{"from":[7.775,8,7.25],"to":[9.225,8.5,7.75],"rotation":{"angle":0,"axis":"x","origin":[8.5,8.25,7.5]},"faces":{"north":{"uv":[8,7,9.997,8.999],"texture":"#5"},"east":{"uv":[8,7,9.997,8.999],"texture":"#5"},"south":{"uv":[8,7,9.997,8.999],"texture":"#5"},"west":{"uv":[8,7,9.997,8.999],"texture":"#5"},"up":{"uv":[8,7,9.997,8.999],"texture":"#5"},"down":{"uv":[8,7,9.997,8.999],"texture":"#5"}}},{"from":[7.8,6,7.25],"to":[9.2,6.5,7.75],"rotation":{"angle":45,"axis":"x","origin":[8.5,6.25,7.5]},"faces":{"north":{"uv":[4,2,6,3.999],"texture":"#5"},"east":{"uv":[4,2,6,3.999],"texture":"#5"},"south":{"uv":[4,2,6,3.999],"texture":"#5"},"west":{"uv":[4,2,6,3.999],"texture":"#5"},"up":{"uv":[4,2,6,3.999],"texture":"#5"},"down":{"uv":[4,2,6,3.999],"texture":"#5"}}},{"from":[7.85,6,7.25],"to":[9.15,6.5,7.75],"rotation":{"angle":0,"axis":"x","origin":[8.5,6.25,7.5]},"faces":{"north":{"uv":[1,1,3,3],"texture":"#5"},"east":{"uv":[1,1,3,3],"texture":"#5"},"south":{"uv":[1,1,3,3],"texture":"#5"},"west":{"uv":[1,1,3,3],"texture":"#5"},"up":{"uv":[1,1,3,3],"texture":"#5"},"down":{"uv":[1,1,3,3],"texture":"#5"}}},{"from":[7.85,5,7.25],"to":[9.15,5.5,7.75],"rotation":{"angle":0,"axis":"x","origin":[8.5,5.25,7.5]},"faces":{"north":{"uv":[6,5,7.999,6.999],"texture":"#5"},"east":{"uv":[6,5,7.999,6.999],"texture":"#5"},"south":{"uv":[6,5,7.999,6.999],"texture":"#5"},"west":{"uv":[6,5,7.999,6.999],"texture":"#5"},"up":{"uv":[6,5,7.999,6.999],"texture":"#5"},"down":{"uv":[6,5,7.999,6.999],"texture":"#5"}}},{"from":[7.85,4,7.25],"to":[9.15,4.5,7.75],"rotation":{"angle":0,"axis":"x","origin":[8.5,4.25,7.5]},"faces":{"north":{"uv":[7,10,8.999,11.999],"texture":"#5"},"east":{"uv":[7,10,8.999,11.999],"texture":"#5"},"south":{"uv":[7,10,8.999,11.999],"texture":"#5"},"west":{"uv":[7,10,8.999,11.999],"texture":"#5"},"up":{"uv":[7,10,8.999,11.999],"texture":"#5"},"down":{"uv":[7,10,8.999,11.999],"texture":"#5"}}},{"from":[7.8,5,7.25],"to":[9.2,5.5,7.75],"rotation":{"angle":45,"axis":"x","origin":[8.5,5.25,7.5]},"faces":{"north":{"uv":[6,2,7.999,3.999],"texture":"#5"},"east":{"uv":[6,2,7.999,3.999],"texture":"#5"},"south":{"uv":[6,2,7.999,3.999],"texture":"#5"},"west":{"uv":[6,2,7.999,3.999],"texture":"#5"},"up":{"uv":[6,2,7.999,3.999],"texture":"#5"},"down":{"uv":[6,2,7.999,3.999],"texture":"#5"}}},{"from":[7.8,4,7.25],"to":[9.2,4.5,7.75],"rotation":{"angle":45,"axis":"x","origin":[8.5,4.25,7.5]},"faces":{"north":{"uv":[7,4,8.999,5.999],"texture":"#5"},"east":{"uv":[7,4,8.999,5.999],"texture":"#5"},"south":{"uv":[7,4,8.999,5.999],"texture":"#5"},"west":{"uv":[7,4,8.999,5.999],"texture":"#5"},"up":{"uv":[7,4,8.999,5.999],"texture":"#5"},"down":{"uv":[7,4,8.999,5.999],"texture":"#5"}}},{"from":[7.8,-3,7.25],"to":[9.2,-2.5,7.75],"rotation":{"angle":45,"axis":"x","origin":[8.5,-2.75,7.5]},"faces":{"north":{"uv":[5,4,6.999,5.999],"texture":"#5"},"east":{"uv":[5,4,6.999,5.999],"texture":"#5"},"south":{"uv":[5,4,6.999,5.999],"texture":"#5"},"west":{"uv":[5,4,6.999,5.999],"texture":"#5"},"up":{"uv":[5,4,6.999,5.999],"texture":"#5"},"down":{"uv":[5,4,6.999,5.999],"texture":"#5"}}},{"from":[7.85,-3,7.25],"to":[9.15,-2.5,7.75],"rotation":{"angle":0,"axis":"x","origin":[8.5,-2.75,7.5]},"faces":{"north":{"uv":[5,4,6.999,5.999],"rotation":180,"texture":"#5"},"east":{"uv":[5,4,6.999,5.999],"rotation":270,"texture":"#5"},"south":{"uv":[5,4,6.999,5.999],"texture":"#5"},"west":{"uv":[5,4,6.999,5.999],"rotation":90,"texture":"#5"},"up":{"uv":[5,4,6.999,5.999],"rotation":180,"texture":"#5"},"down":{"uv":[5,4,6.999,5.999],"texture":"#5"}}},{"from":[7.9,7.4,6.9],"to":[9.1,11.1,8.1],"rotation":{"angle":0,"axis":"y","origin":[8.5,9.75,7.5]},"faces":{"north":{"uv":[9,7,12.999,12.999],"texture":"#5"},"east":{"uv":[7,7,11,12.999],"texture":"#5"},"south":{"uv":[5,3,8.998,8.998],"texture":"#5"},"west":{"uv":[4,3,8,8.999],"texture":"#5"},"up":{"uv":[0,0,4,6],"texture":"#5"},"down":{"uv":[0,0,4,6],"texture":"#5"}}},{"from":[7.86,10.2,1.7],"to":[9.14,10.45,2.075],"rotation":{"angle":0,"axis":"y","origin":[8.5,10.325,1.8875]},"faces":{"north":{"uv":[3,4,6.995,6.994],"texture":"#5"},"east":{"uv":[3,4,6.995,6.994],"texture":"#5"},"south":{"uv":[3,4,6.995,6.994],"texture":"#5"},"west":{"uv":[3,4,6.995,6.994],"texture":"#5"},"up":{"uv":[3,4,6.995,6.994],"texture":"#5"},"down":{"uv":[3,4,6.995,6.994],"texture":"#5"}}},{"from":[7.87,10.17,2.07],"to":[9.13,10.73,6.63],"rotation":{"angle":0,"axis":"y","origin":[8.5,10.45,2.85]},"faces":{"north":{"uv":[5,4,8.995,5.995],"texture":"#5"},"east":{"uv":[5,4,8.995,5.995],"texture":"#5"},"south":{"uv":[5,4,8.995,5.995],"texture":"#5"},"west":{"uv":[5,4,8.995,5.995],"texture":"#5"},"up":{"uv":[5,4,8.995,5.995],"texture":"#5"},"down":{"uv":[5,4,8.995,5.995],"texture":"#5"}}},{"from":[7.86,9.16,1.36],"to":[9.14,10.24,6.94],"rotation":{"angle":0,"axis":"y","origin":[8.5,9.7,2.65]},"faces":{"north":{"uv":[4,10,10.997,12.996],"texture":"#5"},"east":{"uv":[4,10,10.997,12.996],"texture":"#5"},"south":{"uv":[4,10,10.997,12.996],"texture":"#5"},"west":{"uv":[10.999,10,3,12.996],"texture":"#5"},"up":{"uv":[4,10,10.997,12.996],"texture":"#5"},"down":{"uv":[4,10,10.997,12.996],"texture":"#5"}}},{"from":[7.9,8.8,0.9],"to":[9.1,9.8,1.9],"rotation":{"angle":0,"axis":"y","origin":[8.5,9.3,1.4]},"faces":{"north":{"uv":[4,12,7.998,14.995],"texture":"#5"},"east":{"uv":[4,12,7.998,14.995],"texture":"#5"},"south":{"uv":[4,12,7.998,14.995],"texture":"#5"},"west":{"uv":[4,12,7.998,14.995],"texture":"#5"},"up":{"uv":[4,12,7.998,14.995],"texture":"#5"},"down":{"uv":[4,12,7.998,14.995],"texture":"#5"}}},{"from":[8.1,7.75,-0.3],"to":[8.9,8.35,0.3],"rotation":{"angle":0,"axis":"y","origin":[8.5,7.8,0]},"faces":{"north":{"uv":[6,8,7.993,9.994],"texture":"#5"},"east":{"uv":[6,8,7.993,9.994],"texture":"#5"},"south":{"uv":[6,8,7.993,9.994],"texture":"#5"},"west":{"uv":[6,8,7.993,9.994],"texture":"#5"},"up":{"uv":[6,8,7.993,9.994],"texture":"#5"},"down":{"uv":[6,8,7.993,9.994],"texture":"#5"}}},{"from":[8.2,7.6,-0.5],"to":[8.8,8,-0.1],"rotation":{"angle":0,"axis":"y","origin":[8.5,7.8,-0.3]},"faces":{"north":{"uv":[6,8,7.993,9.994],"texture":"#5"},"east":{"uv":[6,8,7.993,9.994],"texture":"#5"},"south":{"uv":[6,8,7.993,9.994],"texture":"#5"},"west":{"uv":[6,8,7.993,9.994],"texture":"#5"},"up":{"uv":[6,8,7.993,9.994],"texture":"#5"},"down":{"uv":[6,8,7.993,9.994],"texture":"#5"}}},{"from":[8.2,7.45,-0.8],"to":[8.8,7.85,-0.4],"rotation":{"angle":0,"axis":"y","origin":[8.5,7.8,-0.3]},"faces":{"north":{"uv":[6,8,7.993,9.994],"texture":"#5"},"east":{"uv":[6,8,7.993,9.994],"texture":"#5"},"south":{"uv":[6,8,7.993,9.994],"texture":"#5"},"west":{"uv":[6,8,7.993,9.994],"texture":"#5"},"up":{"uv":[6,8,7.993,9.994],"texture":"#5"},"down":{"uv":[6,8,7.993,9.994],"texture":"#5"}}},{"from":[8.22,7.37,-1.08],"to":[8.78,7.73,-0.72],"rotation":{"angle":0,"axis":"y","origin":[8.5,7.55,-0.9]},"faces":{"north":{"uv":[6,6,7.992,7.994],"texture":"#5"},"east":{"uv":[6,6,7.992,7.994],"texture":"#5"},"south":{"uv":[6,6,7.992,7.994],"texture":"#5"},"west":{"uv":[6,6,7.992,7.994],"texture":"#5"},"up":{"uv":[6,6,7.992,7.994],"texture":"#5"},"down":{"uv":[6,6,7.992,7.994],"texture":"#5"}}},{"from":[8,7.9,0.1],"to":[9,8.7,0.9],"rotation":{"angle":0,"axis":"y","origin":[8.5,8.3,0.5]},"faces":{"north":{"uv":[2,8,4.995,9.994],"texture":"#5"},"east":{"uv":[2,8,4.995,9.994],"texture":"#5"},"south":{"uv":[2,8,4.995,9.994],"texture":"#5"},"west":{"uv":[2,8,4.995,9.994],"texture":"#5"},"up":{"uv":[2,8,4.995,9.994],"texture":"#5"},"down":{"uv":[2,8,4.995,9.994],"texture":"#5"}}},{"from":[7.94,8.34,0.54],"to":[9.06,9.26,1.46],"rotation":{"angle":0,"axis":"y","origin":[8.5,8.8,1]},"faces":{"north":{"uv":[4,3,7.997,5.995],"texture":"#5"},"east":{"uv":[4,3,7.997,5.995],"texture":"#5"},"south":{"uv":[4,3,7.997,5.995],"texture":"#5"},"west":{"uv":[4,3,7.997,5.995],"texture":"#5"},"up":{"uv":[4,3,7.997,5.995],"texture":"#5"},"down":{"uv":[4,3,7.997,5.995],"texture":"#5"}}},{"from":[8.075,-1.925,7.075],"to":[8.925,3.925,7.925],"rotation":{"angle":0,"axis":"y","origin":[8.5,1,7.5]},"faces":{"north":{"uv":[0,0,16,16],"texture":"#2"},"east":{"uv":[0,0,16,16],"texture":"#2"},"south":{"uv":[0,0,16,16],"texture":"#2"},"west":{"uv":[0,0,16,16],"texture":"#2"},"up":{"uv":[0,0,16,16],"texture":"#2"},"down":{"uv":[0,0,16,16],"texture":"#2"}}},{"from":[7.975,-2.025,6.975],"to":[9.025,-1.325,8.025],"rotation":{"angle":0,"axis":"y","origin":[8.5,1,7.5]},"faces":{"north":{"uv":[0,0,16,16],"texture":"#2"},"east":{"uv":[0,0,16,16],"texture":"#2"},"south":{"uv":[0,0,16,16],"texture":"#2"},"west":{"uv":[0,0,16,16],"texture":"#2"},"up":{"uv":[0,0,16,16],"texture":"#2"},"down":{"uv":[0,0,16,16],"texture":"#2"}}},{"from":[7.975,2.65,6.975],"to":[9.025,3.35,8.025],"rotation":{"angle":0,"axis":"y","origin":[8.5,3,7.5]},"faces":{"north":{"uv":[0,0,16,16],"texture":"#2"},"east":{"uv":[0,0,16,16],"texture":"#2"},"south":{"uv":[0,0,16,16],"texture":"#2"},"west":{"uv":[0,0,16,16],"texture":"#2"},"up":{"uv":[0,0,16,16],"texture":"#2"},"down":{"uv":[0,0,16,16],"texture":"#2"}}},{"from":[7.92,-4.54,6.92],"to":[9.08,-3.88,8.08],"rotation":{"angle":0,"axis":"y","origin":[8.5,-4.21,7.5]},"faces":{"north":{"uv":[4,6,8,7.999],"texture":"#5"},"east":{"uv":[4,6,8,7.999],"texture":"#5"},"south":{"uv":[4,6,8,7.999],"texture":"#5"},"west":{"uv":[4,6,8,7.999],"texture":"#5"},"up":{"uv":[4,6,8,7.999],"texture":"#5"},"down":{"uv":[4,6,8,7.999],"texture":"#5"}}},{"from":[7.92,-4.54,6.92],"to":[9.08,-3.88,8.08],"rotation":{"angle":-45,"axis":"y","origin":[8.5,-4.21,7.5]},"faces":{"north":{"uv":[4,6,8,7.999],"texture":"#5"},"east":{"uv":[4,6,8,7.999],"texture":"#5"},"south":{"uv":[4,6,8,7.999],"texture":"#5"},"west":{"uv":[4,6,8,7.999],"texture":"#5"},"up":{"uv":[4,6,8,7.999],"rotation":270,"texture":"#5"},"down":{"uv":[4,6,8,7.999],"rotation":90,"texture":"#5"}}},{"from":[7.92,-4.54,6.92],"to":[9.08,-3.88,8.08],"rotation":{"angle":-22.5,"axis":"y","origin":[8.5,-4.21,7.5]},"faces":{"north":{"uv":[4,6,8,7.999],"texture":"#5"},"east":{"uv":[4,6,8,7.999],"texture":"#5"},"south":{"uv":[4,6,8,7.999],"texture":"#5"},"west":{"uv":[4,6,8,7.999],"texture":"#5"},"up":{"uv":[4,6,8,7.999],"rotation":270,"texture":"#5"},"down":{"uv":[4,6,8,7.999],"rotation":90,"texture":"#5"}}},{"from":[7.92,-4.54,6.92],"to":[9.08,-3.88,8.08],"rotation":{"angle":22.5,"axis":"y","origin":[8.5,-4.21,7.5]},"faces":{"north":{"uv":[4,6,8,7.999],"texture":"#5"},"east":{"uv":[4,6,8,7.999],"texture":"#5"},"south":{"uv":[4,6,8,7.999],"texture":"#5"},"west":{"uv":[4,6,8,7.999],"texture":"#5"},"up":{"uv":[4,6,8,7.999],"texture":"#5"},"down":{"uv":[4,6,8,7.999],"texture":"#5"}}},{"from":[7.96,11.5,6.96],"to":[9.04,12.08,8.04],"rotation":{"angle":0,"axis":"y","origin":[8.5,11.79,7.5]},"faces":{"north":{"uv":[0,0,5,5],"texture":"#3"},"east":{"uv":[0,0,5,5],"texture":"#3"},"south":{"uv":[0,0,5,5],"texture":"#3"},"west":{"uv":[0,0,5,5],"texture":"#3"},"up":{"uv":[0,0,5,5],"texture":"#3"},"down":{"uv":[0,0,5,5],"texture":"#3"}}}],"display":{"thirdperson_righthand":{"translation":[-1,6.5,1.5],"scale":[1.2,1.2,1.2]},"thirdperson_lefthand":{"translation":[0.25,6.5,1.5],"scale":[1.2,1.2,1.2]},"firstperson_righthand":{"rotation":[-5,0,0],"translation":[3.5,5.5,-0.75],"scale":[1.2,1.2,1.2]},"firstperson_lefthand":{"rotation":[-5,0,0],"translation":[3.5,5.5,-0.75],"scale":[1.2,1.2,1.2]},"ground":{"translation":[0,11,0],"scale":[1.2,1.2,1.2]},"gui":{"rotation":[-45,-41,-62],"translation":[1.25,3,0]},"head":{"rotation":[-80,0,0],"translation":[-0.25,9.75,0],"scale":[1.2,-1.2,1.2]},"fixed":{"rotation":[0,90,0],"translation":[1,5.25,-0.5],"scale":[1.2,1.2,1.2]}}}