{"credit":"Made with Blockbench","textures":{"0":"custom/raddadste","4":"custom/texture","5":"custom/cobblestone"},"elements":[{"from":[8.075,-1.925,7.075],"to":[8.925,2.925,7.925],"rotation":{"angle":0,"axis":"y","origin":[8.5,0.5,7.5]},"faces":{"north":{"uv":[0,0,16,16],"texture":"#0"},"east":{"uv":[0,0,16,16],"texture":"#0"},"south":{"uv":[0,0,16,16],"texture":"#0"},"west":{"uv":[0,0,16,16],"texture":"#0"},"up":{"uv":[0,0,16,16],"texture":"#0"},"down":{"uv":[0,0,16,16],"texture":"#0"}}},{"from":[7.98,-0.52,7.23],"to":[9.02,0.02,7.77],"rotation":{"angle":45,"axis":"x","origin":[8.5,-0.25,7.5]},"faces":{"north":{"uv":[4,4,6,6],"texture":"#4"},"east":{"uv":[4,4,6,6],"texture":"#4"},"south":{"uv":[4,4,6,6],"texture":"#4"},"west":{"uv":[4,4,6,6],"texture":"#4"},"up":{"uv":[4,4,6,6],"texture":"#4"},"down":{"uv":[4,4,6,6],"texture":"#4"}}},{"from":[7.98,0.48,7.23],"to":[9.02,1.02,7.77],"rotation":{"angle":45,"axis":"x","origin":[8.5,0.75,7.5]},"faces":{"north":{"uv":[4,4,6,6],"texture":"#4"},"east":{"uv":[4,4,6,6],"texture":"#4"},"south":{"uv":[4,4,6,6],"texture":"#4"},"west":{"uv":[4,4,6,6],"texture":"#4"},"up":{"uv":[4,4,6,6],"texture":"#4"},"down":{"uv":[4,4,6,6],"texture":"#4"}}},{"from":[7.98,2.48,7.23],"to":[9.02,3.02,7.77],"rotation":{"angle":45,"axis":"x","origin":[8.5,2.75,7.5]},"faces":{"north":{"uv":[4,4,6,6],"texture":"#4"},"east":{"uv":[4,4,6,6],"texture":"#4"},"south":{"uv":[4,4,6,6],"texture":"#4"},"west":{"uv":[4,4,6,6],"texture":"#4"},"up":{"uv":[4,4,6,6],"texture":"#4"},"down":{"uv":[4,4,6,6],"texture":"#4"}}},{"from":[7.98,1.48,7.23],"to":[9.02,2.02,7.77],"rotation":{"angle":45,"axis":"x","origin":[8.5,1.75,7.5]},"faces":{"north":{"uv":[4,4,6,6],"texture":"#4"},"east":{"uv":[4,4,6,6],"texture":"#4"},"south":{"uv":[4,4,6,6],"texture":"#4"},"west":{"uv":[4,4,6,6],"texture":"#4"},"up":{"uv":[4,4,6,6],"texture":"#4"},"down":{"uv":[4,4,6,6],"texture":"#4"}}},{"from":[7.98,-1.52,7.23],"to":[9.02,-0.98,7.77],"rotation":{"angle":45,"axis":"x","origin":[8.5,-1.25,7.5]},"faces":{"north":{"uv":[4,4,6,6],"texture":"#4"},"east":{"uv":[4,4,6,6],"texture":"#4"},"south":{"uv":[4,4,6,6],"texture":"#4"},"west":{"uv":[4,4,6,6],"texture":"#4"},"up":{"uv":[4,4,6,6],"texture":"#4"},"down":{"uv":[4,4,6,6],"texture":"#4"}}},{"from":[7.96,2.96,5.96],"to":[9.04,4.04,9.04],"rotation":{"angle":0,"axis":"y","origin":[8.5,3.5,7.5]},"faces":{"north":{"uv":[0,13,7,16],"texture":"#4"},"east":{"uv":[0,13,7,16],"texture":"#4"},"south":{"uv":[0,13,7,16],"texture":"#4"},"west":{"uv":[0,13,7,16],"texture":"#4"},"up":{"uv":[0,13,7,16],"texture":"#4"},"down":{"uv":[0,13,7,16],"texture":"#4"}}},{"from":[7.96,3.96,7.125],"to":[9.04,5.56,7.875],"rotation":{"angle":0,"axis":"y","origin":[8.5,4.76,7.5]},"faces":{"north":{"uv":[0,13,7,16],"texture":"#4"},"east":{"uv":[0,13,7,16],"texture":"#4"},"south":{"uv":[0,13,7,16],"texture":"#4"},"west":{"uv":[0,13,7,16],"texture":"#4"},"up":{"uv":[0,13,7,16],"texture":"#4"},"down":{"uv":[0,13,7,16],"texture":"#4"}}},{"from":[7.97,3.15,8.57],"to":[9.03,4.21,9.63],"rotation":{"angle":-22.5,"axis":"x","origin":[8.5,3.68,9.1]},"faces":{"north":{"uv":[0,0,16,16],"texture":"#4"},"east":{"uv":[0,0,16,16],"texture":"#4"},"south":{"uv":[0,0,16,16],"texture":"#4"},"west":{"uv":[0,0,16,16],"texture":"#4"},"up":{"uv":[0,0,16,16],"texture":"#4"},"down":{"uv":[0,0,16,16],"texture":"#4"}}},{"from":[7.97,3.15,5.37],"to":[9.03,4.21,6.43],"rotation":{"angle":22.5,"axis":"x","origin":[8.5,3.68,5.9]},"faces":{"north":{"uv":[0,0,16,16],"texture":"#4"},"east":{"uv":[0,0,16,16],"texture":"#4"},"south":{"uv":[0,0,16,16],"texture":"#4"},"west":{"uv":[0,0,16,16],"texture":"#4"},"up":{"uv":[0,0,16,16],"texture":"#4"},"down":{"uv":[0,0,16,16],"texture":"#4"}}},{"from":[7.96,-2.54,6.96],"to":[9.04,-1.84,8.04],"rotation":{"angle":0,"axis":"y","origin":[8.5,-2.19,7.5]},"faces":{"north":{"uv":[0,0,16,16],"texture":"#4"},"east":{"uv":[0,0,16,16],"texture":"#4"},"south":{"uv":[0,0,16,16],"texture":"#4"},"west":{"uv":[0,0,16,16],"texture":"#4"},"up":{"uv":[0,0,16,16],"texture":"#4"},"down":{"uv":[0,0,16,16],"texture":"#4"}}},{"from":[8.375,4,7.25],"to":[8.625,14,7.75],"rotation":{"angle":0,"axis":"y","origin":[8.5,9,7.5]},"faces":{"north":{"uv":[2,0,2.998,15.999],"texture":"#5"},"east":{"uv":[2,0,2.998,15.999],"texture":"#5"},"south":{"uv":[2,0,2.998,15.999],"texture":"#5"},"west":{"uv":[2,0,2.998,15.999],"texture":"#5"},"up":{"uv":[2,0,2.998,15.999],"texture":"#5"},"down":{"uv":[2,0,2.998,15.999],"texture":"#5"}}},{"from":[8.375,4,6.5],"to":[8.625,14,6.75],"rotation":{"angle":0,"axis":"y","origin":[8.48778,14.50173,7.51049]},"faces":{"north":{"uv":[-0.001,0,0.999,15.999],"texture":"#5"},"east":{"uv":[-0.001,0,0.999,15.999],"texture":"#5"},"south":{"uv":[-0.001,0,0.999,15.999],"texture":"#5"},"west":{"uv":[-0.001,0,0.999,15.999],"texture":"#5"},"up":{"uv":[-0.001,0,0.999,15.999],"texture":"#5"},"down":{"uv":[-0.001,0,0.999,15.999],"texture":"#5"}}},{"from":[8.375,12,8.5],"to":[8.625,13,8.75],"rotation":{"angle":0,"axis":"y","origin":[8.5,12.5,8.625]},"faces":{"north":{"uv":[5,13,6,14],"texture":"#5"},"east":{"uv":[5,13,6,14],"texture":"#5"},"south":{"uv":[5,13,6,14],"texture":"#5"},"west":{"uv":[5,13,6,14],"texture":"#5"},"up":{"uv":[5,13,6,14],"texture":"#5"},"down":{"uv":[5,13,6,14],"texture":"#5"}}},{"from":[8.375,10,8.5],"to":[8.625,11,8.75],"rotation":{"angle":0,"axis":"y","origin":[8.5,10.5,8.625]},"faces":{"north":{"uv":[8,8,9,9],"texture":"#5"},"east":{"uv":[8,8,9,9],"texture":"#5"},"south":{"uv":[8,8,9,9],"texture":"#5"},"west":{"uv":[8,8,9,9],"texture":"#5"},"up":{"uv":[8,8,9,9],"texture":"#5"},"down":{"uv":[8,8,9,9],"texture":"#5"}}},{"from":[8.375,8,8.5],"to":[8.625,9,8.75],"rotation":{"angle":0,"axis":"y","origin":[8.5,8.5,8.625]},"faces":{"north":{"uv":[6,12,6.999,12.999],"texture":"#5"},"east":{"uv":[6,12,6.999,12.999],"texture":"#5"},"south":{"uv":[6,12,6.999,12.999],"texture":"#5"},"west":{"uv":[6,12,6.999,12.999],"texture":"#5"},"up":{"uv":[6,12,6.999,12.999],"texture":"#5"},"down":{"uv":[6,12,6.999,12.999],"texture":"#5"}}},{"from":[8.375,6,8.5],"to":[8.625,7,8.75],"rotation":{"angle":0,"axis":"y","origin":[8.5,6.5,8.625]},"faces":{"north":{"uv":[5,13,6,14],"texture":"#5"},"east":{"uv":[5,13,6,14],"texture":"#5"},"south":{"uv":[5,13,6,14],"texture":"#5"},"west":{"uv":[5,13,6,14],"texture":"#5"},"up":{"uv":[5,13,6,14],"texture":"#5"},"down":{"uv":[5,13,6,14],"texture":"#5"}}},{"from":[8.375,4,8.5],"to":[8.625,5,8.75],"rotation":{"angle":0,"axis":"y","origin":[8.5,4.5,8.625]},"faces":{"north":{"uv":[5,13,6,14],"texture":"#5"},"east":{"uv":[5,13,6,14],"texture":"#5"},"south":{"uv":[5,13,6,14],"texture":"#5"},"west":{"uv":[5,13,6,14],"texture":"#5"},"up":{"uv":[5,13,6,14],"texture":"#5"},"down":{"uv":[5,13,6,14],"texture":"#5"}}},{"from":[8.375,4,6.25],"to":[8.625,6,6.5],"rotation":{"angle":0,"axis":"y","origin":[8.5,5,6.375]},"faces":{"north":{"uv":[5,13,6,14],"texture":"#5"},"east":{"uv":[5,13,6,14],"texture":"#5"},"south":{"uv":[5,13,6,14],"texture":"#5"},"west":{"uv":[6,12,6.999,13.999],"texture":"#5"},"up":{"uv":[5,13,6,14],"texture":"#5"},"down":{"uv":[5,13,6,14],"texture":"#5"}}},{"from":[8.375,6,6.375],"to":[8.625,7,6.5],"rotation":{"angle":0,"axis":"y","origin":[8.5,6.5,6.4375]},"faces":{"north":{"uv":[12,4.998,12.999,5.998],"texture":"#5"},"east":{"uv":[12,4.998,12.999,5.998],"texture":"#5"},"south":{"uv":[12,4.998,12.999,5.998],"texture":"#5"},"west":{"uv":[12,4.998,12.999,5.998],"texture":"#5"},"up":{"uv":[12,4.998,12.999,5.998],"texture":"#5"},"down":{"uv":[12,4.998,12.999,5.998],"texture":"#5"}}},{"from":[8.375,4,8.25],"to":[8.625,14,8.5],"rotation":{"angle":0,"axis":"y","origin":[8.5,4.5,8.375]},"faces":{"north":{"uv":[3.999,0,4.999,16],"texture":"#5"},"east":{"uv":[3.999,0,4.999,16],"texture":"#5"},"south":{"uv":[3.999,0,4.999,16],"texture":"#5"},"west":{"uv":[3.999,0,4.999,16],"texture":"#5"},"up":{"uv":[3.999,0,4.999,16],"texture":"#5"},"down":{"uv":[3.999,0,4.999,16],"texture":"#5"}}},{"from":[8.375,14,7.25],"to":[8.625,25,7.75],"rotation":{"angle":0,"axis":"y","origin":[8.48778,15.50173,7.51049]},"faces":{"north":{"uv":[8,0,8.998,15.999],"texture":"#5"},"east":{"uv":[8,0,8.998,15.999],"texture":"#5"},"south":{"uv":[8,0,8.998,15.999],"texture":"#5"},"west":{"uv":[8,0,8.998,15.999],"texture":"#5"},"up":{"uv":[8,0,8.998,15.999],"texture":"#5"},"down":{"uv":[8,0,8.998,15.999],"texture":"#5"}}},{"from":[8.375,14,6.5],"to":[8.625,25,6.75],"rotation":{"angle":0,"axis":"y","origin":[8.48778,14.50173,7.51049]},"faces":{"north":{"uv":[6,0,6.998,15.999],"texture":"#5"},"east":{"uv":[6,0,6.998,15.999],"texture":"#5"},"south":{"uv":[6,0,6.998,15.999],"texture":"#5"},"west":{"uv":[6,0,6.998,15.999],"texture":"#5"},"up":{"uv":[6,0,6.997,0.999],"texture":"#5"},"down":{"uv":[6,0,6.998,15.999],"texture":"#5"}}},{"from":[8.375,14,8.25],"to":[8.625,25,8.5],"rotation":{"angle":0,"axis":"y","origin":[8.5,19.5,8.375]},"faces":{"north":{"uv":[10,0,10.998,15.999],"texture":"#5"},"east":{"uv":[10,0,10.998,15.999],"texture":"#5"},"south":{"uv":[10,0,10.998,15.999],"texture":"#5"},"west":{"uv":[10,0,10.998,15.999],"texture":"#5"},"up":{"uv":[10,0,10.998,0.999],"texture":"#5"},"down":{"uv":[10,0,10.998,15.999],"texture":"#5"}}},{"from":[8.375,14.5,8.5],"to":[8.625,24.5,8.75],"rotation":{"angle":0,"axis":"y","origin":[8.5,19.5,8.625]},"faces":{"north":{"uv":[11,0,11.998,14.998],"texture":"#5"},"east":{"uv":[11,0,11.998,14.998],"texture":"#5"},"south":{"uv":[11,0,11.998,14.998],"texture":"#5"},"west":{"uv":[11,0,11.998,14.998],"texture":"#5"},"up":{"uv":[11,0,11.998,14.998],"texture":"#5"},"down":{"uv":[11,0,11.998,14.998],"texture":"#5"}}},{"from":[8.375,16,8.75],"to":[8.625,23,8.875],"rotation":{"angle":0,"axis":"y","origin":[8.5,19.5,8.8125]},"faces":{"north":{"uv":[15,1,15.999,13.998],"texture":"#5"},"east":{"uv":[15,1,15.999,13.998],"texture":"#5"},"south":{"uv":[15,1,15.999,13.998],"texture":"#5"},"west":{"uv":[15,1,15.999,13.998],"texture":"#5"},"up":{"uv":[15,1,15.999,13.998],"texture":"#5"},"down":{"uv":[15,1,15.999,13.998],"texture":"#5"}}},{"from":[8.375,16,6.125],"to":[8.625,23,6.25],"rotation":{"angle":0,"axis":"y","origin":[8.5,19.5,6.1875]},"faces":{"north":{"uv":[14,1,14.998,13.998],"texture":"#5"},"east":{"uv":[14,1,14.998,13.998],"texture":"#5"},"south":{"uv":[14,1,14.998,13.998],"texture":"#5"},"west":{"uv":[14,1,14.998,13.998],"texture":"#5"},"up":{"uv":[14,1,14.998,13.998],"texture":"#5"},"down":{"uv":[14,1,14.998,13.998],"texture":"#5"}}},{"from":[8.375,14.5,6.25],"to":[8.625,24.5,6.5],"rotation":{"angle":0,"axis":"y","origin":[8.5,19.5,6.375]},"faces":{"north":{"uv":[12,0,12.997,14.998],"texture":"#5"},"east":{"uv":[12,0,12.997,14.998],"texture":"#5"},"south":{"uv":[12,0,12.997,14.998],"texture":"#5"},"west":{"uv":[12,0,12.997,14.998],"texture":"#5"},"up":{"uv":[12,0,12.997,14.998],"texture":"#5"},"down":{"uv":[12,0,12.997,14.998],"texture":"#5"}}},{"from":[8.375,25,7.25],"to":[8.625,25.25,7.75],"rotation":{"angle":0,"axis":"y","origin":[8.46924,26.12669,7.52907]},"faces":{"north":{"uv":[10,0,10.998,0.999],"texture":"#5"},"east":{"uv":[10,0,10.998,0.999],"texture":"#5"},"south":{"uv":[10,0,10.998,0.999],"texture":"#5"},"west":{"uv":[10,0,10.998,0.999],"texture":"#5"},"up":{"uv":[10,0,10.998,0.999],"texture":"#5"},"down":{"uv":[10,0,10.998,0.999],"texture":"#5"}}},{"from":[8.375,25,6.75],"to":[8.625,25.375,7.25],"rotation":{"angle":0,"axis":"y","origin":[8.5,26.1875,7]},"faces":{"north":{"uv":[0,0,0.999,0.999],"texture":"#5"},"east":{"uv":[0,0,0.999,0.999],"texture":"#5"},"south":{"uv":[0,0,0.999,0.999],"texture":"#5"},"west":{"uv":[0,0,0.999,0.999],"texture":"#5"},"up":{"uv":[0,0,0.999,0.999],"texture":"#5"},"down":{"uv":[0,0,0.999,0.999],"texture":"#5"}}},{"from":[8.375,25.375,6.75],"to":[8.625,25.75,7.25],"rotation":{"angle":0,"axis":"y","origin":[8.5,26.5625,7]},"faces":{"north":{"uv":[4,0,5.998,0.999],"texture":"#5"},"east":{"uv":[4,0,5.998,0.999],"texture":"#5"},"south":{"uv":[4,0,5.998,0.999],"texture":"#5"},"west":{"uv":[4,0,5.998,0.999],"texture":"#5"},"up":{"uv":[4,0,5.998,0.999],"texture":"#5"},"down":{"uv":[4,0,5.998,0.999],"texture":"#5"}}},{"from":[8.375,25,7.75],"to":[8.625,25.375,8.25],"rotation":{"angle":0,"axis":"y","origin":[8.5,26.1875,8]},"faces":{"north":{"uv":[0,0,0.999,0.999],"texture":"#5"},"east":{"uv":[0,0,0.999,0.999],"texture":"#5"},"south":{"uv":[0,0,0.999,0.999],"texture":"#5"},"west":{"uv":[0,0,0.999,0.999],"texture":"#5"},"up":{"uv":[0,0,0.999,0.999],"texture":"#5"},"down":{"uv":[0,0,0.999,0.999],"texture":"#5"}}},{"from":[8.375,25.375,7.75],"to":[8.625,25.75,8.25],"rotation":{"angle":0,"axis":"y","origin":[8.5,26.5625,8]},"faces":{"north":{"uv":[0,0,1.999,0.999],"texture":"#5"},"east":{"uv":[0,0,1.999,0.999],"texture":"#5"},"south":{"uv":[0,0,1.999,0.999],"texture":"#5"},"west":{"uv":[0,0,1.999,0.999],"texture":"#5"},"up":{"uv":[0,0,1.999,0.999],"texture":"#5"},"down":{"uv":[0,0,1.999,0.999],"texture":"#5"}}},{"from":[8.375,25.75,7],"to":[8.625,26.125,7.25],"rotation":{"angle":0,"axis":"y","origin":[8.46716,26.93985,7.15549]},"faces":{"north":{"uv":[2,0,2.998,0.999],"texture":"#5"},"east":{"uv":[2,0,2.998,0.999],"texture":"#5"},"south":{"uv":[2,0,2.998,0.999],"texture":"#5"},"west":{"uv":[2,0,2.998,0.999],"texture":"#5"},"up":{"uv":[2,0,2.998,0.999],"texture":"#5"},"down":{"uv":[2,0,2.998,0.999],"texture":"#5"}}},{"from":[8.375,25.75,7.75],"to":[8.625,26.125,8],"rotation":{"angle":0,"axis":"y","origin":[8.5,25.9375,7.875]},"faces":{"north":{"uv":[2,0,2.998,0.999],"texture":"#5"},"east":{"uv":[2,0,2.998,0.999],"texture":"#5"},"south":{"uv":[2,0,2.998,0.999],"texture":"#5"},"west":{"uv":[2,0,2.998,0.999],"texture":"#5"},"up":{"uv":[2,0,2.998,0.999],"texture":"#5"},"down":{"uv":[2,0,2.998,0.999],"texture":"#5"}}},{"from":[8.375,25.25,7.25],"to":[8.625,26.5,7.75],"rotation":{"angle":0,"axis":"y","origin":[8.5,25.625,7.5]},"faces":{"north":{"uv":[1,0,1.996,2.997],"texture":"#5"},"east":{"uv":[1,0,1.996,2.997],"texture":"#5"},"south":{"uv":[1,0,1.996,2.997],"texture":"#5"},"west":{"uv":[1,0,1.996,2.997],"texture":"#5"},"up":{"uv":[2,0,2.994,0.996],"texture":"#5"},"down":{"uv":[1,2,1.995,2.996],"texture":"#5"}}},{"from":[8.25,4,7.75],"to":[8.75,14,8.25],"rotation":{"angle":0,"axis":"y","origin":[8.5,14.5,8]},"faces":{"north":{"uv":[3,0,3.996,15.999],"texture":"#5"},"east":{"uv":[3,0,3.996,15.999],"texture":"#5"},"south":{"uv":[3,0,3.996,15.999],"texture":"#5"},"west":{"uv":[3,0,3.996,15.999],"texture":"#5"},"up":{"uv":[3,0,3.996,15.999],"texture":"#5"},"down":{"uv":[3,0,3.996,15.999],"texture":"#5"}}},{"from":[8.25,4,6.75],"to":[8.75,14,7.25],"rotation":{"angle":0,"axis":"y","origin":[8.5,14.5,8]},"faces":{"north":{"uv":[1,0,1.997,15.999],"texture":"#5"},"east":{"uv":[1,0,1.997,15.999],"texture":"#5"},"south":{"uv":[1,0,1.997,15.999],"texture":"#5"},"west":{"uv":[1,0,1.997,15.999],"texture":"#5"},"up":{"uv":[1,0,1.997,15.999],"texture":"#5"},"down":{"uv":[1,0,1.997,15.999],"texture":"#5"}}},{"from":[8.25,14,7.75],"to":[8.75,25,8.25],"rotation":{"angle":0,"axis":"y","origin":[8.5,15.5,8]},"faces":{"north":{"uv":[9,0,9.997,15.999],"texture":"#5"},"east":{"uv":[9,0,9.997,15.999],"texture":"#5"},"south":{"uv":[9,0,9.997,15.999],"texture":"#5"},"west":{"uv":[9,0,9.997,15.999],"texture":"#5"},"up":{"uv":[9,0,9.997,0.999],"texture":"#5"},"down":{"uv":[9,0,9.997,15.999],"texture":"#5"}}},{"from":[8.25,14,6.75],"to":[8.75,25,7.25],"rotation":{"angle":0,"axis":"y","origin":[8.5,15.5,8]},"faces":{"north":{"uv":[7,0,7.997,15.999],"texture":"#5"},"east":{"uv":[7,0,7.997,15.999],"texture":"#5"},"south":{"uv":[7,0,7.997,15.999],"texture":"#5"},"west":{"uv":[7,0,7.997,15.999],"texture":"#5"},"up":{"uv":[7,0,7.997,0.999],"texture":"#5"},"down":{"uv":[7,0,7.997,15.999],"texture":"#5"}}}],"display":{"thirdperson_righthand":{"translation":[-1,5.5,1.25],"scale":[1,1,1.3]},"thirdperson_lefthand":{"translation":[0,5.5,1.5],"scale":[1,1,1.3]},"firstperson_righthand":{"rotation":[-5,0,0],"translation":[0,3.25,-0.75],"scale":[0.8,0.8,1]},"firstperson_lefthand":{"rotation":[-5,0,0],"translation":[0,3.25,-0.75],"scale":[0.8,0.8,1]},"ground":{"translation":[0,6,0],"scale":[1,1,1.3]},"gui":{"rotation":[-45,-41,-62],"translation":[-2.25,-1.75,0],"scale":[0.8,0.8,1]},"head":{"translation":[-0.75,6.5,0],"scale":[1,-1,1.3]},"fixed":{"rotation":[0,90,0],"translation":[1,-1.25,-0.5],"scale":[1,1,1.3]}}}