{"credit":"Made with Blockbench","textures":{"2":"custom/texturedasteaxess","3":"custom/raddadste","5":"custom/cobblestone"},"elements":[{"from":[8,-4,7],"to":[9,-1.5,8],"rotation":{"angle":0,"axis":"y","origin":[8.5,-2.75,7.5]},"faces":{"north":{"uv":[0,0,16,16],"texture":"#3"},"east":{"uv":[0,0,16,16],"texture":"#3"},"south":{"uv":[0,0,16,16],"texture":"#3"},"west":{"uv":[0,0,16,16],"texture":"#3"},"up":{"uv":[0,0,16,16],"texture":"#3"},"down":{"uv":[0,0,16,16],"texture":"#3"}}},{"from":[8,3,7],"to":[9,11.5,8],"rotation":{"angle":0,"axis":"y","origin":[8.5,7.75,7.5]},"faces":{"north":{"uv":[0,0,16,16],"texture":"#3"},"east":{"uv":[0,0,16,16],"texture":"#3"},"south":{"uv":[0,0,16,16],"texture":"#3"},"west":{"uv":[0,0,16,16],"texture":"#3"},"up":{"uv":[0,0,16,16],"texture":"#3"},"down":{"uv":[0,0,16,16],"texture":"#3"}}},{"from":[7.8,10,7.25],"to":[9.2,10.5,7.75],"rotation":{"angle":45,"axis":"x","origin":[8.5,10.25,7.5]},"faces":{"north":{"uv":[0,0,16,16],"texture":"#3"},"east":{"uv":[0,0,16,16],"texture":"#3"},"south":{"uv":[0,0,16,16],"texture":"#3"},"west":{"uv":[0,0,16,16],"texture":"#3"},"up":{"uv":[0,0,16,16],"texture":"#3"},"down":{"uv":[0,0,16,16],"texture":"#3"}}},{"from":[7.8,9,7.25],"to":[9.2,9.5,7.75],"rotation":{"angle":45,"axis":"x","origin":[8.5,9.25,7.5]},"faces":{"north":{"uv":[0,0,16,16],"texture":"#3"},"east":{"uv":[0,0,16,16],"texture":"#3"},"south":{"uv":[0,0,16,16],"texture":"#3"},"west":{"uv":[0,0,16,16],"texture":"#3"},"up":{"uv":[0,0,16,16],"texture":"#3"},"down":{"uv":[0,0,16,16],"texture":"#3"}}},{"from":[7.8,8,7.25],"to":[9.2,8.5,7.75],"rotation":{"angle":45,"axis":"x","origin":[8.5,8.25,7.5]},"faces":{"north":{"uv":[0,0,16,16],"texture":"#3"},"east":{"uv":[0,0,16,16],"texture":"#3"},"south":{"uv":[0,0,16,16],"texture":"#3"},"west":{"uv":[0,0,16,16],"texture":"#3"},"up":{"uv":[0,0,16,16],"texture":"#3"},"down":{"uv":[0,0,16,16],"texture":"#3"}}},{"from":[7.9,7.4,6.9],"to":[9.1,11.1,8.1],"rotation":{"angle":0,"axis":"y","origin":[8.5,9.75,7.5]},"faces":{"north":{"uv":[9,7,12.999,12.999],"texture":"#5"},"east":{"uv":[7,7,11,12.999],"texture":"#5"},"south":{"uv":[3,3,6.999,8.999],"texture":"#5"},"west":{"uv":[4,3,8,8.999],"texture":"#5"},"up":{"uv":[0,0,4,6],"texture":"#5"},"down":{"uv":[0,0,4,6],"texture":"#5"}}},{"from":[7.9,8.4,8.1],"to":[9.1,10.4,9.1],"rotation":{"angle":0,"axis":"y","origin":[8.5,9.4,8.6]},"faces":{"north":{"uv":[4,4,7.998,9.997],"texture":"#5"},"east":{"uv":[4,4,7.998,9.997],"texture":"#5"},"south":{"uv":[4,4,7.998,9.997],"texture":"#5"},"west":{"uv":[4,4,7.998,9.997],"texture":"#5"},"up":{"uv":[4,4,7.998,6.996],"texture":"#5"},"down":{"uv":[4,7,7.998,9.997],"rotation":180,"texture":"#5"}}},{"from":[7.86,9.16,9.06],"to":[9.14,10.24,11.64],"rotation":{"angle":0,"axis":"y","origin":[8.5,9.7,10.35]},"faces":{"north":{"uv":[4,4,10.997,6.996],"texture":"#5"},"east":{"uv":[4,4,10.997,6.996],"texture":"#5"},"south":{"uv":[4,4,10.997,6.996],"texture":"#5"},"west":{"uv":[4,4,10.997,6.996],"texture":"#5"},"up":{"uv":[4,4,10.997,6.996],"texture":"#5"},"down":{"uv":[4,4,10.997,6.996],"texture":"#5"}}},{"from":[7.87,10.26,9.27],"to":[9.13,10.74,10.83],"rotation":{"angle":0,"axis":"y","origin":[8.5,10.5,10.05]},"faces":{"north":{"uv":[3,4,6.995,6.994],"texture":"#5"},"east":{"uv":[3,4,6.995,6.994],"texture":"#5"},"south":{"uv":[3,4,6.995,6.994],"texture":"#5"},"west":{"uv":[3,4,6.995,6.994],"texture":"#5"},"up":{"uv":[3,4,6.995,6.994],"texture":"#5"},"down":{"uv":[3,4,6.995,6.994],"texture":"#5"}}},{"from":[7.87,10.26,4.07],"to":[9.13,10.74,5.63],"rotation":{"angle":0,"axis":"y","origin":[8.5,10.45,4.85]},"faces":{"north":{"uv":[5,4,8.995,5.995],"texture":"#5"},"east":{"uv":[5,4,8.994,5.995],"texture":"#5"},"south":{"uv":[5,4,8.995,5.995],"texture":"#5"},"west":{"uv":[5,4,8.995,5.995],"texture":"#5"},"up":{"uv":[5,4,8.995,5.995],"texture":"#5"},"down":{"uv":[5,4,8.995,5.995],"texture":"#5"}}},{"from":[7.86,9.16,3.36],"to":[9.14,10.24,5.94],"rotation":{"angle":0,"axis":"y","origin":[8.5,9.7,4.65]},"faces":{"north":{"uv":[1,8,7.997,10.996],"texture":"#5"},"east":{"uv":[1,8,7.997,10.996],"texture":"#5"},"south":{"uv":[1,8,7.997,10.996],"texture":"#5"},"west":{"uv":[1,8,7.997,10.996],"texture":"#5"},"up":{"uv":[1,8,7.997,10.996],"texture":"#5"},"down":{"uv":[1,8,7.997,10.996],"texture":"#5"}}},{"from":[7.9,8.8,2.9],"to":[9.1,9.8,3.9],"rotation":{"angle":0,"axis":"y","origin":[8.5,9.3,3.4]},"faces":{"north":{"uv":[4,12,7.998,14.995],"texture":"#5"},"east":{"uv":[4,12,7.998,14.995],"texture":"#5"},"south":{"uv":[4,12,7.998,14.995],"texture":"#5"},"west":{"uv":[4,12,7.998,14.995],"texture":"#5"},"up":{"uv":[4,12,7.998,14.995],"texture":"#5"},"down":{"uv":[4,12,7.998,14.995],"texture":"#5"}}},{"from":[7.9,8.8,11.1],"to":[9.1,9.8,12.1],"rotation":{"angle":0,"axis":"y","origin":[8.5,9.3,11.6]},"faces":{"north":{"uv":[6,8,9.997,10.996],"texture":"#5"},"east":{"uv":[6,8,9.997,10.996],"texture":"#5"},"south":{"uv":[6,8,9.997,10.996],"texture":"#5"},"west":{"uv":[6,8,9.997,10.996],"texture":"#5"},"up":{"uv":[6,8,9.997,10.996],"texture":"#5"},"down":{"uv":[6,8,9.997,10.996],"texture":"#5"}}},{"from":[7.94,8.34,11.54],"to":[9.06,9.26,12.46],"rotation":{"angle":0,"axis":"y","origin":[8.5,8.8,12]},"faces":{"north":{"uv":[6,8,9.997,10.996],"texture":"#5"},"east":{"uv":[6,8,9.997,10.996],"texture":"#5"},"south":{"uv":[6,8,9.997,10.996],"texture":"#5"},"west":{"uv":[6,8,9.997,10.996],"texture":"#5"},"up":{"uv":[6,8,9.997,10.996],"texture":"#5"},"down":{"uv":[6,8,9.997,10.996],"texture":"#5"}}},{"from":[8,7.9,12.1],"to":[9,8.7,12.9],"rotation":{"angle":0,"axis":"y","origin":[8.5,8.3,12.5]},"faces":{"north":{"uv":[1,5,3.996,6.995],"texture":"#5"},"east":{"uv":[1,5,3.996,6.995],"texture":"#5"},"south":{"uv":[1,5,3.996,6.995],"texture":"#5"},"west":{"uv":[1,5,3.996,6.995],"texture":"#5"},"up":{"uv":[1,5,3.996,6.995],"texture":"#5"},"down":{"uv":[1,5,3.996,6.995],"texture":"#5"}}},{"from":[8.1,7.75,12.7],"to":[8.9,8.35,13.3],"rotation":{"angle":0,"axis":"y","origin":[8.5,7.8,13]},"faces":{"north":{"uv":[4,4,5.995,5.995],"texture":"#5"},"east":{"uv":[4,4,5.995,5.995],"texture":"#5"},"south":{"uv":[4,4,5.995,5.995],"texture":"#5"},"west":{"uv":[4,4,5.995,5.995],"texture":"#5"},"up":{"uv":[4,4,5.995,5.995],"texture":"#5"},"down":{"uv":[4,4,5.995,5.995],"texture":"#5"}}},{"from":[8.1,7.75,1.7],"to":[8.9,8.35,2.3],"rotation":{"angle":0,"axis":"y","origin":[8.5,7.8,2]},"faces":{"north":{"uv":[6,8,7.993,9.994],"texture":"#5"},"east":{"uv":[6,8,7.993,9.994],"texture":"#5"},"south":{"uv":[6,8,7.993,9.994],"texture":"#5"},"west":{"uv":[6,8,7.993,9.994],"texture":"#5"},"up":{"uv":[6,8,7.993,9.994],"texture":"#5"},"down":{"uv":[6,8,7.993,9.994],"texture":"#5"}}},{"from":[8,7.9,2.1],"to":[9,8.7,2.9],"rotation":{"angle":0,"axis":"y","origin":[8.5,8.3,2.5]},"faces":{"north":{"uv":[2,8,4.995,9.994],"texture":"#5"},"east":{"uv":[2,8,4.995,9.994],"texture":"#5"},"south":{"uv":[2,8,4.995,9.994],"texture":"#5"},"west":{"uv":[2,8,4.995,9.994],"texture":"#5"},"up":{"uv":[2,8,4.995,9.994],"texture":"#5"},"down":{"uv":[2,8,4.995,9.994],"texture":"#5"}}},{"from":[7.94,8.34,2.54],"to":[9.06,9.26,3.46],"rotation":{"angle":0,"axis":"y","origin":[8.5,8.8,3]},"faces":{"north":{"uv":[5,0,8.997,2.996],"texture":"#5"},"east":{"uv":[5,0,8.997,2.996],"texture":"#5"},"south":{"uv":[5,0,8.997,2.996],"texture":"#5"},"west":{"uv":[5,0,8.997,2.996],"texture":"#5"},"up":{"uv":[5,0,8.997,2.996],"texture":"#5"},"down":{"uv":[5,0,8.997,2.996],"texture":"#5"}}},{"from":[7.9,8.4,5.9],"to":[9.1,10.4,6.9],"rotation":{"angle":0,"axis":"y","origin":[8.5,9.4,6.4]},"faces":{"north":{"uv":[2,8,5.997,13.997],"texture":"#5"},"east":{"uv":[2,8,5.997,13.997],"texture":"#5"},"south":{"uv":[2,8,5.997,13.997],"texture":"#5"},"west":{"uv":[2,8,5.997,13.997],"texture":"#5"},"up":{"uv":[2,8,5.997,10.996],"texture":"#5"},"down":{"uv":[2,11,5.997,13.996],"texture":"#5"}}},{"from":[8.075,-1.925,7.075],"to":[8.925,3.925,7.925],"rotation":{"angle":0,"axis":"y","origin":[8.5,1,7.5]},"faces":{"north":{"uv":[0,0,16,16],"texture":"#2"},"east":{"uv":[0,0,16,16],"texture":"#2"},"south":{"uv":[0,0,16,16],"texture":"#2"},"west":{"uv":[0,0,16,16],"texture":"#2"},"up":{"uv":[0,0,16,16],"texture":"#2"},"down":{"uv":[0,0,16,16],"texture":"#2"}}},{"from":[7.92,-4.54,6.92],"to":[9.08,-3.88,8.08],"rotation":{"angle":0,"axis":"y","origin":[8.5,-4.21,7.5]},"faces":{"north":{"uv":[0,0,4,2],"texture":"#5"},"east":{"uv":[0,0,4,2],"texture":"#5"},"south":{"uv":[0,0,4,2],"texture":"#5"},"west":{"uv":[0,0,4,2],"texture":"#5"},"up":{"uv":[0,0,4,2],"texture":"#5"},"down":{"uv":[0,0,4,2],"texture":"#5"}}},{"from":[7.96,11.5,6.96],"to":[9.04,12.08,8.04],"rotation":{"angle":0,"axis":"y","origin":[8.5,11.79,7.5]},"faces":{"north":{"uv":[0,0,16,16],"texture":"#3"},"east":{"uv":[0,0,16,16],"texture":"#3"},"south":{"uv":[0,0,16,16],"texture":"#3"},"west":{"uv":[0,0,16,16],"texture":"#3"},"up":{"uv":[0,0,16,16],"texture":"#3"},"down":{"uv":[0,0,16,16],"texture":"#3"}}}],"display":{"thirdperson_righthand":{"translation":[-1,6.5,1.5],"scale":[1.2,1.2,1.2]},"thirdperson_lefthand":{"translation":[0.25,6.5,1.5],"scale":[1.2,1.2,1.2]},"firstperson_righthand":{"rotation":[-5,0,0],"translation":[3.5,5.5,-0.75],"scale":[1.2,1.2,1.2]},"firstperson_lefthand":{"rotation":[-5,0,0],"translation":[3.5,5.5,-0.75],"scale":[1.2,1.2,1.2]},"ground":{"translation":[0,11,0],"scale":[1.2,1.2,1.2]},"gui":{"rotation":[-45,-41,-62],"translation":[1.25,3,0]},"head":{"rotation":[-80,0,0],"translation":[-0.25,9.75,0],"scale":[1.2,-1.2,1.2]},"fixed":{"rotation":[0,90,0],"translation":[1,5.25,-0.5],"scale":[1.2,1.2,1.2]}}}