{"credit":"Made with Blockbench","textures":{"2":"iceandfire:custom/pixie_wand","3":"iceandfire:custom/pixie_wings","5":"iceandfire:custom/diamond"},"elements":[{"from":[8,-4,7],"to":[9,-1.5,8],"rotation":{"angle":0,"axis":"y","origin":[8.5,-2.75,7.5]},"faces":{"north":{"uv":[2,12,2.998,12.999],"texture":"#2"},"east":{"uv":[2,12,2.998,12.999],"texture":"#2"},"south":{"uv":[2,12,2.998,12.999],"texture":"#2"},"west":{"uv":[2,12,2.998,12.999],"texture":"#2"},"up":{"uv":[2,12,2.998,12.999],"texture":"#2"},"down":{"uv":[2,12,2.998,12.999],"texture":"#2"}}},{"from":[7.9,-4.3,6.9],"to":[9.1,-3.1,8.1],"rotation":{"angle":45,"axis":"x","origin":[8.5,-3.7,7.5]},"faces":{"north":{"uv":[2,13,2.998,13.999],"texture":"#2"},"east":{"uv":[2,13,2.998,13.999],"texture":"#2"},"south":{"uv":[2,13,2.998,13.999],"texture":"#2"},"west":{"uv":[2,13,2.998,13.999],"texture":"#2"},"up":{"uv":[2,13,2.998,13.999],"texture":"#2"},"down":{"uv":[2,13,2.998,13.999],"texture":"#2"}}},{"from":[7.5,9.5,6.5],"to":[9.5,11.5,8.5],"rotation":{"angle":0,"axis":"x","origin":[8.5,10.5,7.5]},"faces":{"north":{"uv":[1,12.999,2.996,13.998],"rotation":270,"texture":"#2"},"east":{"uv":[1,12.999,2.996,13.998],"rotation":270,"texture":"#2"},"south":{"uv":[1,12.999,2.996,13.998],"rotation":270,"texture":"#2"},"west":{"uv":[1,12.999,2.996,13.998],"rotation":270,"texture":"#2"},"up":{"uv":[1.995,12.997,2.994,13.997],"rotation":270,"texture":"#2"},"down":{"uv":[1,12.999,1.995,13.997],"rotation":270,"texture":"#2"}}},{"from":[7.125,11.5,6.125],"to":[9.875,14.5,8.875],"rotation":{"angle":0,"axis":"x","origin":[8.5,13,7.5]},"faces":{"north":{"uv":[4,4,11.999,12.999],"texture":"#5"},"east":{"uv":[4,4,11.999,12.999],"texture":"#5"},"south":{"uv":[4,4,11.999,12.999],"texture":"#5"},"west":{"uv":[4,4,11.999,12.999],"texture":"#5"},"up":{"uv":[5,4,10.999,6.998],"texture":"#5"},"down":{"uv":[4,4,11.999,12.999],"texture":"#5"}}},{"from":[7.5,14.5,6.5],"to":[9.5,15,8.5],"rotation":{"angle":0,"axis":"x","origin":[8.5,14.75,7.5]},"faces":{"north":{"uv":[5,2.998,10.999,3.998],"texture":"#5"},"east":{"uv":[5,2.998,10.999,3.998],"texture":"#5"},"south":{"uv":[5,2.998,10.999,3.998],"texture":"#5"},"west":{"uv":[5,2.998,10.999,3.998],"texture":"#5"},"up":{"uv":[6,7,9.999,12.998],"texture":"#5"},"down":{"uv":[5,2.998,10.999,3.998],"texture":"#5"}}},{"from":[8,15,7],"to":[9,15.3,8],"rotation":{"angle":0,"axis":"x","origin":[8.5,15.25,7.5]},"faces":{"north":{"uv":[6,2,9.998,2.999],"texture":"#5"},"east":{"uv":[6,2,9.998,2.999],"texture":"#5"},"south":{"uv":[6,2,9.998,2.999],"texture":"#5"},"west":{"uv":[6,2,9.998,2.999],"texture":"#5"},"up":{"uv":[6,2,9.998,2.999],"texture":"#5"},"down":{"uv":[6,2,9.998,2.999],"texture":"#5"}}},{"from":[8,3,7],"to":[9,11.5,8],"rotation":{"angle":0,"axis":"y","origin":[8.5,7.25,7.5]},"faces":{"north":{"uv":[6,8,6.997,8.999],"texture":"#2"},"east":{"uv":[6,8,6.997,8.999],"texture":"#2"},"south":{"uv":[6,8,6.997,8.999],"texture":"#2"},"west":{"uv":[6,8,6.997,8.999],"texture":"#2"},"up":{"uv":[6,8,6.997,8.999],"texture":"#2"},"down":{"uv":[6,8,6.997,8.999],"texture":"#2"}}},{"from":[8.075,-1.925,7.075],"to":[8.925,3.925,7.925],"rotation":{"angle":0,"axis":"y","origin":[8.5,1,7.5]},"faces":{"north":{"uv":[5,9,5.998,9.999],"texture":"#2"},"east":{"uv":[5,9,5.998,9.999],"texture":"#2"},"south":{"uv":[5,9,5.998,9.999],"texture":"#2"},"west":{"uv":[5,9,5.998,9.999],"texture":"#2"},"up":{"uv":[5,9,5.998,9.999],"texture":"#2"},"down":{"uv":[5,9,5.998,9.999],"texture":"#2"}}},{"from":[7,11,6],"to":[10,14,9],"rotation":{"angle":45,"axis":"x","origin":[8.5,12.5,7.5]},"faces":{"north":{"uv":[2,3,2.998,3.999],"texture":"#2"},"east":{"uv":[8.1,3.1,12.9,7.9],"texture":"#2"},"south":{"uv":[2,3,2.998,3.999],"texture":"#2"},"west":{"uv":[8.1,3.1,12.9,7.9],"rotation":270,"texture":"#2"},"up":{"uv":[2,3,2.998,3.999],"texture":"#2"},"down":{"uv":[2,3,2.998,3.999],"texture":"#2"}}},{"from":[7,11,6],"to":[10,14,9],"rotation":{"angle":-45,"axis":"z","origin":[8.5,12.5,7.5]},"faces":{"north":{"uv":[8.1,3.1,12.9,7.9],"texture":"#2"},"east":{"uv":[2,3,2.998,3.999],"texture":"#2"},"south":{"uv":[8.1,3.1,12.9,7.9],"rotation":270,"texture":"#2"},"west":{"uv":[2,3,2.998,3.999],"texture":"#2"},"up":{"uv":[2,3,2.998,3.999],"rotation":270,"texture":"#2"},"down":{"uv":[2,3,2.998,3.999],"rotation":90,"texture":"#2"}}},{"from":[8.495,7,8],"to":[8.505,11,13],"rotation":{"angle":0,"axis":"y","origin":[8.5,8.5,7.5]},"faces":{"north":{"uv":[7,7,15.998,11.999],"texture":"#3"},"east":{"uv":[15.999,7,7,11.999],"texture":"#3"},"south":{"uv":[7,7,15.998,11.999],"texture":"#3"},"west":{"uv":[7,7,15.998,11.999],"texture":"#3"},"up":{"uv":[7,7,15.998,11.999],"texture":"#3"},"down":{"uv":[7,7,15.998,11.999],"texture":"#3"}}},{"from":[8.495,7,2],"to":[8.505,11,7],"rotation":{"angle":0,"axis":"y","origin":[8.5,8.5,7.5]},"faces":{"north":{"uv":[7,7,15.998,11.999],"texture":"#3"},"east":{"uv":[7,7,15.998,11.999],"texture":"#3"},"south":{"uv":[7,7,15.998,11.999],"texture":"#3"},"west":{"uv":[15.999,7,7,11.999],"texture":"#3"},"up":{"uv":[7,7,15.998,11.999],"rotation":180,"texture":"#3"},"down":{"uv":[7,7,15.998,11.999],"rotation":180,"texture":"#3"}}}],"display":{"thirdperson_righthand":{"translation":[-1,6.5,1.5],"scale":[1.2,1.2,1.2]},"thirdperson_lefthand":{"translation":[0.25,6.5,1.5],"scale":[1.2,1.2,1.2]},"firstperson_righthand":{"rotation":[-5,0,0],"translation":[4.75,5.5,-0.75],"scale":[1.2,1.2,1.2]},"firstperson_lefthand":{"rotation":[-5,0,0],"translation":[6,5.5,-0.75],"scale":[1.2,1.2,1.2]},"ground":{"translation":[0,9.25,0],"scale":[1.2,1.2,1.2]},"gui":{"rotation":[-45,-41,-62],"translation":[1.25,3,0]},"head":{"translation":[-0.25,9.75,0],"scale":[1.2,1.2,1.2]},"fixed":{"rotation":[0,90,0],"translation":[1,5.25,-0.5],"scale":[1.2,1.2,1.2]}}}